# Blender 3.3.21
# www.blender.org
mtllib shoulder.mtl
o base-mesh_001
v 0.058029 0.068757 -0.127927
v -0.015370 0.088653 -0.127927
v 0.069090 0.057638 -0.127927
v 0.000257 0.089993 -0.127927
v 0.000257 0.089993 -0.127927
v -0.068741 0.058035 -0.127927
v 0.015876 0.088559 -0.127927
v -0.057642 0.069087 -0.127927
v -0.044772 0.078066 -0.127927
v 0.084636 0.030518 -0.127927
v -0.000266 -0.089888 -0.127927
v -0.000266 -0.089888 -0.127927
v -0.068836 -0.057445 -0.127927
v -0.078052 -0.044798 -0.127927
v -0.084632 -0.030530 -0.127927
v 0.089993 -0.000273 -0.127927
v 0.089993 -0.000273 -0.127927
v -0.077815 0.045207 -0.127927
v -0.088651 -0.015381 -0.127927
v 0.088555 -0.015875 -0.127927
v -0.089981 0.000235 -0.127927
v -0.089981 0.000235 -0.127927
v 0.084450 -0.031048 -0.127927
v 0.068774 -0.058008 -0.127927
v 0.057618 -0.069097 -0.127927
v 0.044783 -0.078057 -0.127927
v 0.030522 -0.084635 -0.127927
v -0.015858 -0.088562 -0.127927
v -0.031031 -0.084455 -0.127927
v -0.045190 -0.077798 -0.127927
v 0.088652 0.015376 -0.127927
v 0.031015 0.084461 -0.127927
v -0.088555 0.015898 -0.127927
v 0.045218 0.077807 -0.127927
v -0.084162 0.030903 -0.127927
v 0.078068 0.044768 -0.127927
v 0.015370 -0.088653 -0.127927
v -0.058050 -0.068739 -0.127927
v 0.077452 -0.045024 -0.127927
v -0.030531 0.084632 -0.127927
v 0.045218 0.077807 -0.127123
v -0.084180 0.030891 -0.127123
v 0.078072 0.044761 -0.127123
v 0.015371 -0.088654 -0.127123
v -0.058049 -0.068741 -0.127123
v 0.077462 -0.045039 -0.127123
v -0.030531 0.084632 -0.127123
v 0.058030 0.068757 -0.127123
v -0.015370 0.088654 -0.127123
v 0.069091 0.057638 -0.127123
v 0.000257 0.089993 -0.127123
v 0.000257 0.089993 -0.127123
v -0.068742 0.058036 -0.127123
v 0.015876 0.088559 -0.127123
v -0.057642 0.069087 -0.127123
v -0.044772 0.078066 -0.127123
v 0.084642 0.030502 -0.127123
v -0.000266 -0.089892 -0.127123
v -0.000266 -0.089892 -0.127123
v -0.068844 -0.057457 -0.127123
v -0.078048 -0.044803 -0.127123
v -0.084629 -0.030540 -0.127123
v 0.089992 -0.000291 -0.127123
v 0.089992 -0.000291 -0.127123
v -0.077804 0.045225 -0.127123
v -0.088649 -0.015395 -0.127123
v 0.088553 -0.015889 -0.127123
v -0.089982 0.000218 -0.127123
v -0.089982 0.000218 -0.127123
v 0.084447 -0.031058 -0.127123
v 0.068772 -0.058012 -0.127123
v 0.057617 -0.069099 -0.127123
v 0.044783 -0.078057 -0.127123
v 0.030522 -0.084635 -0.127123
v -0.015859 -0.088562 -0.127123
v -0.031033 -0.084456 -0.127123
v -0.045190 -0.077798 -0.127123
v 0.088651 0.015384 -0.127123
v 0.031015 0.084462 -0.127123
v -0.088554 0.015902 -0.127123
v -0.000234 0.134000 -0.089949
v 0.017704 0.134000 -0.088242
v 0.034856 0.134000 -0.082966
v 0.050517 0.134000 -0.074472
v 0.050517 0.134000 -0.074472
v 0.064097 0.134000 -0.063179
v 0.075153 0.134000 -0.049516
v 0.083253 0.134000 -0.034133
v 0.088247 0.134000 -0.017578
v 0.089992 0.134000 -0.000312
v 0.083471 0.133998 0.033562
v 0.075409 0.134000 0.049099
v 0.064326 0.134000 0.062894
v 0.064326 0.134000 0.062894
v 0.050679 0.134000 0.074316
v 0.034934 0.134000 0.082889
v -0.000231 0.134000 0.089972
v -0.018141 0.134000 0.088117
v -0.035229 0.133999 0.082767
v -0.050801 0.134000 0.074233
v -0.050801 0.134000 0.074233
v -0.064283 0.133999 0.062939
v -0.083296 0.134000 0.033984
v -0.088251 0.133998 0.017518
v -0.089991 0.134000 0.000326
v -0.088394 0.134000 -0.016790
v -0.075545 0.134000 -0.048935
v -0.064581 0.134000 -0.062670
v -0.064581 0.134000 -0.062670
v -0.051027 0.134000 -0.074121
v -0.035356 0.134000 -0.082759
v -0.018181 0.134000 -0.088148
v 0.088365 0.133998 0.016897
v 0.017716 0.134000 0.088173
v -0.075269 0.133999 0.049302
v -0.083564 0.133998 -0.033382
v -0.000006 0.106200 -0.090022
v 0.017932 0.106200 -0.088217
v 0.035076 0.106200 -0.082905
v 0.050718 0.106200 -0.074367
v 0.050718 0.106200 -0.074367
v 0.064249 0.106200 -0.063035
v 0.075213 0.106200 -0.049403
v 0.083290 0.106200 -0.034048
v 0.088262 0.106200 -0.017511
v 0.089976 0.106200 -0.000352
v 0.083501 0.106200 0.033541
v 0.075440 0.106200 0.049028
v 0.064438 0.106200 0.062787
v 0.064438 0.106200 0.062787
v 0.050834 0.106200 0.074228
v 0.035123 0.106200 0.082830
v -0.000024 0.106200 0.089966
v -0.017944 0.106200 0.088158
v -0.035071 0.106200 0.082855
v -0.050679 0.106200 0.074349
v -0.050679 0.106200 0.074349
v -0.064217 0.106200 0.063019
v -0.083282 0.106200 0.034051
v -0.088247 0.106200 0.017526
v -0.089988 0.106200 0.000392
v -0.088405 0.106200 -0.016794
v -0.075485 0.106200 -0.049014
v -0.064486 0.106200 -0.062782
v -0.064486 0.106200 -0.062782
v -0.050882 0.106200 -0.074231
v -0.035167 0.106200 -0.082842
v -0.017965 0.106200 -0.088188
v 0.088390 0.106200 0.016834
v 0.017925 0.106200 0.088164
v -0.075194 0.106200 0.049395
v -0.083540 0.106200 -0.033499
vn 0.7675 0.6411 -0.0008
vn 0.8679 0.4967 -0.0000
vn 0.8673 0.4977 -0.0000
vn 0.7674 0.6411 -0.0008
vn 0.4976 -0.8674 -0.0000
vn 0.3389 -0.9408 0.0001
vn -0.4974 0.8675 0.0002
vn -0.6413 0.7673 -0.0007
vn -0.6413 0.7673 -0.0006
vn 0.6412 -0.7674 -0.0010
vn 0.6410 -0.7676 -0.0011
vn -0.7638 0.6454 -0.0014
vn -0.7638 0.6454 -0.0013
vn 0.7722 -0.6354 -0.0009
vn 0.7718 -0.6359 -0.0012
vn -0.9826 0.1859 -0.0005
vn -0.9824 0.1866 -0.0002
vn -0.9390 0.3436 -0.0165
vn -0.9383 0.3453 -0.0164
vn 0.8643 -0.5027 -0.0193
vn 0.8639 -0.5033 -0.0194
vn -0.9959 0.0906 0.0012
vn 0.9843 -0.1762 -0.0003
vn 0.9840 -0.1781 -0.0004
vn 0.9343 -0.3566 -0.0011
vn 0.9348 -0.3551 -0.0013
vn -0.9854 -0.1704 -0.0007
vn -0.9850 -0.1724 -0.0006
vn -0.9964 -0.0849 -0.0026
vn -0.9964 -0.0849 -0.0027
vn 0.9958 -0.0919 -0.0013
vn 0.9958 -0.0919 -0.0014
vn -0.9410 -0.3383 0.0001
vn -0.9406 -0.3397 0.0001
vn -0.8687 0.4954 0.0010
vn -0.8703 0.4925 0.0014
vn 0.9853 0.1709 -0.0006
vn 0.9851 0.1720 -0.0007
vn 0.9963 0.0854 0.0024
vn 0.9963 0.0854 0.0025
vn -0.8626 -0.5059 0.0001
vn -0.8620 -0.5069 -0.0001
vn -0.7677 -0.6406 -0.0169
vn -0.7674 -0.6410 -0.0169
vn 0.9405 0.3398 0.0001
vn 0.9413 0.3376 -0.0000
vn -0.6524 -0.7579 -0.0018
vn -0.6522 -0.7580 -0.0015
vn 0.1682 -0.9857 -0.0011
vn 0.1684 -0.9857 -0.0010
vn 0.0787 -0.9969 -0.0052
vn 0.0787 -0.9969 -0.0054
vn -0.5026 -0.8645 -0.0003
vn -0.3447 -0.9387 -0.0013
vn -0.3448 -0.9387 -0.0013
vn -0.1736 -0.9848 -0.0002
vn -0.1737 -0.9848 -0.0002
vn 0.6453 0.7639 -0.0015
vn 0.6454 0.7639 -0.0015
vn -0.0850 -0.9964 -0.0053
vn -0.0850 -0.9964 -0.0054
vn 0.5026 0.8645 0.0008
vn -0.0854 0.9963 -0.0000
vn -0.1716 0.9852 -0.0010
vn -0.3388 0.9409 0.0001
vn -0.3388 0.9409 -0.0000
vn 0.1770 0.9842 -0.0002
vn 0.0914 0.9958 -0.0000
vn 0.3440 0.9390 -0.0012
vn 0.3441 0.9389 -0.0012
vn -0.0021 0.0015 -1.0000
vn 0.1952 0.0003 -0.9808
vn 0.1986 0.0019 -0.9801
vn 0.0001 0.0023 -1.0000
vn 0.9278 0.0005 0.3732
vn 0.8378 -0.0000 0.5459
vn 0.8382 -0.0002 0.5454
vn 0.9278 0.0005 0.3731
vn -0.0016 0.0003 1.0000
vn -0.2018 0.0007 0.9794
vn -0.1991 -0.0005 0.9800
vn 0.0002 -0.0002 1.0000
vn -0.9260 0.0004 0.3776
vn -0.9807 -0.0000 0.1954
vn -0.9256 -0.0001 0.3785
vn 0.6425 0.0006 0.7663
vn 0.5628 0.0010 0.8266
vn 0.5647 -0.0000 0.8253
vn 0.6436 -0.0004 0.7653
vn -0.2015 0.0002 -0.9795
vn -0.2002 0.0004 -0.9798
vn -0.8391 0.0002 -0.5440
vn -0.7815 -0.0002 -0.6239
vn -0.7814 -0.0000 -0.6241
vn -0.8383 -0.0002 -0.5453
vn 0.3878 0.0013 0.9217
vn 0.3902 0.0002 0.9207
vn 0.3873 0.0005 -0.9220
vn 0.3896 0.0015 -0.9210
vn -0.6448 0.0001 -0.7643
vn -0.5668 -0.0002 -0.8239
vn -0.5649 0.0007 -0.8251
vn -0.6439 0.0009 -0.7651
vn 0.1971 0.0012 0.9804
vn 0.1990 0.0006 0.9800
vn 0.4768 0.0001 -0.8790
vn 0.4783 0.0012 -0.8782
vn -0.3930 -0.0005 -0.9195
vn -0.3906 0.0006 -0.9206
vn 0.6403 0.0003 -0.7681
vn 0.7119 -0.0004 -0.7023
vn 0.7140 0.0010 -0.7002
vn 0.6420 0.0017 -0.7667
vn -0.3916 0.0012 0.9201
vn -0.3892 0.0001 0.9211
vn 0.8350 -0.0005 -0.5503
vn 0.8359 0.0002 -0.5489
vn -0.4806 0.0015 0.8769
vn -0.4793 0.0006 0.8776
vn -0.9283 0.0002 -0.3717
vn -0.9289 0.0008 -0.3704
vn -0.6420 0.0006 0.7667
vn -0.7140 0.0003 0.7002
vn -0.7136 0.0002 0.7006
vn -0.6418 0.0004 0.7669
vn -0.8361 -0.0000 0.5485
vn -0.8354 -0.0005 0.5496
vn 0.9253 -0.0001 -0.3792
vn 0.9807 -0.0002 -0.1955
vn 0.9809 0.0002 -0.1946
vn 0.9257 0.0002 -0.3784
vn 1.0000 -0.0001 -0.0035
vn 1.0000 -0.0003 -0.0041
vn -1.0000 0.0001 0.0040
vn -1.0000 -0.0002 0.0048
vn -0.9823 0.0004 -0.1871
vn -0.9824 0.0002 -0.1867
vn 0.9820 0.0006 0.1888
vn 0.9823 -0.0000 0.1875
vn 0.7796 0.0007 0.6263
vn 0.7805 -0.0002 0.6252
vt 0.992980 0.055667
vt 0.080057 0.854103
vt 0.992980 0.043691
vt 0.080046 0.863289
vt 0.992985 0.098268
vt 0.080075 0.808718
vt 0.992983 0.089082
vt 0.080075 0.820677
vt 0.080072 0.832480
vt 0.992982 0.020638
vt 0.474915 0.965671
vt 0.533637 0.612356
vt 0.474885 0.911194
vt 0.474888 0.899385
vt 0.474894 0.888115
vt 0.533637 0.709472
vt 0.992985 0.001082
vt 0.080072 0.796899
vt 0.474903 0.877748
vt 0.533622 0.700292
vt 0.080046 0.766107
vt 0.474915 0.868575
vt 0.533611 0.689900
vt 0.533599 0.666896
vt 0.533599 0.654886
vt 0.533603 0.643113
vt 0.533611 0.631851
vt 0.474903 0.956561
vt 0.474894 0.946170
vt 0.474888 0.934944
vt 0.992983 0.010277
vt 0.992982 0.078713
vt 0.080058 0.775309
vt 0.992981 0.067464
vt 0.080066 0.785764
vt 0.992981 0.031889
vt 0.533622 0.621485
vt 0.474884 0.923116
vt 0.533604 0.678586
vt 0.080066 0.843728
vt 0.992366 0.067464
vt 0.080680 0.785747
vt 0.992366 0.031883
vt 0.533008 0.621485
vt 0.474270 0.923117
vt 0.532989 0.678584
vt 0.080680 0.843728
vt 0.992366 0.055667
vt 0.080672 0.854104
vt 0.992366 0.043691
vt 0.080660 0.863289
vt 0.992371 0.098268
vt 0.080689 0.808718
vt 0.992369 0.089082
vt 0.080689 0.820677
vt 0.080686 0.832480
vt 0.992368 0.020626
vt 0.474301 0.965674
vt 0.533022 0.612353
vt 0.474270 0.911197
vt 0.474273 0.899390
vt 0.474280 0.888123
vt 0.533022 0.709462
vt 0.992371 0.001073
vt 0.080686 0.796915
vt 0.474289 0.877757
vt 0.533008 0.700284
vt 0.080660 0.766097
vt 0.474301 0.868584
vt 0.532997 0.689893
vt 0.532985 0.666893
vt 0.532985 0.654885
vt 0.532989 0.643113
vt 0.532997 0.631851
vt 0.474289 0.956561
vt 0.474280 0.946170
vt 0.474273 0.934944
vt 0.992369 0.010282
vt 0.992367 0.078714
vt 0.080672 0.775312
vt 0.564304 0.918304
vt 0.564305 0.931796
vt 0.564307 0.944412
vt 0.564310 0.955644
vt 0.945527 0.263560
vt 0.945527 0.273172
vt 0.945527 0.284393
vt 0.945526 0.296696
vt 0.945526 0.309653
vt 0.945526 0.322904
vt 0.945526 0.348144
vt 0.945527 0.359336
vt 0.945527 0.368974
vt 0.956699 0.578617
vt 0.956698 0.589844
vt 0.956696 0.602451
vt 0.956696 0.629704
vt 0.956696 0.643173
vt 0.956697 0.655755
vt 0.954618 0.682755
vt 0.956699 0.666947
vt 0.954616 0.692363
vt 0.954617 0.715812
vt 0.954615 0.728699
vt 0.954616 0.741894
vt 0.954617 0.754775
vt 0.954617 0.778216
vt 0.564310 0.867300
vt 0.954618 0.787815
vt 0.564307 0.878488
vt 0.564305 0.891065
vt 0.564304 0.904531
vt 0.945525 0.335855
vt 0.956696 0.615931
vt 0.954616 0.703562
vt 0.954615 0.767012
vt 0.543077 0.918482
vt 0.543078 0.931966
vt 0.543080 0.944574
vt 0.543084 0.955789
vt 0.924301 0.263655
vt 0.924300 0.273292
vt 0.924300 0.284483
vt 0.924300 0.296763
vt 0.924300 0.309705
vt 0.924300 0.322872
vt 0.924300 0.348130
vt 0.924300 0.359284
vt 0.924301 0.368901
vt 0.935473 0.578524
vt 0.935471 0.589720
vt 0.935470 0.602304
vt 0.935469 0.629546
vt 0.935470 0.643027
vt 0.935471 0.655642
vt 0.933391 0.682657
vt 0.935473 0.666863
vt 0.933390 0.692298
vt 0.933390 0.715760
vt 0.933390 0.728693
vt 0.933390 0.741843
vt 0.933390 0.754779
vt 0.933390 0.778272
vt 0.543083 0.867381
vt 0.933391 0.787892
vt 0.543080 0.878608
vt 0.543078 0.891215
vt 0.543077 0.904699
vt 0.924300 0.335809
vt 0.935469 0.615771
vt 0.933390 0.703486
vt 0.933390 0.767099
s 1
usemtl UR20_DIFF_8bit_2K_png
f 50/50/1 43/43/2 36/36/3
f 50/50/1 36/36/3 3/3/4
f 26/26/5 73/73/5 74/74/6
f 26/26/5 74/74/6 27/27/6
f 9/9/7 8/8/8 55/55/9
f 9/9/7 55/55/9 56/56/7
f 25/25/10 72/72/11 73/73/5
f 25/25/10 73/73/5 26/26/5
f 8/8/8 6/6/12 53/53/13
f 8/8/8 53/53/13 55/55/9
f 24/24/14 71/71/15 72/72/11
f 24/24/14 72/72/11 25/25/10
f 33/33/16 80/80/17 42/42/18
f 33/33/16 42/42/18 35/35/19
f 39/39/20 46/46/21 71/71/15
f 39/39/20 71/71/15 24/24/14
f 21/21/22 68/68/22 80/80/17
f 21/21/22 80/80/17 33/33/16
f 20/20/23 67/67/24 70/70/25
f 20/20/23 70/70/25 23/23/26
f 19/19/27 66/66/28 69/69/29
f 19/19/27 69/69/29 22/22/30
f 16/16/31 63/63/32 67/67/24
f 16/16/31 67/67/24 20/20/23
f 15/15/33 62/62/34 66/66/28
f 15/15/33 66/66/28 19/19/27
f 35/35/19 42/42/18 65/65/35
f 35/35/19 65/65/35 18/18/36
f 31/31/37 78/78/38 64/64/39
f 31/31/37 64/64/39 17/17/40
f 14/14/41 61/61/42 62/62/34
f 14/14/41 62/62/34 15/15/33
f 13/13/43 60/60/44 61/61/42
f 13/13/43 61/61/42 14/14/41
f 10/10/45 57/57/46 78/78/38
f 10/10/45 78/78/38 31/31/37
f 38/38/47 45/45/48 60/60/44
f 38/38/47 60/60/44 13/13/43
f 37/37/49 44/44/50 59/59/51
f 37/37/49 59/59/51 12/12/52
f 36/36/3 43/43/2 57/57/46
f 36/36/3 57/57/46 10/10/45
f 30/30/53 77/77/53 45/45/48
f 30/30/53 45/45/48 38/38/47
f 23/23/26 70/70/25 46/46/21
f 23/23/26 46/46/21 39/39/20
f 29/29/54 76/76/55 77/77/53
f 29/29/54 77/77/53 30/30/53
f 28/28/56 75/75/57 76/76/55
f 28/28/56 76/76/55 29/29/54
f 3/3/4 1/1/58 48/48/59
f 3/3/4 48/48/59 50/50/1
f 11/11/60 58/58/61 75/75/57
f 11/11/60 75/75/57 28/28/56
f 1/1/58 34/34/62 41/41/62
f 1/1/58 41/41/62 48/48/59
f 18/18/36 65/65/35 53/53/13
f 18/18/36 53/53/13 6/6/12
f 4/4/63 2/2/64 49/49/64
f 4/4/63 49/49/64 51/51/63
f 2/2/64 40/40/65 47/47/66
f 2/2/64 47/47/66 49/49/64
f 7/7/67 5/5/68 52/52/68
f 7/7/67 52/52/68 54/54/67
f 32/32/69 7/7/67 54/54/67
f 32/32/69 54/54/67 79/79/70
f 34/34/62 32/32/69 79/79/70
f 34/34/62 79/79/70 41/41/62
f 40/40/65 9/9/7 56/56/7
f 40/40/65 56/56/7 47/47/66
f 27/27/6 74/74/6 44/44/50
f 27/27/6 44/44/50 37/37/49
f 81/81/71 82/82/72 118/118/73
f 81/81/71 118/118/73 117/117/74
f 91/91/75 92/92/76 128/128/77
f 91/91/75 128/128/77 127/127/78
f 97/97/79 98/98/80 134/134/81
f 97/97/79 134/134/81 133/133/82
f 103/103/83 104/104/84 140/140/84
f 103/103/83 140/140/84 139/139/85
f 94/94/86 95/95/87 131/131/88
f 94/94/86 131/131/88 130/130/89
f 112/112/90 81/81/71 117/117/74
f 112/112/90 117/117/74 148/148/91
f 107/107/92 109/109/93 145/145/94
f 107/107/92 145/145/94 143/143/95
f 95/95/87 96/96/96 132/132/97
f 95/95/87 132/132/97 131/131/88
f 82/82/72 83/83/98 119/119/99
f 82/82/72 119/119/99 118/118/73
f 108/108/100 110/110/101 146/146/102
f 108/108/100 146/146/102 144/144/103
f 96/96/96 114/114/104 150/150/105
f 96/96/96 150/150/105 132/132/97
f 83/83/98 84/84/106 120/120/107
f 83/83/98 120/120/107 119/119/99
f 110/110/101 111/111/108 147/147/109
f 110/110/101 147/147/109 146/146/102
f 114/114/104 97/97/79 133/133/82
f 114/114/104 133/133/82 150/150/105
f 85/85/110 86/86/111 122/122/112
f 85/85/110 122/122/112 121/121/113
f 111/111/108 112/112/90 148/148/91
f 111/111/108 148/148/91 147/147/109
f 98/98/80 99/99/114 135/135/115
f 98/98/80 135/135/115 134/134/81
f 86/86/111 87/87/116 123/123/117
f 86/86/111 123/123/117 122/122/112
f 99/99/114 101/101/118 137/137/119
f 99/99/114 137/137/119 135/135/115
f 107/107/92 143/143/95 152/152/120
f 107/107/92 152/152/120 116/116/121
f 100/100/122 102/102/123 138/138/124
f 100/100/122 138/138/124 136/136/125
f 102/102/123 115/115/126 151/151/127
f 102/102/123 151/151/127 138/138/124
f 88/88/128 89/89/129 125/125/130
f 88/88/128 125/125/130 124/124/131
f 115/115/126 103/103/83 139/139/85
f 115/115/126 139/139/85 151/151/127
f 89/89/129 90/90/132 126/126/133
f 89/89/129 126/126/133 125/125/130
f 104/104/84 105/105/134 141/141/135
f 104/104/84 141/141/135 140/140/84
f 105/105/134 106/106/136 142/142/137
f 105/105/134 142/142/137 141/141/135
f 113/113/138 91/91/75 127/127/78
f 113/113/138 127/127/78 149/149/139
f 106/106/136 116/116/121 152/152/120
f 106/106/136 152/152/120 142/142/137
f 92/92/76 93/93/140 129/129/141
f 92/92/76 129/129/141 128/128/77
f 87/87/116 88/88/128 124/124/131
f 87/87/116 124/124/131 123/123/117
f 90/90/132 113/113/138 149/149/139
f 90/90/132 149/149/139 126/126/133
o base-mesh_003
v -0.076731 0.017573 0.076225
v -0.062763 -0.056995 0.046098
v 0.014029 -0.083362 0.035440
v 0.077170 -0.034743 0.055076
v -0.014019 0.066329 0.095919
v -0.027848 0.062939 0.094548
v -0.040828 0.057377 0.092301
v -0.052580 0.049818 0.089247
v -0.062687 0.040463 0.085467
v -0.071062 0.029704 0.081116
v -0.080898 0.004909 0.071097
v -0.082054 -0.008298 0.065764
v -0.080865 -0.021492 0.060433
v -0.077186 -0.034287 0.055265
v -0.071295 -0.046361 0.050383
v -0.053014 -0.066644 0.042190
v -0.041215 -0.074178 0.039150
v -0.028294 -0.079808 0.036875
v -0.014481 -0.083342 0.035446
v -0.000246 -0.084382 0.035030
v 0.027850 -0.079998 0.036797
v 0.040836 -0.074401 0.039059
v 0.052550 -0.066832 0.042118
v 0.062825 -0.057585 0.045849
v 0.070621 -0.046511 0.050336
v 0.080756 -0.021913 0.060264
v 0.082077 -0.008733 0.065588
v 0.080866 0.004462 0.070920
v 0.077202 0.017262 0.076092
v 0.071193 0.029278 0.080946
v 0.063020 0.040146 0.085338
v 0.052933 0.049534 0.089133
v 0.041238 0.057160 0.092213
v 0.028290 0.062790 0.094488
v 0.014482 0.066253 0.095888
v 0.000235 0.067445 0.096369
v -0.015397 0.088805 -0.098596
v 0.000261 0.090117 -0.099680
v 0.015902 0.088711 -0.098597
v 0.000255 0.077067 0.092956
v 0.077682 0.035280 0.076050
v 0.077682 0.035280 0.076050
v 0.089553 -0.006176 0.059260
v 0.089553 -0.006176 0.059260
v 0.088179 -0.020551 0.053413
v 0.068587 -0.059420 0.037577
v 0.068587 -0.059420 0.037577
v 0.068587 -0.059420 0.037577
v 0.057475 -0.069683 0.033467
v 0.057475 -0.069683 0.033467
v 0.030472 -0.084090 0.027619
v -0.015836 -0.087738 0.026137
v -0.077787 -0.047190 0.042509
v -0.077787 -0.047190 0.042509
v -0.088262 -0.020086 0.053576
v -0.089551 -0.005715 0.059447
v -0.057401 0.057701 0.085159
v -0.057401 0.057701 0.085159
v -0.057401 0.057701 0.085159
v -0.044577 0.065970 0.088505
v -0.044577 0.065970 0.088505
v -0.030426 0.072087 0.090957
v -0.015319 0.075829 0.092449
v 0.084124 -0.034523 0.047700
v -0.068826 -0.059104 0.037895
v -0.084002 0.022576 0.071006
v -0.084002 0.022576 0.071006
v -0.054064 -0.067663 0.041492
v -0.054064 -0.067663 0.041492
v -0.042058 -0.075455 0.038421
v -0.042058 -0.075455 0.038421
v 0.072166 -0.047324 0.049962
v 0.072166 -0.047324 0.049962
v 0.072166 -0.047324 0.049962
v 0.078597 -0.035132 0.054585
v 0.078597 -0.035132 0.054585
v 0.072568 0.030085 0.081049
v 0.072568 0.030085 0.081049
v 0.072568 0.030085 0.081049
v 0.064250 0.041166 0.085550
v 0.064250 0.041166 0.085550
v 0.053983 0.050737 0.089442
v 0.053983 0.050737 0.089442
v 0.042055 0.058512 0.092590
v 0.042055 0.058512 0.092590
v 0.028851 0.064256 0.094920
v 0.028851 0.064256 0.094920
v 0.014769 0.067791 0.096361
v 0.014769 0.067791 0.096361
v 0.000237 0.069011 0.096868
v 0.000237 0.069011 0.096868
v -0.028883 -0.081198 0.036098
v -0.028883 -0.081198 0.036098
v -0.014297 0.067871 0.096397
v -0.014297 0.067871 0.096397
v -0.014767 -0.084769 0.034624
v -0.014767 -0.084769 0.034624
v -0.028400 0.064408 0.094983
v -0.028400 0.064408 0.094983
v -0.072389 0.030497 0.081154
v -0.072389 0.030497 0.081154
v -0.072389 0.030497 0.081154
v -0.078382 0.018156 0.076391
v -0.078382 0.018156 0.076391
v -0.000246 -0.085960 0.034243
v -0.000246 -0.085960 0.034243
v -0.041636 0.058734 0.092679
v -0.041636 0.058734 0.092679
v -0.082393 0.005278 0.070937
v -0.082393 0.005278 0.070937
v -0.083660 -0.008223 0.065558
v -0.083660 -0.008223 0.065558
v 0.014310 -0.084835 0.034632
v 0.014310 -0.084835 0.034632
v 0.028418 -0.081367 0.036008
v 0.028418 -0.081367 0.036008
v -0.053618 0.051021 0.089548
v -0.053618 0.051021 0.089548
v -0.063925 0.041500 0.085711
v -0.063925 0.041500 0.085711
v 0.041675 -0.075663 0.038323
v 0.041675 -0.075663 0.038323
v 0.053620 -0.067949 0.041449
v 0.053620 -0.067949 0.041449
v 0.053620 -0.067949 0.041449
v 0.082342 -0.022081 0.059952
v 0.082342 -0.022081 0.059952
v 0.083670 -0.008648 0.065373
v 0.083670 -0.008648 0.065373
v 0.064041 -0.058404 0.045210
v 0.064041 -0.058404 0.045210
v -0.082441 -0.021652 0.060113
v -0.082441 -0.021652 0.060113
v -0.078705 -0.034696 0.054847
v -0.078705 -0.034696 0.054847
v -0.078705 -0.034696 0.054847
v 0.082430 0.004794 0.070809
v 0.082430 0.004794 0.070809
v -0.072632 -0.046980 0.049815
v -0.072632 -0.046980 0.049815
v -0.064161 -0.058045 0.045600
v -0.064161 -0.058045 0.045600
v 0.078690 0.017839 0.076086
v 0.078690 0.017839 0.076086
v 0.073602 0.031135 0.080037
v 0.073602 0.031135 0.080037
v -0.042673 -0.075929 0.036783
v 0.065169 0.042375 0.084611
v -0.029305 -0.081755 0.034425
v -0.014499 0.069448 0.095604
v 0.054740 0.052075 0.088545
v -0.014982 -0.085365 0.032924
v -0.028805 0.065945 0.094183
v 0.042657 0.059967 0.091757
v -0.042232 0.060191 0.091847
v 0.029263 0.065790 0.094119
v 0.028833 -0.081926 0.034333
v -0.054373 0.052364 0.088658
v 0.014979 0.069368 0.095569
v 0.000241 0.070612 0.096090
v 0.042284 -0.076140 0.036684
v -0.064843 0.042706 0.084771
v 0.054392 -0.068299 0.039850
v 0.054392 -0.068299 0.039850
v 0.064979 -0.058616 0.043678
v 0.073247 -0.047395 0.048476
v 0.073247 -0.047395 0.048476
v -0.083581 0.005977 0.069786
v 0.079734 -0.035013 0.053187
v -0.084848 -0.007708 0.064316
v 0.083535 -0.021776 0.058638
v -0.083630 -0.021349 0.058800
v -0.073420 0.031554 0.080144
v -0.073420 0.031554 0.080144
v -0.079506 0.019039 0.075316
v 0.084859 -0.008149 0.064125
v -0.079843 -0.034571 0.053454
v -0.079843 -0.034571 0.053454
v -0.073680 -0.047029 0.048343
v 0.083615 0.005493 0.069661
v 0.079818 0.018717 0.075006
v -0.065095 -0.058262 0.044070
v -0.054841 -0.068003 0.039891
v -0.000250 -0.086583 0.032539
v 0.014518 -0.085430 0.032932
v 0.076987 0.034564 0.076754
v 0.076987 0.034564 0.076754
v -0.044663 -0.077450 0.031434
v 0.068159 0.046311 0.081543
v -0.030674 -0.083546 0.028961
v -0.015162 0.074607 0.093041
v 0.057252 0.056456 0.085659
v -0.015685 -0.087346 0.027392
v -0.030124 0.070942 0.091553
v 0.044600 0.064701 0.089016
v -0.044156 0.064931 0.089110
v 0.030598 0.070779 0.091486
v 0.030182 -0.083728 0.028866
v -0.056865 0.056758 0.085775
v 0.015665 0.074530 0.093015
v 0.044257 -0.077668 0.031330
v -0.067809 0.046662 0.081704
v 0.056934 -0.069467 0.034651
v 0.056934 -0.069467 0.034651
v 0.068000 -0.059326 0.038658
v 0.068000 -0.059326 0.038658
v -0.087430 0.008256 0.066017
v 0.083436 -0.034628 0.048632
v -0.088775 -0.006056 0.060288
v 0.087401 -0.020772 0.054340
v -0.087495 -0.020317 0.054503
v -0.076803 0.034995 0.076871
v -0.076803 0.034995 0.076871
v 0.088788 -0.006517 0.060087
v -0.083555 -0.034163 0.048912
v -0.083555 -0.034163 0.048912
v -0.077112 -0.047201 0.043555
v 0.087463 0.007749 0.065875
v -0.068131 -0.058958 0.039076
v -0.000263 -0.088605 0.026984
v 0.000252 0.075820 0.093549
v 0.076662 -0.047591 0.043697
v 0.076662 -0.047591 0.043697
v -0.083168 0.021916 0.071814
v 0.083497 0.021578 0.071486
v -0.057407 -0.069162 0.034694
v 0.015198 -0.087400 0.027396
v 0.084230 0.022161 0.070776
v 0.084230 0.022161 0.070776
v 0.015347 -0.087811 0.026130
v -0.000264 -0.089026 0.025687
v -0.057919 -0.069355 0.033557
v 0.088245 0.008232 0.065053
v 0.088245 0.008232 0.065053
v -0.084295 -0.034048 0.047919
v -0.084295 -0.034048 0.047919
v -0.077458 0.035685 0.076196
v -0.077458 0.035685 0.076196
v -0.077458 0.035685 0.076196
v -0.088135 0.008703 0.065263
v -0.088135 0.008703 0.065263
v 0.077445 -0.047625 0.042577
v 0.077445 -0.047625 0.042577
v -0.068440 0.047504 0.081045
v -0.068440 0.047504 0.081045
v 0.044681 -0.077971 0.030115
v 0.015828 0.075745 0.092431
v 0.030911 0.071948 0.090873
v 0.045035 0.065759 0.088408
v 0.045035 0.065759 0.088408
v 0.057785 0.057394 0.085051
v 0.057785 0.057394 0.085051
v -0.030973 -0.083916 0.027713
v 0.068784 0.047139 0.080890
v 0.068784 0.047139 0.080890
v -0.045095 -0.077752 0.030216
v -0.000234 0.134000 -0.089949
v -0.000234 0.134000 -0.089949
v -0.000234 0.134000 -0.089949
v -0.000234 0.134000 -0.089949
v 0.017704 0.134000 -0.088242
v 0.034856 0.134000 -0.082966
v 0.034856 0.134000 -0.082966
v 0.050517 0.134000 -0.074472
v 0.050517 0.134000 -0.074472
v 0.064097 0.134000 -0.063179
v 0.064097 0.134000 -0.063179
v 0.075153 0.134000 -0.049516
v 0.083253 0.134000 -0.034133
v 0.083253 0.134000 -0.034133
v 0.083253 0.134000 -0.034133
v 0.088247 0.134000 -0.017578
v 0.089992 0.134000 -0.000312
v 0.083471 0.133998 0.033562
v 0.083471 0.133998 0.033562
v 0.083471 0.133998 0.033562
v 0.075409 0.134000 0.049099
v 0.064326 0.134000 0.062894
v 0.064326 0.134000 0.062894
v 0.050679 0.134000 0.074316
v 0.050679 0.134000 0.074316
v 0.050679 0.134000 0.074316
v 0.034934 0.134000 0.082889
v -0.000231 0.134000 0.089972
v -0.018141 0.134000 0.088117
v -0.018141 0.134000 0.088117
v -0.035229 0.133999 0.082767
v -0.035229 0.133999 0.082767
v -0.050801 0.134000 0.074233
v -0.050801 0.134000 0.074233
v -0.050801 0.134000 0.074233
v -0.064283 0.133999 0.062939
v -0.064283 0.133999 0.062939
v -0.083296 0.134000 0.033984
v -0.083296 0.134000 0.033984
v -0.083296 0.134000 0.033984
v -0.088251 0.133998 0.017518
v -0.089991 0.134000 0.000326
v -0.088394 0.134000 -0.016790
v -0.088394 0.134000 -0.016790
v -0.088394 0.134000 -0.016790
v -0.075545 0.134000 -0.048935
v -0.064581 0.134000 -0.062670
v -0.064581 0.134000 -0.062670
v -0.051027 0.134000 -0.074121
v -0.035356 0.134000 -0.082759
v -0.018181 0.134000 -0.088148
v 0.088365 0.133998 0.016897
v 0.088365 0.133998 0.016897
v 0.017716 0.134000 0.088173
v 0.017716 0.134000 0.088173
v 0.017716 0.134000 0.088173
v -0.075269 0.133999 0.049302
v -0.083564 0.133998 -0.033382
v -0.083564 0.133998 -0.033382
v 0.090492 0.016925 0.000100
v -0.000006 0.106200 -0.090022
v -0.088555 0.076033 -0.016357
v 0.017932 0.106200 -0.088217
v -0.082612 0.082711 -0.035987
v 0.035076 0.106200 -0.082905
v 0.050718 0.106200 -0.074367
v -0.074172 0.086878 -0.051236
v 0.064249 0.106200 -0.063035
v 0.064249 0.106200 -0.063035
v -0.062517 0.090950 -0.064973
v -0.062517 0.090950 -0.064973
v 0.075213 0.106200 -0.049403
v -0.048634 0.094213 -0.075926
v 0.087912 0.066013 0.018738
v 0.083290 0.106200 -0.034048
v -0.072955 0.078095 0.053039
v 0.088262 0.106200 -0.017511
v 0.073147 0.077923 0.052951
v 0.089976 0.106200 -0.000352
v -0.081767 0.073022 0.037575
v 0.083501 0.106200 0.033541
v 0.081878 0.072848 0.037396
v 0.075440 0.106200 0.049028
v -0.087832 0.066222 0.019076
v 0.064438 0.106200 0.062787
v 0.064438 0.106200 0.062787
v 0.048290 0.085111 0.077095
v 0.048290 0.085111 0.077095
v 0.050834 0.106200 0.074228
v -0.048158 0.085123 0.076746
v 0.035123 0.106200 0.082830
v 0.061258 0.082418 0.066881
v 0.061258 0.082418 0.066881
v -0.000292 0.081003 0.091970
v -0.000024 0.106200 0.089966
v -0.033350 0.087061 0.084226
v -0.017944 0.106200 0.088158
v -0.017120 0.088205 0.088913
v -0.035071 0.106200 0.082855
v 0.016882 0.088214 0.089145
v -0.050679 0.106200 0.074349
v 0.033288 0.087062 0.084648
v -0.064217 0.106200 0.063019
v -0.064217 0.106200 0.063019
v -0.061103 0.082538 0.066638
v -0.061103 0.082538 0.066638
v -0.083282 0.106200 0.034051
v 0.089981 0.071475 -0.000108
v -0.088247 0.106200 0.017526
v -0.017041 0.098115 -0.088570
v -0.089988 0.106200 0.000392
v -0.089987 0.071700 0.000359
v -0.088405 0.106200 -0.016794
v -0.033487 0.096643 -0.083728
v 0.074117 0.086540 -0.051319
v -0.075485 0.106200 -0.049014
v 0.048690 0.093980 -0.075916
v -0.064486 0.106200 -0.062782
v -0.064486 0.106200 -0.062782
v 0.062502 0.090655 -0.064993
v 0.062502 0.090655 -0.064993
v -0.050882 0.106200 -0.074231
v 0.088516 0.075652 -0.016575
v -0.035167 0.106200 -0.082842
v 0.033576 0.096476 -0.083705
v -0.017965 0.106200 -0.088188
v 0.017193 0.098032 -0.088531
v 0.088390 0.106200 0.016834
v 0.000090 0.098593 -0.090183
v 0.017925 0.106200 0.088164
v -0.000156 0.088558 0.090580
v -0.075194 0.106200 0.049395
v 0.083083 0.081424 -0.034928
v -0.083540 0.106200 -0.033499
v -0.059678 0.068116 0.073550
v 0.031391 0.078045 0.088178
v -0.073511 0.058265 0.059421
v 0.015692 0.080327 0.091128
v 0.089040 0.031457 0.021035
v -0.082850 0.046642 0.042852
v 0.083299 0.046842 0.043088
v -0.088773 0.031443 0.021038
v -0.016195 0.080221 0.090764
v 0.074149 0.058518 0.059786
v -0.031743 0.077837 0.087483
v 0.059976 0.068547 0.074333
v -0.046373 0.073834 0.081834
v -0.046373 0.073834 0.081834
v 0.046411 0.074204 0.082592
v 0.046411 0.074204 0.082592
v -0.090439 0.016923 0.000100
v -0.082328 0.048135 -0.044376
v 0.089709 0.028310 -0.016206
v -0.059633 0.070814 -0.075617
v -0.059633 0.070814 -0.075617
v 0.073328 0.059461 -0.060042
v 0.045720 0.078609 -0.087333
v 0.045720 0.078609 -0.087333
v 0.060122 0.070413 -0.075132
v 0.060122 0.070413 -0.075132
v -0.072949 0.059878 -0.060520
v -0.089631 0.028756 -0.016820
v -0.045274 0.078876 -0.087705
v -0.045274 0.078876 -0.087705
v 0.084262 0.044821 -0.039807
v -0.030680 0.085024 -0.094469
v 0.031152 0.084808 -0.094460
v -0.000263 -0.089632 -0.017964
v -0.069273 -0.058557 -0.012606
v -0.069273 -0.058557 -0.012606
v -0.078281 -0.046069 -0.010518
v -0.084831 -0.032211 -0.008149
v 0.090344 -0.002901 -0.003142
v -0.088765 -0.017514 -0.005639
v 0.088520 -0.017964 -0.005719
v -0.090451 -0.002416 -0.003058
v 0.084453 -0.032639 -0.008237
v 0.068830 -0.058755 -0.012708
v 0.057560 -0.069365 -0.014525
v 0.057560 -0.069365 -0.014525
v 0.044656 -0.077881 -0.016006
v 0.030451 -0.084256 -0.017106
v -0.015869 -0.088320 -0.017761
v -0.031042 -0.084319 -0.017067
v -0.045199 -0.077871 -0.015965
v 0.015353 -0.088251 -0.017765
v -0.058134 -0.069187 -0.014486
v 0.077863 -0.046406 -0.010552
v 0.088365 0.008312 0.064313
v 0.015355 -0.087869 0.025257
v -0.057959 -0.069402 0.032688
v 0.077558 -0.047659 0.041676
v 0.057888 0.058010 0.084465
v 0.045130 0.066445 0.087916
v 0.045130 0.066445 0.087916
v 0.030962 0.072719 0.090518
v 0.015805 0.076604 0.092166
v 0.068977 0.047544 0.080203
v -0.000265 -0.089096 0.024808
v -0.084378 -0.034066 0.047082
v -0.088265 0.008790 0.064503
v 0.044708 -0.078020 0.029242
v -0.030992 -0.083976 0.026839
v -0.045123 -0.077805 0.029342
v -0.068607 0.047863 0.080351
v -0.077601 0.035928 0.075498
v 0.084402 0.022329 0.069998
v 0.000138 0.077919 0.092719
v 0.077867 0.035566 0.075353
v -0.015474 0.076609 0.092090
v -0.068909 -0.059154 0.037000
v -0.068909 -0.059154 0.037000
v -0.077845 -0.047231 0.041698
v -0.077845 -0.047231 0.041698
v 0.089661 -0.006157 0.058440
v -0.088363 -0.020091 0.052771
v 0.088272 -0.020546 0.052586
v -0.089672 -0.005688 0.058631
v 0.084205 -0.034531 0.046853
v 0.068639 -0.059460 0.036718
v 0.057516 -0.069737 0.032608
v 0.057516 -0.069737 0.032608
v 0.030485 -0.084139 0.026751
v -0.015844 -0.087798 0.025262
v -0.030573 0.072788 0.090487
v -0.044694 0.066574 0.087940
v -0.044694 0.066574 0.087940
v -0.044694 0.066574 0.087940
v -0.057492 0.058238 0.084547
v -0.057492 0.058238 0.084547
v -0.084205 0.022756 0.070203
v 0.058044 0.068774 -0.106222
v 0.058044 0.068774 -0.106222
v -0.015374 0.088672 -0.106222
v 0.069105 0.057650 -0.106222
v 0.000257 0.089994 -0.106222
v -0.068765 0.058056 -0.106222
v -0.068765 0.058056 -0.106222
v 0.015877 0.088563 -0.106222
v -0.057655 0.069102 -0.106222
v -0.044771 0.078064 -0.106222
v 0.084777 0.030119 -0.106227
v -0.000271 -0.089994 -0.106222
v -0.069030 -0.057740 -0.106223
v -0.069030 -0.057740 -0.106223
v -0.077962 -0.044938 -0.106223
v -0.084543 -0.030777 -0.106224
v 0.089981 -0.000707 -0.106227
v -0.077534 0.045649 -0.106229
v -0.088602 -0.015729 -0.106225
v 0.088501 -0.016221 -0.106225
v -0.089997 -0.000201 -0.106227
v 0.084381 -0.031290 -0.106224
v 0.068728 -0.058099 -0.106223
v 0.057605 -0.069144 -0.106222
v 0.057605 -0.069144 -0.106222
v 0.044779 -0.078059 -0.106222
v 0.030531 -0.084630 -0.106222
v -0.015869 -0.088564 -0.106222
v -0.031048 -0.084472 -0.106222
v -0.045188 -0.077805 -0.106222
v 0.045209 0.077792 -0.106222
v 0.088633 0.015568 -0.106226
v -0.084621 0.030614 -0.106227
v 0.078169 0.044595 -0.106223
v 0.015385 -0.088669 -0.106222
v -0.058035 -0.068782 -0.106222
v 0.077699 -0.045369 -0.106222
v 0.031022 0.084481 -0.106222
v -0.030530 0.084631 -0.106221
v -0.088540 0.016008 -0.106225
v -0.089978 0.044316 0.000221
v -0.081597 0.059595 0.040061
v 0.000187 0.092385 -0.092110
v 0.000187 0.092385 -0.092110
v 0.081881 0.059597 0.040146
v 0.083287 0.061882 -0.036296
v -0.000225 0.084770 0.091185
v 0.016704 0.091185 -0.090644
v 0.016704 0.091185 -0.090644
v 0.032473 0.088221 -0.086136
v 0.032473 0.088221 -0.086136
v 0.088960 0.051532 -0.015950
v 0.061268 0.078170 -0.067955
v 0.061268 0.078170 -0.067955
v 0.047166 0.083785 -0.078799
v 0.047166 0.083785 -0.078799
v 0.047166 0.083785 -0.078799
v -0.016361 0.091295 -0.090639
v -0.016361 0.091295 -0.090639
v 0.073562 0.070931 -0.053937
v -0.032191 0.088405 -0.086125
v -0.032191 0.088405 -0.086125
v 0.089986 0.044193 0.000006
v -0.060018 0.075007 0.069749
v -0.060018 0.075007 0.069749
v 0.032352 0.082519 0.086291
v 0.016303 0.084272 0.090089
v -0.016644 0.084191 0.089708
v -0.032472 0.082336 0.085613
v 0.060321 0.075209 0.070342
v -0.047121 0.079276 0.078981
v -0.047121 0.079276 0.078981
v 0.047296 0.079518 0.079656
v 0.047296 0.079518 0.079656
v -0.087879 0.048753 0.020026
v 0.073110 0.067857 0.056144
v -0.072590 0.067798 0.055947
v 0.088008 0.048663 0.019883
v -0.046853 0.084008 -0.078896
v -0.046853 0.084008 -0.078896
v -0.046853 0.084008 -0.078896
v -0.060987 0.078468 -0.068093
v -0.060987 0.078468 -0.068093
v -0.073274 0.071347 -0.054132
v -0.082055 0.063968 -0.038917
v -0.088928 0.051926 -0.016139
v 0.089956 0.012664 0.032238
v 0.058743 0.063263 0.079262
v 0.045678 0.070315 0.085185
v 0.045678 0.070315 0.085185
v 0.031167 0.075402 0.089279
v 0.015748 0.078467 0.091651
v 0.071395 0.053124 0.069954
v -0.000266 -0.089438 0.003421
v -0.084894 -0.033259 0.019472
v 0.044713 -0.078001 0.006620
v -0.031050 -0.084247 0.004887
v -0.045217 -0.077941 0.006689
v -0.070739 0.053046 0.069748
v -0.079876 0.041305 0.059091
v 0.086955 0.027035 0.045581
v -0.000075 0.079463 0.092334
v 0.080473 0.041380 0.059256
v -0.015828 0.078415 0.091386
v -0.069244 -0.058996 0.012195
v -0.069244 -0.058996 0.012195
v -0.078274 -0.046782 0.015598
v 0.090407 -0.004542 0.027666
v -0.088902 -0.018868 0.023574
v 0.088677 -0.019311 0.023442
v -0.090474 -0.004058 0.027807
v 0.084565 -0.033682 0.019321
v 0.068879 -0.059243 0.012012
v 0.057624 -0.069662 0.009042
v 0.057624 -0.069662 0.009042
v 0.030472 -0.084207 0.004824
v -0.015872 -0.088155 0.003753
v -0.031114 0.075278 0.088888
v -0.045419 0.070146 0.084703
v -0.045419 0.070146 0.084703
v -0.058348 0.063054 0.078835
v -0.086491 0.027163 0.045628
v 0.015356 -0.088068 0.003746
v -0.058147 -0.069427 0.009107
v 0.077894 -0.047143 0.015551
v -0.089731 0.012899 0.032332
v 0.045259 0.077878 -0.096684
v -0.085521 0.029860 -0.061438
v 0.078824 0.044559 -0.072332
v 0.015381 -0.088530 -0.061993
v -0.057952 -0.068833 -0.060352
v 0.077447 -0.045689 -0.058382
v -0.030553 0.084692 -0.100324
v 0.058188 0.068941 -0.090215
v 0.058188 0.068941 -0.090215
v -0.015375 0.088674 -0.102406
v 0.069422 0.057916 -0.082264
v 0.000257 0.090010 -0.102947
v -0.069088 0.058306 -0.082539
v -0.069088 0.058306 -0.082539
v 0.015880 0.088581 -0.102406
v -0.057813 0.069279 -0.090458
v -0.057813 0.069279 -0.090458
v -0.044811 0.078130 -0.096870
v 0.085647 0.029396 -0.061104
v -0.000269 -0.089900 -0.062092
v -0.068900 -0.057929 -0.059411
v -0.068900 -0.057929 -0.059411
v -0.077750 -0.045295 -0.058363
v -0.084247 -0.031330 -0.057186
v 0.089905 -0.001794 -0.054683
v -0.077621 0.046608 -0.074501
v -0.088320 -0.016555 -0.055930
v 0.088227 -0.017036 -0.055972
v -0.089922 -0.001294 -0.054640
v 0.084038 -0.031826 -0.057235
v 0.068545 -0.058228 -0.059464
v 0.057485 -0.069133 -0.060375
v 0.057485 -0.069133 -0.060375
v 0.044705 -0.077946 -0.061116
v 0.030511 -0.084505 -0.061664
v -0.015877 -0.088489 -0.061991
v -0.031040 -0.084381 -0.061644
v -0.045161 -0.077779 -0.061094
v 0.088896 0.016146 -0.053044
v 0.031032 0.084507 -0.100324
v -0.088877 0.016376 -0.053048
v 0.045218 0.077807 -0.127123
v -0.084180 0.030891 -0.127123
v 0.078072 0.044761 -0.127123
v 0.015371 -0.088654 -0.127123
v -0.058049 -0.068741 -0.127123
v 0.077462 -0.045039 -0.127123
v -0.030531 0.084632 -0.127123
v 0.058030 0.068757 -0.127123
v 0.058030 0.068757 -0.127123
v -0.015370 0.088654 -0.127123
v 0.069091 0.057638 -0.127123
v 0.000257 0.089993 -0.127123
v -0.068742 0.058036 -0.127123
v -0.068742 0.058036 -0.127123
v 0.015876 0.088559 -0.127123
v -0.057642 0.069087 -0.127123
v -0.044772 0.078066 -0.127123
v 0.084642 0.030502 -0.127123
v -0.000266 -0.089892 -0.127123
v -0.068844 -0.057457 -0.127123
v -0.068844 -0.057457 -0.127123
v -0.078048 -0.044803 -0.127123
v -0.084629 -0.030540 -0.127123
v 0.089992 -0.000291 -0.127123
v -0.077804 0.045225 -0.127123
v -0.088649 -0.015395 -0.127123
v 0.088553 -0.015889 -0.127123
v -0.089982 0.000218 -0.127123
v 0.084447 -0.031058 -0.127123
v 0.068772 -0.058012 -0.127123
v 0.057617 -0.069099 -0.127123
v 0.057617 -0.069099 -0.127123
v 0.044783 -0.078057 -0.127123
v 0.030522 -0.084635 -0.127123
v -0.015859 -0.088562 -0.127123
v -0.031033 -0.084456 -0.127123
v -0.045190 -0.077798 -0.127123
v 0.088651 0.015384 -0.127123
v 0.031015 0.084462 -0.127123
v -0.088554 0.015902 -0.127123
vn 0.0022 0.4377 0.8991
vn -0.1280 0.4300 0.8937
vn -0.1285 0.4322 0.8926
vn 0.0026 0.4372 0.8994
vn 0.0108 -0.3850 0.9229
vn 0.0347 -0.3365 0.9410
vn -0.0190 -0.3645 0.9310
vn 0.4949 -0.8689 0.0029
vn 0.4819 -0.8762 -0.0023
vn 0.3333 -0.9428 0.0039
vn 0.3393 -0.9407 0.0044
vn -0.5008 0.8638 -0.0549
vn -0.6389 0.7662 -0.0684
vn -0.5889 0.7966 -0.1365
vn -0.5246 0.8161 -0.2425
vn 0.5659 -0.8245 0.0010
vn 0.5498 -0.8353 -0.0067
vn -0.7383 0.6531 -0.1682
vn -0.7988 0.5903 -0.1160
vn -0.8636 0.3918 -0.3173
vn -0.7484 0.5431 -0.3806
vn 0.7612 -0.6485 -0.0040
vn 0.7507 -0.6605 -0.0135
vn 0.6881 -0.7255 -0.0110
vn 0.7025 -0.7117 -0.0017
vn -0.9913 0.1266 -0.0351
vn -0.9997 0.0221 0.0085
vn -0.9955 0.0629 -0.0706
vn -0.9585 0.2774 -0.0652
vn 0.8624 -0.5062 -0.0061
vn 0.8592 -0.5115 -0.0147
vn -0.9997 -0.0245 -0.0079
vn -0.9987 -0.0507 -0.0035
vn 0.9817 -0.1903 -0.0049
vn 0.9814 -0.1916 -0.0118
vn 0.9369 -0.3494 -0.0138
vn 0.9362 -0.3514 -0.0060
vn -0.9827 -0.1853 -0.0049
vn -0.9831 -0.1825 -0.0127
vn 0.9997 -0.0254 -0.0052
vn 0.9983 -0.0574 -0.0127
vn -0.9389 -0.3440 -0.0072
vn -0.9397 -0.3416 -0.0168
vn -0.9530 0.2219 -0.2060
vn -0.8845 0.4575 -0.0912
vn 0.9903 0.1379 -0.0177
vn 0.9998 0.0218 -0.0011
vn -0.8664 -0.4993 -0.0089
vn -0.8623 -0.5061 -0.0161
vn -0.8186 -0.5743 -0.0084
vn -0.8110 -0.5848 -0.0140
vn 0.9546 0.2950 -0.0409
vn 0.9959 0.0113 -0.0894
vn -0.6413 -0.7673 -0.0053
vn -0.6272 -0.7788 -0.0078
vn -0.6928 -0.7210 -0.0110
vn -0.7063 -0.7079 -0.0077
vn 0.1728 -0.9849 0.0046
vn 0.1724 -0.9850 0.0073
vn 0.0023 -1.0000 0.0074
vn -0.0012 -1.0000 0.0039
vn 0.8973 0.4336 -0.0833
vn 0.9662 0.1299 -0.2228
vn -0.4996 -0.8663 -0.0017
vn -0.4876 -0.8731 -0.0028
vn -0.3432 -0.9393 0.0009
vn -0.3354 -0.9421 0.0017
vn -0.1761 -0.9844 0.0023
vn -0.1696 -0.9855 0.0055
vn 0.7879 0.6086 -0.0940
vn 0.7232 0.6875 -0.0658
vn 0.7692 0.5030 -0.3942
vn 0.8738 0.3686 -0.3173
vn 0.5832 0.8073 -0.0905
vn 0.5072 0.8605 -0.0476
vn 0.5487 0.7964 -0.2542
vn 0.5833 0.7978 -0.1527
vn -0.0022 -0.9394 0.3428
vn 0.1279 -0.9302 0.3441
vn 0.1284 -0.9310 0.3416
vn -0.0026 -0.9392 0.3433
vn -0.6454 -0.5929 0.4816
vn -0.5704 -0.6909 0.4441
vn -0.5701 -0.6906 0.4451
vn -0.6463 -0.5935 0.4796
vn 0.3696 -0.8476 0.3808
vn 0.4270 -0.8166 0.3884
vn 0.4280 -0.8171 0.3863
vn 0.3682 -0.8470 0.3834
vn 0.5704 0.1887 0.7994
vn 0.4809 0.2782 0.8315
vn 0.4828 0.2822 0.8290
vn 0.5702 0.1876 0.7998
vn 0.7315 -0.1333 0.6687
vn 0.6984 -0.0172 0.7155
vn 0.6982 -0.0173 0.7157
vn 0.7299 -0.1349 0.6701
vn -0.5681 0.1927 0.8001
vn -0.6097 0.1463 0.7790
vn -0.6110 0.1472 0.7778
vn -0.5672 0.1925 0.8008
vn -0.2558 -0.8971 0.3603
vn -0.1319 -0.9290 0.3459
vn -0.1317 -0.9301 0.3429
vn -0.2556 -0.8962 0.3627
vn -0.4810 -0.7775 0.4051
vn -0.4830 -0.7788 0.4002
vn 0.5256 -0.7400 0.4198
vn 0.5683 -0.6939 0.4422
vn 0.5678 -0.6937 0.4431
vn 0.5276 -0.7402 0.4167
vn -0.2518 0.3959 0.8831
vn -0.2515 0.3944 0.8838
vn -0.6967 -0.0138 0.7172
vn -0.7302 -0.1297 0.6708
vn -0.7283 -0.1300 0.6728
vn -0.6970 -0.0137 0.7170
vn 0.3731 0.3428 0.8621
vn 0.3725 0.3411 0.8631
vn 0.6057 -0.6458 0.4648
vn 0.6034 -0.6450 0.4689
vn -0.7456 -0.2476 0.6187
vn -0.7488 -0.2471 0.6150
vn -0.3695 0.3452 0.8627
vn -0.3682 0.3429 0.8642
vn 0.6969 -0.4882 0.5254
vn 0.7302 -0.3726 0.5727
vn 0.7283 -0.3735 0.5745
vn 0.6964 -0.4887 0.5255
vn 0.2558 0.3949 0.8824
vn 0.2556 0.3927 0.8834
vn -0.7316 -0.3685 0.5736
vn -0.7301 -0.3685 0.5755
vn 0.2519 -0.8982 0.3602
vn 0.2515 -0.8977 0.3617
vn 0.6760 0.0404 0.7358
vn 0.6771 0.0413 0.7347
vn 0.7456 -0.2515 0.6171
vn 0.7489 -0.2496 0.6139
vn -0.4772 0.2798 0.8331
vn -0.4788 0.2817 0.8315
vn -0.3731 -0.8455 0.3821
vn -0.3725 -0.8449 0.3838
vn -0.7189 -0.4270 0.5484
vn -0.7184 -0.4276 0.5486
vn 0.1319 0.4280 0.8941
vn 0.1318 0.4304 0.8930
vn 0.6693 -0.5440 0.5061
vn 0.6656 -0.5446 0.5103
vn -0.6739 0.0430 0.7376
vn -0.6759 0.0443 0.7357
vn 0.6122 0.1432 0.7777
vn 0.6132 0.1449 0.7765
vn -0.6750 -0.5400 0.5028
vn -0.6751 -0.5397 0.5029
vn -0.0324 -0.4236 0.9053
vn -0.0535 -0.4371 0.8978
vn -0.0996 -0.4880 0.8672
vn -0.0605 -0.4646 0.8835
vn 0.1011 -0.4023 0.9099
vn 0.0218 -0.3942 0.9188
vn 0.1875 -0.4231 0.8865
vn 0.0473 -0.3378 0.9400
vn 0.0598 -0.3422 0.9377
vn 0.1122 -0.3124 0.9433
vn 0.0886 -0.3046 0.9483
vn 0.0258 -0.3331 0.9425
vn 0.0653 -0.3022 0.9510
vn 0.0486 -0.2956 0.9541
vn 0.0168 -0.3322 0.9431
vn 0.0317 -0.2941 0.9553
vn 0.0004 -0.3370 0.9415
vn 0.0081 -0.3335 0.9427
vn 0.0152 -0.2967 0.9548
vn 0.0006 -0.3029 0.9530
vn -0.0216 -0.4281 0.9035
vn -0.0408 -0.4750 0.8790
vn -0.0075 -0.3348 0.9422
vn -0.0144 -0.2983 0.9544
vn -0.0121 -0.4402 0.8978
vn -0.0226 -0.4934 0.8695
vn -0.0164 -0.3326 0.9429
vn -0.0313 -0.2941 0.9553
vn -0.0804 -0.3326 0.9396
vn -0.1437 -0.2966 0.9441
vn -0.0374 -0.3555 0.9339
vn -0.0018 -0.4136 0.9105
vn -0.0032 -0.4475 0.8943
vn -0.0257 -0.3328 0.9426
vn -0.0489 -0.2945 0.9544
vn -0.0727 -0.3723 0.9252
vn -0.0977 -0.3603 0.9277
vn -0.1818 -0.3445 0.9210
vn -0.1356 -0.3688 0.9196
vn 0.0239 -0.4339 0.9007
vn 0.0113 -0.4290 0.9032
vn 0.0217 -0.4778 0.8782
vn 0.0450 -0.4849 0.8734
vn -0.0361 -0.3343 0.9418
vn -0.0680 -0.2977 0.9522
vn -0.0402 -0.3422 0.9388
vn -0.0777 -0.3116 0.9470
vn 0.0328 -0.4271 0.9036
vn 0.0616 -0.4718 0.8795
vn 0.0403 -0.4194 0.9069
vn 0.0778 -0.4588 0.8851
vn 0.0764 -0.3737 0.9244
vn 0.0736 -0.3871 0.9191
vn 0.1371 -0.3962 0.9079
vn 0.1437 -0.3710 0.9175
vn 0.0761 -0.4290 0.9001
vn 0.1344 -0.4694 0.8727
vn -0.0766 -0.3861 0.9193
vn -0.1442 -0.3943 0.9076
vn -0.0718 -0.3972 0.9149
vn -0.1366 -0.4160 0.8991
vn 0.0742 -0.3616 0.9294
vn 0.1397 -0.3485 0.9268
vn -0.0868 -0.4212 0.9028
vn -0.1549 -0.4540 0.8774
vn -0.0197 -0.3848 0.9228
vn -0.0371 -0.3942 0.9183
vn 0.0693 -0.3504 0.9340
vn 0.1304 -0.3275 0.9358
vn 0.1313 0.4205 0.8977
vn 0.0017 0.4339 0.9010
vn -0.6903 -0.5393 0.4823
vn -0.6625 -0.5938 0.4566
vn -0.3800 -0.8506 0.3635
vn -0.2600 -0.9020 0.3448
vn -0.4752 0.2770 0.8352
vn -0.5696 0.1949 0.7985
vn 0.7519 -0.2491 0.6104
vn 0.7437 -0.1260 0.6566
vn 0.6164 0.1478 0.7735
vn 0.5728 0.1919 0.7969
vn 0.2568 -0.9042 0.3411
vn 0.3764 -0.8526 0.3625
vn -0.6807 0.0488 0.7310
vn -0.6987 -0.0120 0.7153
vn 0.6767 -0.5431 0.4971
vn 0.7141 -0.4854 0.5044
vn 0.2560 0.3954 0.8821
vn -0.7476 -0.3643 0.5553
vn -0.7353 -0.4232 0.5294
vn -0.4909 -0.7822 0.3837
vn -0.3710 0.3483 0.8608
vn 0.7433 -0.3689 0.5580
vn 0.7008 -0.0164 0.7131
vn 0.6800 0.0446 0.7319
vn 0.1289 -0.9342 0.3327
vn -0.7520 -0.2445 0.6122
vn 0.3731 0.3437 0.8618
vn -0.2519 0.3955 0.8833
vn -0.7456 -0.1215 0.6552
vn -0.1340 -0.9349 0.3287
vn -0.0018 -0.9458 0.3247
vn 0.5958 -0.6791 0.4288
vn 0.6114 -0.6486 0.4533
vn 0.4783 0.2727 0.8348
vn -0.1269 0.4235 0.8969
vn 0.5242 -0.7397 0.4220
vn -0.5764 -0.6917 0.4350
vn -0.6149 0.1525 0.7738
vn 0.4723 -0.7968 0.3768
vn 0.0040 0.3475 0.9377
vn -0.1280 0.4059 0.9049
vn -0.0020 -0.9813 0.1925
vn 0.1457 -0.9708 0.1906
vn -0.7184 -0.6098 0.3348
vn -0.6672 -0.6953 0.2670
vn 0.4307 -0.8793 0.2035
vn 0.5096 -0.8131 0.2816
vn 0.5745 0.1939 0.7952
vn 0.4771 0.2710 0.8361
vn 0.7529 -0.1204 0.6470
vn 0.7027 -0.0150 0.7113
vn -0.5710 0.1967 0.7970
vn -0.6218 0.1598 0.7667
vn -0.2951 -0.9343 0.2002
vn -0.1511 -0.9707 0.1869
vn -0.5658 -0.7965 0.2132
vn 0.5548 -0.7472 0.3660
vn 0.5542 -0.7471 0.3670
vn -0.2687 0.4470 0.8532
vn -0.7007 -0.0102 0.7134
vn -0.7584 -0.1140 0.6418
vn 0.3697 0.3982 0.8395
vn 0.6417 -0.6493 0.4082
vn 0.6132 -0.6505 0.4482
vn -0.9125 -0.1408 0.3841
vn -0.3775 0.4348 0.8176
vn 0.8490 -0.4415 0.2902
vn 0.8951 -0.2962 0.3334
vn 0.2624 0.3924 0.8816
vn -0.8954 -0.2917 0.3365
vn 0.2924 -0.9373 0.1895
vn 0.8174 0.2783 0.5044
vn 0.7604 -0.2450 0.6015
vn -0.4747 0.2761 0.8357
vn -0.4346 -0.8765 0.2069
vn -0.8856 -0.3987 0.2382
vn 0.1277 0.3546 0.9263
vn 0.7941 -0.5550 0.2477
vn -0.6872 0.0545 0.7244
vn 0.6207 0.1528 0.7690
vn -0.7048 -0.5382 0.4622
vn -0.0013 -0.9989 0.0463
vn -0.1615 -0.9860 0.0419
vn 0.3151 -0.9486 0.0295
vn 0.1578 -0.9868 0.0360
vn 0.4656 -0.8845 0.0305
vn 0.5347 -0.8439 0.0439
vn 0.7335 -0.6787 0.0373
vn 0.7336 -0.6751 0.0771
vn 0.6608 -0.7465 0.0781
vn 0.6719 -0.7400 0.0327
vn 0.8368 -0.5442 0.0606
vn -0.9959 -0.0318 0.0843
vn -0.9744 0.1313 0.1825
vn -0.9841 0.1230 0.1284
vn 0.9754 -0.2126 0.0582
vn 0.9228 -0.3825 0.0453
vn -0.9757 -0.2088 0.0671
vn 0.9957 -0.0426 0.0826
vn 0.9908 -0.0350 0.1306
vn -0.9239 -0.3789 0.0537
vn 0.9837 0.1329 0.1210
vn 0.9761 0.1315 0.1728
vn -0.8656 -0.4998 0.0287
vn -0.8781 -0.4705 0.0868
vn -0.7017 -0.7085 0.0752
vn -0.7803 -0.6193 0.0873
vn -0.6103 -0.7912 0.0383
vn -0.4697 -0.8820 0.0378
vn -0.3185 -0.9470 0.0425
vn -0.0000 1.0000 -0.0000
vn 0.9388 0.0791 -0.3354
vn 0.8517 0.1499 -0.5021
vn -0.9862 0.0234 -0.1636
vn -0.9997 0.0124 0.0221
vn -0.9821 0.0355 0.1850
vn -0.9911 0.0922 0.0965
vn 0.1632 0.2197 0.9618
vn -0.0099 0.1842 0.9828
vn -0.0136 0.2218 0.9750
vn 0.1414 0.2566 0.9561
vn 0.4264 0.3349 0.8403
vn 0.3448 0.2783 0.8965
vn 0.3140 0.3305 0.8900
vn 0.3988 0.4146 0.8180
vn -0.0050 0.0982 0.9952
vn 0.0002 0.0348 0.9994
vn -0.1978 0.0359 0.9796
vn -0.1893 0.1029 0.9765
vn -0.1726 0.2069 0.9630
vn -0.3551 0.2583 0.8984
vn -0.3377 0.3436 0.8763
vn -0.1640 0.2631 0.9507
vn -0.7290 0.2605 0.6330
vn -0.8409 0.1841 0.5089
vn -0.8633 0.2747 0.4234
vn -0.7033 0.3598 0.6132
vn -0.9324 0.1031 0.3464
vn -0.9555 0.1572 0.2496
vn 0.9864 0.0466 0.1577
vn 0.9943 0.0518 0.0936
vn 0.9997 0.0143 0.0188
vn 0.7001 0.2825 0.6558
vn 0.6229 0.2725 0.7334
vn 0.6007 0.3477 0.7199
vn 0.6951 0.3659 0.6188
vn -0.6015 0.3208 0.7316
vn -0.5989 0.3508 0.7199
vn 0.8413 0.2142 0.4963
vn 0.8623 0.2743 0.4258
vn 0.3914 0.8331 -0.3908
vn 0.3834 0.8926 -0.2373
vn 0.1853 0.9674 -0.1727
vn 0.1904 0.9318 -0.3091
vn 0.5079 0.7204 -0.4723
vn 0.7671 0.2942 -0.5701
vn 0.6579 0.5491 -0.5154
vn 0.6178 0.6216 -0.4816
vn -0.8437 0.1427 -0.5175
vn -0.9327 0.0736 -0.3531
vn 0.9898 0.0305 -0.1394
vn 0.9252 0.0025 -0.3795
vn 0.9258 0.0210 -0.3775
vn 0.8301 0.0372 -0.5564
vn 0.8367 0.0012 -0.5477
vn 0.5688 0.0373 0.8216
vn 0.3912 0.0433 0.9193
vn 0.3722 0.1500 0.9160
vn 0.5179 0.1258 0.8461
vn -0.9265 0.0032 0.3763
vn -0.9809 -0.0004 0.1948
vn -0.9779 0.0041 0.2089
vn -0.9195 0.0249 0.3922
vn 0.9815 -0.0048 0.1912
vn 0.9800 0.0114 0.1989
vn 1.0000 -0.0007 0.0081
vn 1.0000 0.0001 -0.0042
vn 0.6353 0.0369 0.7714
vn 0.6245 0.0507 0.7794
vn -0.5655 0.0337 0.8241
vn -0.6414 0.0328 0.7665
vn -0.6307 0.1138 0.7677
vn -0.5494 0.1208 0.8268
vn 0.8407 0.0017 0.5415
vn 0.7810 0.0031 0.6245
vn 0.7360 0.1537 0.6593
vn 0.8334 0.0905 0.5453
vn 0.9365 0.1238 0.3281
vn 0.9556 0.1531 0.2517
vn 0.3963 0.0114 -0.9180
vn 0.3891 0.1187 -0.9135
vn 0.2007 0.1492 -0.9682
vn 0.2050 0.0190 -0.9786
vn 0.5696 0.0048 -0.8219
vn 0.5576 0.0849 -0.8258
vn 0.6313 0.0137 -0.7755
vn 0.6299 0.0737 -0.7732
vn 0.7717 0.0400 -0.6347
vn 0.7792 -0.0086 -0.6267
vn 0.1997 0.0382 0.9791
vn 0.1830 0.1246 0.9752
vn 0.9810 0.0011 -0.1940
vn 0.9837 0.0086 -0.1798
vn -0.5070 0.2608 0.8216
vn -0.4254 0.4110 0.8063
vn -0.7624 0.2756 -0.5855
vn -0.3882 0.1103 -0.9150
vn -0.5520 0.0788 -0.8301
vn -0.5636 0.0158 -0.8259
vn -0.4020 0.0142 -0.9155
vn -0.6824 0.5379 -0.4950
vn -0.6945 0.5606 -0.4511
vn 0.0009 0.1595 -0.9872
vn -0.1993 0.1435 -0.9694
vn -0.2004 0.0257 -0.9794
vn -0.0027 0.0221 -0.9998
vn -0.2140 0.9203 -0.3276
vn -0.1847 0.9681 -0.1691
vn -0.3614 0.9035 -0.2305
vn -0.3790 0.8317 -0.4057
vn -0.3893 0.0380 0.9203
vn -0.3738 0.1171 0.9201
vn 0.9289 -0.0077 0.3703
vn 0.9242 0.0448 0.3793
vn -0.7699 0.0128 0.6381
vn -0.8374 0.0114 0.5465
vn -0.8279 0.0601 0.5576
vn -0.7637 0.0767 0.6410
vn 0.0045 0.2947 -0.9556
vn -0.2044 0.2654 -0.9422
vn 0.1342 0.2721 0.9529
vn 0.2969 0.3670 0.8816
vn 0.3769 0.4731 0.7963
vn -0.0001 0.2559 0.9667
vn -0.1399 0.3660 0.9200
vn 0.0031 0.9998 -0.0186
vn -0.1698 0.9853 -0.0188
vn 0.0053 0.9873 -0.1585
vn 0.8089 0.4113 0.4202
vn 0.9144 0.3104 0.2600
vn -0.3409 0.9394 -0.0374
vn 0.1244 0.2848 0.9505
vn 0.1774 0.9839 -0.0192
vn 0.3465 0.9376 -0.0289
vn 0.5701 0.4127 0.7104
vn 0.6567 0.4556 0.6010
vn -0.1553 0.3153 0.9362
vn -0.3154 0.4320 0.8449
vn -0.3948 0.5259 0.7534
vn -0.5814 0.4560 0.6738
vn -0.6623 0.4910 0.5659
vn -0.8085 0.4322 0.3993
vn -0.9115 0.3263 0.2504
vn 0.9412 0.2726 0.1994
vn 0.9269 0.2683 0.2626
vn -0.9636 0.2368 0.1242
vn 0.2018 0.2724 -0.9408
vn -0.6338 0.0633 -0.7709
vn -0.6437 0.0267 -0.7648
vn -0.7719 0.0071 -0.6357
vn -0.7654 0.0321 -0.6428
vn -0.8283 0.0304 -0.5594
vn -0.8395 0.0122 -0.5432
vn -0.9298 0.0052 -0.3679
vn -0.9242 0.0149 -0.3817
vn -0.9829 0.0052 -0.1843
vn -0.9825 0.0009 -0.1864
vn -0.9205 0.2607 0.2909
vn -0.9350 0.2813 0.2159
vn 0.9718 0.1977 0.1287
vn 0.8665 0.3855 0.3171
vn -0.8529 0.4136 0.3187
vn -0.8678 0.4136 0.2754
vn -0.7450 0.5028 0.4383
vn -0.7624 0.5036 0.4063
vn -0.6744 0.5050 0.5386
vn -0.6544 0.5367 0.5326
vn -0.5219 0.5294 0.6689
vn -0.5213 0.5273 0.6710
vn -0.5380 0.5906 0.6015
vn -0.5384 0.5926 0.5991
vn -0.2936 0.4855 0.8234
vn -0.3810 0.5824 0.7181
vn -0.9959 0.0736 0.0530
vn 0.6032 0.4962 0.6244
vn 0.7391 0.4687 0.4838
vn 0.7590 0.4734 0.4470
vn 0.6161 0.5044 0.6049
vn 0.9944 0.0964 0.0435
vn 0.5018 0.4594 0.7329
vn 0.5295 0.4582 0.7140
vn 0.3621 0.5038 0.7842
vn 0.2742 0.3923 0.8780
vn -0.0051 0.2377 0.9713
vn -0.1654 -0.9862 0.0117
vn -0.3284 -0.9445 0.0076
vn -0.4801 -0.8772 0.0026
vn 0.9332 -0.3593 -0.0080
vn 0.8537 -0.5208 -0.0081
vn -0.6203 -0.7844 -0.0008
vn 0.1676 -0.9858 0.0088
vn 0.0027 -0.9999 0.0125
vn -0.6859 -0.7277 -0.0016
vn -0.8039 -0.5947 -0.0035
vn -0.7989 -0.6015 0.0070
vn -0.8553 -0.5180 -0.0041
vn -0.9352 -0.3542 -0.0038
vn 0.9987 -0.0498 0.0105
vn -0.9825 -0.1862 0.0001
vn 0.9806 -0.1962 -0.0035
vn -0.9994 -0.0321 0.0139
vn 0.7452 -0.6668 -0.0075
vn 0.6815 -0.7318 -0.0075
vn 0.5434 -0.8395 -0.0057
vn 0.4735 -0.8808 -0.0038
vn 0.3246 -0.9458 0.0020
vn -0.3860 0.2034 -0.8998
vn -0.5556 0.1414 -0.8193
vn -0.9999 -0.0010 0.0130
vn -1.0000 -0.0000 0.0047
vn 0.3391 -0.9407 -0.0002
vn 0.3395 -0.9406 0.0015
vn 0.1717 -0.9852 0.0011
vn 0.1694 -0.9855 -0.0020
vn -0.3388 0.9408 0.0001
vn -0.4971 0.8677 -0.0002
vn -0.4961 0.8683 -0.0049
vn -0.3396 0.9406 -0.0054
vn 0.5030 0.8643 0.0003
vn 0.3439 0.9390 -0.0007
vn 0.3445 0.9388 -0.0025
vn 0.5024 0.8646 -0.0047
vn 0.1770 0.9842 -0.0001
vn 0.1765 0.9843 -0.0026
vn 0.0033 1.0000 -0.0003
vn 0.0033 1.0000 -0.0023
vn -0.1718 0.9851 -0.0006
vn -0.1710 0.9853 -0.0013
vn -0.8700 0.4930 0.0011
vn -0.8648 0.5021 -0.0103
vn -0.8165 0.5772 -0.0093
vn -0.8164 0.5775 -0.0015
vn 0.5761 0.8174 0.0001
vn 0.5743 0.8186 -0.0068
vn -0.0043 -1.0000 -0.0035
vn -0.0040 -1.0000 -0.0009
vn -0.1759 -0.9844 0.0001
vn -0.1736 -0.9848 -0.0004
vn 0.7675 0.6410 -0.0009
vn 0.7089 0.7053 -0.0010
vn 0.7091 0.7051 -0.0074
vn 0.7678 0.6407 -0.0084
vn -0.3447 -0.9387 0.0004
vn -0.3449 -0.9386 -0.0008
vn -0.5023 -0.8647 -0.0000
vn -0.5024 -0.8646 -0.0005
vn 0.9362 -0.3513 -0.0054
vn 0.9377 -0.3474 0.0007
vn 0.8624 -0.5061 -0.0058
vn 0.8621 -0.5065 -0.0125
vn -0.6441 -0.7649 -0.0005
vn -0.6493 -0.7606 -0.0055
vn 0.8679 0.4967 0.0002
vn 0.8696 0.4937 -0.0073
vn 0.9417 0.3363 -0.0053
vn 0.9406 0.3396 0.0002
vn -0.7115 -0.7027 -0.0039
vn -0.7225 -0.6912 -0.0158
vn 0.9857 0.1686 -0.0019
vn 0.9854 0.1704 -0.0000
vn -0.8133 -0.5817 -0.0064
vn -0.8199 -0.5724 -0.0078
vn -0.8658 -0.5005 -0.0020
vn -0.8625 -0.5061 -0.0003
vn -0.9396 -0.3421 0.0008
vn -0.9407 -0.3392 -0.0009
vn 1.0000 -0.0066 0.0015
vn 1.0000 -0.0028 0.0011
vn -0.9370 0.3493 -0.0101
vn -0.9383 0.3457 -0.0124
vn -0.9844 -0.1759 0.0005
vn -0.9852 -0.1715 -0.0015
vn 0.9836 -0.1801 0.0012
vn 0.9842 -0.1769 0.0002
vn -1.0000 -0.0011 -0.0012
vn -1.0000 0.0037 -0.0009
vn -0.9847 0.1740 -0.0051
vn -0.9833 0.1817 -0.0050
vn 0.7654 -0.6436 -0.0023
vn 0.7718 -0.6359 -0.0009
vn 0.7047 -0.7095 0.0003
vn 0.7049 -0.7093 -0.0011
vn -0.6412 0.7674 -0.0011
vn -0.7056 0.7086 -0.0015
vn -0.7051 0.7090 -0.0091
vn -0.6403 0.7680 -0.0082
vn 0.5717 -0.8205 -0.0006
vn 0.5704 -0.8214 0.0006
vn 0.4969 -0.8678 0.0012
vn 0.4976 -0.8674 -0.0000
vn -0.4980 0.7289 -0.4697
vn 0.0065 0.9570 -0.2899
vn -0.6315 0.1139 -0.7670
vn 0.6345 0.1185 -0.7638
vn 0.5607 0.1461 -0.8150
vn 0.3935 0.2079 -0.8955
vn -0.6238 0.2110 0.7525
vn 0.6313 0.2274 0.7415
vn -0.5630 0.5178 0.6441
vn -0.7039 0.7101 -0.0161
vn 0.0005 1.0000 0.0004
vn -0.0001 1.0000 -0.0002
vn 0.0005 1.0000 0.0001
vn -0.0005 1.0000 0.0001
vn -0.0003 1.0000 0.0003
vn -0.0000 1.0000 0.0001
vn -0.0000 1.0000 -0.0001
vn -0.0001 1.0000 -0.0001
vn -0.0003 1.0000 -0.0003
vn -0.0006 1.0000 0.0001
vn -0.0003 1.0000 0.0001
vn -0.0001 1.0000 0.0001
vt 0.702033 0.486597
vt 0.696554 0.548559
vt 0.639951 0.575103
vt 0.588557 0.539364
vt 0.650957 0.450718
vt 0.661712 0.452602
vt 0.671971 0.456319
vt 0.681434 0.461751
vt 0.689768 0.468760
vt 0.696883 0.477031
vt 0.706078 0.496701
vt 0.707869 0.507441
vt 0.707875 0.518321
vt 0.705960 0.529036
vt 0.702311 0.539303
vt 0.689804 0.557090
vt 0.681347 0.564020
vt 0.671906 0.569463
vt 0.661640 0.573248
vt 0.650882 0.575017
vt 0.629203 0.573240
vt 0.618937 0.569494
vt 0.609503 0.564051
vt 0.601048 0.557143
vt 0.594352 0.548575
vt 0.584943 0.529088
vt 0.583028 0.518381
vt 0.583039 0.507498
vt 0.584943 0.496780
vt 0.588684 0.486552
vt 0.594152 0.477126
vt 0.601178 0.468787
vt 0.609550 0.461789
vt 0.619012 0.456344
vt 0.629278 0.452617
vt 0.640034 0.450723
vt 0.182239 0.848551
vt 0.183066 0.836555
vt 0.182363 0.824718
vt 0.639466 0.444590
vt 0.270155 0.492638
vt 0.583445 0.483806
vt 0.302174 0.505572
vt 0.302174 0.505572
vt 0.313115 0.509961
vt 0.205157 0.783585
vt 0.342230 0.521520
vt 0.596905 0.560817
vt 0.199146 0.779046
vt 0.349742 0.524393
vt 0.182308 0.771946
vt 0.148965 0.767830
vt 0.094722 0.779651
vt 0.204438 0.613653
vt 0.183761 0.621719
vt 0.172769 0.626098
vt 0.124014 0.646160
vt 0.351980 0.584056
vt 0.684667 0.456723
vt 0.352022 0.573439
vt 0.674340 0.450778
vt 0.663152 0.446685
vt 0.651401 0.444601
vt 0.323669 0.514194
vt 0.103844 0.775784
vt 0.151077 0.634909
vt 0.151077 0.634909
vt 0.116270 0.778731
vt 0.690677 0.557926
vt 0.126766 0.776522
vt 0.682080 0.565062
vt 0.333078 0.512178
vt 0.593233 0.549351
vt 0.593233 0.549351
vt 0.323955 0.508822
vt 0.587503 0.539855
vt 0.273957 0.488700
vt 0.587586 0.486034
vt 0.587586 0.486034
vt 0.593149 0.476418
vt 0.593149 0.476418
vt 0.600299 0.467912
vt 0.600299 0.467912
vt 0.608837 0.460774
vt 0.608837 0.460774
vt 0.618486 0.455218
vt 0.618486 0.455218
vt 0.628955 0.451412
vt 0.628955 0.451412
vt 0.639928 0.449472
vt 0.639928 0.449472
vt 0.137691 0.775103
vt 0.672453 0.570615
vt 0.651064 0.449471
vt 0.651064 0.449471
vt 0.148850 0.774545
vt 0.661960 0.574458
vt 0.662033 0.451401
vt 0.662033 0.451401
vt 0.144903 0.642887
vt 0.697842 0.476363
vt 0.697842 0.476363
vt 0.154388 0.639173
vt 0.703251 0.486029
vt 0.159797 0.775020
vt 0.650993 0.576345
vt 0.672495 0.455197
vt 0.672495 0.455197
vt 0.164273 0.634980
vt 0.707195 0.496376
vt 0.174616 0.630912
vt 0.709089 0.507332
vt 0.170285 0.776254
vt 0.639842 0.576378
vt 0.179944 0.778385
vt 0.628870 0.574454
vt 0.682143 0.460743
vt 0.682143 0.460743
vt 0.690642 0.467872
vt 0.690642 0.467872
vt 0.188501 0.781347
vt 0.618390 0.570635
vt 0.195665 0.784998
vt 0.608769 0.565087
vt 0.608769 0.565087
vt 0.314095 0.504844
vt 0.583751 0.529386
vt 0.303872 0.500776
vt 0.581814 0.518473
vt 0.600183 0.557966
vt 0.600183 0.557966
vt 0.184887 0.626852
vt 0.709089 0.518412
vt 0.091122 0.789886
vt 0.194847 0.622986
vt 0.707147 0.529333
vt 0.293568 0.496643
vt 0.581829 0.507385
vt 0.098204 0.785505
vt 0.703376 0.539800
vt 0.106783 0.781975
vt 0.697692 0.549346
vt 0.283492 0.492577
vt 0.583774 0.496460
vt 0.273188 0.489497
vt 0.586749 0.485583
vt 0.126468 0.775209
vt 0.592388 0.475828
vt 0.137552 0.773768
vt 0.651130 0.448509
vt 0.599652 0.467210
vt 0.148872 0.773200
vt 0.662256 0.450456
vt 0.608300 0.459962
vt 0.672868 0.454304
vt 0.618088 0.454328
vt 0.180423 0.777099
vt 0.682646 0.459937
vt 0.628709 0.450475
vt 0.639835 0.448502
vt 0.189105 0.780106
vt 0.691279 0.467166
vt 0.196362 0.783806
vt 0.608228 0.565771
vt 0.599507 0.558545
vt 0.333168 0.513335
vt 0.592438 0.549828
vt 0.163753 0.634070
vt 0.323901 0.509912
vt 0.174237 0.629934
vt 0.313900 0.505872
vt 0.184669 0.625821
vt 0.144108 0.642086
vt 0.698575 0.475775
vt 0.153727 0.638321
vt 0.303530 0.501754
vt 0.090311 0.788773
vt 0.194766 0.621895
vt 0.097497 0.784324
vt 0.293072 0.497546
vt 0.282858 0.493428
vt 0.106195 0.780745
vt 0.115825 0.777446
vt 0.159980 0.773682
vt 0.170619 0.774933
vt 0.270680 0.492084
vt 0.584008 0.484110
vt 0.125501 0.770926
vt 0.589912 0.473911
vt 0.137102 0.769414
vt 0.651349 0.445352
vt 0.597510 0.464897
vt 0.148952 0.768819
vt 0.662985 0.447390
vt 0.606566 0.457323
vt 0.674076 0.451410
vt 0.616799 0.451439
vt 0.181977 0.772900
vt 0.684309 0.457291
vt 0.627901 0.447401
vt 0.191060 0.776050
vt 0.693333 0.464851
vt 0.198660 0.779928
vt 0.606447 0.568022
vt 0.204665 0.784377
vt 0.597329 0.560453
vt 0.162057 0.631092
vt 0.323727 0.513468
vt 0.173021 0.626760
vt 0.313258 0.509237
vt 0.183928 0.622445
vt 0.141519 0.639492
vt 0.700982 0.473853
vt 0.302409 0.504923
vt 0.087666 0.785145
vt 0.194500 0.618340
vt 0.095182 0.780483
vt 0.291472 0.500523
vt 0.104283 0.776731
vt 0.160578 0.769321
vt 0.639538 0.445348
vt 0.333429 0.517053
vt 0.589924 0.551331
vt 0.151571 0.635548
vt 0.280792 0.496200
vt 0.114358 0.773272
vt 0.171716 0.770631
vt 0.280370 0.496759
vt 0.280370 0.496759
vt 0.171954 0.769650
vt 0.160708 0.768306
vt 0.114061 0.772366
vt 0.291129 0.501168
vt 0.291129 0.501168
vt 0.087136 0.784358
vt 0.194422 0.617564
vt 0.140999 0.638958
vt 0.140999 0.638958
vt 0.701447 0.473474
vt 0.161724 0.630498
vt 0.161724 0.630498
vt 0.333480 0.517924
vt 0.589348 0.551674
vt 0.131893 0.642812
vt 0.693769 0.464360
vt 0.191479 0.775131
vt 0.627709 0.446674
vt 0.616496 0.450761
vt 0.245911 0.482620
vt 0.606178 0.456732
vt 0.252676 0.485422
vt 0.597054 0.464399
vt 0.137001 0.768423
vt 0.260834 0.488795
vt 0.589395 0.473509
vt 0.125288 0.769955
vt 0.786870 0.418879
vt 0.786870 0.418879
vt 0.786870 0.418879
vt 0.786870 0.418879
vt 0.786897 0.419014
vt 0.786950 0.419140
vt 0.786950 0.419140
vt 0.787026 0.419252
vt 0.787026 0.419252
vt 0.787122 0.419345
vt 0.787122 0.419345
vt 0.787234 0.419418
vt 0.787357 0.419468
vt 0.787357 0.419468
vt 0.787357 0.419468
vt 0.787486 0.419492
vt 0.787619 0.419492
vt 0.787870 0.419416
vt 0.787870 0.419416
vt 0.787870 0.419416
vt 0.787982 0.419342
vt 0.788078 0.419247
vt 0.788078 0.419247
vt 0.788154 0.419135
vt 0.788154 0.419135
vt 0.788154 0.419135
vt 0.788208 0.419009
vt 0.788235 0.418737
vt 0.788207 0.418602
vt 0.788207 0.418602
vt 0.788153 0.418477
vt 0.788153 0.418477
vt 0.788077 0.418366
vt 0.788077 0.418366
vt 0.788077 0.418366
vt 0.787981 0.418273
vt 0.787981 0.418273
vt 0.787747 0.418151
vt 0.787747 0.418151
vt 0.787747 0.418151
vt 0.787618 0.418127
vt 0.787487 0.418127
vt 0.787358 0.418153
vt 0.787358 0.418153
vt 0.787358 0.418153
vt 0.787124 0.418276
vt 0.787028 0.418370
vt 0.787028 0.418370
vt 0.786952 0.418482
vt 0.786898 0.418607
vt 0.786870 0.418742
vt 0.787748 0.419466
vt 0.787748 0.419466
vt 0.788235 0.418874
vt 0.788235 0.418874
vt 0.788235 0.418874
vt 0.787869 0.418200
vt 0.787236 0.418203
vt 0.787236 0.418203
vt 0.284712 0.550817
vt 0.953569 0.050294
vt 0.110710 0.567863
vt 0.953747 0.063991
vt 0.105665 0.552988
vt 0.954264 0.077084
vt 0.955094 0.089032
vt 0.102500 0.541528
vt 0.215969 0.598736
vt 0.956192 0.099368
vt 0.099378 0.531298
vt 0.944431 0.002579
vt 0.216261 0.588559
vt 0.945845 0.013173
vt 0.247140 0.536690
vt 0.216463 0.577008
vt 0.108700 0.621180
vt 0.216572 0.564489
vt 0.237540 0.510306
vt 0.216583 0.551428
vt 0.112706 0.609196
vt 0.216314 0.525425
vt 0.241704 0.522344
vt 0.216041 0.513436
vt 0.118027 0.594970
vt 0.215685 0.502705
vt 0.589261 0.434895
vt 0.231267 0.491382
vt 0.602656 0.445667
vt 0.599438 0.431284
vt 0.676038 0.439523
vt 0.611260 0.428215
vt 0.233727 0.499440
vt 0.593114 0.450889
vt 0.639650 0.441947
vt 0.637892 0.424243
vt 0.664537 0.437290
vt 0.651552 0.423519
vt 0.652046 0.436390
vt 0.664663 0.423682
vt 0.626173 0.438521
vt 0.676666 0.424709
vt 0.613832 0.441486
vt 0.087136 0.628862
vt 0.687138 0.426543
vt 0.105164 0.631815
vt 0.686203 0.442971
vt 0.087401 0.606306
vt 0.243077 0.551134
vt 0.087513 0.593579
vt 0.947583 0.037290
vt 0.087606 0.580461
vt 0.113947 0.580608
vt 0.087678 0.567383
vt 0.946934 0.024735
vt 0.231233 0.589938
vt 0.087746 0.543097
vt 0.945688 0.087485
vt 0.087738 0.532848
vt 0.956192 0.001073
vt 0.227782 0.600145
vt 0.944229 0.098038
vt 0.955087 0.011455
vt 0.239884 0.563686
vt 0.954257 0.023450
vt 0.946822 0.075941
vt 0.953743 0.036582
vt 0.947531 0.063429
vt 0.216497 0.538278
vt 0.947792 0.050369
vt 0.624262 0.425831
vt 0.639092 0.436830
vt 0.087274 0.618206
vt 0.235363 0.577598
vt 0.087725 0.554748
vt 0.116132 0.637195
vt 0.615789 0.447033
vt 0.123813 0.626136
vt 0.627544 0.443667
vt 0.273534 0.534853
vt 0.132829 0.613330
vt 0.261576 0.517949
vt 0.144578 0.596618
vt 0.651816 0.441775
vt 0.252358 0.505050
vt 0.663845 0.443278
vt 0.244256 0.493682
vt 0.111639 0.643800
vt 0.675313 0.446576
vt 0.239521 0.487114
vt 0.604688 0.452111
vt 0.155774 0.580672
vt 0.132102 0.546765
vt 0.276040 0.563282
vt 0.114784 0.523343
vt 0.165361 0.883213
vt 0.251891 0.596495
vt 0.174341 0.802558
vt 0.236530 0.616810
vt 0.165462 0.792031
vt 0.243179 0.607772
vt 0.123150 0.534606
vt 0.146815 0.567720
vt 0.108591 0.514414
vt 0.174269 0.871842
vt 0.263336 0.581233
vt 0.179205 0.860395
vt 0.179441 0.813316
vt 0.162465 0.735193
vt 0.105300 0.737542
vt 0.213324 0.571848
vt 0.203839 0.573168
vt 0.193290 0.574753
vt 0.299842 0.553227
vt 0.182084 0.576503
vt 0.311287 0.555109
vt 0.170555 0.578358
vt 0.322369 0.556901
vt 0.341845 0.559907
vt 0.200945 0.742719
vt 0.349612 0.561026
vt 0.193171 0.740198
vt 0.184003 0.738050
vt 0.150701 0.734529
vt 0.138709 0.734465
vt 0.126967 0.734955
vt 0.173691 0.736364
vt 0.115671 0.735971
vt 0.332685 0.558488
vt 0.291073 0.501735
vt 0.172004 0.768984
vt 0.114074 0.771702
vt 0.333512 0.518614
vt 0.252211 0.485873
vt 0.245391 0.482999
vt 0.606070 0.456360
vt 0.616414 0.450293
vt 0.627677 0.446115
vt 0.260532 0.489325
vt 0.160754 0.767635
vt 0.194441 0.616923
vt 0.161662 0.629914
vt 0.191540 0.774469
vt 0.137032 0.767756
vt 0.125311 0.769287
vt 0.131623 0.642276
vt 0.140819 0.638420
vt 0.280249 0.497357
vt 0.639505 0.444023
vt 0.269944 0.493175
vt 0.651475 0.444113
vt 0.103826 0.775098
vt 0.213540 0.609717
vt 0.094718 0.779030
vt 0.204474 0.613033
vt 0.302164 0.506200
vt 0.183770 0.621102
vt 0.313115 0.510595
vt 0.172753 0.625472
vt 0.323679 0.514842
vt 0.342264 0.522176
vt 0.199219 0.778394
vt 0.349787 0.525050
vt 0.182361 0.771286
vt 0.149004 0.767162
vt 0.663227 0.446282
vt 0.117141 0.648536
vt 0.352395 0.573604
vt 0.674400 0.450469
vt 0.123608 0.645688
vt 0.352395 0.584217
vt 0.150944 0.634290
vt 0.189225 0.793721
vt 0.244440 0.631453
vt 0.188058 0.848545
vt 0.253253 0.631649
vt 0.188058 0.836568
vt 0.124732 0.499835
vt 0.189225 0.890884
vt 0.188181 0.824751
vt 0.188773 0.881817
vt 0.188421 0.871514
vt 0.274721 0.631894
vt 0.165840 0.668305
vt 0.108829 0.666699
vt 0.213144 0.500404
vt 0.203430 0.500130
vt 0.192661 0.499905
vt 0.298394 0.631906
vt 0.134263 0.499685
vt 0.181200 0.499733
vt 0.310187 0.631826
vt 0.169353 0.499622
vt 0.321563 0.631693
vt 0.341557 0.631283
vt 0.204373 0.673273
vt 0.349656 0.631016
vt 0.196680 0.671849
vt 0.187477 0.670517
vt 0.154066 0.667497
vt 0.142077 0.666914
vt 0.130346 0.666587
vt 0.188774 0.803002
vt 0.285937 0.631928
vt 0.145789 0.499595
vt 0.263481 0.631799
vt 0.177114 0.669324
vt 0.119104 0.666512
vt 0.332108 0.631509
vt 0.188421 0.813440
vt 0.188181 0.860309
vt 0.156968 0.499577
vt 0.134856 0.580639
vt 0.122944 0.611165
vt 0.177194 0.836482
vt 0.942904 0.050444
vt 0.251808 0.520205
vt 0.250282 0.578586
vt 0.639374 0.439418
vt 0.176193 0.823968
vt 0.942140 0.063057
vt 0.172949 0.812119
vt 0.940334 0.075099
vt 0.258299 0.563143
vt 0.237279 0.602342
vt 0.934486 0.097097
vt 0.167610 0.801168
vt 0.232604 0.610342
vt 0.937687 0.086323
vt 0.176059 0.849144
vt 0.942217 0.037809
vt 0.243132 0.591877
vt 0.172688 0.861356
vt 0.940462 0.025725
vt 0.263892 0.550963
vt 0.110891 0.634252
vt 0.685804 0.447736
vt 0.614805 0.444314
vt 0.626847 0.441105
vt 0.651924 0.439130
vt 0.664145 0.440428
vt 0.239192 0.496757
vt 0.107502 0.641579
vt 0.675583 0.443278
vt 0.235499 0.489389
vt 0.603724 0.449031
vt 0.131359 0.595781
vt 0.245211 0.507837
vt 0.116546 0.623459
vt 0.260378 0.535765
vt 0.104641 0.521075
vt 0.167319 0.872759
vt 0.937829 0.014535
vt 0.108914 0.529015
vt 0.934675 0.003749
vt 0.114366 0.539416
vt 0.119986 0.550858
vt 0.129117 0.568140
vt 0.287873 0.526263
vt 0.248239 0.489878
vt 0.242461 0.485107
vt 0.605451 0.454253
vt 0.616109 0.448665
vt 0.627611 0.444889
vt 0.256369 0.497215
vt 0.161623 0.751407
vt 0.193959 0.595837
vt 0.192388 0.757332
vt 0.137865 0.751102
vt 0.126118 0.752110
vt 0.127730 0.634108
vt 0.136806 0.625819
vt 0.276789 0.516061
vt 0.639576 0.442986
vt 0.265622 0.505533
vt 0.651641 0.442954
vt 0.104478 0.756299
vt 0.213540 0.590778
vt 0.204259 0.593102
vt 0.301025 0.529709
vt 0.182978 0.598801
vt 0.312252 0.532851
vt 0.171662 0.601921
vt 0.323105 0.535866
vt 0.342162 0.541039
vt 0.200168 0.760554
vt 0.349787 0.543039
vt 0.183186 0.754669
vt 0.149860 0.750840
vt 0.663506 0.444831
vt 0.114434 0.646031
vt 0.674776 0.448615
vt 0.119963 0.641284
vt 0.147712 0.615459
vt 0.172850 0.752674
vt 0.114824 0.753825
vt 0.333188 0.538563
vt 0.158687 0.605308
vt 0.181500 0.802954
vt 0.146158 0.533759
vt 0.263450 0.605944
vt 0.175425 0.702840
vt 0.117455 0.701263
vt 0.332235 0.594988
vt 0.183683 0.860319
vt 0.177017 0.793593
vt 0.244280 0.619239
vt 0.185150 0.848543
vt 0.253005 0.613371
vt 0.185561 0.836565
vt 0.124430 0.517900
vt 0.171160 0.891103
vt 0.185272 0.824745
vt 0.116015 0.512066
vt 0.176749 0.881919
vt 0.181290 0.871535
vt 0.275195 0.597470
vt 0.164168 0.701742
vt 0.107206 0.702154
vt 0.213065 0.536133
vt 0.203472 0.536662
vt 0.192848 0.537339
vt 0.299103 0.592560
vt 0.133380 0.523893
vt 0.181588 0.538128
vt 0.310686 0.593462
vt 0.169941 0.538999
vt 0.321850 0.594293
vt 0.341542 0.595589
vt 0.202564 0.707999
vt 0.349539 0.596020
vt 0.194911 0.706023
vt 0.185767 0.704280
vt 0.152387 0.701010
vt 0.140394 0.700692
vt 0.128669 0.700777
vt 0.285382 0.591344
vt 0.183924 0.813428
vt 0.156435 0.540151
vt 0.204704 0.803006
vt 0.145675 0.483657
vt 0.263400 0.647749
vt 0.177884 0.653491
vt 0.119869 0.650681
vt 0.331897 0.647457
vt 0.204112 0.860321
vt 0.205157 0.793745
vt 0.244501 0.647405
vt 0.203990 0.848555
vt 0.253310 0.647601
vt 0.203989 0.836580
vt 0.124847 0.483885
vt 0.205157 0.890879
vt 0.204112 0.824763
vt 0.204705 0.881821
vt 0.204352 0.871527
vt 0.274473 0.647841
vt 0.166607 0.652480
vt 0.109694 0.650898
vt 0.213027 0.484457
vt 0.203427 0.484178
vt 0.192581 0.483952
vt 0.298125 0.647857
vt 0.134688 0.483735
vt 0.181045 0.483782
vt 0.309983 0.647779
vt 0.169133 0.483673
vt 0.321436 0.647646
vt 0.341539 0.647236
vt 0.205157 0.657444
vt 0.349670 0.646969
vt 0.197466 0.656016
vt 0.188255 0.654683
vt 0.154857 0.651664
vt 0.142869 0.651083
vt 0.131127 0.650754
vt 0.286126 0.647878
vt 0.204353 0.813458
vt 0.157148 0.483629
s 1
usemtl UR20_DIFF_8bit_2K_png
f 312/312/142 302/302/143 246/246/144
f 312/312/142 246/246/144 243/243/145
f 177/177/146 184/184/147 153/153/148
f 799/799/149 589/589/150 590/590/151
f 799/799/149 590/590/151 800/800/152
f 783/783/153 782/782/154 563/563/155
f 783/783/153 563/563/155 572/572/156
f 797/797/157 587/587/158 589/589/150
f 797/797/157 589/589/150 799/799/149
f 781/781/159 778/778/160 569/569/161
f 781/781/159 569/569/161 562/562/162
f 796/796/163 586/586/164 588/588/165
f 796/796/163 588/588/165 798/798/166
f 806/806/167 559/559/168 570/570/169
f 806/806/167 570/570/169 767/767/170
f 771/771/171 596/596/172 586/586/164
f 771/771/171 586/586/164 796/796/163
f 794/794/173 584/584/174 559/559/168
f 794/794/173 559/559/168 806/806/167
f 793/793/175 583/583/176 585/585/177
f 793/793/175 585/585/177 795/795/178
f 792/792/179 582/582/180 584/584/174
f 792/792/179 584/584/174 794/794/173
f 790/790/181 581/581/182 583/583/176
f 790/790/181 583/583/176 793/793/175
f 789/789/183 580/580/184 582/582/180
f 789/789/183 582/582/180 792/792/179
f 767/767/170 570/570/169 560/560/185
f 767/767/170 560/560/185 791/791/186
f 804/804/187 468/468/188 581/581/182
f 804/804/187 581/581/182 790/790/181
f 788/788/189 579/579/190 580/580/184
f 788/788/189 580/580/184 789/789/183
f 787/787/191 578/578/192 579/579/190
f 787/787/191 579/579/190 788/788/189
f 784/784/193 561/561/194 468/468/188
f 784/784/193 468/468/188 804/804/187
f 770/770/195 595/595/196 577/577/197
f 770/770/195 577/577/197 786/786/198
f 769/769/199 594/594/200 576/576/201
f 769/769/199 576/576/201 785/785/202
f 768/768/203 573/573/204 561/561/194
f 768/768/203 561/561/194 784/784/193
f 803/803/205 593/593/206 595/595/196
f 803/803/205 595/595/196 770/770/195
f 795/795/178 585/585/177 596/596/172
f 795/795/178 596/596/172 771/771/171
f 802/802/207 592/592/208 593/593/206
f 802/802/207 593/593/206 803/803/205
f 801/801/209 591/591/210 592/592/208
f 801/801/209 592/592/208 802/802/207
f 776/776/211 774/774/212 568/568/213
f 776/776/211 568/568/213 564/564/214
f 785/785/202 576/576/201 591/591/210
f 785/785/202 591/591/210 801/801/209
f 773/773/215 766/766/216 565/565/217
f 773/773/215 565/565/217 567/567/218
f 791/791/186 560/560/185 569/569/161
f 791/791/186 569/569/161 778/778/160
f 336/336/219 337/337/220 265/265/221
f 336/336/219 265/265/221 257/257/222
f 331/331/223 334/334/224 293/293/225
f 331/331/223 293/293/225 291/291/226
f 313/313/227 315/315/228 275/275/229
f 313/313/227 275/275/229 273/273/230
f 300/300/231 303/303/232 235/235/233
f 300/300/231 235/235/233 233/233/234
f 332/332/235 333/333/236 295/295/237
f 332/332/235 295/295/237 289/289/238
f 314/314/239 326/326/240 253/253/241
f 314/314/239 253/253/241 271/271/242
f 301/301/243 304/304/244 248/248/245
f 301/301/243 248/248/245 244/244/246
f 334/334/224 335/335/247 220/220/248
f 334/334/224 220/220/248 293/293/225
f 316/316/249 317/317/250 283/283/251
f 316/316/249 283/283/251 277/277/252
f 302/302/143 305/305/253 250/250/254
f 302/302/143 250/250/254 246/246/144
f 327/327/255 320/320/256 261/261/257
f 327/327/255 261/261/257 255/255/258
f 303/303/232 306/306/259 237/237/260
f 303/303/232 237/237/260 235/235/233
f 317/317/250 319/319/261 226/226/262
f 317/317/250 226/226/262 283/283/251
f 304/304/244 336/336/219 257/257/222
f 304/304/244 257/257/222 248/248/245
f 320/320/256 322/322/263 263/263/264
f 320/320/256 263/263/264 261/261/257
f 305/305/253 307/307/265 259/259/266
f 305/305/253 259/259/266 250/250/254
f 321/321/267 323/323/268 278/278/269
f 321/321/267 278/278/269 227/227/270
f 306/306/259 308/308/271 239/239/272
f 306/306/259 239/239/272 237/237/260
f 322/322/263 324/324/273 284/284/274
f 322/322/263 284/284/274 263/263/264
f 337/337/220 309/309/275 267/267/276
f 337/337/220 267/267/276 265/265/221
f 333/333/236 297/297/277 229/229/278
f 333/333/236 229/229/278 295/295/237
f 323/323/268 328/328/279 280/280/280
f 323/323/268 280/280/280 278/278/269
f 307/307/265 310/310/281 269/269/282
f 307/307/265 269/269/282 259/259/266
f 335/335/247 299/299/283 222/222/284
f 335/335/247 222/222/284 220/220/248
f 324/324/273 330/330/285 287/287/286
f 324/324/273 287/287/286 284/284/274
f 308/308/271 311/311/287 241/241/288
f 308/308/271 241/241/288 239/239/272
f 318/318/289 321/321/267 227/227/270
f 318/318/289 227/227/270 224/224/290
f 325/325/291 327/327/255 255/255/258
f 325/325/291 255/255/258 252/252/292
f 309/309/275 313/313/227 273/273/230
f 309/309/275 273/273/230 267/267/276
f 298/298/293 300/300/231 233/233/234
f 298/298/293 233/233/234 231/231/294
f 328/328/279 332/332/235 289/289/238
f 328/328/279 289/289/238 280/280/280
f 310/310/281 314/314/239 271/271/242
f 310/310/281 271/271/242 269/269/282
f 299/299/283 301/301/243 244/244/246
f 299/299/283 244/244/246 222/222/284
f 329/329/295 331/331/223 291/291/226
f 329/329/295 291/291/226 286/286/296
f 311/311/287 312/312/142 243/243/145
f 311/311/287 243/243/145 241/241/288
f 169/169/297 168/168/298 221/221/299
f 169/169/297 221/221/299 223/223/300
f 156/156/301 177/177/146 225/225/302
f 156/156/301 225/225/302 228/228/303
f 183/183/304 182/182/305 230/230/306
f 183/183/304 230/230/306 232/232/307
f 185/185/308 184/184/147 234/234/309
f 185/185/308 234/234/309 236/236/310
f 186/186/311 185/185/308 236/236/310
f 186/186/311 236/236/310 238/238/312
f 188/188/313 187/187/314 240/240/315
f 188/188/313 240/240/315 242/242/316
f 170/170/317 169/169/297 223/223/300
f 170/170/317 223/223/300 245/245/318
f 157/157/319 188/188/313 242/242/316
f 157/157/319 242/242/316 247/247/320
f 184/184/147 183/183/304 232/232/307
f 184/184/147 232/232/307 234/234/309
f 171/171/321 170/170/317 245/245/318
f 171/171/321 245/245/318 249/249/322
f 158/158/323 157/157/319 247/247/320
f 158/158/323 247/247/320 251/251/324
f 153/153/148 162/162/325 254/254/326
f 153/153/148 254/254/326 256/256/327
f 172/172/328 171/171/321 249/249/322
f 172/172/328 249/249/322 258/258/329
f 159/159/330 158/158/323 251/251/324
f 159/159/330 251/251/324 260/260/331
f 164/164/332 163/163/333 262/262/334
f 164/164/332 262/262/334 264/264/335
f 173/173/336 155/155/337 266/266/338
f 173/173/336 266/266/338 268/268/339
f 160/160/340 159/159/330 260/260/331
f 160/160/340 260/260/331 270/270/341
f 187/187/314 186/186/311 238/238/312
f 187/187/314 238/238/312 240/240/315
f 161/161/342 160/160/340 270/270/341
f 161/161/342 270/270/341 272/272/343
f 174/174/344 173/173/336 268/268/339
f 174/174/344 268/268/339 274/274/345
f 175/175/346 174/174/344 274/274/345
f 175/175/346 274/274/345 276/276/347
f 162/162/325 161/161/342 272/272/343
f 162/162/325 272/272/343 254/254/326
f 179/179/348 178/178/349 279/279/350
f 179/179/348 279/279/350 281/281/351
f 176/176/352 175/175/346 276/276/347
f 176/176/352 276/276/347 282/282/353
f 163/163/333 153/153/148 256/256/327
f 163/163/333 256/256/327 262/262/334
f 177/177/146 176/176/352 282/282/353
f 177/177/146 282/282/353 225/225/302
f 178/178/349 156/156/301 228/228/303
f 178/178/349 228/228/303 279/279/350
f 165/165/354 164/164/332 264/264/335
f 165/165/354 264/264/335 285/285/355
f 166/166/356 165/165/354 285/285/355
f 166/166/356 285/285/355 288/288/357
f 180/180/358 179/179/348 281/281/351
f 180/180/358 281/281/351 290/290/359
f 167/167/360 166/166/356 288/288/357
f 167/167/360 288/288/357 292/292/361
f 154/154/362 167/167/360 292/292/361
f 154/154/362 292/292/361 294/294/363
f 181/181/364 180/180/358 290/290/359
f 181/181/364 290/290/359 296/296/365
f 168/168/298 154/154/362 294/294/363
f 168/168/298 294/294/363 221/221/299
f 155/155/337 172/172/328 258/258/329
f 155/155/337 258/258/329 266/266/338
f 182/182/305 181/181/364 296/296/365
f 182/182/305 296/296/365 230/230/306
f 352/352/366 373/373/367 312/312/142
f 352/352/366 312/312/142 311/311/287
f 367/367/368 369/369/369 331/331/223
f 367/367/368 331/331/223 329/329/295
f 340/340/370 342/342/371 301/301/243
f 340/340/370 301/301/243 299/299/283
f 351/351/372 354/354/373 314/314/239
f 351/351/372 314/314/239 310/310/281
f 366/366/374 370/370/375 332/332/235
f 366/366/374 332/332/235 328/328/279
f 339/339/376 341/341/377 300/300/231
f 339/339/376 300/300/231 298/298/293
f 350/350/378 353/353/379 313/313/227
f 350/350/378 313/313/227 309/309/275
f 364/364/380 376/376/381 327/327/255
f 364/364/380 327/327/255 325/325/291
f 374/374/382 360/360/383 321/321/267
f 374/374/382 321/321/267 318/318/289
f 349/349/384 352/352/366 311/311/287
f 349/349/384 311/311/287 308/308/271
f 363/363/385 368/368/386 330/330/285
f 363/363/385 330/330/285 324/324/273
f 378/378/387 340/340/370 299/299/283
f 378/378/387 299/299/283 335/335/247
f 348/348/388 351/351/372 310/310/281
f 348/348/388 310/310/281 307/307/265
f 362/362/389 366/366/374 328/328/279
f 362/362/389 328/328/279 323/323/268
f 377/377/390 338/338/391 297/297/277
f 377/377/390 297/297/277 333/333/236
f 379/379/392 350/350/378 309/309/275
f 379/379/392 309/309/275 337/337/220
f 361/361/393 363/363/385 324/324/273
f 361/361/393 324/324/273 322/322/263
f 347/347/394 349/349/384 308/308/271
f 347/347/394 308/308/271 306/306/259
f 360/360/383 362/362/389 323/323/268
f 360/360/383 323/323/268 321/321/267
f 346/346/395 348/348/388 307/307/265
f 346/346/395 307/307/265 305/305/253
f 359/359/396 361/361/393 322/322/263
f 359/359/396 322/322/263 320/320/256
f 345/345/397 372/372/398 336/336/219
f 345/345/397 336/336/219 304/304/244
f 358/358/399 375/375/400 319/319/261
f 358/358/399 319/319/261 317/317/250
f 344/344/401 347/347/394 306/306/259
f 344/344/401 306/306/259 303/303/232
f 376/376/381 359/359/396 320/320/256
f 376/376/381 320/320/256 327/327/255
f 343/343/402 346/346/395 305/305/253
f 343/343/402 305/305/253 302/302/143
f 356/356/403 358/358/399 317/317/250
f 356/356/403 317/317/250 316/316/249
f 371/371/404 378/378/387 335/335/247
f 371/371/404 335/335/247 334/334/224
f 342/342/371 345/345/397 304/304/244
f 342/342/371 304/304/244 301/301/243
f 354/354/373 365/365/405 326/326/240
f 354/354/373 326/326/240 314/314/239
f 370/370/375 377/377/390 333/333/236
f 370/370/375 333/333/236 332/332/235
f 341/341/377 344/344/401 303/303/232
f 341/341/377 303/303/232 300/300/231
f 353/353/379 355/355/406 315/315/228
f 353/353/379 315/315/228 313/313/227
f 369/369/369 371/371/404 334/334/224
f 369/369/369 334/334/224 331/331/223
f 372/372/398 379/379/392 337/337/220
f 372/372/398 337/337/220 336/336/219
f 373/373/367 343/343/402 302/302/143
f 373/373/367 302/302/143 312/312/142
f 192/192/407 215/215/408 343/343/402
f 192/192/407 343/343/402 373/373/367
f 383/383/409 382/382/410 379/379/392
f 383/383/409 379/379/392 372/372/398
f 205/205/411 217/217/412 371/371/404
f 205/205/411 371/371/404 369/369/369
f 398/398/413 201/201/414 355/355/406
f 398/398/413 355/355/406 353/353/379
f 407/407/415 404/404/416 344/344/401
f 407/407/415 344/344/401 341/341/377
f 385/385/417 380/380/418 377/377/390
f 385/385/417 377/377/390 370/370/375
f 397/397/419 391/391/420 365/365/405
f 397/397/419 365/365/405 354/354/373
f 405/405/421 204/204/422 345/345/397
f 405/405/421 345/345/397 342/342/371
f 217/217/412 384/384/423 378/378/387
f 217/217/412 378/378/387 371/371/404
f 201/201/414 198/198/424 357/357/425
f 201/201/414 357/357/425 355/355/406
f 215/215/408 214/214/426 346/346/395
f 215/215/408 346/346/395 343/343/402
f 219/219/427 393/393/428 359/359/396
f 219/219/427 359/359/396 376/376/381
f 404/404/416 402/402/429 347/347/394
f 404/404/416 347/347/394 344/344/401
f 200/200/430 395/395/431 375/375/400
f 200/200/430 375/375/400 358/358/399
f 204/204/422 383/383/409 372/372/398
f 204/204/422 372/372/398 345/345/397
f 393/393/428 208/208/432 361/361/393
f 393/393/428 361/361/393 359/359/396
f 214/214/426 213/213/433 348/348/388
f 214/214/426 348/348/388 346/346/395
f 216/216/434 197/197/435 362/362/389
f 216/216/434 362/362/389 360/360/383
f 402/402/429 400/400/436 349/349/384
f 402/402/429 349/349/384 347/347/394
f 208/208/432 207/207/437 363/363/385
f 208/208/432 363/363/385 361/361/393
f 382/382/410 203/203/438 350/350/378
f 382/382/410 350/350/378 379/379/392
f 380/380/418 193/193/439 338/338/391
f 380/380/418 338/338/391 377/377/390
f 197/197/435 195/195/440 366/366/374
f 197/197/435 366/366/374 362/362/389
f 213/213/433 211/211/441 351/351/372
f 213/213/433 351/351/372 348/348/388
f 384/384/423 408/408/442 340/340/370
f 384/384/423 340/340/370 378/378/387
f 207/207/437 388/388/443 368/368/386
f 207/207/437 368/368/386 363/363/385
f 400/400/436 399/399/444 352/352/366
f 400/400/436 352/352/366 349/349/384
f 394/394/445 216/216/434 360/360/383
f 394/394/445 360/360/383 374/374/382
f 390/390/446 219/219/427 376/376/381
f 390/390/446 376/376/381 364/364/380
f 203/203/438 398/398/413 353/353/379
f 203/203/438 353/353/379 350/350/378
f 194/194/447 407/407/415 341/341/377
f 194/194/447 341/341/377 339/339/376
f 195/195/440 385/385/417 370/370/375
f 195/195/440 370/370/375 366/366/374
f 211/211/441 397/397/419 354/354/373
f 211/211/441 354/354/373 351/351/372
f 408/408/442 405/405/421 342/342/371
f 408/408/442 342/342/371 340/340/370
f 387/387/448 205/205/411 369/369/369
f 387/387/448 369/369/369 367/367/368
f 399/399/444 192/192/407 373/373/367
f 399/399/444 373/373/367 352/352/366
f 607/607/449 383/383/409 204/204/422
f 607/607/449 204/204/422 632/632/450
f 631/631/451 203/203/438 382/382/410
f 631/631/451 382/382/410 598/598/452
f 610/610/453 398/398/413 203/203/438
f 610/610/453 203/203/438 631/631/451
f 629/629/454 201/201/414 398/398/413
f 629/629/454 398/398/413 610/610/453
f 628/628/455 199/199/456 202/202/457
f 628/628/455 202/202/457 630/630/458
f 600/600/459 394/394/445 199/199/456
f 600/600/459 199/199/456 628/628/455
f 626/626/460 208/208/432 392/392/461
f 626/626/460 392/392/461 609/609/462
f 625/625/463 197/197/435 216/216/434
f 625/625/463 216/216/434 627/627/464
f 624/624/465 207/207/437 208/208/432
f 624/624/465 208/208/432 626/626/460
f 623/623/466 196/196/467 197/197/435
f 623/623/466 197/197/435 625/625/463
f 608/608/468 388/388/443 207/207/437
f 608/608/468 207/207/437 624/624/465
f 597/597/469 386/386/470 196/196/467
f 597/597/469 196/196/467 623/623/466
f 622/622/471 206/206/472 388/388/443
f 622/622/471 388/388/443 608/608/468
f 619/619/473 217/217/412 205/205/411
f 619/619/473 205/205/411 621/621/474
f 599/599/475 384/384/423 217/217/412
f 599/599/475 217/217/412 619/619/473
f 598/598/452 382/382/410 383/383/409
f 598/598/452 383/383/409 607/607/449
f 612/612/476 408/408/442 384/384/423
f 612/612/476 384/384/423 599/599/475
f 627/627/464 216/216/434 394/394/445
f 627/627/464 394/394/445 600/600/459
f 611/611/477 405/405/421 408/408/442
f 611/611/477 408/408/442 612/612/476
f 632/632/450 204/204/422 405/405/421
f 632/632/450 405/405/421 611/611/477
s 0
f 463/463/478 428/428/478 411/411/478
s 1
f 685/685/479 573/573/204 564/564/214
f 685/685/479 564/564/214 699/699/480
f 725/725/481 570/570/169 559/559/168
f 725/725/481 559/559/168 680/680/482
f 714/714/483 680/680/482 559/559/168
f 714/714/483 559/559/168 550/550/484
f 706/706/485 686/686/486 502/502/487
f 706/706/485 502/502/487 546/546/488
f 713/713/489 705/705/490 544/544/491
f 713/713/489 544/544/491 558/558/492
f 539/539/493 503/503/494 505/505/495
f 539/539/493 505/505/495 506/506/496
f 705/705/490 706/706/485 546/546/488
f 705/705/490 546/546/488 544/544/491
f 707/707/497 708/708/498 553/553/499
f 707/707/497 553/553/499 551/551/500
f 703/703/501 716/716/502 545/545/503
f 703/703/501 545/545/503 543/543/504
f 681/681/505 714/714/483 550/550/484
f 681/681/505 550/550/484 548/548/506
f 717/717/507 547/547/508 468/468/188
f 717/717/507 468/468/188 702/702/509
f 709/709/510 712/712/511 557/557/512
f 709/709/510 557/557/512 554/554/513
f 710/710/514 703/703/501 543/543/504
f 710/710/514 543/543/504 555/555/515
f 715/715/516 709/709/510 554/554/513
f 715/715/516 554/554/513 552/552/517
f 689/689/518 575/575/519 191/191/520
f 689/689/518 191/191/520 687/687/521
f 694/694/522 565/565/217 575/575/519
f 694/694/522 575/575/519 689/689/518
f 692/692/523 568/568/213 566/566/524
f 692/692/523 566/566/524 695/695/525
f 699/699/480 564/564/214 568/568/213
f 699/699/480 568/568/213 692/692/523
f 723/723/526 569/569/161 560/560/185
f 723/723/526 560/560/185 724/724/527
f 691/691/528 561/561/194 573/573/204
f 691/691/528 573/573/204 685/685/479
f 483/483/529 541/541/530 523/523/531
f 483/483/529 523/523/531 480/480/532
f 691/691/528 702/702/509 468/468/188
f 691/691/528 468/468/188 561/561/194
f 497/497/533 499/499/534 510/510/535
f 497/497/533 510/510/535 496/496/536
f 515/515/537 517/517/538 492/492/539
f 515/515/537 492/492/539 488/488/540
f 536/536/541 482/482/542 516/516/543
f 536/536/541 516/516/543 487/487/544
f 494/494/545 497/497/533 496/496/536
f 494/494/545 496/496/536 501/501/546
f 509/509/547 512/512/548 514/514/549
f 509/509/547 514/514/549 498/498/550
f 491/491/551 493/493/552 500/500/553
f 491/491/551 500/500/553 486/486/554
f 684/684/555 715/715/516 552/552/517
f 684/684/555 552/552/517 549/549/556
f 473/473/557 533/533/558 535/535/559
f 473/473/557 535/535/559 471/471/560
f 474/474/561 525/525/562 533/533/558
f 474/474/561 533/533/558 473/473/557
f 477/477/563 529/529/564 525/525/562
f 477/477/563 525/525/562 474/474/561
f 480/480/532 523/523/531 528/528/565
f 480/480/532 528/528/565 476/476/566
f 538/538/567 503/503/494 539/539/493
f 538/538/567 539/539/493 508/508/568
f 485/485/569 531/531/570 541/541/530
f 485/485/569 541/541/530 483/483/529
f 708/708/498 711/711/571 556/556/572
f 708/708/498 556/556/572 553/553/499
f 724/724/527 560/560/185 570/570/169
f 724/724/527 570/570/169 725/725/481
f 721/721/573 562/562/162 569/569/161
f 721/721/573 569/569/161 723/723/526
f 522/522/574 481/481/575 530/530/576
f 522/522/574 530/530/576 532/532/577
f 718/718/578 571/571/579 562/562/162
f 718/718/578 562/562/162 721/721/573
f 537/537/580 518/518/581 534/534/582
f 537/537/580 534/534/582 469/469/583
f 697/697/584 189/189/585 574/574/586
f 697/697/584 574/574/586 700/700/587
f 717/717/507 684/684/555 549/549/556
f 717/717/507 549/549/556 547/547/508
f 534/534/582 518/518/581 522/522/574
f 534/534/582 522/522/574 532/532/577
f 716/716/502 681/681/505 548/548/506
f 716/716/502 548/548/506 545/545/503
f 686/686/486 539/539/493 506/506/496
f 686/686/486 506/506/496 707/707/497
f 505/505/495 507/507/588 504/504/589
f 505/505/495 504/504/589 506/506/496
f 536/536/541 489/489/590 490/490/591
f 536/536/541 490/490/591 482/482/542
f 511/511/592 540/540/593 484/484/594
f 511/511/592 484/484/594 513/513/595
f 683/683/596 698/698/597 518/518/581
f 683/683/596 518/518/581 537/537/580
f 499/499/534 538/538/567 508/508/568
f 499/499/534 508/508/568 510/510/535
f 731/731/598 730/730/599 544/544/491
f 731/731/598 544/544/491 546/546/488
f 730/730/599 729/729/600 558/558/492
f 730/730/599 558/558/492 544/544/491
f 616/616/601 618/618/602 215/215/408
f 616/616/601 215/215/408 192/192/407
f 777/777/603 775/775/604 189/189/585
f 777/777/603 189/189/585 190/190/605
f 732/732/606 742/742/607 549/549/556
f 732/732/606 549/549/556 552/552/517
f 775/775/604 772/772/608 574/574/586
f 775/775/604 574/574/586 189/189/585
f 616/616/601 192/192/407 399/399/444
f 616/616/601 399/399/444 605/605/609
f 780/780/610 777/777/603 190/190/605
f 780/780/610 190/190/605 191/191/520
f 805/805/611 780/780/610 191/191/520
f 805/805/611 191/191/520 575/575/519
f 766/766/216 805/805/611 575/575/519
f 766/766/216 575/575/519 565/565/217
f 772/772/608 783/783/153 572/572/156
f 772/772/608 572/572/156 574/574/586
f 728/728/612 727/727/613 554/554/513
f 728/728/612 554/554/513 557/557/512
f 727/727/613 732/732/606 552/552/517
f 727/727/613 552/552/517 554/554/513
f 743/743/614 551/551/500 553/553/499
f 743/743/614 553/553/499 757/757/615
f 757/757/615 553/553/499 556/556/572
f 757/757/615 556/556/572 759/759/616
f 758/758/617 555/555/515 543/543/504
f 758/758/617 543/543/504 760/760/618
f 760/760/618 543/543/504 545/545/503
f 760/760/618 545/545/503 738/738/619
f 738/738/619 545/545/503 548/548/506
f 738/738/619 548/548/506 739/739/620
f 597/597/469 615/615/621 381/381/622
f 597/597/469 381/381/622 386/386/470
f 739/739/620 548/548/506 550/550/484
f 739/739/620 550/550/484 761/761/623
f 688/688/624 683/683/596 537/537/580
f 688/688/624 537/537/580 535/535/559
f 530/530/576 481/481/575 479/479/625
f 530/530/576 479/479/625 527/527/626
f 526/526/627 478/478/628 475/475/629
f 526/526/627 475/475/629 524/524/630
f 542/542/631 472/472/632 470/470/633
f 542/542/631 470/470/633 521/521/634
f 507/507/588 509/509/547 498/498/550
f 507/507/588 498/498/550 504/504/589
f 540/540/593 515/515/537 488/488/540
f 540/540/593 488/488/540 484/484/594
f 489/489/590 491/491/551 486/486/554
f 489/489/590 486/486/554 490/490/591
f 485/485/569 487/487/544 516/516/543
f 485/485/569 516/516/543 531/531/570
f 535/535/559 537/537/580 469/469/583
f 535/535/559 469/469/583 471/471/560
f 392/392/461 218/218/635 639/639/636
f 392/392/461 639/639/636 609/609/462
f 742/742/607 740/740/637 547/547/508
f 742/742/607 547/547/508 549/549/556
f 193/193/439 381/381/622 615/615/621
f 193/193/439 615/615/621 617/617/638
f 389/389/639 614/614/640 639/639/636
f 389/389/639 639/639/636 218/218/635
f 396/396/641 613/613/642 614/614/640
f 396/396/641 614/614/640 389/389/639
f 209/209/643 637/637/644 613/613/642
f 209/209/643 613/613/642 396/396/641
f 212/212/645 635/635/646 638/638/647
f 212/212/645 638/638/647 210/210/648
f 214/214/426 633/633/649 636/636/650
f 214/214/426 636/636/650 213/213/433
f 215/215/408 618/618/602 633/633/649
f 215/215/408 633/633/649 214/214/426
f 765/765/651 761/761/623 550/550/484
f 765/765/651 550/550/484 559/559/168
f 403/403/652 406/406/653 606/606/654
f 403/403/652 606/606/654 601/601/655
f 726/726/656 740/740/637 615/615/621
f 726/726/656 615/615/621 597/597/469
f 401/401/657 403/403/652 601/601/655
f 401/401/657 601/601/655 602/602/658
f 406/406/653 193/193/439 617/617/638
f 406/406/653 617/617/638 606/606/654
f 400/400/436 402/402/429 603/603/659
f 400/400/436 603/603/659 604/604/660
f 399/399/444 400/400/436 604/604/660
f 399/399/444 604/604/660 605/605/609
f 741/741/661 616/616/601 605/605/609
f 741/741/661 605/605/609 731/731/598
f 741/741/661 743/743/614 618/618/602
f 741/741/661 618/618/602 616/616/601
f 756/756/662 632/632/450 611/611/477
f 756/756/662 611/611/477 736/736/663
f 736/736/663 611/611/477 612/612/476
f 736/736/663 612/612/476 737/737/664
f 751/751/665 627/627/464 600/600/459
f 751/751/665 600/600/459 764/764/666
f 737/737/664 612/612/476 599/599/475
f 737/737/664 599/599/475 763/763/667
f 762/762/668 598/598/452 607/607/449
f 762/762/668 607/607/449 733/733/669
f 763/763/667 599/599/475 619/619/473
f 763/763/667 619/619/473 744/744/670
f 745/745/671 620/620/672 622/622/471
f 745/745/671 622/622/471 746/746/673
f 746/746/673 622/622/471 608/608/468
f 746/746/673 608/608/468 734/734/674
f 726/726/656 597/597/469 623/623/466
f 726/726/656 623/623/466 747/747/675
f 734/734/674 608/608/468 624/624/465
f 734/734/674 624/624/465 748/748/676
f 747/747/675 623/623/466 625/625/463
f 747/747/675 625/625/463 749/749/677
f 748/748/676 624/624/465 626/626/460
f 748/748/676 626/626/460 750/750/678
f 749/749/677 625/625/463 627/627/464
f 749/749/677 627/627/464 751/751/665
f 750/750/678 626/626/460 609/609/462
f 750/750/678 609/609/462 765/765/651
f 764/764/666 600/600/459 628/628/455
f 764/764/666 628/628/455 752/752/679
f 752/752/679 628/628/455 630/630/458
f 752/752/679 630/630/458 754/754/680
f 753/753/681 629/629/454 610/610/453
f 753/753/681 610/610/453 735/735/682
f 735/735/682 610/610/453 631/631/451
f 735/735/682 631/631/451 755/755/683
f 701/701/684 720/720/685 481/481/575
f 701/701/684 481/481/575 522/522/574
f 521/521/634 470/470/633 520/520/686
f 521/521/634 520/520/686 519/519/687
f 517/517/538 519/519/687 520/520/686
f 517/517/538 520/520/686 492/492/539
f 800/800/152 590/590/151 594/594/200
f 800/800/152 594/594/200 769/769/199
f 524/524/630 475/475/629 472/472/632
f 524/524/630 472/472/632 542/542/631
f 840/840/688 666/666/689 674/674/690
f 840/840/688 674/674/690 810/810/691
f 813/813/692 823/823/693 649/649/694
f 813/813/692 649/649/694 678/678/695
f 807/807/696 845/845/697 677/677/698
f 807/807/696 677/677/698 670/670/699
f 845/845/697 821/821/700 647/647/701
f 845/845/697 647/647/701 677/677/698
f 821/821/700 818/818/702 644/644/703
f 821/821/700 644/644/703 647/647/701
f 816/816/704 813/813/692 678/678/695
f 816/816/704 678/678/695 642/642/705
f 818/818/702 816/816/704 642/642/705
f 818/818/702 642/642/705 644/644/703
f 831/831/706 657/657/707 645/645/708
f 831/831/706 645/645/708 819/819/709
f 814/814/710 807/807/696 670/670/699
f 814/814/710 670/670/699 640/640/711
f 825/825/712 651/651/713 667/667/714
f 825/825/712 667/667/714 841/841/715
f 817/817/716 815/815/717 641/641/718
f 817/817/716 641/641/718 643/643/719
f 841/841/715 667/667/714 668/668/720
f 841/841/715 668/668/720 842/842/721
f 842/842/721 668/668/720 669/669/722
f 842/842/721 669/669/722 843/843/723
f 835/835/724 661/661/725 676/676/726
f 835/835/724 676/676/726 812/812/727
f 843/843/723 669/669/722 675/675/728
f 843/843/723 675/675/728 811/811/729
f 809/809/730 673/673/731 650/650/732
f 809/809/730 650/650/732 824/824/733
f 810/810/691 674/674/690 651/651/713
f 810/810/691 651/651/713 825/825/712
f 811/811/729 675/675/728 652/652/734
f 811/811/729 652/652/734 826/826/735
f 824/824/733 650/650/732 671/671/736
f 824/824/733 671/671/736 844/844/737
f 827/827/738 653/653/739 654/654/740
f 827/827/738 654/654/740 828/828/741
f 828/828/741 654/654/740 655/655/742
f 828/828/741 655/655/742 829/829/743
f 844/844/737 671/671/736 656/656/744
f 844/844/737 656/656/744 830/830/745
f 808/808/746 672/672/747 657/657/707
f 808/808/746 657/657/707 831/831/706
f 829/829/743 655/655/742 658/658/748
f 829/829/743 658/658/748 832/832/749
f 830/830/745 656/656/744 659/659/750
f 830/830/745 659/659/750 833/833/751
f 832/832/749 658/658/748 660/660/752
f 832/832/749 660/660/752 834/834/753
f 833/833/751 659/659/750 661/661/725
f 833/833/751 661/661/725 835/835/724
f 834/834/753 660/660/752 679/679/754
f 834/834/753 679/679/754 846/846/755
f 812/812/727 676/676/726 662/662/756
f 812/812/727 662/662/756 836/836/757
f 846/846/755 679/679/754 672/672/747
f 846/846/755 672/672/747 808/808/746
f 776/776/211 768/768/203 673/673/731
f 776/776/211 673/673/731 643/643/719
f 836/836/757 662/662/756 664/664/758
f 836/836/757 664/664/758 838/838/759
f 822/822/760 820/820/761 646/646/762
f 822/822/760 646/646/762 648/648/763
f 837/837/764 663/663/765 665/665/766
f 837/837/764 665/665/766 839/839/767
f 823/823/693 822/822/760 648/648/763
f 823/823/693 648/648/763 649/649/694
f 839/839/767 665/665/766 666/666/689
f 839/839/767 666/666/689 840/840/688
f 574/574/586 572/572/156 719/719/768
f 574/574/586 719/719/768 700/700/587
f 191/191/520 190/190/605 682/682/769
f 191/191/520 682/682/769 687/687/521
f 190/190/605 189/189/585 697/697/584
f 190/190/605 697/697/584 682/682/769
f 502/502/487 686/686/486 707/707/497
f 502/502/487 707/707/497 551/551/500
f 484/484/594 488/488/540 681/681/505
f 484/484/594 681/681/505 716/716/502
f 482/482/542 490/490/591 684/684/555
f 482/482/542 684/684/555 717/717/507
f 518/518/581 698/698/597 701/701/684
f 518/518/581 701/701/684 522/522/574
f 481/481/575 720/720/685 722/722/770
f 481/481/575 722/722/770 479/479/625
f 478/478/628 721/721/573 723/723/526
f 478/478/628 723/723/526 475/475/629
f 472/472/632 724/724/527 725/725/481
f 472/472/632 725/725/481 470/470/633
f 504/504/589 498/498/550 711/711/571
f 504/504/589 711/711/571 708/708/498
f 490/490/591 486/486/554 715/715/516
f 490/490/591 715/715/516 684/684/555
f 531/531/570 516/516/543 702/702/509
f 531/531/570 702/702/509 691/691/528
f 531/531/570 691/691/528 685/685/479
f 531/531/570 685/685/479 541/541/530
f 475/475/629 723/723/526 724/724/527
f 475/475/629 724/724/527 472/472/632
f 523/523/531 699/699/480 692/692/523
f 523/523/531 692/692/523 528/528/565
f 529/529/564 693/693/771 696/696/772
f 529/529/564 696/696/772 525/525/562
f 525/525/562 696/696/772 690/690/773
f 525/525/562 690/690/773 533/533/558
f 533/533/558 690/690/773 688/688/624
f 533/533/558 688/688/624 535/535/559
f 486/486/554 500/500/553 709/709/510
f 486/486/554 709/709/510 715/715/516
f 498/498/550 514/514/549 704/704/774
f 498/498/550 704/704/774 711/711/571
f 500/500/553 495/495/775 712/712/511
f 500/500/553 712/712/511 709/709/510
f 482/482/542 717/717/507 702/702/509
f 482/482/542 702/702/509 516/516/543
f 488/488/540 492/492/539 714/714/483
f 488/488/540 714/714/483 681/681/505
f 513/513/595 484/484/594 716/716/502
f 513/513/595 716/716/502 703/703/501
f 506/506/496 504/504/589 708/708/498
f 506/506/496 708/708/498 707/707/497
f 510/510/535 508/508/568 706/706/485
f 510/510/535 706/706/485 705/705/490
f 496/496/536 510/510/535 705/705/490
f 496/496/536 705/705/490 713/713/489
f 508/508/568 539/539/493 686/686/486
f 508/508/568 686/686/486 706/706/485
f 492/492/539 520/520/686 680/680/482
f 492/492/539 680/680/482 714/714/483
f 470/470/633 725/725/481 680/680/482
f 470/470/633 680/680/482 520/520/686
f 541/541/530 685/685/479 699/699/480
f 541/541/530 699/699/480 523/523/531
f 755/755/683 631/631/451 598/598/452
f 755/755/683 598/598/452 762/762/668
f 733/733/669 607/607/449 632/632/450
f 733/733/669 632/632/450 756/756/662
f 576/576/201 733/733/669 756/756/662
f 576/576/201 756/756/662 591/591/210
f 590/590/151 755/755/683 762/762/668
f 590/590/151 762/762/668 594/594/200
f 589/589/150 735/735/682 755/755/683
f 589/589/150 755/755/683 590/590/151
f 587/587/158 753/753/681 735/735/682
f 587/587/158 735/735/682 589/589/150
f 586/586/164 752/752/679 754/754/680
f 586/586/164 754/754/680 588/588/165
f 596/596/172 764/764/666 752/752/679
f 596/596/172 752/752/679 586/586/164
f 584/584/174 750/750/678 765/765/651
f 584/584/174 765/765/651 559/559/168
f 583/583/176 749/749/677 751/751/665
f 583/583/176 751/751/665 585/585/177
f 582/582/180 748/748/676 750/750/678
f 582/582/180 750/750/678 584/584/174
f 581/581/182 747/747/675 749/749/677
f 581/581/182 749/749/677 583/583/176
f 580/580/184 734/734/674 748/748/676
f 580/580/184 748/748/676 582/582/180
f 468/468/188 726/726/656 747/747/675
f 468/468/188 747/747/675 581/581/182
f 579/579/190 746/746/673 734/734/674
f 579/579/190 734/734/674 580/580/184
f 578/578/192 745/745/671 746/746/673
f 578/578/192 746/746/673 579/579/190
f 595/595/196 763/763/667 744/744/670
f 595/595/196 744/744/670 577/577/197
f 594/594/200 762/762/668 733/733/669
f 594/594/200 733/733/669 576/576/201
f 593/593/206 737/737/664 763/763/667
f 593/593/206 763/763/667 595/595/196
f 585/585/177 751/751/665 764/764/666
f 585/585/177 764/764/666 596/596/172
f 592/592/208 736/736/663 737/737/664
f 592/592/208 737/737/664 593/593/206
f 591/591/210 756/756/662 736/736/663
f 591/591/210 736/736/663 592/592/208
f 502/502/487 551/551/500 743/743/614
f 502/502/487 743/743/614 741/741/661
f 502/502/487 741/741/661 731/731/598
f 502/502/487 731/731/598 546/546/488
f 468/468/188 547/547/508 740/740/637
f 468/468/188 740/740/637 726/726/656
f 609/609/462 639/639/636 761/761/623
f 609/609/462 761/761/623 765/765/651
f 617/617/638 615/615/621 740/740/637
f 617/617/638 740/740/637 742/742/607
f 614/614/640 739/739/620 761/761/623
f 614/614/640 761/761/623 639/639/636
f 613/613/642 738/738/619 739/739/620
f 613/613/642 739/739/620 614/614/640
f 637/637/644 760/760/618 738/738/619
f 637/637/644 738/738/619 613/613/642
f 634/634/776 758/758/617 760/760/618
f 634/634/776 760/760/618 637/637/644
f 633/633/649 757/757/615 759/759/616
f 633/633/649 759/759/616 636/636/650
f 618/618/602 743/743/614 757/757/615
f 618/618/602 757/757/615 633/633/649
f 601/601/655 606/606/654 732/732/606
f 601/601/655 732/732/606 727/727/613
f 602/602/658 601/601/655 727/727/613
f 602/602/658 727/727/613 728/728/612
f 606/606/654 617/617/638 742/742/607
f 606/606/654 742/742/607 732/732/606
f 604/604/660 603/603/659 729/729/600
f 604/604/660 729/729/600 730/730/599
f 605/605/609 604/604/660 730/730/599
f 605/605/609 730/730/599 731/731/598
f 564/564/214 573/573/204 768/768/203
f 564/564/214 768/768/203 776/776/211
f 666/666/689 800/800/152 769/769/199
f 666/666/689 769/769/199 674/674/690
f 678/678/695 649/649/694 783/783/153
f 678/678/695 783/783/153 772/772/608
f 670/670/699 677/677/698 805/805/611
f 670/670/699 805/805/611 766/766/216
f 677/677/698 647/647/701 780/780/610
f 677/677/698 780/780/610 805/805/611
f 647/647/701 644/644/703 777/777/603
f 647/647/701 777/777/603 780/780/610
f 642/642/705 678/678/695 772/772/608
f 642/642/705 772/772/608 775/775/604
f 644/644/703 642/642/705 775/775/604
f 644/644/703 775/775/604 777/777/603
f 657/657/707 791/791/186 778/778/160
f 657/657/707 778/778/160 645/645/708
f 640/640/711 670/670/699 766/766/216
f 640/640/711 766/766/216 773/773/215
f 651/651/713 785/785/202 801/801/209
f 651/651/713 801/801/209 667/667/714
f 643/643/719 641/641/718 774/774/212
f 643/643/719 774/774/212 776/776/211
f 667/667/714 801/801/209 802/802/207
f 667/667/714 802/802/207 668/668/720
f 668/668/720 802/802/207 803/803/205
f 668/668/720 803/803/205 669/669/722
f 661/661/725 795/795/178 771/771/171
f 661/661/725 771/771/171 676/676/726
f 669/669/722 803/803/205 770/770/195
f 669/669/722 770/770/195 675/675/728
f 673/673/731 768/768/203 784/784/193
f 673/673/731 784/784/193 650/650/732
f 674/674/690 769/769/199 785/785/202
f 674/674/690 785/785/202 651/651/713
f 675/675/728 770/770/195 786/786/198
f 675/675/728 786/786/198 652/652/734
f 650/650/732 784/784/193 804/804/187
f 650/650/732 804/804/187 671/671/736
f 653/653/739 787/787/191 788/788/189
f 653/653/739 788/788/189 654/654/740
f 654/654/740 788/788/189 789/789/183
f 654/654/740 789/789/183 655/655/742
f 671/671/736 804/804/187 790/790/181
f 671/671/736 790/790/181 656/656/744
f 672/672/747 767/767/170 791/791/186
f 672/672/747 791/791/186 657/657/707
f 655/655/742 789/789/183 792/792/179
f 655/655/742 792/792/179 658/658/748
f 656/656/744 790/790/181 793/793/175
f 656/656/744 793/793/175 659/659/750
f 658/658/748 792/792/179 794/794/173
f 658/658/748 794/794/173 660/660/752
f 659/659/750 793/793/175 795/795/178
f 659/659/750 795/795/178 661/661/725
f 660/660/752 794/794/173 806/806/167
f 660/660/752 806/806/167 679/679/754
f 676/676/726 771/771/171 796/796/163
f 676/676/726 796/796/163 662/662/756
f 679/679/754 806/806/167 767/767/170
f 679/679/754 767/767/170 672/672/747
f 662/662/756 796/796/163 798/798/166
f 662/662/756 798/798/166 664/664/758
f 648/648/763 646/646/762 779/779/777
f 648/648/763 779/779/777 782/782/154
f 663/663/765 797/797/157 799/799/149
f 663/663/765 799/799/149 665/665/766
f 649/649/694 648/648/763 782/782/154
f 649/649/694 782/782/154 783/783/153
f 665/665/766 799/799/149 800/800/152
f 665/665/766 800/800/152 666/666/689
f 186/186/311 187/187/314 153/153/148
f 187/187/314 188/188/313 153/153/148
f 188/188/313 157/157/319 153/153/148
f 157/157/319 158/158/323 153/153/148
f 158/158/323 159/159/330 153/153/148
f 159/159/330 160/160/340 153/153/148
f 160/160/340 161/161/342 153/153/148
f 161/161/342 162/162/325 153/153/148
f 153/153/148 163/163/333 164/164/332
f 165/165/354 153/153/148 164/164/332
f 165/165/354 166/166/356 154/154/362
f 166/166/356 167/167/360 154/154/362
f 154/154/362 168/168/298 169/169/297
f 165/165/354 154/154/362 153/153/148
f 169/169/297 170/170/317 154/154/362
f 170/170/317 171/171/321 172/172/328
f 172/172/328 155/155/337 173/173/336
f 173/173/336 174/174/344 172/172/328
f 174/174/344 175/175/346 177/177/146
f 172/172/328 174/174/344 177/177/146
f 175/175/346 176/176/352 177/177/146
f 177/177/146 156/156/301 178/178/349
f 178/178/349 179/179/348 177/177/146
f 179/179/348 180/180/358 177/177/146
f 180/180/358 181/181/364 177/177/146
f 181/181/364 182/182/305 177/177/146
f 182/182/305 183/183/304 177/177/146
f 183/183/304 184/184/147 177/177/146
f 184/184/147 185/185/308 153/153/148
f 185/185/308 186/186/311 153/153/148
f 153/153/148 154/154/362 177/177/146
f 170/170/317 172/172/328 154/154/362
f 172/172/328 177/177/146 154/154/362
f 643/643/719 673/673/731 809/809/730
f 643/643/719 809/809/730 817/817/716
s 0
f 415/415/478 413/413/478 411/411/478
f 411/411/478 459/459/478 458/458/478
f 458/458/478 457/457/478 411/411/478
f 457/457/478 455/455/478 411/411/478
f 456/456/778 454/454/778 466/466/778
f 466/466/779 451/451/779 409/409/779
f 453/453/780 450/450/780 449/449/780
f 446/446/781 453/453/781 449/449/781
f 446/446/782 465/465/782 445/445/782
f 444/444/782 443/443/782 448/448/782
f 442/442/783 439/439/783 464/464/783
f 447/447/478 441/441/478 411/411/478
f 440/440/784 437/437/784 462/462/784
f 438/438/478 436/436/478 463/463/478
f 463/463/478 435/435/478 434/434/478
f 432/432/785 430/430/785 426/426/785
f 431/431/786 429/429/786 427/427/786
f 428/428/478 460/460/478 411/411/478
f 461/461/787 425/425/787 424/424/787
f 423/423/788 461/461/788 424/424/788
f 421/421/789 420/420/789 418/418/789
f 419/419/478 417/417/478 422/422/478
f 416/416/784 414/414/784 410/410/784
f 422/422/478 417/417/478 411/411/478
f 467/467/783 412/412/783 456/456/783
f 452/452/478 447/447/478 411/411/478
f 411/411/478 441/441/478 463/463/478
f 427/427/784 462/462/784 433/433/784
f 460/460/478 422/422/478 411/411/478
