mtllib material.mtl
usemtl Black.001
v -0.00000000 0.04469900 0.09494900
v -0.00000000 0.04469900 0.09494900
v -0.00000000 0.04469900 0.09494900
v -0.00571600 0.04433200 0.09494900
v -0.00571600 0.04433200 0.09494900
v -0.00571600 0.04433200 0.09494900
v -0.04285200 0.01271800 0.09494900
v -0.04285200 0.01271800 0.09494900
v -0.04285200 0.01271800 0.09494900
v -0.04285200 0.01271800 0.09494900
v 0.01677400 0.04143300 0.09494900
v 0.01677400 0.04143300 0.09494900
v 0.01677400 0.04143300 0.09494900
v 0.01677400 0.04143300 0.09494900
v 0.01133800 0.04323800 0.09494900
v 0.01133800 0.04323800 0.09494900
v 0.01133800 0.04323800 0.09494900
v 0.00571600 0.04433200 0.09494900
v 0.00571600 0.04433200 0.09494900
v 0.00571600 0.04433200 0.09494900
v 0.00571600 0.04433200 0.09494900
v 0.00571600 0.04433200 0.09494900
v 0.03109700 0.03211000 0.09494900
v 0.03109700 0.03211000 0.09494900
v 0.03109700 0.03211000 0.09494900
v 0.02673500 0.03582300 0.09494900
v 0.02673500 0.03582300 0.09494900
v 0.02673500 0.03582300 0.09494900
v 0.02673500 0.03582300 0.09494900
v 0.02193500 0.03894700 0.09494900
v 0.02193500 0.03894700 0.09494900
v 0.02193500 0.03894700 0.09494900
v 0.02193500 0.03894700 0.09494900
v 0.04087400 0.01809400 0.09494900
v 0.04087400 0.01809400 0.09494900
v 0.04087400 0.01809400 0.09494900
v 0.04087400 0.01809400 0.09494900
v 0.03822400 0.02317200 0.09494900
v 0.03822400 0.02317200 0.09494900
v 0.03822400 0.02317200 0.09494900
v 0.03822400 0.02317200 0.09494900
v 0.03822400 0.02317200 0.09494900
v 0.03494700 0.02787000 0.09494900
v 0.03494700 0.02787000 0.09494900
v 0.03494700 0.02787000 0.09494900
v 0.04467600 0.00143300 0.09494900
v 0.04467600 0.00143300 0.09494900
v 0.04467600 0.00143300 0.09494900
v 0.04412600 0.00713400 0.09494900
v 0.04412600 0.00713400 0.09494900
v 0.04412600 0.00713400 0.09494900
v 0.04412600 0.00713400 0.09494900
v 0.04285200 0.01271800 0.09494900
v 0.04285200 0.01271800 0.09494900
v 0.04285200 0.01271800 0.09494900
v 0.04285200 0.01271800 0.09494900
v 0.04194900 -0.01543800 0.09494900
v 0.04194900 -0.01543800 0.09494900
v 0.04194900 -0.01543800 0.09494900
v 0.04194900 -0.01543800 0.09494900
v 0.04194900 -0.01543800 0.09494900
v 0.04357900 -0.00994700 0.09494900
v 0.04357900 -0.00994700 0.09494900
v 0.04357900 -0.00994700 0.09494900
v 0.04449300 -0.00429200 0.09494900
v 0.04449300 -0.00429200 0.09494900
v 0.04449300 -0.00429200 0.09494900
v 0.03309000 -0.03005100 0.09494900
v 0.03309000 -0.03005100 0.09494900
v 0.03309000 -0.03005100 0.09494900
v 0.03309000 -0.03005100 0.09494900
v 0.03666100 -0.02557300 0.09494900
v 0.03666100 -0.02557300 0.09494900
v 0.03666100 -0.02557300 0.09494900
v 0.03963000 -0.02067500 0.09494900
v 0.03963000 -0.02067500 0.09494900
v 0.03963000 -0.02067500 0.09494900
v 0.03963000 -0.02067500 0.09494900
v 0.01939400 -0.04027300 0.09494900
v 0.01939400 -0.04027300 0.09494900
v 0.01939400 -0.04027300 0.09494900
v 0.01939400 -0.04027300 0.09494900
v 0.01939400 -0.04027300 0.09494900
v 0.02438500 -0.03746200 0.09494900
v 0.02438500 -0.03746200 0.09494900
v 0.02438500 -0.03746200 0.09494900
v 0.02897500 -0.03403600 0.09494900
v 0.02897500 -0.03403600 0.09494900
v 0.02897500 -0.03403600 0.09494900
v 0.02897500 -0.03403600 0.09494900
v 0.00286400 -0.04460800 0.09494900
v 0.00286400 -0.04460800 0.09494900
v 0.00286400 -0.04460800 0.09494900
v 0.00854500 -0.04387500 0.09494900
v 0.00854500 -0.04387500 0.09494900
v 0.00854500 -0.04387500 0.09494900
v 0.00854500 -0.04387500 0.09494900
v 0.00854500 -0.04387500 0.09494900
v 0.01408500 -0.04242200 0.09494900
v 0.01408500 -0.04242200 0.09494900
v 0.01408500 -0.04242200 0.09494900
v -0.01408500 -0.04242200 0.09494900
v -0.01408500 -0.04242200 0.09494900
v -0.01408500 -0.04242200 0.09494900
v -0.01408500 -0.04242200 0.09494900
v -0.00854500 -0.04387500 0.09494900
v -0.00854500 -0.04387500 0.09494900
v -0.00854500 -0.04387500 0.09494900
v -0.00854500 -0.04387500 0.09494900
v -0.00286400 -0.04460800 0.09494900
v -0.00286400 -0.04460800 0.09494900
v -0.00286400 -0.04460800 0.09494900
v -0.00286400 -0.04460800 0.09494900
v -0.00286400 -0.04460800 0.09494900
v -0.02897500 -0.03403600 0.09494900
v -0.02897500 -0.03403600 0.09494900
v -0.02897500 -0.03403600 0.09494900
v -0.02438500 -0.03746200 0.09494900
v -0.02438500 -0.03746200 0.09494900
v -0.02438500 -0.03746200 0.09494900
v -0.02438500 -0.03746200 0.09494900
v -0.01939400 -0.04027300 0.09494900
v -0.01939400 -0.04027300 0.09494900
v -0.01939400 -0.04027300 0.09494900
v -0.01939400 -0.04027300 0.09494900
v -0.03963000 -0.02067500 0.09494900
v -0.03963000 -0.02067500 0.09494900
v -0.03963000 -0.02067500 0.09494900
v -0.03963000 -0.02067500 0.09494900
v -0.03666100 -0.02557300 0.09494900
v -0.03666100 -0.02557300 0.09494900
v -0.03666100 -0.02557300 0.09494900
v -0.03666100 -0.02557300 0.09494900
v -0.03309000 -0.03005100 0.09494900
v -0.03309000 -0.03005100 0.09494900
v -0.03309000 -0.03005100 0.09494900
v -0.03309000 -0.03005100 0.09494900
v -0.04449300 -0.00429200 0.09494900
v -0.04449300 -0.00429200 0.09494900
v -0.04449300 -0.00429200 0.09494900
v -0.04449300 -0.00429200 0.09494900
v -0.04357900 -0.00994700 0.09494900
v -0.04357900 -0.00994700 0.09494900
v -0.04357900 -0.00994700 0.09494900
v -0.04357900 -0.00994700 0.09494900
v -0.04194900 -0.01543800 0.09494900
v -0.04194900 -0.01543800 0.09494900
v -0.04194900 -0.01543800 0.09494900
v -0.04194900 -0.01543800 0.09494900
v -0.04412600 0.00713400 0.09494900
v -0.04412600 0.00713400 0.09494900
v -0.04412600 0.00713400 0.09494900
v -0.04412600 0.00713400 0.09494900
v -0.04467600 0.00143300 0.09494900
v -0.04467600 0.00143300 0.09494900
v -0.04467600 0.00143300 0.09494900
v -0.04467600 0.00143300 0.09494900
v -0.03494700 0.02787000 0.09494900
v -0.03494700 0.02787000 0.09494900
v -0.03494700 0.02787000 0.09494900
v -0.03494700 0.02787000 0.09494900
v -0.03822400 0.02317200 0.09494900
v -0.03822400 0.02317200 0.09494900
v -0.03822400 0.02317200 0.09494900
v -0.03822400 0.02317200 0.09494900
v -0.03822400 0.02317200 0.09494900
v -0.04087400 0.01809400 0.09494900
v -0.04087400 0.01809400 0.09494900
v -0.04087400 0.01809400 0.09494900
v -0.02193500 0.03894700 0.09494900
v -0.02193500 0.03894700 0.09494900
v -0.02193500 0.03894700 0.09494900
v -0.02673500 0.03582300 0.09494900
v -0.02673500 0.03582300 0.09494900
v -0.02673500 0.03582300 0.09494900
v -0.03109700 0.03211000 0.09494900
v -0.03109700 0.03211000 0.09494900
v -0.03109700 0.03211000 0.09494900
v -0.01133800 0.04323800 0.09494900
v -0.01133800 0.04323800 0.09494900
v -0.01133800 0.04323800 0.09494900
v -0.01677400 0.04143300 0.09494900
v -0.01677400 0.04143300 0.09494900
v -0.01677400 0.04143300 0.09494900
v -0.01677400 0.04143300 0.09494900
v -0.01677400 0.04143300 0.09494900
v -0.00575400 0.04463000 0.09442900
v -0.00575400 0.04463000 0.09442900
v -0.00575400 0.04463000 0.09442900
v -0.00575400 0.04463000 0.09442900
v -0.00575400 0.04463000 0.09442900
v -0.01141400 0.04352800 0.09442900
v -0.01141400 0.04352800 0.09442900
v -0.01141400 0.04352800 0.09442900
v -0.01141400 0.04352800 0.09442900
v -0.01141400 0.04352800 0.09442900
v -0.01141400 0.04352800 0.09442900
v -0.01734400 0.04157500 0.09418700
v -0.01734400 0.04157500 0.09418700
v -0.01734400 0.04157500 0.09418700
v -0.01734400 0.04157500 0.09418700
v -0.01734400 0.04157500 0.09418700
v -0.01734400 0.04157500 0.09418700
v -0.01734400 0.04157500 0.09418700
v -0.02208200 0.03920900 0.09442900
v -0.02208200 0.03920900 0.09442900
v -0.02208200 0.03920900 0.09442900
v -0.02208200 0.03920900 0.09442900
v -0.02208200 0.03920900 0.09442900
v -0.02691500 0.03606300 0.09442900
v -0.02691500 0.03606300 0.09442900
v -0.02691500 0.03606300 0.09442900
v -0.02691500 0.03606300 0.09442900
v -0.02691500 0.03606300 0.09442900
v -0.03130500 0.03232500 0.09442900
v -0.03130500 0.03232500 0.09442900
v -0.03130500 0.03232500 0.09442900
v -0.03130500 0.03232500 0.09442900
v -0.03130500 0.03232500 0.09442900
v -0.03130500 0.03232500 0.09442900
v -0.03556900 0.02765000 0.09419800
v -0.03556900 0.02765000 0.09419800
v -0.03556900 0.02765000 0.09419800
v -0.03556900 0.02765000 0.09419800
v -0.03556900 0.02765000 0.09419800
v -0.03556900 0.02765000 0.09419800
v -0.03556900 0.02765000 0.09419800
v -0.03876600 0.02294500 0.09418700
v -0.03876600 0.02294500 0.09418700
v -0.03876600 0.02294500 0.09418700
v -0.03876600 0.02294500 0.09418700
v -0.03876600 0.02294500 0.09418700
v -0.03876600 0.02294500 0.09418700
v -0.04114800 0.01821500 0.09442900
v -0.04114800 0.01821500 0.09442900
v -0.04114800 0.01821500 0.09442900
v -0.04114800 0.01821500 0.09442900
v -0.04114800 0.01821500 0.09442900
v -0.04114800 0.01821500 0.09442900
v -0.04334600 0.01228100 0.09419800
v -0.04334600 0.01228100 0.09419800
v -0.04334600 0.01228100 0.09419800
v -0.04334600 0.01228100 0.09419800
v -0.04334600 0.01228100 0.09419800
v -0.04334600 0.01228100 0.09419800
v -0.04334600 0.01228100 0.09419800
v -0.04334600 0.01228100 0.09419800
v -0.04442300 0.00718200 0.09442900
v -0.04442300 0.00718200 0.09442900
v -0.04442300 0.00718200 0.09442900
v -0.04442300 0.00718200 0.09442900
v -0.04442300 0.00718200 0.09442900
v -0.04501100 0.00082700 0.09443900
v -0.04501100 0.00082700 0.09443900
v -0.04501100 0.00082700 0.09443900
v -0.04501100 0.00082700 0.09443900
v -0.04501100 0.00082700 0.09443900
v -0.04501100 0.00082700 0.09443900
v -0.04474700 -0.00514900 0.09419400
v -0.04474700 -0.00514900 0.09419400
v -0.04474700 -0.00514900 0.09419400
v -0.04474700 -0.00514900 0.09419400
v -0.04474700 -0.00514900 0.09419400
v -0.04474700 -0.00514900 0.09419400
v -0.04474700 -0.00514900 0.09419400
v -0.04474700 -0.00514900 0.09419400
v -0.04387100 -0.01001300 0.09442900
v -0.04387100 -0.01001300 0.09442900
v -0.04387100 -0.01001300 0.09442900
v -0.04387100 -0.01001300 0.09442900
v -0.04387100 -0.01001300 0.09442900
v -0.04223100 -0.01554100 0.09442900
v -0.04223100 -0.01554100 0.09442900
v -0.04223100 -0.01554100 0.09442900
v -0.04223100 -0.01554100 0.09442900
v -0.04223100 -0.01554100 0.09442900
v -0.04223100 -0.01554100 0.09442900
v -0.03989600 -0.02081400 0.09442900
v -0.03989600 -0.02081400 0.09442900
v -0.03989600 -0.02081400 0.09442900
v -0.03989600 -0.02081400 0.09442900
v -0.03989600 -0.02081400 0.09442900
v -0.03989600 -0.02081400 0.09442900
v -0.03690700 -0.02574500 0.09442900
v -0.03690700 -0.02574500 0.09442900
v -0.03690700 -0.02574500 0.09442900
v -0.03690700 -0.02574500 0.09442900
v -0.03690700 -0.02574500 0.09442900
v -0.03690700 -0.02574500 0.09442900
v -0.03331200 -0.03025300 0.09442900
v -0.03331200 -0.03025300 0.09442900
v -0.03331200 -0.03025300 0.09442900
v -0.03331200 -0.03025300 0.09442900
v -0.03331200 -0.03025300 0.09442900
v -0.02917000 -0.03426500 0.09442900
v -0.02917000 -0.03426500 0.09442900
v -0.02917000 -0.03426500 0.09442900
v -0.02917000 -0.03426500 0.09442900
v -0.02917000 -0.03426500 0.09442900
v -0.02917000 -0.03426500 0.09442900
v -0.02410700 -0.03806000 0.09419800
v -0.02410700 -0.03806000 0.09419800
v -0.02410700 -0.03806000 0.09419800
v -0.02410700 -0.03806000 0.09419800
v -0.02410700 -0.03806000 0.09419800
v -0.02410700 -0.03806000 0.09419800
v -0.02410700 -0.03806000 0.09419800
v -0.01904200 -0.04083000 0.09419800
v -0.01904200 -0.04083000 0.09419800
v -0.01904200 -0.04083000 0.09419800
v -0.01904200 -0.04083000 0.09419800
v -0.01904200 -0.04083000 0.09419800
v -0.01904200 -0.04083000 0.09419800
v -0.01904200 -0.04083000 0.09419800
v -0.01418000 -0.04270700 0.09442900
v -0.01418000 -0.04270700 0.09442900
v -0.01418000 -0.04270700 0.09442900
v -0.01418000 -0.04270700 0.09442900
v -0.01418000 -0.04270700 0.09442900
v -0.00806200 -0.04432500 0.09419800
v -0.00806200 -0.04432500 0.09419800
v -0.00806200 -0.04432500 0.09419800
v -0.00806200 -0.04432500 0.09419800
v -0.00806200 -0.04432500 0.09419800
v -0.00806200 -0.04432500 0.09419800
v -0.00806200 -0.04432500 0.09419800
v -0.00241200 -0.04498300 0.09418700
v -0.00241200 -0.04498300 0.09418700
v -0.00241200 -0.04498300 0.09418700
v -0.00241200 -0.04498300 0.09418700
v -0.00241200 -0.04498300 0.09418700
v -0.00241200 -0.04498300 0.09418700
v 0.00288300 -0.04490700 0.09442900
v 0.00288300 -0.04490700 0.09442900
v 0.00288300 -0.04490700 0.09442900
v 0.00288300 -0.04490700 0.09442900
v 0.00288300 -0.04490700 0.09442900
v 0.00288300 -0.04490700 0.09442900
v 0.00907700 -0.04412400 0.09418700
v 0.00907700 -0.04412400 0.09418700
v 0.00907700 -0.04412400 0.09418700
v 0.00907700 -0.04412400 0.09418700
v 0.00907700 -0.04412400 0.09418700
v 0.00907700 -0.04412400 0.09418700
v 0.00907700 -0.04412400 0.09418700
v 0.01418000 -0.04270700 0.09442900
v 0.01418000 -0.04270700 0.09442900
v 0.01418000 -0.04270700 0.09442900
v 0.01418000 -0.04270700 0.09442900
v 0.01418000 -0.04270700 0.09442900
v 0.01418000 -0.04270700 0.09442900
v 0.01997200 -0.04037800 0.09418700
v 0.01997200 -0.04037800 0.09418700
v 0.01997200 -0.04037800 0.09418700
v 0.01997200 -0.04037800 0.09418700
v 0.01997200 -0.04037800 0.09418700
v 0.01997200 -0.04037800 0.09418700
v 0.01997200 -0.04037800 0.09418700
v 0.02454900 -0.03771300 0.09442900
v 0.02454900 -0.03771300 0.09442900
v 0.02454900 -0.03771300 0.09442900
v 0.02454900 -0.03771300 0.09442900
v 0.02454900 -0.03771300 0.09442900
v 0.02454900 -0.03771300 0.09442900
v 0.02962800 -0.03393900 0.09419800
v 0.02962800 -0.03393900 0.09419800
v 0.02962800 -0.03393900 0.09419800
v 0.02962800 -0.03393900 0.09419800
v 0.02962800 -0.03393900 0.09419800
v 0.02962800 -0.03393900 0.09419800
v 0.02962800 -0.03393900 0.09419800
v 0.02962800 -0.03393900 0.09419800
v 0.03331200 -0.03025300 0.09442900
v 0.03331200 -0.03025300 0.09442900
v 0.03331200 -0.03025300 0.09442900
v 0.03331200 -0.03025300 0.09442900
v 0.03690700 -0.02574500 0.09442900
v 0.03690700 -0.02574500 0.09442900
v 0.03690700 -0.02574500 0.09442900
v 0.03690700 -0.02574500 0.09442900
v 0.03690700 -0.02574500 0.09442900
v 0.03690700 -0.02574500 0.09442900
v 0.04019900 -0.02034100 0.09419800
v 0.04019900 -0.02034100 0.09419800
v 0.04019900 -0.02034100 0.09419800
v 0.04019900 -0.02034100 0.09419800
v 0.04019900 -0.02034100 0.09419800
v 0.04019900 -0.02034100 0.09419800
v 0.04019900 -0.02034100 0.09419800
v 0.04243700 -0.01511200 0.09418700
v 0.04243700 -0.01511200 0.09418700
v 0.04243700 -0.01511200 0.09418700
v 0.04243700 -0.01511200 0.09418700
v 0.04243700 -0.01511200 0.09418700
v 0.04243700 -0.01511200 0.09418700
v 0.04387100 -0.01001300 0.09442900
v 0.04387100 -0.01001300 0.09442900
v 0.04387100 -0.01001300 0.09442900
v 0.04387100 -0.01001300 0.09442900
v 0.04387100 -0.01001300 0.09442900
v 0.04479100 -0.00432100 0.09442900
v 0.04479100 -0.00432100 0.09442900
v 0.04479100 -0.00432100 0.09442900
v 0.04479100 -0.00432100 0.09442900
v 0.04479100 -0.00432100 0.09442900
v 0.04497600 0.00144200 0.09442900
v 0.04497600 0.00144200 0.09442900
v 0.04497600 0.00144200 0.09442900
v 0.04497600 0.00144200 0.09442900
v 0.04497600 0.00144200 0.09442900
v 0.04497600 0.00144200 0.09442900
v 0.04442300 0.00718200 0.09442900
v 0.04442300 0.00718200 0.09442900
v 0.04442300 0.00718200 0.09442900
v 0.04442300 0.00718200 0.09442900
v 0.04442300 0.00718200 0.09442900
v 0.04442300 0.00718200 0.09442900
v 0.04302800 0.01335400 0.09419800
v 0.04302800 0.01335400 0.09419800
v 0.04302800 0.01335400 0.09419800
v 0.04302800 0.01335400 0.09419800
v 0.04302800 0.01335400 0.09419800
v 0.04302800 0.01335400 0.09419800
v 0.04302800 0.01335400 0.09419800
v 0.04302800 0.01335400 0.09419800
v 0.04114800 0.01821500 0.09442900
v 0.04114800 0.01821500 0.09442900
v 0.04114800 0.01821500 0.09442900
v 0.04114800 0.01821500 0.09442900
v 0.04114800 0.01821500 0.09442900
v 0.03827400 0.02375700 0.09418700
v 0.03827400 0.02375700 0.09418700
v 0.03827400 0.02375700 0.09418700
v 0.03827400 0.02375700 0.09418700
v 0.03827400 0.02375700 0.09418700
v 0.03827400 0.02375700 0.09418700
v 0.03827400 0.02375700 0.09418700
v 0.03518200 0.02805700 0.09442900
v 0.03518200 0.02805700 0.09442900
v 0.03518200 0.02805700 0.09442900
v 0.03518200 0.02805700 0.09442900
v 0.03518200 0.02805700 0.09442900
v 0.03130500 0.03232500 0.09442900
v 0.03130500 0.03232500 0.09442900
v 0.03130500 0.03232500 0.09442900
v 0.03130500 0.03232500 0.09442900
v 0.03130500 0.03232500 0.09442900
v 0.03130500 0.03232500 0.09442900
v 0.02649600 0.03643700 0.09419800
v 0.02649600 0.03643700 0.09419800
v 0.02649600 0.03643700 0.09419800
v 0.02649600 0.03643700 0.09419800
v 0.02649600 0.03643700 0.09419800
v 0.02649600 0.03643700 0.09419800
v 0.02649600 0.03643700 0.09419800
v 0.02649600 0.03643700 0.09419800
v 0.02208200 0.03920900 0.09442900
v 0.02208200 0.03920900 0.09442900
v 0.02208200 0.03920900 0.09442900
v 0.02208200 0.03920900 0.09442900
v 0.02208200 0.03920900 0.09442900
v 0.01688700 0.04171100 0.09442900
v 0.01688700 0.04171100 0.09442900
v 0.01688700 0.04171100 0.09442900
v 0.01688700 0.04171100 0.09442900
v 0.01688700 0.04171100 0.09442900
v 0.01141400 0.04352800 0.09442900
v 0.01141400 0.04352800 0.09442900
v 0.01141400 0.04352800 0.09442900
v 0.01141400 0.04352800 0.09442900
v 0.01141400 0.04352800 0.09442900
v 0.01141400 0.04352800 0.09442900
v 0.00528900 0.04473600 0.09418700
v 0.00528900 0.04473600 0.09418700
v 0.00528900 0.04473600 0.09418700
v 0.00528900 0.04473600 0.09418700
v 0.00528900 0.04473600 0.09418700
v 0.00528900 0.04473600 0.09418700
v 0.00528900 0.04473600 0.09418700
v -0.00000000 0.04499900 0.09442900
v -0.00000000 0.04499900 0.09442900
v -0.00000000 0.04499900 0.09442900
v -0.00000000 0.04499900 0.09442900
v -0.00000000 0.04499900 0.09442900
v -0.04463000 0.00575400 0.09414900
v -0.04463000 0.00575400 0.09414900
v -0.04463000 0.00575400 0.09414900
v -0.04463000 0.00575400 0.09414900
v -0.04463000 0.00575400 0.09414900
v -0.04499900 -0.00000000 0.09414900
v -0.04499900 -0.00000000 0.09414900
v -0.04499900 -0.00000000 0.09414900
v -0.04499900 -0.00000000 0.09414900
v -0.04171100 0.01688700 0.09414900
v -0.04171100 0.01688700 0.09414900
v -0.04171100 0.01688700 0.09414900
v -0.04171100 0.01688700 0.09414900
v -0.04171100 0.01688700 0.09414900
v -0.03232500 0.03130500 0.09414900
v -0.03232500 0.03130500 0.09414900
v -0.03232500 0.03130500 0.09414900
v -0.03232500 0.03130500 0.09414900
v -0.02805700 0.03518200 0.09414900
v -0.02805700 0.03518200 0.09414900
v -0.02805700 0.03518200 0.09414900
v -0.02805700 0.03518200 0.09414900
v -0.02332700 0.03848100 0.09414900
v -0.02332700 0.03848100 0.09414900
v -0.02332700 0.03848100 0.09414900
v -0.02332700 0.03848100 0.09414900
v -0.02332700 0.03848100 0.09414900
v -0.01280400 0.04313900 0.09414900
v -0.01280400 0.04313900 0.09414900
v -0.01280400 0.04313900 0.09414900
v -0.01280400 0.04313900 0.09414900
v -0.00718200 0.04442300 0.09414900
v -0.00718200 0.04442300 0.09414900
v -0.00718200 0.04442300 0.09414900
v -0.00718200 0.04442300 0.09414900
v -0.00144200 0.04497600 0.09414900
v -0.00144200 0.04497600 0.09414900
v -0.00144200 0.04497600 0.09414900
v -0.00144200 0.04497600 0.09414900
v -0.00144200 0.04497600 0.09414900
v 0.01001300 0.04387100 0.09414900
v 0.01001300 0.04387100 0.09414900
v 0.01001300 0.04387100 0.09414900
v 0.01001300 0.04387100 0.09414900
v 0.01554100 0.04223100 0.09414900
v 0.01554100 0.04223100 0.09414900
v 0.01554100 0.04223100 0.09414900
v 0.01554100 0.04223100 0.09414900
v 0.02081400 0.03989600 0.09414900
v 0.02081400 0.03989600 0.09414900
v 0.02081400 0.03989600 0.09414900
v 0.02081400 0.03989600 0.09414900
v 0.02081400 0.03989600 0.09414900
v 0.03025300 0.03331200 0.09414900
v 0.03025300 0.03331200 0.09414900
v 0.03025300 0.03331200 0.09414900
v 0.03025300 0.03331200 0.09414900
v 0.03426500 0.02917000 0.09414900
v 0.03426500 0.02917000 0.09414900
v 0.03426500 0.02917000 0.09414900
v 0.03426500 0.02917000 0.09414900
v 0.03426500 0.02917000 0.09414900
v 0.04054300 0.01952500 0.09414900
v 0.04054300 0.01952500 0.09414900
v 0.04054300 0.01952500 0.09414900
v 0.04054300 0.01952500 0.09414900
v 0.04054300 0.01952500 0.09414900
v 0.04417000 0.00860200 0.09414900
v 0.04417000 0.00860200 0.09414900
v 0.04417000 0.00860200 0.09414900
v 0.04417000 0.00860200 0.09414900
v 0.04490700 0.00288300 0.09414900
v 0.04490700 0.00288300 0.09414900
v 0.04490700 0.00288300 0.09414900
v 0.04490700 0.00288300 0.09414900
v 0.04490700 -0.00288300 0.09414900
v 0.04490700 -0.00288300 0.09414900
v 0.04490700 -0.00288300 0.09414900
v 0.04490700 -0.00288300 0.09414900
v 0.04417000 -0.00860200 0.09414900
v 0.04417000 -0.00860200 0.09414900
v 0.04417000 -0.00860200 0.09414900
v 0.04417000 -0.00860200 0.09414900
v 0.04417000 -0.00860200 0.09414900
v 0.03771300 -0.02454900 0.09414900
v 0.03771300 -0.02454900 0.09414900
v 0.03771300 -0.02454900 0.09414900
v 0.03771300 -0.02454900 0.09414900
v 0.03426500 -0.02917000 0.09414900
v 0.03426500 -0.02917000 0.09414900
v 0.03426500 -0.02917000 0.09414900
v 0.03426500 -0.02917000 0.09414900
v 0.03426500 -0.02917000 0.09414900
v 0.02574500 -0.03690700 0.09414900
v 0.02574500 -0.03690700 0.09414900
v 0.02574500 -0.03690700 0.09414900
v 0.02574500 -0.03690700 0.09414900
v 0.02574500 -0.03690700 0.09414900
v 0.01554100 -0.04223100 0.09414900
v 0.01554100 -0.04223100 0.09414900
v 0.01554100 -0.04223100 0.09414900
v 0.01554100 -0.04223100 0.09414900
v 0.01554100 -0.04223100 0.09414900
v 0.00432100 -0.04479100 0.09414900
v 0.00432100 -0.04479100 0.09414900
v 0.00432100 -0.04479100 0.09414900
v 0.00432100 -0.04479100 0.09414900
v 0.00432100 -0.04479100 0.09414900
v -0.01280400 -0.04313900 0.09414900
v -0.01280400 -0.04313900 0.09414900
v -0.01280400 -0.04313900 0.09414900
v -0.01280400 -0.04313900 0.09414900
v -0.01280400 -0.04313900 0.09414900
v -0.02805700 -0.03518200 0.09414900
v -0.02805700 -0.03518200 0.09414900
v -0.02805700 -0.03518200 0.09414900
v -0.02805700 -0.03518200 0.09414900
v -0.03232500 -0.03130500 0.09414900
v -0.03232500 -0.03130500 0.09414900
v -0.03232500 -0.03130500 0.09414900
v -0.03232500 -0.03130500 0.09414900
v -0.03606300 -0.02691500 0.09414900
v -0.03606300 -0.02691500 0.09414900
v -0.03606300 -0.02691500 0.09414900
v -0.03606300 -0.02691500 0.09414900
v -0.03920900 -0.02208200 0.09414900
v -0.03920900 -0.02208200 0.09414900
v -0.03920900 -0.02208200 0.09414900
v -0.03920900 -0.02208200 0.09414900
v -0.04171100 -0.01688700 0.09414900
v -0.04171100 -0.01688700 0.09414900
v -0.04171100 -0.01688700 0.09414900
v -0.04171100 -0.01688700 0.09414900
v -0.04352800 -0.01141400 0.09414900
v -0.04352800 -0.01141400 0.09414900
v -0.04352800 -0.01141400 0.09414900
v -0.04352800 -0.01141400 0.09414900
v -0.04352800 -0.01141400 0.09414900
v -0.02317200 0.03822400 0.09414900
v -0.02317200 0.03822400 0.09414900
v -0.02317200 0.03822400 0.09414900
v -0.02317200 0.03822400 0.09414900
v -0.01809400 0.04087400 0.09414900
v -0.01809400 0.04087400 0.09414900
v -0.01809400 0.04087400 0.09414900
v -0.01809400 0.04087400 0.09414900
v -0.01809400 0.04087400 0.09414900
v -0.01809400 0.04087400 0.09414900
v -0.01809400 0.04087400 0.09414900
v -0.01271800 0.04285200 0.09414900
v -0.01271800 0.04285200 0.09414900
v -0.01271800 0.04285200 0.09414900
v -0.01271800 0.04285200 0.09414900
v -0.01271800 0.04285200 0.09414900
v -0.01271800 0.04285200 0.09414900
v -0.00713400 0.04412600 0.09414900
v -0.00713400 0.04412600 0.09414900
v -0.00713400 0.04412600 0.09414900
v -0.00713400 0.04412600 0.09414900
v -0.00143300 0.04467600 0.09414900
v -0.00143300 0.04467600 0.09414900
v -0.00143300 0.04467600 0.09414900
v -0.00143300 0.04467600 0.09414900
v -0.00143300 0.04467600 0.09414900
v 0.00429200 0.04449300 0.09414900
v 0.00429200 0.04449300 0.09414900
v 0.00429200 0.04449300 0.09414900
v 0.00429200 0.04449300 0.09414900
v 0.00429200 0.04449300 0.09414900
v 0.00429200 0.04449300 0.09414900
v 0.00994700 0.04357900 0.09414900
v 0.00994700 0.04357900 0.09414900
v 0.00994700 0.04357900 0.09414900
v 0.00994700 0.04357900 0.09414900
v 0.00994700 0.04357900 0.09414900
v 0.00994700 0.04357900 0.09414900
v 0.00994700 0.04357900 0.09414900
v 0.01543800 0.04194900 0.09414900
v 0.01543800 0.04194900 0.09414900
v 0.01543800 0.04194900 0.09414900
v 0.01543800 0.04194900 0.09414900
v 0.02067500 0.03963000 0.09414900
v 0.02067500 0.03963000 0.09414900
v 0.02067500 0.03963000 0.09414900
v 0.02067500 0.03963000 0.09414900
v 0.02557300 0.03666100 0.09414900
v 0.02557300 0.03666100 0.09414900
v 0.02557300 0.03666100 0.09414900
v 0.02557300 0.03666100 0.09414900
v 0.02557300 0.03666100 0.09414900
v 0.02557300 0.03666100 0.09414900
v 0.02557300 0.03666100 0.09414900
v 0.03005100 0.03309000 0.09414900
v 0.03005100 0.03309000 0.09414900
v 0.03005100 0.03309000 0.09414900
v 0.03005100 0.03309000 0.09414900
v 0.03005100 0.03309000 0.09414900
v 0.03005100 0.03309000 0.09414900
v 0.03403600 0.02897500 0.09414900
v 0.03403600 0.02897500 0.09414900
v 0.03403600 0.02897500 0.09414900
v 0.03403600 0.02897500 0.09414900
v 0.03403600 0.02897500 0.09414900
v 0.03746200 0.02438500 0.09414900
v 0.03746200 0.02438500 0.09414900
v 0.03746200 0.02438500 0.09414900
v 0.03746200 0.02438500 0.09414900
v 0.03746200 0.02438500 0.09414900
v 0.03746200 0.02438500 0.09414900
v 0.04027300 0.01939400 0.09414900
v 0.04027300 0.01939400 0.09414900
v 0.04027300 0.01939400 0.09414900
v 0.04027300 0.01939400 0.09414900
v 0.04027300 0.01939400 0.09414900
v 0.04027300 0.01939400 0.09414900
v 0.04027300 0.01939400 0.09414900
v 0.04242200 0.01408500 0.09414900
v 0.04242200 0.01408500 0.09414900
v 0.04242200 0.01408500 0.09414900
v 0.04242200 0.01408500 0.09414900
v 0.04242200 0.01408500 0.09414900
v 0.04242200 0.01408500 0.09414900
v 0.04387500 0.00854500 0.09414900
v 0.04387500 0.00854500 0.09414900
v 0.04387500 0.00854500 0.09414900
v 0.04387500 0.00854500 0.09414900
v 0.04387500 0.00854500 0.09414900
v 0.04387500 0.00854500 0.09414900
v 0.04460800 0.00286400 0.09414900
v 0.04460800 0.00286400 0.09414900
v 0.04460800 0.00286400 0.09414900
v 0.04460800 0.00286400 0.09414900
v 0.04460800 0.00286400 0.09414900
v 0.04460800 -0.00286400 0.09414900
v 0.04460800 -0.00286400 0.09414900
v 0.04460800 -0.00286400 0.09414900
v 0.04460800 -0.00286400 0.09414900
v 0.04387500 -0.00854500 0.09414900
v 0.04387500 -0.00854500 0.09414900
v 0.04387500 -0.00854500 0.09414900
v 0.04387500 -0.00854500 0.09414900
v 0.04387500 -0.00854500 0.09414900
v 0.04242200 -0.01408500 0.09414900
v 0.04242200 -0.01408500 0.09414900
v 0.04242200 -0.01408500 0.09414900
v 0.04242200 -0.01408500 0.09414900
v 0.04242200 -0.01408500 0.09414900
v 0.04242200 -0.01408500 0.09414900
v 0.04027300 -0.01939400 0.09414900
v 0.04027300 -0.01939400 0.09414900
v 0.04027300 -0.01939400 0.09414900
v 0.04027300 -0.01939400 0.09414900
v 0.04027300 -0.01939400 0.09414900
v 0.04027300 -0.01939400 0.09414900
v 0.03746200 -0.02438500 0.09414900
v 0.03746200 -0.02438500 0.09414900
v 0.03746200 -0.02438500 0.09414900
v 0.03746200 -0.02438500 0.09414900
v 0.03746200 -0.02438500 0.09414900
v 0.03746200 -0.02438500 0.09414900
v 0.03746200 -0.02438500 0.09414900
v 0.03403600 -0.02897500 0.09414900
v 0.03403600 -0.02897500 0.09414900
v 0.03403600 -0.02897500 0.09414900
v 0.03403600 -0.02897500 0.09414900
v 0.03005100 -0.03309000 0.09414900
v 0.03005100 -0.03309000 0.09414900
v 0.03005100 -0.03309000 0.09414900
v 0.03005100 -0.03309000 0.09414900
v 0.03005100 -0.03309000 0.09414900
v 0.03005100 -0.03309000 0.09414900
v 0.03005100 -0.03309000 0.09414900
v 0.02557300 -0.03666100 0.09414900
v 0.02557300 -0.03666100 0.09414900
v 0.02557300 -0.03666100 0.09414900
v 0.02557300 -0.03666100 0.09414900
v 0.02557300 -0.03666100 0.09414900
v 0.02557300 -0.03666100 0.09414900
v 0.02067500 -0.03963000 0.09414900
v 0.02067500 -0.03963000 0.09414900
v 0.02067500 -0.03963000 0.09414900
v 0.02067500 -0.03963000 0.09414900
v 0.02067500 -0.03963000 0.09414900
v 0.02067500 -0.03963000 0.09414900
v 0.01543800 -0.04194900 0.09414900
v 0.01543800 -0.04194900 0.09414900
v 0.01543800 -0.04194900 0.09414900
v 0.01543800 -0.04194900 0.09414900
v 0.01543800 -0.04194900 0.09414900
v 0.01543800 -0.04194900 0.09414900
v 0.01543800 -0.04194900 0.09414900
v 0.00994700 -0.04357900 0.09414900
v 0.00994700 -0.04357900 0.09414900
v 0.00994700 -0.04357900 0.09414900
v 0.00994700 -0.04357900 0.09414900
v 0.00994700 -0.04357900 0.09414900
v 0.00994700 -0.04357900 0.09414900
v 0.00429200 -0.04449300 0.09414900
v 0.00429200 -0.04449300 0.09414900
v 0.00429200 -0.04449300 0.09414900
v 0.00429200 -0.04449300 0.09414900
v 0.00429200 -0.04449300 0.09414900
v 0.00429200 -0.04449300 0.09414900
v 0.00429200 -0.04449300 0.09414900
v -0.00143300 -0.04467600 0.09414900
v -0.00143300 -0.04467600 0.09414900
v -0.00143300 -0.04467600 0.09414900
v -0.00143300 -0.04467600 0.09414900
v -0.00143300 -0.04467600 0.09414900
v -0.00143300 -0.04467600 0.09414900
v -0.00713400 -0.04412600 0.09414900
v -0.00713400 -0.04412600 0.09414900
v -0.00713400 -0.04412600 0.09414900
v -0.00713400 -0.04412600 0.09414900
v -0.00713400 -0.04412600 0.09414900
v -0.00713400 -0.04412600 0.09414900
v -0.01271800 -0.04285200 0.09414900
v -0.01271800 -0.04285200 0.09414900
v -0.01271800 -0.04285200 0.09414900
v -0.01271800 -0.04285200 0.09414900
v -0.01271800 -0.04285200 0.09414900
v -0.01271800 -0.04285200 0.09414900
v -0.01271800 -0.04285200 0.09414900
v -0.01809400 -0.04087400 0.09414900
v -0.01809400 -0.04087400 0.09414900
v -0.01809400 -0.04087400 0.09414900
v -0.01809400 -0.04087400 0.09414900
v -0.01809400 -0.04087400 0.09414900
v -0.01809400 -0.04087400 0.09414900
v -0.02317200 -0.03822400 0.09414900
v -0.02317200 -0.03822400 0.09414900
v -0.02317200 -0.03822400 0.09414900
v -0.02317200 -0.03822400 0.09414900
v -0.02317200 -0.03822400 0.09414900
v -0.02317200 -0.03822400 0.09414900
v -0.02317200 -0.03822400 0.09414900
v -0.02787000 -0.03494700 0.09414900
v -0.02787000 -0.03494700 0.09414900
v -0.02787000 -0.03494700 0.09414900
v -0.02787000 -0.03494700 0.09414900
v -0.02787000 -0.03494700 0.09414900
v -0.02787000 -0.03494700 0.09414900
v -0.03211000 -0.03109700 0.09414900
v -0.03211000 -0.03109700 0.09414900
v -0.03211000 -0.03109700 0.09414900
v -0.03211000 -0.03109700 0.09414900
v -0.03211000 -0.03109700 0.09414900
v -0.03582300 -0.02673500 0.09414900
v -0.03582300 -0.02673500 0.09414900
v -0.03582300 -0.02673500 0.09414900
v -0.03582300 -0.02673500 0.09414900
v -0.03894700 -0.02193500 0.09414900
v -0.03894700 -0.02193500 0.09414900
v -0.03894700 -0.02193500 0.09414900
v -0.03894700 -0.02193500 0.09414900
v -0.04143300 -0.01677400 0.09414900
v -0.04143300 -0.01677400 0.09414900
v -0.04143300 -0.01677400 0.09414900
v -0.04143300 -0.01677400 0.09414900
v -0.04143300 -0.01677400 0.09414900
v -0.04323800 -0.01133800 0.09414900
v -0.04323800 -0.01133800 0.09414900
v -0.04323800 -0.01133800 0.09414900
v -0.04323800 -0.01133800 0.09414900
v -0.04433200 -0.00571600 0.09414900
v -0.04433200 -0.00571600 0.09414900
v -0.04433200 -0.00571600 0.09414900
v -0.04433200 -0.00571600 0.09414900
v -0.04433200 -0.00571600 0.09414900
v -0.04433200 -0.00571600 0.09414900
v -0.04433200 -0.00571600 0.09414900
v -0.04469900 -0.00000000 0.09414900
v -0.04469900 -0.00000000 0.09414900
v -0.04469900 -0.00000000 0.09414900
v -0.04469900 -0.00000000 0.09414900
v -0.04469900 -0.00000000 0.09414900
v -0.04469900 -0.00000000 0.09414900
v -0.04433200 0.00571600 0.09414900
v -0.04433200 0.00571600 0.09414900
v -0.04433200 0.00571600 0.09414900
v -0.04433200 0.00571600 0.09414900
v -0.04323800 0.01133800 0.09414900
v -0.04323800 0.01133800 0.09414900
v -0.04323800 0.01133800 0.09414900
v -0.04323800 0.01133800 0.09414900
v -0.04323800 0.01133800 0.09414900
v -0.04323800 0.01133800 0.09414900
v -0.04323800 0.01133800 0.09414900
v -0.04143300 0.01677400 0.09414900
v -0.04143300 0.01677400 0.09414900
v -0.04143300 0.01677400 0.09414900
v -0.04143300 0.01677400 0.09414900
v -0.04143300 0.01677400 0.09414900
v -0.04143300 0.01677400 0.09414900
v -0.03894700 0.02193500 0.09414900
v -0.03894700 0.02193500 0.09414900
v -0.03894700 0.02193500 0.09414900
v -0.03894700 0.02193500 0.09414900
v -0.03894700 0.02193500 0.09414900
v -0.03894700 0.02193500 0.09414900
v -0.03894700 0.02193500 0.09414900
v -0.03582300 0.02673500 0.09414900
v -0.03582300 0.02673500 0.09414900
v -0.03582300 0.02673500 0.09414900
v -0.03582300 0.02673500 0.09414900
v -0.03582300 0.02673500 0.09414900
v -0.03582300 0.02673500 0.09414900
v -0.03211000 0.03109700 0.09414900
v -0.03211000 0.03109700 0.09414900
v -0.03211000 0.03109700 0.09414900
v -0.03211000 0.03109700 0.09414900
v -0.03211000 0.03109700 0.09414900
v -0.03211000 0.03109700 0.09414900
v -0.02787000 0.03494700 0.09414900
v -0.02787000 0.03494700 0.09414900
v -0.02787000 0.03494700 0.09414900
v -0.02787000 0.03494700 0.09414900
v -0.02787000 0.03494700 0.09414900
v -0.04459600 0.00305200 0.09390600
v -0.04459600 0.00305200 0.09390600
v -0.04459600 0.00305200 0.09390600
v -0.04459600 0.00305200 0.09390600
v -0.04459600 0.00305200 0.09390600
v -0.02492900 0.03710600 0.09391000
v -0.02492900 0.03710600 0.09391000
v -0.02492900 0.03710600 0.09391000
v -0.02492900 0.03710600 0.09391000
v -0.02492900 0.03710600 0.09391000
v -0.02492900 0.03710600 0.09391000
v -0.02148900 0.03920000 0.09391100
v -0.02148900 0.03920000 0.09391100
v -0.02148900 0.03920000 0.09391100
v -0.02148900 0.03920000 0.09391100
v -0.02148900 0.03920000 0.09391100
v -0.02148900 0.03920000 0.09391100
v -0.01398700 0.04245800 0.09391000
v -0.01398700 0.04245800 0.09391000
v -0.01398700 0.04245800 0.09391000
v -0.01398700 0.04245800 0.09391000
v -0.01398700 0.04245800 0.09391000
v -0.01781400 0.04100000 0.09391000
v -0.01781400 0.04100000 0.09391000
v -0.01781400 0.04100000 0.09391000
v -0.01781400 0.04100000 0.09391000
v -0.01781400 0.04100000 0.09391000
v 0.00214500 0.04467300 0.09392700
v 0.00214500 0.04467300 0.09392700
v 0.00214500 0.04467300 0.09392700
v 0.00214500 0.04467300 0.09392700
v 0.00214500 0.04467300 0.09392700
v 0.02142800 0.03923300 0.09391100
v 0.02142800 0.03923300 0.09391100
v 0.02142800 0.03923300 0.09391100
v 0.02142800 0.03923300 0.09391100
v 0.02142800 0.03923300 0.09391100
v 0.03870600 0.02235900 0.09390600
v 0.03870600 0.02235900 0.09390600
v 0.03870600 0.02235900 0.09390600
v 0.03870600 0.02235900 0.09390600
v 0.03870600 0.02235900 0.09390600
v 0.04212900 0.01494900 0.09391000
v 0.04212900 0.01494900 0.09391000
v 0.04212900 0.01494900 0.09391000
v 0.04212900 0.01494900 0.09391000
v 0.04212900 0.01494900 0.09391000
v 0.04459800 0.00305700 0.09391000
v 0.04459800 0.00305700 0.09391000
v 0.04459800 0.00305700 0.09391000
v 0.04459800 0.00305700 0.09391000
v 0.04471000 -0.00116600 0.09392700
v 0.04471000 -0.00116600 0.09392700
v 0.04471000 -0.00116600 0.09392700
v 0.04471000 -0.00116600 0.09392700
v 0.04471000 -0.00116600 0.09392700
v 0.04471000 -0.00116600 0.09392700
v 0.03530400 -0.02742000 0.09390900
v 0.03530400 -0.02742000 0.09390900
v 0.03530400 -0.02742000 0.09390900
v 0.03530400 -0.02742000 0.09390900
v 0.03530400 -0.02742000 0.09390900
v 0.02658600 -0.03593700 0.09391000
v 0.02658600 -0.03593700 0.09391000
v 0.02658600 -0.03593700 0.09391000
v 0.02658600 -0.03593700 0.09391000
v 0.02658600 -0.03593700 0.09391000
v 0.01195300 -0.04309800 0.09392700
v 0.01195300 -0.04309800 0.09392700
v 0.01195300 -0.04309800 0.09392700
v 0.01195300 -0.04309800 0.09392700
v 0.01195300 -0.04309800 0.09392700
v -0.00004100 -0.04473400 0.09393400
v -0.00004100 -0.04473400 0.09393400
v -0.00004100 -0.04473400 0.09393400
v -0.00004100 -0.04473400 0.09393400
v -0.00004100 -0.04473400 0.09393400
v -0.00004100 -0.04473400 0.09393400
v -0.00408500 -0.04453800 0.09392700
v -0.00408500 -0.04453800 0.09392700
v -0.00408500 -0.04453800 0.09392700
v -0.00408500 -0.04453800 0.09392700
v -0.00408500 -0.04453800 0.09392700
v -0.01962800 -0.04016400 0.09391100
v -0.01962800 -0.04016400 0.09391100
v -0.01962800 -0.04016400 0.09391100
v -0.01962800 -0.04016400 0.09391100
v -0.01962800 -0.04016400 0.09391100
v -0.02662000 -0.03591200 0.09391000
v -0.02662000 -0.03591200 0.09391000
v -0.02662000 -0.03591200 0.09391000
v -0.02662000 -0.03591200 0.09391000
v -0.02662000 -0.03591200 0.09391000
v -0.03532300 -0.02739700 0.09391000
v -0.03532300 -0.02739700 0.09391000
v -0.03532300 -0.02739700 0.09391000
v -0.03532300 -0.02739700 0.09391000
v -0.03532300 -0.02739700 0.09391000
v -0.04139400 -0.01687900 0.09391000
v -0.04139400 -0.01687900 0.09391000
v -0.04139400 -0.01687900 0.09391000
v -0.04139400 -0.01687900 0.09391000
v -0.04469100 -0.00099500 0.09391000
v -0.04469100 -0.00099500 0.09391000
v -0.04469100 -0.00099500 0.09391000
v -0.04469100 -0.00099500 0.09391000
v -0.04469100 -0.00099500 0.09391000
v -0.04469100 -0.00099500 0.09391000
v -0.04441400 -0.00509500 0.09391200
v -0.04441400 -0.00509500 0.09391200
v -0.04441400 -0.00509500 0.09391200
v -0.04441400 -0.00509500 0.09391200
v -0.04441400 -0.00509500 0.09391200
v 0.03787000 -0.02427800 0.09383600
v 0.03787000 -0.02427800 0.09383600
v 0.03787000 -0.02427800 0.09383600
v 0.03787000 -0.02427800 0.09383600
v 0.03787000 -0.02427800 0.09383600
v 0.03787000 -0.02427800 0.09383600
v 0.04167100 -0.01694400 0.09383600
v 0.04167100 -0.01694400 0.09383600
v 0.04167100 -0.01694400 0.09383600
v 0.04167100 -0.01694400 0.09383600
v 0.04167100 -0.01694400 0.09383600
v 0.04167100 -0.01694400 0.09383600
v 0.04302300 -0.01312500 0.09384000
v 0.04302300 -0.01312500 0.09384000
v 0.04302300 -0.01312500 0.09384000
v 0.04302300 -0.01312500 0.09384000
v 0.04302300 -0.01312500 0.09384000
v 0.03426000 0.02915800 0.09381900
v 0.03426000 0.02915800 0.09381900
v 0.03426000 0.02915800 0.09381900
v 0.03426000 0.02915800 0.09381900
v 0.03426000 0.02915800 0.09381900
v 0.02512300 0.03732000 0.09381900
v 0.02512300 0.03732000 0.09381900
v 0.02512300 0.03732000 0.09381900
v 0.02512300 0.03732000 0.09381900
v 0.02512300 0.03732000 0.09381900
v 0.01413700 0.04270500 0.09383600
v 0.01413700 0.04270500 0.09383600
v 0.01413700 0.04270500 0.09383600
v 0.01413700 0.04270500 0.09383600
v 0.01413700 0.04270500 0.09383600
v 0.01413700 0.04270500 0.09383600
v 0.01413700 0.04270500 0.09383600
v -0.02835500 0.03492200 0.09383600
v -0.02835500 0.03492200 0.09383600
v -0.02835500 0.03492200 0.09383600
v -0.02835500 0.03492200 0.09383600
v -0.02835500 0.03492200 0.09383600
v -0.02835500 0.03492200 0.09383600
v -0.04358500 0.01116400 0.09380300
v -0.04358500 0.01116400 0.09380300
v -0.04358500 0.01116400 0.09380300
v -0.04358500 0.01116400 0.09380300
v -0.04358500 0.01116400 0.09380300
v -0.04403600 -0.00918800 0.09383500
v -0.04403600 -0.00918800 0.09383500
v -0.04403600 -0.00918800 0.09383500
v -0.04403600 -0.00918800 0.09383500
v -0.04403600 -0.00918800 0.09383500
v -0.04403600 -0.00918800 0.09383500
v -0.04302700 -0.01311200 0.09384000
v -0.04302700 -0.01311200 0.09384000
v -0.04302700 -0.01311200 0.09384000
v -0.04302700 -0.01311200 0.09384000
v -0.04302700 -0.01311200 0.09384000
v -0.04168900 -0.01684300 0.09388700
v -0.04168900 -0.01684300 0.09388700
v -0.04168900 -0.01684300 0.09388700
v -0.04168900 -0.01684300 0.09388700
v -0.04168900 -0.01684300 0.09388700
v -0.04168900 -0.01684300 0.09388700
v -0.04168900 -0.01684300 0.09388700
v -0.01216400 -0.04331300 0.09381900
v -0.01216400 -0.04331300 0.09381900
v -0.01216400 -0.04331300 0.09381900
v -0.01216400 -0.04331300 0.09381900
v -0.01216400 -0.04331300 0.09381900
v -0.00811100 -0.04424700 0.09383500
v -0.00811100 -0.04424700 0.09383500
v -0.00811100 -0.04424700 0.09383500
v -0.00811100 -0.04424700 0.09383500
v -0.00811100 -0.04424700 0.09383500
v -0.00811100 -0.04424700 0.09383500
v -0.00404000 -0.04479700 0.09385200
v -0.00404000 -0.04479700 0.09385200
v -0.00404000 -0.04479700 0.09385200
v -0.00404000 -0.04479700 0.09385200
v -0.00404000 -0.04479700 0.09385200
v -0.00404000 -0.04479700 0.09385200
v -0.00404000 -0.04479700 0.09385200
v -0.01969700 -0.04041900 0.09388600
v -0.01969700 -0.04041900 0.09388600
v -0.01969700 -0.04041900 0.09388600
v -0.01969700 -0.04041900 0.09388600
v -0.01969700 -0.04041900 0.09388600
v -0.01969700 -0.04041900 0.09388600
v -0.01969700 -0.04041900 0.09388600
v -0.01603000 -0.04202700 0.09384000
v -0.01603000 -0.04202700 0.09384000
v -0.01603000 -0.04202700 0.09384000
v -0.01603000 -0.04202700 0.09384000
v -0.01603000 -0.04202700 0.09384000
v -0.01603000 -0.04202700 0.09384000
v -0.02335300 -0.03845300 0.09381900
v -0.02335300 -0.03845300 0.09381900
v -0.02335300 -0.03845300 0.09381900
v -0.02335300 -0.03845300 0.09381900
v -0.02335300 -0.03845300 0.09381900
v -0.02686800 -0.03605100 0.09388700
v -0.02686800 -0.03605100 0.09388700
v -0.02686800 -0.03605100 0.09388700
v -0.02686800 -0.03605100 0.09388700
v -0.02686800 -0.03605100 0.09388700
v -0.02686800 -0.03605100 0.09388700
v -0.02686800 -0.03605100 0.09388700
v -0.02997100 -0.03355200 0.09381900
v -0.02997100 -0.03355200 0.09381900
v -0.02997100 -0.03355200 0.09381900
v -0.02997100 -0.03355200 0.09381900
v -0.02997100 -0.03355200 0.09381900
v -0.03287800 -0.03069700 0.09384000
v -0.03287800 -0.03069700 0.09384000
v -0.03287800 -0.03069700 0.09384000
v -0.03287800 -0.03069700 0.09384000
v -0.03287800 -0.03069700 0.09384000
v -0.03287800 -0.03069700 0.09384000
v -0.03559900 -0.02746500 0.09388700
v -0.03559900 -0.02746500 0.09388700
v -0.03559900 -0.02746500 0.09388700
v -0.03559900 -0.02746500 0.09388700
v -0.03559900 -0.02746500 0.09388700
v -0.03559900 -0.02746500 0.09388700
v -0.03559900 -0.02746500 0.09388700
v -0.03992400 -0.02072800 0.09383500
v -0.03992400 -0.02072800 0.09383500
v -0.03992400 -0.02072800 0.09383500
v -0.03992400 -0.02072800 0.09383500
v -0.03992400 -0.02072800 0.09383500
v -0.03992400 -0.02072800 0.09383500
v -0.03789400 -0.02423400 0.09384000
v -0.03789400 -0.02423400 0.09384000
v -0.03789400 -0.02423400 0.09384000
v -0.03789400 -0.02423400 0.09384000
v -0.03789400 -0.02423400 0.09384000
v -0.04466300 -0.00518900 0.09388600
v -0.04466300 -0.00518900 0.09388600
v -0.04466300 -0.00518900 0.09388600
v -0.04466300 -0.00518900 0.09388600
v -0.04466300 -0.00518900 0.09388600
v -0.04466300 -0.00518900 0.09388600
v -0.04466300 -0.00518900 0.09388600
v -0.04499700 -0.00090100 0.09376100
v -0.04499700 -0.00090100 0.09376100
v -0.04499700 -0.00090100 0.09376100
v -0.04499700 -0.00090100 0.09376100
v -0.04499700 -0.00090100 0.09376100
v -0.04442000 0.00710200 0.09383500
v -0.04442000 0.00710200 0.09383500
v -0.04442000 0.00710200 0.09383500
v -0.04442000 0.00710200 0.09383500
v -0.04442000 0.00710200 0.09383500
v -0.04442000 0.00710200 0.09383500
v -0.04442000 0.00710200 0.09383500
v -0.04489000 0.00307600 0.09378200
v -0.04489000 0.00307600 0.09378200
v -0.04489000 0.00307600 0.09378200
v -0.04489000 0.00307600 0.09378200
v -0.04489000 0.00307600 0.09378200
v -0.04489000 0.00307600 0.09378200
v -0.04238200 0.01509100 0.09381900
v -0.04238200 0.01509100 0.09381900
v -0.04238200 0.01509100 0.09381900
v -0.04238200 0.01509100 0.09381900
v -0.04238200 0.01509100 0.09381900
v -0.04238200 0.01509100 0.09381900
v -0.03897500 0.02247200 0.09381900
v -0.03897500 0.02247200 0.09381900
v -0.03897500 0.02247200 0.09381900
v -0.03897500 0.02247200 0.09381900
v -0.03897500 0.02247200 0.09381900
v -0.04083500 0.01886100 0.09384000
v -0.04083500 0.01886100 0.09384000
v -0.04083500 0.01886100 0.09384000
v -0.04083500 0.01886100 0.09384000
v -0.04083500 0.01886100 0.09384000
v -0.04083500 0.01886100 0.09384000
v -0.04083500 0.01886100 0.09384000
v -0.03674400 0.02594500 0.09384000
v -0.03674400 0.02594500 0.09384000
v -0.03674400 0.02594500 0.09384000
v -0.03674400 0.02594500 0.09384000
v -0.03674400 0.02594500 0.09384000
v -0.03674400 0.02594500 0.09384000
v -0.03147100 0.03214300 0.09383500
v -0.03147100 0.03214300 0.09383500
v -0.03147100 0.03214300 0.09383500
v -0.03147100 0.03214300 0.09383500
v -0.03147100 0.03214300 0.09383500
v -0.03147100 0.03214300 0.09383500
v -0.03426400 0.02914800 0.09383500
v -0.03426400 0.02914800 0.09383500
v -0.03426400 0.02914800 0.09383500
v -0.03426400 0.02914800 0.09383500
v -0.03426400 0.02914800 0.09383500
v -0.03426400 0.02914800 0.09383500
v -0.01011000 0.04383300 0.09383600
v -0.01011000 0.04383300 0.09383600
v -0.01011000 0.04383300 0.09383600
v -0.01011000 0.04383300 0.09383600
v -0.01011000 0.04383300 0.09383600
v -0.00611800 0.04456200 0.09384000
v -0.00611800 0.04456200 0.09384000
v -0.00611800 0.04456200 0.09384000
v -0.00611800 0.04456200 0.09384000
v -0.00611800 0.04456200 0.09384000
v -0.00611800 0.04456200 0.09384000
v -0.00200400 0.04493900 0.09383600
v -0.00200400 0.04493900 0.09383600
v -0.00200400 0.04493900 0.09383600
v -0.00200400 0.04493900 0.09383600
v -0.00200400 0.04493900 0.09383600
v -0.00200400 0.04493900 0.09383600
v 0.00608900 0.04457000 0.09383500
v 0.00608900 0.04457000 0.09383500
v 0.00608900 0.04457000 0.09383500
v 0.00608900 0.04457000 0.09383500
v 0.00608900 0.04457000 0.09383500
v 0.00608900 0.04457000 0.09383500
v 0.00206000 0.04492600 0.09385700
v 0.00206000 0.04492600 0.09385700
v 0.00206000 0.04492600 0.09385700
v 0.00206000 0.04492600 0.09385700
v 0.00206000 0.04492600 0.09385700
v 0.00206000 0.04492600 0.09385700
v 0.01011700 0.04383200 0.09383500
v 0.01011700 0.04383200 0.09383500
v 0.01011700 0.04383200 0.09383500
v 0.01011700 0.04383200 0.09383500
v 0.01011700 0.04383200 0.09383500
v 0.01011700 0.04383200 0.09383500
v 0.02151700 0.03948000 0.09388600
v 0.02151700 0.03948000 0.09388600
v 0.02151700 0.03948000 0.09388600
v 0.02151700 0.03948000 0.09388600
v 0.02151700 0.03948000 0.09388600
v 0.02151700 0.03948000 0.09388600
v 0.02151700 0.03948000 0.09388600
v 0.01792500 0.04126100 0.09382300
v 0.01792500 0.04126100 0.09382300
v 0.01792500 0.04126100 0.09382300
v 0.01792500 0.04126100 0.09382300
v 0.01792500 0.04126100 0.09382300
v 0.02842300 0.03486700 0.09383600
v 0.02842300 0.03486700 0.09383600
v 0.02842300 0.03486700 0.09383600
v 0.02842300 0.03486700 0.09383600
v 0.02842300 0.03486700 0.09383600
v 0.02842300 0.03486700 0.09383600
v 0.03144700 0.03216100 0.09384000
v 0.03144700 0.03216100 0.09384000
v 0.03144700 0.03216100 0.09384000
v 0.03144700 0.03216100 0.09384000
v 0.03144700 0.03216100 0.09384000
v 0.03144700 0.03216100 0.09384000
v 0.03144700 0.03216100 0.09384000
v 0.03675100 0.02593400 0.09384000
v 0.03675100 0.02593400 0.09384000
v 0.03675100 0.02593400 0.09384000
v 0.03675100 0.02593400 0.09384000
v 0.03675100 0.02593400 0.09384000
v 0.03675100 0.02593400 0.09384000
v 0.03896700 0.02249900 0.09378500
v 0.03896700 0.02249900 0.09378500
v 0.03896700 0.02249900 0.09378500
v 0.03896700 0.02249900 0.09378500
v 0.03896700 0.02249900 0.09378500
v 0.03896700 0.02249900 0.09378500
v 0.04084100 0.01884900 0.09384000
v 0.04084100 0.01884900 0.09384000
v 0.04084100 0.01884900 0.09384000
v 0.04084100 0.01884900 0.09384000
v 0.04084100 0.01884900 0.09384000
v 0.04084100 0.01884900 0.09384000
v 0.04241200 0.01492800 0.09388700
v 0.04241200 0.01492800 0.09388700
v 0.04241200 0.01492800 0.09388700
v 0.04241200 0.01492800 0.09388700
v 0.04241200 0.01492800 0.09388700
v 0.04241200 0.01492800 0.09388700
v 0.04241200 0.01492800 0.09388700
v 0.04440800 0.00717500 0.09383600
v 0.04440800 0.00717500 0.09383600
v 0.04440800 0.00717500 0.09383600
v 0.04440800 0.00717500 0.09383600
v 0.04440800 0.00717500 0.09383600
v 0.04440800 0.00717500 0.09383600
v 0.04440800 0.00717500 0.09383600
v 0.04358400 0.01114500 0.09382300
v 0.04358400 0.01114500 0.09382300
v 0.04358400 0.01114500 0.09382300
v 0.04358400 0.01114500 0.09382300
v 0.04486700 0.00293200 0.09388700
v 0.04486700 0.00293200 0.09388700
v 0.04486700 0.00293200 0.09388700
v 0.04486700 0.00293200 0.09388700
v 0.04486700 0.00293200 0.09388700
v 0.04486700 0.00293200 0.09388700
v 0.04486700 0.00293200 0.09388700
v 0.04496500 -0.00109000 0.09385300
v 0.04496500 -0.00109000 0.09385300
v 0.04496500 -0.00109000 0.09385300
v 0.04496500 -0.00109000 0.09385300
v 0.04496500 -0.00109000 0.09385300
v 0.04496500 -0.00109000 0.09385300
v 0.04468800 -0.00515200 0.09383600
v 0.04468800 -0.00515200 0.09383600
v 0.04468800 -0.00515200 0.09383600
v 0.04468800 -0.00515200 0.09383600
v 0.04468800 -0.00515200 0.09383600
v 0.04403800 -0.00915800 0.09384000
v 0.04403800 -0.00915800 0.09384000
v 0.04403800 -0.00915800 0.09384000
v 0.04403800 -0.00915800 0.09384000
v 0.04403800 -0.00915800 0.09384000
v 0.04403800 -0.00915800 0.09384000
v 0.03995800 -0.02066300 0.09383600
v 0.03995800 -0.02066300 0.09383600
v 0.03995800 -0.02066300 0.09383600
v 0.03995800 -0.02066300 0.09383600
v 0.03995800 -0.02066300 0.09383600
v 0.03995800 -0.02066300 0.09383600
v 0.03995800 -0.02066300 0.09383600
v 0.03548700 -0.02759800 0.09389100
v 0.03548700 -0.02759800 0.09389100
v 0.03548700 -0.02759800 0.09389100
v 0.03548700 -0.02759800 0.09389100
v 0.03548700 -0.02759800 0.09389100
v 0.03548700 -0.02759800 0.09389100
v 0.03548700 -0.02759800 0.09389100
v 0.02997000 -0.03355300 0.09381900
v 0.02997000 -0.03355300 0.09381900
v 0.02997000 -0.03355300 0.09381900
v 0.02997000 -0.03355300 0.09381900
v 0.02997000 -0.03355300 0.09381900
v 0.03290100 -0.03067700 0.09383500
v 0.03290100 -0.03067700 0.09383500
v 0.03290100 -0.03067700 0.09383500
v 0.03290100 -0.03067700 0.09383500
v 0.03290100 -0.03067700 0.09383500
v 0.03290100 -0.03067700 0.09383500
v 0.02664800 -0.03621500 0.09388700
v 0.02664800 -0.03621500 0.09388700
v 0.02664800 -0.03621500 0.09388700
v 0.02664800 -0.03621500 0.09388700
v 0.02664800 -0.03621500 0.09388700
v 0.02664800 -0.03621500 0.09388700
v 0.02664800 -0.03621500 0.09388700
v 0.01981400 -0.04038500 0.09383500
v 0.01981400 -0.04038500 0.09383500
v 0.01981400 -0.04038500 0.09383500
v 0.01981400 -0.04038500 0.09383500
v 0.01981400 -0.04038500 0.09383500
v 0.01981400 -0.04038500 0.09383500
v 0.02337100 -0.03843900 0.09382300
v 0.02337100 -0.03843900 0.09382300
v 0.02337100 -0.03843900 0.09382300
v 0.02337100 -0.03843900 0.09382300
v 0.02337100 -0.03843900 0.09382300
v 0.01598500 -0.04204800 0.09383600
v 0.01598500 -0.04204800 0.09383600
v 0.01598500 -0.04204800 0.09383600
v 0.01598500 -0.04204800 0.09383600
v 0.01598500 -0.04204800 0.09383600
v 0.01598500 -0.04204800 0.09383600
v 0.01207100 -0.04332800 0.09385300
v 0.01207100 -0.04332800 0.09385300
v 0.01207100 -0.04332800 0.09385300
v 0.01207100 -0.04332800 0.09385300
v 0.01207100 -0.04332800 0.09385300
v 0.01207100 -0.04332800 0.09385300
v 0.01207100 -0.04332800 0.09385300
v 0.00412700 -0.04479500 0.09383500
v 0.00412700 -0.04479500 0.09383500
v 0.00412700 -0.04479500 0.09383500
v 0.00412700 -0.04479500 0.09383500
v 0.00412700 -0.04479500 0.09383500
v 0.00412700 -0.04479500 0.09383500
v 0.00814500 -0.04424300 0.09382300
v 0.00814500 -0.04424300 0.09382300
v 0.00814500 -0.04424300 0.09382300
v 0.00814500 -0.04424300 0.09382300
v 0.00814500 -0.04424300 0.09382300
v -0.01798900 0.04120800 0.09388600
v -0.01798900 0.04120800 0.09388600
v -0.01798900 0.04120800 0.09388600
v -0.01798900 0.04120800 0.09388600
v -0.01798900 0.04120800 0.09388600
v -0.01798900 0.04120800 0.09388600
v -0.01395800 0.04274100 0.09388700
v -0.01395800 0.04274100 0.09388700
v -0.01395800 0.04274100 0.09388700
v -0.01395800 0.04274100 0.09388700
v -0.01395800 0.04274100 0.09388700
v -0.01395800 0.04274100 0.09388700
v -0.01395800 0.04274100 0.09388700
v -0.02166200 0.03940100 0.09388600
v -0.02166200 0.03940100 0.09388600
v -0.02166200 0.03940100 0.09388600
v -0.02166200 0.03940100 0.09388600
v -0.02166200 0.03940100 0.09388600
v -0.02166200 0.03940100 0.09388600
v -0.02166200 0.03940100 0.09388600
v -0.02505300 0.03732800 0.09389100
v -0.02505300 0.03732800 0.09389100
v -0.02505300 0.03732800 0.09389100
v -0.02505300 0.03732800 0.09389100
v -0.02505300 0.03732800 0.09389100
v -0.00814700 -0.04398500 0.09393400
v -0.00814700 -0.04398500 0.09393400
v -0.00814700 -0.04398500 0.09393400
v -0.00814700 -0.04398500 0.09393400
v -0.00814700 -0.04398500 0.09393400
v -0.00814700 -0.04398500 0.09393400
v -0.01219400 -0.04308100 0.09394100
v -0.01219400 -0.04308100 0.09394100
v -0.01219400 -0.04308100 0.09394100
v -0.01219400 -0.04308100 0.09394100
v -0.01219400 -0.04308100 0.09394100
v -0.01219400 -0.04308100 0.09394100
v -0.01601400 -0.04176500 0.09393300
v -0.01601400 -0.04176500 0.09393300
v -0.01601400 -0.04176500 0.09393300
v -0.01601400 -0.04176500 0.09393300
v -0.01601400 -0.04176500 0.09393300
v -0.01601400 -0.04176500 0.09393300
v -0.02356500 -0.03805800 0.09394100
v -0.02356500 -0.03805800 0.09394100
v -0.02356500 -0.03805800 0.09394100
v -0.02356500 -0.03805800 0.09394100
v -0.02356500 -0.03805800 0.09394100
v -0.02356500 -0.03805800 0.09394100
v -0.02982800 -0.03337900 0.09394200
v -0.02982800 -0.03337900 0.09394200
v -0.02982800 -0.03337900 0.09394200
v -0.02982800 -0.03337900 0.09394200
v -0.02982800 -0.03337900 0.09394200
v -0.02982800 -0.03337900 0.09394200
v -0.02982800 -0.03337900 0.09394200
v -0.03285600 -0.03037100 0.09393400
v -0.03285600 -0.03037100 0.09393400
v -0.03285600 -0.03037100 0.09393400
v -0.03285600 -0.03037100 0.09393400
v -0.03285600 -0.03037100 0.09393400
v -0.03776000 -0.02400200 0.09393500
v -0.03776000 -0.02400200 0.09393500
v -0.03776000 -0.02400200 0.09393500
v -0.03776000 -0.02400200 0.09393500
v -0.03776000 -0.02400200 0.09393500
v -0.03776000 -0.02400200 0.09393500
v -0.03776000 -0.02400200 0.09393500
v -0.03975700 -0.02050800 0.09393400
v -0.03975700 -0.02050800 0.09393400
v -0.03975700 -0.02050800 0.09393400
v -0.03975700 -0.02050800 0.09393400
v -0.03975700 -0.02050800 0.09393400
v -0.03975700 -0.02050800 0.09393400
v -0.04286400 -0.01283300 0.09393500
v -0.04286400 -0.01283300 0.09393500
v -0.04286400 -0.01283300 0.09393500
v -0.04286400 -0.01283300 0.09393500
v -0.04286400 -0.01283300 0.09393500
v -0.04286400 -0.01283300 0.09393500
v -0.04286400 -0.01283300 0.09393500
v -0.04379400 -0.00910000 0.09393300
v -0.04379400 -0.00910000 0.09393300
v -0.04379400 -0.00910000 0.09393300
v -0.04379400 -0.00910000 0.09393300
v -0.04379400 -0.00910000 0.09393300
v -0.04379400 -0.00910000 0.09393300
v -0.04487700 -0.00097800 0.09392000
v -0.04487700 -0.00097800 0.09392000
v -0.04487700 -0.00097800 0.09392000
v -0.04487700 -0.00097800 0.09392000
v -0.04487700 -0.00097800 0.09392000
v -0.04487700 -0.00097800 0.09392000
v -0.04476200 0.00313200 0.09393000
v -0.04476200 0.00313200 0.09393000
v -0.04476200 0.00313200 0.09393000
v -0.04476200 0.00313200 0.09393000
v -0.04476200 0.00313200 0.09393000
v -0.04476200 0.00313200 0.09393000
v -0.04337500 0.01119800 0.09394500
v -0.04337500 0.01119800 0.09394500
v -0.04337500 0.01119800 0.09394500
v -0.04337500 0.01119800 0.09394500
v -0.04337500 0.01119800 0.09394500
v -0.04337500 0.01119800 0.09394500
v -0.04203400 0.01538000 0.09394100
v -0.04203400 0.01538000 0.09394100
v -0.04203400 0.01538000 0.09394100
v -0.04203400 0.01538000 0.09394100
v -0.04203400 0.01538000 0.09394100
v -0.04203400 0.01538000 0.09394100
v -0.03859800 0.02267000 0.09394100
v -0.03859800 0.02267000 0.09394100
v -0.03859800 0.02267000 0.09394100
v -0.03859800 0.02267000 0.09394100
v -0.03859800 0.02267000 0.09394100
v -0.03859800 0.02267000 0.09394100
v -0.04056000 0.01887500 0.09393400
v -0.04056000 0.01887500 0.09393400
v -0.04056000 0.01887500 0.09393400
v -0.04056000 0.01887500 0.09393400
v -0.04056000 0.01887500 0.09393400
v -0.03651500 0.02584100 0.09393400
v -0.03651500 0.02584100 0.09393400
v -0.03651500 0.02584100 0.09393400
v -0.03651500 0.02584100 0.09393400
v -0.03651500 0.02584100 0.09393400
v -0.03651500 0.02584100 0.09393400
v -0.03400300 0.02908100 0.09393500
v -0.03400300 0.02908100 0.09393500
v -0.03400300 0.02908100 0.09393500
v -0.03400300 0.02908100 0.09393500
v -0.03400300 0.02908100 0.09393500
v -0.03400300 0.02908100 0.09393500
v -0.03122800 0.03203100 0.09393400
v -0.03122800 0.03203100 0.09393400
v -0.03122800 0.03203100 0.09393400
v -0.03122800 0.03203100 0.09393400
v -0.03122800 0.03203100 0.09393400
v -0.03122800 0.03203100 0.09393400
v -0.02833800 0.03462200 0.09393400
v -0.02833800 0.03462200 0.09393400
v -0.02833800 0.03462200 0.09393400
v -0.02833800 0.03462200 0.09393400
v -0.02833800 0.03462200 0.09393400
v -0.01004300 0.04360100 0.09393500
v -0.01004300 0.04360100 0.09393500
v -0.01004300 0.04360100 0.09393500
v -0.01004300 0.04360100 0.09393500
v -0.01004300 0.04360100 0.09393500
v -0.01004300 0.04360100 0.09393500
v -0.01004300 0.04360100 0.09393500
v -0.00604200 0.04432400 0.09393400
v -0.00604200 0.04432400 0.09393400
v -0.00604200 0.04432400 0.09393400
v -0.00604200 0.04432400 0.09393400
v -0.00604200 0.04432400 0.09393400
v -0.00604200 0.04432400 0.09393400
v -0.00215900 0.04468900 0.09393400
v -0.00215900 0.04468900 0.09393400
v -0.00215900 0.04468900 0.09393400
v -0.00215900 0.04468900 0.09393400
v -0.00215900 0.04468900 0.09393400
v 0.00619300 0.04430500 0.09393400
v 0.00619300 0.04430500 0.09393400
v 0.00619300 0.04430500 0.09393400
v 0.00619300 0.04430500 0.09393400
v 0.00619300 0.04430500 0.09393400
v 0.00619300 0.04430500 0.09393400
v 0.00619300 0.04430500 0.09393400
v 0.01786000 0.04102800 0.09394100
v 0.01786000 0.04102800 0.09394100
v 0.01786000 0.04102800 0.09394100
v 0.01786000 0.04102800 0.09394100
v 0.01786000 0.04102800 0.09394100
v 0.01786000 0.04102800 0.09394100
v 0.01786000 0.04102800 0.09394100
v 0.01425800 0.04241100 0.09393500
v 0.01425800 0.04241100 0.09393500
v 0.01425800 0.04241100 0.09393500
v 0.01425800 0.04241100 0.09393500
v 0.01425800 0.04241100 0.09393500
v 0.02508100 0.03708900 0.09394100
v 0.02508100 0.03708900 0.09394100
v 0.02508100 0.03708900 0.09394100
v 0.02508100 0.03708900 0.09394100
v 0.02508100 0.03708900 0.09394100
v 0.02508100 0.03708900 0.09394100
v 0.02829000 0.03464800 0.09393300
v 0.02829000 0.03464800 0.09393300
v 0.02829000 0.03464800 0.09393300
v 0.02829000 0.03464800 0.09393300
v 0.02829000 0.03464800 0.09393300
v 0.02829000 0.03464800 0.09393300
v 0.03393300 0.02919000 0.09394100
v 0.03393300 0.02919000 0.09394100
v 0.03393300 0.02919000 0.09394100
v 0.03393300 0.02919000 0.09394100
v 0.03393300 0.02919000 0.09394100
v 0.03393300 0.02919000 0.09394100
v 0.03656000 0.02577800 0.09393400
v 0.03656000 0.02577800 0.09393400
v 0.03656000 0.02577800 0.09393400
v 0.03656000 0.02577800 0.09393400
v 0.03656000 0.02577800 0.09393400
v 0.03656000 0.02577800 0.09393400
v 0.03889500 0.02237500 0.09393000
v 0.03889500 0.02237500 0.09393000
v 0.03889500 0.02237500 0.09393000
v 0.03889500 0.02237500 0.09393000
v 0.03889500 0.02237500 0.09393000
v 0.03889500 0.02237500 0.09393000
v 0.04071900 0.01854300 0.09393400
v 0.04071900 0.01854300 0.09393400
v 0.04071900 0.01854300 0.09393400
v 0.04071900 0.01854300 0.09393400
v 0.04071900 0.01854300 0.09393400
v 0.04071900 0.01854300 0.09393400
v 0.04340300 0.01095800 0.09394200
v 0.04340300 0.01095800 0.09394200
v 0.04340300 0.01095800 0.09394200
v 0.04340300 0.01095800 0.09394200
v 0.04340300 0.01095800 0.09394200
v 0.04340300 0.01095800 0.09394200
v 0.04340300 0.01095800 0.09394200
v 0.04418000 0.00702400 0.09393400
v 0.04418000 0.00702400 0.09393400
v 0.04418000 0.00702400 0.09393400
v 0.04418000 0.00702400 0.09393400
v 0.04418000 0.00702400 0.09393400
v 0.04418000 0.00702400 0.09393400
v 0.04444100 -0.00507500 0.09393300
v 0.04444100 -0.00507500 0.09393300
v 0.04444100 -0.00507500 0.09393300
v 0.04444100 -0.00507500 0.09393300
v 0.04444100 -0.00507500 0.09393300
v 0.04444100 -0.00507500 0.09393300
v 0.04444100 -0.00507500 0.09393300
v 0.04271600 -0.01331800 0.09393500
v 0.04271600 -0.01331800 0.09393500
v 0.04271600 -0.01331800 0.09393500
v 0.04271600 -0.01331800 0.09393500
v 0.04271600 -0.01331800 0.09393500
v 0.04271600 -0.01331800 0.09393500
v 0.04140200 -0.01693100 0.09393300
v 0.04140200 -0.01693100 0.09393300
v 0.04140200 -0.01693100 0.09393300
v 0.04140200 -0.01693100 0.09393300
v 0.04140200 -0.01693100 0.09393300
v 0.04140200 -0.01693100 0.09393300
v 0.03764900 -0.02419200 0.09393600
v 0.03764900 -0.02419200 0.09393600
v 0.03764900 -0.02419200 0.09393600
v 0.03764900 -0.02419200 0.09393600
v 0.03764900 -0.02419200 0.09393600
v 0.02954700 -0.03362600 0.09394100
v 0.02954700 -0.03362600 0.09394100
v 0.02954700 -0.03362600 0.09394100
v 0.02954700 -0.03362600 0.09394100
v 0.02954700 -0.03362600 0.09394100
v 0.02954700 -0.03362600 0.09394100
v 0.03272700 -0.03051000 0.09393500
v 0.03272700 -0.03051000 0.09393500
v 0.03272700 -0.03051000 0.09393500
v 0.03272700 -0.03051000 0.09393500
v 0.03272700 -0.03051000 0.09393500
v 0.03272700 -0.03051000 0.09393500
v 0.02318400 -0.03829300 0.09394200
v 0.02318400 -0.03829300 0.09394200
v 0.02318400 -0.03829300 0.09394200
v 0.02318400 -0.03829300 0.09394200
v 0.02318400 -0.03829300 0.09394200
v 0.02318400 -0.03829300 0.09394200
v 0.02318400 -0.03829300 0.09394200
v 0.01962200 -0.04020100 0.09393400
v 0.01962200 -0.04020100 0.09393400
v 0.01962200 -0.04020100 0.09393400
v 0.01962200 -0.04020100 0.09393400
v 0.01962200 -0.04020100 0.09393400
v 0.01962200 -0.04020100 0.09393400
v 0.01605800 -0.04176000 0.09393400
v 0.01605800 -0.04176000 0.09393400
v 0.01605800 -0.04176000 0.09393400
v 0.01605800 -0.04176000 0.09393400
v 0.01605800 -0.04176000 0.09393400
v 0.00792400 -0.04404800 0.09394100
v 0.00792400 -0.04404800 0.09394100
v 0.00792400 -0.04404800 0.09394100
v 0.00792400 -0.04404800 0.09394100
v 0.00792400 -0.04404800 0.09394100
v 0.00792400 -0.04404800 0.09394100
v 0.00792400 -0.04404800 0.09394100
v -0.00000700 -0.04498000 0.09384000
v -0.00000700 -0.04498000 0.09384000
v -0.00000700 -0.04498000 0.09384000
v -0.00000700 -0.04498000 0.09384000
v -0.00000700 -0.04498000 0.09384000
v -0.00000700 -0.04498000 0.09384000
v -0.04419500 0.00698200 0.09393500
v -0.04419500 0.00698200 0.09393500
v -0.04419500 0.00698200 0.09393500
v -0.04419500 0.00698200 0.09393500
v -0.04419500 0.00698200 0.09393500
v -0.04419500 0.00698200 0.09393500
v 0.01035700 0.04352700 0.09393400
v 0.01035700 0.04352700 0.09393400
v 0.01035700 0.04352700 0.09393400
v 0.01035700 0.04352700 0.09393400
v 0.01035700 0.04352700 0.09393400
v 0.03120900 0.03206100 0.09393500
v 0.03120900 0.03206100 0.09393500
v 0.03120900 0.03206100 0.09393500
v 0.03120900 0.03206100 0.09393500
v 0.03120900 0.03206100 0.09393500
v 0.04380700 -0.00914300 0.09393600
v 0.04380700 -0.00914300 0.09393600
v 0.04380700 -0.00914300 0.09393600
v 0.04380700 -0.00914300 0.09393600
v 0.04380700 -0.00914300 0.09393600
v 0.03978500 -0.02047100 0.09393500
v 0.03978500 -0.02047100 0.09393500
v 0.03978500 -0.02047100 0.09393500
v 0.03978500 -0.02047100 0.09393500
v 0.03978500 -0.02047100 0.09393500
v 0.03978500 -0.02047100 0.09393500
v 0.00380900 -0.04458000 0.09393400
v 0.00380900 -0.04458000 0.09393400
v 0.00380900 -0.04458000 0.09393400
v 0.00380900 -0.04458000 0.09393400
v 0.00380900 -0.04458000 0.09393400
v -0.02501800 0.03736000 0.08516100
v -0.02501800 0.03736000 0.08516100
v -0.02501800 0.03736000 0.08516100
v -0.02501800 0.03736000 0.08516100
v -0.02501800 0.03736000 0.08516100
v -0.02501800 0.03736000 0.08516100
v -0.02501800 0.03736000 0.08516100
v -0.02501800 0.03736000 0.08516100
v 0.00000700 -0.04498000 0.08520800
v 0.00000700 -0.04498000 0.08520800
v 0.00000700 -0.04498000 0.08520800
v 0.00000700 -0.04498000 0.08520800
v 0.00000700 -0.04498000 0.08520800
v 0.03765200 -0.02407300 0.08512100
v 0.03765200 -0.02407300 0.08512100
v 0.03765200 -0.02407300 0.08512100
v 0.03765200 -0.02407300 0.08512100
v 0.03765200 -0.02407300 0.08512100
v 0.04139300 -0.01687000 0.08514300
v 0.04139300 -0.01687000 0.08514300
v 0.04274700 -0.01303000 0.08511800
v 0.04274700 -0.01303000 0.08511800
v 0.04274700 -0.01303000 0.08511800
v 0.04274700 -0.01303000 0.08511800
v 0.03402200 0.02899100 0.08514300
v 0.03402200 0.02899100 0.08514300
v 0.03402200 0.02899100 0.08514300
v 0.02493800 0.03709400 0.08513900
v 0.02493800 0.03709400 0.08513900
v 0.02493800 0.03709400 0.08513900
v 0.02493800 0.03709400 0.08513900
v 0.01400600 0.04244800 0.08514300
v 0.01400600 0.04244800 0.08514300
v -0.02820900 0.03467300 0.08514300
v -0.02820900 0.03467300 0.08514300
v -0.04330300 0.01107600 0.08513900
v -0.04330300 0.01107600 0.08513900
v -0.04275600 -0.01303600 0.08514300
v -0.04275600 -0.01303600 0.08514300
v -0.04138000 -0.01687800 0.08512100
v -0.04138000 -0.01687800 0.08512100
v -0.04138000 -0.01687800 0.08512100
v -0.04138000 -0.01687800 0.08512100
v -0.04138000 -0.01687800 0.08512100
v -0.01592700 -0.04175500 0.08512100
v -0.01592700 -0.04175500 0.08512100
v -0.01592700 -0.04175500 0.08512100
v -0.01592700 -0.04175500 0.08512100
v -0.01205900 -0.04303900 0.08513900
v -0.01205900 -0.04303900 0.08513900
v -0.01205900 -0.04303900 0.08513900
v -0.00809600 -0.04395800 0.08513900
v -0.00809600 -0.04395800 0.08513900
v -0.00809600 -0.04395800 0.08513900
v -0.00406500 -0.04451200 0.08513900
v -0.00406500 -0.04451200 0.08513900
v -0.00406500 -0.04451200 0.08513900
v -0.00000000 -0.04469900 0.08514300
v -0.00000000 -0.04469900 0.08514300
v -0.01965500 -0.04014400 0.08513900
v -0.01965500 -0.04014400 0.08513900
v -0.02322400 -0.03819000 0.08513900
v -0.02322400 -0.03819000 0.08513900
v -0.02322400 -0.03819000 0.08513900
v -0.02660100 -0.03592000 0.08513900
v -0.02660100 -0.03592000 0.08513900
v -0.02660100 -0.03592000 0.08513900
v -0.03266600 -0.03049800 0.08512100
v -0.03266600 -0.03049800 0.08512100
v -0.03266600 -0.03049800 0.08512100
v -0.03266600 -0.03049800 0.08512100
v -0.02975700 -0.03335200 0.08513900
v -0.02975700 -0.03335200 0.08513900
v -0.02975700 -0.03335200 0.08513900
v -0.03530500 -0.02741100 0.08513900
v -0.03530500 -0.02741100 0.08513900
v -0.03530500 -0.02741100 0.08513900
v -0.03968700 -0.02056400 0.08514300
v -0.03968700 -0.02056400 0.08514300
v -0.03765300 -0.02408800 0.08514300
v -0.03765300 -0.02408800 0.08514300
v -0.04440800 -0.00507700 0.08513900
v -0.04440800 -0.00507700 0.08513900
v -0.04440800 -0.00507700 0.08513900
v -0.04376400 -0.00909400 0.08514200
v -0.04376400 -0.00909400 0.08514200
v -0.04412200 0.00709800 0.08512100
v -0.04412200 0.00709800 0.08512100
v -0.04412200 0.00709800 0.08512100
v -0.04412200 0.00709800 0.08512100
v -0.04459100 0.00304300 0.08513300
v -0.04459100 0.00304300 0.08513300
v -0.04459100 0.00304300 0.08513300
v -0.04459100 0.00304300 0.08513300
v -0.04469900 -0.00000000 0.08514400
v -0.04468600 -0.00100300 0.08513900
v -0.04468600 -0.00100300 0.08513900
v -0.04468600 -0.00100300 0.08513900
v -0.04468600 -0.00100300 0.08513900
v -0.04211600 0.01496800 0.08513900
v -0.04211600 0.01496800 0.08513900
v -0.04211600 0.01496800 0.08513900
v -0.04211600 0.01496800 0.08513900
v -0.03871000 0.02234900 0.08514300
v -0.03871000 0.02234900 0.08514300
v -0.04058200 0.01873700 0.08514300
v -0.04058200 0.01873700 0.08514300
v -0.03651700 0.02576200 0.08512100
v -0.03651700 0.02576200 0.08512100
v -0.03651700 0.02576200 0.08512100
v -0.03651700 0.02576200 0.08512100
v -0.03651700 0.02576200 0.08512100
v -0.03124500 0.03196500 0.08514300
v -0.03124500 0.03196500 0.08514300
v -0.03402100 0.02899000 0.08513900
v -0.03402100 0.02899000 0.08513900
v -0.03402100 0.02899000 0.08513900
v -0.02493800 0.03709400 0.08513900
v -0.02493800 0.03709400 0.08513900
v -0.02493800 0.03709400 0.08513900
v -0.02146100 0.03920700 0.08513900
v -0.02146100 0.03920700 0.08513900
v -0.02146100 0.03920700 0.08513900
v -0.01780700 0.04099700 0.08513900
v -0.01780700 0.04099700 0.08513900
v -0.01780700 0.04099700 0.08513900
v -0.01008800 0.04354600 0.08514300
v -0.01008800 0.04354600 0.08514300
v -0.01400600 0.04244600 0.08513900
v -0.01400600 0.04244600 0.08513900
v -0.01400600 0.04244600 0.08513900
v -0.01400600 0.04244600 0.08513900
v -0.00608600 0.04428200 0.08514200
v -0.00608600 0.04428200 0.08514200
v -0.00203400 0.04465100 0.08513900
v -0.00203400 0.04465100 0.08513900
v -0.00203400 0.04465100 0.08513900
v -0.00203400 0.04465100 0.08513900
v 0.00203500 0.04465200 0.08514300
v 0.00203500 0.04465200 0.08514300
v 0.01008800 0.04354400 0.08513900
v 0.01008800 0.04354400 0.08513900
v 0.01008800 0.04354400 0.08513900
v 0.00608100 0.04427300 0.08511800
v 0.00608100 0.04427300 0.08511800
v 0.00608100 0.04427300 0.08511800
v 0.00608100 0.04427300 0.08511800
v 0.02146200 0.03920800 0.08513900
v 0.02146200 0.03920800 0.08513900
v 0.02146200 0.03920800 0.08513900
v 0.01780800 0.04099800 0.08514200
v 0.01780800 0.04099800 0.08514200
v 0.03124500 0.03196500 0.08514300
v 0.03124500 0.03196500 0.08514300
v 0.02820900 0.03467300 0.08514200
v 0.02820900 0.03467300 0.08514200
v 0.03651700 0.02577700 0.08514200
v 0.03651700 0.02577700 0.08514200
v 0.04058200 0.01873700 0.08514300
v 0.04058200 0.01873700 0.08514300
v 0.03871000 0.02234900 0.08514300
v 0.03871000 0.02234900 0.08514300
v 0.03871000 0.02234900 0.08514300
v 0.04211700 0.01496800 0.08514000
v 0.04211700 0.01496800 0.08514000
v 0.04211700 0.01496800 0.08514000
v 0.04330300 0.01107600 0.08514000
v 0.04330300 0.01107600 0.08514000
v 0.04330300 0.01107600 0.08514000
v 0.04413200 0.00709300 0.08514200
v 0.04413200 0.00709300 0.08514200
v 0.04458500 0.00306200 0.08512100
v 0.04458500 0.00306200 0.08512100
v 0.04458500 0.00306200 0.08512100
v 0.04458500 0.00306200 0.08512100
v 0.04458500 0.00306200 0.08512100
v 0.04468600 -0.00101700 0.08514000
v 0.04468600 -0.00101700 0.08514000
v 0.04440200 -0.00506400 0.08512100
v 0.04440200 -0.00506400 0.08512100
v 0.04440200 -0.00506400 0.08512100
v 0.04440200 -0.00506400 0.08512100
v 0.04376200 -0.00909400 0.08513900
v 0.04376200 -0.00909400 0.08513900
v 0.03968700 -0.02056400 0.08514300
v 0.03968700 -0.02056400 0.08514300
v 0.03530500 -0.02741100 0.08514000
v 0.03530500 -0.02741100 0.08514000
v 0.02974600 -0.03335100 0.08512100
v 0.02974600 -0.03335100 0.08512100
v 0.02974600 -0.03335100 0.08512100
v 0.02974600 -0.03335100 0.08512100
v 0.03266600 -0.03050800 0.08513900
v 0.03266600 -0.03050800 0.08513900
v 0.03266600 -0.03050800 0.08513900
v 0.02660000 -0.03592000 0.08513900
v 0.02660000 -0.03592000 0.08513900
v 0.01964500 -0.04014000 0.08512100
v 0.01964500 -0.04014000 0.08512100
v 0.01964500 -0.04014000 0.08512100
v 0.01964500 -0.04014000 0.08512100
v 0.02322400 -0.03819000 0.08513900
v 0.02322400 -0.03819000 0.08513900
v 0.02322400 -0.03819000 0.08513900
v 0.01592300 -0.04176500 0.08513900
v 0.01592300 -0.04176500 0.08513900
v 0.00808700 -0.04395200 0.08512100
v 0.00808700 -0.04395200 0.08512100
v 0.00808700 -0.04395200 0.08512100
v 0.00808700 -0.04395200 0.08512100
v 0.01205900 -0.04303900 0.08513900
v 0.01205900 -0.04303900 0.08513900
v 0.01205900 -0.04303900 0.08513900
v 0.00406500 -0.04451400 0.08514300
v 0.00406500 -0.04451400 0.08514300
v -0.01803900 0.04118500 0.08516100
v -0.01803900 0.04118500 0.08516100
v -0.01803900 0.04118500 0.08516100
v -0.01803900 0.04118500 0.08516100
v -0.01803900 0.04118500 0.08516100
v -0.01803900 0.04118500 0.08516100
v -0.01401000 0.04272500 0.08516100
v -0.01401000 0.04272500 0.08516100
v -0.01401000 0.04272500 0.08516100
v -0.01401000 0.04272500 0.08516100
v -0.01401000 0.04272500 0.08516100
v -0.01401000 0.04272500 0.08516100
v -0.02161700 0.03941700 0.08515700
v -0.02161700 0.03941700 0.08515700
v -0.02161700 0.03941700 0.08515700
v -0.02161700 0.03941700 0.08515700
v -0.02161700 0.03941700 0.08515700
v -0.00395200 -0.04478800 0.08516100
v -0.00395200 -0.04478800 0.08516100
v -0.00395200 -0.04478800 0.08516100
v -0.00395200 -0.04478800 0.08516100
v -0.00395200 -0.04478800 0.08516100
v -0.00395200 -0.04478800 0.08516100
v -0.00395200 -0.04478800 0.08516100
v -0.00800800 -0.04424300 0.08516100
v -0.00800800 -0.04424300 0.08516100
v -0.00800800 -0.04424300 0.08516100
v -0.00800800 -0.04424300 0.08516100
v -0.00800800 -0.04424300 0.08516100
v -0.00800800 -0.04424300 0.08516100
v -0.01221100 -0.04327300 0.08516100
v -0.01221100 -0.04327300 0.08516100
v -0.01221100 -0.04327300 0.08516100
v -0.01221100 -0.04327300 0.08516100
v -0.01221100 -0.04327300 0.08516100
v -0.01221100 -0.04327300 0.08516100
v -0.01601800 -0.04203200 0.08520800
v -0.01601800 -0.04203200 0.08520800
v -0.01601800 -0.04203200 0.08520800
v -0.01601800 -0.04203200 0.08520800
v -0.01601800 -0.04203200 0.08520800
v -0.02324400 -0.03848800 0.08516100
v -0.02324400 -0.03848800 0.08516100
v -0.02324400 -0.03848800 0.08516100
v -0.02324400 -0.03848800 0.08516100
v -0.02324400 -0.03848800 0.08516100
v -0.02324400 -0.03848800 0.08516100
v -0.02682500 -0.03608400 0.08516100
v -0.02682500 -0.03608400 0.08516100
v -0.02682500 -0.03608400 0.08516100
v -0.02682500 -0.03608400 0.08516100
v -0.02682500 -0.03608400 0.08516100
v -0.02682500 -0.03608400 0.08516100
v -0.02990200 -0.03356900 0.08515700
v -0.02990200 -0.03356900 0.08515700
v -0.02990200 -0.03356900 0.08515700
v -0.02990200 -0.03356900 0.08515700
v -0.02990200 -0.03356900 0.08515700
v -0.02990200 -0.03356900 0.08515700
v -0.03284600 -0.03073600 0.08521200
v -0.03284600 -0.03073600 0.08521200
v -0.03284600 -0.03073600 0.08521200
v -0.03284600 -0.03073600 0.08521200
v -0.03284600 -0.03073600 0.08521200
v -0.03556600 -0.02750900 0.08516100
v -0.03556600 -0.02750900 0.08516100
v -0.03556600 -0.02750900 0.08516100
v -0.03556600 -0.02750900 0.08516100
v -0.03556600 -0.02750900 0.08516100
v -0.03556600 -0.02750900 0.08516100
v -0.03556600 -0.02750900 0.08516100
v -0.03878200 -0.02255400 0.08511400
v -0.03878200 -0.02255400 0.08511400
v -0.03878200 -0.02255400 0.08511400
v -0.03878200 -0.02255400 0.08511400
v -0.03878200 -0.02255400 0.08511400
v -0.03878200 -0.02255400 0.08511400
v -0.03878200 -0.02255400 0.08511400
v -0.03788600 -0.02424600 0.08520800
v -0.03788600 -0.02424600 0.08520800
v -0.03788600 -0.02424600 0.08520800
v -0.03788600 -0.02424600 0.08520800
v -0.03788600 -0.02424600 0.08520800
v -0.03992100 -0.02073400 0.08521200
v -0.03992100 -0.02073400 0.08521200
v -0.03992100 -0.02073400 0.08521200
v -0.03992100 -0.02073400 0.08521200
v -0.03992100 -0.02073400 0.08521200
v -0.03992100 -0.02073400 0.08521200
v -0.04167100 -0.01694400 0.08521200
v -0.04167100 -0.01694400 0.08521200
v -0.04167100 -0.01694400 0.08521200
v -0.04167100 -0.01694400 0.08521200
v -0.04167100 -0.01694400 0.08521200
v -0.04167100 -0.01694400 0.08521200
v -0.04342900 -0.01125400 0.08511400
v -0.04342900 -0.01125400 0.08511400
v -0.04342900 -0.01125400 0.08511400
v -0.04342900 -0.01125400 0.08511400
v -0.04342900 -0.01125400 0.08511400
v -0.04342900 -0.01125400 0.08511400
v -0.04342900 -0.01125400 0.08511400
v -0.04342900 -0.01125400 0.08511400
v -0.04302300 -0.01312500 0.08520800
v -0.04302300 -0.01312500 0.08520800
v -0.04302300 -0.01312500 0.08520800
v -0.04302300 -0.01312500 0.08520800
v -0.04302300 -0.01312500 0.08520800
v -0.04403400 -0.00919500 0.08521200
v -0.04403400 -0.00919500 0.08521200
v -0.04403400 -0.00919500 0.08521200
v -0.04403400 -0.00919500 0.08521200
v -0.04403400 -0.00919500 0.08521200
v -0.04495200 -0.00095900 0.08516100
v -0.04495200 -0.00095900 0.08516100
v -0.04495200 -0.00095900 0.08516100
v -0.04495200 -0.00095900 0.08516100
v -0.04495200 -0.00095900 0.08516100
v -0.04495200 -0.00095900 0.08516100
v -0.04486100 0.00305300 0.08517400
v -0.04486100 0.00305300 0.08517400
v -0.04486100 0.00305300 0.08517400
v -0.04486100 0.00305300 0.08517400
v -0.04486100 0.00305300 0.08517400
v -0.04486100 0.00305300 0.08517400
v -0.04354000 0.01122200 0.08516100
v -0.04354000 0.01122200 0.08516100
v -0.04354000 0.01122200 0.08516100
v -0.04354000 0.01122200 0.08516100
v -0.04354000 0.01122200 0.08516100
v -0.04354000 0.01122200 0.08516100
v -0.04354000 0.01122200 0.08516100
v -0.04233900 0.01513500 0.08516100
v -0.04233900 0.01513500 0.08516100
v -0.04233900 0.01513500 0.08516100
v -0.04233900 0.01513500 0.08516100
v -0.04233900 0.01513500 0.08516100
v -0.04233900 0.01513500 0.08516100
v -0.03989800 0.02051400 0.08511400
v -0.03989800 0.02051400 0.08511400
v -0.03989800 0.02051400 0.08511400
v -0.03989800 0.02051400 0.08511400
v -0.03989800 0.02051400 0.08511400
v -0.03989800 0.02051400 0.08511400
v -0.03989800 0.02051400 0.08511400
v -0.04084100 0.01884800 0.08520800
v -0.04084100 0.01884800 0.08520800
v -0.04084100 0.01884800 0.08520800
v -0.04084100 0.01884800 0.08520800
v -0.04084100 0.01884800 0.08520800
v -0.03897900 0.02245400 0.08521200
v -0.03897900 0.02245400 0.08521200
v -0.03897900 0.02245400 0.08521200
v -0.03897900 0.02245400 0.08521200
v -0.03897900 0.02245400 0.08521200
v -0.03897900 0.02245400 0.08521200
v -0.03675200 0.02593400 0.08520800
v -0.03675200 0.02593400 0.08520800
v -0.03675200 0.02593400 0.08520800
v -0.03675200 0.02593400 0.08520800
v -0.03675200 0.02593400 0.08520800
v -0.02997300 0.03338200 0.08511400
v -0.02997300 0.03338200 0.08511400
v -0.02997300 0.03338200 0.08511400
v -0.02997300 0.03338200 0.08511400
v -0.02997300 0.03338200 0.08511400
v -0.02997300 0.03338200 0.08511400
v -0.02997300 0.03338200 0.08511400
v -0.02997300 0.03338200 0.08511400
v -0.03431200 0.02905700 0.08516100
v -0.03431200 0.02905700 0.08516100
v -0.03431200 0.02905700 0.08516100
v -0.03431200 0.02905700 0.08516100
v -0.03431200 0.02905700 0.08516100
v -0.03431200 0.02905700 0.08516100
v -0.03431200 0.02905700 0.08516100
v -0.03147500 0.03213800 0.08521200
v -0.03147500 0.03213800 0.08521200
v -0.03147500 0.03213800 0.08521200
v -0.03147500 0.03213800 0.08521200
v -0.03147500 0.03213800 0.08521200
v -0.02836100 0.03491800 0.08521200
v -0.02836100 0.03491800 0.08521200
v -0.02836100 0.03491800 0.08521200
v -0.02836100 0.03491800 0.08521200
v -0.02836100 0.03491800 0.08521200
v -0.00826400 0.04409600 0.08511400
v -0.00826400 0.04409600 0.08511400
v -0.00826400 0.04409600 0.08511400
v -0.00826400 0.04409600 0.08511400
v -0.00826400 0.04409600 0.08511400
v -0.00826400 0.04409600 0.08511400
v -0.00826400 0.04409600 0.08511400
v -0.00826400 0.04409600 0.08511400
v -0.01011700 0.04383200 0.08521200
v -0.01011700 0.04383200 0.08521200
v -0.01011700 0.04383200 0.08521200
v -0.01011700 0.04383200 0.08521200
v -0.01011700 0.04383200 0.08521200
v -0.00613200 0.04456000 0.08520800
v -0.00613200 0.04456000 0.08520800
v -0.00613200 0.04456000 0.08520800
v -0.00613200 0.04456000 0.08520800
v -0.00613200 0.04456000 0.08520800
v -0.00208200 0.04490700 0.08515700
v -0.00208200 0.04490700 0.08515700
v -0.00208200 0.04490700 0.08515700
v -0.00208200 0.04490700 0.08515700
v -0.00208200 0.04490700 0.08515700
v -0.00208200 0.04490700 0.08515700
v -0.00208200 0.04490700 0.08515700
v 0.00197300 0.04482800 0.08511800
v 0.00197300 0.04482800 0.08511800
v 0.00197300 0.04482800 0.08511800
v 0.00197300 0.04482800 0.08511800
v 0.00197300 0.04482800 0.08511800
v 0.00197300 0.04482800 0.08511800
v 0.00611800 0.04456200 0.08520800
v 0.00611800 0.04456200 0.08520800
v 0.00611800 0.04456200 0.08520800
v 0.00611800 0.04456200 0.08520800
v 0.00611800 0.04456200 0.08520800
v 0.00205000 0.04494900 0.08526300
v 0.00205000 0.04494900 0.08526300
v 0.00205000 0.04494900 0.08526300
v 0.00205000 0.04494900 0.08526300
v 0.00205000 0.04494900 0.08526300
v 0.00205000 0.04494900 0.08526300
v 0.01585000 0.04197000 0.08511400
v 0.01585000 0.04197000 0.08511400
v 0.01585000 0.04197000 0.08511400
v 0.01585000 0.04197000 0.08511400
v 0.01585000 0.04197000 0.08511400
v 0.01585000 0.04197000 0.08511400
v 0.01585000 0.04197000 0.08511400
v 0.01585000 0.04197000 0.08511400
v 0.01413000 0.04270700 0.08521200
v 0.01413000 0.04270700 0.08521200
v 0.01413000 0.04270700 0.08521200
v 0.01413000 0.04270700 0.08521200
v 0.01413000 0.04270700 0.08521200
v 0.01791400 0.04125900 0.08520800
v 0.01791400 0.04125900 0.08520800
v 0.01791400 0.04125900 0.08520800
v 0.01791400 0.04125900 0.08520800
v 0.01791400 0.04125900 0.08520800
v 0.02976200 0.03357000 0.08511400
v 0.02976200 0.03357000 0.08511400
v 0.02976200 0.03357000 0.08511400
v 0.02976200 0.03357000 0.08511400
v 0.02976200 0.03357000 0.08511400
v 0.02976200 0.03357000 0.08511400
v 0.02976200 0.03357000 0.08511400
v 0.02976200 0.03357000 0.08511400
v 0.02515500 0.03726800 0.08516100
v 0.02515500 0.03726800 0.08516100
v 0.02515500 0.03726800 0.08516100
v 0.02515500 0.03726800 0.08516100
v 0.02515500 0.03726800 0.08516100
v 0.02515500 0.03726800 0.08516100
v 0.02838100 0.03489600 0.08520800
v 0.02838100 0.03489600 0.08520800
v 0.02838100 0.03489600 0.08520800
v 0.02838100 0.03489600 0.08520800
v 0.02838100 0.03489600 0.08520800
v 0.03535000 0.02762500 0.08511400
v 0.03535000 0.02762500 0.08511400
v 0.03535000 0.02762500 0.08511400
v 0.03535000 0.02762500 0.08511400
v 0.03535000 0.02762500 0.08511400
v 0.03535000 0.02762500 0.08511400
v 0.03535000 0.02762500 0.08511400
v 0.03535000 0.02762500 0.08511400
v 0.03426300 0.02914800 0.08521200
v 0.03426300 0.02914800 0.08521200
v 0.03426300 0.02914800 0.08521200
v 0.03426300 0.02914800 0.08521200
v 0.03426300 0.02914800 0.08521200
v 0.03677200 0.02591100 0.08521200
v 0.03677200 0.02591100 0.08521200
v 0.03677200 0.02591100 0.08521200
v 0.03677200 0.02591100 0.08521200
v 0.03677200 0.02591100 0.08521200
v 0.03677200 0.02591100 0.08521200
v 0.03677200 0.02591100 0.08521200
v 0.03976800 0.02076500 0.08511400
v 0.03976800 0.02076500 0.08511400
v 0.03976800 0.02076500 0.08511400
v 0.03976800 0.02076500 0.08511400
v 0.03976800 0.02076500 0.08511400
v 0.03976800 0.02076500 0.08511400
v 0.03976800 0.02076500 0.08511400
v 0.03976800 0.02076500 0.08511400
v 0.03897600 0.02246000 0.08521200
v 0.03897600 0.02246000 0.08521200
v 0.03897600 0.02246000 0.08521200
v 0.03897600 0.02246000 0.08521200
v 0.04083500 0.01886100 0.08520800
v 0.04083500 0.01886100 0.08520800
v 0.04083500 0.01886100 0.08520800
v 0.04083500 0.01886100 0.08520800
v 0.04083500 0.01886100 0.08520800
v 0.04239500 0.01497900 0.08516100
v 0.04239500 0.01497900 0.08516100
v 0.04239500 0.01497900 0.08516100
v 0.04239500 0.01497900 0.08516100
v 0.04239500 0.01497900 0.08516100
v 0.04239500 0.01497900 0.08516100
v 0.04239500 0.01497900 0.08516100
v 0.04239500 0.01497900 0.08516100
v 0.04391100 0.00924100 0.08511600
v 0.04391100 0.00924100 0.08511600
v 0.04391100 0.00924100 0.08511600
v 0.04391100 0.00924100 0.08511600
v 0.04391100 0.00924100 0.08511600
v 0.04391100 0.00924100 0.08511600
v 0.04359000 0.01111200 0.08521200
v 0.04359000 0.01111200 0.08521200
v 0.04359000 0.01111200 0.08521200
v 0.04359000 0.01111200 0.08521200
v 0.04359000 0.01111200 0.08521200
v 0.04359000 0.01111200 0.08521200
v 0.04440900 0.00714400 0.08520800
v 0.04440900 0.00714400 0.08520800
v 0.04440900 0.00714400 0.08520800
v 0.04440900 0.00714400 0.08520800
v 0.04440900 0.00714400 0.08520800
v 0.04488200 0.00303300 0.08521200
v 0.04488200 0.00303300 0.08521200
v 0.04488200 0.00303300 0.08521200
v 0.04488200 0.00303300 0.08521200
v 0.04488200 0.00303300 0.08521200
v 0.04494900 -0.00110600 0.08516100
v 0.04494900 -0.00110600 0.08516100
v 0.04494900 -0.00110600 0.08516100
v 0.04494900 -0.00110600 0.08516100
v 0.04494900 -0.00110600 0.08516100
v 0.04494900 -0.00110600 0.08516100
v 0.04494900 -0.00110600 0.08516100
v 0.04468900 -0.00514600 0.08521200
v 0.04468900 -0.00514600 0.08521200
v 0.04468900 -0.00514600 0.08521200
v 0.04468900 -0.00514600 0.08521200
v 0.04468900 -0.00514600 0.08521200
v 0.04079100 -0.01867700 0.08511400
v 0.04079100 -0.01867700 0.08511400
v 0.04079100 -0.01867700 0.08511400
v 0.04079100 -0.01867700 0.08511400
v 0.04079100 -0.01867700 0.08511400
v 0.04079100 -0.01867700 0.08511400
v 0.04079100 -0.01867700 0.08511400
v 0.04301800 -0.01315500 0.08521200
v 0.04301800 -0.01315500 0.08521200
v 0.04301800 -0.01315500 0.08521200
v 0.04301800 -0.01315500 0.08521200
v 0.04301800 -0.01315500 0.08521200
v 0.04301800 -0.01315500 0.08521200
v 0.04301800 -0.01315500 0.08521200
v 0.04164300 -0.01701200 0.08521200
v 0.04164300 -0.01701200 0.08521200
v 0.04164300 -0.01701200 0.08521200
v 0.04164300 -0.01701200 0.08521200
v 0.04164300 -0.01701200 0.08521200
v 0.03553100 -0.02754100 0.08515700
v 0.03553100 -0.02754100 0.08515700
v 0.03553100 -0.02754100 0.08515700
v 0.03553100 -0.02754100 0.08515700
v 0.03553100 -0.02754100 0.08515700
v 0.03553100 -0.02754100 0.08515700
v 0.03553100 -0.02754100 0.08515700
v 0.03787400 -0.02427300 0.08521200
v 0.03787400 -0.02427300 0.08521200
v 0.03787400 -0.02427300 0.08521200
v 0.03787400 -0.02427300 0.08521200
v 0.03787400 -0.02427300 0.08521200
v 0.03295300 -0.03058900 0.08516100
v 0.03295300 -0.03058900 0.08516100
v 0.03295300 -0.03058900 0.08516100
v 0.03295300 -0.03058900 0.08516100
v 0.03295300 -0.03058900 0.08516100
v 0.03295300 -0.03058900 0.08516100
v 0.02998000 -0.03353700 0.08521200
v 0.02998000 -0.03353700 0.08521200
v 0.02998000 -0.03353700 0.08521200
v 0.02998000 -0.03353700 0.08521200
v 0.02998000 -0.03353700 0.08521200
v 0.02669200 -0.03618300 0.08516100
v 0.02669200 -0.03618300 0.08516100
v 0.02669200 -0.03618300 0.08516100
v 0.02669200 -0.03618300 0.08516100
v 0.02669200 -0.03618300 0.08516100
v 0.02669200 -0.03618300 0.08516100
v 0.02669200 -0.03618300 0.08516100
v 0.02338900 -0.03839200 0.08515700
v 0.02338900 -0.03839200 0.08515700
v 0.02338900 -0.03839200 0.08515700
v 0.02338900 -0.03839200 0.08515700
v 0.02338900 -0.03839200 0.08515700
v 0.02338900 -0.03839200 0.08515700
v 0.01982000 -0.04038200 0.08521200
v 0.01982000 -0.04038200 0.08521200
v 0.01982000 -0.04038200 0.08521200
v 0.01982000 -0.04038200 0.08521200
v 0.01982000 -0.04038200 0.08521200
v 0.01594000 -0.04204300 0.08516100
v 0.01594000 -0.04204300 0.08516100
v 0.01594000 -0.04204300 0.08516100
v 0.01594000 -0.04204300 0.08516100
v 0.01594000 -0.04204300 0.08516100
v 0.01594000 -0.04204300 0.08516100
v 0.01594000 -0.04204300 0.08516100
v 0.01205100 -0.04331800 0.08516100
v 0.01205100 -0.04331800 0.08516100
v 0.01205100 -0.04331800 0.08516100
v 0.01205100 -0.04331800 0.08516100
v 0.01205100 -0.04331800 0.08516100
v 0.01205100 -0.04331800 0.08516100
v 0.00815300 -0.04423500 0.08520800
v 0.00815300 -0.04423500 0.08520800
v 0.00815300 -0.04423500 0.08520800
v 0.00815300 -0.04423500 0.08520800
v 0.00815300 -0.04423500 0.08520800
v 0.00815300 -0.04423500 0.08520800
v 0.00218300 -0.04481000 0.08511400
v 0.00218300 -0.04481000 0.08511400
v 0.00218300 -0.04481000 0.08511400
v 0.00218300 -0.04481000 0.08511400
v 0.00218300 -0.04481000 0.08511400
v 0.00218300 -0.04481000 0.08511400
v 0.00218300 -0.04481000 0.08511400
v 0.00218300 -0.04481000 0.08511400
v -0.01964800 -0.04044200 0.08516100
v -0.01964800 -0.04044200 0.08516100
v -0.01964800 -0.04044200 0.08516100
v -0.01964800 -0.04044200 0.08516100
v -0.01964800 -0.04044200 0.08516100
v -0.01964800 -0.04044200 0.08516100
v -0.01964800 -0.04044200 0.08516100
v -0.04465600 -0.00524300 0.08516100
v -0.04465600 -0.00524300 0.08516100
v -0.04465600 -0.00524300 0.08516100
v -0.04465600 -0.00524300 0.08516100
v -0.04465600 -0.00524300 0.08516100
v -0.04465600 -0.00524300 0.08516100
v -0.04465600 -0.00524300 0.08516100
v -0.04442100 0.00709500 0.08521200
v -0.04442100 0.00709500 0.08521200
v -0.04442100 0.00709500 0.08521200
v -0.04442100 0.00709500 0.08521200
v -0.04442100 0.00709500 0.08521200
v 0.01001400 0.04383300 0.08516100
v 0.01001400 0.04383300 0.08516100
v 0.01001400 0.04383300 0.08516100
v 0.01001400 0.04383300 0.08516100
v 0.01001400 0.04383300 0.08516100
v 0.01001400 0.04383300 0.08516100
v 0.01001400 0.04383300 0.08516100
v 0.02146800 0.03950600 0.08516100
v 0.02146800 0.03950600 0.08516100
v 0.02146800 0.03950600 0.08516100
v 0.02146800 0.03950600 0.08516100
v 0.02146800 0.03950600 0.08516100
v 0.02146800 0.03950600 0.08516100
v 0.02146800 0.03950600 0.08516100
v 0.03141300 0.03219900 0.08521200
v 0.03141300 0.03219900 0.08521200
v 0.03141300 0.03219900 0.08521200
v 0.03141300 0.03219900 0.08521200
v 0.03141300 0.03219900 0.08521200
v 0.03141300 0.03219900 0.08521200
v 0.04402200 -0.00911100 0.08515700
v 0.04402200 -0.00911100 0.08515700
v 0.04402200 -0.00911100 0.08515700
v 0.04402200 -0.00911100 0.08515700
v 0.04402200 -0.00911100 0.08515700
v 0.04402200 -0.00911100 0.08515700
v 0.04402200 -0.00911100 0.08515700
v 0.03994100 -0.02068800 0.08520800
v 0.03994100 -0.02068800 0.08520800
v 0.03994100 -0.02068800 0.08520800
v 0.03994100 -0.02068800 0.08520800
v 0.03994100 -0.02068800 0.08520800
v 0.00413400 -0.04479400 0.08521200
v 0.00413400 -0.04479400 0.08521200
v 0.00413400 -0.04479400 0.08521200
v 0.00413400 -0.04479400 0.08521200
v 0.00413400 -0.04479400 0.08521200
vn -0.00000000 -0.00000000 1.00000000
vn 0.05550000 0.86470000 0.49920000
vn -0.05550000 0.86470000 0.49920000
vn -0.00000000 -0.00000000 1.00000000
vn -0.05550000 0.86470000 0.49920000
vn -0.16560000 0.85050000 0.49920000
vn -0.00000000 -0.00000000 1.00000000
vn -0.81320000 0.29920000 0.49920000
vn -0.86770000 0.19810000 0.45590000
vn -0.86730000 0.30600000 0.39270000
vn 0.37600000 0.78070000 0.49920000
vn -0.00000000 -0.00000000 1.00000000
vn 0.27300000 0.82230000 0.49920000
vn 0.37590000 0.78070000 0.49920000
vn 0.16560000 0.85050000 0.49920000
vn 0.27300000 0.82230000 0.49920000
vn -0.00000000 -0.00000000 1.00000000
vn 0.05550000 0.86470000 0.49920000
vn 0.16560000 0.85050000 0.49920000
vn 0.16350000 0.90680000 0.38870000
vn -0.00000000 -0.00000000 1.00000000
vn 0.06470000 0.89640000 0.43850000
vn 0.56170000 0.65980000 0.49920000
vn -0.00000000 -0.00000000 1.00000000
vn 0.64140000 0.58250000 0.49920000
vn 0.58660000 0.70820000 0.39270000
vn 0.48560000 0.74590000 0.45590000
vn -0.00000000 -0.00000000 1.00000000
vn 0.56170000 0.65980000 0.49920000
vn 0.47940000 0.72190000 0.49900000
vn -0.00000000 -0.00000000 1.00000000
vn 0.48560000 0.74590000 0.45590000
vn 0.37600000 0.78070000 0.49920000
vn 0.81600000 0.29180000 0.49900000
vn -0.00000000 -0.00000000 1.00000000
vn 0.83530000 0.30740000 0.45590000
vn 0.76820000 0.40080000 0.49920000
vn -0.00000000 -0.00000000 1.00000000
vn 0.74120000 0.50830000 0.43850000
vn 0.76820000 0.40080000 0.49920000
vn 0.81090000 0.43750000 0.38870000
vn 0.71070000 0.49570000 0.49920000
vn -0.00000000 -0.00000000 1.00000000
vn 0.64140000 0.58250000 0.49920000
vn 0.71070000 0.49570000 0.49920000
vn 0.86250000 0.08320000 0.49920000
vn -0.00000000 -0.00000000 1.00000000
vn 0.86600000 -0.02780000 0.49920000
vn 0.86250000 0.08320000 0.49930000
vn 0.84470000 0.19280000 0.49930000
vn 0.86250000 0.08320000 0.49920000
vn -0.00000000 -0.00000000 1.00000000
vn 0.83530000 0.30740000 0.45590000
vn -0.00000000 -0.00000000 1.00000000
vn 0.89380000 0.21670000 0.39270000
vn 0.84470000 0.19280000 0.49930000
vn 0.81390000 -0.36030000 0.45590000
vn 0.83070000 -0.24650000 0.49920000
vn -0.00000000 -0.00000000 1.00000000
vn 0.84750000 -0.36190000 0.38830000
vn 0.85950000 -0.26260000 0.43850000
vn 0.83070000 -0.24650000 0.49920000
vn 0.85540000 -0.13830000 0.49920000
vn -0.00000000 -0.00000000 1.00000000
vn 0.86600000 -0.02780000 0.49920000
vn -0.00000000 -0.00000000 1.00000000
vn 0.85540000 -0.13830000 0.49920000
vn 0.61920000 -0.63940000 0.45590000
vn 0.59710000 -0.62800000 0.49900000
vn -0.00000000 -0.00000000 1.00000000
vn 0.67740000 -0.54020000 0.49920000
vn 0.74090000 -0.44920000 0.49920000
vn 0.67740000 -0.54020000 0.49920000
vn -0.00000000 -0.00000000 1.00000000
vn 0.74090000 -0.44920000 0.49920000
vn 0.79280000 -0.46610000 0.39270000
vn 0.81390000 -0.36030000 0.45590000
vn -0.00000000 -0.00000000 1.00000000
vn 0.35760000 -0.84910000 0.38870000
vn 0.32520000 -0.80310000 0.49920000
vn 0.43480000 -0.78660000 0.43850000
vn 0.42520000 -0.75500000 0.49920000
vn -0.00000000 -0.00000000 1.00000000
vn 0.51830000 -0.69440000 0.49930000
vn -0.00000000 -0.00000000 1.00000000
vn 0.42520000 -0.75500000 0.49920000
vn 0.55990000 -0.72950000 0.39270000
vn 0.51830000 -0.69440000 0.49930000
vn 0.61920000 -0.63940000 0.45590000
vn -0.00000000 -0.00000000 1.00000000
vn -0.00000000 -0.86650000 0.49920000
vn 0.11080000 -0.85930000 0.49930000
vn -0.00000000 -0.00000000 1.00000000
vn 0.22100000 -0.87110000 0.43850000
vn 0.13060000 -0.91210000 0.38870000
vn 0.21980000 -0.83810000 0.49920000
vn 0.11080000 -0.85930000 0.49930000
vn -0.00000000 -0.00000000 1.00000000
vn -0.00000000 -0.00000000 1.00000000
vn 0.32520000 -0.80310000 0.49920000
vn 0.21980000 -0.83810000 0.49920000
vn -0.33400000 -0.82500000 0.45590000
vn -0.33260000 -0.80020000 0.49900000
vn -0.00000000 -0.00000000 1.00000000
vn -0.21980000 -0.83810000 0.49920000
vn -0.00000000 -0.00000000 1.00000000
vn -0.21980000 -0.83810000 0.49920000
vn -0.11380000 -0.88270000 0.45590000
vn -0.22130000 -0.89260000 0.39270000
vn -0.10580000 -0.91550000 0.38830000
vn -0.00000000 -0.86650000 0.49920000
vn -0.11380000 -0.88270000 0.45590000
vn -0.00720000 -0.89870000 0.43850000
vn -0.00000000 -0.00000000 1.00000000
vn -0.00000000 -0.00000000 1.00000000
vn -0.51830000 -0.69440000 0.49920000
vn -0.60280000 -0.62240000 0.49920000
vn -0.43680000 -0.77550000 0.45590000
vn -0.54010000 -0.74440000 0.39270000
vn -0.00000000 -0.00000000 1.00000000
vn -0.51830000 -0.69440000 0.49920000
vn -0.00000000 -0.00000000 1.00000000
vn -0.43680000 -0.77550000 0.45590000
vn -0.33400000 -0.82500000 0.45590000
vn -0.44140000 -0.80710000 0.39210000
vn -0.79230000 -0.35070000 0.49920000
vn -0.79230000 -0.35070000 0.49930000
vn -0.00000000 -0.00000000 1.00000000
vn -0.74100000 -0.44920000 0.49930000
vn -0.74100000 -0.44920000 0.49930000
vn -0.74090000 -0.44920000 0.49920000
vn -0.67740000 -0.54020000 0.49930000
vn -0.00000000 -0.00000000 1.00000000
vn -0.67740000 -0.54020000 0.49930000
vn -0.67740000 -0.54020000 0.49920000
vn -0.60280000 -0.62240000 0.49920000
vn -0.00000000 -0.00000000 1.00000000
vn -0.87830000 -0.14200000 0.45660000
vn -0.82160000 -0.02630000 0.56950000
vn -0.00000000 -0.00000000 1.00000000
vn -0.92530000 -0.05620000 0.37500000
vn -0.87830000 -0.14200000 0.45660000
vn -0.00000000 -0.00000000 1.00000000
vn -0.83070000 -0.24650000 0.49920000
vn -0.85680000 -0.13010000 0.49900000
vn -0.00000000 -0.00000000 1.00000000
vn -0.79230000 -0.35070000 0.49930000
vn -0.83070000 -0.24650000 0.49920000
vn -0.83060000 -0.24650000 0.49920000
vn -0.00000000 -0.00000000 1.00000000
vn -0.84310000 0.20060000 0.49900000
vn -0.86250000 0.08320000 0.49920000
vn -0.86770000 0.19810000 0.45590000
vn -0.82160000 -0.02630000 0.56950000
vn -0.87540000 0.08170000 0.47650000
vn -0.86250000 0.08320000 0.49920000
vn -0.00000000 -0.00000000 1.00000000
vn -0.64140000 0.58250000 0.49930000
vn -0.00000000 -0.00000000 1.00000000
vn -0.68910000 0.60910000 0.39270000
vn -0.73000000 0.50920000 0.45590000
vn -0.73000000 0.50920000 0.45590000
vn -0.76270000 0.51730000 0.38820000
vn -0.76820000 0.40080000 0.49920000
vn -0.00000000 -0.00000000 1.00000000
vn -0.79350000 0.42200000 0.43850000
vn -0.00000000 -0.00000000 1.00000000
vn -0.81320000 0.29920000 0.49920000
vn -0.76820000 0.40080000 0.49920000
vn -0.00000000 -0.00000000 1.00000000
vn -0.37590000 0.78070000 0.49920000
vn -0.47270000 0.72620000 0.49920000
vn -0.56170000 0.65980000 0.49920000
vn -0.47270000 0.72620000 0.49920000
vn -0.00000000 -0.00000000 1.00000000
vn -0.00000000 -0.00000000 1.00000000
vn -0.56170000 0.65980000 0.49920000
vn -0.64140000 0.58250000 0.49930000
vn -0.27300000 0.82230000 0.49930000
vn -0.16560000 0.85050000 0.49920000
vn -0.00000000 -0.00000000 1.00000000
vn -0.00000000 -0.00000000 1.00000000
vn -0.27300000 0.82230000 0.49930000
vn -0.37590000 0.78070000 0.49920000
vn -0.30250000 0.87030000 0.38870000
vn -0.38350000 0.81280000 0.43850000
vn -0.06220000 0.96880000 0.24010000
vn -0.05550000 0.86470000 0.49920000
vn -0.18560000 0.95290000 0.24010000
vn -0.16560000 0.85050000 0.49920000
vn -0.09320000 0.96630000 -0.24010000
vn -0.16560000 0.85050000 0.49920000
vn -0.18560000 0.95290000 0.24010000
vn -0.27300000 0.82230000 0.49930000
vn -0.21600000 0.94640000 -0.24010000
vn -0.31050000 0.90790000 0.28140000
vn -0.30250000 0.87030000 0.38870000
vn -0.04850000 0.10600000 -0.99320000
vn -0.03300000 0.08960000 -0.99540000
vn -0.38350000 0.81280000 0.43850000
vn -0.00760000 -0.00230000 -1.00000000
vn -0.30250000 0.87030000 0.38870000
vn -0.44160000 0.85740000 -0.26430000
vn -0.31050000 0.90790000 0.28140000
vn -0.37590000 0.78070000 0.49920000
vn -0.44160000 0.85740000 -0.26430000
vn -0.47270000 0.72620000 0.49920000
vn -0.38350000 0.81280000 0.43850000
vn -0.52960000 0.81360000 0.24010000
vn -0.55540000 0.79620000 -0.24010000
vn -0.52960000 0.81360000 0.24010000
vn -0.47270000 0.72620000 0.49920000
vn -0.56170000 0.65980000 0.49920000
vn -0.62930000 0.73920000 0.24000000
vn -0.64140000 0.58250000 0.49930000
vn -0.68910000 0.60910000 0.39270000
vn -0.56170000 0.65980000 0.49920000
vn -0.62930000 0.73920000 0.24000000
vn -0.71630000 0.63940000 0.27940000
vn -0.65260000 0.71860000 -0.24010000
vn -0.68910000 0.60910000 0.39270000
vn -0.12660000 0.08840000 -0.98800000
vn -0.71630000 0.63940000 0.27940000
vn -0.73000000 0.50920000 0.45590000
vn -0.76270000 0.51730000 0.38820000
vn -0.00700000 -0.00720000 -0.99990000
vn -0.09320000 0.07940000 -0.99250000
vn -0.79350000 0.42200000 0.43850000
vn -0.86670000 0.42300000 -0.26430000
vn -0.12660000 0.08840000 -0.98800000
vn -0.10230000 0.05600000 -0.99320000
vn -0.76270000 0.51730000 0.38820000
vn -0.08000000 0.05200000 -0.99540000
vn -0.81320000 0.29920000 0.49920000
vn -0.86730000 0.30600000 0.39270000
vn -0.86670000 0.42300000 -0.26430000
vn -0.76820000 0.40080000 0.49920000
vn -0.79350000 0.42200000 0.43850000
vn -0.90390000 0.32390000 0.27940000
vn -0.84310000 0.20060000 0.49900000
vn -0.11620000 0.03860000 -0.99250000
vn -0.90390000 0.32390000 0.27940000
vn -0.86730000 0.30600000 0.39270000
vn -0.94760000 0.18840000 -0.25820000
vn -0.86770000 0.19810000 0.45590000
vn -0.00380000 -0.00940000 -0.99990000
vn -0.14210000 0.03540000 -0.98920000
vn -0.94760000 0.18840000 -0.25820000
vn -0.96240000 0.08940000 0.25640000
vn -0.84310000 0.20060000 0.49900000
vn -0.87540000 0.08170000 0.47650000
vn -0.86250000 0.08320000 0.49920000
vn -0.82160000 -0.02630000 0.56950000
vn -0.96240000 0.08940000 0.25640000
vn -0.97430000 0.06260000 -0.21640000
vn -0.99400000 -0.04800000 0.09800000
vn -0.92530000 -0.05620000 0.37500000
vn -0.87540000 0.08170000 0.47650000
vn -0.99400000 -0.04800000 0.09800000
vn -0.87830000 -0.14200000 0.45660000
vn -0.85680000 -0.13010000 0.49900000
vn -0.95090000 -0.18320000 -0.24960000
vn -0.92530000 -0.05620000 0.37500000
vn -0.13490000 -0.01910000 -0.99070000
vn -0.00000000 -0.00880000 -1.00000000
vn -0.11960000 -0.00770000 -0.99280000
vn -0.83060000 -0.24650000 0.49920000
vn -0.85680000 -0.13010000 0.49900000
vn -0.83070000 -0.24650000 0.49920000
vn -0.95090000 -0.18320000 -0.24960000
vn -0.93060000 -0.27620000 0.24010000
vn -0.79230000 -0.35070000 0.49930000
vn -0.92130000 -0.30590000 -0.24010000
vn -0.93060000 -0.27620000 0.24010000
vn -0.88770000 -0.39300000 0.24000000
vn -0.79230000 -0.35070000 0.49920000
vn -0.83060000 -0.24650000 0.49920000
vn -0.83010000 -0.50320000 0.24000000
vn -0.79230000 -0.35070000 0.49920000
vn -0.88770000 -0.39300000 0.24000000
vn -0.74100000 -0.44920000 0.49930000
vn -0.74090000 -0.44920000 0.49920000
vn -0.87460000 -0.42120000 -0.24000000
vn -0.75900000 -0.60530000 0.24000000
vn -0.83010000 -0.50320000 0.24000000
vn -0.74090000 -0.44920000 0.49920000
vn -0.67740000 -0.54020000 0.49930000
vn -0.67740000 -0.54020000 0.49920000
vn -0.81360000 -0.52960000 -0.24010000
vn -0.73920000 -0.62930000 -0.24010000
vn -0.75900000 -0.60530000 0.24000000
vn -0.67530000 -0.69730000 0.24010000
vn -0.67740000 -0.54020000 0.49920000
vn -0.60280000 -0.62240000 0.49920000
vn -0.67530000 -0.69730000 0.24010000
vn -0.56770000 -0.77440000 0.27940000
vn -0.51830000 -0.69440000 0.49920000
vn -0.60280000 -0.62240000 0.49920000
vn -0.54010000 -0.74440000 0.39270000
vn -0.65260000 -0.71860000 -0.24010000
vn -0.44140000 -0.80710000 0.39210000
vn -0.54010000 -0.74440000 0.39270000
vn -0.43680000 -0.77550000 0.45590000
vn -0.56770000 -0.77440000 0.27940000
vn -0.07000000 -0.10040000 -0.99250000
vn 0.00790000 -0.00630000 -0.99990000
vn -0.07680000 -0.14030000 -0.98710000
vn -0.05760000 -0.13460000 -0.98920000
vn -0.33720000 -0.90530000 -0.25820000
vn -0.07680000 -0.14030000 -0.98710000
vn -0.33260000 -0.80020000 0.49900000
vn -0.44140000 -0.80710000 0.39210000
vn -0.33400000 -0.82500000 0.45590000
vn -0.05660000 -0.10850000 -0.99250000
vn -0.21980000 -0.83810000 0.49920000
vn -0.22130000 -0.89260000 0.39270000
vn -0.33260000 -0.80020000 0.49900000
vn -0.33720000 -0.90530000 -0.25820000
vn -0.23560000 -0.93080000 0.27940000
vn -0.02720000 -0.11930000 -0.99250000
vn -0.10580000 -0.91550000 0.38830000
vn -0.01980000 -0.15320000 -0.98800000
vn -0.22130000 -0.89260000 0.39270000
vn -0.11380000 -0.88270000 0.45590000
vn 0.00970000 -0.00290000 -0.99990000
vn -0.23560000 -0.93080000 0.27940000
vn -0.00230000 -0.11650000 -0.99320000
vn -0.00720000 -0.89870000 0.43850000
vn -0.10580000 -0.91550000 0.38830000
vn -0.00920000 -0.09490000 -0.99540000
vn -0.01980000 -0.15320000 -0.98800000
vn 0.02590000 -0.96410000 -0.26430000
vn 0.13120000 -0.95060000 0.28150000
vn -0.00720000 -0.89870000 0.43850000
vn 0.02590000 -0.96410000 -0.26430000
vn 0.11080000 -0.85930000 0.49930000
vn -0.00000000 -0.86650000 0.49920000
vn 0.13060000 -0.91210000 0.38870000
vn 0.13060000 -0.91210000 0.38870000
vn 0.00790000 0.00080000 -1.00000000
vn 0.22100000 -0.87110000 0.43850000
vn 0.02730000 -0.11330000 -0.99320000
vn 0.01520000 -0.09420000 -0.99540000
vn 0.26960000 -0.92600000 -0.26430000
vn 0.13120000 -0.95060000 0.28150000
vn 0.26960000 -0.92600000 -0.26430000
vn 0.36800000 -0.88620000 0.28150000
vn 0.21980000 -0.83810000 0.49920000
vn 0.22100000 -0.87110000 0.43850000
vn 0.35760000 -0.84910000 0.38870000
vn 0.32520000 -0.80310000 0.49920000
vn 0.36800000 -0.88620000 0.28150000
vn 0.49570000 -0.82730000 -0.26430000
vn 0.00750000 0.00280000 -1.00000000
vn 0.03860000 -0.08730000 -0.99540000
vn 0.05520000 -0.10270000 -0.99320000
vn 0.43480000 -0.78660000 0.43850000
vn 0.35760000 -0.84910000 0.38870000
vn 0.49570000 -0.82730000 -0.26430000
vn 0.55990000 -0.72950000 0.39270000
vn 0.58080000 -0.76460000 0.27940000
vn 0.51830000 -0.69440000 0.49930000
vn 0.42520000 -0.75500000 0.49920000
vn 0.43480000 -0.78660000 0.43850000
vn 0.00830000 0.00580000 -0.99990000
vn 0.07630000 -0.09570000 -0.99250000
vn 0.09970000 -0.10720000 -0.98920000
vn 0.58080000 -0.76460000 0.27940000
vn 0.69140000 -0.67480000 -0.25820000
vn 0.59710000 -0.62800000 0.49900000
vn 0.61920000 -0.63940000 0.45590000
vn 0.55990000 -0.72950000 0.39270000
vn 0.69140000 -0.67480000 -0.25820000
vn 0.67740000 -0.54020000 0.49920000
vn 0.75900000 -0.60530000 0.24010000
vn 0.59710000 -0.62800000 0.49900000
vn 0.75900000 -0.60530000 0.24010000
vn 0.74090000 -0.44920000 0.49920000
vn 0.79280000 -0.46610000 0.39270000
vn 0.77800000 -0.58060000 -0.24010000
vn 0.82530000 -0.49070000 0.27940000
vn 0.67740000 -0.54020000 0.49920000
vn 0.81390000 -0.36030000 0.45590000
vn 0.79280000 -0.46610000 0.39270000
vn 0.84750000 -0.36190000 0.38830000
vn 0.14120000 -0.06250000 -0.98800000
vn 0.00550000 0.00850000 -0.99990000
vn 0.10670000 -0.06010000 -0.99250000
vn 0.82530000 -0.49070000 0.27940000
vn 0.08850000 -0.03580000 -0.99540000
vn 0.14120000 -0.06250000 -0.98800000
vn 0.85950000 -0.26260000 0.43850000
vn 0.11110000 -0.03540000 -0.99320000
vn 0.93160000 -0.24950000 -0.26430000
vn 0.84750000 -0.36190000 0.38830000
vn 0.85540000 -0.13830000 0.49920000
vn 0.83070000 -0.24650000 0.49920000
vn 0.95830000 -0.15490000 0.24000000
vn 0.85950000 -0.26260000 0.43850000
vn 0.93160000 -0.24950000 -0.26430000
vn 0.86600000 -0.02780000 0.49920000
vn 0.96280000 -0.12410000 -0.24000000
vn 0.95830000 -0.15490000 0.24000000
vn 0.97030000 -0.03110000 0.24010000
vn 0.85540000 -0.13830000 0.49920000
vn 0.97030000 -0.03110000 0.24010000
vn 0.86250000 0.08320000 0.49920000
vn 0.96630000 0.09320000 0.24000000
vn 0.97080000 -0.00000000 -0.24000000
vn 0.86600000 -0.02780000 0.49920000
vn 0.86250000 0.08320000 0.49930000
vn 0.86250000 0.08320000 0.49930000
vn 0.89380000 0.21670000 0.39270000
vn 0.93420000 0.22160000 0.27940000
vn 0.96630000 0.09320000 0.24000000
vn 0.84470000 0.19280000 0.49930000
vn 0.96280000 0.12410000 -0.24010000
vn 0.11840000 0.03100000 -0.99250000
vn 0.93420000 0.22160000 0.27940000
vn -0.00190000 0.00990000 -0.99990000
vn 0.89380000 0.21670000 0.39270000
vn 0.81600000 0.29180000 0.49900000
vn 0.13840000 0.04780000 -0.98920000
vn 0.89690000 0.35910000 -0.25820000
vn 0.83530000 0.30740000 0.45590000
vn 0.89690000 0.35910000 -0.25820000
vn 0.76820000 0.40080000 0.49920000
vn 0.81600000 0.29180000 0.49900000
vn 0.84670000 0.45140000 0.28150000
vn 0.81090000 0.43750000 0.38870000
vn 0.84670000 0.45140000 0.28150000
vn 0.77590000 0.57280000 -0.26420000
vn 0.09700000 0.06480000 -0.99320000
vn -0.00350000 0.00720000 -1.00000000
vn 0.08320000 0.04680000 -0.99540000
vn 0.81090000 0.43750000 0.38870000
vn 0.74120000 0.50830000 0.43850000
vn 0.74120000 0.50830000 0.43850000
vn 0.71070000 0.49570000 0.49920000
vn 0.71860000 0.65260000 0.24010000
vn 0.64140000 0.58250000 0.49920000
vn 0.77590000 0.57280000 -0.26420000
vn 0.58660000 0.70820000 0.39270000
vn 0.69730000 0.67530000 -0.24010000
vn 0.56170000 0.65980000 0.49920000
vn 0.61610000 0.73640000 0.27940000
vn 0.64140000 0.58250000 0.49920000
vn 0.71860000 0.65260000 0.24010000
vn 0.50400000 0.82420000 -0.25820000
vn 0.48560000 0.74590000 0.45590000
vn 0.58660000 0.70820000 0.39270000
vn 0.47940000 0.72190000 0.49900000
vn 0.08230000 0.12100000 -0.98920000
vn -0.00750000 0.00680000 -0.99990000
vn 0.61610000 0.73640000 0.27940000
vn 0.07630000 0.09570000 -0.99250000
vn 0.50400000 0.82420000 -0.25820000
vn 0.37600000 0.78070000 0.49920000
vn 0.37590000 0.78070000 0.49920000
vn 0.42120000 0.87460000 0.24010000
vn 0.47940000 0.72190000 0.49900000
vn 0.37590000 0.78070000 0.49920000
vn 0.42120000 0.87460000 0.24010000
vn 0.30590000 0.92130000 0.24010000
vn 0.39300000 0.88770000 -0.24000000
vn 0.27300000 0.82230000 0.49920000
vn 0.30590000 0.92130000 0.24010000
vn 0.27300000 0.82230000 0.49920000
vn 0.17500000 0.94350000 0.28150000
vn 0.16560000 0.85050000 0.49920000
vn 0.27620000 0.93060000 -0.24000000
vn 0.16350000 0.90680000 0.38870000
vn 0.03590000 0.96380000 -0.26430000
vn 0.00980000 0.11620000 -0.99320000
vn -0.00780000 0.00180000 -1.00000000
vn 0.06470000 0.89640000 0.43850000
vn 0.01520000 0.09420000 -0.99540000
vn 0.17500000 0.94350000 0.28150000
vn 0.16350000 0.90680000 0.38870000
vn -0.05550000 0.86470000 0.49920000
vn 0.06470000 0.89640000 0.43850000
vn 0.05550000 0.86470000 0.49920000
vn -0.06220000 0.96880000 0.24010000
vn 0.03590000 0.96380000 -0.26430000
vn -0.14210000 0.03540000 -0.98920000
vn -0.00000000 -0.00000000 -1.00000000
vn -0.97430000 0.06260000 -0.21640000
vn -0.94760000 0.18840000 -0.25820000
vn -0.96240000 0.08940000 0.25640000
vn -0.97430000 0.06260000 -0.21640000
vn -0.99400000 -0.04800000 0.09800000
vn -0.00000000 -0.00880000 -1.00000000
vn -0.00000000 -0.00000000 -1.00000000
vn -0.00000000 -0.00000000 -1.00000000
vn -0.10230000 0.05600000 -0.99320000
vn -0.90390000 0.32390000 0.27940000
vn -0.86670000 0.42300000 -0.26430000
vn -0.00380000 -0.00940000 -0.99990000
vn -0.65260000 0.71860000 -0.24010000
vn -0.71630000 0.63940000 0.27940000
vn -0.00700000 -0.00720000 -0.99990000
vn -0.00000000 -0.00000000 -1.00000000
vn -0.00000000 -0.00000000 -1.00000000
vn -0.65260000 0.71860000 -0.24010000
vn -0.55540000 0.79620000 -0.24010000
vn -0.62930000 0.73920000 0.24000000
vn -0.55540000 0.79620000 -0.24010000
vn -0.44160000 0.85740000 -0.26430000
vn -0.52960000 0.81360000 0.24010000
vn -0.04850000 0.10600000 -0.99320000
vn -0.00000000 -0.00000000 -1.00000000
vn -0.00000000 -0.00000000 -1.00000000
vn -0.00760000 -0.00230000 -1.00000000
vn -0.31050000 0.90790000 0.28140000
vn -0.21600000 0.94640000 -0.24010000
vn -0.00000000 -0.00000000 -1.00000000
vn -0.09320000 0.96630000 -0.24010000
vn -0.18560000 0.95290000 0.24010000
vn -0.21600000 0.94640000 -0.24010000
vn -0.00000000 -0.00000000 -1.00000000
vn -0.09320000 0.96630000 -0.24010000
vn -0.06220000 0.96880000 0.24010000
vn 0.03590000 0.96380000 -0.26430000
vn 0.00980000 0.11620000 -0.99320000
vn 0.27620000 0.93060000 -0.24000000
vn -0.00780000 0.00180000 -1.00000000
vn -0.00000000 -0.00000000 -1.00000000
vn 0.17500000 0.94350000 0.28150000
vn 0.30590000 0.92130000 0.24010000
vn 0.39300000 0.88770000 -0.24000000
vn 0.27620000 0.93060000 -0.24000000
vn -0.00000000 -0.00000000 -1.00000000
vn -0.00000000 -0.00000000 -1.00000000
vn 0.08230000 0.12100000 -0.98920000
vn 0.42120000 0.87460000 0.24010000
vn 0.50400000 0.82420000 -0.25820000
vn 0.39300000 0.88770000 -0.24000000
vn -0.00000000 -0.00000000 -1.00000000
vn 0.61610000 0.73640000 0.27940000
vn -0.00750000 0.00680000 -0.99990000
vn 0.69730000 0.67530000 -0.24010000
vn 0.71860000 0.65260000 0.24010000
vn 0.69730000 0.67530000 -0.24010000
vn 0.77590000 0.57280000 -0.26420000
vn 0.09700000 0.06480000 -0.99320000
vn -0.00000000 -0.00000000 -1.00000000
vn 0.13840000 0.04780000 -0.98920000
vn -0.00000000 -0.00000000 -1.00000000
vn -0.00350000 0.00720000 -1.00000000
vn 0.89690000 0.35910000 -0.25820000
vn 0.84670000 0.45140000 0.28150000
vn 0.96280000 0.12410000 -0.24010000
vn -0.00000000 -0.00000000 -1.00000000
vn 0.93420000 0.22160000 0.27940000
vn -0.00190000 0.00990000 -0.99990000
vn -0.00000000 -0.00000000 -1.00000000
vn 0.96280000 0.12410000 -0.24010000
vn 0.97080000 -0.00000000 -0.24000000
vn 0.96630000 0.09320000 0.24000000
vn 0.96280000 -0.12410000 -0.24000000
vn -0.00000000 -0.00000000 -1.00000000
vn 0.97030000 -0.03110000 0.24010000
vn 0.97080000 -0.00000000 -0.24000000
vn 0.95830000 -0.15490000 0.24000000
vn 0.96280000 -0.12410000 -0.24000000
vn -0.00000000 -0.00000000 -1.00000000
vn 0.11110000 -0.03540000 -0.99320000
vn 0.93160000 -0.24950000 -0.26430000
vn 0.82530000 -0.49070000 0.27940000
vn -0.00000000 -0.00000000 -1.00000000
vn 0.77800000 -0.58060000 -0.24010000
vn 0.00550000 0.00850000 -0.99990000
vn 0.09970000 -0.10720000 -0.98920000
vn 0.69140000 -0.67480000 -0.25820000
vn -0.00000000 -0.00000000 -1.00000000
vn 0.75900000 -0.60530000 0.24010000
vn 0.77800000 -0.58060000 -0.24010000
vn 0.58080000 -0.76460000 0.27940000
vn 0.49570000 -0.82730000 -0.26430000
vn -0.00000000 -0.00000000 -1.00000000
vn 0.05520000 -0.10270000 -0.99320000
vn 0.00830000 0.00580000 -0.99990000
vn 0.00750000 0.00280000 -1.00000000
vn 0.02730000 -0.11330000 -0.99320000
vn -0.00000000 -0.00000000 -1.00000000
vn 0.36800000 -0.88620000 0.28150000
vn 0.26960000 -0.92600000 -0.26430000
vn -0.00000000 -0.00000000 -1.00000000
vn -0.00230000 -0.11650000 -0.99320000
vn 0.00790000 0.00080000 -1.00000000
vn 0.02590000 -0.96410000 -0.26430000
vn 0.13120000 -0.95060000 0.28150000
vn -0.23560000 -0.93080000 0.27940000
vn -0.33720000 -0.90530000 -0.25820000
vn -0.00000000 -0.00000000 -1.00000000
vn 0.00970000 -0.00290000 -0.99990000
vn -0.05760000 -0.13460000 -0.98920000
vn 0.00790000 -0.00630000 -0.99990000
vn -0.65260000 -0.71860000 -0.24010000
vn -0.00000000 -0.00000000 -1.00000000
vn -0.56770000 -0.77440000 0.27940000
vn -0.73920000 -0.62930000 -0.24010000
vn -0.00000000 -0.00000000 -1.00000000
vn -0.67530000 -0.69730000 0.24010000
vn -0.65260000 -0.71860000 -0.24010000
vn -0.00000000 -0.00000000 -1.00000000
vn -0.81360000 -0.52960000 -0.24010000
vn -0.75900000 -0.60530000 0.24000000
vn -0.73920000 -0.62930000 -0.24010000
vn -0.00000000 -0.00000000 -1.00000000
vn -0.87460000 -0.42120000 -0.24000000
vn -0.81360000 -0.52960000 -0.24010000
vn -0.83010000 -0.50320000 0.24000000
vn -0.92130000 -0.30590000 -0.24010000
vn -0.00000000 -0.00000000 -1.00000000
vn -0.87460000 -0.42120000 -0.24000000
vn -0.88770000 -0.39300000 0.24000000
vn -0.13490000 -0.01910000 -0.99070000
vn -0.00000000 -0.00000000 -1.00000000
vn -0.92130000 -0.30590000 -0.24010000
vn -0.93060000 -0.27620000 0.24010000
vn -0.95090000 -0.18320000 -0.24960000
vn -0.43470000 0.83330000 0.34160000
vn -0.51200000 0.84140000 -0.17300000
vn -0.53670000 0.76940000 0.34640000
vn -0.00000000 -0.00000000 -1.00000000
vn -0.35480000 0.93170000 0.07800000
vn -0.00000000 -0.00000000 -1.00000000
vn -0.33200000 0.90230000 0.27510000
vn -0.43470000 0.83330000 0.34160000
vn -0.04850000 0.10600000 -0.99320000
vn -0.03300000 0.08960000 -0.99540000
vn -0.43960000 0.89730000 -0.03960000
vn -0.03300000 0.08960000 -0.99540000
vn -0.00000000 -0.00000000 -1.00000000
vn -0.18800000 0.82360000 0.53510000
vn -0.00760000 -0.00230000 -1.00000000
vn -0.33200000 0.90230000 0.27510000
vn -0.27620000 0.95490000 -0.10900000
vn -0.17770000 0.98410000 0.00100000
vn -0.18800000 0.82360000 0.53510000
vn -0.00000000 -0.00000000 -1.00000000
vn -0.08830000 0.91550000 0.39250000
vn 0.00360000 0.99900000 0.04420000
vn -0.08830000 0.91550000 0.39250000
vn 0.02860000 0.89270000 0.44980000
vn -0.00000000 -0.00000000 -1.00000000
vn -0.08760000 0.93270000 0.34970000
vn 0.00980000 0.11620000 -0.99320000
vn 0.09060000 0.99350000 -0.06830000
vn 0.13990000 0.86560000 0.48070000
vn 0.02860000 0.89270000 0.44980000
vn -0.00000000 -0.00000000 -1.00000000
vn 0.01520000 0.09420000 -0.99540000
vn -0.00000000 -0.00000000 -1.00000000
vn 0.01520000 0.09420000 -0.99540000
vn -0.00780000 0.00180000 -1.00000000
vn 0.18240000 0.97660000 0.11410000
vn 0.13990000 0.86560000 0.48070000
vn 0.25420000 0.85660000 0.44900000
vn 0.26380000 0.92220000 0.28270000
vn 0.33730000 0.76180000 0.55310000
vn -0.00000000 -0.00000000 -1.00000000
vn 0.35820000 0.93280000 0.03950000
vn 0.25420000 0.85660000 0.44900000
vn -0.00000000 -0.00000000 -1.00000000
vn 0.44760000 0.89120000 -0.07280000
vn 0.33730000 0.76180000 0.55310000
vn 0.50710000 0.83650000 0.20750000
vn 0.43210000 0.74350000 0.51030000
vn 0.54570000 0.68430000 0.48370000
vn 0.59360000 0.77930000 0.20090000
vn -0.00000000 -0.00000000 -1.00000000
vn 0.07630000 0.09570000 -0.99250000
vn 0.50710000 0.83650000 0.20750000
vn 0.08230000 0.12100000 -0.98920000
vn -0.00750000 0.00680000 -0.99990000
vn 0.63150000 0.61160000 0.47670000
vn 0.54570000 0.68430000 0.48370000
vn -0.00000000 -0.00000000 -1.00000000
vn 0.66310000 0.74840000 -0.01160000
vn 0.07630000 0.09570000 -0.99250000
vn 0.77130000 0.59340000 0.23030000
vn 0.63150000 0.61160000 0.47670000
vn -0.00000000 -0.00000000 -1.00000000
vn 0.68390000 0.64960000 0.33190000
vn 0.71290000 0.53210000 0.45680000
vn 0.09700000 0.06480000 -0.99320000
vn -0.00000000 -0.00000000 -1.00000000
vn 0.81700000 0.46010000 0.34740000
vn 0.08320000 0.04680000 -0.99540000
vn 0.71290000 0.53210000 0.45680000
vn 0.84210000 0.52950000 -0.10290000
vn 0.08320000 0.04680000 -0.99540000
vn 0.90580000 0.36670000 0.21230000
vn 0.83290000 0.32360000 0.44890000
vn -0.00350000 0.00720000 -1.00000000
vn -0.00000000 -0.00000000 -1.00000000
vn 0.88450000 0.46650000 -0.01060000
vn 0.81700000 0.46010000 0.34740000
vn 0.95020000 0.30280000 -0.07370000
vn 0.90580000 0.36670000 0.21230000
vn 0.13840000 0.04780000 -0.98920000
vn 0.11840000 0.03100000 -0.99250000
vn 0.77410000 0.20300000 0.59960000
vn -0.00000000 -0.00000000 -1.00000000
vn -0.00190000 0.00990000 -0.99990000
vn 0.88640000 0.11430000 0.44860000
vn 0.11840000 0.03100000 -0.99250000
vn 0.77410000 0.20300000 0.59960000
vn 0.98080000 0.19370000 0.02030000
vn -0.00000000 -0.00000000 -1.00000000
vn -0.00000000 -0.00000000 -1.00000000
vn 0.99340000 0.10450000 0.04660000
vn 0.90800000 -0.00000000 0.41900000
vn 0.88640000 0.11430000 0.44860000
vn 0.99950000 0.02630000 -0.01690000
vn -0.00000000 -0.00000000 -1.00000000
vn 0.90800000 -0.00000000 0.41900000
vn 0.87150000 -0.11240000 0.47730000
vn 0.99540000 -0.06860000 -0.06650000
vn 0.98130000 -0.15270000 0.11680000
vn -0.00000000 -0.00000000 -1.00000000
vn 0.89240000 -0.23400000 0.38580000
vn 0.89740000 -0.23470000 0.37360000
vn 0.87150000 -0.11240000 0.47730000
vn 0.93790000 -0.34110000 0.06360000
vn 0.11110000 -0.03540000 -0.99320000
vn 0.08850000 -0.03580000 -0.99540000
vn -0.00000000 -0.00000000 -1.00000000
vn 0.89240000 -0.23400000 0.38580000
vn 0.80680000 -0.32660000 0.49230000
vn 0.78410000 -0.44160000 0.43600000
vn 0.10670000 -0.06010000 -0.99250000
vn 0.14120000 -0.06250000 -0.98800000
vn 0.90950000 -0.41540000 0.01720000
vn 0.80680000 -0.32660000 0.49230000
vn 0.08850000 -0.03580000 -0.99540000
vn 0.75390000 -0.56270000 0.33910000
vn 0.78410000 -0.44160000 0.43600000
vn 0.79640000 -0.57970000 0.17220000
vn -0.00000000 -0.00000000 -1.00000000
vn 0.00550000 0.00850000 -0.99990000
vn 0.10670000 -0.06010000 -0.99250000
vn 0.82870000 -0.47580000 0.29470000
vn 0.76380000 -0.63800000 -0.09800000
vn 0.75390000 -0.56270000 0.33910000
vn -0.00000000 -0.00000000 -1.00000000
vn 0.61720000 -0.59780000 0.51160000
vn 0.09970000 -0.10720000 -0.98920000
vn 0.53530000 -0.69210000 0.48420000
vn 0.07630000 -0.09570000 -0.99250000
vn 0.60140000 -0.75410000 0.26400000
vn -0.00000000 -0.00000000 -1.00000000
vn 0.61720000 -0.59780000 0.51160000
vn 0.69310000 -0.70710000 0.14000000
vn 0.00830000 0.00580000 -0.99990000
vn -0.00000000 -0.00000000 -1.00000000
vn 0.41320000 -0.68150000 0.60400000
vn 0.07630000 -0.09570000 -0.99250000
vn 0.60140000 -0.75410000 0.26400000
vn 0.56690000 -0.81970000 -0.08150000
vn 0.41320000 -0.68150000 0.60400000
vn -0.00000000 -0.00000000 -1.00000000
vn 0.47190000 -0.88120000 0.02630000
vn 0.03860000 -0.08730000 -0.99540000
vn 0.05520000 -0.10270000 -0.99320000
vn 0.37010000 -0.83600000 0.40520000
vn 0.30940000 -0.94920000 0.05700000
vn 0.25480000 -0.85850000 0.44500000
vn 0.37010000 -0.83600000 0.40520000
vn 0.37820000 -0.86460000 0.33070000
vn -0.00000000 -0.00000000 -1.00000000
vn 0.00750000 0.00280000 -1.00000000
vn 0.03860000 -0.08730000 -0.99540000
vn 0.13220000 -0.81770000 0.56030000
vn -0.00000000 -0.00000000 -1.00000000
vn 0.02730000 -0.11330000 -0.99320000
vn 0.25480000 -0.85850000 0.44500000
vn 0.22920000 -0.97280000 -0.03470000
vn 0.01520000 -0.09420000 -0.99540000
vn 0.13220000 -0.81770000 0.56030000
vn 0.12720000 -0.98540000 0.11330000
vn 0.02900000 -0.90320000 0.42820000
vn -0.00000000 -0.00000000 -1.00000000
vn 0.03800000 -0.95290000 0.30090000
vn 0.00790000 0.00080000 -1.00000000
vn 0.01520000 -0.09420000 -0.99540000
vn 0.02900000 -0.90320000 0.42820000
vn -0.08500000 -0.88100000 0.46550000
vn -0.04830000 -0.99770000 -0.04740000
vn -0.00000000 -0.00000000 -1.00000000
vn -0.00920000 -0.09490000 -0.99540000
vn -0.00230000 -0.11650000 -0.99320000
vn -0.01980000 -0.15320000 -0.98800000
vn -0.02720000 -0.11930000 -0.99250000
vn -0.13470000 -0.99080000 -0.01490000
vn -0.20590000 -0.90220000 0.37890000
vn -0.08500000 -0.88100000 0.46550000
vn -0.00920000 -0.09490000 -0.99540000
vn 0.00970000 -0.00290000 -0.99990000
vn -0.19170000 -0.86200000 0.46920000
vn -0.00000000 -0.00000000 -1.00000000
vn -0.02720000 -0.11930000 -0.99250000
vn -0.30300000 -0.82330000 0.48010000
vn -0.31850000 -0.92300000 0.21580000
vn -0.20590000 -0.90220000 0.37890000
vn -0.05660000 -0.10850000 -0.99250000
vn -0.40160000 -0.90800000 -0.11970000
vn -0.00000000 -0.00000000 -1.00000000
vn -0.30300000 -0.82330000 0.48010000
vn -0.43810000 -0.83980000 0.32060000
vn -0.05760000 -0.13460000 -0.98920000
vn -0.05660000 -0.10850000 -0.99250000
vn -0.07000000 -0.10040000 -0.99250000
vn -0.43810000 -0.83980000 0.32060000
vn -0.52920000 -0.74790000 0.40070000
vn -0.54500000 -0.78120000 0.30460000
vn -0.46300000 -0.86800000 0.17960000
vn -0.07680000 -0.14030000 -0.98710000
vn -0.61840000 -0.78210000 -0.07660000
vn -0.53770000 -0.59210000 0.60020000
vn -0.00000000 -0.00000000 -1.00000000
vn -0.54500000 -0.78120000 0.30460000
vn -0.07000000 -0.10040000 -0.99250000
vn 0.00790000 -0.00630000 -0.99990000
vn -0.53770000 -0.59210000 0.60020000
vn -0.68110000 -0.56110000 0.47030000
vn -0.70390000 -0.70840000 0.05150000
vn -0.00000000 -0.00000000 -1.00000000
vn -0.74650000 -0.63540000 0.19760000
vn -0.80950000 -0.58070000 -0.08650000
vn -0.00000000 -0.00000000 -1.00000000
vn -0.74650000 -0.63540000 0.19760000
vn -0.71160000 -0.46320000 0.52830000
vn -0.00000000 -0.00000000 -1.00000000
vn -0.86800000 -0.49610000 -0.02250000
vn -0.80110000 -0.38580000 0.45760000
vn -0.71160000 -0.46320000 0.52830000
vn -0.00000000 -0.00000000 -1.00000000
vn -0.91120000 -0.41070000 0.03290000
vn -0.83370000 -0.27680000 0.47790000
vn -0.80110000 -0.38580000 0.45760000
vn -0.93990000 -0.34140000 -0.00210000
vn -0.86040000 -0.16760000 0.48130000
vn -0.00000000 -0.00000000 -1.00000000
vn -0.83370000 -0.27680000 0.47790000
vn -0.97030000 -0.24190000 -0.00570000
vn -0.00000000 -0.00000000 -1.00000000
vn -0.98620000 -0.15290000 -0.06290000
vn -0.97210000 -0.06240000 0.22630000
vn -0.13490000 -0.01910000 -0.99070000
vn -0.11960000 -0.00770000 -0.99280000
vn -0.86040000 -0.16760000 0.48130000
vn -0.98440000 -0.06660000 0.16270000
vn -0.11960000 -0.00770000 -0.99280000
vn -0.99100000 0.02320000 -0.13150000
vn -0.93330000 0.05990000 0.35400000
vn -0.97210000 -0.06240000 0.22630000
vn -0.00000000 -0.00880000 -1.00000000
vn -0.00000000 -0.00000000 -1.00000000
vn -0.99410000 0.10170000 -0.03820000
vn -0.93330000 0.05990000 0.35400000
vn -0.87790000 0.17100000 0.44730000
vn -0.00000000 -0.00000000 -1.00000000
vn -0.87400000 0.28080000 0.39650000
vn -0.11620000 0.03860000 -0.99250000
vn -0.87790000 0.17100000 0.44730000
vn -0.80320000 0.26670000 0.53270000
vn -0.00000000 -0.00000000 -1.00000000
vn -0.14210000 0.03540000 -0.98920000
vn -0.86680000 0.16740000 0.46970000
vn -0.91990000 0.38810000 0.05650000
vn -0.80320000 0.26670000 0.53270000
vn -0.00380000 -0.00940000 -0.99990000
vn -0.77890000 0.37510000 0.50260000
vn -0.00000000 -0.00000000 -1.00000000
vn -0.11620000 0.03860000 -0.99250000
vn -0.88120000 0.45520000 0.12770000
vn -0.00000000 -0.00000000 -1.00000000
vn -0.08000000 0.05200000 -0.99540000
vn -0.73510000 0.48400000 0.47480000
vn -0.77060000 0.50160000 0.39310000
vn -0.10230000 0.05600000 -0.99320000
vn -0.77890000 0.37510000 0.50260000
vn -0.64330000 0.54760000 0.53510000
vn -0.77060000 0.50160000 0.39310000
vn -0.12660000 0.08840000 -0.98800000
vn -0.09320000 0.07940000 -0.99250000
vn -0.08000000 0.05200000 -0.99540000
vn -0.79040000 0.61260000 -0.00530000
vn -0.72830000 0.68520000 -0.01000000
vn -0.00700000 -0.00720000 -0.99990000
vn -0.09320000 0.07940000 -0.99250000
vn -0.61100000 0.67280000 0.41710000
vn -0.64330000 0.54760000 0.53510000
vn -0.00000000 -0.00000000 -1.00000000
vn -0.63430000 0.70730000 0.31200000
vn -0.53670000 0.76940000 0.34640000
vn -0.61100000 0.67280000 0.41710000
vn -0.00000000 -0.00000000 -1.00000000
vn -0.58760000 0.80700000 0.05880000
vn 0.13250000 -0.02100000 0.99100000
vn -0.93330000 0.05990000 0.35400000
vn -0.99410000 0.10170000 -0.03820000
vn -0.99100000 0.02320000 -0.13150000
vn 0.14130000 -0.00220000 0.99000000
vn -0.51200000 0.84140000 -0.17300000
vn -0.58760000 0.80700000 0.05880000
vn -0.53670000 0.76940000 0.34640000
vn -0.04080000 0.06560000 0.99700000
vn -0.03940000 0.06630000 0.99700000
vn -0.04940000 0.08070000 0.99550000
vn -0.43470000 0.83330000 0.34160000
vn -0.04940000 0.08070000 0.99550000
vn -0.51200000 0.84140000 -0.17300000
vn -0.43960000 0.89730000 -0.03960000
vn -0.03970000 0.08150000 0.99590000
vn -0.04250000 0.08640000 0.99540000
vn -0.33200000 0.90230000 0.27510000
vn -0.27620000 0.95490000 -0.10900000
vn -0.35480000 0.93170000 0.07800000
vn -0.03240000 0.08520000 0.99580000
vn -0.03100000 0.08510000 0.99590000
vn -0.03320000 0.08690000 0.99570000
vn -0.35480000 0.93170000 0.07800000
vn -0.43960000 0.89730000 -0.03960000
vn -0.03240000 0.08520000 0.99580000
vn -0.03970000 0.08150000 0.99590000
vn 0.00260000 0.26890000 0.96320000
vn 0.02350000 0.27540000 0.96110000
vn 0.02860000 0.89270000 0.44980000
vn 0.00360000 0.99900000 0.04420000
vn 0.09060000 0.99350000 -0.06830000
vn 0.50710000 0.83650000 0.20750000
vn 0.04180000 0.08520000 0.99550000
vn 0.44760000 0.89120000 -0.07280000
vn 0.43210000 0.74350000 0.51030000
vn 0.04970000 0.08230000 0.99540000
vn 0.84210000 0.52950000 -0.10290000
vn -0.11590000 -0.08090000 0.99000000
vn -0.11840000 -0.05510000 0.99140000
vn 0.88450000 0.46650000 -0.01060000
vn 0.81700000 0.46010000 0.34740000
vn 0.90580000 0.36670000 0.21230000
vn 0.08370000 0.02620000 0.99610000
vn 0.95020000 0.30280000 -0.07370000
vn 0.83290000 0.32360000 0.44890000
vn 0.08430000 0.03480000 0.99580000
vn 0.08880000 0.00350000 0.99600000
vn 0.99950000 0.02630000 -0.01690000
vn 0.99340000 0.10450000 0.04660000
vn 0.09020000 0.00630000 0.99590000
vn 0.90800000 -0.00000000 0.41900000
vn 0.99950000 0.02630000 -0.01690000
vn 0.09020000 0.00630000 0.99590000
vn 0.28470000 -0.01820000 0.95850000
vn 0.28010000 -0.00130000 0.96000000
vn 0.99540000 -0.06860000 -0.06650000
vn 0.79640000 -0.57970000 0.17220000
vn 0.75390000 -0.56270000 0.33910000
vn 0.76380000 -0.63800000 -0.09800000
vn 0.06100000 -0.04250000 0.99720000
vn 0.05540000 -0.04830000 0.99730000
vn 0.05810000 -0.07060000 0.99580000
vn 0.04690000 -0.07320000 0.99620000
vn 0.53530000 -0.69210000 0.48420000
vn 0.60140000 -0.75410000 0.26400000
vn 0.56690000 -0.81970000 -0.08150000
vn 0.30940000 -0.94920000 0.05700000
vn 0.22920000 -0.97280000 -0.03470000
vn 0.25480000 -0.85850000 0.44500000
vn 0.06810000 -0.27480000 0.95910000
vn 0.08520000 -0.26640000 0.96010000
vn 0.03800000 -0.95290000 0.30090000
vn -0.01340000 -0.35870000 0.93340000
vn 0.01420000 -0.35530000 0.93460000
vn -0.04830000 -0.99770000 -0.04740000
vn 0.02900000 -0.90320000 0.42820000
vn -0.01520000 -0.27970000 0.96000000
vn -0.08500000 -0.88100000 0.46550000
vn -0.04830000 -0.99770000 -0.04740000
vn -0.01520000 -0.27970000 0.96000000
vn -0.03690000 -0.28310000 0.95840000
vn -0.13470000 -0.99080000 -0.01490000
vn -0.40160000 -0.90800000 -0.11970000
vn -0.04370000 -0.08530000 0.99540000
vn -0.03890000 -0.08660000 0.99550000
vn -0.43810000 -0.83980000 0.32060000
vn -0.46300000 -0.86800000 0.17960000
vn -0.05640000 -0.06620000 0.99620000
vn -0.05060000 -0.07650000 0.99580000
vn -0.52920000 -0.74790000 0.40070000
vn -0.61840000 -0.78210000 -0.07660000
vn -0.54500000 -0.78120000 0.30460000
vn -0.06960000 -0.05730000 0.99590000
vn -0.68110000 -0.56110000 0.47030000
vn -0.74650000 -0.63540000 0.19760000
vn -0.07120000 -0.05110000 0.99620000
vn -0.80950000 -0.58070000 -0.08650000
vn -0.08380000 -0.03660000 0.99580000
vn -0.08320000 -0.03110000 0.99610000
vn -0.91120000 -0.41070000 0.03290000
vn -0.93990000 -0.34140000 -0.00210000
vn -0.97210000 -0.06240000 0.22630000
vn -0.99100000 0.02320000 -0.13150000
vn 0.05120000 0.00390000 0.99870000
vn -0.98440000 -0.06660000 0.16270000
vn 0.14130000 -0.00220000 0.99000000
vn 0.05050000 -0.00380000 0.99870000
vn -0.98620000 -0.15290000 -0.06290000
vn -0.09670000 -0.01280000 0.99520000
vn -0.98440000 -0.06660000 0.16270000
vn -0.09770000 -0.00990000 0.99520000
vn 0.05120000 0.00390000 0.99870000
vn 0.32610000 -0.18820000 0.92640000
vn 0.33920000 -0.19470000 0.92030000
vn 0.81280000 -0.58260000 -0.00000000
vn 0.32830000 -0.22050000 0.91850000
vn 0.81240000 -0.58310000 0.00030000
vn 0.86600000 -0.50010000 0.00010000
vn 0.94200000 -0.33560000 -0.00040000
vn 0.90820000 -0.41840000 0.00040000
vn 0.36840000 -0.13140000 0.92030000
vn 0.32950000 -0.15180000 0.93190000
vn 0.33230000 -0.12140000 0.93530000
vn 0.94270000 -0.33360000 0.00060000
vn 0.34700000 -0.09080000 0.93350000
vn 0.37660000 -0.09640000 0.92140000
vn 0.96880000 -0.24800000 0.00030000
vn 0.94270000 -0.33360000 0.00060000
vn 0.36840000 -0.13140000 0.92030000
vn 0.72970000 0.68380000 -0.00060000
vn 0.35790000 0.32940000 0.87380000
vn 0.79040000 0.61260000 -0.00050000
vn 0.35920000 0.28320000 0.88930000
vn 0.79140000 0.61130000 0.00030000
vn 0.59230000 0.80570000 -0.00270000
vn 0.51380000 0.85790000 -0.00330000
vn 0.29620000 0.40430000 0.86530000
vn 0.59670000 0.80250000 -0.00020000
vn 0.26390000 0.41330000 0.87150000
vn 0.13990000 0.36810000 0.91920000
vn 0.35750000 0.93390000 -0.00000000
vn 0.15980000 0.41090000 0.89750000
vn 0.35620000 0.93440000 -0.00060000
vn 0.26990000 0.96290000 0.00010000
vn 0.10140000 0.35560000 0.92910000
vn 0.10670000 0.38080000 0.91850000
vn -0.58990000 0.80750000 -0.00000000
vn -0.22790000 0.29170000 0.92900000
vn -0.24760000 0.27750000 0.92830000
vn -0.58880000 0.80830000 0.00070000
vn -0.66560000 0.74630000 0.00010000
vn -0.25820000 0.28780000 0.92220000
vn -0.97950000 0.20130000 -0.00380000
vn -0.95610000 0.29300000 -0.00330000
vn -0.57150000 0.17170000 0.80240000
vn -0.95600000 0.29340000 -0.00300000
vn -0.57030000 0.12380000 0.81210000
vn -0.37560000 -0.09560000 0.92180000
vn -0.98790000 -0.15530000 -0.00010000
vn -0.35150000 -0.06700000 0.93380000
vn -0.96850000 -0.24910000 -0.00000000
vn -0.34510000 -0.08550000 0.93470000
vn -0.98790000 -0.15480000 0.00020000
vn -0.34960000 -0.11360000 0.93000000
vn -0.96840000 -0.24920000 -0.00010000
vn -0.96850000 -0.24910000 -0.00000000
vn -0.94130000 -0.33770000 0.00010000
vn -0.37560000 -0.09560000 0.92180000
vn -0.94270000 -0.33360000 0.00200000
vn -0.91050000 -0.41350000 0.00300000
vn -0.94130000 -0.33770000 0.00010000
vn -0.08320000 -0.03110000 0.99610000
vn -0.33250000 -0.16330000 0.92890000
vn -0.08380000 -0.03660000 0.99580000
vn -0.34960000 -0.11360000 0.93000000
vn -0.15390000 -0.47650000 0.86560000
vn -0.11300000 -0.47500000 0.87270000
vn -0.22450000 -0.97450000 -0.00330000
vn -0.31010000 -0.95070000 -0.00270000
vn -0.31560000 -0.94890000 0.00010000
vn -0.05220000 -0.35760000 0.93240000
vn -0.07870000 -0.36020000 0.92960000
vn -0.13380000 -0.99100000 -0.00200000
vn -0.22450000 -0.97450000 -0.00330000
vn -0.11300000 -0.47500000 0.87270000
vn -0.22490000 -0.97440000 -0.00310000
vn -0.13380000 -0.99100000 -0.00200000
vn -0.13310000 -0.99110000 -0.00230000
vn -0.03690000 -0.28310000 0.95840000
vn -0.01340000 -0.35870000 0.93340000
vn -0.01520000 -0.27970000 0.96000000
vn -0.04550000 -0.99900000 -0.00140000
vn -0.05220000 -0.35760000 0.93240000
vn -0.40160000 -0.91580000 0.00020000
vn -0.03890000 -0.08660000 0.99550000
vn -0.04370000 -0.08530000 0.99540000
vn -0.23020000 -0.39750000 0.88830000
vn -0.47750000 -0.87860000 -0.00040000
vn -0.47360000 -0.88070000 -0.00240000
vn -0.13040000 -0.32470000 0.93680000
vn -0.15390000 -0.47650000 0.86560000
vn -0.40160000 -0.91580000 0.00020000
vn -0.40110000 -0.91600000 -0.00010000
vn -0.13040000 -0.32470000 0.93680000
vn -0.31560000 -0.94890000 0.00010000
vn -0.11450000 -0.32620000 0.93830000
vn -0.47360000 -0.88070000 -0.00240000
vn -0.55730000 -0.83030000 -0.00370000
vn -0.23020000 -0.39750000 0.88830000
vn -0.56410000 -0.82570000 0.00030000
vn -0.26360000 -0.41060000 0.87290000
vn -0.05640000 -0.06620000 0.99620000
vn -0.26360000 -0.41060000 0.87290000
vn -0.56410000 -0.82570000 0.00030000
vn -0.63300000 -0.77410000 -0.00020000
vn -0.05060000 -0.07650000 0.99580000
vn -0.62730000 -0.77880000 -0.00350000
vn -0.31210000 -0.36360000 0.87770000
vn -0.31210000 -0.36360000 0.87770000
vn -0.62730000 -0.77880000 -0.00350000
vn -0.69340000 -0.72060000 -0.00410000
vn -0.70070000 -0.71340000 0.00070000
vn -0.33330000 -0.34570000 0.87710000
vn -0.33330000 -0.34570000 0.87710000
vn -0.76490000 -0.64410000 0.00040000
vn -0.28030000 -0.24950000 0.92690000
vn -0.70070000 -0.71340000 0.00070000
vn -0.76460000 -0.64450000 0.00010000
vn -0.25390000 -0.25320000 0.93350000
vn -0.76490000 -0.64410000 0.00040000
vn -0.81530000 -0.57910000 0.00010000
vn -0.28030000 -0.24950000 0.92690000
vn -0.06960000 -0.05730000 0.99590000
vn -0.07120000 -0.05110000 0.99620000
vn -0.30790000 -0.20510000 0.92910000
vn -0.81500000 -0.57950000 -0.00020000
vn -0.91050000 -0.41350000 0.00300000
vn -0.90780000 -0.41930000 -0.00010000
vn -0.31380000 -0.17900000 0.93250000
vn -0.86540000 -0.50110000 -0.00000000
vn -0.33040000 -0.19020000 0.92450000
vn -0.33250000 -0.16330000 0.92890000
vn -0.81530000 -0.57910000 0.00010000
vn -0.86530000 -0.50130000 -0.00010000
vn -0.86540000 -0.50110000 -0.00000000
vn -0.33040000 -0.19020000 0.92450000
vn -0.30790000 -0.20510000 0.92910000
vn -0.99760000 -0.06900000 -0.00040000
vn -0.98790000 -0.15480000 0.00020000
vn -0.35150000 -0.06700000 0.93380000
vn -0.09770000 -0.00990000 0.99520000
vn -0.09670000 -0.01280000 0.99520000
vn -0.99700000 -0.07780000 -0.00470000
vn -0.80710000 -0.04570000 0.58860000
vn -0.99700000 -0.07780000 -0.00470000
vn -0.99970000 0.02250000 -0.00540000
vn -0.80710000 -0.04570000 0.58860000
vn -0.99960000 0.02680000 -0.00340000
vn -0.79290000 0.01800000 0.60910000
vn -0.37230000 0.07020000 0.92550000
vn -0.37970000 0.05460000 0.92350000
vn -0.76750000 0.08120000 0.63590000
vn -0.57030000 0.12380000 0.81210000
vn -0.97950000 0.20130000 -0.00380000
vn -0.99330000 0.11600000 -0.00000000
vn -0.97800000 0.20870000 -0.00010000
vn -0.75850000 0.01960000 0.65140000
vn -0.99960000 0.02680000 -0.00340000
vn -0.79290000 0.01800000 0.60910000
vn -0.99410000 0.10830000 -0.00360000
vn -0.99330000 0.11600000 -0.00000000
vn -0.76750000 0.08120000 0.63590000
vn -0.45460000 0.18180000 0.87190000
vn -0.57150000 0.17170000 0.80240000
vn -0.42570000 0.13750000 0.89430000
vn -0.92730000 0.37420000 -0.00270000
vn -0.92510000 0.37970000 0.00010000
vn -0.95610000 0.29300000 -0.00330000
vn -0.40000000 0.21130000 0.89180000
vn -0.84220000 0.53920000 -0.00070000
vn -0.84140000 0.54050000 0.00010000
vn -0.88900000 0.45800000 -0.00050000
vn -0.42030000 0.26470000 0.86790000
vn -0.40000000 0.21130000 0.89180000
vn -0.88900000 0.45800000 -0.00050000
vn -0.88860000 0.45880000 -0.00010000
vn -0.92510000 0.37970000 0.00010000
vn -0.32670000 0.13960000 0.93480000
vn -0.45460000 0.18180000 0.87190000
vn -0.32650000 0.16710000 0.93030000
vn -0.42030000 0.26470000 0.86790000
vn -0.79070000 0.61220000 -0.00200000
vn -0.29550000 0.19620000 0.93500000
vn -0.28360000 0.22080000 0.93320000
vn -0.78810000 0.61560000 -0.00010000
vn -0.84140000 0.54050000 0.00010000
vn -0.66560000 0.74630000 0.00010000
vn -0.26290000 0.24780000 0.93250000
vn -0.24760000 0.27750000 0.92830000
vn -0.73140000 0.68200000 -0.00000000
vn -0.66590000 0.74610000 -0.00010000
vn -0.28480000 0.26550000 0.92110000
vn -0.73570000 0.67730000 -0.00300000
vn -0.28360000 0.22080000 0.93320000
vn -0.79070000 0.61220000 -0.00200000
vn -0.73140000 0.68200000 -0.00000000
vn -0.29640000 0.22940000 0.92710000
vn -0.28480000 0.26550000 0.92110000
vn -0.17970000 0.98370000 0.00010000
vn -0.09250000 0.36900000 0.92480000
vn -0.06950000 0.37550000 0.92420000
vn -0.27310000 0.96200000 0.00010000
vn -0.17980000 0.98370000 -0.00000000
vn -0.17970000 0.98370000 0.00010000
vn -0.08530000 0.99640000 -0.00010000
vn -0.03190000 0.35790000 0.93320000
vn -0.06270000 0.34880000 0.93510000
vn -0.06950000 0.37550000 0.92420000
vn -0.09130000 0.99580000 -0.00290000
vn -0.00360000 0.36730000 0.93010000
vn -0.03190000 0.35790000 0.93320000
vn 0.00320000 1.00000000 0.00270000
vn -0.03630000 0.38460000 0.92240000
vn -0.01010000 0.99990000 -0.00360000
vn -0.09130000 0.99580000 -0.00290000
vn 0.09460000 0.99550000 -0.00060000
vn 0.18400000 0.98290000 -0.00030000
vn 0.03670000 0.36000000 0.93220000
vn 0.06780000 0.37000000 0.92650000
vn 0.18030000 0.98360000 -0.00200000
vn 0.08800000 0.99610000 0.00260000
vn 0.03670000 0.36000000 0.93220000
vn 0.02350000 0.27540000 0.96110000
vn -0.00360000 0.36730000 0.93010000
vn 0.00260000 0.26890000 0.96320000
vn 0.00320000 1.00000000 0.00270000
vn 0.08800000 0.99610000 0.00260000
vn 0.26990000 0.96290000 0.00010000
vn 0.18030000 0.98360000 -0.00200000
vn 0.26380000 0.96460000 -0.00300000
vn 0.10670000 0.38080000 0.91850000
vn 0.06600000 0.35350000 0.93310000
vn 0.06780000 0.37000000 0.92650000
vn 0.18410000 0.40350000 0.89630000
vn 0.26390000 0.41330000 0.87150000
vn 0.04970000 0.08230000 0.99540000
vn 0.04180000 0.08520000 0.99550000
vn 0.51890000 0.85480000 -0.00040000
vn 0.51380000 0.85790000 -0.00330000
vn 0.44410000 0.89600000 0.00010000
vn 0.18410000 0.40350000 0.89630000
vn 0.15980000 0.41090000 0.89750000
vn 0.44410000 0.89600000 0.00010000
vn 0.35620000 0.93440000 -0.00060000
vn 0.44240000 0.89680000 -0.00070000
vn 0.66470000 0.74720000 -0.00070000
vn 0.59670000 0.80250000 -0.00020000
vn 0.66680000 0.74520000 0.00070000
vn 0.23840000 0.26770000 0.93350000
vn 0.29620000 0.40430000 0.86530000
vn 0.21670000 0.28140000 0.93480000
vn 0.23840000 0.26770000 0.93350000
vn 0.25170000 0.28500000 0.92490000
vn 0.26640000 0.25470000 0.92960000
vn 0.73070000 0.68270000 0.00020000
vn 0.35790000 0.32940000 0.87380000
vn 0.72970000 0.68380000 -0.00060000
vn 0.66680000 0.74520000 0.00070000
vn 0.84040000 0.54200000 0.00060000
vn 0.29600000 0.20180000 0.93360000
vn 0.35920000 0.28320000 0.88930000
vn 0.28400000 0.21670000 0.93400000
vn 0.79140000 0.61130000 0.00030000
vn 0.63740000 0.40060000 0.65820000
vn 0.67820000 0.35790000 0.64190000
vn 0.88960000 0.45670000 0.00010000
vn 0.88850000 0.45890000 -0.00110000
vn 0.84280000 0.53820000 -0.00150000
vn 0.84040000 0.54200000 0.00060000
vn 0.63740000 0.40060000 0.65820000
vn 0.34440000 0.14910000 0.92690000
vn 0.88960000 0.45670000 0.00010000
vn 0.92790000 0.37280000 -0.00010000
vn 0.32790000 0.15710000 0.93160000
vn 0.67820000 0.35790000 0.64190000
vn 0.92820000 0.37200000 0.00040000
vn 0.95520000 0.29590000 -0.00040000
vn 0.95540000 0.29540000 -0.00020000
vn 0.92820000 0.37200000 0.00040000
vn 0.34440000 0.14910000 0.92690000
vn 0.08370000 0.02620000 0.99610000
vn 0.08430000 0.03480000 0.99580000
vn 0.45170000 0.12490000 0.88340000
vn 0.47180000 0.10080000 0.87590000
vn 0.35600000 0.06850000 0.93200000
vn 0.99350000 0.11420000 -0.00030000
vn 0.36640000 0.05080000 0.92900000
vn 0.99420000 0.10740000 0.00300000
vn 0.97930000 0.20220000 -0.00060000
vn 0.97910000 0.20340000 -0.00000000
vn 0.47180000 0.10080000 0.87590000
vn 0.97910000 0.20340000 -0.00000000
vn 0.45170000 0.12490000 0.88340000
vn 0.95520000 0.29590000 -0.00040000
vn 0.99990000 0.01630000 0.00200000
vn 0.99420000 0.10740000 0.00300000
vn 0.08880000 0.00350000 0.99600000
vn 0.36640000 0.05080000 0.92900000
vn 0.09020000 0.00630000 0.99590000
vn 0.99970000 0.02440000 -0.00180000
vn 0.28010000 -0.00130000 0.96000000
vn 0.28470000 -0.01820000 0.95850000
vn 0.35700000 -0.02820000 0.93370000
vn 0.28010000 -0.00130000 0.96000000
vn 0.99970000 0.02440000 -0.00180000
vn 0.99790000 -0.06430000 -0.00170000
vn 0.99770000 -0.06800000 0.00010000
vn 0.98710000 -0.16010000 -0.00270000
vn 0.34900000 -0.05570000 0.93550000
vn 0.98620000 -0.16580000 -0.00000000
vn 0.35700000 -0.02820000 0.93370000
vn 0.99770000 -0.06800000 0.00010000
vn 0.98710000 -0.16010000 -0.00270000
vn 0.34900000 -0.05570000 0.93550000
vn 0.37660000 -0.09640000 0.92140000
vn 0.96880000 -0.24800000 0.00030000
vn 0.97050000 -0.24110000 -0.00310000
vn 0.37990000 -0.05850000 0.92320000
vn 0.35360000 -0.16090000 0.92150000
vn 0.90740000 -0.42040000 -0.00060000
vn 0.32950000 -0.15180000 0.93190000
vn 0.86600000 -0.50010000 0.00010000
vn 0.90820000 -0.41840000 0.00040000
vn 0.86630000 -0.49950000 -0.00030000
vn 0.32610000 -0.18820000 0.92640000
vn 0.81240000 -0.58310000 0.00030000
vn 0.05540000 -0.04830000 0.99730000
vn 0.32830000 -0.22050000 0.91850000
vn 0.76580000 -0.64300000 -0.00200000
vn 0.76350000 -0.64580000 -0.00030000
vn 0.06100000 -0.04250000 0.99720000
vn 0.28420000 -0.25520000 0.92420000
vn 0.62690000 -0.77910000 -0.00070000
vn 0.31330000 -0.32460000 0.89250000
vn 0.31580000 -0.37190000 0.87290000
vn 0.70030000 -0.71380000 -0.00050000
vn 0.62530000 -0.78040000 0.00030000
vn 0.26810000 -0.27200000 0.92420000
vn 0.70410000 -0.71010000 -0.00300000
vn 0.70030000 -0.71380000 -0.00050000
vn 0.28420000 -0.25520000 0.92420000
vn 0.31330000 -0.32460000 0.89250000
vn 0.76580000 -0.64300000 -0.00200000
vn 0.62530000 -0.78040000 0.00030000
vn 0.25220000 -0.39710000 0.88250000
vn 0.05810000 -0.07060000 0.99580000
vn 0.55590000 -0.83130000 -0.00020000
vn 0.56170000 -0.82740000 -0.00330000
vn 0.04690000 -0.07320000 0.99620000
vn 0.31580000 -0.37190000 0.87290000
vn 0.39340000 -0.91940000 -0.00010000
vn 0.39830000 -0.91730000 -0.00260000
vn 0.23240000 -0.41880000 0.87780000
vn 0.16940000 -0.32020000 0.93210000
vn 0.14800000 -0.34050000 0.92850000
vn 0.48010000 -0.87720000 -0.00000000
vn 0.56170000 -0.82740000 -0.00330000
vn 0.25220000 -0.39710000 0.88250000
vn 0.48010000 -0.87720000 -0.00000000
vn 0.23240000 -0.41880000 0.87780000
vn 0.48700000 -0.87340000 -0.00370000
vn 0.14800000 -0.34050000 0.92850000
vn 0.11760000 -0.34720000 0.93040000
vn 0.31160000 -0.95020000 -0.00220000
vn 0.31080000 -0.95050000 -0.00180000
vn 0.15500000 -0.35400000 0.92230000
vn 0.39830000 -0.91730000 -0.00260000
vn 0.06810000 -0.27480000 0.95910000
vn 0.11760000 -0.34720000 0.93040000
vn 0.31080000 -0.95050000 -0.00180000
vn 0.09490000 -0.43700000 0.89450000
vn 0.08520000 -0.26640000 0.96010000
vn 0.22910000 -0.97340000 -0.00170000
vn 0.22690000 -0.97390000 -0.00060000
vn 0.04520000 -0.99900000 -0.00010000
vn 0.13610000 -0.99070000 -0.00000000
vn 0.06640000 -0.46290000 0.88390000
vn 0.01870000 -0.39410000 0.91890000
vn 0.04500000 -0.36080000 0.93160000
vn 0.04490000 -0.99900000 0.00010000
vn 0.06640000 -0.46290000 0.88390000
vn 0.09490000 -0.43700000 0.89450000
vn 0.22690000 -0.97390000 -0.00060000
vn 0.13610000 -0.99070000 -0.00000000
vn 0.13760000 -0.99050000 -0.00070000
vn -0.03320000 0.08690000 0.99570000
vn -0.04250000 0.08640000 0.99540000
vn -0.44140000 0.89730000 0.00020000
vn -0.35700000 0.93410000 -0.00040000
vn -0.03970000 0.08150000 0.99590000
vn -0.35550000 0.93470000 0.00040000
vn -0.03240000 0.08520000 0.99580000
vn -0.27360000 0.96190000 -0.00020000
vn -0.03100000 0.08510000 0.99590000
vn -0.03320000 0.08690000 0.99570000
vn -0.09250000 0.36900000 0.92480000
vn -0.35550000 0.93470000 0.00040000
vn -0.27310000 0.96200000 0.00010000
vn -0.04250000 0.08640000 0.99540000
vn -0.51750000 0.85570000 -0.00110000
vn -0.52170000 0.85310000 0.00110000
vn -0.44140000 0.89730000 0.00020000
vn -0.03940000 0.06630000 0.99700000
vn -0.04940000 0.08070000 0.99550000
vn -0.44300000 0.89650000 -0.00070000
vn -0.58880000 0.80830000 0.00070000
vn -0.22790000 0.29170000 0.92900000
vn -0.04080000 0.06560000 0.99700000
vn -0.52170000 0.85310000 0.00110000
vn -0.03940000 0.06630000 0.99700000
vn -0.13470000 -0.99080000 -0.01490000
vn -0.07870000 -0.36020000 0.92960000
vn -0.03690000 -0.28310000 0.95840000
vn -0.19170000 -0.86200000 0.46920000
vn -0.05220000 -0.35760000 0.93240000
vn -0.20590000 -0.90220000 0.37890000
vn -0.19170000 -0.86200000 0.46920000
vn -0.15390000 -0.47650000 0.86560000
vn -0.11450000 -0.32620000 0.93830000
vn -0.07870000 -0.36020000 0.92960000
vn -0.11300000 -0.47500000 0.87270000
vn -0.31850000 -0.92300000 0.21580000
vn -0.31850000 -0.92300000 0.21580000
vn -0.04370000 -0.08530000 0.99540000
vn -0.11450000 -0.32620000 0.93830000
vn -0.13040000 -0.32470000 0.93680000
vn -0.30300000 -0.82330000 0.48010000
vn -0.40160000 -0.90800000 -0.11970000
vn -0.03890000 -0.08660000 0.99550000
vn -0.46300000 -0.86800000 0.17960000
vn -0.23020000 -0.39750000 0.88830000
vn -0.52920000 -0.74790000 0.40070000
vn -0.26360000 -0.41060000 0.87290000
vn -0.05640000 -0.06620000 0.99620000
vn -0.31210000 -0.36360000 0.87770000
vn -0.61840000 -0.78210000 -0.07660000
vn -0.25390000 -0.25320000 0.93350000
vn -0.53770000 -0.59210000 0.60020000
vn -0.05060000 -0.07650000 0.99580000
vn -0.33330000 -0.34570000 0.87710000
vn -0.70390000 -0.70840000 0.05150000
vn -0.25390000 -0.25320000 0.93350000
vn -0.28030000 -0.24950000 0.92690000
vn -0.07120000 -0.05110000 0.99620000
vn -0.68110000 -0.56110000 0.47030000
vn -0.70390000 -0.70840000 0.05150000
vn -0.06960000 -0.05730000 0.99590000
vn -0.30790000 -0.20510000 0.92910000
vn -0.33040000 -0.19020000 0.92450000
vn -0.86800000 -0.49610000 -0.02250000
vn -0.71160000 -0.46320000 0.52830000
vn -0.80950000 -0.58070000 -0.08650000
vn -0.31380000 -0.17900000 0.93250000
vn -0.33250000 -0.16330000 0.92890000
vn -0.80110000 -0.38580000 0.45760000
vn -0.08320000 -0.03110000 0.99610000
vn -0.91120000 -0.41070000 0.03290000
vn -0.86800000 -0.49610000 -0.02250000
vn -0.31380000 -0.17900000 0.93250000
vn -0.37560000 -0.09560000 0.92180000
vn -0.34510000 -0.08550000 0.93470000
vn -0.93990000 -0.34140000 -0.00210000
vn -0.83370000 -0.27680000 0.47790000
vn -0.97030000 -0.24190000 -0.00570000
vn -0.08380000 -0.03660000 0.99580000
vn -0.34960000 -0.11360000 0.93000000
vn -0.97030000 -0.24190000 -0.00570000
vn -0.98620000 -0.15290000 -0.06290000
vn -0.09770000 -0.00990000 0.99520000
vn -0.86040000 -0.16760000 0.48130000
vn -0.34510000 -0.08550000 0.93470000
vn -0.35150000 -0.06700000 0.93380000
vn 0.05050000 -0.00380000 0.99870000
vn -0.75850000 0.01960000 0.65140000
vn -0.79290000 0.01800000 0.60910000
vn -0.09670000 -0.01280000 0.99520000
vn -0.80710000 -0.04570000 0.58860000
vn 0.05120000 0.00390000 0.99870000
vn -0.37970000 0.05460000 0.92350000
vn 0.14130000 -0.00220000 0.99000000
vn 0.13250000 -0.02100000 0.99100000
vn 0.05050000 -0.00380000 0.99870000
vn -0.76750000 0.08120000 0.63590000
vn -0.75850000 0.01960000 0.65140000
vn -0.57150000 0.17170000 0.80240000
vn -0.86680000 0.16740000 0.46970000
vn -0.42570000 0.13750000 0.89430000
vn -0.57030000 0.12380000 0.81210000
vn -0.37230000 0.07020000 0.92550000
vn -0.87400000 0.28080000 0.39650000
vn -0.42570000 0.13750000 0.89430000
vn -0.80320000 0.26670000 0.53270000
vn -0.87400000 0.28080000 0.39650000
vn -0.32670000 0.13960000 0.93480000
vn -0.91990000 0.38810000 0.05650000
vn -0.45460000 0.18180000 0.87190000
vn -0.29550000 0.19620000 0.93500000
vn -0.88120000 0.45520000 0.12770000
vn -0.32650000 0.16710000 0.93030000
vn -0.73510000 0.48400000 0.47480000
vn -0.42030000 0.26470000 0.86790000
vn -0.40000000 0.21130000 0.89180000
vn -0.77890000 0.37510000 0.50260000
vn -0.88120000 0.45520000 0.12770000
vn -0.91990000 0.38810000 0.05650000
vn -0.32650000 0.16710000 0.93030000
vn -0.32670000 0.13960000 0.93480000
vn -0.29550000 0.19620000 0.93500000
vn -0.79040000 0.61260000 -0.00530000
vn -0.29640000 0.22940000 0.92710000
vn -0.73510000 0.48400000 0.47480000
vn -0.28360000 0.22080000 0.93320000
vn -0.77060000 0.50160000 0.39310000
vn -0.29640000 0.22940000 0.92710000
vn -0.28480000 0.26550000 0.92110000
vn -0.72830000 0.68520000 -0.01000000
vn -0.79040000 0.61260000 -0.00530000
vn -0.26290000 0.24780000 0.93250000
vn -0.64330000 0.54760000 0.53510000
vn -0.26290000 0.24780000 0.93250000
vn -0.72830000 0.68520000 -0.01000000
vn -0.61100000 0.67280000 0.41710000
vn -0.63430000 0.70730000 0.31200000
vn -0.24760000 0.27750000 0.92830000
vn -0.25820000 0.28780000 0.92220000
vn -0.58760000 0.80700000 0.05880000
vn -0.63430000 0.70730000 0.31200000
vn -0.25820000 0.28780000 0.92220000
vn -0.04080000 0.06560000 0.99700000
vn -0.22790000 0.29170000 0.92900000
vn -0.17770000 0.98410000 0.00100000
vn -0.03100000 0.08510000 0.99590000
vn -0.09250000 0.36900000 0.92480000
vn -0.06950000 0.37550000 0.92420000
vn -0.27620000 0.95490000 -0.10900000
vn -0.18800000 0.82360000 0.53510000
vn -0.06270000 0.34880000 0.93510000
vn -0.03190000 0.35790000 0.93320000
vn -0.06270000 0.34880000 0.93510000
vn -0.17770000 0.98410000 0.00100000
vn -0.03630000 0.38460000 0.92240000
vn -0.08830000 0.91550000 0.39250000
vn -0.08760000 0.93270000 0.34970000
vn -0.08760000 0.93270000 0.34970000
vn 0.00260000 0.26890000 0.96320000
vn -0.00360000 0.36730000 0.93010000
vn -0.03630000 0.38460000 0.92240000
vn 0.00360000 0.99900000 0.04420000
vn 0.13990000 0.86560000 0.48070000
vn 0.06600000 0.35350000 0.93310000
vn 0.06780000 0.37000000 0.92650000
vn 0.09060000 0.99350000 -0.06830000
vn 0.03670000 0.36000000 0.93220000
vn 0.02350000 0.27540000 0.96110000
vn 0.18240000 0.97660000 0.11410000
vn 0.18410000 0.40350000 0.89630000
vn 0.04970000 0.08230000 0.99540000
vn 0.13990000 0.36810000 0.91920000
vn 0.15980000 0.41090000 0.89750000
vn 0.33730000 0.76180000 0.55310000
vn 0.44760000 0.89120000 -0.07280000
vn 0.35820000 0.93280000 0.03950000
vn 0.10140000 0.35560000 0.92910000
vn 0.35820000 0.93280000 0.03950000
vn 0.25420000 0.85660000 0.44900000
vn 0.26380000 0.92220000 0.28270000
vn 0.13990000 0.36810000 0.91920000
vn 0.26390000 0.41330000 0.87150000
vn 0.59360000 0.77930000 0.20090000
vn 0.04180000 0.08520000 0.99550000
vn 0.29620000 0.40430000 0.86530000
vn 0.43210000 0.74350000 0.51030000
vn 0.21670000 0.28140000 0.93480000
vn 0.21670000 0.28140000 0.93480000
vn 0.23840000 0.26770000 0.93350000
vn 0.25170000 0.28500000 0.92490000
vn 0.54570000 0.68430000 0.48370000
vn 0.66310000 0.74840000 -0.01160000
vn 0.59360000 0.77930000 0.20090000
vn 0.77130000 0.59340000 0.23030000
vn 0.68390000 0.64960000 0.33190000
vn 0.35920000 0.28320000 0.88930000
vn 0.26640000 0.25470000 0.92960000
vn 0.28400000 0.21670000 0.93400000
vn 0.35790000 0.32940000 0.87380000
vn 0.28400000 0.21670000 0.93400000
vn 0.84210000 0.52950000 -0.10290000
vn -0.11590000 -0.08090000 0.99000000
vn 0.29600000 0.20180000 0.93360000
vn 0.77130000 0.59340000 0.23030000
vn 0.71290000 0.53210000 0.45680000
vn 0.29600000 0.20180000 0.93360000
vn -0.11590000 -0.08090000 0.99000000
vn 0.63740000 0.40060000 0.65820000
vn -0.11840000 -0.05510000 0.99140000
vn 0.32790000 0.15710000 0.93160000
vn 0.67820000 0.35790000 0.64190000
vn 0.34440000 0.14910000 0.92690000
vn 0.08370000 0.02620000 0.99610000
vn 0.32790000 0.15710000 0.93160000
vn 0.83290000 0.32360000 0.44890000
vn -0.11840000 -0.05510000 0.99140000
vn 0.88450000 0.46650000 -0.01060000
vn 0.95020000 0.30280000 -0.07370000
vn 0.45170000 0.12490000 0.88340000
vn 0.98080000 0.19370000 0.02030000
vn 0.77410000 0.20300000 0.59960000
vn 0.35600000 0.06850000 0.93200000
vn 0.47180000 0.10080000 0.87590000
vn 0.08430000 0.03480000 0.99580000
vn 0.08880000 0.00350000 0.99600000
vn 0.88640000 0.11430000 0.44860000
vn 0.36640000 0.05080000 0.92900000
vn 0.35600000 0.06850000 0.93200000
vn 0.99340000 0.10450000 0.04660000
vn 0.98080000 0.19370000 0.02030000
vn 0.28470000 -0.01820000 0.95850000
vn 0.35700000 -0.02820000 0.93370000
vn 0.34900000 -0.05570000 0.93550000
vn 0.87150000 -0.11240000 0.47730000
vn 0.99540000 -0.06860000 -0.06650000
vn 0.37990000 -0.05850000 0.92320000
vn 0.98130000 -0.15270000 0.11680000
vn 0.89240000 -0.23400000 0.38580000
vn 0.89740000 -0.23470000 0.37360000
vn 0.34700000 -0.09080000 0.93350000
vn 0.33230000 -0.12140000 0.93530000
vn 0.36840000 -0.13140000 0.92030000
vn 0.93790000 -0.34110000 0.06360000
vn 0.80680000 -0.32660000 0.49230000
vn 0.35360000 -0.16090000 0.92150000
vn 0.93790000 -0.34110000 0.06360000
vn 0.90950000 -0.41540000 0.01720000
vn 0.32950000 -0.15180000 0.93190000
vn 0.33230000 -0.12140000 0.93530000
vn 0.05540000 -0.04830000 0.99730000
vn 0.32830000 -0.22050000 0.91850000
vn 0.33920000 -0.19470000 0.92030000
vn 0.79640000 -0.57970000 0.17220000
vn 0.82870000 -0.47580000 0.29470000
vn 0.69310000 -0.70710000 0.14000000
vn 0.31330000 -0.32460000 0.89250000
vn 0.31580000 -0.37190000 0.87290000
vn 0.04690000 -0.07320000 0.99620000
vn 0.53530000 -0.69210000 0.48420000
vn 0.26810000 -0.27200000 0.92420000
vn 0.76380000 -0.63800000 -0.09800000
vn 0.06100000 -0.04250000 0.99720000
vn 0.26810000 -0.27200000 0.92420000
vn 0.28420000 -0.25520000 0.92420000
vn 0.69310000 -0.70710000 0.14000000
vn 0.61720000 -0.59780000 0.51160000
vn 0.16940000 -0.32020000 0.93210000
vn 0.47190000 -0.88120000 0.02630000
vn 0.05810000 -0.07060000 0.99580000
vn 0.23240000 -0.41880000 0.87780000
vn 0.41320000 -0.68150000 0.60400000
vn 0.56690000 -0.81970000 -0.08150000
vn 0.25220000 -0.39710000 0.88250000
vn 0.37820000 -0.86460000 0.33070000
vn 0.37010000 -0.83600000 0.40520000
vn 0.47190000 -0.88120000 0.02630000
vn 0.16940000 -0.32020000 0.93210000
vn 0.15500000 -0.35400000 0.92230000
vn 0.14800000 -0.34050000 0.92850000
vn 0.15500000 -0.35400000 0.92230000
vn 0.37820000 -0.86460000 0.33070000
vn 0.30940000 -0.94920000 0.05700000
vn 0.08520000 -0.26640000 0.96010000
vn 0.11760000 -0.34720000 0.93040000
vn 0.06810000 -0.27480000 0.95910000
vn 0.12720000 -0.98540000 0.11330000
vn 0.09490000 -0.43700000 0.89450000
vn 0.22920000 -0.97280000 -0.03470000
vn 0.06640000 -0.46290000 0.88390000
vn 0.13220000 -0.81770000 0.56030000
vn 0.04500000 -0.36080000 0.93160000
vn 0.04490000 -0.99900000 0.00010000
vn 0.01420000 -0.35530000 0.93460000
vn -0.04850000 -0.99880000 -0.00010000
vn -0.01340000 -0.35870000 0.93340000
vn -0.04550000 -0.99900000 -0.00140000
vn 0.01870000 -0.39410000 0.91890000
vn -0.86680000 0.16740000 0.46970000
vn -0.37230000 0.07020000 0.92550000
vn -0.99410000 0.10170000 -0.03820000
vn -0.87790000 0.17100000 0.44730000
vn 0.13250000 -0.02100000 0.99100000
vn -0.37970000 0.05460000 0.92350000
vn 0.10670000 0.38080000 0.91850000
vn 0.26380000 0.92220000 0.28270000
vn 0.18240000 0.97660000 0.11410000
vn 0.10140000 0.35560000 0.92910000
vn 0.06600000 0.35350000 0.93310000
vn 0.63150000 0.61160000 0.47670000
vn 0.25170000 0.28500000 0.92490000
vn 0.68390000 0.64960000 0.33190000
vn 0.66310000 0.74840000 -0.01160000
vn 0.26640000 0.25470000 0.92960000
vn 0.37990000 -0.05850000 0.92320000
vn 0.37660000 -0.09640000 0.92140000
vn 0.34700000 -0.09080000 0.93350000
vn 0.98130000 -0.15270000 0.11680000
vn 0.89740000 -0.23470000 0.37360000
vn 0.78410000 -0.44160000 0.43600000
vn 0.90950000 -0.41540000 0.01720000
vn 0.35360000 -0.16090000 0.92150000
vn 0.33920000 -0.19470000 0.92030000
vn 0.32610000 -0.18820000 0.92640000
vn 0.82870000 -0.47580000 0.29470000
vn 0.04500000 -0.36080000 0.93160000
vn 0.01870000 -0.39410000 0.91890000
vn 0.01420000 -0.35530000 0.93460000
vn 0.03800000 -0.95290000 0.30090000
vn 0.12720000 -0.98540000 0.11330000
vn -0.52170000 0.85310000 0.00110000
vn -0.03750000 0.06000000 -0.99750000
vn -0.58880000 0.80830000 0.00070000
vn -0.51750000 0.85570000 -0.00110000
vn -0.58990000 0.80750000 -0.00000000
vn -0.24320000 0.31370000 -0.91780000
vn -0.04500000 0.06770000 -0.99670000
vn -0.04200000 0.06860000 -0.99680000
vn -0.04850000 -0.99880000 -0.00010000
vn 0.03670000 -0.79930000 -0.59980000
vn 0.04490000 -0.99900000 0.00010000
vn 0.04520000 -0.99900000 -0.00010000
vn -0.00840000 -0.39770000 -0.91750000
vn 0.25820000 -0.15000000 -0.95440000
vn 0.27100000 -0.15880000 -0.94940000
vn 0.24800000 -0.16170000 -0.95520000
vn 0.05280000 -0.04270000 -0.99770000
vn -0.85050000 0.49460000 -0.17900000
vn -0.72770000 0.25250000 -0.63770000
vn -0.12090000 0.05580000 -0.99110000
vn 0.06980000 -0.01280000 -0.99750000
vn 0.29160000 -0.08550000 -0.95270000
vn -0.72770000 0.25250000 -0.63770000
vn 0.28580000 -0.09840000 -0.95320000
vn -0.67370000 -0.62930000 -0.38740000
vn -0.48590000 -0.45660000 -0.74530000
vn -0.10440000 -0.08090000 -0.99120000
vn 0.04480000 0.06840000 -0.99670000
vn -0.36560000 -0.49480000 -0.78840000
vn 0.04260000 0.07000000 -0.99660000
vn 0.04300000 0.07060000 -0.99660000
vn -0.04720000 -0.12340000 -0.99120000
vn -0.16840000 -0.60380000 -0.77910000
vn 0.55730000 -0.75380000 -0.34810000
vn 0.08860000 -0.09930000 -0.99110000
vn -0.07700000 0.02330000 -0.99680000
vn -0.07850000 0.02090000 -0.99670000
vn 0.71250000 0.25890000 -0.65220000
vn 0.12800000 0.03260000 -0.99120000
vn 0.89450000 0.40960000 -0.17930000
vn -0.27690000 -0.10200000 -0.95550000
vn -0.29510000 -0.13400000 -0.94600000
vn -0.27130000 -0.12520000 -0.95430000
vn 0.71250000 0.25890000 -0.65220000
vn -0.10470000 -0.26750000 -0.95780000
vn -0.03600000 -0.07190000 -0.99680000
vn -0.09960000 -0.26920000 -0.95790000
vn -0.02260000 -0.08190000 -0.99640000
vn -0.01950000 -0.08390000 -0.99630000
vn -0.01820000 -0.07980000 -0.99660000
vn -0.02260000 -0.08190000 -0.99640000
vn -0.01190000 -0.08470000 -0.99630000
vn -0.01040000 -0.07740000 -0.99690000
vn -0.01820000 -0.07980000 -0.99660000
vn 0.04360000 0.94070000 -0.33650000
vn -0.01190000 -0.08470000 -0.99630000
vn -0.00780000 -0.08310000 -0.99650000
vn 0.04360000 0.94070000 -0.33650000
vn -0.00610000 0.13300000 -0.99110000
vn -0.03930000 -0.07190000 -0.99660000
vn -0.03600000 -0.07190000 -0.99680000
vn -0.03930000 -0.07190000 -0.99660000
vn -0.04570000 -0.06790000 -0.99660000
vn -0.03720000 -0.06850000 -0.99700000
vn -0.04620000 -0.06860000 -0.99660000
vn -0.05060000 -0.06260000 -0.99680000
vn -0.04570000 -0.06790000 -0.99660000
vn -0.06710000 -0.05160000 -0.99640000
vn -0.21870000 -0.19930000 -0.95520000
vn -0.04660000 -0.05370000 -0.99750000
vn -0.21350000 -0.20340000 -0.95550000
vn -0.04660000 -0.05370000 -0.99750000
vn -0.04400000 -0.05550000 -0.99750000
vn -0.05060000 -0.06260000 -0.99680000
vn -0.06710000 -0.05160000 -0.99640000
vn 0.51780000 0.36700000 -0.77280000
vn -0.06670000 -0.05270000 -0.99640000
vn 0.89450000 0.40960000 -0.17930000
vn 0.11530000 0.06650000 -0.99110000
vn 0.11530000 0.06650000 -0.99110000
vn 0.51780000 0.36700000 -0.77280000
vn -0.07970000 -0.00860000 -0.99680000
vn -0.08160000 -0.00580000 -0.99660000
vn 0.91960000 0.14720000 -0.36430000
vn 0.12800000 0.03260000 -0.99120000
vn 0.91960000 0.14720000 -0.36430000
vn -0.14880000 0.01420000 -0.98880000
vn -0.29160000 0.04070000 -0.95570000
vn -0.07850000 0.02090000 -0.99670000
vn -0.29150000 0.05050000 -0.95520000
vn -0.14880000 0.01420000 -0.98880000
vn 0.18120000 -0.00290000 0.98350000
vn -0.08220000 0.00060000 -0.99660000
vn -0.14900000 0.00660000 -0.98880000
vn 0.18120000 -0.00290000 0.98350000
vn -0.08220000 0.00060000 -0.99660000
vn 0.18120000 -0.00290000 0.98350000
vn -0.08160000 -0.00580000 -0.99660000
vn -0.08330000 -0.00580000 -0.99650000
vn -0.07700000 0.02330000 -0.99680000
vn 0.58820000 -0.23870000 -0.77270000
vn -0.08040000 0.02780000 -0.99640000
vn -0.08230000 0.02530000 -0.99630000
vn 0.82710000 -0.53270000 -0.17940000
vn 0.11820000 -0.06120000 -0.99110000
vn 0.11820000 -0.06120000 -0.99110000
vn 0.58820000 -0.23870000 -0.77270000
vn -0.06330000 0.05450000 -0.99650000
vn -0.23320000 0.16770000 -0.95780000
vn -0.24290000 0.15450000 -0.95770000
vn 0.82710000 -0.53270000 -0.17940000
vn -0.27190000 0.17640000 -0.94600000
vn 0.08860000 -0.09930000 -0.99110000
vn 0.46470000 -0.43240000 -0.77270000
vn 0.46470000 -0.43240000 -0.77270000
vn -0.06360000 0.05310000 -0.99660000
vn -0.06330000 0.05450000 -0.99650000
vn 0.55730000 -0.75380000 -0.34810000
vn -0.04500000 0.06770000 -0.99670000
vn -0.04200000 0.06860000 -0.99680000
vn -0.04200000 0.06860000 -0.99680000
vn -0.03140000 0.06470000 -0.99740000
vn -0.03750000 0.06000000 -0.99750000
vn -0.03390000 0.07070000 -0.99690000
vn -0.02920000 0.07650000 -0.99660000
vn -0.03140000 0.06470000 -0.99740000
vn 0.02380000 -0.12990000 -0.99120000
vn 0.17000000 -0.60360000 -0.77890000
vn -0.02940000 0.07720000 -0.99660000
vn -0.02920000 0.07650000 -0.99660000
vn 0.17000000 -0.60360000 -0.77890000
vn -0.02660000 0.07730000 -0.99670000
vn 0.02380000 -0.12990000 -0.99120000
vn 0.08420000 -0.92730000 -0.36470000
vn 0.08420000 -0.92730000 -0.36470000
vn -0.00200000 0.06780000 -0.99770000
vn 0.00080000 -0.13810000 -0.99040000
vn -0.00830000 0.06680000 -0.99770000
vn 0.00080000 -0.13810000 -0.99040000
vn -0.01960000 -0.14510000 -0.98920000
vn -0.16840000 -0.60380000 -0.77910000
vn 0.01960000 0.07820000 -0.99670000
vn 0.01680000 0.07750000 -0.99680000
vn -0.01960000 -0.14510000 -0.98920000
vn 0.04300000 0.29140000 -0.95560000
vn 0.03940000 0.29180000 -0.95570000
vn 0.01960000 0.07820000 -0.99670000
vn 0.03900000 0.07010000 -0.99680000
vn 0.04260000 0.07000000 -0.99660000
vn -0.41000000 -0.83600000 -0.36460000
vn -0.04720000 -0.12340000 -0.99120000
vn -0.41000000 -0.83600000 -0.36460000
vn -0.08770000 -0.09850000 -0.99130000
vn -0.67370000 -0.62930000 -0.38740000
vn -0.08770000 -0.09850000 -0.99130000
vn -0.36560000 -0.49480000 -0.78840000
vn -0.77030000 -0.49290000 -0.40460000
vn -0.10440000 -0.08090000 -0.99120000
vn -0.86840000 -0.35330000 -0.34800000
vn -0.11820000 -0.06120000 -0.99110000
vn -0.11820000 -0.06120000 -0.99110000
vn -0.77030000 -0.49290000 -0.40460000
vn -0.56050000 -0.36120000 -0.74520000
vn 0.07680000 0.02680000 -0.99670000
vn -0.86840000 -0.35330000 -0.34800000
vn 0.07690000 0.02350000 -0.99680000
vn -0.07050000 -0.01090000 -0.99740000
vn 0.07690000 0.02350000 -0.99680000
vn -0.10650000 -0.02280000 -0.99410000
vn -0.10650000 -0.02280000 -0.99410000
vn -0.87240000 -0.09540000 -0.47940000
vn 0.29550000 0.01660000 -0.95520000
vn 0.31670000 0.03390000 -0.94790000
vn 0.08120000 -0.00260000 -0.99670000
vn 0.29680000 0.03310000 -0.95440000
vn -0.87240000 -0.09540000 -0.47940000
vn 0.08170000 -0.00110000 -0.99670000
vn 0.08120000 -0.00260000 -0.99670000
vn 0.29520000 -0.03110000 -0.95490000
vn 0.08170000 -0.00110000 -0.99670000
vn 0.06970000 -0.01550000 -0.99750000
vn 0.29390000 -0.03610000 -0.95520000
vn 0.06980000 -0.01280000 -0.99750000
vn 0.06970000 -0.01550000 -0.99750000
vn -0.85050000 0.49460000 -0.17900000
vn -0.12090000 0.05580000 -0.99110000
vn 0.05210000 -0.04410000 -0.99770000
vn 0.05280000 -0.04270000 -0.99770000
vn 0.06100000 -0.05640000 -0.99650000
vn 0.19910000 -0.21730000 -0.95560000
vn 0.05010000 -0.06830000 -0.99640000
vn 0.19430000 -0.22320000 -0.95520000
vn 0.06100000 -0.05640000 -0.99650000
vn 0.05210000 -0.04410000 -0.99770000
vn 0.06180000 -0.05350000 -0.99660000
vn 0.05010000 -0.06830000 -0.99640000
vn 0.04650000 -0.06960000 -0.99650000
vn 0.03630000 -0.05710000 -0.99770000
vn 0.13230000 -0.26350000 -0.95560000
vn 0.12680000 -0.26730000 -0.95520000
vn 0.02820000 -0.07620000 -0.99670000
vn 0.03630000 -0.05710000 -0.99770000
vn 0.04650000 -0.06960000 -0.99650000
vn 0.03830000 -0.05540000 -0.99770000
vn 0.02540000 -0.07640000 -0.99680000
vn 0.02820000 -0.07620000 -0.99670000
vn -0.10800000 0.74720000 -0.65570000
vn 0.05480000 -0.28180000 -0.95790000
vn 0.02320000 -0.08170000 -0.99640000
vn 0.04240000 -0.28460000 -0.95770000
vn 0.02540000 -0.07640000 -0.99680000
vn 0.02680000 -0.08180000 -0.99630000
vn 0.02320000 -0.08170000 -0.99640000
vn -0.00610000 0.13300000 -0.99110000
vn -0.10800000 0.74720000 -0.65570000
vn -0.03390000 0.07070000 -0.99690000
vn -0.02920000 0.07650000 -0.99660000
vn -0.02940000 0.07720000 -0.99660000
vn -0.44140000 0.89730000 0.00020000
vn -0.35700000 0.93410000 -0.00040000
vn -0.44300000 0.89650000 -0.00070000
vn -0.10720000 0.41840000 -0.90190000
vn -0.35700000 0.93410000 -0.00040000
vn -0.02660000 0.07730000 -0.99670000
vn -0.35550000 0.93470000 0.00040000
vn -0.27360000 0.96190000 -0.00020000
vn -0.02940000 0.07720000 -0.99660000
vn -0.51750000 0.85570000 -0.00110000
vn -0.44300000 0.89650000 -0.00070000
vn -0.03390000 0.07070000 -0.99690000
vn -0.03140000 0.06470000 -0.99740000
vn -0.03750000 0.06000000 -0.99750000
vn -0.01040000 -0.07740000 -0.99690000
vn -0.00840000 -0.39770000 -0.91750000
vn -0.13310000 -0.99110000 -0.00230000
vn -0.04550000 -0.99900000 -0.00140000
vn -0.04850000 -0.99880000 -0.00010000
vn -0.01190000 -0.08470000 -0.99630000
vn -0.00780000 -0.08310000 -0.99650000
vn -0.22490000 -0.97440000 -0.00310000
vn -0.13380000 -0.99100000 -0.00200000
vn -0.13310000 -0.99110000 -0.00230000
vn -0.01820000 -0.07980000 -0.99660000
vn -0.01040000 -0.07740000 -0.99690000
vn -0.01950000 -0.08390000 -0.99630000
vn -0.02260000 -0.08190000 -0.99640000
vn -0.22450000 -0.97450000 -0.00330000
vn -0.01950000 -0.08390000 -0.99630000
vn -0.31010000 -0.95070000 -0.00270000
vn -0.22490000 -0.97440000 -0.00310000
vn -0.09960000 -0.26920000 -0.95790000
vn -0.31010000 -0.95070000 -0.00270000
vn -0.31560000 -0.94890000 0.00010000
vn -0.10470000 -0.26750000 -0.95780000
vn -0.09960000 -0.26920000 -0.95790000
vn -0.40110000 -0.91600000 -0.00010000
vn -0.04620000 -0.06860000 -0.99660000
vn -0.03720000 -0.06850000 -0.99700000
vn -0.55730000 -0.83030000 -0.00370000
vn -0.47360000 -0.88070000 -0.00240000
vn -0.47750000 -0.87860000 -0.00040000
vn -0.04570000 -0.06790000 -0.99660000
vn -0.04620000 -0.06860000 -0.99660000
vn -0.55730000 -0.83030000 -0.00370000
vn -0.56410000 -0.82570000 0.00030000
vn -0.63300000 -0.77410000 -0.00020000
vn -0.04400000 -0.05550000 -0.99750000
vn -0.05060000 -0.06260000 -0.99680000
vn -0.62730000 -0.77880000 -0.00350000
vn -0.69340000 -0.72060000 -0.00410000
vn -0.04660000 -0.05370000 -0.99750000
vn -0.04400000 -0.05550000 -0.99750000
vn -0.63300000 -0.77410000 -0.00020000
vn -0.21350000 -0.20340000 -0.95550000
vn -0.69340000 -0.72060000 -0.00410000
vn -0.21870000 -0.19930000 -0.95520000
vn -0.21350000 -0.20340000 -0.95550000
vn -0.70070000 -0.71340000 0.00070000
vn -0.76460000 -0.64450000 0.00010000
vn -0.76490000 -0.64410000 0.00040000
vn -0.81500000 -0.57950000 -0.00020000
vn -0.76460000 -0.64450000 0.00010000
vn -0.06670000 -0.05270000 -0.99640000
vn -0.34790000 -0.23440000 -0.90780000
vn -0.21870000 -0.19930000 -0.95520000
vn -0.06710000 -0.05160000 -0.99640000
vn 0.11530000 0.06650000 -0.99110000
vn -0.29510000 -0.13400000 -0.94600000
vn 0.89450000 0.40960000 -0.17930000
vn -0.68710000 -0.39730000 -0.60840000
vn -0.34790000 -0.23440000 -0.90780000
vn 0.51780000 0.36700000 -0.77280000
vn -0.06670000 -0.05270000 -0.99640000
vn -0.68710000 -0.39730000 -0.60840000
vn -0.34790000 -0.23440000 -0.90780000
vn -0.86530000 -0.50130000 -0.00010000
vn -0.81530000 -0.57910000 0.00010000
vn -0.81500000 -0.57950000 -0.00020000
vn -0.29510000 -0.13400000 -0.94600000
vn -0.86530000 -0.50130000 -0.00010000
vn -0.27130000 -0.12520000 -0.95430000
vn -0.68710000 -0.39730000 -0.60840000
vn -0.86540000 -0.50110000 -0.00000000
vn -0.90780000 -0.41930000 -0.00010000
vn -0.27690000 -0.10200000 -0.95550000
vn -0.33410000 -0.11930000 -0.93500000
vn -0.90780000 -0.41930000 -0.00010000
vn -0.91050000 -0.41350000 0.00300000
vn -0.94270000 -0.33360000 0.00200000
vn -0.27130000 -0.12520000 -0.95430000
vn 0.91960000 0.14720000 -0.36430000
vn 0.71250000 0.25890000 -0.65220000
vn 0.12800000 0.03260000 -0.99120000
vn -0.76880000 -0.19720000 -0.60830000
vn -0.27690000 -0.10200000 -0.95550000
vn -0.33410000 -0.11930000 -0.93500000
vn -0.40180000 -0.07500000 -0.91270000
vn -0.07970000 -0.00860000 -0.99680000
vn -0.94270000 -0.33360000 0.00200000
vn -0.94130000 -0.33770000 0.00010000
vn -0.96840000 -0.24920000 -0.00010000
vn -0.33410000 -0.11930000 -0.93500000
vn -0.76880000 -0.19720000 -0.60830000
vn -0.76880000 -0.19720000 -0.60830000
vn -0.40180000 -0.07500000 -0.91270000
vn -0.96850000 -0.24910000 -0.00000000
vn -0.98790000 -0.15530000 -0.00010000
vn -0.96840000 -0.24920000 -0.00010000
vn -0.99970000 0.02250000 -0.00540000
vn -0.08330000 -0.00580000 -0.99650000
vn -0.14900000 0.00660000 -0.98880000
vn -0.99700000 -0.07780000 -0.00470000
vn -0.99760000 -0.06900000 -0.00040000
vn -0.08220000 0.00060000 -0.99660000
vn -0.14880000 0.01420000 -0.98880000
vn -0.14900000 0.00660000 -0.98880000
vn -0.99970000 0.02250000 -0.00540000
vn -0.99410000 0.10830000 -0.00360000
vn -0.99960000 0.02680000 -0.00340000
vn -0.29160000 0.04070000 -0.95570000
vn -0.08230000 0.02530000 -0.99630000
vn -0.97800000 0.20870000 -0.00010000
vn -0.97950000 0.20130000 -0.00380000
vn -0.07700000 0.02330000 -0.99680000
vn -0.29150000 0.05050000 -0.95520000
vn -0.95600000 0.29340000 -0.00300000
vn -0.07850000 0.02090000 -0.99670000
vn -0.95610000 0.29300000 -0.00330000
vn -0.95600000 0.29340000 -0.00300000
vn -0.08230000 0.02530000 -0.99630000
vn -0.08040000 0.02780000 -0.99640000
vn -0.92730000 0.37420000 -0.00270000
vn -0.38490000 0.16670000 -0.90780000
vn -0.08040000 0.02780000 -0.99640000
vn 0.82710000 -0.53270000 -0.17940000
vn 0.11820000 -0.06120000 -0.99110000
vn -0.27190000 0.17640000 -0.94600000
vn -0.70500000 0.36460000 -0.60830000
vn 0.58820000 -0.23870000 -0.77270000
vn -0.38490000 0.16670000 -0.90780000
vn -0.92730000 0.37420000 -0.00270000
vn -0.70500000 0.36460000 -0.60830000
vn -0.92510000 0.37970000 0.00010000
vn -0.88860000 0.45880000 -0.00010000
vn -0.38490000 0.16670000 -0.90780000
vn -0.88900000 0.45800000 -0.00050000
vn -0.84220000 0.53920000 -0.00070000
vn -0.70500000 0.36460000 -0.60830000
vn -0.27190000 0.17640000 -0.94600000
vn -0.88860000 0.45880000 -0.00010000
vn -0.24290000 0.15450000 -0.95770000
vn -0.84220000 0.53920000 -0.00070000
vn -0.84140000 0.54050000 0.00010000
vn -0.23320000 0.16770000 -0.95780000
vn -0.24290000 0.15450000 -0.95770000
vn -0.78810000 0.61560000 -0.00010000
vn 0.55730000 -0.75380000 -0.34810000
vn -0.53430000 0.59870000 -0.59670000
vn 0.08860000 -0.09930000 -0.99110000
vn 0.46470000 -0.43240000 -0.77270000
vn -0.06360000 0.05310000 -0.99660000
vn -0.24320000 0.31370000 -0.91780000
vn -0.04500000 0.06770000 -0.99670000
vn -0.29970000 0.29100000 -0.90860000
vn -0.06360000 0.05310000 -0.99660000
vn -0.29970000 0.29100000 -0.90860000
vn -0.79070000 0.61220000 -0.00200000
vn -0.73570000 0.67730000 -0.00300000
vn -0.23320000 0.16770000 -0.95780000
vn -0.78810000 0.61560000 -0.00010000
vn -0.06330000 0.05450000 -0.99650000
vn -0.66590000 0.74610000 -0.00010000
vn -0.73140000 0.68200000 -0.00000000
vn -0.53430000 0.59870000 -0.59670000
vn -0.29970000 0.29100000 -0.90860000
vn -0.73570000 0.67730000 -0.00300000
vn -0.24320000 0.31370000 -0.91780000
vn -0.53430000 0.59870000 -0.59670000
vn -0.66560000 0.74630000 0.00010000
vn -0.58990000 0.80750000 -0.00000000
vn -0.66590000 0.74610000 -0.00010000
vn -0.02660000 0.07730000 -0.99670000
vn 0.08420000 -0.92730000 -0.36470000
vn 0.17000000 -0.60360000 -0.77890000
vn -0.10720000 0.41840000 -0.90190000
vn -0.00200000 0.06780000 -0.99770000
vn -0.14310000 0.77950000 -0.60990000
vn 0.02380000 -0.12990000 -0.99120000
vn -0.04510000 0.39180000 -0.91890000
vn -0.10720000 0.41840000 -0.90190000
vn -0.17980000 0.98370000 -0.00000000
vn -0.27310000 0.96200000 0.00010000
vn -0.14310000 0.77950000 -0.60990000
vn -0.27360000 0.96190000 -0.00020000
vn -0.08530000 0.99640000 -0.00010000
vn -0.17970000 0.98370000 0.00010000
vn -0.14310000 0.77950000 -0.60990000
vn -0.17980000 0.98370000 -0.00000000
vn -0.04510000 0.39180000 -0.91890000
vn -0.00830000 0.06680000 -0.99770000
vn -0.00200000 0.06780000 -0.99770000
vn 0.00870000 0.76600000 -0.64280000
vn -0.08530000 0.99640000 -0.00010000
vn -0.01010000 0.99990000 -0.00360000
vn -0.09130000 0.99580000 -0.00290000
vn -0.04510000 0.39180000 -0.91890000
vn 0.03940000 0.29180000 -0.95570000
vn -0.01960000 -0.14510000 -0.98920000
vn -0.00830000 0.06680000 -0.99770000
vn 0.06240000 0.75020000 -0.65830000
vn 0.00080000 -0.13810000 -0.99040000
vn 0.00870000 0.76600000 -0.64280000
vn 0.04300000 0.29140000 -0.95560000
vn 0.03940000 0.29180000 -0.95570000
vn 0.06240000 0.75020000 -0.65830000
vn 0.18400000 0.98290000 -0.00030000
vn 0.09460000 0.99550000 -0.00060000
vn 0.00870000 0.76600000 -0.64280000
vn 0.08800000 0.99610000 0.00260000
vn -0.01010000 0.99990000 -0.00360000
vn 0.00320000 1.00000000 0.00270000
vn 0.09460000 0.99550000 -0.00060000
vn 0.06240000 0.75020000 -0.65830000
vn 0.03900000 0.07010000 -0.99680000
vn -0.04720000 -0.12340000 -0.99120000
vn 0.28270000 0.74030000 -0.60990000
vn -0.16840000 -0.60380000 -0.77910000
vn 0.01680000 0.07750000 -0.99680000
vn 0.12210000 0.40510000 -0.90610000
vn -0.41000000 -0.83600000 -0.36460000
vn 0.16610000 0.36150000 -0.91750000
vn 0.28270000 0.74030000 -0.60990000
vn 0.26380000 0.96460000 -0.00300000
vn 0.26990000 0.96290000 0.00010000
vn 0.35750000 0.93390000 -0.00000000
vn 0.12210000 0.40510000 -0.90610000
vn 0.35620000 0.93440000 -0.00060000
vn 0.44240000 0.89680000 -0.00070000
vn 0.16610000 0.36150000 -0.91750000
vn 0.28270000 0.74030000 -0.60990000
vn 0.35750000 0.93390000 -0.00000000
vn -0.48590000 -0.45660000 -0.74530000
vn 0.25700000 0.33170000 -0.90770000
vn 0.52800000 0.59260000 -0.60840000
vn -0.36560000 -0.49480000 -0.78840000
vn 0.04480000 0.06840000 -0.99670000
vn -0.08770000 -0.09850000 -0.99130000
vn 0.25200000 0.23690000 -0.93830000
vn -0.67370000 -0.62930000 -0.38740000
vn 0.04480000 0.06840000 -0.99670000
vn 0.59230000 0.80570000 -0.00270000
vn 0.51380000 0.85790000 -0.00330000
vn 0.25700000 0.33170000 -0.90770000
vn 0.04300000 0.07060000 -0.99660000
vn 0.51890000 0.85480000 -0.00040000
vn 0.25700000 0.33170000 -0.90770000
vn 0.52800000 0.59260000 -0.60840000
vn 0.66470000 0.74720000 -0.00070000
vn 0.59670000 0.80250000 -0.00020000
vn 0.59230000 0.80570000 -0.00270000
vn -0.77030000 -0.49290000 -0.40460000
vn -0.10440000 -0.08090000 -0.99120000
vn -0.56050000 -0.36120000 -0.74520000
vn 0.62820000 0.48680000 -0.60700000
vn 0.28830000 0.18580000 -0.93930000
vn -0.48590000 -0.45660000 -0.74530000
vn 0.25200000 0.23690000 -0.93830000
vn 0.27050000 0.25250000 -0.92900000
vn 0.73070000 0.68270000 0.00020000
vn 0.79040000 0.61260000 -0.00050000
vn 0.72970000 0.68380000 -0.00060000
vn 0.62820000 0.48680000 -0.60700000
vn 0.27050000 0.25250000 -0.92900000
vn 0.84040000 0.54200000 0.00060000
vn 0.84280000 0.53820000 -0.00150000
vn 0.79140000 0.61130000 0.00030000
vn 0.31330000 0.20010000 -0.92830000
vn 0.28830000 0.18580000 -0.93930000
vn 0.79040000 0.61260000 -0.00050000
vn 0.62820000 0.48680000 -0.60700000
vn -0.56050000 -0.36120000 -0.74520000
vn 0.35610000 0.15420000 -0.92160000
vn 0.31330000 0.20010000 -0.92830000
vn 0.07680000 0.02680000 -0.99670000
vn 0.70380000 0.36430000 -0.60990000
vn -0.86840000 -0.35330000 -0.34800000
vn -0.11820000 -0.06120000 -0.99110000
vn 0.28830000 0.18580000 -0.93930000
vn 0.84280000 0.53820000 -0.00150000
vn 0.31330000 0.20010000 -0.92830000
vn 0.70380000 0.36430000 -0.60990000
vn 0.88850000 0.45890000 -0.00110000
vn 0.70380000 0.36430000 -0.60990000
vn 0.88850000 0.45890000 -0.00110000
vn 0.92790000 0.37280000 -0.00010000
vn 0.88960000 0.45670000 0.00010000
vn 0.35610000 0.15420000 -0.92160000
vn 0.07680000 0.02680000 -0.99670000
vn 0.35610000 0.15420000 -0.92160000
vn -0.07050000 -0.01090000 -0.99740000
vn 0.92790000 0.37280000 -0.00010000
vn 0.95540000 0.29540000 -0.00020000
vn 0.42100000 0.11830000 -0.89930000
vn 0.07690000 0.02350000 -0.99680000
vn 0.92820000 0.37200000 0.00040000
vn 0.31670000 0.03390000 -0.94790000
vn -0.87240000 -0.09540000 -0.47940000
vn -0.10650000 -0.02280000 -0.99410000
vn -0.07050000 -0.01090000 -0.99740000
vn 0.42100000 0.11830000 -0.89930000
vn 0.81020000 0.16790000 -0.56160000
vn 0.81020000 0.16790000 -0.56160000
vn 0.97910000 0.20340000 -0.00000000
vn 0.95540000 0.29540000 -0.00020000
vn 0.95520000 0.29590000 -0.00040000
vn 0.97930000 0.20220000 -0.00060000
vn 0.42100000 0.11830000 -0.89930000
vn 0.81020000 0.16790000 -0.56160000
vn 0.31670000 0.03390000 -0.94790000
vn 0.97930000 0.20220000 -0.00060000
vn 0.99350000 0.11420000 -0.00030000
vn 0.29680000 0.03310000 -0.95440000
vn 0.99990000 0.01630000 0.00200000
vn 0.99420000 0.10740000 0.00300000
vn 0.29550000 0.01660000 -0.95520000
vn 0.29680000 0.03310000 -0.95440000
vn 0.99350000 0.11420000 -0.00030000
vn 0.99990000 0.01630000 0.00200000
vn 0.08120000 -0.00260000 -0.99670000
vn 0.99790000 -0.06430000 -0.00170000
vn 0.29520000 -0.03110000 -0.95490000
vn 0.29550000 0.01660000 -0.95520000
vn 0.08170000 -0.00110000 -0.99670000
vn 0.99970000 0.02440000 -0.00180000
vn 0.29390000 -0.03610000 -0.95520000
vn 0.99770000 -0.06800000 0.00010000
vn 0.29520000 -0.03110000 -0.95490000
vn 0.99790000 -0.06430000 -0.00170000
vn 0.98620000 -0.16580000 -0.00000000
vn -0.72770000 0.25250000 -0.63770000
vn 0.71930000 -0.33250000 -0.61000000
vn 0.27100000 -0.15880000 -0.94940000
vn 0.35020000 -0.12480000 -0.92830000
vn 0.28580000 -0.09840000 -0.95320000
vn -0.85050000 0.49460000 -0.17900000
vn -0.12090000 0.05580000 -0.99110000
vn 0.28580000 -0.09840000 -0.95320000
vn 0.94200000 -0.33560000 -0.00040000
vn 0.96880000 -0.24800000 0.00030000
vn 0.97050000 -0.24110000 -0.00310000
vn 0.94270000 -0.33360000 0.00060000
vn 0.35020000 -0.12480000 -0.92830000
vn 0.29160000 -0.08550000 -0.95270000
vn 0.71930000 -0.33250000 -0.61000000
vn 0.94200000 -0.33560000 -0.00040000
vn 0.90740000 -0.42040000 -0.00060000
vn 0.90820000 -0.41840000 0.00040000
vn 0.35020000 -0.12480000 -0.92830000
vn 0.76350000 -0.64580000 -0.00030000
vn 0.81280000 -0.58260000 -0.00000000
vn 0.81240000 -0.58310000 0.00030000
vn 0.05210000 -0.04410000 -0.99770000
vn 0.05280000 -0.04270000 -0.99770000
vn 0.06180000 -0.05350000 -0.99660000
vn 0.24800000 -0.16170000 -0.95520000
vn 0.24800000 -0.16170000 -0.95520000
vn 0.86600000 -0.50010000 0.00010000
vn 0.86630000 -0.49950000 -0.00030000
vn 0.25820000 -0.15000000 -0.95440000
vn 0.81280000 -0.58260000 -0.00000000
vn 0.06180000 -0.05350000 -0.99660000
vn 0.76580000 -0.64300000 -0.00200000
vn 0.70410000 -0.71010000 -0.00300000
vn 0.06100000 -0.05640000 -0.99650000
vn 0.19910000 -0.21730000 -0.95560000
vn 0.76350000 -0.64580000 -0.00030000
vn 0.70410000 -0.71010000 -0.00300000
vn 0.19910000 -0.21730000 -0.95560000
vn 0.19430000 -0.22320000 -0.95520000
vn 0.70030000 -0.71380000 -0.00050000
vn 0.62690000 -0.77910000 -0.00070000
vn 0.04650000 -0.06960000 -0.99650000
vn 0.03830000 -0.05540000 -0.99770000
vn 0.05010000 -0.06830000 -0.99640000
vn 0.19430000 -0.22320000 -0.95520000
vn 0.62690000 -0.77910000 -0.00070000
vn 0.55590000 -0.83130000 -0.00020000
vn 0.62530000 -0.78040000 0.00030000
vn 0.48700000 -0.87340000 -0.00370000
vn 0.55590000 -0.83130000 -0.00020000
vn 0.56170000 -0.82740000 -0.00330000
vn 0.13230000 -0.26350000 -0.95560000
vn 0.03630000 -0.05710000 -0.99770000
vn 0.03830000 -0.05540000 -0.99770000
vn 0.48010000 -0.87720000 -0.00000000
vn 0.39340000 -0.91940000 -0.00010000
vn 0.12680000 -0.26730000 -0.95520000
vn 0.13230000 -0.26350000 -0.95560000
vn 0.48700000 -0.87340000 -0.00370000
vn 0.39340000 -0.91940000 -0.00010000
vn 0.02540000 -0.07640000 -0.99680000
vn 0.12680000 -0.26730000 -0.95520000
vn 0.02820000 -0.07620000 -0.99670000
vn 0.02680000 -0.08180000 -0.99630000
vn 0.31160000 -0.95020000 -0.00220000
vn 0.39830000 -0.91730000 -0.00260000
vn 0.02680000 -0.08180000 -0.99630000
vn 0.31080000 -0.95050000 -0.00180000
vn 0.22910000 -0.97340000 -0.00170000
vn 0.31160000 -0.95020000 -0.00220000
vn 0.05480000 -0.28180000 -0.95790000
vn 0.02320000 -0.08170000 -0.99640000
vn 0.22910000 -0.97340000 -0.00170000
vn 0.04950000 -0.36290000 -0.93050000
vn 0.13760000 -0.99050000 -0.00070000
vn 0.22690000 -0.97390000 -0.00060000
vn 0.05480000 -0.28180000 -0.95790000
vn 0.04240000 -0.28460000 -0.95770000
vn 0.04950000 -0.36290000 -0.93050000
vn 0.03670000 -0.79930000 -0.59980000
vn -0.00840000 -0.39770000 -0.91750000
vn -0.00610000 0.13300000 -0.99110000
vn 0.04240000 -0.28460000 -0.95770000
vn -0.10800000 0.74720000 -0.65570000
vn -0.00780000 -0.08310000 -0.99650000
vn 0.04360000 0.94070000 -0.33650000
vn -0.40160000 -0.91580000 0.00020000
vn -0.47750000 -0.87860000 -0.00040000
vn -0.03720000 -0.06850000 -0.99700000
vn -0.03600000 -0.07190000 -0.99680000
vn -0.03930000 -0.07190000 -0.99660000
vn -0.10470000 -0.26750000 -0.95780000
vn -0.40110000 -0.91600000 -0.00010000
vn -0.99760000 -0.06900000 -0.00040000
vn -0.98790000 -0.15480000 0.00020000
vn -0.98790000 -0.15530000 -0.00010000
vn -0.08330000 -0.00580000 -0.99650000
vn -0.08160000 -0.00580000 -0.99660000
vn -0.07970000 -0.00860000 -0.99680000
vn -0.40180000 -0.07500000 -0.91270000
vn -0.99410000 0.10830000 -0.00360000
vn -0.97800000 0.20870000 -0.00010000
vn -0.29160000 0.04070000 -0.95570000
vn -0.29150000 0.05050000 -0.95520000
vn -0.99330000 0.11600000 -0.00000000
vn 0.26380000 0.96460000 -0.00300000
vn 0.18030000 0.98360000 -0.00200000
vn 0.01680000 0.07750000 -0.99680000
vn 0.01960000 0.07820000 -0.99670000
vn 0.18400000 0.98290000 -0.00030000
vn 0.12210000 0.40510000 -0.90610000
vn 0.04300000 0.29140000 -0.95560000
vn 0.16610000 0.36150000 -0.91750000
vn 0.44410000 0.89600000 0.00010000
vn 0.44240000 0.89680000 -0.00070000
vn 0.51890000 0.85480000 -0.00040000
vn 0.04300000 0.07060000 -0.99660000
vn 0.04260000 0.07000000 -0.99660000
vn 0.03900000 0.07010000 -0.99680000
vn 0.25200000 0.23690000 -0.93830000
vn 0.66470000 0.74720000 -0.00070000
vn 0.52800000 0.59260000 -0.60840000
vn 0.27050000 0.25250000 -0.92900000
vn 0.73070000 0.68270000 0.00020000
vn 0.66680000 0.74520000 0.00070000
vn 0.98620000 -0.16580000 -0.00000000
vn 0.97050000 -0.24110000 -0.00310000
vn 0.98710000 -0.16010000 -0.00270000
vn 0.06970000 -0.01550000 -0.99750000
vn 0.29160000 -0.08550000 -0.95270000
vn 0.29390000 -0.03610000 -0.95520000
vn 0.06980000 -0.01280000 -0.99750000
vn 0.71930000 -0.33250000 -0.61000000
vn 0.86630000 -0.49950000 -0.00030000
vn 0.90740000 -0.42040000 -0.00060000
vn 0.27100000 -0.15880000 -0.94940000
vn 0.25820000 -0.15000000 -0.95440000
vn 0.03670000 -0.79930000 -0.59980000
vn 0.13610000 -0.99070000 -0.00000000
vn 0.13760000 -0.99050000 -0.00070000
vn 0.04520000 -0.99900000 -0.00010000
vn 0.04950000 -0.36290000 -0.93050000
f 1//1 4//4 7//7
f 12//12 17//17 7//7
f 7//7 17//17 21//21
f 7//7 21//21 1//1
f 24//24 28//28 7//7
f 7//7 28//28 31//31
f 7//7 31//31 12//12
f 35//35 38//38 7//7
f 7//7 38//38 43//43
f 7//7 43//43 24//24
f 47//47 52//52 7//7
f 7//7 52//52 54//54
f 7//7 54//54 35//35
f 59//59 64//64 7//7
f 7//7 64//64 66//66
f 7//7 66//66 47//47
f 70//70 74//74 7//7
f 7//7 74//74 78//78
f 7//7 78//78 59//59
f 83//83 85//85 7//7
f 7//7 85//85 90//90
f 7//7 90//90 70//70
f 93//93 98//98 7//7
f 7//7 98//98 99//99
f 7//7 99//99 83//83
f 104//104 106//106 7//7
f 7//7 106//106 114//114
f 7//7 114//114 93//93
f 115//115 120//120 7//7
f 7//7 120//120 122//122
f 7//7 122//122 104//104
f 128//128 133//133 7//7
f 7//7 133//133 137//137
f 7//7 137//137 115//115
f 140//140 143//143 7//7
f 7//7 143//143 146//146
f 7//7 146//146 128//128
f 7//7 150//150 157//157
f 7//7 157//157 140//140
f 159//159 165//165 7//7
f 7//7 165//165 167//167
f 170//170 175//175 7//7
f 7//7 175//175 176//176
f 7//7 176//176 159//159
f 4//4 181//181 7//7
f 7//7 181//181 182//182
f 7//7 182//182 170//170
f 5//5 3//3 188//188
f 6//6 190//190 180//180
f 190//190 192//192 180//180
f 179//179 194//194 183//183
f 197//197 202//202 185//185
f 186//186 200//200 208//208
f 184//184 205//205 171//171
f 172//172 207//207 212//212
f 172//172 212//212 174//174
f 173//173 213//213 177//177
f 213//213 217//217 177//177
f 178//178 215//215 158//158
f 216//216 221//221 160//160
f 161//161 224//224 162//162
f 225//225 232//232 163//163
f 166//166 228//228 238//238
f 164//164 237//237 169//169
f 168//168 234//234 8//8
f 235//235 243//243 10//10
f 9//9 245//245 153//153
f 240//240 250//250 151//151
f 152//152 252//252 156//156
f 251//251 258//258 155//155
f 154//154 253//253 139//139
f 257//257 263//263 141//141
f 138//138 260//260 142//142
f 261//261 268//268 145//145
f 144//144 269//269 148//148
f 267//267 277//277 149//149
f 147//147 272//272 127//127
f 276//276 279//279 126//126
f 129//129 281//281 130//130
f 282//282 286//286 131//131
f 132//132 287//287 134//134
f 288//288 293//293 135//135
f 136//136 294//294 117//117
f 294//294 298//298 117//117
f 116//116 297//297 121//121
f 299//299 302//302 119//119
f 118//118 303//303 123//123
f 301//301 312//312 125//125
f 124//124 313//313 102//102
f 311//311 317//317 103//103
f 105//105 315//315 107//107
f 316//316 323//323 109//109
f 108//108 324//324 112//112
f 321//321 329//329 110//110
f 113//113 328//328 334//334
f 111//111 337//337 91//91
f 92//92 336//336 97//97
f 338//338 339//339 95//95
f 94//94 341//341 349//349
f 96//96 348//348 101//101
f 100//100 351//351 80//80
f 350//350 358//358 79//79
f 81//81 357//357 364//364
f 82//82 363//363 86//86
f 84//84 362//362 88//88
f 360//360 372//372 87//87
f 89//89 371//371 68//68
f 370//370 376//376 69//69
f 71//71 374//374 73//73
f 374//374 382//382 73//73
f 72//72 378//378 75//75
f 379//379 384//384 76//76
f 77//77 383//383 57//57
f 385//385 395//395 60//60
f 61//61 392//392 399//399
f 58//58 397//397 62//62
f 63//63 396//396 405//405
f 63//63 405//405 67//67
f 65//65 401//401 410//410
f 65//65 410//410 48//48
f 46//46 407//407 51//51
f 411//411 412//412 49//49
f 50//50 416//416 56//56
f 413//413 421//421 55//55
f 53//53 425//425 36//36
f 422//422 428//428 34//34
f 37//37 427//427 40//40
f 430//430 436//436 41//41
f 39//39 437//437 438//438
f 42//42 439//439 45//45
f 44//44 441//441 25//25
f 441//441 447//447 25//25
f 23//23 445//445 29//29
f 443//443 451//451 26//26
f 27//27 450//450 32//32
f 452//452 461//461 30//30
f 33//33 458//458 11//11
f 459//459 462//462 14//14
f 13//13 466//466 16//16
f 466//466 468//468 16//16
f 15//15 470//470 19//19
f 472//472 479//479 20//20
f 22//22 476//476 481//481
f 18//18 482//482 2//2
f 3//3 480//480 188//188
f 487//487 490//490 255//255
f 254//254 249//249 489//489
f 488//488 248//248 244//244
f 242//242 239//239 496//496
f 497//497 236//236 229//229
f 223//223 219//219 500//500
f 499//499 220//220 504//504
f 218//218 214//214 506//506
f 505//505 210//210 507//507
f 509//509 211//211 209//209
f 508//508 206//206 203//203
f 204//204 196//196 514//514
f 515//515 195//195 519//519
f 193//193 189//189 518//518
f 517//517 191//191 521//521
f 522//522 187//187 483//483
f 523//523 484//484 473//473
f 478//478 469//469 528//528
f 525//525 471//471 531//531
f 467//467 464//464 529//529
f 530//530 465//465 537//537
f 463//463 460//460 535//535
f 536//536 457//457 449//449
f 455//455 446//446 539//539
f 541//541 444//444 543//543
f 448//448 440//440 542//542
f 544//544 442//442 432//432
f 431//431 429//429 551//551
f 550//550 426//426 424//424
f 419//419 414//414 554//554
f 552//552 417//417 557//557
f 415//415 408//408 559//559
f 558//558 409//409 563//563
f 562//562 406//406 404//404
f 560//560 402//402 565//565
f 564//564 403//403 398//398
f 568//568 400//400 394//394
f 389//389 381//381 569//569
f 571//571 380//380 577//577
f 377//377 375//375 576//576
f 574//574 373//373 369//369
f 368//368 361//361 578//578
f 579//579 359//359 353//353
f 352//352 347//347 586//586
f 587//587 346//346 344//344
f 345//345 333//333 592//592
f 591//591 335//335 332//332
f 326//326 319//319 593//593
f 594//594 318//318 309//309
f 304//304 296//296 601//601
f 599//599 300//300 605//605
f 295//295 292//292 604//604
f 602//602 290//290 609//609
f 291//291 284//284 608//608
f 607//607 289//289 612//612
f 285//285 278//278 613//613
f 611//611 283//283 616//616
f 280//280 275//275 617//617
f 614//614 273//273 620//620
f 274//274 271//271 621//621
f 622//622 270//270 262//262
f 491//491 259//259 256//256
f 626//626 511//511 628//628
f 631//631 510//510 198//198
f 632//632 199//199 634//634
f 637//637 201//201 513//513
f 635//635 512//512 642//642
f 642//642 512//512 516//516
f 642//642 516//516 647//647
f 647//647 516//516 520//520
f 647//647 520//520 653//653
f 649//649 524//524 474//474
f 654//654 477//477 656//656
f 657//657 475//475 526//526
f 655//655 527//527 663//663
f 663//663 527//527 532//532
f 663//663 532//532 666//666
f 666//666 532//532 533//533
f 666//666 533//533 673//673
f 676//676 534//534 453//453
f 674//674 456//456 682//682
f 677//677 454//454 540//540
f 680//680 538//538 685//685
f 685//685 538//538 546//546
f 685//685 546//546 689//689
f 688//688 545//545 433//433
f 691//691 435//435 694//694
f 697//697 434//434 549//549
f 698//698 548//548 706//706
f 703//703 547//547 423//423
f 704//704 418//418 709//709
f 707//707 420//420 555//555
f 712//712 553//553 713//713
f 713//713 553//553 556//556
f 713//713 556//556 718//718
f 718//718 556//556 561//561
f 718//718 561//561 723//723
f 723//723 561//561 566//566
f 723//723 566//566 730//730
f 728//728 567//567 393//393
f 729//729 390//390 738//738
f 735//735 391//391 386//386
f 734//734 388//388 744//744
f 743//743 387//387 572//572
f 742//742 570//570 748//748
f 748//748 570//570 575//575
f 748//748 575//575 754//754
f 750//750 573//573 367//367
f 752//752 366//366 760//760
f 757//757 365//365 582//582
f 758//758 580//580 764//764
f 767//767 581//581 356//356
f 766//766 355//355 775//775
f 774//774 354//354 583//583
f 773//773 585//585 777//777
f 778//778 584//584 342//342
f 781//781 343//343 788//788
f 787//787 340//340 590//590
f 785//785 588//588 792//792
f 794//794 589//589 327//327
f 793//793 330//330 800//800
f 795//795 331//331 322//322
f 796//796 320//320 804//804
f 801//801 325//325 596//596
f 803//803 595//595 810//810
f 813//813 597//597 308//308
f 808//808 314//314 814//814
f 820//820 310//310 307//307
f 815//815 305//305 825//825
f 826//826 306//306 598//598
f 823//823 600//600 830//830
f 830//830 600//600 603//603
f 830//830 603//603 833//833
f 833//833 603//603 606//606
f 833//833 606//606 836//836
f 836//836 606//606 610//610
f 836//836 610//610 840//840
f 840//840 610//610 615//615
f 840//840 615//615 846//846
f 846//846 615//615 619//619
f 846//846 619//619 849//849
f 852//852 618//618 264//264
f 853//853 266//266 856//856
f 860//860 265//265 492//492
f 861//861 493//493 865//865
f 865//865 493//493 486//486
f 865//865 486//486 870//870
f 871//871 485//485 247//247
f 867//867 241//241 878//878
f 875//875 246//246 498//498
f 877//877 494//494 880//880
f 884//884 495//495 231//231
f 881//881 233//233 890//890
f 888//888 230//230 222//222
f 889//889 227//227 894//894
f 893//893 226//226 501//501
f 897//897 502//502 901//901
f 901//901 502//502 503//503
f 901//901 503//503 626//626
f 626//626 503//503 511//511
f 858//858 863//863 904//904
f 905//905 862//862 1699//1699
f 1700//1700 864//864 868//868
f 1697//1697 872//872 1499//1499
f 874//874 1505//1505 869//869
f 866//866 1506//1506 1503//1503
f 879//879 1511//1511 1517//1517
f 885//885 1516//1516 876//876
f 873//873 1518//1518 1508//1508
f 1513//1513 882//882 1524//1524
f 1526//1526 883//883 887//887
f 1522//1522 891//891 1530//1530
f 1532//1532 886//886 896//896
f 1529//1529 892//892 1534//1534
f 1535//1535 895//895 900//900
f 1536//1536 898//898 1540//1540
f 625//625 910//910 899//899
f 902//902 909//909 1539//1539
f 630//630 914//914 623//623
f 624//624 916//916 908//908
f 920//920 629//629 638//638
f 922//922 926//926 627//627
f 633//633 927//927 917//917
f 641//641 1549//1549 636//636
f 639//639 1548//1548 921//921
f 648//648 1557//1557 1556//1556
f 645//645 1555//1555 643//643
f 640//640 1553//1553 1544//1544
f 1561//1561 644//644 933//933
f 932//932 646//646 652//652
f 934//934 650//650 1565//1565
f 1562//1562 651//651 659//659
f 1568//1568 658//658 1705//1705
f 664//664 1575//1575 1577//1577
f 665//665 1578//1578 660//660
f 661//661 1579//1579 1704//1704
f 1573//1573 662//662 668//668
f 1574//1574 667//667 937//937
f 935//935 669//669 675//675
f 938//938 670//670 1585//1585
f 679//679 1590//1590 671//671
f 672//672 1592//1592 1582//1582
f 686//686 1594//1594 1710//1710
f 684//684 1708//1708 678//678
f 681//681 1711//1711 1591//1591
f 1593//1593 683//683 1603//1603
f 1604//1604 687//687 692//692
f 1600//1600 693//693 940//940
f 944//944 690//690 700//700
f 943//943 699//699 1616//1616
f 702//702 945//945 695//695
f 696//696 948//948 1614//1614
f 710//710 1620//1620 705//705
f 701//701 1617//1617 947//947
f 714//714 952//952 1628//1628
f 716//716 1625//1625 708//708
f 711//711 1629//1629 1619//1619
f 951//951 717//717 955//955
f 954//954 715//715 719//719
f 959//959 721//721 1634//1634
f 1633//1633 720//720 726//726
f 731//731 1637//1637 724//724
f 725//725 1638//1638 1717//1717
f 722//722 1716//1716 1636//1636
f 737//737 1643//1643 732//732
f 727//727 1645//1645 1642//1642
f 960//960 1652//1652 741//741
f 745//745 1653//1653 1723//1723
f 740//740 1718//1718 733//733
f 736//736 1719//1719 1646//1646
f 961//961 739//739 747//747
f 962//962 746//746 1660//1660
f 1665//1665 749//749 755//755
f 1664//1664 756//756 1654//1654
f 761//761 968//968 753//753
f 751//751 967//967 1658//1658
f 763//763 1670//1670 759//759
f 762//762 1671//1671 969//969
f 772//772 1680//1680 1673//1673
f 771//771 1674//1674 768//768
f 765//765 1675//1675 1667//1667
f 1681//1681 769//769 970//970
f 972//972 770//770 779//779
f 971//971 780//780 1687//1687
f 1689//1689 776//776 782//782
f 1685//1685 783//783 1728//1728
f 789//789 979//979 784//784
f 786//786 975//975 1727//1727
f 799//799 981//981 790//790
f 791//791 982//982 978//978
f 1436//1436 1435//1435 806//806
f 802//802 1430//1430 1427//1427
f 807//807 1429//1429 798//798
f 797//797 1424//1424 985//985
f 1440//1440 805//805 811//811
f 1441//1441 809//809 986//986
f 989//989 812//812 816//816
f 990//990 819//819 1443//1443
f 824//824 995//995 818//818
f 817//817 993//993 1445//1445
f 994//994 821//821 1449//1449
f 1451//1451 822//822 827//827
f 1454//1454 829//829 1459//1459
f 834//834 998//998 831//831
f 828//828 997//997 1458//1458
f 839//839 1464//1464 835//835
f 832//832 1465//1465 1000//1000
f 841//841 1003//1003 1470//1470
f 843//843 1468//1468 838//838
f 837//837 1471//1471 1463//1463
f 1004//1004 844//844 1475//1475
f 1476//1476 842//842 847//847
f 1477//1477 848//848 1480//1480
f 1483//1483 845//845 854//854
f 906//906 1006//1006 857//857
f 859//859 1005//1005 851//851
f 855//855 1008//1008 1013//1013
f 850//850 1011//1011 1481//1481
f 919//919 1400//1400 1412//1412
f 913//913 915//915 1417//1417
f 912//912 1416//1416 1423//1423
f 928//928 923//923 1405//1405
f 1084//1084 1096//1096 1428//1428
f 1426//1426 1092//1092 984//984
f 1104//1104 1079//1079 1431//1431
f 1109//1109 1432//1432 1438//1438
f 1116//1116 1114//1114 1446//1446
f 1115//1115 1447//1447 991//991
f 1127//1127 1126//1126 1453//1453
f 1132//1132 1450//1450 1455//1455
f 1135//1135 1129//1129 1456//1456
f 1137//1137 1457//1457 999//999
f 1144//1144 1149//1149 1462//1462
f 1142//1142 1466//1466 1472//1472
f 1076//1076 1145//1145 1467//1467
f 1075//1075 1469//1469 1002//1002
f 1061//1061 1071//1071 1473//1473
f 1065//1065 1474//1474 1484//1484
f 1172//1172 1162//1162 1488//1488
f 1170//1170 1487//1487 1497//1497
f 1495//1495 1486//1486 1010//1010
f 1493//1493 1009//1009 907//907
f 1177//1177 1058//1058 1498//1498
f 1178//1178 1500//1500 1504//1504
f 1182//1182 1187//1187 1515//1515
f 1512//1512 1193//1193 1519//1519
f 1194//1194 1186//1186 1514//1514
f 1196//1196 1510//1510 1521//1521
f 1205//1205 1211//1211 1528//1528
f 1201//1201 1531//1531 1533//1533
f 1052//1052 1202//1202 1537//1537
f 1055//1055 1538//1538 1541//1541
f 1221//1221 1214//1214 1547//1547
f 1220//1220 1550//1550 1552//1552
f 1224//1224 1219//1219 1551//1551
f 1226//1226 1554//1554 1560//1560
f 1231//1231 1235//1235 1566//1566
f 1567//1567 1236//1236 931//931
f 1255//1255 1045//1045 1572//1572
f 1571//1571 1043//1043 1580//1580
f 1263//1263 1040//1040 1584//1584
f 1264//1264 1586//1586 1587//1587
f 1274//1274 1036//1036 1595//1595
f 1275//1275 1597//1597 1599//1599
f 1288//1288 1278//1278 1610//1610
f 1287//1287 1609//1609 1613//1613
f 1615//1615 1608//1608 942//942
f 1293//1293 1284//1284 1611//1611
f 1294//1294 1612//1612 946//946
f 1297//1297 1304//1304 1622//1622
f 1298//1298 1621//1621 1627//1627
f 1311//1311 1300//1300 1626//1626
f 1310//1310 1624//1624 950//950
f 1324//1324 1316//1316 1631//1631
f 1630//1630 1315//1315 957//957
f 1024//1024 1032//1032 1641//1641
f 1026//1026 1640//1640 1648//1648
f 1341//1341 1019//1019 1650//1650
f 1340//1340 1649//1649 964//964
f 1347//1347 1355//1355 1655//1655
f 1659//1659 1351//1351 1662//1662
f 1363//1363 1348//1348 1656//1656
f 1362//1362 1657//1657 966//966
f 1366//1366 1373//1373 1669//1669
f 1367//1367 1666//1666 1676//1676
f 1375//1375 1368//1368 1678//1678
f 1379//1379 1677//1677 1679//1679
f 1395//1395 1384//1384 1686//1686
f 1684//1684 1381//1381 973//973
f 980//980 983//983 1094//1094
f 976//976 1093//1093 1694//1694
f 1425//1425 1433//1433 1085//1085
f 1088//1088 1434//1434 1080//1080
f 1103//1103 1107//1107 1439//1439
f 1099//1099 1437//1437 987//987
f 988//988 1442//1442 1098//1098
f 1100//1100 1444//1444 1112//1112
f 992//992 1452//1452 1119//1119
f 1121//1121 1448//1448 1122//1122
f 996//996 1460//1460 1136//1136
f 1138//1138 1461//1461 1150//1150
f 1001//1001 1478//1478 1077//1077
f 1078//1078 1479//1479 1067//1067
f 1153//1153 1063//1063 1485//1485
f 1154//1154 1482//1482 1014//1014
f 1015//1015 1007//1007 1491//1491
f 1012//1012 1489//1489 1155//1155
f 1157//1157 1490//1490 1160//1160
f 1165//1165 1175//1175 1496//1496
f 1164//1164 1492//1492 1702//1702
f 1701//1701 1494//1494 903//903
f 1698//1698 1502//1502 1163//1163
f 1166//1166 1501//1501 1060//1060
f 1507//1507 1520//1520 1191//1191
f 1509//1509 1192//1192 1176//1176
f 1523//1523 1527//1527 1210//1210
f 1525//1525 1207//1207 1197//1197
f 1420//1420 1051//1051 1543//1543
f 1421//1421 1542//1542 911//911
f 918//918 929//929 1403//1403
f 1399//1399 925//925 1408//1408
f 924//924 1545//1545 1407//1407
f 1409//1409 1546//1546 1213//1213
f 1558//1558 930//930 1238//1238
f 1559//1559 1237//1237 1223//1223
f 1246//1246 1232//1232 1564//1564
f 1245//1245 1563//1563 1707//1707
f 1706//1706 1576//1576 1048//1048
f 1703//1703 1049//1049 1244//1244
f 1247//1247 1254//1254 1569//1569
f 1249//1249 1570//1570 939//939
f 936//936 1583//1583 1250//1250
f 1248//1248 1581//1581 1042//1042
f 1265//1265 1262//1262 1588//1588
f 1266//1266 1589//1589 1709//1709
f 1712//1712 1596//1596 1267//1267
f 1269//1269 1598//1598 1034//1034
f 1601//1601 941//941 1606//1606
f 1602//1602 1605//1605 1273//1273
f 1277//1277 1607//1607 1283//1283
f 949//949 1623//1623 1295//1295
f 1296//1296 1618//1618 1306//1306
f 953//953 956//956 1312//1312
f 1314//1314 958//958 1317//1317
f 1327//1327 1322//1322 1632//1632
f 1331//1331 1635//1635 1713//1713
f 1715//1715 1639//1639 1028//1028
f 1714//1714 1029//1029 1328//1328
f 1334//1334 1025//1025 1647//1647
f 1332//1332 1644//1644 1720//1720
f 1721//1721 1651//1651 1017//1017
f 1722//1722 1016//1016 1338//1338
f 963//963 1661//1661 1344//1344
f 1345//1345 1663//1663 1354//1354
f 965//965 1668//1668 1359//1359
f 1358//1358 1672//1672 1371//1371
f 1682//1682 974//974 1385//1385
f 1683//1683 1382//1382 1376//1376
f 1390//1390 1394//1394 1688//1688
f 1392//1392 1690//1690 1724//1724
f 1696//1696 1391//1391 1725//1725
f 1692//1692 1726//1726 977//977
f 2382//2382 1151//1151 2061//2061
f 2060//2060 1156//1156 1158//1158
f 2057//2057 1159//1159 2065//2065
f 2067//2067 1161//1161 1171//1171
f 2066//2066 1173//1173 2389//2389
f 2393//2393 1174//1174 1168//1168
f 2390//2390 1169//1169 2070//2070
f 2071//2071 1167//1167 1056//1056
f 2074//2074 1059//1059 2077//2077
f 2076//2076 1057//1057 1181//1181
f 2080//2080 1179//1179 2089//2089
f 2091//2091 1180//1180 1190//1190
f 2092//2092 1189//1189 2098//2098
f 2094//2094 1188//1188 1185//1185
f 2095//2095 1183//1183 2100//2100
f 2101//2101 1184//1184 1199//1199
f 2104//2104 1198//1198 2118//2118
f 2115//2115 1195//1195 1208//1208
f 2116//2116 1206//1206 2124//2124
f 2121//2121 1209//1209 1203//1203
f 2120//2120 1204//1204 2129//2129
f 2127//2127 1200//1200 1054//1054
f 2128//2128 1050//1050 1733//1733
f 1731//1731 1053//1053 1419//1419
f 1729//1729 1422//1422 1414//1414
f 1732//1732 1413//1413 1956//1956
f 1957//1957 1418//1418 1949//1949
f 1947//1947 1415//1415 1401//1401
f 1948//1948 1402//1402 1951//1951
f 1953//1953 1404//1404 1410//1410
f 1954//1954 1406//1406 2142//2142
f 2140//2140 1411//1411 1215//1215
f 2139//2139 1216//1216 2146//2146
f 2144//2144 1212//1212 1217//1217
f 2143//2143 1218//1218 2151//2151
f 2153//2153 1222//1222 1228//1228
f 2152//2152 1227//1227 2168//2168
f 2169//2169 1225//1225 1239//1239
f 2167//2167 1240//1240 1234//1234
f 2170//2170 1229//1229 2165//2165
f 2164//2164 1230//1230 2398//2398
f 2395//2395 1233//1233 1242//1242
f 2394//2394 1243//1243 2181//2181
f 2182//2182 1241//1241 1047//1047
f 2183//2183 1044//1044 2189//2189
f 2185//2185 1046//1046 1257//1257
f 2186//2186 1258//1258 2403//2403
f 2402//2402 1256//1256 1253//1253
f 2404//2404 1251//1251 2203//2203
f 2200//2200 1252//1252 1039//1039
f 2199//2199 1038//1038 2208//2208
f 2207//2207 1041//1041 1260//1260
f 2206//2206 1259//1259 2409//2409
f 2413//2413 1261//1261 1271//1271
f 2412//2412 1268//1268 2217//2217
f 2219//2219 1270//1270 1033//1033
f 2218//2218 1035//1035 2227//2227
f 2224//2224 1037//1037 1276//1276
f 2222//2222 1272//1272 1282//1282
f 2223//2223 1281//1281 2237//2237
f 2240//2240 1280//1280 2242//2242
f 2244//2244 1279//1279 1285//1285
f 2243//2243 1286//1286 2249//2249
f 2253//2253 1289//1289 1292//1292
f 2250//2250 1291//1291 2262//2262
f 2263//2263 1290//1290 1307//1307
f 2261//2261 1305//1305 1303//1303
f 2264//2264 1302//1302 2268//2268
f 2269//2269 1299//1299 2275//2275
f 2272//2272 1301//1301 1309//1309
f 2271//2271 1308//1308 2276//2276
f 2282//2282 1313//1313 1318//1318
f 2278//2278 1319//1319 2286//2286
f 2284//2284 1320//1320 1325//1325
f 2287//2287 1323//1323 2414//2414
f 2416//2416 1321//1321 1326//1326
f 2415//2415 1330//1330 2298//2298
f 2297//2297 1329//1329 1030//1030
f 2299//2299 1031//1031 1027//1027
f 2296//2296 1022//1022 2303//2303
f 2305//2305 1023//1023 1336//1336
f 2304//2304 1333//1333 2423//2423
f 2422//2422 1337//1337 2316//2316
f 2315//2315 1335//1335 1021//1021
f 2318//2318 1018//1018 2308//2308
f 2309//2309 1020//1020 1339//1339
f 2307//2307 1343//1343 2324//2324
f 2320//2320 1342//1342 1356//1356
f 2321//2321 1352//1352 2325//2325
f 2328//2328 1353//1353 1349//1349
f 2329//2329 1346//1346 2334//2334
f 2336//2336 1350//1350 1357//1357
f 2335//2335 1360//1360 2338//2338
f 2339//2339 1361//1361 1370//1370
f 2337//2337 1374//1374 2347//2347
f 2343//2343 1372//1372 1369//1369
f 2344//2344 1364//1364 2348//2348
f 2354//2354 1365//1365 1380//1380
f 2353//2353 1377//1377 2358//2358
f 2356//2356 1378//1378 1383//1383
f 2357//2357 1386//1386 2361//2361
f 2364//2364 1387//1387 1396//1396
f 2363//2363 1398//1398 2428//2428
f 2427//2427 1397//1397 1389//1389
f 2429//2429 1388//1388 1740//1740
f 1739//1739 1393//1393 1691//1691
f 1737//1737 1693//1693 1965//1965
f 1964//1964 1695//1695 1095//1095
f 1963//1963 1091//1091 1970//1970
f 1969//1969 1090//1090 1086//1086
f 1968//1968 1089//1089 1978//1978
f 1975//1975 1087//1087 1081//1081
f 1977//1977 1082//1082 1980//1980
f 1981//1981 1083//1083 1108//1108
f 1984//1984 1106//1106 2381//2381
f 2375//2375 1105//1105 1097//1097
f 2376//2376 1101//1101 1989//1989
f 1988//1988 1102//1102 1110//1110
f 1987//1987 1111//1111 1992//1992
f 1993//1993 1113//1113 1117//1117
f 1994//1994 1118//1118 2001//2001
f 1997//1997 1120//1120 1123//1123
f 1998//1998 1124//1124 2003//2003
f 2006//2006 1125//1125 1130//1130
f 2007//2007 1131//1131 2010//2010
f 2008//2008 1128//1128 1133//1133
f 2009//2009 1139//1139 2026//2026
f 2025//2025 1134//1134 1146//1146
f 2024//2024 1147//1147 2028//2028
f 2031//2031 1148//1148 1143//1143
f 2032//2032 1141//1141 2035//2035
f 2036//2036 1140//1140 1073//1073
f 2037//2037 1072//1072 2047//2047
f 2048//2048 1074//1074 1070//1070
f 2049//2049 1068//1068 2056//2056
f 2054//2054 1069//1069 1064//1064
f 2055//2055 1062//1062 2384//2384
f 2383//2383 1066//1066 1152//1152
f 1946//1946 1955//1955 1857//1857
f 1945//1945 1858//1858 1853//1853
f 1958//1958 1944//1944 1852//1852
f 1959//1959 1854//1854 1850//1850
f 1730//1730 1960//1960 1851//1851
f 1736//1736 1849//1849 1848//1848
f 1780//1780 1784//1784 1966//1966
f 1781//1781 1961//1961 1972//1972
f 1776//1776 1779//1779 1974//1974
f 1775//1775 1979//1979 1983//1983
f 1795//1795 1791//1791 1990//1990
f 1793//1793 1985//1985 1991//1991
f 1798//1798 1800//1800 1999//1999
f 1799//1799 2002//2002 2005//2005
f 1803//1803 1796//1796 2014//2014
f 2013//2013 1797//1797 2004//2004
f 1807//1807 1808//1808 2015//2015
f 2018//2018 2022//2022 2030//2030
f 1768//1768 1806//1806 2017//2017
f 1770//1770 2016//2016 2027//2027
f 1771//1771 2029//2029 2038//2038
f 1813//1813 1767//1767 2041//2041
f 2042//2042 2051//2051 2052//2052
f 1823//1823 1825//1825 1820//1820
f 1821//1821 1824//1824 2062//2062
f 1822//1822 2059//2059 2064//2064
f 1828//1828 1764//1764 2072//2072
f 1831//1831 2069//2069 2078//2078
f 1833//1833 1834//1834 2084//2084
f 2086//2086 2090//2090 2096//2096
f 1839//1839 1832//1832 2083//2083
f 1840//1840 2085//2085 2097//2097
f 1838//1838 2099//2099 2103//2103
f 1842//1842 1843//1843 2108//2108
f 2109//2109 1844//1844 2113//2113
f 2112//2112 2114//2114 2123//2123
f 1763//1763 1841//1841 2107//2107
f 2106//2106 2122//2122 2126//2126
f 1861//1861 1855//1855 2136//2136
f 2135//2135 2141//2141 2145//2145
f 1863//1863 1862//1862 2131//2131
f 1864//1864 2134//2134 2149//2149
f 2154//2154 2137//2137 2147//2147
f 1872//1872 1868//1868 2156//2156
f 1874//1874 2155//2155 2162//2162
f 2163//2163 2158//2158 2171//2171
f 1879//1879 1760//1760 2173//2173
f 2174//2174 2180//2180 2188//2188
f 1884//1884 1757//1757 2193//2193
f 2194//2194 1756//1756 2198//2198
f 2191//2191 2201//2201 2204//2204
f 1886//1886 1755//1755 2210//2210
f 2212//2212 2220//2220 2228//2228
f 1888//1888 1889//1889 2235//2235
f 2233//2233 2239//2239 2241//2241
f 1893//1893 1887//1887 2234//2234
f 1892//1892 2232//2232 2246//2246
f 2247//2247 2230//2230 2245//2245
f 1898//1898 1897//1897 2256//2256
f 2259//2259 2260//2260 2266//2266
f 1904//1904 1899//1899 2255//2255
f 1901//1901 2254//2254 2267//2267
f 1903//1903 2270//2270 2274//2274
f 1908//1908 1905//1905 2281//2281
f 1907//1907 2279//2279 2285//2285
f 1747//1747 1751//1751 2288//2288
f 2292//2292 1752//1752 2295//2295
f 2291//2291 2300//2300 2306//2306
f 1916//1916 1745//1745 2311//2311
f 2313//2313 1744//1744 2314//2314
f 1917//1917 1921//1921 2322//2322
f 1918//1918 2323//2323 2326//2326
f 1924//1924 1919//1919 2332//2332
f 2333//2333 1920//1920 2327//2327
f 1926//1926 1930//1930 2341//2341
f 1927//1927 2340//2340 2346//2346
f 1934//1934 1929//1929 2351//2351
f 2350//2350 1928//1928 2345//2345
f 1937//1937 1941//1941 2360//2360
f 1936//1936 2359//2359 2365//2365
f 1741//1741 1962//1962 2369//2369
f 2373//2373 1967//1967 1785//1785
f 2374//2374 1783//1783 1786//1786
f 1973//1973 1976//1976 1777//1777
f 1971//1971 1778//1778 1782//1782
f 1789//1789 1774//1774 2378//2378
f 2380//2380 1773//1773 1982//1982
f 2377//2377 1986//1986 1792//1792
f 2379//2379 1790//1790 1788//1788
f 1995//1995 2000//2000 1801//1801
f 1996//1996 1802//1802 1794//1794
f 2012//2012 2023//2023 2019//2019
f 2011//2011 2021//2021 1805//1805
f 1804//1804 2020//2020 1809//1809
f 2034//2034 2050//2050 2044//2044
f 2033//2033 2043//2043 1769//1769
f 1772//1772 2040//2040 1766//1766
f 1812//1812 1814//1814 2039//2039
f 1810//1810 2046//2046 2387//2387
f 2388//2388 2045//2045 2053//2053
f 2385//2385 2058//2058 1827//1827
f 2386//2386 1826//1826 1811//1811
f 1815//1815 1819//1819 2063//2063
f 1816//1816 2068//2068 2391//2391
f 2392//2392 2073//2073 1818//1818
f 1817//1817 2075//2075 1765//1765
f 2081//2081 2093//2093 2088//2088
f 2079//2079 2082//2082 1830//1830
f 1829//1829 2087//2087 1835//1835
f 2102//2102 2117//2117 1837//1837
f 1836//1836 2119//2119 1845//1845
f 1846//1846 1762//1762 2105//2105
f 1847//1847 2111//2111 1735//1735
f 1734//1734 2110//2110 2125//2125
f 1950//1950 2138//2138 2133//2133
f 1952//1952 2130//2130 1860//1860
f 1859//1859 2132//2132 1856//1856
f 2150//2150 2166//2166 2160//2160
f 2148//2148 2157//2157 1866//1866
f 1865//1865 2159//2159 1867//1867
f 1870//1870 1875//1875 2397//2397
f 2400//2400 1873//1873 2161//2161
f 2399//2399 2184//2184 2177//2177
f 2396//2396 2176//2176 1871//1871
f 1869//1869 2175//2175 1761//1761
f 1878//1878 1880//1880 2178//2178
f 1876//1876 2172//2172 2407//2407
f 2401//2401 2179//2179 2187//2187
f 2405//2405 2202//2202 1759//1759
f 2406//2406 1758//1758 1877//1877
f 1881//1881 1883//1883 2195//2195
f 2192//2192 2205//2205 2410//2410
f 2411//2411 2221//2221 2216//2216
f 2408//2408 2215//2215 2196//2196
f 2190//2190 2214//2214 1754//1754
f 2197//2197 1753//1753 1882//1882
f 2225//2225 2238//2238 2231//2231
f 2226//2226 2236//2236 2213//2213
f 2211//2211 2229//2229 1891//1891
f 2209//2209 1890//1890 1885//1885
f 2251//2251 2265//2265 2258//2258
f 2248//2248 2257//2257 1895//1895
f 2252//2252 1896//1896 1894//1894
f 2273//2273 2280//2280 1900//1900
f 1902//1902 2277//2277 1906//1906
f 1912//1912 1909//1909 2417//2417
f 2419//2419 1910//1910 2283//2283
f 2418//2418 2301//2301 1750//1750
f 2420//2420 1749//1749 1911//1911
f 1914//1914 1748//1748 2294//2294
f 2289//2289 2302//2302 2421//2421
f 2425//2425 2317//2317 1742//1742
f 2424//2424 1743//1743 2290//2290
f 2293//2293 1746//1746 1913//1913
f 2312//2312 2319//2319 1923//1923
f 2310//2310 1922//1922 1915//1915
f 2331//2331 2342//2342 1932//1932
f 2330//2330 1931//1931 1925//1925
f 2352//2352 2355//2355 1940//1940
f 2349//2349 1939//1939 1933//1933
f 1943//1943 1935//1935 2372//2372
f 2371//2371 1938//1938 2366//2366
f 2367//2367 2362//2362 2430//2430
f 1787//1787 1942//1942 2370//2370
f 2368//2368 2426//2426 1738//1738

