mtllib material.mtl
usemtl Metal_DarkGray.001
v -0.03188200 -0.04689500 0.47360900
v -0.03749700 -0.05368700 0.47645500
v -0.03188200 -0.04663000 0.47899700
v -0.03749700 -0.05330800 0.48358800
v -0.04167100 -0.06146500 0.47968000
v -0.04167100 -0.06093400 0.48886200
v -0.04425100 -0.06985000 0.48317000
v -0.04425100 -0.06916700 0.49455300
v -0.04512400 -0.07861500 0.48681300
v -0.04512400 -0.07778000 0.50051000
v -0.04425100 -0.08738000 0.49045500
v -0.04425100 -0.08639300 0.50642900
v -0.04167100 -0.09580300 0.49398400
v -0.04167100 -0.09462700 0.51215900
v -0.03749700 -0.10354300 0.49720900
v -0.03749700 -0.10225300 0.51739400
v -0.03192000 -0.11033500 0.50001700
v -0.03188200 -0.10893100 0.52202300
v -0.02505200 -0.11591300 0.50233100
v -0.02505200 -0.11439500 0.52581800
v -0.01727400 -0.12008600 0.50407700
v -0.01727400 -0.11849300 0.52862500
v -0.00881300 -0.12262800 0.50513900
v -0.00881300 -0.12099700 0.53033300
v -0.00001000 -0.12350100 0.50548100
v -0.00001000 -0.12183200 0.53094000
v 0.00879200 -0.12099700 0.53033300
v 0.00879200 -0.12262800 0.50513900
v 0.01725400 -0.11849300 0.52862500
v 0.01725400 -0.12008600 0.50407700
v 0.02507000 -0.11439500 0.52581800
v 0.02507000 -0.11591300 0.50233100
v 0.02507000 -0.11636800 0.46621000
v 0.02507000 -0.11636800 0.46621000
v 0.01725400 -0.12054200 0.46621000
v 0.01725400 -0.12054200 0.46621000
v 0.00879200 -0.12308400 0.46621000
v 0.00879200 -0.12308400 0.46621000
v -0.00001000 -0.12395600 0.46621000
v -0.00001000 -0.12395600 0.46621000
v -0.00881300 -0.12308400 0.46621000
v -0.00881300 -0.12308400 0.46621000
v -0.01727400 -0.12054200 0.46621000
v -0.01727400 -0.12054200 0.46621000
v -0.02505200 -0.11636800 0.46621000
v -0.02505200 -0.11636800 0.46621000
v -0.03188200 -0.11075200 0.46621000
v -0.03188200 -0.11075200 0.46621000
v -0.03749700 -0.10392300 0.46621000
v -0.03749700 -0.10392300 0.46621000
v -0.04167100 -0.09610700 0.46621000
v -0.04167100 -0.09610700 0.46621000
v -0.04425100 -0.08764500 0.46621000
v -0.04425100 -0.08764500 0.46621000
v -0.04512400 -0.07884300 0.46621000
v -0.04512400 -0.07884300 0.46621000
v -0.04425100 -0.07004000 0.46621000
v -0.04425100 -0.07004000 0.46621000
v -0.04167100 -0.06157900 0.46621000
v -0.04167100 -0.06157900 0.46621000
v -0.03749700 -0.05380100 0.46621000
v -0.03749700 -0.05380100 0.46621000
v -0.03188200 -0.04697100 0.46621000
v -0.03188200 -0.04697100 0.46621000
v -0.02505200 -0.04135600 0.46621000
v -0.02505200 -0.04135600 0.46621000
v -0.00881300 -0.03460200 0.46621000
v -0.00881300 -0.03460200 0.46621000
v -0.01727400 -0.03718200 0.46621000
v -0.01727400 -0.03718200 0.46621000
v -0.01727400 -0.03714400 0.46954900
v -0.02505200 -0.04131800 0.47129400
v -0.02505200 -0.04112800 0.47520300
v -0.02505200 -0.04059700 0.47691000
v -0.03188200 -0.04594700 0.48134900
v -0.03749700 -0.05243500 0.48677500
v -0.04167100 -0.05983400 0.49299700
v -0.04425100 -0.06787700 0.49971300
v -0.04512400 -0.07626300 0.50669500
v -0.04425100 -0.08461000 0.51367600
v -0.04167100 -0.09265400 0.52039200
v -0.03749700 -0.10005300 0.52657700
v -0.03188200 -0.10657900 0.53200200
v -0.02505200 -0.11189100 0.53644200
v -0.01727400 -0.11587500 0.53978100
v -0.00881300 -0.11830300 0.54179100
v -0.00001000 -0.11913800 0.54247500
v 0.00879200 -0.11830300 0.54179100
v 0.01725400 -0.11587500 0.53978100
v 0.02507000 -0.11189100 0.53644200
v 0.03189900 -0.10657900 0.53200200
v 0.03189900 -0.10893100 0.52202300
v 0.03189900 -0.11033500 0.50001700
v 0.03189900 -0.11075200 0.46621000
v 0.03189900 -0.11075200 0.46621000
v -0.00001000 -0.07884300 0.46621000
v -0.00001000 -0.03372900 0.46621000
v -0.00001000 -0.03372900 0.46621000
v -0.00001000 -0.03372900 0.46621000
v 0.00879200 -0.03460200 0.46621000
v 0.00879200 -0.03460200 0.46621000
v 0.01725400 -0.03718200 0.46621000
v 0.01725400 -0.03718200 0.46621000
v 0.00879200 -0.03460200 0.46848700
v -0.00001000 -0.03372900 0.46814500
v -0.00001000 -0.03372900 0.46814500
v -0.00881300 -0.03460200 0.46848700
v -0.00881300 -0.03456400 0.47064900
v -0.01727400 -0.03706800 0.47239500
v -0.01727400 -0.03665100 0.47360900
v -0.01727400 -0.03581600 0.47444400
v -0.02505200 -0.03949600 0.47812400
v -0.03188200 -0.04450500 0.48313200
v -0.03749700 -0.05057600 0.48916500
v -0.04167100 -0.05751900 0.49610900
v -0.04425100 -0.06503200 0.50362100
v -0.04512400 -0.07284800 0.51143800
v -0.04425100 -0.08070200 0.51921600
v -0.04167100 -0.08821500 0.52672800
v -0.03749700 -0.09515800 0.53367200
v -0.03188200 -0.10122900 0.53974300
v -0.02505200 -0.10619900 0.54471300
v -0.01727400 -0.10991800 0.54839300
v -0.00881300 -0.11219400 0.55067000
v -0.00001000 -0.11295300 0.55146700
v 0.00879200 -0.11219400 0.55067000
v 0.01725400 -0.10991800 0.54839300
v 0.02507000 -0.10619900 0.54471300
v 0.03189900 -0.10122900 0.53974300
v 0.03751500 -0.09515800 0.53367200
v 0.03751500 -0.10005300 0.52657700
v 0.03751500 -0.10225300 0.51739400
v 0.03751500 -0.10354300 0.49720900
v 0.03751500 -0.10392300 0.46621000
v 0.03751500 -0.10392300 0.46621000
v 0.04168900 -0.09610700 0.46621000
v 0.04168900 -0.09610700 0.46621000
v 0.04423100 -0.08764500 0.46621000
v 0.04423100 -0.08764500 0.46621000
v 0.04510300 -0.07884300 0.46621000
v 0.04510300 -0.07884300 0.46621000
v 0.04423100 -0.07004000 0.46621000
v 0.04423100 -0.07004000 0.46621000
v 0.04168900 -0.06157900 0.46621000
v 0.04168900 -0.06157900 0.46621000
v 0.03751500 -0.05380100 0.46621000
v 0.03751500 -0.05380100 0.46621000
v 0.03189900 -0.04697100 0.46621000
v 0.03189900 -0.04697100 0.46621000
v 0.02507000 -0.04135600 0.46621000
v 0.02507000 -0.04135600 0.46621000
v 0.01725400 -0.03714400 0.46954900
v 0.00879200 -0.03456400 0.47064900
v -0.00001000 -0.03372900 0.47008000
v -0.00001000 -0.03372900 0.47008000
v -0.00881300 -0.03418400 0.47156000
v -0.00881300 -0.03350200 0.47216700
v -0.00881300 -0.03240100 0.47239500
v -0.01727400 -0.03441200 0.47482300
v -0.02505200 -0.03771300 0.47873100
v -0.03188200 -0.04211400 0.48404300
v -0.03749700 -0.04754000 0.49053100
v -0.04167100 -0.05368700 0.49789200
v -0.04425100 -0.06036500 0.50589800
v -0.04512400 -0.06730800 0.51424500
v -0.04425100 -0.07421400 0.52255500
v -0.04167100 -0.08089200 0.53056100
v -0.03749700 -0.08707600 0.53792100
v -0.03188200 -0.09246400 0.54441000
v -0.02505200 -0.09686500 0.54972100
v -0.01727400 -0.10016600 0.55366700
v -0.00881300 -0.10217700 0.55609600
v -0.00001000 -0.10286000 0.55689300
v 0.00879200 -0.10217700 0.55609600
v 0.01725400 -0.10016600 0.55366700
v 0.02507000 -0.09686500 0.54972100
v 0.03189900 -0.09246400 0.54441000
v 0.03751500 -0.08707600 0.53792100
v 0.04168900 -0.08821500 0.52672800
v 0.04168900 -0.09265400 0.52039200
v 0.04168900 -0.09462700 0.51215900
v 0.04168900 -0.09580300 0.49398400
v 0.04423100 -0.08738000 0.49045500
v 0.04510300 -0.07861500 0.48681300
v 0.04423100 -0.06985000 0.48317000
v 0.04168900 -0.06142700 0.47968000
v 0.03751500 -0.05368700 0.47645500
v 0.03189900 -0.04689500 0.47360900
v 0.02507000 -0.04131800 0.47129400
v 0.01725400 -0.03706800 0.47239500
v 0.00879200 -0.03418400 0.47156000
v -0.00001000 -0.03338800 0.47087700
v -0.00001000 -0.03338800 0.47087700
v -0.00001000 -0.03274300 0.47140800
v -0.00001000 -0.03274300 0.47140800
v -0.00001000 -0.03171800 0.47156000
v -0.00001000 -0.03171800 0.47156000
v -0.00001000 -0.03058000 0.47148400
v -0.00001000 -0.03058000 0.47148400
v -0.00881300 -0.03114900 0.47231900
v -0.01727400 -0.03289400 0.47482300
v -0.02505200 -0.03566400 0.47884500
v -0.03188200 -0.03942100 0.48430900
v -0.03749700 -0.04401200 0.49094900
v -0.04167100 -0.04924800 0.49853700
v -0.04425100 -0.05490100 0.50677100
v -0.04512400 -0.06078200 0.51534600
v -0.04425100 -0.06670100 0.52388300
v -0.04167100 -0.07235500 0.53211600
v -0.03749700 -0.07759100 0.53970500
v -0.03188200 -0.08214400 0.54634500
v -0.02505200 -0.08590000 0.55180800
v -0.01727400 -0.08870800 0.55586800
v -0.00881300 -0.09041500 0.55837200
v -0.00001000 -0.09098400 0.55920700
v 0.00879200 -0.09041500 0.55837200
v 0.01725400 -0.08870800 0.55586800
v 0.02507000 -0.08590000 0.55180800
v 0.03189900 -0.08214400 0.54634500
v 0.03751500 -0.07759100 0.53970500
v 0.04168900 -0.08089200 0.53056100
v 0.04423100 -0.08070200 0.51921600
v 0.04423100 -0.08461000 0.51367600
v 0.04423100 -0.08639300 0.50642900
v 0.04510300 -0.07778000 0.50051000
v 0.04423100 -0.06916700 0.49455300
v 0.04168900 -0.06093400 0.48886200
v 0.03751500 -0.05330800 0.48358800
v 0.03189900 -0.04663000 0.47899700
v 0.02507000 -0.04112800 0.47520300
v 0.01725400 -0.03665100 0.47360900
v 0.00879200 -0.03350200 0.47216700
v 0.00879200 -0.03240100 0.47239500
v 0.00879200 -0.03114900 0.47231900
v 0.00879200 -0.02898600 0.47235700
v -0.00001000 -0.02864500 0.47148400
v -0.00001000 -0.02864500 0.47148400
v -0.00881300 -0.02898600 0.47235700
v -0.01727400 -0.03008700 0.47489900
v -0.02505200 -0.03179400 0.47903500
v -0.03188200 -0.03414700 0.48457400
v -0.03749700 -0.03699200 0.49136600
v -0.04167100 -0.04025500 0.49910600
v -0.04425100 -0.04378400 0.50749200
v -0.04512400 -0.04742600 0.51618000
v -0.04425100 -0.05110700 0.52490700
v -0.04167100 -0.05463600 0.53329200
v -0.03749700 -0.05786100 0.54103300
v -0.03188200 -0.06070600 0.54778600
v -0.02505200 -0.06305900 0.55336400
v -0.01727400 -0.06480400 0.55750000
v -0.00881300 -0.06586600 0.56004200
v -0.00001000 -0.06620800 0.56087700
v 0.00879200 -0.06586600 0.56004200
v 0.01725400 -0.06480400 0.55750000
v 0.02507000 -0.06305900 0.55336400
v 0.03189900 -0.06070600 0.54778600
v 0.03751500 -0.05786100 0.54103300
v 0.04168900 -0.07235500 0.53211600
v 0.04423100 -0.07421400 0.52255500
v 0.04510300 -0.07284800 0.51143800
v 0.04510300 -0.07626300 0.50669500
v 0.04423100 -0.06787700 0.49971300
v 0.04168900 -0.05983400 0.49299700
v 0.03751500 -0.05243500 0.48677500
v 0.03189900 -0.04594700 0.48134900
v 0.02507000 -0.04059700 0.47691000
v 0.01725400 -0.03581600 0.47444400
v 0.01725400 -0.03441200 0.47482300
v 0.01725400 -0.03289400 0.47482300
v 0.01725400 -0.03008700 0.47489900
v 0.01725400 -0.02576100 0.47489900
v 0.00879200 -0.02576100 0.47235700
v -0.00001000 -0.02576100 0.47148400
v -0.00001000 -0.02576100 0.47148400
v -0.00881300 -0.02576100 0.47235700
v -0.01727400 -0.02576100 0.47489900
v -0.02505200 -0.02576100 0.47903500
v -0.03188200 -0.02576100 0.48461200
v -0.03749700 -0.02576100 0.49144200
v -0.04167100 -0.02576100 0.49918200
v -0.04425100 -0.02576100 0.50760500
v -0.04512400 -0.02576100 0.51637000
v -0.04425100 -0.02576100 0.52513500
v -0.04167100 -0.02576100 0.53355800
v -0.03749700 -0.02576100 0.54129800
v -0.03188200 -0.02576100 0.54812800
v -0.02505200 -0.02576100 0.55370600
v -0.01727400 -0.02576100 0.55784100
v -0.00881300 -0.02576100 0.56038300
v -0.00001000 -0.02576100 0.56125600
v 0.00879200 -0.02576100 0.56038300
v 0.01725400 -0.02576100 0.55784100
v 0.02507000 -0.02576100 0.55370600
v 0.03189900 -0.02576100 0.54812800
v 0.03751500 -0.02576100 0.54129800
v 0.04168900 -0.02576100 0.53355800
v 0.04168900 -0.05463600 0.53329200
v 0.04423100 -0.06670100 0.52388300
v 0.04510300 -0.06730800 0.51424500
v 0.04423100 -0.06503200 0.50362100
v 0.04168900 -0.05751900 0.49610900
v 0.03751500 -0.05057600 0.48916500
v 0.03189900 -0.04450500 0.48313200
v 0.02507000 -0.03949600 0.47812400
v 0.02507000 -0.03771300 0.47873100
v 0.02507000 -0.03566400 0.47884500
v 0.02507000 -0.03179400 0.47903500
v 0.02507000 -0.02576100 0.47903500
v 0.02499400 -0.00690400 0.47895900
v 0.02499400 -0.00690400 0.47895900
v 0.01721600 -0.00690400 0.47478500
v 0.01721600 -0.00690400 0.47478500
v 0.00879200 -0.00690400 0.47224300
v 0.00879200 -0.00690400 0.47224300
v -0.00001000 -0.00690400 0.47137000
v -0.00001000 -0.00690400 0.47137000
v -0.00001000 -0.00690400 0.47137000
v -0.00877500 -0.00690400 0.47224300
v -0.00877500 -0.00690400 0.47224300
v -0.01723600 -0.00690400 0.47478500
v -0.01723600 -0.00690400 0.47478500
v -0.02501400 -0.00690400 0.47895900
v -0.02501400 -0.00690400 0.47895900
v -0.03180600 -0.00690400 0.48453600
v -0.03180600 -0.00690400 0.48453600
v -0.03742100 -0.00690400 0.49136600
v -0.03742100 -0.00690400 0.49136600
v -0.04155700 -0.00690400 0.49914400
v -0.04155700 -0.00690400 0.49914400
v -0.04413700 -0.00690400 0.50760500
v -0.04413700 -0.00690400 0.50760500
v -0.04501000 -0.00690400 0.51637000
v -0.04501000 -0.00690400 0.51637000
v -0.04413700 -0.00690400 0.52513500
v -0.04413700 -0.00690400 0.52513500
v -0.04155700 -0.00690400 0.53359600
v -0.04155700 -0.00690400 0.53359600
v -0.03742100 -0.00690400 0.54137400
v -0.03742100 -0.00690400 0.54137400
v -0.03180600 -0.00690400 0.54820400
v -0.03180600 -0.00690400 0.54820400
v -0.02501400 -0.00690400 0.55378100
v -0.02501400 -0.00690400 0.55378100
v -0.01723600 -0.00690400 0.55795500
v -0.01723600 -0.00690400 0.55795500
v -0.00877500 -0.00690400 0.56049700
v -0.00877500 -0.00690400 0.56049700
v -0.00001000 -0.00690400 0.56137000
v -0.00001000 -0.00690400 0.56137000
v 0.00879200 -0.00690400 0.56049700
v 0.00879200 -0.00690400 0.56049700
v 0.01721600 -0.00690400 0.55795500
v 0.01721600 -0.00690400 0.55795500
v 0.02499400 -0.00690400 0.55378100
v 0.02499400 -0.00690400 0.55378100
v 0.03182400 -0.00690400 0.54820400
v 0.03182400 -0.00690400 0.54820400
v 0.03740100 -0.00690400 0.54137400
v 0.03740100 -0.00690400 0.54137400
v 0.04157500 -0.00690400 0.53359600
v 0.04157500 -0.00690400 0.53359600
v 0.04411700 -0.00690400 0.52513500
v 0.04411700 -0.00690400 0.52513500
v 0.04499000 -0.00690400 0.51637000
v 0.04499000 -0.00690400 0.51637000
v 0.04423100 -0.02576100 0.52513500
v 0.04423100 -0.05110700 0.52490700
v 0.04510300 -0.06078200 0.51534600
v 0.04423100 -0.06036500 0.50589800
v 0.04168900 -0.05368700 0.49789200
v 0.03751500 -0.04754000 0.49053100
v 0.03189900 -0.04211400 0.48404300
v 0.03189900 -0.03942100 0.48430900
v 0.03189900 -0.03414700 0.48457400
v 0.03189900 -0.02576100 0.48461200
v 0.03182400 -0.00690400 0.48453600
v 0.03182400 -0.00690400 0.48453600
v -0.00001000 -0.00690400 0.51637000
v 0.04411700 -0.00690400 0.50760500
v 0.04411700 -0.00690400 0.50760500
v 0.04510300 -0.02576100 0.51637000
v 0.04510300 -0.04742600 0.51618000
v 0.04423100 -0.05490100 0.50677100
v 0.04168900 -0.04924800 0.49853700
v 0.03751500 -0.04401200 0.49094900
v 0.03751500 -0.03699200 0.49136600
v 0.03751500 -0.02576100 0.49144200
v 0.03740100 -0.00690400 0.49136600
v 0.03740100 -0.00690400 0.49136600
v 0.04157500 -0.00690400 0.49914400
v 0.04157500 -0.00690400 0.49914400
v 0.04423100 -0.02576100 0.50760500
v 0.04423100 -0.04378400 0.50749200
v 0.04168900 -0.04025500 0.49910600
v 0.04168900 -0.02576100 0.49918200
v -0.04258200 -0.03634700 0.07202600
v -0.04258200 -0.03634700 0.07202600
v -0.05009400 -0.04541500 0.05358600
v -0.05009400 -0.04545300 0.07202600
v -0.05009400 -0.04545300 0.07202600
v -0.05567200 -0.05577400 0.04926000
v -0.05567200 -0.05588800 0.07202600
v -0.05567200 -0.05588800 0.07202600
v -0.05908700 -0.06700500 0.04455600
v -0.05908700 -0.06719400 0.07202600
v -0.05908700 -0.06719400 0.07202600
v -0.06026300 -0.07869100 0.03966100
v -0.06022500 -0.07891900 0.07202600
v -0.06022500 -0.07891900 0.07202600
v -0.05908700 -0.09037700 0.03476600
v -0.05908700 -0.09068100 0.07202600
v -0.05908700 -0.09068100 0.07202600
v -0.05567200 -0.10164600 0.03006200
v -0.05567200 -0.10198800 0.07202600
v -0.05567200 -0.10198800 0.07202600
v -0.05009400 -0.11200400 0.02573600
v -0.05009400 -0.11238400 0.07202600
v -0.05009400 -0.11238400 0.07202600
v -0.04262000 -0.12107300 0.02194200
v -0.04258200 -0.12152800 0.07202600
v -0.04258200 -0.12152800 0.07202600
v -0.03347500 -0.12850900 0.01883100
v -0.03347500 -0.12900300 0.07202600
v -0.03347500 -0.12900300 0.07202600
v -0.02307900 -0.13404900 0.01651600
v -0.02304100 -0.13458000 0.07202600
v -0.02304100 -0.13458000 0.07202600
v -0.01177200 -0.13746400 0.01507400
v -0.01173400 -0.13799500 0.07202600
v -0.01173400 -0.13799500 0.07202600
v -0.00001000 -0.13860200 0.01461900
v -0.00001000 -0.13917100 0.07202600
v -0.00001000 -0.13917100 0.07202600
v 0.01171400 -0.13746400 0.01507400
v 0.01175200 -0.13799500 0.07202600
v 0.01175200 -0.13799500 0.07202600
v 0.02302100 -0.13404900 0.01651600
v 0.02305900 -0.13458000 0.07202600
v 0.02305900 -0.13458000 0.07202600
v 0.03345500 -0.12850900 0.01883100
v 0.03345500 -0.12900300 0.07202600
v 0.03345500 -0.12900300 0.07202600
v 0.04256100 -0.12107300 0.02194200
v 0.04259900 -0.12152800 0.07202600
v 0.04259900 -0.12152800 0.07202600
v 0.05007400 -0.11196700 0.02573600
v 0.05007400 -0.11238400 0.07202600
v 0.05007400 -0.11238400 0.07202600
v 0.05565100 -0.10160800 0.03009900
v 0.05565100 -0.10198800 0.07202600
v 0.05565100 -0.10198800 0.07202600
v 0.05906600 -0.09037700 0.03480400
v 0.05906600 -0.09068100 0.07202600
v 0.05906600 -0.09068100 0.07202600
v 0.06024200 -0.07869100 0.03966100
v 0.06024200 -0.07891900 0.07202600
v 0.06024200 -0.07891900 0.07202600
v 0.05906600 -0.06719400 0.07202600
v 0.05906600 -0.06719400 0.07202600
v 0.05906600 -0.06700500 0.04455600
v 0.05906600 -0.06689100 0.03313500
v 0.06024200 -0.07853900 0.02596400
v 0.05906600 -0.09015000 0.01883100
v 0.05565100 -0.10134300 0.01192500
v 0.05007400 -0.11162500 0.00558900
v 0.04259900 -0.12065500 0.00001100
v 0.03345500 -0.12805400 -0.00454200
v 0.02302100 -0.13355600 -0.00795700
v 0.01175200 -0.13697100 -0.01004400
v -0.00001000 -0.13810900 -0.01076500
v -0.01177200 -0.13697100 -0.01004400
v -0.02307900 -0.13355600 -0.00795700
v -0.03347500 -0.12805400 -0.00454200
v -0.04262000 -0.12065500 0.00001100
v -0.05009400 -0.11162500 0.00558900
v -0.05567200 -0.10134300 0.01192500
v -0.05908700 -0.09015000 0.01883100
v -0.06026300 -0.07853900 0.02596400
v -0.05908700 -0.06689100 0.03313500
v -0.05567200 -0.05573600 0.04004000
v -0.05009400 -0.04541500 0.04637700
v -0.04262000 -0.03638500 0.05195400
v -0.04262000 -0.03634700 0.05738000
v -0.03347500 -0.02883500 0.07202600
v -0.03347500 -0.02883500 0.07202600
v -0.00001000 -0.07891900 0.07202600
v 0.05565100 -0.05588800 0.07202600
v 0.05565100 -0.05588800 0.07202600
v 0.05565100 -0.05577400 0.04926000
v 0.05565100 -0.05573600 0.04004000
v 0.05565100 -0.05372500 0.03150300
v 0.05906600 -0.06442500 0.02254900
v 0.06024200 -0.07554200 0.01325300
v 0.05906600 -0.08665900 0.00395700
v 0.05565100 -0.09735900 -0.00499700
v 0.05007400 -0.10722400 -0.01323100
v 0.04259900 -0.11587500 -0.02044000
v 0.03345500 -0.12293200 -0.02639700
v 0.02305900 -0.12820600 -0.03079800
v 0.01175200 -0.13146900 -0.03349200
v -0.00001000 -0.13256900 -0.03444100
v -0.01173400 -0.13146900 -0.03349200
v -0.02304100 -0.12820600 -0.03079800
v -0.03347500 -0.12293200 -0.02639700
v -0.04258200 -0.11587500 -0.02044000
v -0.05009400 -0.10722400 -0.01323100
v -0.05567200 -0.09735900 -0.00499700
v -0.05908700 -0.08665900 0.00395700
v -0.06022500 -0.07554200 0.01325300
v -0.05908700 -0.06442500 0.02254900
v -0.05567200 -0.05372500 0.03150300
v -0.05009400 -0.04386000 0.03977500
v -0.04258200 -0.03520900 0.04698400
v -0.03347500 -0.02811400 0.05290300
v -0.03347500 -0.02898600 0.05650700
v -0.03347500 -0.02887300 0.06052900
v -0.02304100 -0.02325700 0.07202600
v -0.02304100 -0.02325700 0.07202600
v -0.01173400 -0.01984200 0.07202600
v -0.01173400 -0.01984200 0.07202600
v -0.00001000 -0.01870400 0.07202600
v -0.00001000 -0.01870400 0.07202600
v -0.00001000 -0.01870400 0.07202600
v 0.01175200 -0.01984200 0.07202600
v 0.01175200 -0.01984200 0.07202600
v 0.02305900 -0.02325700 0.07202600
v 0.02305900 -0.02325700 0.07202600
v 0.03345500 -0.02883500 0.07202600
v 0.03345500 -0.02883500 0.07202600
v 0.04259900 -0.03634700 0.07202600
v 0.04259900 -0.03634700 0.07202600
v 0.05007400 -0.04545300 0.07202600
v 0.05007400 -0.04545300 0.07202600
v 0.05007400 -0.04541500 0.05358600
v 0.05007400 -0.04541500 0.04637700
v 0.05007400 -0.04386000 0.03977500
v 0.05565100 -0.05031000 0.02740600
v 0.05906600 -0.06028900 0.01738900
v 0.06024200 -0.07064700 0.00699300
v 0.05906600 -0.08100500 -0.00340400
v 0.05565100 -0.09098400 -0.01342100
v 0.05007400 -0.10016600 -0.02264100
v 0.04259900 -0.10824800 -0.03072200
v 0.03345500 -0.11485000 -0.03736200
v 0.02305900 -0.11974500 -0.04229500
v 0.01175200 -0.12278000 -0.04533000
v -0.00001000 -0.12380500 -0.04635500
v -0.01173400 -0.12278000 -0.04533000
v -0.02304100 -0.11974500 -0.04229500
v -0.03347500 -0.11485000 -0.03736200
v -0.04258200 -0.10824800 -0.03072200
v -0.05009400 -0.10016600 -0.02264100
v -0.05567200 -0.09098400 -0.01342100
v -0.05908700 -0.08100600 -0.00340400
v -0.06022500 -0.07064700 0.00699300
v -0.05908700 -0.06028900 0.01738900
v -0.05567200 -0.05031000 0.02740600
v -0.05009400 -0.04112800 0.03662600
v -0.04258200 -0.03304600 0.04470700
v -0.03347500 -0.02644400 0.05130900
v -0.02304100 -0.02284000 0.05730400
v -0.02304100 -0.02348500 0.05988400
v -0.02307900 -0.02333300 0.06284400
v -0.01177200 -0.01991800 0.06424800
v -0.00001000 -0.01878000 0.06474100
v -0.00001000 -0.01878000 0.06474100
v 0.01175200 -0.01991800 0.06424800
v 0.02305900 -0.02333300 0.06284400
v 0.03345500 -0.02887300 0.06052900
v 0.04259900 -0.03630900 0.05741800
v 0.04259900 -0.03638500 0.05195400
v 0.04259900 -0.03520900 0.04698400
v 0.05007400 -0.04112800 0.03662600
v 0.05565100 -0.04526400 0.02493900
v 0.05906600 -0.05414200 0.01423900
v 0.06024200 -0.06336200 0.00312200
v 0.05906600 -0.07258200 -0.00799500
v 0.05565100 -0.08142300 -0.01869500
v 0.05007400 -0.08958000 -0.02852200
v 0.04259900 -0.09675200 -0.03717200
v 0.03345500 -0.10263300 -0.04426800
v 0.02305900 -0.10699600 -0.04954200
v 0.01175200 -0.10969000 -0.05276700
v -0.00001000 -0.11060100 -0.05386700
v -0.01173400 -0.10969000 -0.05276700
v -0.02304100 -0.10699600 -0.04954200
v -0.03347500 -0.10263300 -0.04426800
v -0.04258200 -0.09675200 -0.03717200
v -0.05009400 -0.08958000 -0.02852200
v -0.05567200 -0.08142300 -0.01869500
v -0.05908700 -0.07258200 -0.00799500
v -0.06022500 -0.06336200 0.00312200
v -0.05908700 -0.05414200 0.01423900
v -0.05567200 -0.04526400 0.02493900
v -0.05009400 -0.03710600 0.03480400
v -0.04258200 -0.02993500 0.04345500
v -0.03347500 -0.02405400 0.05051200
v -0.02304100 -0.02155000 0.05624200
v -0.01173400 -0.01957700 0.06003600
v -0.01177200 -0.02007000 0.06197100
v -0.00001000 -0.01893200 0.06269200
v -0.00001000 -0.01893200 0.06269200
v 0.01175200 -0.02007000 0.06197100
v 0.02305900 -0.02344700 0.05988400
v 0.03345500 -0.02898600 0.05650700
v 0.03345500 -0.02811400 0.05290300
v 0.04259900 -0.03304600 0.04470700
v 0.05007400 -0.03710600 0.03480400
v 0.05565100 -0.03930700 0.02391500
v 0.05906600 -0.04681900 0.01287400
v 0.06024200 -0.05463600 0.00141500
v 0.05906600 -0.06245200 -0.01004400
v 0.05565100 -0.06996400 -0.02108500
v 0.05007400 -0.07690800 -0.03121500
v 0.04259900 -0.08297800 -0.04013200
v 0.03345500 -0.08794900 -0.04745500
v 0.02305900 -0.09162900 -0.05288100
v 0.01175200 -0.09390600 -0.05622000
v -0.00001000 -0.09470300 -0.05735800
v -0.01173400 -0.09390600 -0.05622000
v -0.02304100 -0.09162900 -0.05288100
v -0.03347500 -0.08794900 -0.04745500
v -0.04258200 -0.08297800 -0.04013200
v -0.05009400 -0.07690800 -0.03121500
v -0.05567200 -0.06996400 -0.02108500
v -0.05908700 -0.06245200 -0.01004400
v -0.06022500 -0.05463600 0.00141500
v -0.05908700 -0.04681900 0.01287400
v -0.05567200 -0.03930700 0.02391500
v -0.05009400 -0.03240100 0.03408300
v -0.04258200 -0.02633000 0.04296200
v -0.03347500 -0.02136000 0.05028500
v -0.02304100 -0.01969100 0.05578600
v -0.01173400 -0.01851400 0.05927700
v -0.00001000 -0.01847600 0.06094700
v -0.00001000 -0.01847600 0.06094700
v 0.01175200 -0.01957700 0.06003600
v 0.02305900 -0.02284000 0.05730400
v 0.03345500 -0.02644400 0.05130900
v 0.04259900 -0.02993500 0.04345500
v 0.05007400 -0.03240100 0.03408300
v 0.05565100 -0.03316000 0.02368700
v 0.05906600 -0.03923100 0.01257000
v 0.06024200 -0.04556700 0.00099800
v 0.05906600 -0.05190400 -0.01057500
v 0.05565100 -0.05801200 -0.02169200
v 0.05007400 -0.06362800 -0.03197400
v 0.04259900 -0.06852200 -0.04092900
v 0.03345500 -0.07258200 -0.04832800
v 0.02305900 -0.07558000 -0.05379100
v 0.01175200 -0.07740100 -0.05716800
v -0.00001000 -0.07804600 -0.05830600
v -0.01173400 -0.07740100 -0.05716800
v -0.02304100 -0.07558000 -0.05379100
v -0.03347500 -0.07258200 -0.04832800
v -0.04258200 -0.06852200 -0.04092900
v -0.05009400 -0.06362800 -0.03197400
v -0.05567200 -0.05801200 -0.02169200
v -0.05908700 -0.05190400 -0.01057500
v -0.06022500 -0.04556700 0.00099800
v -0.05908700 -0.03923100 0.01257000
v -0.05567200 -0.03316000 0.02368700
v -0.05009400 -0.02754500 0.03397000
v -0.04258200 -0.02261200 0.04296200
v -0.03347500 -0.01859000 0.05032300
v -0.02304100 -0.01764200 0.05571100
v -0.01173400 -0.01699700 0.05905000
v -0.00001000 -0.01749000 0.06030200
v -0.00001000 -0.01749000 0.06030200
v 0.01175200 -0.01851400 0.05927700
v 0.02305900 -0.02155000 0.05624200
v 0.03345500 -0.02405400 0.05051200
v 0.04259900 -0.02633000 0.04296200
v 0.05007400 -0.02754500 0.03397000
v 0.05565100 -0.02727900 0.02342200
v 0.05906600 -0.03198400 0.01219100
v 0.06024200 -0.03684000 0.00050400
v 0.05906600 -0.04173500 -0.01114400
v 0.05565100 -0.04644000 -0.02237500
v 0.05007400 -0.05076500 -0.03269500
v 0.04259900 -0.05456000 -0.04176300
v 0.03345500 -0.05767100 -0.04920000
v 0.02305900 -0.05998500 -0.05474000
v 0.01175200 -0.06138900 -0.05811700
v -0.00001000 -0.06188200 -0.05929300
v -0.01173400 -0.06138900 -0.05811700
v -0.02304100 -0.05998500 -0.05474000
v -0.03347500 -0.05767100 -0.04920000
v -0.04258200 -0.05456000 -0.04176300
v -0.05009400 -0.05076500 -0.03269500
v -0.05567200 -0.04644000 -0.02237500
v -0.05908700 -0.04173500 -0.01114400
v -0.06022500 -0.03684000 0.00050400
v -0.05908700 -0.03198400 0.01219100
v -0.05567200 -0.02727900 0.02342200
v -0.05009400 -0.02295400 0.03374200
v -0.04258200 -0.01915900 0.04281000
v -0.03347500 -0.01604800 0.05024700
v -0.02304100 -0.01559300 0.05582400
v -0.01173400 -0.01536500 0.05905000
v -0.00001000 -0.01608600 0.06015000
v -0.00001000 -0.01608600 0.06015000
v 0.01175200 -0.01699700 0.05905000
v 0.02305900 -0.01969000 0.05578600
v 0.03345500 -0.02136000 0.05028500
v 0.04259900 -0.02261200 0.04296200
v 0.05007400 -0.02295300 0.03374200
v 0.05007400 -0.00751100 0.03347600
v 0.05565100 -0.00751100 0.02304200
v 0.05906600 -0.00751100 0.01173500
v 0.06024200 -0.00751100 0.00001100
v 0.05906600 -0.00751100 -0.01175100
v 0.05565100 -0.00751100 -0.02305800
v 0.05007400 -0.00751100 -0.03345400
v 0.04259900 -0.00751100 -0.04259800
v 0.03345500 -0.00751100 -0.05007300
v 0.02305900 -0.00751100 -0.05565000
v 0.01175200 -0.00751100 -0.05906500
v -0.00001000 -0.00751100 -0.06024200
v -0.01173400 -0.00751100 -0.05906500
v -0.02304100 -0.00751100 -0.05565000
v -0.03347500 -0.00751100 -0.05007300
v -0.04258200 -0.00751100 -0.04259800
v -0.05009400 -0.00751100 -0.03345400
v -0.05567200 -0.00751100 -0.02305800
v -0.05908700 -0.00751100 -0.01175100
v -0.06022500 -0.00751100 0.00001100
v -0.05908700 -0.00751100 0.01173500
v -0.05567200 -0.00751100 0.02304200
v -0.05009400 -0.00751100 0.03347600
v -0.04258200 -0.00751100 0.04258300
v -0.03347500 -0.00751100 0.05009500
v -0.02304100 -0.01373300 0.05578600
v -0.01173400 -0.01373300 0.05920100
v -0.00001000 -0.01460600 0.06018800
v -0.00001000 -0.01460600 0.06018800
v 0.01175200 -0.01536500 0.05905000
v 0.02305900 -0.01764200 0.05571100
v 0.03345500 -0.01859000 0.05032300
v 0.04259900 -0.01915900 0.04281000
v 0.04259900 -0.00751100 0.04258300
v 0.03345500 0.00910800 0.05009500
v 0.03345500 0.00910800 0.05009500
v 0.04259900 0.00910800 0.04258300
v 0.04259900 0.00910800 0.04258300
v 0.05007400 0.00910800 0.03347600
v 0.05007400 0.00910800 0.03347600
v 0.05565100 0.00910800 0.02304200
v 0.05565100 0.00910800 0.02304200
v 0.05906600 0.00910800 0.01173500
v 0.05906600 0.00910800 0.01173500
v 0.06024200 0.00910800 0.00001100
v 0.06024200 0.00910800 0.00001100
v 0.05906600 0.00910800 -0.01175100
v 0.05906600 0.00910800 -0.01175100
v 0.05565100 0.00910800 -0.02305800
v 0.05565100 0.00910800 -0.02305800
v 0.05007400 0.00910800 -0.03345400
v 0.05007400 0.00910800 -0.03345400
v 0.04259900 0.00910800 -0.04259800
v 0.04259900 0.00910800 -0.04259800
v 0.03345500 0.00910800 -0.05007300
v 0.03345500 0.00910800 -0.05007300
v 0.02305900 0.00910800 -0.05565000
v 0.02305900 0.00910800 -0.05565000
v 0.01175200 0.00910800 -0.05906500
v 0.01175200 0.00910800 -0.05906500
v -0.00001000 0.00910800 -0.06024200
v -0.00001000 0.00910800 -0.06024200
v -0.01173400 0.00910800 -0.05906500
v -0.01173400 0.00910800 -0.05906500
v -0.02304100 0.00910800 -0.05565000
v -0.02304100 0.00910800 -0.05565000
v -0.03347500 0.00910800 -0.05007300
v -0.03347500 0.00910800 -0.05007300
v -0.04258200 0.00910800 -0.04259800
v -0.04258200 0.00910800 -0.04259800
v -0.05009400 0.00910800 -0.03345400
v -0.05009400 0.00910800 -0.03345400
v -0.05567200 0.00910800 -0.02305800
v -0.05567200 0.00910800 -0.02305800
v -0.05908700 0.00910800 -0.01175100
v -0.05908700 0.00910800 -0.01175100
v -0.06022500 0.00910800 0.00001100
v -0.06022500 0.00910800 0.00001100
v -0.05908700 0.00910800 0.01173500
v -0.05908700 0.00910800 0.01173500
v -0.05567200 0.00910800 0.02304200
v -0.05567200 0.00910800 0.02304200
v -0.05009400 0.00910800 0.03347600
v -0.05009400 0.00910800 0.03347600
v -0.04258200 0.00910800 0.04258300
v -0.04258200 0.00910800 0.04258300
v -0.03347500 0.00910800 0.05009500
v -0.03347500 0.00910800 0.05009500
v -0.02304100 0.00910800 0.05567300
v -0.02304100 0.00910800 0.05567300
v -0.02304100 -0.00751100 0.05567300
v -0.01173400 -0.01233000 0.05916300
v -0.00001000 -0.01312600 0.06034000
v -0.00001000 -0.01312600 0.06034000
v 0.01175200 -0.01373300 0.05920100
v 0.02305900 -0.01559300 0.05582400
v 0.03345500 -0.01604800 0.05024700
v 0.03345500 -0.00751100 0.05009500
v 0.02305900 0.00910800 0.05567300
v 0.02305900 0.00910800 0.05567300
v -0.00001000 0.00910800 0.00001100
v -0.01173400 0.00910800 0.05908800
v -0.01173400 0.00910800 0.05908800
v -0.01173400 -0.00751100 0.05908800
v -0.00001000 -0.01183600 0.06034000
v -0.00001000 -0.01183600 0.06034000
v 0.01175200 -0.01233000 0.05916300
v 0.02305900 -0.01373300 0.05578600
v 0.02305900 -0.00751100 0.05567300
v 0.01175200 0.00910800 0.05908800
v 0.01175200 0.00910800 0.05908800
v -0.00001000 0.00910800 0.06022600
v -0.00001000 0.00910800 0.06022600
v -0.00001000 0.00910800 0.06022600
v -0.00001000 -0.00751100 0.06022600
v -0.00001000 -0.00751100 0.06022600
v 0.01175200 -0.00751100 0.05908800
vn -0.70970000 0.70420000 -0.02070000
vn -0.83370000 0.55200000 -0.01760000
vn -0.73590000 0.66800000 -0.11060000
vn -0.85140000 0.51780000 -0.08360000
vn -0.92490000 0.37990000 -0.01280000
vn -0.93430000 0.35180000 -0.05720000
vn -0.98110000 0.19330000 -0.00720000
vn -0.98400000 0.17580000 -0.02890000
vn -1.00000000 -0.00180000 -0.00050000
vn -1.00000000 -0.00680000 -0.00140000
vn -0.98060000 -0.19590000 0.00650000
vn -0.98160000 -0.18920000 0.02610000
vn -0.92390000 -0.38230000 0.01380000
vn -0.92960000 -0.36500000 0.05240000
vn -0.83340000 -0.55220000 0.02070000
vn -0.84440000 -0.53010000 0.07770000
vn -0.70940000 -0.70430000 0.02680000
vn -0.72600000 -0.68030000 0.10040000
vn -0.55940000 -0.82830000 0.03200000
vn -0.57860000 -0.80670000 0.12020000
vn -0.38650000 -0.92160000 0.03590000
vn -0.40330000 -0.90490000 0.13600000
vn -0.19660000 -0.97970000 0.03810000
vn -0.20570000 -0.96760000 0.14630000
vn -0.00000000 -0.99920000 0.03880000
vn -0.00000000 -0.98870000 0.15010000
vn 0.20570000 -0.96760000 0.14630000
vn 0.19660000 -0.97970000 0.03800000
vn 0.40240000 -0.90530000 0.13600000
vn 0.38560000 -0.92200000 0.03570000
vn 0.57780000 -0.80730000 0.12030000
vn 0.55930000 -0.82840000 0.03180000
vn -0.00000000 -0.00000000 -1.00000000
vn 0.55530000 -0.83160000 0.01040000
vn -0.00000000 -0.00000000 -1.00000000
vn 0.38110000 -0.92450000 0.01130000
vn -0.00000000 -0.00000000 -1.00000000
vn 0.19400000 -0.98090000 0.01160000
vn -0.00000000 -0.00000000 -1.00000000
vn -0.00000000 -0.99990000 0.01160000
vn -0.00000000 -0.00000000 -1.00000000
vn -0.19400000 -0.98090000 0.01140000
vn -0.00000000 -0.00000000 -1.00000000
vn -0.38200000 -0.92410000 0.01100000
vn -0.00000000 -0.00000000 -1.00000000
vn -0.55640000 -0.83090000 0.01030000
vn -0.00000000 -0.00000000 -1.00000000
vn -0.70650000 -0.70770000 0.00830000
vn -0.00000000 -0.00000000 -1.00000000
vn -0.83110000 -0.55610000 0.00650000
vn -0.00000000 -0.00000000 -1.00000000
vn -0.92340000 -0.38390000 0.00450000
vn -0.00000000 -0.00000000 -1.00000000
vn -0.98040000 -0.19680000 0.00220000
vn -0.00000000 -0.00000000 -1.00000000
vn -1.00000000 -0.00070000 -0.00000000
vn -0.00000000 -0.00000000 -1.00000000
vn -0.98070000 0.19540000 -0.00220000
vn -0.00000000 -0.00000000 -1.00000000
vn -0.92340000 0.38390000 -0.00350000
vn -0.00000000 -0.00000000 -1.00000000
vn -0.83130000 0.55580000 -0.00580000
vn -0.00000000 -0.00000000 -1.00000000
vn -0.70730000 0.70690000 -0.00740000
vn -0.00000000 -0.00000000 -1.00000000
vn -0.55640000 0.83090000 -0.00670000
vn -0.00000000 -0.00000000 -1.00000000
vn -0.19460000 0.98090000 -0.00130000
vn -0.00000000 -0.00000000 -1.00000000
vn -0.38490000 0.92290000 -0.00990000
vn -0.38480000 0.92290000 -0.01670000
vn -0.55850000 0.82920000 -0.02220000
vn -0.58890000 0.79630000 -0.13830000
vn -0.63720000 0.67070000 -0.37960000
vn -0.77570000 0.56060000 -0.28970000
vn -0.87820000 0.42860000 -0.21220000
vn -0.94790000 0.28720000 -0.13790000
vn -0.98790000 0.13980000 -0.06650000
vn -0.99990000 -0.01120000 0.00210000
vn -0.98430000 -0.16250000 0.06930000
vn -0.94030000 -0.31230000 0.13500000
vn -0.86650000 -0.45800000 0.19860000
vn -0.75850000 -0.59730000 0.26070000
vn -0.61660000 -0.72070000 0.31690000
vn -0.43690000 -0.82190000 0.36550000
vn -0.22650000 -0.88940000 0.39700000
vn -0.00000000 -0.91320000 0.40750000
vn 0.22650000 -0.88940000 0.39700000
vn 0.43590000 -0.82230000 0.36570000
vn 0.61570000 -0.72130000 0.31720000
vn 0.75850000 -0.59730000 0.26070000
vn 0.72610000 -0.68030000 0.10010000
vn 0.70940000 -0.70430000 0.02680000
vn 0.70670000 -0.70750000 0.00870000
vn -0.00000000 -0.00000000 -1.00000000
vn -0.00000000 -0.00000000 -1.00000000
vn 0.09870000 0.99510000 -0.00000000
vn -0.09870000 0.99510000 -0.00000000
vn -0.00000000 -0.00000000 -1.00000000
vn 0.19610000 0.98060000 -0.00000000
vn -0.00000000 -0.00000000 -1.00000000
vn -0.00000000 -0.00000000 -1.00000000
vn 0.38230000 0.92400000 -0.00960000
vn 0.19570000 0.98060000 -0.00900000
vn 0.09700000 0.99530000 -0.00130000
vn -0.09870000 0.99510000 -0.00000000
vn -0.19400000 0.98100000 -0.00780000
vn -0.21390000 0.95720000 -0.19480000
vn -0.41420000 0.89600000 -0.15990000
vn -0.45880000 0.75520000 -0.46820000
vn -0.45560000 0.44380000 -0.77170000
vn -0.64180000 0.41970000 -0.64180000
vn -0.78640000 0.36200000 -0.50050000
vn -0.88600000 0.28620000 -0.36490000
vn -0.95260000 0.19200000 -0.23580000
vn -0.98930000 0.09430000 -0.11170000
vn -0.99990000 -0.00720000 0.00980000
vn -0.98540000 -0.11070000 0.12900000
vn -0.94520000 -0.21470000 0.24610000
vn -0.87630000 -0.31870000 0.36140000
vn -0.77320000 -0.42120000 0.47410000
vn -0.63340000 -0.51560000 0.57700000
vn -0.45230000 -0.59570000 0.66370000
vn -0.23680000 -0.64990000 0.72220000
vn -0.00000000 -0.66790000 0.74430000
vn 0.23680000 -0.64990000 0.72220000
vn 0.45140000 -0.59600000 0.66410000
vn 0.63250000 -0.51610000 0.57760000
vn 0.77320000 -0.42120000 0.47410000
vn 0.87630000 -0.31870000 0.36140000
vn 0.86650000 -0.45800000 0.19860000
vn 0.84420000 -0.53040000 0.07730000
vn 0.83250000 -0.55360000 0.02080000
vn 0.83090000 -0.55650000 0.00660000
vn -0.00000000 -0.00000000 -1.00000000
vn 0.92420000 -0.38180000 0.00420000
vn -0.00000000 -0.00000000 -1.00000000
vn 0.98090000 -0.19470000 0.00210000
vn -0.00000000 -0.00000000 -1.00000000
vn 1.00000000 -0.00070000 -0.00000000
vn -0.00000000 -0.00000000 -1.00000000
vn 0.98110000 0.19340000 -0.00220000
vn -0.00000000 -0.00000000 -1.00000000
vn 0.92430000 0.38160000 -0.00430000
vn -0.00000000 -0.00000000 -1.00000000
vn 0.83100000 0.55620000 -0.00610000
vn -0.00000000 -0.00000000 -1.00000000
vn 0.70710000 0.70710000 -0.00690000
vn -0.00000000 -0.00000000 -1.00000000
vn -0.00000000 -0.00000000 -1.00000000
vn 0.55640000 0.83090000 -0.00660000
vn 0.38300000 0.92360000 -0.01680000
vn 0.21490000 0.95710000 -0.19430000
vn 0.10500000 0.97530000 -0.19430000
vn -0.10750000 0.97480000 -0.19530000
vn -0.24000000 0.79160000 -0.56190000
vn -0.23410000 0.43230000 -0.87080000
vn -0.19720000 0.06510000 -0.97820000
vn -0.39720000 0.11650000 -0.91030000
vn -0.58660000 0.15110000 -0.79560000
vn -0.74330000 0.15070000 -0.65170000
vn -0.86180000 0.13360000 -0.48940000
vn -0.94110000 0.09680000 -0.32390000
vn -0.98630000 0.05110000 -0.15670000
vn -1.00000000 -0.00010000 0.00990000
vn -0.98340000 -0.05390000 0.17330000
vn -0.93710000 -0.10890000 0.33160000
vn -0.86010000 -0.16320000 0.48330000
vn -0.75000000 -0.21560000 0.62530000
vn -0.60590000 -0.26390000 0.75050000
vn -0.42770000 -0.30470000 0.85100000
vn -0.22030000 -0.33170000 0.91730000
vn -0.00000000 -0.34080000 0.94010000
vn 0.22030000 -0.33170000 0.91730000
vn 0.42680000 -0.30480000 0.85140000
vn 0.60500000 -0.26410000 0.75110000
vn 0.75000000 -0.21560000 0.62530000
vn 0.86010000 -0.16320000 0.48330000
vn 0.94560000 -0.21380000 0.24510000
vn 0.94090000 -0.31100000 0.13440000
vn 0.93020000 -0.36330000 0.05210000
vn 0.92470000 -0.38030000 0.01380000
vn 0.98100000 -0.19390000 0.00650000
vn 1.00000000 -0.00180000 -0.00050000
vn 0.98160000 0.19100000 -0.00700000
vn 0.92560000 0.37820000 -0.01260000
vn 0.83310000 0.55290000 -0.01770000
vn 0.70970000 0.70420000 -0.02100000
vn 0.55810000 0.82950000 -0.02230000
vn 0.41320000 0.89650000 -0.16000000
vn 0.23940000 0.79210000 -0.56150000
vn 0.11940000 0.79600000 -0.59340000
vn -0.11810000 0.79520000 -0.59480000
vn 0.11630000 0.39840000 -0.90980000
vn -0.11460000 0.39960000 -0.90950000
vn 0.09750000 0.03530000 -0.99460000
vn -0.09750000 0.03530000 -0.99460000
vn 0.09430000 -0.03040000 -0.99510000
vn -0.09430000 -0.03040000 -0.99510000
vn -0.18780000 -0.01920000 -0.98200000
vn -0.37600000 0.01290000 -0.92650000
vn -0.55540000 0.04220000 -0.83050000
vn -0.71360000 0.05160000 -0.69870000
vn -0.83840000 0.04820000 -0.54290000
vn -0.92870000 0.03850000 -0.36890000
vn -0.98250000 0.02150000 -0.18480000
vn -1.00000000 0.00100000 0.00400000
vn -0.98140000 -0.02130000 0.19100000
vn -0.92800000 -0.04400000 0.36990000
vn -0.84070000 -0.06660000 0.53740000
vn -0.72180000 -0.08660000 0.68660000
vn -0.57340000 -0.10440000 0.81260000
vn -0.39860000 -0.11870000 0.90940000
vn -0.20340000 -0.12790000 0.97070000
vn -0.00000000 -0.13110000 0.99140000
vn 0.20340000 -0.12790000 0.97070000
vn 0.39770000 -0.11880000 0.90980000
vn 0.57260000 -0.10450000 0.81320000
vn 0.72180000 -0.08660000 0.68660000
vn 0.84070000 -0.06660000 0.53740000
vn 0.93770000 -0.10840000 0.33010000
vn 0.98580000 -0.10950000 0.12760000
vn 0.98460000 -0.16070000 0.06850000
vn 0.98200000 -0.18720000 0.02580000
vn 1.00000000 -0.00680000 -0.00140000
vn 0.98430000 0.17400000 -0.02860000
vn 0.93510000 0.34980000 -0.05640000
vn 0.85120000 0.51830000 -0.08340000
vn 0.73590000 0.66800000 -0.11060000
vn 0.58810000 0.79690000 -0.13840000
vn 0.45770000 0.75560000 -0.46850000
vn 0.23330000 0.43200000 -0.87120000
vn 0.19720000 0.06510000 -0.97820000
vn 0.18780000 -0.01920000 -0.98200000
vn 0.19400000 0.00780000 -0.98100000
vn 0.09870000 -0.00000000 -0.99510000
vn -0.09870000 -0.00000000 -0.99510000
vn -0.19400000 0.00780000 -0.98100000
vn -0.38200000 0.01190000 -0.92410000
vn -0.55580000 0.01960000 -0.83110000
vn -0.70840000 0.01950000 -0.70550000
vn -0.83300000 0.01780000 -0.55300000
vn -0.92480000 0.01330000 -0.38020000
vn -0.98110000 0.00740000 -0.19330000
vn -1.00000000 0.00060000 0.00180000
vn -0.98040000 -0.00670000 0.19690000
vn -0.92370000 -0.01380000 0.38290000
vn -0.83160000 -0.02070000 0.55490000
vn -0.70840000 -0.02690000 0.70530000
vn -0.55850000 -0.03190000 0.82890000
vn -0.38480000 -0.03580000 0.92230000
vn -0.19470000 -0.03840000 0.98010000
vn 0.00010000 -0.03900000 0.99920000
vn 0.19450000 -0.03820000 0.98020000
vn 0.38380000 -0.03600000 0.92270000
vn 0.55770000 -0.03210000 0.82940000
vn 0.70850000 -0.02690000 0.70520000
vn 0.83150000 -0.02050000 0.55520000
vn 0.92870000 -0.04370000 0.36820000
vn 0.98380000 -0.05340000 0.17140000
vn 0.99990000 -0.00720000 0.00980000
vn 0.99990000 -0.01120000 0.00210000
vn 0.98820000 0.13850000 -0.06590000
vn 0.94850000 0.28550000 -0.13710000
vn 0.87820000 0.42860000 -0.21220000
vn 0.77570000 0.56060000 -0.28970000
vn 0.63640000 0.67130000 -0.37990000
vn 0.45450000 0.44410000 -0.77210000
vn 0.39620000 0.11660000 -0.91070000
vn 0.37510000 0.01290000 -0.92690000
vn 0.38100000 0.01190000 -0.92450000
vn 0.37970000 -0.00250000 -0.92510000
vn 0.19410000 -0.00300000 -0.98100000
vn 0.09870000 -0.00300000 -0.99510000
vn -0.09870000 -0.00290000 -0.99510000
vn -0.19420000 -0.00280000 -0.98100000
vn -0.38080000 -0.00210000 -0.92470000
vn -0.55390000 -0.00090000 -0.83260000
vn -0.70590000 0.00130000 -0.70830000
vn -0.83050000 0.00280000 -0.55700000
vn -0.92280000 0.00360000 -0.38520000
vn -0.98040000 0.00350000 -0.19680000
vn -1.00000000 0.00300000 0.00020000
vn -0.98040000 0.00200000 0.19710000
vn -0.92280000 0.00010000 0.38540000
vn -0.83020000 -0.00180000 0.55740000
vn -0.70590000 -0.00350000 0.70830000
vn -0.55390000 -0.00540000 0.83260000
vn -0.38050000 -0.00650000 0.92480000
vn -0.19420000 -0.00700000 0.98090000
vn 0.00010000 -0.00750000 1.00000000
vn 0.19400000 -0.00720000 0.98100000
vn 0.37990000 -0.00590000 0.92500000
vn 0.55290000 -0.00430000 0.83320000
vn 0.70610000 -0.00310000 0.70810000
vn 0.83020000 -0.00090000 0.55750000
vn 0.92350000 0.00080000 0.38370000
vn 0.92450000 -0.01380000 0.38100000
vn 0.98180000 -0.02110000 0.18890000
vn 1.00000000 -0.00010000 0.00990000
vn 0.98950000 0.09330000 -0.11060000
vn 0.95320000 0.19090000 -0.23430000
vn 0.88600000 0.28620000 -0.36490000
vn 0.78640000 0.36200000 -0.50050000
vn 0.64100000 0.42000000 -0.64240000
vn 0.58580000 0.15120000 -0.79620000
vn 0.55460000 0.04220000 -0.83100000
vn 0.55440000 0.01910000 -0.83200000
vn 0.55290000 -0.00060000 -0.83320000
vn -0.00000000 1.00000000 -0.00000000
vn 0.55500000 -0.00110000 -0.83190000
vn -0.00000000 1.00000000 -0.00000000
vn 0.38180000 -0.00380000 -0.92420000
vn -0.00000000 1.00000000 -0.00000000
vn 0.19450000 -0.00570000 -0.98090000
vn -0.00000000 1.00000000 -0.00000000
vn -0.09910000 -0.00600000 -0.99510000
vn 0.09870000 -0.00600000 -0.99510000
vn -0.00000000 1.00000000 -0.00000000
vn -0.19410000 -0.00560000 -0.98100000
vn -0.00000000 1.00000000 -0.00000000
vn -0.38200000 -0.00480000 -0.92420000
vn -0.00000000 1.00000000 -0.00000000
vn -0.55570000 -0.00290000 -0.83140000
vn -0.00000000 1.00000000 -0.00000000
vn -0.70640000 -0.00050000 -0.70780000
vn -0.00000000 1.00000000 -0.00000000
vn -0.83160000 0.00110000 -0.55530000
vn -0.00000000 1.00000000 -0.00000000
vn -0.92360000 0.00380000 -0.38330000
vn -0.00000000 1.00000000 -0.00000000
vn -0.98050000 0.00570000 -0.19660000
vn -0.00000000 1.00000000 -0.00000000
vn -1.00000000 0.00600000 -0.00000000
vn -0.00000000 1.00000000 -0.00000000
vn -0.98050000 0.00590000 0.19640000
vn -0.00000000 1.00000000 -0.00000000
vn -0.92380000 0.00500000 0.38270000
vn -0.00000000 1.00000000 -0.00000000
vn -0.83120000 0.00210000 0.55600000
vn -0.00000000 1.00000000 -0.00000000
vn -0.70660000 -0.00000000 0.70760000
vn -0.00000000 1.00000000 -0.00000000
vn -0.55590000 -0.00180000 0.83130000
vn -0.00000000 1.00000000 -0.00000000
vn -0.38150000 -0.00420000 0.92440000
vn -0.00000000 1.00000000 -0.00000000
vn -0.19410000 -0.00550000 0.98100000
vn -0.00000000 1.00000000 -0.00000000
vn -0.00020000 -0.00600000 1.00000000
vn -0.00000000 1.00000000 -0.00000000
vn 0.19460000 -0.00590000 0.98090000
vn -0.00000000 1.00000000 -0.00000000
vn 0.38240000 -0.00500000 0.92400000
vn -0.00000000 1.00000000 -0.00000000
vn 0.55430000 -0.00210000 0.83230000
vn -0.00000000 1.00000000 -0.00000000
vn 0.70680000 -0.00000000 0.70740000
vn -0.00000000 1.00000000 -0.00000000
vn 0.83120000 0.00220000 0.55600000
vn -0.00000000 1.00000000 -0.00000000
vn 0.92390000 0.00450000 0.38270000
vn -0.00000000 1.00000000 -0.00000000
vn 0.98090000 0.00570000 0.19450000
vn -0.00000000 1.00000000 -0.00000000
vn 1.00000000 0.00600000 -0.00000000
vn 0.98080000 0.00210000 0.19520000
vn 0.98080000 -0.00660000 0.19490000
vn 1.00000000 0.00100000 0.00400000
vn 0.98660000 0.05060000 -0.15520000
vn 0.94180000 0.09630000 -0.32210000
vn 0.86180000 0.13360000 -0.48940000
vn 0.74330000 0.15070000 -0.65170000
vn 0.71360000 0.05160000 -0.69870000
vn 0.70840000 0.01900000 -0.70560000
vn 0.70600000 0.00180000 -0.70820000
vn 0.70650000 0.00060000 -0.70770000
vn -0.00000000 1.00000000 -0.00000000
vn -0.00000000 1.00000000 -0.00000000
vn -0.00000000 1.00000000 -0.00000000
vn 0.98090000 0.00590000 -0.19440000
vn 1.00000000 0.00300000 0.00030000
vn 1.00000000 0.00060000 0.00180000
vn 0.98290000 0.02130000 -0.18300000
vn 0.92940000 0.03830000 -0.36700000
vn 0.83840000 0.04820000 -0.54290000
vn 0.83310000 0.01780000 -0.55280000
vn 0.83060000 0.00290000 -0.55690000
vn 0.83130000 0.00310000 -0.55580000
vn -0.00000000 1.00000000 -0.00000000
vn -0.00000000 1.00000000 -0.00000000
vn 0.92390000 0.00500000 -0.38260000
vn 0.98090000 0.00350000 -0.19460000
vn 0.98150000 0.00720000 -0.19140000
vn 0.92560000 0.01320000 -0.37840000
vn 0.92360000 0.00330000 -0.38340000
vn -0.00000000 -0.00000000 1.00000000
vn -0.70720000 0.70700000 0.00160000
vn -0.82970000 0.55810000 0.00030000
vn -0.00000000 -0.00000000 1.00000000
vn -0.83060000 0.55690000 0.00160000
vn -0.92330000 0.38400000 0.00140000
vn -0.00000000 -0.00000000 1.00000000
vn -0.92420000 0.38200000 0.00210000
vn -0.98060000 0.19600000 0.00140000
vn -0.00000000 -0.00000000 1.00000000
vn -0.98110000 0.19370000 0.00180000
vn -1.00000000 -0.00050000 0.00050000
vn -0.00000000 -0.00000000 1.00000000
vn -1.00000000 -0.00070000 0.00070000
vn -0.98070000 -0.19530000 -0.00190000
vn -0.00000000 -0.00000000 1.00000000
vn -0.98100000 -0.19410000 -0.00160000
vn -0.92390000 -0.38270000 -0.00460000
vn -0.00000000 -0.00000000 1.00000000
vn -0.92360000 -0.38330000 -0.00310000
vn -0.83110000 -0.55600000 -0.00730000
vn -0.00000000 -0.00000000 1.00000000
vn -0.83070000 -0.55680000 -0.00460000
vn -0.70660000 -0.70760000 -0.00970000
vn -0.00000000 -0.00000000 1.00000000
vn -0.70650000 -0.70770000 -0.00620000
vn -0.55530000 -0.83160000 -0.01180000
vn -0.00000000 -0.00000000 1.00000000
vn -0.55540000 -0.83160000 -0.00770000
vn -0.38330000 -0.92350000 -0.01360000
vn -0.00000000 -0.00000000 1.00000000
vn -0.38190000 -0.92410000 -0.00850000
vn -0.19480000 -0.98070000 -0.01440000
vn -0.00000000 -0.00000000 1.00000000
vn -0.19500000 -0.98080000 -0.00930000
vn -0.00000000 -0.99990000 -0.01470000
vn -0.00000000 -0.00000000 1.00000000
vn -0.00030000 -1.00000000 -0.00970000
vn 0.19500000 -0.98070000 -0.01450000
vn -0.00000000 -0.00000000 1.00000000
vn 0.19520000 -0.98070000 -0.00940000
vn 0.38250000 -0.92380000 -0.01380000
vn -0.00000000 -0.00000000 1.00000000
vn 0.38250000 -0.92390000 -0.00890000
vn 0.55530000 -0.83150000 -0.01190000
vn -0.00000000 -0.00000000 1.00000000
vn 0.55520000 -0.83170000 -0.00790000
vn 0.70700000 -0.70710000 -0.00950000
vn -0.00000000 -0.00000000 1.00000000
vn 0.70670000 -0.70750000 -0.00670000
vn 0.83110000 -0.55610000 -0.00710000
vn -0.00000000 -0.00000000 1.00000000
vn 0.83130000 -0.55580000 -0.00500000
vn 0.92370000 -0.38300000 -0.00450000
vn -0.00000000 -0.00000000 1.00000000
vn 0.92360000 -0.38340000 -0.00340000
vn 0.98060000 -0.19580000 -0.00210000
vn -0.00000000 -0.00000000 1.00000000
vn 0.98070000 -0.19570000 -0.00160000
vn 1.00000000 -0.00010000 -0.00000000
vn -0.00000000 -0.00000000 1.00000000
vn 1.00000000 -0.00030000 -0.00000000
vn -0.00000000 -0.00000000 1.00000000
vn 0.98080000 0.19510000 0.00120000
vn 0.98060000 0.19600000 0.00150000
vn 0.98390000 0.17730000 0.02310000
vn 1.00000000 -0.00820000 0.00180000
vn 0.98120000 -0.19190000 -0.02010000
vn 0.92810000 -0.36980000 -0.04210000
vn 0.84150000 -0.53650000 -0.06340000
vn 0.72260000 -0.68620000 -0.08350000
vn 0.57270000 -0.81340000 -0.10170000
vn 0.39980000 -0.90930000 -0.11540000
vn 0.20570000 -0.97070000 -0.12430000
vn -0.00000000 -0.99180000 -0.12770000
vn -0.20530000 -0.97070000 -0.12470000
vn -0.40000000 -0.90920000 -0.11580000
vn -0.57360000 -0.81280000 -0.10180000
vn -0.72250000 -0.68620000 -0.08430000
vn -0.84170000 -0.53620000 -0.06390000
vn -0.92820000 -0.36960000 -0.04250000
vn -0.98140000 -0.19100000 -0.02050000
vn -1.00000000 -0.00810000 0.00070000
vn -0.98390000 0.17730000 0.02310000
vn -0.93310000 0.35700000 0.04290000
vn -0.84710000 0.52800000 0.06040000
vn -0.72760000 0.68210000 0.07320000
vn -0.70440000 0.70980000 -0.00290000
vn -0.55560000 0.83140000 -0.00150000
vn -0.00000000 -0.00000000 1.00000000
vn -0.00000000 -0.00000000 1.00000000
vn -0.00000000 -0.00000000 1.00000000
vn 0.92410000 0.38220000 0.00150000
vn 0.92330000 0.38400000 0.00170000
vn 0.93310000 0.35700000 0.04290000
vn 0.94900000 0.28300000 0.13930000
vn 0.98820000 0.13720000 0.06750000
vn 0.99990000 -0.01240000 -0.00240000
vn 0.98430000 -0.16170000 -0.07130000
vn 0.94040000 -0.31030000 -0.13910000
vn 0.86640000 -0.45520000 -0.20550000
vn 0.75820000 -0.59380000 -0.26950000
vn 0.61460000 -0.71720000 -0.32840000
vn 0.43690000 -0.81670000 -0.37710000
vn 0.22750000 -0.88330000 -0.41000000
vn -0.00020000 -0.90630000 -0.42260000
vn -0.22760000 -0.88320000 -0.41010000
vn -0.43610000 -0.81680000 -0.37770000
vn -0.61490000 -0.71680000 -0.32870000
vn -0.75810000 -0.59370000 -0.26980000
vn -0.86590000 -0.45580000 -0.20620000
vn -0.94040000 -0.31030000 -0.13910000
vn -0.98450000 -0.16070000 -0.07070000
vn -0.99990000 -0.01180000 -0.00330000
vn -0.98840000 0.13650000 0.06670000
vn -0.94900000 0.28300000 0.13930000
vn -0.87900000 0.42640000 0.21370000
vn -0.77760000 0.55700000 0.29150000
vn -0.63840000 0.67060000 0.37790000
vn -0.57660000 0.81280000 0.08330000
vn -0.55000000 0.83500000 -0.01440000
vn -0.38120000 0.92450000 -0.00550000
vn -0.00000000 -0.00000000 1.00000000
vn -0.19310000 0.98110000 -0.00840000
vn -0.00000000 -0.00000000 1.00000000
vn -0.09620000 0.99530000 -0.00990000
vn 0.09630000 0.99530000 -0.01040000
vn -0.00000000 -0.00000000 1.00000000
vn 0.19340000 0.98110000 -0.00970000
vn -0.00000000 -0.00000000 1.00000000
vn 0.38240000 0.92400000 -0.00790000
vn -0.00000000 -0.00000000 1.00000000
vn 0.55550000 0.83150000 -0.00370000
vn -0.00000000 -0.00000000 1.00000000
vn 0.70650000 0.70770000 0.00070000
vn -0.00000000 -0.00000000 1.00000000
vn -0.00000000 -0.00000000 1.00000000
vn 0.83150000 0.55550000 0.00120000
vn 0.83020000 0.55740000 0.00020000
vn 0.84750000 0.52740000 0.06070000
vn 0.87940000 0.42560000 0.21330000
vn 0.95160000 0.18950000 0.24180000
vn 0.98890000 0.09400000 0.11470000
vn 0.99990000 -0.00620000 -0.00860000
vn 0.98570000 -0.10850000 -0.12870000
vn 0.94530000 -0.21240000 -0.24760000
vn 0.87610000 -0.31590000 -0.36420000
vn 0.77300000 -0.41860000 -0.47680000
vn 0.63170000 -0.51380000 -0.58050000
vn 0.45160000 -0.59260000 -0.66700000
vn 0.23630000 -0.64640000 -0.72550000
vn -0.00030000 -0.66540000 -0.74650000
vn -0.23630000 -0.64630000 -0.72550000
vn -0.45090000 -0.59290000 -0.66720000
vn -0.63180000 -0.51370000 -0.58050000
vn -0.77300000 -0.41850000 -0.47670000
vn -0.87550000 -0.31660000 -0.36510000
vn -0.94530000 -0.21240000 -0.24760000
vn -0.98590000 -0.10780000 -0.12790000
vn -0.99990000 -0.00600000 -0.00830000
vn -0.98920000 0.09310000 0.11360000
vn -0.95160000 0.18950000 0.24180000
vn -0.88380000 0.27880000 0.37580000
vn -0.78050000 0.34980000 0.51810000
vn -0.63510000 0.39560000 0.66340000
vn -0.46140000 0.75370000 0.46800000
vn -0.40050000 0.91250000 0.08290000
vn -0.37690000 0.92580000 -0.02900000
vn -0.19040000 0.98100000 -0.03660000
vn -0.09450000 0.99470000 -0.04110000
vn 0.09470000 0.99470000 -0.04090000
vn 0.19030000 0.98100000 -0.03680000
vn 0.37750000 0.92570000 -0.02160000
vn 0.55060000 0.83470000 -0.01270000
vn 0.70360000 0.71060000 -0.00470000
vn 0.72780000 0.68180000 0.07360000
vn 0.77780000 0.55580000 0.29350000
vn 0.88430000 0.27830000 0.37500000
vn 0.94230000 0.10290000 0.31860000
vn 0.98660000 0.05400000 0.15410000
vn 1.00000000 -0.00040000 -0.00930000
vn 0.98390000 -0.05770000 -0.16940000
vn 0.93820000 -0.11610000 -0.32600000
vn 0.86200000 -0.17380000 -0.47620000
vn 0.75260000 -0.22980000 -0.61700000
vn 0.60800000 -0.28120000 -0.74240000
vn 0.42940000 -0.32350000 -0.84320000
vn 0.22270000 -0.35170000 -0.90920000
vn -0.00030000 -0.36180000 -0.93220000
vn -0.22280000 -0.35180000 -0.90920000
vn -0.42870000 -0.32350000 -0.84350000
vn -0.60810000 -0.28120000 -0.74240000
vn -0.75260000 -0.22980000 -0.61700000
vn -0.86140000 -0.17420000 -0.47720000
vn -0.93820000 -0.11610000 -0.32600000
vn -0.98410000 -0.05720000 -0.16820000
vn -1.00000000 -0.00030000 -0.00900000
vn -0.98680000 0.05360000 0.15270000
vn -0.94230000 0.10290000 0.31860000
vn -0.86290000 0.14260000 0.48480000
vn -0.74560000 0.16840000 0.64470000
vn -0.58860000 0.16040000 0.79240000
vn -0.44660000 0.39710000 0.80180000
vn -0.24490000 0.80410000 0.54180000
vn -0.20610000 0.97500000 0.08300000
vn -0.10180000 0.99120000 0.08500000
vn 0.10180000 0.99120000 0.08500000
vn 0.20470000 0.97510000 0.08560000
vn 0.40060000 0.91230000 0.08510000
vn 0.57710000 0.81250000 0.08250000
vn 0.63850000 0.67030000 0.37820000
vn 0.78070000 0.34960000 0.51790000
vn 0.86350000 0.14230000 0.48390000
vn 0.93020000 0.03840000 0.36510000
vn 0.98310000 0.02180000 0.18170000
vn 1.00000000 0.00140000 -0.00550000
vn 0.98150000 -0.02140000 -0.19050000
vn 0.92850000 -0.04520000 -0.36860000
vn 0.84190000 -0.06920000 -0.53520000
vn 0.72360000 -0.09060000 -0.68430000
vn 0.57400000 -0.11010000 -0.81140000
vn 0.39910000 -0.12500000 -0.90840000
vn 0.20480000 -0.13490000 -0.96950000
vn -0.00020000 -0.13850000 -0.99040000
vn -0.20500000 -0.13490000 -0.96940000
vn -0.39840000 -0.12500000 -0.90870000
vn -0.57420000 -0.11010000 -0.81130000
vn -0.72350000 -0.09060000 -0.68430000
vn -0.84120000 -0.06940000 -0.53630000
vn -0.92850000 -0.04520000 -0.36860000
vn -0.98170000 -0.02120000 -0.18910000
vn -1.00000000 0.00130000 -0.00530000
vn -0.98340000 0.02160000 0.18010000
vn -0.93020000 0.03840000 0.36510000
vn -0.83970000 0.04780000 0.54090000
vn -0.71420000 0.04650000 0.69840000
vn -0.55530000 0.02790000 0.83120000
vn -0.39830000 0.12320000 0.90890000
vn -0.22820000 0.36000000 0.90460000
vn -0.12220000 0.80800000 0.57630000
vn 0.12200000 0.80800000 0.57640000
vn 0.24440000 0.80330000 0.54310000
vn 0.46290000 0.75620000 0.46260000
vn 0.63480000 0.39570000 0.66360000
vn 0.74580000 0.16830000 0.64450000
vn 0.84040000 0.04770000 0.53990000
vn 0.92460000 0.01530000 0.38060000
vn 0.98090000 0.00880000 0.19420000
vn 1.00000000 -0.00020000 0.00050000
vn 0.98120000 -0.01040000 -0.19270000
vn 0.92570000 -0.02060000 -0.37770000
vn 0.83460000 -0.03110000 -0.55000000
vn 0.71200000 -0.04030000 -0.70100000
vn 0.56100000 -0.04780000 -0.82640000
vn 0.38680000 -0.05380000 -0.92060000
vn 0.19780000 -0.05720000 -0.97860000
vn -0.00020000 -0.05900000 -0.99830000
vn -0.19790000 -0.05720000 -0.97850000
vn -0.38610000 -0.05390000 -0.92090000
vn -0.56120000 -0.04780000 -0.82630000
vn -0.71180000 -0.04030000 -0.70120000
vn -0.83390000 -0.03110000 -0.55100000
vn -0.92570000 -0.02060000 -0.37760000
vn -0.98150000 -0.01030000 -0.19110000
vn -1.00000000 -0.00020000 0.00050000
vn -0.98120000 0.00870000 0.19270000
vn -0.92460000 0.01530000 0.38060000
vn -0.83070000 0.01920000 0.55630000
vn -0.70460000 0.01530000 0.70950000
vn -0.55050000 0.00640000 0.83480000
vn -0.37350000 -0.00950000 0.92760000
vn -0.19710000 0.07000000 0.97790000
vn -0.11330000 0.32870000 0.93760000
vn 0.11290000 0.32870000 0.93770000
vn 0.22800000 0.36000000 0.90470000
vn 0.44740000 0.39690000 0.80140000
vn 0.58830000 0.16040000 0.79250000
vn 0.71430000 0.04650000 0.69820000
vn 0.83140000 0.01920000 0.55530000
vn 0.92500000 0.01240000 0.37970000
vn 0.98120000 0.00700000 0.19290000
vn 1.00000000 0.00040000 -0.00150000
vn 0.98080000 -0.00680000 -0.19500000
vn 0.92430000 -0.01410000 -0.38140000
vn 0.83290000 -0.02030000 -0.55310000
vn 0.70910000 -0.02690000 -0.70460000
vn 0.55850000 -0.03180000 -0.82890000
vn 0.38430000 -0.03610000 -0.92250000
vn 0.19660000 -0.03820000 -0.97970000
vn -0.00020000 -0.03920000 -0.99920000
vn -0.19670000 -0.03830000 -0.97970000
vn -0.38360000 -0.03610000 -0.92280000
vn -0.55870000 -0.03170000 -0.82880000
vn -0.70890000 -0.02680000 -0.70470000
vn -0.83220000 -0.02040000 -0.55410000
vn -0.92430000 -0.01410000 -0.38140000
vn -0.98110000 -0.00670000 -0.19350000
vn -1.00000000 0.00030000 -0.00140000
vn -0.98150000 0.00690000 0.19140000
vn -0.92500000 0.01250000 0.37990000
vn -0.83270000 0.01860000 0.55340000
vn -0.70870000 0.02180000 0.70520000
vn -0.55710000 0.01970000 0.83020000
vn -0.37370000 -0.01600000 0.92740000
vn -0.18590000 -0.04700000 0.98150000
vn -0.09810000 0.03880000 0.99440000
vn 0.09770000 0.03890000 0.99450000
vn 0.19690000 0.07000000 0.97790000
vn 0.39910000 0.12310000 0.90860000
vn 0.55500000 0.02790000 0.83140000
vn 0.70470000 0.01530000 0.70930000
vn 0.83320000 0.01850000 0.55270000
vn 0.83160000 0.00490000 0.55540000
vn 0.92430000 0.00360000 0.38160000
vn 0.98080000 0.00180000 0.19480000
vn 1.00000000 -0.00000000 -0.00040000
vn 0.98070000 -0.00170000 -0.19570000
vn 0.92360000 -0.00340000 -0.38330000
vn 0.83130000 -0.00490000 -0.55580000
vn 0.70680000 -0.00620000 -0.70730000
vn 0.55510000 -0.00720000 -0.83170000
vn 0.38260000 -0.00810000 -0.92390000
vn 0.19510000 -0.00860000 -0.98070000
vn -0.00020000 -0.00880000 -1.00000000
vn -0.19520000 -0.00860000 -0.98070000
vn -0.38190000 -0.00800000 -0.92420000
vn -0.55540000 -0.00730000 -0.83160000
vn -0.70660000 -0.00630000 -0.70750000
vn -0.83060000 -0.00490000 -0.55680000
vn -0.92360000 -0.00340000 -0.38330000
vn -0.98100000 -0.00170000 -0.19420000
vn -1.00000000 -0.00000000 -0.00040000
vn -0.98120000 0.00180000 0.19320000
vn -0.92430000 0.00350000 0.38170000
vn -0.83110000 0.00500000 0.55610000
vn -0.70730000 0.00680000 0.70690000
vn -0.55690000 0.00740000 0.83050000
vn -0.38200000 0.01790000 0.92400000
vn -0.18810000 -0.03070000 0.98170000
vn -0.09290000 -0.06490000 0.99360000
vn 0.09260000 -0.06490000 0.99360000
vn 0.18570000 -0.04700000 0.98150000
vn 0.37420000 -0.00950000 0.92730000
vn 0.55030000 0.00640000 0.83500000
vn 0.70910000 0.02190000 0.70470000
vn 0.70770000 0.00670000 0.70650000
vn -0.00000000 1.00000000 -0.00000000
vn 0.55640000 -0.00000000 0.83090000
vn -0.00000000 1.00000000 -0.00000000
vn 0.70730000 -0.00000000 0.70690000
vn -0.00000000 1.00000000 -0.00000000
vn 0.83140000 -0.00000000 0.55560000
vn -0.00000000 1.00000000 -0.00000000
vn 0.92410000 -0.00000000 0.38210000
vn -0.00000000 1.00000000 -0.00000000
vn 0.98070000 -0.00000000 0.19540000
vn -0.00000000 1.00000000 -0.00000000
vn 1.00000000 -0.00000000 0.00020000
vn -0.00000000 1.00000000 -0.00000000
vn 0.98080000 -0.00000000 -0.19520000
vn -0.00000000 1.00000000 -0.00000000
vn 0.92380000 -0.00000000 -0.38280000
vn -0.00000000 1.00000000 -0.00000000
vn 0.83160000 -0.00000000 -0.55540000
vn -0.00000000 1.00000000 -0.00000000
vn 0.70710000 -0.00000000 -0.70710000
vn -0.00000000 1.00000000 -0.00000000
vn 0.55540000 -0.00000000 -0.83160000
vn -0.00000000 1.00000000 -0.00000000
vn 0.38280000 -0.00000000 -0.92380000
vn -0.00000000 1.00000000 -0.00000000
vn 0.19520000 -0.00000000 -0.98080000
vn -0.00000000 1.00000000 -0.00000000
vn -0.00020000 -0.00000000 -1.00000000
vn -0.00000000 1.00000000 -0.00000000
vn -0.19540000 -0.00000000 -0.98070000
vn -0.00000000 1.00000000 -0.00000000
vn -0.38210000 -0.00000000 -0.92410000
vn -0.00000000 1.00000000 -0.00000000
vn -0.55560000 -0.00000000 -0.83140000
vn -0.00000000 1.00000000 -0.00000000
vn -0.70690000 -0.00000000 -0.70730000
vn -0.00000000 1.00000000 -0.00000000
vn -0.83090000 -0.00000000 -0.55640000
vn -0.00000000 1.00000000 -0.00000000
vn -0.92380000 -0.00000000 -0.38280000
vn -0.00000000 1.00000000 -0.00000000
vn -0.98110000 -0.00000000 -0.19370000
vn -0.00000000 1.00000000 -0.00000000
vn -1.00000000 -0.00000000 0.00020000
vn -0.00000000 1.00000000 -0.00000000
vn -0.98100000 -0.00000000 0.19380000
vn -0.00000000 1.00000000 -0.00000000
vn -0.92410000 -0.00000000 0.38210000
vn -0.00000000 1.00000000 -0.00000000
vn -0.83070000 -0.00000000 0.55670000
vn -0.00000000 1.00000000 -0.00000000
vn -0.70710000 -0.00000000 0.70710000
vn -0.00000000 1.00000000 -0.00000000
vn -0.55670000 -0.00000000 0.83070000
vn -0.00000000 1.00000000 -0.00000000
vn -0.38210000 -0.00000000 0.92410000
vn -0.38210000 0.00830000 0.92410000
vn -0.19510000 0.02060000 0.98060000
vn -0.09560000 -0.04800000 0.99430000
vn 0.09530000 -0.04800000 0.99430000
vn 0.18800000 -0.03070000 0.98170000
vn 0.37440000 -0.01600000 0.92710000
vn 0.55660000 0.01950000 0.83050000
vn 0.55650000 0.00760000 0.83080000
vn 0.38280000 -0.00000000 0.92380000
vn -0.00000000 1.00000000 -0.00000000
vn -0.00000000 1.00000000 -0.00000000
vn -0.00000000 1.00000000 -0.00000000
vn -0.19380000 -0.00000000 0.98100000
vn -0.19460000 0.00830000 0.98080000
vn -0.09870000 0.01210000 0.99500000
vn 0.10000000 0.01340000 0.99490000
vn 0.19400000 0.02100000 0.98080000
vn 0.38300000 0.01780000 0.92360000
vn 0.38310000 0.00840000 0.92370000
vn 0.19370000 -0.00000000 0.98110000
vn -0.00000000 1.00000000 -0.00000000
vn -0.00000000 1.00000000 -0.00000000
vn 0.09630000 -0.00000000 0.99530000
vn -0.09660000 -0.00000000 0.99530000
vn -0.09660000 0.01310000 0.99520000
vn 0.09790000 0.01180000 0.99510000
vn 0.19350000 0.00790000 0.98110000
vt 0.13964200 0.23926700
vt 0.13652700 0.23381600
vt 0.14264600 0.23704200
vt 0.14053200 0.23058900
vt 0.13330000 0.22825300
vt 0.13819500 0.22402500
vt 0.12985100 0.22246700
vt 0.13608200 0.21734900
vt 0.12651300 0.21634800
vt 0.13396800 0.21056200
vt 0.12317600 0.21000600
vt 0.13207600 0.20388700
vt 0.11994900 0.20355300
vt 0.13040700 0.19721200
vt 0.11705600 0.19676600
vt 0.12907200 0.19075800
vt 0.11449700 0.18998000
vt 0.12796000 0.18452800
vt 0.11249500 0.18297000
vt 0.12718100 0.17863100
vt 0.11104800 0.17585000
vt 0.12662500 0.17306800
vt 0.11027000 0.16861800
vt 0.12651300 0.16761700
vt 0.11027000 0.16138600
vt 0.12662500 0.16227600
vt 0.12707000 0.15704700
vt 0.11104800 0.15426600
vt 0.12784900 0.15170700
vt 0.11260600 0.14714500
vt 0.12896100 0.14614400
vt 0.11483100 0.14024700
vt 0.90899700 0.31726000
vt 0.09280200 0.13023400
vt 0.91411500 0.31370000
vt 0.08846300 0.13957900
vt 0.91990000 0.31136300
vt 0.08557000 0.14948100
vt 0.92601900 0.31013900
vt 0.08412400 0.15994000
vt 0.93225000 0.31013900
vt 0.08434600 0.17050900
vt 0.93836900 0.31136300
vt 0.08623800 0.18085600
vt 0.94404400 0.31370000
vt 0.08946400 0.19042500
vt 0.94927300 0.31714900
vt 0.09391500 0.19932500
vt 0.95372300 0.32159900
vt 0.09903200 0.20722500
vt 0.95717200 0.32682800
vt 0.10459500 0.21423400
vt 0.95950800 0.33250200
vt 0.11038100 0.22035300
vt 0.96073200 0.33862100
vt 0.11605500 0.22569400
vt 0.96073200 0.34485200
vt 0.12161800 0.23047800
vt 0.95950800 0.35097100
vt 0.12684700 0.23470600
vt 0.95717200 0.35675700
vt 0.13152000 0.23871100
vt 0.95372300 0.36198600
vt 0.13574800 0.24260500
vt 0.94927300 0.36632500
vt 0.13930800 0.24661000
vt 0.93836900 0.37222200
vt 0.14286800 0.25640100
vt 0.94404400 0.36977400
vt 0.14197800 0.25106100
vt 0.14398100 0.25028200
vt 0.14220100 0.24471900
vt 0.14453700 0.24338400
vt 0.14576100 0.24293900
vt 0.14442600 0.23626300
vt 0.14286800 0.22947600
vt 0.14119900 0.22257800
vt 0.13953100 0.21545800
vt 0.13797300 0.20833700
vt 0.13663800 0.20132800
vt 0.13552500 0.19454100
vt 0.13463500 0.18808800
vt 0.13396800 0.18219200
vt 0.13363400 0.17662900
vt 0.13341100 0.17173300
vt 0.13341100 0.16706000
vt 0.13352300 0.16272100
vt 0.13385600 0.15827100
vt 0.13441300 0.15370900
vt 0.13508000 0.14881400
vt 0.13608200 0.14336200
vt 0.13040700 0.14035800
vt 0.11761300 0.13357100
vt 0.09814200 0.12200100
vt 0.90454700 0.32159900
vt 0.92913500 0.34173700
vt 0.15354900 0.06481300
vt 0.14275700 0.26218700
vt 0.93225000 0.37344600
vt 0.15299300 0.07059900
vt 0.92601900 0.37344600
vt 0.91990000 0.37222200
vt 0.15154700 0.07571700
vt 0.15443900 0.07093300
vt 0.15488400 0.06503600
vt 0.14409200 0.26207500
vt 0.14431500 0.25617900
vt 0.14576100 0.25573400
vt 0.14576100 0.24961400
vt 0.14654000 0.24939200
vt 0.14731900 0.24928100
vt 0.14709600 0.24282800
vt 0.14631700 0.23604100
vt 0.14531600 0.22903200
vt 0.14431500 0.22191100
vt 0.14331300 0.21467900
vt 0.14231200 0.20744700
vt 0.14153300 0.20032700
vt 0.14075500 0.19354000
vt 0.14030900 0.18719800
vt 0.13997600 0.18130200
vt 0.13975300 0.17596100
vt 0.13964200 0.17128800
vt 0.13975300 0.16706000
vt 0.13986400 0.16305500
vt 0.14019800 0.15905000
vt 0.14053200 0.15482200
vt 0.14108800 0.15014900
vt 0.14186700 0.14492000
vt 0.14286800 0.13913400
vt 0.13741700 0.13746600
vt 0.13218800 0.13435000
vt 0.12083900 0.12700700
vt 0.10403900 0.11465700
vt 0.90109800 0.32682800
vt 0.11038100 0.10831600
vt 0.89865000 0.33250200
vt 0.11683400 0.10286400
vt 0.89742600 0.33862100
vt 0.12306400 0.09819100
vt 0.89742600 0.34485200
vt 0.12907200 0.09407500
vt 0.89865000 0.35097100
vt 0.13474700 0.09029200
vt 0.90109800 0.35675700
vt 0.13986400 0.08695400
vt 0.90454700 0.36198600
vt 0.14453700 0.08350500
vt 0.90899700 0.36632500
vt 0.91411500 0.36977400
vt 0.14843100 0.07994500
vt 0.15343800 0.07671800
vt 0.15577400 0.07148900
vt 0.15599700 0.06548100
vt 0.14520500 0.26174200
vt 0.14631700 0.25562300
vt 0.14687400 0.25551100
vt 0.14754100 0.25573400
vt 0.14832000 0.24961400
vt 0.14854300 0.24316100
vt 0.14832000 0.23648600
vt 0.14809800 0.22958800
vt 0.14776400 0.22246700
vt 0.14731900 0.21534700
vt 0.14698500 0.20822600
vt 0.14665100 0.20121700
vt 0.14642900 0.19454100
vt 0.14631700 0.18831100
vt 0.14620600 0.18241400
vt 0.14620600 0.17707400
vt 0.14631700 0.17229000
vt 0.14642900 0.16772800
vt 0.14665100 0.16338900
vt 0.14687400 0.15916100
vt 0.14720700 0.15459900
vt 0.14765300 0.14970400
vt 0.14832000 0.14447500
vt 0.14898800 0.13868900
vt 0.14409200 0.13279300
vt 0.13897400 0.13123500
vt 0.13419000 0.12800800
vt 0.12451100 0.12066500
vt 0.12840500 0.11443500
vt 0.13241000 0.10853800
vt 0.13641500 0.10286400
vt 0.14042100 0.09752400
vt 0.14431500 0.09229400
vt 0.14787500 0.08717700
vt 0.15110100 0.08217000
vt 0.15510700 0.07760800
vt 0.15633100 0.07171200
vt 0.15621900 0.06570400
vt 0.14553900 0.26163000
vt 0.15655300 0.06581500
vt 0.14587200 0.26151900
vt 0.15688700 0.06581500
vt 0.14620600 0.26163000
vt 0.15733200 0.06559200
vt 0.14665100 0.26174200
vt 0.14820900 0.25595600
vt 0.14932100 0.24994800
vt 0.14998900 0.24371800
vt 0.15043400 0.23726500
vt 0.15076800 0.23058900
vt 0.15110100 0.22369100
vt 0.15132400 0.21690400
vt 0.15154700 0.21000600
vt 0.15165800 0.20333100
vt 0.15199200 0.19687800
vt 0.15221400 0.19064700
vt 0.15254800 0.18475000
vt 0.15277100 0.17918800
vt 0.15310400 0.17384700
vt 0.15343800 0.16884000
vt 0.15377200 0.16383400
vt 0.15399400 0.15882700
vt 0.15421700 0.15370900
vt 0.15443900 0.14848000
vt 0.15477300 0.14280600
vt 0.15510700 0.13702000
vt 0.14987800 0.13245900
vt 0.14553900 0.12611700
vt 0.14086600 0.12467100
vt 0.13652700 0.12166700
vt 0.13919700 0.11510200
vt 0.14197800 0.10853800
vt 0.14487100 0.10219600
vt 0.14787500 0.09585500
vt 0.15065700 0.08973500
vt 0.15321500 0.08372700
vt 0.15588600 0.07794200
vt 0.15688700 0.07182300
vt 0.15755500 0.07171200
vt 0.15833300 0.07148900
vt 0.15966900 0.07115500
vt 0.15833300 0.06525900
vt 0.14754100 0.26218700
vt 0.14954400 0.25662400
vt 0.15110100 0.25072700
vt 0.15254800 0.24483000
vt 0.15399400 0.23882200
vt 0.15544100 0.23270300
vt 0.15688700 0.22647300
vt 0.15844500 0.22024200
vt 0.15989100 0.21401200
vt 0.16144900 0.20767000
vt 0.16300600 0.20143900
vt 0.16456400 0.19532000
vt 0.16589900 0.18909000
vt 0.16723400 0.18297000
vt 0.16834700 0.17685100
vt 0.16912500 0.17073200
vt 0.16957100 0.16461300
vt 0.16979300 0.15849300
vt 0.16968200 0.15237400
vt 0.16923700 0.14614400
vt 0.16856900 0.13991300
vt 0.16790200 0.13368300
vt 0.15555200 0.13079000
vt 0.15076800 0.12578300
vt 0.14709600 0.11921900
vt 0.14298000 0.11777300
vt 0.14520500 0.11087500
vt 0.14765300 0.10408800
vt 0.15010000 0.09730100
vt 0.15243700 0.09073700
vt 0.15443900 0.08428400
vt 0.15666500 0.07805300
vt 0.15766600 0.07794200
vt 0.15877800 0.07760800
vt 0.16067000 0.07705200
vt 0.16345100 0.07605100
vt 0.16167100 0.07037600
vt 0.15989100 0.06470200
vt 0.14909900 0.26296600
vt 0.15143500 0.25751400
vt 0.15388300 0.25206200
vt 0.15644200 0.24672200
vt 0.15922300 0.24149300
vt 0.16245000 0.23626300
vt 0.16578800 0.23103400
vt 0.16945900 0.22569400
vt 0.17335300 0.22024200
vt 0.17724700 0.21445700
vt 0.18114100 0.20856000
vt 0.18492400 0.20221800
vt 0.18837300 0.19554300
vt 0.19148900 0.18864400
vt 0.19382500 0.18130200
vt 0.19549400 0.17384700
vt 0.19638400 0.16605900
vt 0.19638400 0.15838200
vt 0.19549400 0.15070500
vt 0.19393600 0.14314000
vt 0.19171100 0.13590800
vt 0.18893000 0.12901000
vt 0.18592600 0.12233400
vt 0.16701200 0.12734100
vt 0.15599700 0.12422600
vt 0.15188000 0.11888500
vt 0.14887600 0.11209900
vt 0.15065700 0.10497800
vt 0.15254800 0.09796900
vt 0.15421700 0.09118200
vt 0.15566300 0.08450600
vt 0.15722100 0.08439500
vt 0.15866700 0.08395000
vt 0.16144900 0.08306000
vt 0.16545400 0.08161400
vt 0.98287300 0.17929900
vt 0.17735900 0.07705200
vt 0.97764400 0.18274800
vt 0.17546700 0.07171200
vt 0.97196900 0.18519600
vt 0.17368700 0.06614900
vt 0.96585000 0.18641900
vt 0.16055900 0.26841700
vt 0.17190700 0.06058600
vt 0.95962000 0.18641900
vt 0.16300600 0.26296600
vt 0.95350100 0.18519600
vt 0.16534300 0.25773600
vt 0.94782600 0.18274800
vt 0.16779000 0.25261800
vt 0.94259700 0.17929900
vt 0.17046100 0.24761200
vt 0.93825800 0.17496000
vt 0.17346500 0.24260500
vt 0.93480900 0.16973100
vt 0.17680200 0.23748700
vt 0.93236100 0.16405600
vt 0.18036300 0.23225800
vt 0.93124900 0.15793700
vt 0.18425700 0.22680600
vt 0.93124900 0.15170700
vt 0.18826200 0.22091000
vt 0.93236100 0.14558700
vt 0.19237900 0.21456800
vt 0.93480900 0.13991300
vt 0.19638400 0.20778100
vt 0.93825800 0.13468400
vt 0.20005500 0.20054900
vt 0.94259700 0.13034500
vt 0.20339300 0.19265000
vt 0.94782600 0.12689600
vt 0.20606400 0.18441700
vt 0.95350100 0.12444800
vt 0.20795500 0.17573800
vt 0.95962000 0.12333600
vt 0.20895600 0.16683800
vt 0.96585000 0.12333600
vt 0.20895600 0.15782600
vt 0.97196900 0.12444800
vt 0.20806600 0.14903600
vt 0.97764400 0.12689600
vt 0.20628600 0.14046900
vt 0.98287300 0.13034500
vt 0.20383800 0.13234700
vt 0.98721200 0.13468400
vt 0.20083400 0.12467100
vt 0.99066100 0.13991300
vt 0.19760800 0.11755000
vt 0.99310900 0.14558700
vt 0.19427000 0.11076300
vt 0.99433200 0.15170700
vt 0.19093200 0.10453300
vt 0.18258800 0.11599300
vt 0.16623300 0.12099900
vt 0.15655300 0.11755000
vt 0.15299300 0.11187600
vt 0.15410600 0.10486700
vt 0.15532900 0.09785700
vt 0.15633100 0.09095900
vt 0.15844500 0.09040300
vt 0.16211600 0.08929000
vt 0.16767900 0.08717700
vt 0.17958400 0.08239200
vt 0.98721200 0.17496000
vt 0.96273500 0.15482200
vt 0.99433200 0.15793700
vt 0.18770600 0.09863600
vt 0.17936100 0.10987300
vt 0.16534300 0.11454600
vt 0.15711000 0.11076300
vt 0.15755500 0.10397700
vt 0.15811100 0.09707900
vt 0.16289500 0.09552100
vt 0.17023800 0.09273900
vt 0.18192000 0.08762200
vt 0.99066100 0.16973100
vt 0.99310900 0.16405600
vt 0.18470200 0.09296200
vt 0.17613500 0.10397700
vt 0.16456400 0.10820400
vt 0.16367400 0.10175100
vt 0.17301900 0.09830200
vt 0.31687700 0.90337200
vt 0.43870600 0.41728200
vt 0.44159800 0.43130000
vt 0.31999300 0.91104800
vt 0.43303100 0.42217700
vt 0.43692600 0.43853200
vt 0.32166100 0.91917000
vt 0.42646700 0.42707200
vt 0.43203000 0.44598600
vt 0.32166100 0.92751500
vt 0.41934700 0.43230100
vt 0.42713500 0.45366300
vt 0.31999300 0.93563700
vt 0.41155900 0.43819800
vt 0.42223900 0.46167400
vt 0.31687700 0.94331300
vt 0.40354800 0.44476200
vt 0.41756700 0.46990700
vt 0.31220400 0.95021100
vt 0.39531500 0.45232800
vt 0.41311600 0.47836300
vt 0.30630800 0.95610800
vt 0.38719300 0.46100600
vt 0.40911100 0.48704100
vt 0.29941000 0.96078100
vt 0.37951600 0.47090800
vt 0.40566200 0.49594200
vt 0.29173300 0.96389600
vt 0.37272900 0.48214500
vt 0.40288000 0.50506500
vt 0.28361100 0.96556500
vt 0.36727800 0.49449500
vt 0.40098900 0.51441000
vt 0.27526600 0.96556500
vt 0.36349500 0.50784600
vt 0.39998800 0.52375600
vt 0.26714500 0.96389600
vt 0.36171500 0.52175400
vt 0.39998800 0.53321300
vt 0.25946800 0.96078100
vt 0.36193700 0.53577200
vt 0.40087800 0.54267000
vt 0.25245800 0.95610800
vt 0.36438500 0.54945700
vt 0.40265800 0.55201600
vt 0.24667300 0.95021100
vt 0.36850100 0.56236300
vt 0.40510600 0.56125100
vt 0.24200000 0.94331300
vt 0.37406400 0.57415700
vt 0.40811000 0.57026200
vt 0.23877400 0.93563700
vt 0.38062900 0.58483700
vt 0.41167000 0.57916300
vt 0.23721600 0.92751500
vt 0.38774900 0.59429400
vt 0.41545300 0.58795300
vt 0.23721600 0.91917000
vt 0.39509200 0.60275000
vt 0.41945800 0.59640800
vt 0.23877400 0.91104800
vt 0.40243500 0.61009300
vt 0.24200000 0.90337200
vt 0.40944500 0.61676900
vt 0.42357500 0.60453000
vt 0.42958300 0.59941200
vt 0.42680100 0.59040000
vt 0.42424200 0.58150000
vt 0.42190600 0.57259900
vt 0.41990300 0.56380900
vt 0.41823400 0.55546500
vt 0.41701000 0.54734300
vt 0.41623100 0.53955500
vt 0.41589800 0.53198900
vt 0.41600900 0.52464600
vt 0.41667600 0.51730300
vt 0.41778900 0.50973800
vt 0.41945800 0.50217200
vt 0.42157200 0.49427300
vt 0.42402000 0.48604000
vt 0.42691200 0.47758400
vt 0.43025000 0.46901700
vt 0.43381000 0.46033900
vt 0.43759300 0.45177200
vt 0.44137600 0.44320500
vt 0.44527000 0.43486000
vt 0.44894100 0.42673900
vt 0.44593800 0.42418000
vt 0.44360100 0.41216400
vt 0.31220400 0.89636200
vt 0.27938300 0.92328700
vt 0.24667300 0.89636200
vt 0.41600900 0.62277700
vt 0.42758000 0.61254100
vt 0.43258600 0.60831300
vt 0.43826100 0.60519800
vt 0.43648000 0.59563000
vt 0.43492300 0.58606100
vt 0.43358800 0.57660400
vt 0.43258600 0.56748100
vt 0.43169600 0.55891400
vt 0.43114000 0.55101500
vt 0.43091800 0.54367200
vt 0.43080600 0.53710700
vt 0.43091800 0.53109900
vt 0.43114000 0.52542500
vt 0.43147400 0.51975100
vt 0.43203000 0.51374300
vt 0.43280900 0.50729000
vt 0.43392200 0.50005800
vt 0.43525700 0.49215900
vt 0.43703700 0.48381400
vt 0.43903900 0.47491400
vt 0.44137600 0.46567900
vt 0.44393500 0.45622200
vt 0.44671600 0.44687600
vt 0.44949800 0.43764200
vt 0.45216800 0.42874100
vt 0.45450400 0.41995200
vt 0.45216800 0.41861700
vt 0.44983200 0.41694800
vt 0.44749500 0.40637800
vt 0.30630800 0.89057700
vt 0.45027700 0.39981400
vt 0.29941000 0.88590400
vt 0.45272400 0.39247100
vt 0.43837200 0.66004800
vt 0.29173300 0.88267700
vt 0.43681400 0.65248300
vt 0.28361100 0.88112000
vt 0.43470000 0.64558500
vt 0.27526600 0.88112000
vt 0.43147400 0.63946600
vt 0.26714500 0.88267700
vt 0.42713500 0.63379100
vt 0.25946800 0.88590400
vt 0.25245800 0.89057700
vt 0.42190600 0.62834000
vt 0.43147400 0.62021800
vt 0.43547900 0.61699100
vt 0.44004100 0.61465500
vt 0.44260000 0.60464100
vt 0.44171000 0.59496200
vt 0.44093100 0.58517100
vt 0.44037500 0.57571400
vt 0.43993000 0.56659100
vt 0.43959600 0.55813500
vt 0.43937300 0.55034700
vt 0.43937300 0.54322600
vt 0.43937300 0.53699600
vt 0.43959600 0.53121100
vt 0.43981800 0.52587000
vt 0.44015200 0.52053000
vt 0.44059700 0.51485600
vt 0.44115300 0.50862500
vt 0.44193200 0.50161600
vt 0.44293400 0.49382800
vt 0.44426900 0.48537200
vt 0.44571500 0.47647100
vt 0.44727300 0.46712600
vt 0.44905300 0.45755700
vt 0.45094400 0.44787800
vt 0.45283600 0.43842100
vt 0.45472700 0.42918600
vt 0.45639600 0.42017400
vt 0.45639600 0.41138500
vt 0.45461600 0.41060600
vt 0.45294700 0.40949300
vt 0.45506100 0.40181700
vt 0.45717500 0.39414000
vt 0.44304500 0.65882500
vt 0.44182100 0.65092500
vt 0.44037500 0.64302600
vt 0.43814900 0.63534900
vt 0.43503400 0.62778300
vt 0.43826100 0.62555800
vt 0.44171000 0.62388900
vt 0.44349000 0.61432100
vt 0.44705000 0.60553200
vt 0.44705000 0.59596300
vt 0.44716100 0.58639500
vt 0.44727300 0.57704900
vt 0.44738400 0.56814800
vt 0.44749500 0.55969300
vt 0.44771800 0.55190500
vt 0.44794000 0.54478400
vt 0.44816300 0.53822000
vt 0.44838500 0.53210100
vt 0.44871900 0.52631500
vt 0.44905300 0.52064100
vt 0.44938700 0.51452200
vt 0.44983200 0.50806900
vt 0.45038800 0.50094800
vt 0.45105500 0.49316000
vt 0.45183400 0.48470400
vt 0.45272400 0.47580400
vt 0.45361400 0.46656900
vt 0.45450400 0.45700100
vt 0.45550600 0.44754400
vt 0.45650700 0.43808700
vt 0.45750900 0.42885200
vt 0.45839800 0.41995200
vt 0.45762000 0.41160700
vt 0.45762000 0.40315200
vt 0.45639600 0.40259500
vt 0.45795400 0.39469600
vt 0.44393500 0.65826800
vt 0.44315600 0.65025800
vt 0.44226600 0.64213600
vt 0.44059700 0.63390300
vt 0.44315600 0.63290100
vt 0.44426900 0.62366700
vt 0.44705000 0.61498900
vt 0.45138900 0.60731200
vt 0.45227900 0.59818800
vt 0.45316900 0.58895400
vt 0.45394800 0.58005300
vt 0.45472700 0.57126400
vt 0.45550600 0.56291900
vt 0.45617300 0.55502000
vt 0.45684100 0.54745400
vt 0.45739700 0.54033400
vt 0.45795400 0.53354700
vt 0.45828700 0.52687200
vt 0.45862100 0.52019600
vt 0.45884300 0.51340900
vt 0.45906600 0.50628900
vt 0.45917700 0.49872300
vt 0.45940000 0.49082400
vt 0.45951100 0.48236800
vt 0.45973400 0.47369000
vt 0.45984500 0.46456600
vt 0.45995600 0.45544300
vt 0.46006700 0.44620900
vt 0.46017900 0.43708600
vt 0.46029000 0.42818500
vt 0.46051300 0.41950700
vt 0.45895500 0.41138500
vt 0.45839800 0.40326300
vt 0.45862100 0.39514100
vt 0.44460200 0.65793400
vt 0.44438000 0.64992400
vt 0.44404600 0.64146800
vt 0.44493600 0.63279000
vt 0.44705000 0.62422300
vt 0.45061000 0.61643500
vt 0.45561700 0.60953700
vt 0.45717500 0.60085900
vt 0.45884300 0.59218000
vt 0.46040100 0.58350200
vt 0.46195900 0.57493500
vt 0.46340500 0.56659100
vt 0.46474000 0.55846900
vt 0.46596400 0.55057000
vt 0.46696500 0.54278200
vt 0.46774400 0.53510500
vt 0.46830100 0.52742800
vt 0.46863400 0.51975100
vt 0.46863400 0.51207400
vt 0.46841200 0.50417500
vt 0.46807800 0.49616400
vt 0.46763300 0.48793100
vt 0.46707700 0.47947500
vt 0.46640900 0.47090800
vt 0.46574200 0.46211900
vt 0.46507400 0.45332900
vt 0.46440700 0.44454000
vt 0.46373900 0.43575100
vt 0.46318300 0.42718400
vt 0.46251500 0.41883900
vt 0.46051300 0.41105100
vt 0.45928900 0.40315200
vt 0.45884300 0.39525200
vt 0.44482500 0.65793400
vt 0.44515900 0.64981300
vt 0.44527000 0.64146800
vt 0.44693900 0.63323500
vt 0.44972000 0.62533600
vt 0.45394800 0.61810400
vt 0.45962200 0.61142800
vt 0.46195900 0.60319500
vt 0.46429500 0.59485100
vt 0.46663200 0.58661800
vt 0.46896800 0.57827300
vt 0.47119300 0.56992900
vt 0.47319600 0.56158400
vt 0.47497600 0.55324000
vt 0.47642200 0.54478400
vt 0.47753500 0.53644000
vt 0.47820300 0.52787300
vt 0.47842500 0.51941700
vt 0.47820300 0.51096200
vt 0.47764600 0.50250600
vt 0.47675600 0.49405000
vt 0.47564400 0.48548300
vt 0.47442000 0.47702800
vt 0.47297300 0.46846100
vt 0.47152700 0.45989400
vt 0.47008100 0.45143800
vt 0.46863400 0.44309400
vt 0.46718800 0.43463800
vt 0.46574200 0.42640500
vt 0.46451800 0.41817200
vt 0.46195900 0.41060600
vt 0.46029000 0.40292900
vt 0.45928900 0.39514100
vt 0.44515900 0.65804600
vt 0.44604900 0.65003500
vt 0.44671600 0.64180200
vt 0.44894100 0.63390300
vt 0.45239100 0.62655900
vt 0.45728600 0.61955000
vt 0.46674300 0.62455700
vt 0.47163800 0.61777000
vt 0.47686700 0.61087200
vt 0.48231900 0.60364000
vt 0.48788200 0.59607500
vt 0.49344500 0.58795300
vt 0.49867400 0.57949700
vt 0.50345800 0.57048500
vt 0.50757500 0.56091700
vt 0.51080100 0.55090300
vt 0.51313800 0.54055600
vt 0.51425100 0.52998700
vt 0.51425100 0.51930600
vt 0.51313800 0.50873600
vt 0.51091300 0.49850000
vt 0.50779700 0.48848700
vt 0.50401500 0.47903000
vt 0.49978700 0.46990700
vt 0.49511400 0.46134000
vt 0.49044100 0.45321800
vt 0.48576800 0.44543000
vt 0.48120700 0.43797600
vt 0.47709000 0.43063300
vt 0.47330700 0.42340100
vt 0.47008100 0.41616900
vt 0.46329400 0.41016100
vt 0.46129100 0.40248400
vt 0.45973400 0.39491900
vt 0.44560400 0.65826800
vt 0.44705000 0.65036900
vt 0.44805200 0.64235800
vt 0.45094400 0.63479300
vt 0.45494900 0.62767200
vt 0.46218100 0.63134400
vt 0.20261400 0.94197800
vt 0.46818900 0.64358200
vt 0.19938800 0.94965500
vt 0.47197200 0.63701800
vt 0.19471500 0.95655300
vt 0.47631100 0.63056500
vt 0.18893000 0.96245000
vt 0.48098400 0.62400000
vt 0.18192000 0.96712300
vt 0.48621300 0.61710200
vt 0.17424300 0.97023800
vt 0.49166500 0.60987100
vt 0.16612100 0.97190700
vt 0.49733900 0.60208200
vt 0.15777700 0.97190700
vt 0.50301300 0.59362700
vt 0.14965500 0.97023800
vt 0.50846500 0.58461500
vt 0.14197800 0.96712300
vt 0.51358300 0.57493500
vt 0.13508000 0.96245000
vt 0.51803300 0.56458800
vt 0.12918400 0.95655300
vt 0.52148200 0.55368500
vt 0.12451100 0.94965500
vt 0.52404100 0.54222500
vt 0.12128400 0.94197800
vt 0.52526500 0.53054300
vt 0.11972700 0.93385600
vt 0.52526500 0.51886100
vt 0.11972700 0.92551200
vt 0.52404100 0.50717900
vt 0.12128400 0.91739000
vt 0.52170500 0.49594200
vt 0.12451100 0.90971300
vt 0.51836700 0.48515000
vt 0.12918400 0.90270400
vt 0.51436200 0.47491400
vt 0.13508000 0.89691800
vt 0.50991100 0.46534500
vt 0.14197800 0.89224600
vt 0.50523900 0.45644500
vt 0.14965500 0.88901900
vt 0.50034300 0.44810000
vt 0.15777700 0.88746100
vt 0.49567000 0.44020100
vt 0.16612100 0.88746100
vt 0.49122000 0.43285800
vt 0.17424300 0.88901900
vt 0.48721500 0.42573700
vt 0.18192000 0.89224600
vt 0.48365400 0.41883900
vt 0.18893000 0.89691800
vt 0.48065000 0.41194100
vt 0.19471500 0.90270400
vt 0.47809100 0.40493200
vt 0.46741100 0.40871500
vt 0.46207000 0.40215000
vt 0.46017900 0.39458500
vt 0.44604900 0.65860200
vt 0.44794000 0.65092500
vt 0.44949800 0.64291500
vt 0.45283600 0.63568300
vt 0.45817600 0.63824200
vt 0.46496300 0.65025800
vt 0.20417200 0.93385600
vt 0.16200500 0.92962900
vt 0.19938800 0.90971300
vt 0.47586600 0.39758900
vt 0.46518500 0.40114900
vt 0.46051300 0.39436200
vt 0.44638300 0.65893600
vt 0.44871900 0.65137000
vt 0.45083300 0.64358200
vt 0.45472700 0.64536200
vt 0.46195900 0.65726700
vt 0.20417200 0.92551200
vt 0.20261400 0.91739000
vt 0.45884300 0.66461000
vt 0.47353000 0.39013400
vt 0.46296000 0.39347200
vt 0.44871900 0.66004800
vt 0.45172300 0.65270500
f 1/1/1 2/2/2 3/3/3
f 3/3/3 2/2/2 4/4/4
f 2/2/2 5/5/5 4/4/4
f 4/4/4 5/5/5 6/6/6
f 5/5/5 7/7/7 6/6/6
f 6/6/6 7/7/7 8/8/8
f 7/7/7 9/9/9 8/8/8
f 8/8/8 9/9/9 10/10/10
f 9/9/9 11/11/11 10/10/10
f 10/10/10 11/11/11 12/12/12
f 11/11/11 13/13/13 12/12/12
f 12/12/12 13/13/13 14/14/14
f 13/13/13 15/15/15 14/14/14
f 14/14/14 15/15/15 16/16/16
f 15/15/15 17/17/17 16/16/16
f 16/16/16 17/17/17 18/18/18
f 17/17/17 19/19/19 18/18/18
f 18/18/18 19/19/19 20/20/20
f 19/19/19 21/21/21 20/20/20
f 20/20/20 21/21/21 22/22/22
f 21/21/21 23/23/23 22/22/22
f 22/22/22 23/23/23 24/24/24
f 23/23/23 25/25/25 24/24/24
f 24/24/24 25/25/25 26/26/26
f 26/26/26 25/25/25 27/27/27
f 25/25/25 28/28/28 27/27/27
f 27/27/27 28/28/28 29/29/29
f 28/28/28 30/30/30 29/29/29
f 29/29/29 30/30/30 31/31/31
f 31/31/31 30/30/30 32/32/32
f 34/34/34 32/32/32 36/36/36
f 32/32/32 30/30/30 36/36/36
f 36/36/36 30/30/30 38/38/38
f 30/30/30 28/28/28 38/38/38
f 38/38/38 28/28/28 40/40/40
f 28/28/28 25/25/25 40/40/40
f 40/40/40 25/25/25 42/42/42
f 25/25/25 23/23/23 42/42/42
f 42/42/42 23/23/23 44/44/44
f 23/23/23 21/21/21 44/44/44
f 44/44/44 21/21/21 46/46/46
f 21/21/21 19/19/19 46/46/46
f 46/46/46 19/19/19 48/48/48
f 19/19/19 17/17/17 48/48/48
f 48/48/48 17/17/17 50/50/50
f 17/17/17 15/15/15 50/50/50
f 50/50/50 15/15/15 52/52/52
f 15/15/15 13/13/13 52/52/52
f 52/52/52 13/13/13 54/54/54
f 13/13/13 11/11/11 54/54/54
f 54/54/54 11/11/11 56/56/56
f 11/11/11 9/9/9 56/56/56
f 56/56/56 9/9/9 58/58/58
f 9/9/9 7/7/7 58/58/58
f 58/58/58 7/7/7 60/60/60
f 7/7/7 5/5/5 60/60/60
f 60/60/60 5/5/5 62/62/62
f 5/5/5 2/2/2 62/62/62
f 62/62/62 2/2/2 64/64/64
f 2/2/2 1/1/1 64/64/64
f 64/64/64 1/1/1 66/66/66
f 68/68/68 70/70/70 71/71/71
f 71/71/71 70/70/70 72/72/72
f 70/70/70 66/66/66 72/72/72
f 66/66/66 1/1/1 72/72/72
f 72/72/72 1/1/1 73/73/73
f 1/1/1 3/3/3 73/73/73
f 73/73/73 3/3/3 74/74/74
f 74/74/74 3/3/3 75/75/75
f 3/3/3 4/4/4 75/75/75
f 75/75/75 4/4/4 76/76/76
f 4/4/4 6/6/6 76/76/76
f 76/76/76 6/6/6 77/77/77
f 6/6/6 8/8/8 77/77/77
f 77/77/77 8/8/8 78/78/78
f 8/8/8 10/10/10 78/78/78
f 78/78/78 10/10/10 79/79/79
f 10/10/10 12/12/12 79/79/79
f 79/79/79 12/12/12 80/80/80
f 12/12/12 14/14/14 80/80/80
f 80/80/80 14/14/14 81/81/81
f 14/14/14 16/16/16 81/81/81
f 81/81/81 16/16/16 82/82/82
f 16/16/16 18/18/18 82/82/82
f 82/82/82 18/18/18 83/83/83
f 18/18/18 20/20/20 83/83/83
f 83/83/83 20/20/20 84/84/84
f 20/20/20 22/22/22 84/84/84
f 84/84/84 22/22/22 85/85/85
f 22/22/22 24/24/24 85/85/85
f 85/85/85 24/24/24 86/86/86
f 24/24/24 26/26/26 86/86/86
f 86/86/86 26/26/26 87/87/87
f 87/87/87 26/26/26 88/88/88
f 26/26/26 27/27/27 88/88/88
f 88/88/88 27/27/27 89/89/89
f 27/27/27 29/29/29 89/89/89
f 89/89/89 29/29/29 90/90/90
f 29/29/29 31/31/31 90/90/90
f 90/90/90 31/31/31 91/91/91
f 91/91/91 31/31/31 92/92/92
f 31/31/31 32/32/32 92/92/92
f 92/92/92 32/32/32 93/93/93
f 32/32/32 34/34/34 93/93/93
f 93/93/93 34/34/34 94/94/94
f 95/95/95 33/33/33 96/96/96
f 33/33/33 35/35/35 96/96/96
f 35/35/35 37/37/37 96/96/96
f 37/37/37 39/39/39 96/96/96
f 39/39/39 41/41/41 96/96/96
f 41/41/41 43/43/43 96/96/96
f 43/43/43 45/45/45 96/96/96
f 45/45/45 47/47/47 96/96/96
f 47/47/47 49/49/49 96/96/96
f 49/49/49 51/51/51 96/96/96
f 51/51/51 53/53/53 96/96/96
f 53/53/53 55/55/55 96/96/96
f 55/55/55 57/57/57 96/96/96
f 57/57/57 59/59/59 96/96/96
f 59/59/59 61/61/61 96/96/96
f 61/61/61 63/63/63 96/96/96
f 63/63/63 65/65/65 96/96/96
f 65/65/65 69/69/69 96/96/96
f 69/69/69 67/67/67 96/96/96
f 67/67/67 99/99/99 96/96/96
f 99/99/99 101/101/101 96/96/96
f 96/96/96 101/101/101 102/102/102
f 103/103/103 100/100/100 104/104/104
f 104/104/104 100/100/100 105/105/105
f 100/100/100 97/97/97 105/105/105
f 106/106/106 98/98/98 107/107/107
f 98/98/98 68/68/68 107/107/107
f 68/68/68 71/71/71 107/107/107
f 107/107/107 71/71/71 108/108/108
f 108/108/108 71/71/71 109/109/109
f 71/71/71 72/72/72 109/109/109
f 72/72/72 73/73/73 109/109/109
f 109/109/109 73/73/73 110/110/110
f 73/73/73 74/74/74 110/110/110
f 110/110/110 74/74/74 111/111/111
f 111/111/111 74/74/74 112/112/112
f 74/74/74 75/75/75 112/112/112
f 112/112/112 75/75/75 113/113/113
f 75/75/75 76/76/76 113/113/113
f 113/113/113 76/76/76 114/114/114
f 76/76/76 77/77/77 114/114/114
f 114/114/114 77/77/77 115/115/115
f 77/77/77 78/78/78 115/115/115
f 115/115/115 78/78/78 116/116/116
f 78/78/78 79/79/79 116/116/116
f 116/116/116 79/79/79 117/117/117
f 79/79/79 80/80/80 117/117/117
f 117/117/117 80/80/80 118/118/118
f 80/80/80 81/81/81 118/118/118
f 118/118/118 81/81/81 119/119/119
f 81/81/81 82/82/82 119/119/119
f 119/119/119 82/82/82 120/120/120
f 82/82/82 83/83/83 120/120/120
f 120/120/120 83/83/83 121/121/121
f 83/83/83 84/84/84 121/121/121
f 121/121/121 84/84/84 122/122/122
f 84/84/84 85/85/85 122/122/122
f 122/122/122 85/85/85 123/123/123
f 85/85/85 86/86/86 123/123/123
f 123/123/123 86/86/86 124/124/124
f 86/86/86 87/87/87 124/124/124
f 124/124/124 87/87/87 125/125/125
f 125/125/125 87/87/87 126/126/126
f 87/87/87 88/88/88 126/126/126
f 126/126/126 88/88/88 127/127/127
f 88/88/88 89/89/89 127/127/127
f 127/127/127 89/89/89 128/128/128
f 89/89/89 90/90/90 128/128/128
f 128/128/128 90/90/90 129/129/129
f 90/90/90 91/91/91 129/129/129
f 129/129/129 91/91/91 130/130/130
f 130/130/130 91/91/91 131/131/131
f 91/91/91 92/92/92 131/131/131
f 131/131/131 92/92/92 132/132/132
f 92/92/92 93/93/93 132/132/132
f 132/132/132 93/93/93 133/133/133
f 93/93/93 94/94/94 133/133/133
f 133/133/133 94/94/94 134/134/134
f 95/95/95 96/96/96 135/135/135
f 135/135/135 96/96/96 137/137/137
f 137/137/137 96/96/96 139/139/139
f 139/139/139 96/96/96 141/141/141
f 141/141/141 96/96/96 143/143/143
f 143/143/143 96/96/96 145/145/145
f 145/145/145 96/96/96 147/147/147
f 147/147/147 96/96/96 149/149/149
f 149/149/149 96/96/96 150/150/150
f 96/96/96 102/102/102 150/150/150
f 151/151/151 103/103/103 152/152/152
f 103/103/103 104/104/104 152/152/152
f 152/152/152 104/104/104 153/153/153
f 104/104/104 105/105/105 153/153/153
f 153/153/153 105/105/105 154/154/154
f 106/106/106 107/107/107 155/155/155
f 107/107/107 108/108/108 155/155/155
f 155/155/155 108/108/108 156/156/156
f 108/108/108 109/109/109 156/156/156
f 109/109/109 110/110/110 156/156/156
f 156/156/156 110/110/110 157/157/157
f 110/110/110 111/111/111 157/157/157
f 158/158/158 157/157/157 159/159/159
f 157/157/157 111/111/111 159/159/159
f 159/159/159 111/111/111 160/160/160
f 111/111/111 112/112/112 160/160/160
f 160/160/160 112/112/112 161/161/161
f 112/112/112 113/113/113 161/161/161
f 161/161/161 113/113/113 162/162/162
f 113/113/113 114/114/114 162/162/162
f 162/162/162 114/114/114 163/163/163
f 114/114/114 115/115/115 163/163/163
f 163/163/163 115/115/115 164/164/164
f 115/115/115 116/116/116 164/164/164
f 164/164/164 116/116/116 165/165/165
f 116/116/116 117/117/117 165/165/165
f 165/165/165 117/117/117 166/166/166
f 117/117/117 118/118/118 166/166/166
f 166/166/166 118/118/118 167/167/167
f 118/118/118 119/119/119 167/167/167
f 167/167/167 119/119/119 168/168/168
f 119/119/119 120/120/120 168/168/168
f 168/168/168 120/120/120 169/169/169
f 120/120/120 121/121/121 169/169/169
f 169/169/169 121/121/121 170/170/170
f 121/121/121 122/122/122 170/170/170
f 170/170/170 122/122/122 171/171/171
f 122/122/122 123/123/123 171/171/171
f 171/171/171 123/123/123 172/172/172
f 123/123/123 124/124/124 172/172/172
f 172/172/172 124/124/124 173/173/173
f 124/124/124 125/125/125 173/173/173
f 125/125/125 126/126/126 173/173/173
f 173/173/173 126/126/126 174/174/174
f 126/126/126 127/127/127 174/174/174
f 174/174/174 127/127/127 175/175/175
f 127/127/127 128/128/128 175/175/175
f 175/175/175 128/128/128 176/176/176
f 128/128/128 129/129/129 176/176/176
f 176/176/176 129/129/129 177/177/177
f 129/129/129 130/130/130 177/177/177
f 177/177/177 130/130/130 178/178/178
f 178/178/178 130/130/130 179/179/179
f 130/130/130 131/131/131 179/179/179
f 179/179/179 131/131/131 180/180/180
f 131/131/131 132/132/132 180/180/180
f 180/180/180 132/132/132 181/181/181
f 132/132/132 133/133/133 181/181/181
f 181/181/181 133/133/133 182/182/182
f 133/133/133 134/134/134 182/182/182
f 134/134/134 136/136/136 182/182/182
f 182/182/182 136/136/136 183/183/183
f 136/136/136 138/138/138 183/183/183
f 183/183/183 138/138/138 184/184/184
f 138/138/138 140/140/140 184/184/184
f 184/184/184 140/140/140 185/185/185
f 140/140/140 142/142/142 185/185/185
f 185/185/185 142/142/142 186/186/186
f 142/142/142 144/144/144 186/186/186
f 186/186/186 144/144/144 187/187/187
f 144/144/144 146/146/146 187/187/187
f 187/187/187 146/146/146 188/188/188
f 146/146/146 148/148/148 188/188/188
f 188/188/188 148/148/148 189/189/189
f 148/148/148 151/151/151 189/189/189
f 151/151/151 152/152/152 189/189/189
f 189/189/189 152/152/152 190/190/190
f 152/152/152 153/153/153 190/190/190
f 190/190/190 153/153/153 191/191/191
f 191/191/191 153/153/153 192/192/192
f 153/153/153 154/154/154 192/192/192
f 155/155/155 156/156/156 193/193/193
f 193/193/193 156/156/156 195/195/195
f 156/156/156 157/157/157 195/195/195
f 157/157/157 158/158/158 195/195/195
f 195/195/195 158/158/158 197/197/197
f 199/199/199 197/197/197 200/200/200
f 197/197/197 158/158/158 200/200/200
f 200/200/200 158/158/158 201/201/201
f 158/158/158 159/159/159 201/201/201
f 201/201/201 159/159/159 202/202/202
f 159/159/159 160/160/160 202/202/202
f 202/202/202 160/160/160 203/203/203
f 160/160/160 161/161/161 203/203/203
f 203/203/203 161/161/161 204/204/204
f 161/161/161 162/162/162 204/204/204
f 204/204/204 162/162/162 205/205/205
f 162/162/162 163/163/163 205/205/205
f 205/205/205 163/163/163 206/206/206
f 163/163/163 164/164/164 206/206/206
f 206/206/206 164/164/164 207/207/207
f 164/164/164 165/165/165 207/207/207
f 207/207/207 165/165/165 208/208/208
f 165/165/165 166/166/166 208/208/208
f 208/208/208 166/166/166 209/209/209
f 166/166/166 167/167/167 209/209/209
f 209/209/209 167/167/167 210/210/210
f 167/167/167 168/168/168 210/210/210
f 210/210/210 168/168/168 211/211/211
f 168/168/168 169/169/169 211/211/211
f 211/211/211 169/169/169 212/212/212
f 169/169/169 170/170/170 212/212/212
f 212/212/212 170/170/170 213/213/213
f 170/170/170 171/171/171 213/213/213
f 213/213/213 171/171/171 214/214/214
f 171/171/171 172/172/172 214/214/214
f 214/214/214 172/172/172 215/215/215
f 172/172/172 173/173/173 215/215/215
f 173/173/173 174/174/174 215/215/215
f 215/215/215 174/174/174 216/216/216
f 174/174/174 175/175/175 216/216/216
f 216/216/216 175/175/175 217/217/217
f 175/175/175 176/176/176 217/217/217
f 217/217/217 176/176/176 218/218/218
f 176/176/176 177/177/177 218/218/218
f 218/218/218 177/177/177 219/219/219
f 177/177/177 178/178/178 219/219/219
f 219/219/219 178/178/178 220/220/220
f 220/220/220 178/178/178 221/221/221
f 178/178/178 179/179/179 221/221/221
f 221/221/221 179/179/179 222/222/222
f 179/179/179 180/180/180 222/222/222
f 222/222/222 180/180/180 223/223/223
f 180/180/180 181/181/181 223/223/223
f 223/223/223 181/181/181 224/224/224
f 181/181/181 182/182/182 224/224/224
f 182/182/182 183/183/183 224/224/224
f 224/224/224 183/183/183 225/225/225
f 183/183/183 184/184/184 225/225/225
f 225/225/225 184/184/184 226/226/226
f 184/184/184 185/185/185 226/226/226
f 226/226/226 185/185/185 227/227/227
f 185/185/185 186/186/186 227/227/227
f 227/227/227 186/186/186 228/228/228
f 186/186/186 187/187/187 228/228/228
f 228/228/228 187/187/187 229/229/229
f 187/187/187 188/188/188 229/229/229
f 229/229/229 188/188/188 230/230/230
f 188/188/188 189/189/189 230/230/230
f 189/189/189 190/190/190 230/230/230
f 230/230/230 190/190/190 231/231/231
f 190/190/190 191/191/191 231/231/231
f 231/231/231 191/191/191 232/232/232
f 191/191/191 192/192/192 232/232/232
f 192/192/192 194/194/194 232/232/232
f 232/232/232 194/194/194 233/233/233
f 194/194/194 196/196/196 233/233/233
f 233/233/233 196/196/196 234/234/234
f 196/196/196 198/198/198 234/234/234
f 234/234/234 198/198/198 235/235/235
f 235/235/235 198/198/198 236/236/236
f 237/237/237 199/199/199 238/238/238
f 199/199/199 200/200/200 238/238/238
f 238/238/238 200/200/200 239/239/239
f 200/200/200 201/201/201 239/239/239
f 239/239/239 201/201/201 240/240/240
f 201/201/201 202/202/202 240/240/240
f 240/240/240 202/202/202 241/241/241
f 202/202/202 203/203/203 241/241/241
f 241/241/241 203/203/203 242/242/242
f 203/203/203 204/204/204 242/242/242
f 242/242/242 204/204/204 243/243/243
f 204/204/204 205/205/205 243/243/243
f 243/243/243 205/205/205 244/244/244
f 205/205/205 206/206/206 244/244/244
f 244/244/244 206/206/206 245/245/245
f 206/206/206 207/207/207 245/245/245
f 245/245/245 207/207/207 246/246/246
f 207/207/207 208/208/208 246/246/246
f 246/246/246 208/208/208 247/247/247
f 208/208/208 209/209/209 247/247/247
f 247/247/247 209/209/209 248/248/248
f 209/209/209 210/210/210 248/248/248
f 248/248/248 210/210/210 249/249/249
f 210/210/210 211/211/211 249/249/249
f 249/249/249 211/211/211 250/250/250
f 211/211/211 212/212/212 250/250/250
f 250/250/250 212/212/212 251/251/251
f 212/212/212 213/213/213 251/251/251
f 251/251/251 213/213/213 252/252/252
f 213/213/213 214/214/214 252/252/252
f 252/252/252 214/214/214 253/253/253
f 214/214/214 215/215/215 253/253/253
f 215/215/215 216/216/216 253/253/253
f 253/253/253 216/216/216 254/254/254
f 216/216/216 217/217/217 254/254/254
f 254/254/254 217/217/217 255/255/255
f 217/217/217 218/218/218 255/255/255
f 255/255/255 218/218/218 256/256/256
f 218/218/218 219/219/219 256/256/256
f 256/256/256 219/219/219 257/257/257
f 219/219/219 220/220/220 257/257/257
f 257/257/257 220/220/220 258/258/258
f 258/258/258 220/220/220 259/259/259
f 220/220/220 221/221/221 259/259/259
f 259/259/259 221/221/221 260/260/260
f 221/221/221 222/222/222 260/260/260
f 260/260/260 222/222/222 261/261/261
f 222/222/222 223/223/223 261/261/261
f 261/261/261 223/223/223 262/262/262
f 223/223/223 224/224/224 262/262/262
f 224/224/224 225/225/225 262/262/262
f 262/262/262 225/225/225 263/263/263
f 225/225/225 226/226/226 263/263/263
f 263/263/263 226/226/226 264/264/264
f 226/226/226 227/227/227 264/264/264
f 264/264/264 227/227/227 265/265/265
f 227/227/227 228/228/228 265/265/265
f 265/265/265 228/228/228 266/266/266
f 228/228/228 229/229/229 266/266/266
f 266/266/266 229/229/229 267/267/267
f 229/229/229 230/230/230 267/267/267
f 230/230/230 231/231/231 267/267/267
f 267/267/267 231/231/231 268/268/268
f 231/231/231 232/232/232 268/268/268
f 268/268/268 232/232/232 269/269/269
f 232/232/232 233/233/233 269/269/269
f 269/269/269 233/233/233 270/270/270
f 233/233/233 234/234/234 270/270/270
f 270/270/270 234/234/234 271/271/271
f 234/234/234 235/235/235 271/271/271
f 272/272/272 271/271/271 273/273/273
f 271/271/271 235/235/235 273/273/273
f 273/273/273 235/235/235 274/274/274
f 235/235/235 236/236/236 274/274/274
f 275/275/275 237/237/237 276/276/276
f 237/237/237 238/238/238 276/276/276
f 276/276/276 238/238/238 277/277/277
f 238/238/238 239/239/239 277/277/277
f 277/277/277 239/239/239 278/278/278
f 239/239/239 240/240/240 278/278/278
f 278/278/278 240/240/240 279/279/279
f 240/240/240 241/241/241 279/279/279
f 279/279/279 241/241/241 280/280/280
f 241/241/241 242/242/242 280/280/280
f 280/280/280 242/242/242 281/281/281
f 242/242/242 243/243/243 281/281/281
f 281/281/281 243/243/243 282/282/282
f 243/243/243 244/244/244 282/282/282
f 282/282/282 244/244/244 283/283/283
f 244/244/244 245/245/245 283/283/283
f 283/283/283 245/245/245 284/284/284
f 245/245/245 246/246/246 284/284/284
f 284/284/284 246/246/246 285/285/285
f 246/246/246 247/247/247 285/285/285
f 285/285/285 247/247/247 286/286/286
f 247/247/247 248/248/248 286/286/286
f 286/286/286 248/248/248 287/287/287
f 248/248/248 249/249/249 287/287/287
f 287/287/287 249/249/249 288/288/288
f 249/249/249 250/250/250 288/288/288
f 288/288/288 250/250/250 289/289/289
f 250/250/250 251/251/251 289/289/289
f 289/289/289 251/251/251 290/290/290
f 251/251/251 252/252/252 290/290/290
f 290/290/290 252/252/252 291/291/291
f 252/252/252 253/253/253 291/291/291
f 291/291/291 253/253/253 292/292/292
f 253/253/253 254/254/254 292/292/292
f 292/292/292 254/254/254 293/293/293
f 254/254/254 255/255/255 293/293/293
f 293/293/293 255/255/255 294/294/294
f 255/255/255 256/256/256 294/294/294
f 294/294/294 256/256/256 295/295/295
f 256/256/256 257/257/257 295/295/295
f 295/295/295 257/257/257 296/296/296
f 257/257/257 258/258/258 296/296/296
f 296/296/296 258/258/258 297/297/297
f 297/297/297 258/258/258 298/298/298
f 258/258/258 259/259/259 298/298/298
f 298/298/298 259/259/259 299/299/299
f 259/259/259 260/260/260 299/299/299
f 299/299/299 260/260/260 300/300/300
f 260/260/260 261/261/261 300/300/300
f 300/300/300 261/261/261 301/301/301
f 261/261/261 262/262/262 301/301/301
f 262/262/262 263/263/263 301/301/301
f 301/301/301 263/263/263 302/302/302
f 263/263/263 264/264/264 302/302/302
f 302/302/302 264/264/264 303/303/303
f 264/264/264 265/265/265 303/303/303
f 303/303/303 265/265/265 304/304/304
f 265/265/265 266/266/266 304/304/304
f 304/304/304 266/266/266 305/305/305
f 266/266/266 267/267/267 305/305/305
f 267/267/267 268/268/268 305/305/305
f 305/305/305 268/268/268 306/306/306
f 268/268/268 269/269/269 306/306/306
f 306/306/306 269/269/269 307/307/307
f 269/269/269 270/270/270 307/307/307
f 307/307/307 270/270/270 308/308/308
f 270/270/270 271/271/271 308/308/308
f 271/271/271 272/272/272 308/308/308
f 308/308/308 272/272/272 309/309/309
f 311/311/311 309/309/309 313/313/313
f 309/309/309 272/272/272 313/313/313
f 313/313/313 272/272/272 315/315/315
f 272/272/272 273/273/273 315/315/315
f 315/315/315 273/273/273 318/318/318
f 273/273/273 274/274/274 318/318/318
f 317/317/317 275/275/275 320/320/320
f 275/275/275 276/276/276 320/320/320
f 320/320/320 276/276/276 322/322/322
f 276/276/276 277/277/277 322/322/322
f 322/322/322 277/277/277 324/324/324
f 277/277/277 278/278/278 324/324/324
f 324/324/324 278/278/278 326/326/326
f 278/278/278 279/279/279 326/326/326
f 326/326/326 279/279/279 328/328/328
f 279/279/279 280/280/280 328/328/328
f 328/328/328 280/280/280 330/330/330
f 280/280/280 281/281/281 330/330/330
f 330/330/330 281/281/281 332/332/332
f 281/281/281 282/282/282 332/332/332
f 332/332/332 282/282/282 334/334/334
f 282/282/282 283/283/283 334/334/334
f 334/334/334 283/283/283 336/336/336
f 283/283/283 284/284/284 336/336/336
f 336/336/336 284/284/284 338/338/338
f 284/284/284 285/285/285 338/338/338
f 338/338/338 285/285/285 340/340/340
f 285/285/285 286/286/286 340/340/340
f 340/340/340 286/286/286 342/342/342
f 286/286/286 287/287/287 342/342/342
f 342/342/342 287/287/287 344/344/344
f 287/287/287 288/288/288 344/344/344
f 344/344/344 288/288/288 346/346/346
f 288/288/288 289/289/289 346/346/346
f 346/346/346 289/289/289 348/348/348
f 289/289/289 290/290/290 348/348/348
f 348/348/348 290/290/290 350/350/350
f 290/290/290 291/291/291 350/350/350
f 350/350/350 291/291/291 352/352/352
f 291/291/291 292/292/292 352/352/352
f 352/352/352 292/292/292 354/354/354
f 292/292/292 293/293/293 354/354/354
f 354/354/354 293/293/293 356/356/356
f 293/293/293 294/294/294 356/356/356
f 356/356/356 294/294/294 358/358/358
f 294/294/294 295/295/295 358/358/358
f 358/358/358 295/295/295 360/360/360
f 295/295/295 296/296/296 360/360/360
f 360/360/360 296/296/296 362/362/362
f 296/296/296 297/297/297 362/362/362
f 362/362/362 297/297/297 364/364/364
f 366/366/366 364/364/364 367/367/367
f 364/364/364 297/297/297 367/367/367
f 297/297/297 298/298/298 367/367/367
f 367/367/367 298/298/298 368/368/368
f 298/298/298 299/299/299 368/368/368
f 368/368/368 299/299/299 369/369/369
f 299/299/299 300/300/300 369/369/369
f 369/369/369 300/300/300 370/370/370
f 300/300/300 301/301/301 370/370/370
f 301/301/301 302/302/302 370/370/370
f 370/370/370 302/302/302 371/371/371
f 302/302/302 303/303/303 371/371/371
f 371/371/371 303/303/303 372/372/372
f 303/303/303 304/304/304 372/372/372
f 372/372/372 304/304/304 373/373/373
f 304/304/304 305/305/305 373/373/373
f 305/305/305 306/306/306 373/373/373
f 373/373/373 306/306/306 374/374/374
f 306/306/306 307/307/307 374/374/374
f 374/374/374 307/307/307 375/375/375
f 307/307/307 308/308/308 375/375/375
f 308/308/308 309/309/309 375/375/375
f 375/375/375 309/309/309 376/376/376
f 309/309/309 311/311/311 376/376/376
f 376/376/376 311/311/311 377/377/377
f 378/378/378 310/310/310 379/379/379
f 310/310/310 312/312/312 379/379/379
f 312/312/312 314/314/314 379/379/379
f 314/314/314 316/316/316 379/379/379
f 316/316/316 319/319/319 379/379/379
f 319/319/319 321/321/321 379/379/379
f 321/321/321 323/323/323 379/379/379
f 323/323/323 325/325/325 379/379/379
f 325/325/325 327/327/327 379/379/379
f 327/327/327 329/329/329 379/379/379
f 329/329/329 331/331/331 379/379/379
f 331/331/331 333/333/333 379/379/379
f 333/333/333 335/335/335 379/379/379
f 335/335/335 337/337/337 379/379/379
f 337/337/337 339/339/339 379/379/379
f 339/339/339 341/341/341 379/379/379
f 341/341/341 343/343/343 379/379/379
f 343/343/343 345/345/345 379/379/379
f 345/345/345 347/347/347 379/379/379
f 347/347/347 349/349/349 379/379/379
f 349/349/349 351/351/351 379/379/379
f 351/351/351 353/353/353 379/379/379
f 353/353/353 355/355/355 379/379/379
f 355/355/355 357/357/357 379/379/379
f 357/357/357 359/359/359 379/379/379
f 359/359/359 361/361/361 379/379/379
f 361/361/361 363/363/363 379/379/379
f 363/363/363 365/365/365 379/379/379
f 379/379/379 365/365/365 380/380/380
f 381/381/381 366/366/366 382/382/382
f 366/366/366 367/367/367 382/382/382
f 367/367/367 368/368/368 382/382/382
f 382/382/382 368/368/368 383/383/383
f 368/368/368 369/369/369 383/383/383
f 383/383/383 369/369/369 384/384/384
f 369/369/369 370/370/370 384/384/384
f 370/370/370 371/371/371 384/384/384
f 384/384/384 371/371/371 385/385/385
f 371/371/371 372/372/372 385/385/385
f 385/385/385 372/372/372 386/386/386
f 372/372/372 373/373/373 386/386/386
f 373/373/373 374/374/374 386/386/386
f 386/386/386 374/374/374 387/387/387
f 374/374/374 375/375/375 387/387/387
f 375/375/375 376/376/376 387/387/387
f 387/387/387 376/376/376 388/388/388
f 376/376/376 377/377/377 388/388/388
f 388/388/388 377/377/377 389/389/389
f 378/378/378 379/379/379 390/390/390
f 390/390/390 379/379/379 391/391/391
f 379/379/379 380/380/380 391/391/391
f 392/392/392 381/381/381 393/393/393
f 381/381/381 382/382/382 393/393/393
f 382/382/382 383/383/383 393/393/393
f 393/393/393 383/383/383 394/394/394
f 383/383/383 384/384/384 394/394/394
f 384/384/384 385/385/385 394/394/394
f 394/394/394 385/385/385 395/395/395
f 385/385/385 386/386/386 395/395/395
f 386/386/386 387/387/387 395/395/395
f 387/387/387 388/388/388 395/395/395
f 395/395/395 388/388/388 396/396/396
f 388/388/388 389/389/389 396/396/396
f 389/389/389 392/392/392 396/396/396
f 392/392/392 393/393/393 396/396/396
f 393/393/393 394/394/394 396/396/396
f 398/398/398 399/399/399 401/401/401
f 399/399/399 402/402/402 401/401/401
f 401/401/401 402/402/402 404/404/404
f 402/402/402 405/405/405 404/404/404
f 404/404/404 405/405/405 407/407/407
f 405/405/405 408/408/408 407/407/407
f 407/407/407 408/408/408 410/410/410
f 408/408/408 411/411/411 410/410/410
f 410/410/410 411/411/411 413/413/413
f 411/411/411 414/414/414 413/413/413
f 413/413/413 414/414/414 416/416/416
f 414/414/414 417/417/417 416/416/416
f 416/416/416 417/417/417 419/419/419
f 417/417/417 420/420/420 419/419/419
f 419/419/419 420/420/420 422/422/422
f 420/420/420 423/423/423 422/422/422
f 422/422/422 423/423/423 425/425/425
f 423/423/423 426/426/426 425/425/425
f 425/425/425 426/426/426 428/428/428
f 426/426/426 429/429/429 428/428/428
f 428/428/428 429/429/429 431/431/431
f 429/429/429 432/432/432 431/431/431
f 431/431/431 432/432/432 434/434/434
f 432/432/432 435/435/435 434/434/434
f 434/434/434 435/435/435 437/437/437
f 435/435/435 438/438/438 437/437/437
f 437/437/437 438/438/438 440/440/440
f 438/438/438 441/441/441 440/440/440
f 440/440/440 441/441/441 443/443/443
f 441/441/441 444/444/444 443/443/443
f 443/443/443 444/444/444 446/446/446
f 444/444/444 447/447/447 446/446/446
f 446/446/446 447/447/447 449/449/449
f 447/447/447 450/450/450 449/449/449
f 449/449/449 450/450/450 452/452/452
f 450/450/450 453/453/453 452/452/452
f 452/452/452 453/453/453 455/455/455
f 453/453/453 456/456/456 455/455/455
f 455/455/455 456/456/456 458/458/458
f 460/460/460 458/458/458 461/461/461
f 458/458/458 456/456/456 461/461/461
f 461/461/461 456/456/456 462/462/462
f 462/462/462 456/456/456 463/463/463
f 456/456/456 453/453/453 463/463/463
f 463/463/463 453/453/453 464/464/464
f 453/453/453 450/450/450 464/464/464
f 464/464/464 450/450/450 465/465/465
f 450/450/450 447/447/447 465/465/465
f 465/465/465 447/447/447 466/466/466
f 447/447/447 444/444/444 466/466/466
f 466/466/466 444/444/444 467/467/467
f 444/444/444 441/441/441 467/467/467
f 467/467/467 441/441/441 468/468/468
f 441/441/441 438/438/438 468/468/468
f 468/468/468 438/438/438 469/469/469
f 438/438/438 435/435/435 469/469/469
f 469/469/469 435/435/435 470/470/470
f 435/435/435 432/432/432 470/470/470
f 470/470/470 432/432/432 471/471/471
f 471/471/471 432/432/432 472/472/472
f 432/432/432 429/429/429 472/472/472
f 472/472/472 429/429/429 473/473/473
f 429/429/429 426/426/426 473/473/473
f 473/473/473 426/426/426 474/474/474
f 426/426/426 423/423/423 474/474/474
f 474/474/474 423/423/423 475/475/475
f 423/423/423 420/420/420 475/475/475
f 475/475/475 420/420/420 476/476/476
f 420/420/420 417/417/417 476/476/476
f 476/476/476 417/417/417 477/477/477
f 417/417/417 414/414/414 477/477/477
f 477/477/477 414/414/414 478/478/478
f 414/414/414 411/411/411 478/478/478
f 478/478/478 411/411/411 479/479/479
f 411/411/411 408/408/408 479/479/479
f 479/479/479 408/408/408 480/480/480
f 408/408/408 405/405/405 480/480/480
f 480/480/480 405/405/405 481/481/481
f 405/405/405 402/402/402 481/481/481
f 481/481/481 402/402/402 482/482/482
f 402/402/402 399/399/399 482/482/482
f 482/482/482 399/399/399 483/483/483
f 483/483/483 399/399/399 484/484/484
f 399/399/399 398/398/398 484/484/484
f 484/484/484 398/398/398 485/485/485
f 486/486/486 397/397/397 487/487/487
f 397/397/397 400/400/400 487/487/487
f 400/400/400 403/403/403 487/487/487
f 403/403/403 406/406/406 487/487/487
f 406/406/406 409/409/409 487/487/487
f 409/409/409 412/412/412 487/487/487
f 412/412/412 415/415/415 487/487/487
f 415/415/415 418/418/418 487/487/487
f 418/418/418 421/421/421 487/487/487
f 421/421/421 424/424/424 487/487/487
f 424/424/424 427/427/427 487/487/487
f 427/427/427 430/430/430 487/487/487
f 430/430/430 433/433/433 487/487/487
f 433/433/433 436/436/436 487/487/487
f 436/436/436 439/439/439 487/487/487
f 439/439/439 442/442/442 487/487/487
f 442/442/442 445/445/445 487/487/487
f 445/445/445 448/448/448 487/487/487
f 448/448/448 451/451/451 487/487/487
f 451/451/451 454/454/454 487/487/487
f 454/454/454 457/457/457 487/487/487
f 457/457/457 459/459/459 487/487/487
f 487/487/487 459/459/459 488/488/488
f 489/489/489 460/460/460 490/490/490
f 460/460/460 461/461/461 490/490/490
f 490/490/490 461/461/461 491/491/491
f 461/461/461 462/462/462 491/491/491
f 491/491/491 462/462/462 492/492/492
f 492/492/492 462/462/462 493/493/493
f 462/462/462 463/463/463 493/493/493
f 493/493/493 463/463/463 494/494/494
f 463/463/463 464/464/464 494/494/494
f 494/494/494 464/464/464 495/495/495
f 464/464/464 465/465/465 495/495/495
f 495/495/495 465/465/465 496/496/496
f 465/465/465 466/466/466 496/496/496
f 496/496/496 466/466/466 497/497/497
f 466/466/466 467/467/467 497/497/497
f 497/497/497 467/467/467 498/498/498
f 467/467/467 468/468/468 498/498/498
f 498/498/498 468/468/468 499/499/499
f 468/468/468 469/469/469 499/499/499
f 499/499/499 469/469/469 500/500/500
f 469/469/469 470/470/470 500/500/500
f 500/500/500 470/470/470 501/501/501
f 470/470/470 471/471/471 501/501/501
f 501/501/501 471/471/471 502/502/502
f 502/502/502 471/471/471 503/503/503
f 471/471/471 472/472/472 503/503/503
f 503/503/503 472/472/472 504/504/504
f 472/472/472 473/473/473 504/504/504
f 504/504/504 473/473/473 505/505/505
f 473/473/473 474/474/474 505/505/505
f 505/505/505 474/474/474 506/506/506
f 474/474/474 475/475/475 506/506/506
f 506/506/506 475/475/475 507/507/507
f 475/475/475 476/476/476 507/507/507
f 507/507/507 476/476/476 508/508/508
f 476/476/476 477/477/477 508/508/508
f 508/508/508 477/477/477 509/509/509
f 477/477/477 478/478/478 509/509/509
f 509/509/509 478/478/478 510/510/510
f 478/478/478 479/479/479 510/510/510
f 510/510/510 479/479/479 511/511/511
f 479/479/479 480/480/480 511/511/511
f 511/511/511 480/480/480 512/512/512
f 480/480/480 481/481/481 512/512/512
f 512/512/512 481/481/481 513/513/513
f 481/481/481 482/482/482 513/513/513
f 513/513/513 482/482/482 514/514/514
f 482/482/482 483/483/483 514/514/514
f 514/514/514 483/483/483 515/515/515
f 515/515/515 483/483/483 516/516/516
f 483/483/483 484/484/484 516/516/516
f 516/516/516 484/484/484 517/517/517
f 484/484/484 485/485/485 517/517/517
f 517/517/517 485/485/485 518/518/518
f 486/486/486 487/487/487 519/519/519
f 519/519/519 487/487/487 521/521/521
f 521/521/521 487/487/487 524/524/524
f 524/524/524 487/487/487 526/526/526
f 526/526/526 487/487/487 528/528/528
f 528/528/528 487/487/487 530/530/530
f 530/530/530 487/487/487 532/532/532
f 532/532/532 487/487/487 533/533/533
f 487/487/487 488/488/488 533/533/533
f 534/534/534 489/489/489 535/535/535
f 489/489/489 490/490/490 535/535/535
f 535/535/535 490/490/490 536/536/536
f 490/490/490 491/491/491 536/536/536
f 536/536/536 491/491/491 537/537/537
f 491/491/491 492/492/492 537/537/537
f 537/537/537 492/492/492 538/538/538
f 538/538/538 492/492/492 539/539/539
f 492/492/492 493/493/493 539/539/539
f 539/539/539 493/493/493 540/540/540
f 493/493/493 494/494/494 540/540/540
f 540/540/540 494/494/494 541/541/541
f 494/494/494 495/495/495 541/541/541
f 541/541/541 495/495/495 542/542/542
f 495/495/495 496/496/496 542/542/542
f 542/542/542 496/496/496 543/543/543
f 496/496/496 497/497/497 543/543/543
f 543/543/543 497/497/497 544/544/544
f 497/497/497 498/498/498 544/544/544
f 544/544/544 498/498/498 545/545/545
f 498/498/498 499/499/499 545/545/545
f 545/545/545 499/499/499 546/546/546
f 499/499/499 500/500/500 546/546/546
f 546/546/546 500/500/500 547/547/547
f 500/500/500 501/501/501 547/547/547
f 547/547/547 501/501/501 548/548/548
f 501/501/501 502/502/502 548/548/548
f 502/502/502 503/503/503 548/548/548
f 548/548/548 503/503/503 549/549/549
f 503/503/503 504/504/504 549/549/549
f 549/549/549 504/504/504 550/550/550
f 504/504/504 505/505/505 550/550/550
f 550/550/550 505/505/505 551/551/551
f 505/505/505 506/506/506 551/551/551
f 551/551/551 506/506/506 552/552/552
f 506/506/506 507/507/507 552/552/552
f 552/552/552 507/507/507 553/553/553
f 507/507/507 508/508/508 553/553/553
f 553/553/553 508/508/508 554/554/554
f 508/508/508 509/509/509 554/554/554
f 554/554/554 509/509/509 555/555/555
f 509/509/509 510/510/510 555/555/555
f 555/555/555 510/510/510 556/556/556
f 510/510/510 511/511/511 556/556/556
f 556/556/556 511/511/511 557/557/557
f 511/511/511 512/512/512 557/557/557
f 557/557/557 512/512/512 558/558/558
f 512/512/512 513/513/513 558/558/558
f 558/558/558 513/513/513 559/559/559
f 513/513/513 514/514/514 559/559/559
f 559/559/559 514/514/514 560/560/560
f 514/514/514 515/515/515 560/560/560
f 560/560/560 515/515/515 561/561/561
f 561/561/561 515/515/515 562/562/562
f 515/515/515 516/516/516 562/562/562
f 562/562/562 516/516/516 563/563/563
f 516/516/516 517/517/517 563/563/563
f 563/563/563 517/517/517 564/564/564
f 517/517/517 518/518/518 564/564/564
f 518/518/518 520/520/520 564/564/564
f 564/564/564 520/520/520 565/565/565
f 520/520/520 522/522/522 565/565/565
f 565/565/565 522/522/522 566/566/566
f 523/523/523 525/525/525 567/567/567
f 567/567/567 525/525/525 568/568/568
f 525/525/525 527/527/527 568/568/568
f 568/568/568 527/527/527 569/569/569
f 527/527/527 529/529/529 569/569/569
f 569/569/569 529/529/529 570/570/570
f 529/529/529 531/531/531 570/570/570
f 570/570/570 531/531/531 571/571/571
f 531/531/531 534/534/534 571/571/571
f 534/534/534 535/535/535 571/571/571
f 571/571/571 535/535/535 572/572/572
f 535/535/535 536/536/536 572/572/572
f 572/572/572 536/536/536 573/573/573
f 536/536/536 537/537/537 573/573/573
f 573/573/573 537/537/537 574/574/574
f 537/537/537 538/538/538 574/574/574
f 574/574/574 538/538/538 575/575/575
f 575/575/575 538/538/538 576/576/576
f 538/538/538 539/539/539 576/576/576
f 576/576/576 539/539/539 577/577/577
f 539/539/539 540/540/540 577/577/577
f 577/577/577 540/540/540 578/578/578
f 540/540/540 541/541/541 578/578/578
f 578/578/578 541/541/541 579/579/579
f 541/541/541 542/542/542 579/579/579
f 579/579/579 542/542/542 580/580/580
f 542/542/542 543/543/543 580/580/580
f 580/580/580 543/543/543 581/581/581
f 543/543/543 544/544/544 581/581/581
f 581/581/581 544/544/544 582/582/582
f 544/544/544 545/545/545 582/582/582
f 582/582/582 545/545/545 583/583/583
f 545/545/545 546/546/546 583/583/583
f 583/583/583 546/546/546 584/584/584
f 546/546/546 547/547/547 584/584/584
f 584/584/584 547/547/547 585/585/585
f 547/547/547 548/548/548 585/585/585
f 585/585/585 548/548/548 586/586/586
f 548/548/548 549/549/549 586/586/586
f 586/586/586 549/549/549 587/587/587
f 549/549/549 550/550/550 587/587/587
f 550/550/550 551/551/551 587/587/587
f 587/587/587 551/551/551 588/588/588
f 551/551/551 552/552/552 588/588/588
f 588/588/588 552/552/552 589/589/589
f 552/552/552 553/553/553 589/589/589
f 589/589/589 553/553/553 590/590/590
f 553/553/553 554/554/554 590/590/590
f 590/590/590 554/554/554 591/591/591
f 554/554/554 555/555/555 591/591/591
f 591/591/591 555/555/555 592/592/592
f 555/555/555 556/556/556 592/592/592
f 592/592/592 556/556/556 593/593/593
f 556/556/556 557/557/557 593/593/593
f 593/593/593 557/557/557 594/594/594
f 557/557/557 558/558/558 594/594/594
f 594/594/594 558/558/558 595/595/595
f 558/558/558 559/559/559 595/595/595
f 595/595/595 559/559/559 596/596/596
f 559/559/559 560/560/560 596/596/596
f 596/596/596 560/560/560 597/597/597
f 560/560/560 561/561/561 597/597/597
f 597/597/597 561/561/561 598/598/598
f 598/598/598 561/561/561 599/599/599
f 561/561/561 562/562/562 599/599/599
f 599/599/599 562/562/562 600/600/600
f 562/562/562 563/563/563 600/600/600
f 600/600/600 563/563/563 601/601/601
f 563/563/563 564/564/564 601/601/601
f 564/564/564 565/565/565 601/601/601
f 601/601/601 565/565/565 602/602/602
f 565/565/565 566/566/566 602/602/602
f 567/567/567 568/568/568 603/603/603
f 603/603/603 568/568/568 604/604/604
f 568/568/568 569/569/569 604/604/604
f 604/604/604 569/569/569 605/605/605
f 569/569/569 570/570/570 605/605/605
f 605/605/605 570/570/570 606/606/606
f 570/570/570 571/571/571 606/606/606
f 571/571/571 572/572/572 606/606/606
f 606/606/606 572/572/572 607/607/607
f 572/572/572 573/573/573 607/607/607
f 607/607/607 573/573/573 608/608/608
f 573/573/573 574/574/574 608/608/608
f 608/608/608 574/574/574 609/609/609
f 574/574/574 575/575/575 609/609/609
f 609/609/609 575/575/575 610/610/610
f 610/610/610 575/575/575 611/611/611
f 575/575/575 576/576/576 611/611/611
f 611/611/611 576/576/576 612/612/612
f 576/576/576 577/577/577 612/612/612
f 612/612/612 577/577/577 613/613/613
f 577/577/577 578/578/578 613/613/613
f 613/613/613 578/578/578 614/614/614
f 578/578/578 579/579/579 614/614/614
f 614/614/614 579/579/579 615/615/615
f 579/579/579 580/580/580 615/615/615
f 615/615/615 580/580/580 616/616/616
f 580/580/580 581/581/581 616/616/616
f 616/616/616 581/581/581 617/617/617
f 581/581/581 582/582/582 617/617/617
f 617/617/617 582/582/582 618/618/618
f 582/582/582 583/583/583 618/618/618
f 618/618/618 583/583/583 619/619/619
f 583/583/583 584/584/584 619/619/619
f 619/619/619 584/584/584 620/620/620
f 584/584/584 585/585/585 620/620/620
f 585/585/585 586/586/586 620/620/620
f 620/620/620 586/586/586 621/621/621
f 586/586/586 587/587/587 621/621/621
f 621/621/621 587/587/587 622/622/622
f 587/587/587 588/588/588 622/622/622
f 622/622/622 588/588/588 623/623/623
f 588/588/588 589/589/589 623/623/623
f 623/623/623 589/589/589 624/624/624
f 589/589/589 590/590/590 624/624/624
f 624/624/624 590/590/590 625/625/625
f 590/590/590 591/591/591 625/625/625
f 625/625/625 591/591/591 626/626/626
f 591/591/591 592/592/592 626/626/626
f 626/626/626 592/592/592 627/627/627
f 592/592/592 593/593/593 627/627/627
f 627/627/627 593/593/593 628/628/628
f 593/593/593 594/594/594 628/628/628
f 628/628/628 594/594/594 629/629/629
f 594/594/594 595/595/595 629/629/629
f 629/629/629 595/595/595 630/630/630
f 595/595/595 596/596/596 630/630/630
f 630/630/630 596/596/596 631/631/631
f 596/596/596 597/597/597 631/631/631
f 631/631/631 597/597/597 632/632/632
f 597/597/597 598/598/598 632/632/632
f 632/632/632 598/598/598 633/633/633
f 633/633/633 598/598/598 634/634/634
f 598/598/598 599/599/599 634/634/634
f 634/634/634 599/599/599 635/635/635
f 599/599/599 600/600/600 635/635/635
f 635/635/635 600/600/600 636/636/636
f 600/600/600 601/601/601 636/636/636
f 601/601/601 602/602/602 636/636/636
f 603/603/603 604/604/604 637/637/637
f 637/637/637 604/604/604 638/638/638
f 604/604/604 605/605/605 638/638/638
f 638/638/638 605/605/605 639/639/639
f 605/605/605 606/606/606 639/639/639
f 606/606/606 607/607/607 639/639/639
f 639/639/639 607/607/607 640/640/640
f 607/607/607 608/608/608 640/640/640
f 640/640/640 608/608/608 641/641/641
f 608/608/608 609/609/609 641/641/641
f 641/641/641 609/609/609 642/642/642
f 609/609/609 610/610/610 642/642/642
f 642/642/642 610/610/610 643/643/643
f 643/643/643 610/610/610 644/644/644
f 610/610/610 611/611/611 644/644/644
f 644/644/644 611/611/611 645/645/645
f 611/611/611 612/612/612 645/645/645
f 645/645/645 612/612/612 646/646/646
f 612/612/612 613/613/613 646/646/646
f 646/646/646 613/613/613 647/647/647
f 613/613/613 614/614/614 647/647/647
f 647/647/647 614/614/614 648/648/648
f 614/614/614 615/615/615 648/648/648
f 648/648/648 615/615/615 649/649/649
f 615/615/615 616/616/616 649/649/649
f 649/649/649 616/616/616 650/650/650
f 616/616/616 617/617/617 650/650/650
f 650/650/650 617/617/617 651/651/651
f 617/617/617 618/618/618 651/651/651
f 651/651/651 618/618/618 652/652/652
f 618/618/618 619/619/619 652/652/652
f 652/652/652 619/619/619 653/653/653
f 619/619/619 620/620/620 653/653/653
f 620/620/620 621/621/621 653/653/653
f 653/653/653 621/621/621 654/654/654
f 621/621/621 622/622/622 654/654/654
f 654/654/654 622/622/622 655/655/655
f 622/622/622 623/623/623 655/655/655
f 655/655/655 623/623/623 656/656/656
f 623/623/623 624/624/624 656/656/656
f 656/656/656 624/624/624 657/657/657
f 624/624/624 625/625/625 657/657/657
f 657/657/657 625/625/625 658/658/658
f 625/625/625 626/626/626 658/658/658
f 658/658/658 626/626/626 659/659/659
f 626/626/626 627/627/627 659/659/659
f 659/659/659 627/627/627 660/660/660
f 627/627/627 628/628/628 660/660/660
f 660/660/660 628/628/628 661/661/661
f 628/628/628 629/629/629 661/661/661
f 661/661/661 629/629/629 662/662/662
f 629/629/629 630/630/630 662/662/662
f 662/662/662 630/630/630 663/663/663
f 630/630/630 631/631/631 663/663/663
f 663/663/663 631/631/631 664/664/664
f 631/631/631 632/632/632 664/664/664
f 664/664/664 632/632/632 665/665/665
f 632/632/632 633/633/633 665/665/665
f 665/665/665 633/633/633 666/666/666
f 666/666/666 633/633/633 667/667/667
f 633/633/633 634/634/634 667/667/667
f 667/667/667 634/634/634 668/668/668
f 634/634/634 635/635/635 668/668/668
f 668/668/668 635/635/635 669/669/669
f 635/635/635 636/636/636 669/669/669
f 670/670/670 637/637/637 671/671/671
f 637/637/637 638/638/638 671/671/671
f 671/671/671 638/638/638 672/672/672
f 638/638/638 639/639/639 672/672/672
f 639/639/639 640/640/640 672/672/672
f 672/672/672 640/640/640 673/673/673
f 640/640/640 641/641/641 673/673/673
f 673/673/673 641/641/641 674/674/674
f 641/641/641 642/642/642 674/674/674
f 674/674/674 642/642/642 675/675/675
f 642/642/642 643/643/643 675/675/675
f 675/675/675 643/643/643 676/676/676
f 676/676/676 643/643/643 677/677/677
f 643/643/643 644/644/644 677/677/677
f 677/677/677 644/644/644 678/678/678
f 644/644/644 645/645/645 678/678/678
f 678/678/678 645/645/645 679/679/679
f 645/645/645 646/646/646 679/679/679
f 679/679/679 646/646/646 680/680/680
f 646/646/646 647/647/647 680/680/680
f 680/680/680 647/647/647 681/681/681
f 647/647/647 648/648/648 681/681/681
f 681/681/681 648/648/648 682/682/682
f 648/648/648 649/649/649 682/682/682
f 682/682/682 649/649/649 683/683/683
f 649/649/649 650/650/650 683/683/683
f 683/683/683 650/650/650 684/684/684
f 650/650/650 651/651/651 684/684/684
f 684/684/684 651/651/651 685/685/685
f 651/651/651 652/652/652 685/685/685
f 685/685/685 652/652/652 686/686/686
f 652/652/652 653/653/653 686/686/686
f 653/653/653 654/654/654 686/686/686
f 686/686/686 654/654/654 687/687/687
f 654/654/654 655/655/655 687/687/687
f 687/687/687 655/655/655 688/688/688
f 655/655/655 656/656/656 688/688/688
f 688/688/688 656/656/656 689/689/689
f 656/656/656 657/657/657 689/689/689
f 689/689/689 657/657/657 690/690/690
f 657/657/657 658/658/658 690/690/690
f 690/690/690 658/658/658 691/691/691
f 658/658/658 659/659/659 691/691/691
f 691/691/691 659/659/659 692/692/692
f 659/659/659 660/660/660 692/692/692
f 692/692/692 660/660/660 693/693/693
f 660/660/660 661/661/661 693/693/693
f 693/693/693 661/661/661 694/694/694
f 661/661/661 662/662/662 694/694/694
f 694/694/694 662/662/662 695/695/695
f 662/662/662 663/663/663 695/695/695
f 695/695/695 663/663/663 696/696/696
f 663/663/663 664/664/664 696/696/696
f 696/696/696 664/664/664 697/697/697
f 664/664/664 665/665/665 697/697/697
f 697/697/697 665/665/665 698/698/698
f 665/665/665 666/666/666 698/698/698
f 698/698/698 666/666/666 699/699/699
f 699/699/699 666/666/666 700/700/700
f 666/666/666 667/667/667 700/700/700
f 700/700/700 667/667/667 701/701/701
f 667/667/667 668/668/668 701/701/701
f 701/701/701 668/668/668 702/702/702
f 668/668/668 669/669/669 702/702/702
f 703/703/703 670/670/670 704/704/704
f 670/670/670 671/671/671 704/704/704
f 704/704/704 671/671/671 705/705/705
f 671/671/671 672/672/672 705/705/705
f 672/672/672 673/673/673 705/705/705
f 705/705/705 673/673/673 706/706/706
f 673/673/673 674/674/674 706/706/706
f 706/706/706 674/674/674 707/707/707
f 674/674/674 675/675/675 707/707/707
f 707/707/707 675/675/675 708/708/708
f 675/675/675 676/676/676 708/708/708
f 708/708/708 676/676/676 709/709/709
f 709/709/709 676/676/676 710/710/710
f 676/676/676 677/677/677 710/710/710
f 710/710/710 677/677/677 711/711/711
f 677/677/677 678/678/678 711/711/711
f 711/711/711 678/678/678 712/712/712
f 678/678/678 679/679/679 712/712/712
f 712/712/712 679/679/679 713/713/713
f 679/679/679 680/680/680 713/713/713
f 713/713/713 680/680/680 714/714/714
f 680/680/680 681/681/681 714/714/714
f 714/714/714 681/681/681 715/715/715
f 681/681/681 682/682/682 715/715/715
f 715/715/715 682/682/682 716/716/716
f 682/682/682 683/683/683 716/716/716
f 716/716/716 683/683/683 717/717/717
f 683/683/683 684/684/684 717/717/717
f 717/717/717 684/684/684 718/718/718
f 684/684/684 685/685/685 718/718/718
f 718/718/718 685/685/685 719/719/719
f 685/685/685 686/686/686 719/719/719
f 719/719/719 686/686/686 720/720/720
f 686/686/686 687/687/687 720/720/720
f 720/720/720 687/687/687 721/721/721
f 687/687/687 688/688/688 721/721/721
f 721/721/721 688/688/688 722/722/722
f 688/688/688 689/689/689 722/722/722
f 722/722/722 689/689/689 723/723/723
f 689/689/689 690/690/690 723/723/723
f 723/723/723 690/690/690 724/724/724
f 690/690/690 691/691/691 724/724/724
f 724/724/724 691/691/691 725/725/725
f 691/691/691 692/692/692 725/725/725
f 725/725/725 692/692/692 726/726/726
f 692/692/692 693/693/693 726/726/726
f 726/726/726 693/693/693 727/727/727
f 693/693/693 694/694/694 727/727/727
f 727/727/727 694/694/694 728/728/728
f 694/694/694 695/695/695 728/728/728
f 728/728/728 695/695/695 729/729/729
f 695/695/695 696/696/696 729/729/729
f 729/729/729 696/696/696 730/730/730
f 696/696/696 697/697/697 730/730/730
f 730/730/730 697/697/697 731/731/731
f 697/697/697 698/698/698 731/731/731
f 731/731/731 698/698/698 732/732/732
f 698/698/698 699/699/699 732/732/732
f 732/732/732 699/699/699 733/733/733
f 733/733/733 699/699/699 734/734/734
f 699/699/699 700/700/700 734/734/734
f 734/734/734 700/700/700 735/735/735
f 700/700/700 701/701/701 735/735/735
f 735/735/735 701/701/701 736/736/736
f 701/701/701 702/702/702 736/736/736
f 737/737/737 703/703/703 738/738/738
f 703/703/703 704/704/704 738/738/738
f 738/738/738 704/704/704 739/739/739
f 704/704/704 705/705/705 739/739/739
f 705/705/705 706/706/706 739/739/739
f 739/739/739 706/706/706 740/740/740
f 706/706/706 707/707/707 740/740/740
f 740/740/740 707/707/707 741/741/741
f 707/707/707 708/708/708 741/741/741
f 741/741/741 708/708/708 742/742/742
f 708/708/708 709/709/709 742/742/742
f 744/744/744 742/742/742 746/746/746
f 742/742/742 709/709/709 746/746/746
f 746/746/746 709/709/709 748/748/748
f 709/709/709 710/710/710 748/748/748
f 748/748/748 710/710/710 750/750/750
f 710/710/710 711/711/711 750/750/750
f 750/750/750 711/711/711 752/752/752
f 711/711/711 712/712/712 752/752/752
f 752/752/752 712/712/712 754/754/754
f 712/712/712 713/713/713 754/754/754
f 754/754/754 713/713/713 756/756/756
f 713/713/713 714/714/714 756/756/756
f 756/756/756 714/714/714 758/758/758
f 714/714/714 715/715/715 758/758/758
f 758/758/758 715/715/715 760/760/760
f 715/715/715 716/716/716 760/760/760
f 760/760/760 716/716/716 762/762/762
f 716/716/716 717/717/717 762/762/762
f 762/762/762 717/717/717 764/764/764
f 717/717/717 718/718/718 764/764/764
f 764/764/764 718/718/718 766/766/766
f 718/718/718 719/719/719 766/766/766
f 766/766/766 719/719/719 768/768/768
f 719/719/719 720/720/720 768/768/768
f 768/768/768 720/720/720 770/770/770
f 720/720/720 721/721/721 770/770/770
f 770/770/770 721/721/721 772/772/772
f 721/721/721 722/722/722 772/772/772
f 772/772/772 722/722/722 774/774/774
f 722/722/722 723/723/723 774/774/774
f 774/774/774 723/723/723 776/776/776
f 723/723/723 724/724/724 776/776/776
f 776/776/776 724/724/724 778/778/778
f 724/724/724 725/725/725 778/778/778
f 778/778/778 725/725/725 780/780/780
f 725/725/725 726/726/726 780/780/780
f 780/780/780 726/726/726 782/782/782
f 726/726/726 727/727/727 782/782/782
f 782/782/782 727/727/727 784/784/784
f 727/727/727 728/728/728 784/784/784
f 784/784/784 728/728/728 786/786/786
f 728/728/728 729/729/729 786/786/786
f 786/786/786 729/729/729 788/788/788
f 729/729/729 730/730/730 788/788/788
f 788/788/788 730/730/730 790/790/790
f 730/730/730 731/731/731 790/790/790
f 790/790/790 731/731/731 792/792/792
f 731/731/731 732/732/732 792/792/792
f 792/792/792 732/732/732 794/794/794
f 732/732/732 733/733/733 794/794/794
f 794/794/794 733/733/733 796/796/796
f 798/798/798 796/796/796 799/799/799
f 796/796/796 733/733/733 799/799/799
f 733/733/733 734/734/734 799/799/799
f 799/799/799 734/734/734 800/800/800
f 734/734/734 735/735/735 800/800/800
f 800/800/800 735/735/735 801/801/801
f 735/735/735 736/736/736 801/801/801
f 802/802/802 737/737/737 803/803/803
f 737/737/737 738/738/738 803/803/803
f 803/803/803 738/738/738 804/804/804
f 738/738/738 739/739/739 804/804/804
f 739/739/739 740/740/740 804/804/804
f 804/804/804 740/740/740 805/805/805
f 740/740/740 741/741/741 805/805/805
f 805/805/805 741/741/741 806/806/806
f 741/741/741 742/742/742 806/806/806
f 742/742/742 744/744/744 806/806/806
f 806/806/806 744/744/744 807/807/807
f 808/808/808 743/743/743 809/809/809
f 743/743/743 745/745/745 809/809/809
f 745/745/745 747/747/747 809/809/809
f 747/747/747 749/749/749 809/809/809
f 749/749/749 751/751/751 809/809/809
f 751/751/751 753/753/753 809/809/809
f 753/753/753 755/755/755 809/809/809
f 755/755/755 757/757/757 809/809/809
f 757/757/757 759/759/759 809/809/809
f 759/759/759 761/761/761 809/809/809
f 761/761/761 763/763/763 809/809/809
f 763/763/763 765/765/765 809/809/809
f 765/765/765 767/767/767 809/809/809
f 767/767/767 769/769/769 809/809/809
f 769/769/769 771/771/771 809/809/809
f 771/771/771 773/773/773 809/809/809
f 773/773/773 775/775/775 809/809/809
f 775/775/775 777/777/777 809/809/809
f 777/777/777 779/779/779 809/809/809
f 779/779/779 781/781/781 809/809/809
f 781/781/781 783/783/783 809/809/809
f 783/783/783 785/785/785 809/809/809
f 785/785/785 787/787/787 809/809/809
f 787/787/787 789/789/789 809/809/809
f 789/789/789 791/791/791 809/809/809
f 791/791/791 793/793/793 809/809/809
f 793/793/793 795/795/795 809/809/809
f 795/795/795 797/797/797 809/809/809
f 809/809/809 797/797/797 810/810/810
f 811/811/811 798/798/798 812/812/812
f 798/798/798 799/799/799 812/812/812
f 799/799/799 800/800/800 812/812/812
f 812/812/812 800/800/800 813/813/813
f 800/800/800 801/801/801 813/813/813
f 814/814/814 802/802/802 815/815/815
f 802/802/802 803/803/803 815/815/815
f 815/815/815 803/803/803 816/816/816
f 803/803/803 804/804/804 816/816/816
f 804/804/804 805/805/805 816/816/816
f 816/816/816 805/805/805 817/817/817
f 805/805/805 806/806/806 817/817/817
f 806/806/806 807/807/807 817/817/817
f 817/817/817 807/807/807 818/818/818
f 808/808/808 809/809/809 819/819/819
f 819/819/819 809/809/809 820/820/820
f 809/809/809 810/810/810 820/820/820
f 822/822/822 811/811/811 823/823/823
f 811/811/811 812/812/812 823/823/823
f 812/812/812 813/813/813 823/823/823
f 814/814/814 815/815/815 824/824/824
f 824/824/824 815/815/815 825/825/825
f 815/815/815 816/816/816 825/825/825
f 816/816/816 817/817/817 825/825/825
f 817/817/817 818/818/818 825/825/825
f 818/818/818 821/821/821 825/825/825
f 824/824/824 825/825/825 821/821/821
f 395/395/395 396/396/396 394/394/394

