mtllib material.mtl
usemtl Black.003
v 0.02498600 0.03681700 0.06199700
v 0.02498600 0.03681700 0.06199700
v 0.02498600 0.03681700 0.06199700
v 0.02498600 0.03681700 0.06199700
v 0.03087500 0.03206300 0.06199700
v 0.03087500 0.03206300 0.06199700
v 0.03087500 0.03206300 0.06199700
v 0.03587500 0.02638100 0.06199700
v 0.03587500 0.02638100 0.06199700
v 0.03587500 0.02638100 0.06199700
v 0.03587500 0.02638100 0.06199700
v 0.03984300 0.01993700 0.06199700
v 0.03984300 0.01993700 0.06199700
v 0.03984300 0.01993700 0.06199700
v 0.04266500 0.01291400 0.06199700
v 0.04266500 0.01291400 0.06199700
v 0.04266500 0.01291400 0.06199700
v 0.04425900 0.00551600 0.06199700
v 0.04425900 0.00551600 0.06199700
v 0.04425900 0.00551600 0.06199700
v 0.04425900 0.00551600 0.06199700
v 0.04458000 -0.00204500 0.06199700
v 0.04458000 -0.00204500 0.06199700
v 0.04458000 -0.00204500 0.06199700
v 0.04361900 -0.00955200 0.06199700
v 0.04361900 -0.00955200 0.06199700
v 0.04361900 -0.00955200 0.06199700
v 0.04361900 -0.00955200 0.06199700
v 0.04140300 -0.01678900 0.06199700
v 0.04140300 -0.01678900 0.06199700
v 0.04140300 -0.01678900 0.06199700
v 0.03799600 -0.02354600 0.06199700
v 0.03799600 -0.02354600 0.06199700
v 0.03799600 -0.02354600 0.06199700
v 0.03349500 -0.02963100 0.06199700
v 0.03349500 -0.02963100 0.06199700
v 0.03349500 -0.02963100 0.06199700
v 0.03349500 -0.02963100 0.06199700
v 0.02803100 -0.03486800 0.06199700
v 0.02803100 -0.03486800 0.06199700
v 0.02803100 -0.03486800 0.06199700
v 0.02176100 -0.03910600 0.06199700
v 0.02176100 -0.03910600 0.06199700
v 0.02176100 -0.03910600 0.06199700
v 0.02176100 -0.03910600 0.06199700
v 0.01486500 -0.04222300 0.06199700
v 0.01486500 -0.04222300 0.06199700
v 0.01486500 -0.04222300 0.06199700
v 0.00754100 -0.04413000 0.06199700
v 0.00754100 -0.04413000 0.06199700
v 0.00754100 -0.04413000 0.06199700
v 0.00754100 -0.04413000 0.06199700
v -0.00000000 -0.04477200 0.06199700
v -0.00000000 -0.04477200 0.06199700
v -0.00000000 -0.04477200 0.06199700
v -0.00754100 -0.04413000 0.06199700
v -0.00754100 -0.04413000 0.06199700
v -0.00754100 -0.04413000 0.06199700
v -0.01486500 -0.04222300 0.06199700
v -0.01486500 -0.04222300 0.06199700
v -0.01486500 -0.04222300 0.06199700
v -0.01486500 -0.04222300 0.06199700
v -0.02176100 -0.03910600 0.06199700
v -0.02176100 -0.03910600 0.06199700
v -0.02176100 -0.03910600 0.06199700
v -0.02803200 -0.03486800 0.06199700
v -0.02803200 -0.03486800 0.06199700
v -0.02803200 -0.03486800 0.06199700
v -0.03349600 -0.02963100 0.06199700
v -0.03349600 -0.02963100 0.06199700
v -0.03349600 -0.02963100 0.06199700
v -0.03349600 -0.02963100 0.06199700
v -0.03799600 -0.02354600 0.06199700
v -0.03799600 -0.02354600 0.06199700
v -0.03799600 -0.02354600 0.06199700
v -0.04140300 -0.01678900 0.06199700
v -0.04140300 -0.01678900 0.06199700
v -0.04140300 -0.01678900 0.06199700
v -0.04140300 -0.01678900 0.06199700
v -0.04361900 -0.00955200 0.06199700
v -0.04361900 -0.00955200 0.06199700
v -0.04361900 -0.00955200 0.06199700
v -0.04458100 -0.00204500 0.06199700
v -0.04458100 -0.00204500 0.06199700
v -0.04458100 -0.00204500 0.06199700
v -0.04458100 -0.00204500 0.06199700
v -0.04425900 0.00551600 0.06199700
v -0.04425900 0.00551600 0.06199700
v -0.04425900 0.00551600 0.06199700
v -0.04266500 0.01291400 0.06199700
v -0.04266500 0.01291400 0.06199700
v -0.04266500 0.01291400 0.06199700
v -0.03984300 0.01993700 0.06199700
v -0.03984300 0.01993700 0.06199700
v -0.03984300 0.01993700 0.06199700
v -0.03984300 0.01993700 0.06199700
v -0.03587500 0.02638100 0.06199700
v -0.03587500 0.02638100 0.06199700
v -0.03587500 0.02638100 0.06199700
v -0.03087500 0.03206300 0.06199700
v -0.03087500 0.03206300 0.06199700
v -0.03087500 0.03206300 0.06199700
v -0.03087500 0.03206300 0.06199700
v -0.02498700 0.03681700 0.06199700
v -0.02498700 0.03681700 0.06199700
v -0.02498700 0.03681700 0.06199700
v -0.01837900 0.04050800 0.06199700
v -0.01837900 0.04050800 0.06199700
v -0.01837900 0.04050800 0.06199700
v -0.01124400 0.04302900 0.06199700
v -0.01124400 0.04302900 0.06199700
v -0.01124400 0.04302900 0.06199700
v -0.01124400 0.04302900 0.06199700
v -0.00378400 0.04430800 0.06199700
v -0.00378400 0.04430800 0.06199700
v -0.00378400 0.04430800 0.06199700
v 0.00378400 0.04430800 0.06199700
v 0.00378400 0.04430800 0.06199700
v 0.00378400 0.04430800 0.06199700
v 0.00378400 0.04430800 0.06199700
v 0.01124300 0.04302900 0.06199700
v 0.01124300 0.04302900 0.06199700
v 0.01124300 0.04302900 0.06199700
v 0.01837900 0.04050800 0.06199700
v 0.01837900 0.04050800 0.06199700
v 0.01837900 0.04050800 0.06199700
v -0.00458800 -0.04453900 0.06168200
v -0.00458800 -0.04453900 0.06168200
v -0.00458800 -0.04453900 0.06168200
v -0.00458800 -0.04453900 0.06168200
v -0.00458800 -0.04453900 0.06168200
v -0.00458800 -0.04453900 0.06168200
v -0.02468300 -0.03732500 0.06167200
v -0.02468300 -0.03732500 0.06167200
v -0.02468300 -0.03732500 0.06167200
v -0.02468300 -0.03732500 0.06167200
v -0.02468300 -0.03732500 0.06167200
v -0.03912100 -0.02161900 0.06168100
v -0.03912100 -0.02161900 0.06168100
v -0.03912100 -0.02161900 0.06168100
v -0.03912100 -0.02161900 0.06168100
v -0.03912100 -0.02161900 0.06168100
v -0.04461700 -0.00097400 0.06168200
v -0.04461700 -0.00097400 0.06168200
v -0.04461700 -0.00097400 0.06168200
v -0.04461700 -0.00097400 0.06168200
v -0.02145100 0.03897800 0.06168200
v -0.02145100 0.03897800 0.06168200
v -0.02145100 0.03897800 0.06168200
v -0.02145100 0.03897800 0.06168200
v -0.02145100 0.03897800 0.06168200
v -0.02145100 0.03897800 0.06168200
v -0.01659600 0.04127100 0.06168100
v -0.01659600 0.04127100 0.06168100
v -0.01659600 0.04127100 0.06168100
v -0.01659600 0.04127100 0.06168100
v -0.01659600 0.04127100 0.06168100
v -0.01659600 0.04127100 0.06168100
v -0.01146000 0.04297700 0.06168300
v -0.01146000 0.04297700 0.06168300
v -0.01146000 0.04297700 0.06168300
v -0.01146000 0.04297700 0.06168300
v 0.00990200 0.04335700 0.06167200
v 0.00990200 0.04335700 0.06167200
v 0.00990200 0.04335700 0.06167200
v 0.00990200 0.04335700 0.06167200
v 0.00990200 0.04335700 0.06167200
v 0.00456400 0.04423900 0.06168300
v 0.00456400 0.04423900 0.06168300
v 0.00456400 0.04423900 0.06168300
v 0.00456400 0.04423900 0.06168300
v 0.00456400 0.04423900 0.06168300
v 0.03913300 0.02128800 0.06167300
v 0.03913300 0.02128800 0.06167300
v 0.03913300 0.02128800 0.06167300
v 0.03913300 0.02128800 0.06167300
v 0.03913300 0.02128800 0.06167300
v 0.04464100 0.00064100 0.06172500
v 0.04464100 0.00064100 0.06172500
v 0.04464100 0.00064100 0.06172500
v 0.04464100 0.00064100 0.06172500
v 0.04464100 0.00064100 0.06172500
v 0.04464100 0.00064100 0.06172500
v 0.04464100 0.00064100 0.06172500
v 0.03392800 -0.02913900 0.06168300
v 0.03392800 -0.02913900 0.06168300
v 0.03392800 -0.02913900 0.06168300
v 0.03392800 -0.02913900 0.06168300
v 0.03018900 -0.03302100 0.06169500
v 0.03018900 -0.03302100 0.06169500
v 0.03018900 -0.03302100 0.06169500
v 0.03018900 -0.03302100 0.06169500
v 0.03018900 -0.03302100 0.06169500
v 0.03018900 -0.03302100 0.06169500
v 0.01656000 -0.04158900 0.06168100
v 0.01656000 -0.04158900 0.06168100
v 0.01656000 -0.04158900 0.06168100
v 0.01656000 -0.04158900 0.06168100
v 0.01656000 -0.04158900 0.06168100
v 0.00618600 -0.04437100 0.06172700
v 0.00618600 -0.04437100 0.06172700
v 0.00618600 -0.04437100 0.06172700
v 0.00618600 -0.04437100 0.06172700
v 0.00618600 -0.04437100 0.06172700
v 0.00618600 -0.04437100 0.06172700
v 0.00618600 -0.04437100 0.06172700
v 0.00079900 -0.04476500 0.06167200
v 0.00079900 -0.04476500 0.06167200
v 0.00079900 -0.04476500 0.06167200
v 0.00079900 -0.04476500 0.06167200
v 0.00079900 -0.04476500 0.06167200
v 0.04019000 -0.02036200 0.06168000
v 0.04019000 -0.02036200 0.06168000
v 0.04019000 -0.02036200 0.06168000
v 0.04019000 -0.02036200 0.06168000
v 0.04019000 -0.02036200 0.06168000
v 0.04019000 -0.02036200 0.06168000
v 0.04177800 0.01652900 0.06168000
v 0.04177800 0.01652900 0.06168000
v 0.04177800 0.01652900 0.06168000
v 0.04177800 0.01652900 0.06168000
v 0.04177800 0.01652900 0.06168000
v 0.04177800 0.01652900 0.06168000
v 0.04177800 0.01652900 0.06168000
v 0.01521900 0.04218100 0.06168000
v 0.01521900 0.04218100 0.06168000
v 0.01521900 0.04218100 0.06168000
v 0.01521900 0.04218100 0.06168000
v 0.01521900 0.04218100 0.06168000
v 0.01521900 0.04218100 0.06168000
v 0.01521900 0.04218100 0.06168000
v -0.00619800 0.04440500 0.06168000
v -0.00619800 0.04440500 0.06168000
v -0.00619800 0.04440500 0.06168000
v -0.00619800 0.04440500 0.06168000
v -0.00619800 0.04440500 0.06168000
v -0.00619800 0.04440500 0.06168000
v -0.02162000 0.03930900 0.06163300
v -0.02162000 0.03930900 0.06163300
v -0.02162000 0.03930900 0.06163300
v -0.02162000 0.03930900 0.06163300
v -0.02162000 0.03930900 0.06163300
v -0.02162000 0.03930900 0.06163300
v -0.04387400 0.00983300 0.06163300
v -0.04387400 0.00983300 0.06163300
v -0.04387400 0.00983300 0.06163300
v -0.04387400 0.00983300 0.06163300
v -0.04387400 0.00983300 0.06163300
v -0.04387400 0.00983300 0.06163300
v -0.04348500 -0.01167400 0.06168000
v -0.04348500 -0.01167400 0.06168000
v -0.04348500 -0.01167400 0.06168000
v -0.04348500 -0.01167400 0.06168000
v -0.04348500 -0.01167400 0.06168000
v -0.04348500 -0.01167400 0.06168000
v -0.03656700 -0.02637000 0.06163300
v -0.03656700 -0.02637000 0.06163300
v -0.03656700 -0.02637000 0.06163300
v -0.03656700 -0.02637000 0.06163300
v -0.03656700 -0.02637000 0.06163300
v -0.02490800 -0.03761200 0.06168000
v -0.02490800 -0.03761200 0.06168000
v -0.02490800 -0.03761200 0.06168000
v -0.02490800 -0.03761200 0.06168000
v -0.02490800 -0.03761200 0.06168000
v -0.02490800 -0.03761200 0.06168000
v -0.02490800 -0.03761200 0.06168000
v -0.02019400 -0.04036100 0.06163300
v -0.02019400 -0.04036100 0.06163300
v -0.02019400 -0.04036100 0.06163300
v -0.02019400 -0.04036100 0.06163300
v -0.02019400 -0.04036100 0.06163300
v -0.00462400 -0.04490900 0.06163300
v -0.00462400 -0.04490900 0.06163300
v -0.00462400 -0.04490900 0.06163300
v -0.00462400 -0.04490900 0.06163300
v -0.00462400 -0.04490900 0.06163300
v 0.01154800 -0.04364000 0.06163300
v 0.01154800 -0.04364000 0.06163300
v 0.01154800 -0.04364000 0.06163300
v 0.01154800 -0.04364000 0.06163300
v 0.01154800 -0.04364000 0.06163300
v 0.01154800 -0.04364000 0.06163300
v 0.01671700 -0.04192600 0.06163200
v 0.01671700 -0.04192600 0.06163200
v 0.01671700 -0.04192600 0.06163200
v 0.01671700 -0.04192600 0.06163200
v 0.00619700 -0.04470800 0.06168000
v 0.00619700 -0.04470800 0.06168000
v 0.00619700 -0.04470800 0.06168000
v 0.00619700 -0.04470800 0.06168000
v 0.00619700 -0.04470800 0.06168000
v 0.00619700 -0.04470800 0.06168000
v 0.00080600 -0.04512600 0.06168400
v 0.00080600 -0.04512600 0.06168400
v 0.00080600 -0.04512600 0.06168400
v 0.00080600 -0.04512600 0.06168400
v 0.00080600 -0.04512600 0.06168400
v 0.00080600 -0.04512600 0.06168400
v 0.00080600 -0.04512600 0.06168400
v -0.01516800 -0.04250300 0.06168000
v -0.01516800 -0.04250300 0.06168000
v -0.01516800 -0.04250300 0.06168000
v -0.01516800 -0.04250300 0.06168000
v -0.01516800 -0.04250300 0.06168000
v -0.01516800 -0.04250300 0.06168000
v -0.01516800 -0.04250300 0.06168000
v -0.00998100 -0.04401200 0.06168400
v -0.00998100 -0.04401200 0.06168400
v -0.00998100 -0.04401200 0.06168400
v -0.00998100 -0.04401200 0.06168400
v -0.00998100 -0.04401200 0.06168400
v -0.00998100 -0.04401200 0.06168400
v -0.02922600 -0.03436200 0.06163500
v -0.02922600 -0.03436200 0.06163500
v -0.02922600 -0.03436200 0.06163500
v -0.02922600 -0.03436200 0.06163500
v -0.02922600 -0.03436200 0.06163500
v -0.03311300 -0.03060300 0.06168000
v -0.03311300 -0.03060300 0.06168000
v -0.03311300 -0.03060300 0.06168000
v -0.03311300 -0.03060300 0.06168000
v -0.03311300 -0.03060300 0.06168000
v -0.03311300 -0.03060300 0.06168000
v -0.03311300 -0.03060300 0.06168000
v -0.03946100 -0.02177100 0.06163300
v -0.03946100 -0.02177100 0.06163300
v -0.03946100 -0.02177100 0.06163300
v -0.03946100 -0.02177100 0.06163300
v -0.03946100 -0.02177100 0.06163300
v -0.03946100 -0.02177100 0.06163300
v -0.04176600 -0.01685300 0.06168400
v -0.04176600 -0.01685300 0.06168400
v -0.04176600 -0.01685300 0.06168400
v -0.04176600 -0.01685300 0.06168400
v -0.04176600 -0.01685300 0.06168400
v -0.04176600 -0.01685300 0.06168400
v -0.04455700 -0.00634900 0.06168000
v -0.04455700 -0.00634900 0.06168000
v -0.04455700 -0.00634900 0.06168000
v -0.04455700 -0.00634900 0.06168000
v -0.04455700 -0.00634900 0.06168000
v -0.04455700 -0.00634900 0.06168000
v -0.04455700 -0.00634900 0.06168000
v -0.04498700 -0.00096200 0.06163500
v -0.04498700 -0.00096200 0.06163500
v -0.04498700 -0.00096200 0.06163500
v -0.04498700 -0.00096200 0.06163500
v -0.04498700 -0.00096200 0.06163500
v -0.04475900 0.00446000 0.06163200
v -0.04475900 0.00446000 0.06163200
v -0.04475900 0.00446000 0.06163200
v -0.04475900 0.00446000 0.06163200
v -0.04475900 0.00446000 0.06163200
v -0.04475900 0.00446000 0.06163200
v -0.04235100 0.01504400 0.06163500
v -0.04235100 0.01504400 0.06163500
v -0.04235100 0.01504400 0.06163500
v -0.04235100 0.01504400 0.06163500
v -0.04235100 0.01504400 0.06163500
v -0.04235100 0.01504400 0.06163500
v -0.04021500 0.02003200 0.06163200
v -0.04021500 0.02003200 0.06163200
v -0.04021500 0.02003200 0.06163200
v -0.04021500 0.02003200 0.06163200
v -0.04021500 0.02003200 0.06163200
v -0.04021500 0.02003200 0.06163200
v -0.03746100 0.02475600 0.06168000
v -0.03746100 0.02475600 0.06168000
v -0.03746100 0.02475600 0.06168000
v -0.03746100 0.02475600 0.06168000
v -0.03746100 0.02475600 0.06168000
v -0.03746100 0.02475600 0.06168000
v -0.03418500 0.02909000 0.06168000
v -0.03418500 0.02909000 0.06168000
v -0.03418500 0.02909000 0.06168000
v -0.03418500 0.02909000 0.06168000
v -0.03418500 0.02909000 0.06168000
v -0.03418500 0.02909000 0.06168000
v -0.03418500 0.02909000 0.06168000
v -0.02622900 0.03640900 0.06163200
v -0.02622900 0.03640900 0.06163200
v -0.02622900 0.03640900 0.06163200
v -0.02622900 0.03640900 0.06163200
v -0.02622900 0.03640900 0.06163200
v -0.03043900 0.03298500 0.06163500
v -0.03043900 0.03298500 0.06163500
v -0.03043900 0.03298500 0.06163500
v -0.03043900 0.03298500 0.06163500
v -0.03043900 0.03298500 0.06163500
v -0.01156000 0.04333400 0.06163200
v -0.01156000 0.04333400 0.06163200
v -0.01156000 0.04333400 0.06163200
v -0.01156000 0.04333400 0.06163200
v -0.01156000 0.04333400 0.06163200
v -0.01156000 0.04333400 0.06163200
v -0.01671000 0.04162500 0.06163500
v -0.01671000 0.04162500 0.06163500
v -0.01671000 0.04162500 0.06163500
v -0.01671000 0.04162500 0.06163500
v -0.01671000 0.04162500 0.06163500
v -0.01671000 0.04162500 0.06163500
v -0.00078200 0.04482700 0.06168000
v -0.00078200 0.04482700 0.06168000
v -0.00078200 0.04482700 0.06168000
v -0.00078200 0.04482700 0.06168000
v -0.00078200 0.04482700 0.06168000
v -0.00078200 0.04482700 0.06168000
v -0.00078200 0.04482700 0.06168000
v 0.00461800 0.04460500 0.06163500
v 0.00461800 0.04460500 0.06163500
v 0.00461800 0.04460500 0.06163500
v 0.00461800 0.04460500 0.06163500
v 0.00461800 0.04460500 0.06163500
v 0.00995300 0.04371900 0.06168000
v 0.00995300 0.04371900 0.06168000
v 0.00995300 0.04371900 0.06168000
v 0.00995300 0.04371900 0.06168000
v 0.00995300 0.04371900 0.06168000
v 0.00995300 0.04371900 0.06168000
v 0.02018900 0.04005900 0.06163500
v 0.02018900 0.04005900 0.06163500
v 0.02018900 0.04005900 0.06163500
v 0.02018900 0.04005900 0.06163500
v 0.02018900 0.04005900 0.06163500
v 0.02486300 0.03733900 0.06168000
v 0.02486300 0.03733900 0.06168000
v 0.02486300 0.03733900 0.06168000
v 0.02486300 0.03733900 0.06168000
v 0.02486300 0.03733900 0.06168000
v 0.02486300 0.03733900 0.06168000
v 0.02924100 0.03403400 0.06168000
v 0.02924100 0.03403400 0.06168000
v 0.02924100 0.03403400 0.06168000
v 0.02924100 0.03403400 0.06168000
v 0.02924100 0.03403400 0.06168000
v 0.02924100 0.03403400 0.06168000
v 0.03314900 0.03026000 0.06168000
v 0.03314900 0.03026000 0.06168000
v 0.03314900 0.03026000 0.06168000
v 0.03314900 0.03026000 0.06168000
v 0.03314900 0.03026000 0.06168000
v 0.03314900 0.03026000 0.06168000
v 0.03314900 0.03026000 0.06168000
v 0.03943800 0.02149000 0.06168000
v 0.03943800 0.02149000 0.06168000
v 0.03943800 0.02149000 0.06168000
v 0.03943800 0.02149000 0.06168000
v 0.03943800 0.02149000 0.06168000
v 0.03943800 0.02149000 0.06168000
v 0.03656300 0.02607100 0.06163500
v 0.03656300 0.02607100 0.06163500
v 0.03656300 0.02607100 0.06163500
v 0.03656300 0.02607100 0.06163500
v 0.03656300 0.02607100 0.06163500
v 0.04454900 0.00609900 0.06168000
v 0.04454900 0.00609900 0.06168000
v 0.04454900 0.00609900 0.06168000
v 0.04454900 0.00609900 0.06168000
v 0.04454900 0.00609900 0.06168000
v 0.04454900 0.00609900 0.06168000
v 0.04454900 0.00609900 0.06168000
v 0.04348600 0.01140100 0.06163500
v 0.04348600 0.01140100 0.06163500
v 0.04348600 0.01140100 0.06163500
v 0.04348600 0.01140100 0.06163500
v 0.04348600 0.01140100 0.06163500
v 0.04475800 -0.00477100 0.06162700
v 0.04475800 -0.00477100 0.06162700
v 0.04475800 -0.00477100 0.06162700
v 0.04475800 -0.00477100 0.06162700
v 0.04475800 -0.00477100 0.06162700
v 0.04387600 -0.01012400 0.06163200
v 0.04387600 -0.01012400 0.06163200
v 0.04387600 -0.01012400 0.06163200
v 0.04387600 -0.01012400 0.06163200
v 0.04387600 -0.01012400 0.06163200
v 0.04387600 -0.01012400 0.06163200
v 0.04387600 -0.01012400 0.06163200
v 0.04235400 -0.01534000 0.06163200
v 0.04235400 -0.01534000 0.06163200
v 0.04235400 -0.01534000 0.06163200
v 0.04235400 -0.01534000 0.06163200
v 0.04235400 -0.01534000 0.06163200
v 0.04235400 -0.01534000 0.06163200
v 0.03421600 -0.02937300 0.06163200
v 0.03421600 -0.02937300 0.06163200
v 0.03421600 -0.02937300 0.06163200
v 0.03421600 -0.02937300 0.06163200
v 0.03421600 -0.02937300 0.06163200
v 0.03747100 -0.02503700 0.06168400
v 0.03747100 -0.02503700 0.06168400
v 0.03747100 -0.02503700 0.06168400
v 0.03747100 -0.02503700 0.06168400
v 0.03747100 -0.02503700 0.06168400
v 0.03747100 -0.02503700 0.06168400
v 0.03747100 -0.02503700 0.06168400
v 0.02144000 -0.03931700 0.06172700
v 0.02144000 -0.03931700 0.06172700
v 0.02144000 -0.03931700 0.06172700
v 0.02144000 -0.03931700 0.06172700
v 0.02144000 -0.03931700 0.06172700
v 0.01658000 -0.04171100 0.06177700
v 0.01658000 -0.04171100 0.06177700
v 0.01658000 -0.04171100 0.06177700
v 0.01658000 -0.04171100 0.06177700
v 0.01658000 -0.04171100 0.06177700
v 0.01658000 -0.04171100 0.06177700
v 0.01658000 -0.04171100 0.06177700
v 0.02149800 -0.03949000 0.06178000
v 0.02149800 -0.03949000 0.06178000
v 0.02149800 -0.03949000 0.06178000
v 0.02149800 -0.03949000 0.06178000
v 0.02149800 -0.03949000 0.06178000
v 0.02149800 -0.03949000 0.06178000
v 0.01666600 -0.04185400 0.06175200
v 0.01666600 -0.04185400 0.06175200
v 0.01666600 -0.04185400 0.06175200
v 0.01666600 -0.04185400 0.06175200
v 0.01666600 -0.04185400 0.06175200
v 0.01666600 -0.04185400 0.06175200
v 0.02164200 -0.03958900 0.06168000
v 0.02164200 -0.03958900 0.06168000
v 0.02164200 -0.03958900 0.06168000
v 0.02164200 -0.03958900 0.06168000
v 0.02164200 -0.03958900 0.06168000
v 0.02164200 -0.03958900 0.06168000
v 0.02164200 -0.03958900 0.06168000
v 0.04352100 -0.01004000 0.06169600
v 0.04352100 -0.01004000 0.06169600
v 0.04352100 -0.01004000 0.06169600
v 0.04352100 -0.01004000 0.06169600
v 0.04352100 -0.01004000 0.06169600
v 0.04211700 -0.01531000 0.06177900
v 0.04211700 -0.01531000 0.06177900
v 0.04211700 -0.01531000 0.06177900
v 0.04211700 -0.01531000 0.06177900
v 0.04211700 -0.01531000 0.06177900
v 0.04211700 -0.01531000 0.06177900
v 0.04363700 -0.01012300 0.06177900
v 0.04363700 -0.01012300 0.06177900
v 0.04363700 -0.01012300 0.06177900
v 0.04363700 -0.01012300 0.06177900
v 0.04363700 -0.01012300 0.06177900
v 0.04363700 -0.01012300 0.06177900
v 0.04226600 -0.01533100 0.06175200
v 0.04226600 -0.01533100 0.06175200
v 0.04226600 -0.01533100 0.06175200
v 0.04226600 -0.01533100 0.06175200
v 0.04226600 -0.01533100 0.06175200
v 0.04226600 -0.01533100 0.06175200
v 0.04378800 -0.01012600 0.06175200
v 0.04378800 -0.01012600 0.06175200
v 0.04378800 -0.01012600 0.06175200
v 0.04378800 -0.01012600 0.06175200
v 0.04378800 -0.01012600 0.06175200
v 0.02604000 -0.03641800 0.06172500
v 0.02604000 -0.03641800 0.06172500
v 0.02604000 -0.03641800 0.06172500
v 0.02604000 -0.03641800 0.06172500
v 0.02604000 -0.03641800 0.06172500
v 0.02604000 -0.03641800 0.06172500
v 0.02604000 -0.03641800 0.06172500
v 0.02608300 -0.03661200 0.06178000
v 0.02608300 -0.03661200 0.06178000
v 0.02608300 -0.03661200 0.06178000
v 0.02608300 -0.03661200 0.06178000
v 0.02608300 -0.03661200 0.06178000
v 0.02608300 -0.03661200 0.06178000
v 0.02621200 -0.03670700 0.06168400
v 0.02621200 -0.03670700 0.06168400
v 0.02621200 -0.03670700 0.06168400
v 0.02621200 -0.03670700 0.06168400
v 0.02621200 -0.03670700 0.06168400
v 0.02621200 -0.03670700 0.06168400
v 0.04441800 -0.00469600 0.06172700
v 0.04441800 -0.00469600 0.06172700
v 0.04441800 -0.00469600 0.06172700
v 0.04441800 -0.00469600 0.06172700
v 0.04441800 -0.00469600 0.06172700
v 0.04441800 -0.00469600 0.06172700
v 0.04464000 -0.00479900 0.06177300
v 0.04464000 -0.00479900 0.06177300
v 0.04464000 -0.00479900 0.06177300
v 0.04464000 -0.00479900 0.06177300
v 0.04464000 -0.00479900 0.06177300
v 0.04464000 -0.00479900 0.06177300
v 0.04464000 -0.00479900 0.06177300
v 0.03024800 -0.03314700 0.06177900
v 0.03024800 -0.03314700 0.06177900
v 0.03024800 -0.03314700 0.06177900
v 0.03024800 -0.03314700 0.06177900
v 0.03024800 -0.03314700 0.06177900
v 0.03037100 -0.03323500 0.06175200
v 0.03037100 -0.03323500 0.06175200
v 0.03037100 -0.03323500 0.06175200
v 0.03037100 -0.03323500 0.06175200
v 0.03037100 -0.03323500 0.06175200
v 0.03037100 -0.03323500 0.06175200
v 0.03043500 -0.03329200 0.06163300
v 0.03043500 -0.03329200 0.06163300
v 0.03043500 -0.03329200 0.06163300
v 0.03043500 -0.03329200 0.06163300
v 0.03043500 -0.03329200 0.06163300
v 0.03043500 -0.03329200 0.06163300
v 0.04487500 0.00061500 0.06177300
v 0.04487500 0.00061500 0.06177300
v 0.04487500 0.00061500 0.06177300
v 0.04487500 0.00061500 0.06177300
v 0.04487500 0.00061500 0.06177300
v 0.04487500 0.00061500 0.06177300
v 0.04500100 0.00055600 0.06160600
v 0.04500100 0.00055600 0.06160600
v 0.04500100 0.00055600 0.06160600
v 0.04500100 0.00055600 0.06160600
v 0.04500100 0.00055600 0.06160600
v 0.04200000 -0.01524300 0.06169400
v 0.04200000 -0.01524300 0.06169400
v 0.04200000 -0.01524300 0.06169400
v 0.04200000 -0.01524300 0.06169400
v 0.04200000 -0.01524300 0.06169400
v 0.01151800 -0.04355900 0.06175200
v 0.01151800 -0.04355900 0.06175200
v 0.01151800 -0.04355900 0.06175200
v 0.01151800 -0.04355900 0.06175200
v 0.01151800 -0.04355900 0.06175200
v 0.01151800 -0.04355900 0.06175200
v 0.00615200 -0.04455700 0.06178000
v 0.00615200 -0.04455700 0.06178000
v 0.00615200 -0.04455700 0.06178000
v 0.00615200 -0.04455700 0.06178000
v 0.00615200 -0.04455700 0.06178000
v 0.00615200 -0.04455700 0.06178000
v 0.01145000 -0.04342400 0.06177900
v 0.01145000 -0.04342400 0.06177900
v 0.01145000 -0.04342400 0.06177900
v 0.01145000 -0.04342400 0.06177900
v 0.01145000 -0.04342400 0.06177900
v 0.01147100 -0.04328200 0.06169500
v 0.01147100 -0.04328200 0.06169500
v 0.01147100 -0.04328200 0.06169500
v 0.01147100 -0.04328200 0.06169500
v 0.01147100 -0.04328200 0.06169500
v 0.01147100 -0.04328200 0.06169500
v 0.00075400 -0.04497400 0.06178000
v 0.00075400 -0.04497400 0.06178000
v 0.00075400 -0.04497400 0.06178000
v 0.00075400 -0.04497400 0.06178000
v 0.00075400 -0.04497400 0.06178000
v 0.00075400 -0.04497400 0.06178000
v 0.00079400 -0.04484300 0.06175600
v 0.00079400 -0.04484300 0.06175600
v 0.00079400 -0.04484300 0.06175600
v 0.00079400 -0.04484300 0.06175600
v 0.00079400 -0.04484300 0.06175600
v -0.00462300 -0.04482300 0.06175200
v -0.00462300 -0.04482300 0.06175200
v -0.00462300 -0.04482300 0.06175200
v -0.00462300 -0.04482300 0.06175200
v -0.00462300 -0.04482300 0.06175200
v -0.00462300 -0.04482300 0.06175200
v -0.01001800 -0.04383000 0.06178400
v -0.01001800 -0.04383000 0.06178400
v -0.01001800 -0.04383000 0.06178400
v -0.01001800 -0.04383000 0.06178400
v -0.01001800 -0.04383000 0.06178400
v -0.01001800 -0.04383000 0.06178400
v -0.01001800 -0.04383000 0.06178400
v -0.00463300 -0.04465600 0.06177700
v -0.00463300 -0.04465600 0.06177700
v -0.00463300 -0.04465600 0.06177700
v -0.00463300 -0.04465600 0.06177700
v -0.00463300 -0.04465600 0.06177700
v -0.00463300 -0.04465600 0.06177700
v -0.00986500 -0.04368600 0.06171000
v -0.00986500 -0.04368600 0.06171000
v -0.00986500 -0.04368600 0.06171000
v -0.00986500 -0.04368600 0.06171000
v -0.00986500 -0.04368600 0.06171000
v -0.00986500 -0.04368600 0.06171000
v -0.02016400 -0.04028000 0.06175200
v -0.02016400 -0.04028000 0.06175200
v -0.02016400 -0.04028000 0.06175200
v -0.02016400 -0.04028000 0.06175200
v -0.02016400 -0.04028000 0.06175200
v -0.02016400 -0.04028000 0.06175200
v -0.02484200 -0.03746900 0.06178000
v -0.02484200 -0.03746900 0.06178000
v -0.02484200 -0.03746900 0.06178000
v -0.02484200 -0.03746900 0.06178000
v -0.02484200 -0.03746900 0.06178000
v -0.02484200 -0.03746900 0.06178000
v -0.02012500 -0.04013500 0.06177900
v -0.02012500 -0.04013500 0.06177900
v -0.02012500 -0.04013500 0.06177900
v -0.02012500 -0.04013500 0.06177900
v -0.02012500 -0.04013500 0.06177900
v -0.02012500 -0.04013500 0.06177900
v -0.02473400 -0.03738300 0.06175600
v -0.02473400 -0.03738300 0.06175600
v -0.02473400 -0.03738300 0.06175600
v -0.02473400 -0.03738300 0.06175600
v -0.02473400 -0.03738300 0.06175600
v -0.02473400 -0.03738300 0.06175600
v -0.02004300 -0.04002700 0.06169400
v -0.02004300 -0.04002700 0.06169400
v -0.02004300 -0.04002700 0.06169400
v -0.02004300 -0.04002700 0.06169400
v -0.02004300 -0.04002700 0.06169400
v -0.02004300 -0.04002700 0.06169400
v -0.03650300 -0.02631300 0.06175200
v -0.03650300 -0.02631300 0.06175200
v -0.03650300 -0.02631300 0.06175200
v -0.03650300 -0.02631300 0.06175200
v -0.03650300 -0.02631300 0.06175200
v -0.03650300 -0.02631300 0.06175200
v -0.03305000 -0.03043900 0.06178000
v -0.03305000 -0.03043900 0.06178000
v -0.03305000 -0.03043900 0.06178000
v -0.03305000 -0.03043900 0.06178000
v -0.03305000 -0.03043900 0.06178000
v -0.03305000 -0.03043900 0.06178000
v -0.03640100 -0.02620200 0.06177900
v -0.03640100 -0.02620200 0.06177900
v -0.03640100 -0.02620200 0.06177900
v -0.03640100 -0.02620200 0.06177900
v -0.03640100 -0.02620200 0.06177900
v -0.03640100 -0.02620200 0.06177900
v -0.03287400 -0.03036700 0.06172700
v -0.03287400 -0.03036700 0.06172700
v -0.03287400 -0.03036700 0.06172700
v -0.03287400 -0.03036700 0.06172700
v -0.03287400 -0.03036700 0.06172700
v -0.03287400 -0.03036700 0.06172700
v -0.03626700 -0.02616200 0.06169500
v -0.03626700 -0.02616200 0.06169500
v -0.03626700 -0.02616200 0.06169500
v -0.03626700 -0.02616200 0.06169500
v -0.03626700 -0.02616200 0.06169500
v -0.03626700 -0.02616200 0.06169500
v -0.04334000 -0.01161100 0.06178000
v -0.04334000 -0.01161100 0.06178000
v -0.04334000 -0.01161100 0.06178000
v -0.04334000 -0.01161100 0.06178000
v -0.04334000 -0.01161100 0.06178000
v -0.04440500 -0.00630300 0.06178000
v -0.04440500 -0.00630300 0.06178000
v -0.04440500 -0.00630300 0.06178000
v -0.04440500 -0.00630300 0.06178000
v -0.04440500 -0.00630300 0.06178000
v -0.04440500 -0.00630300 0.06178000
v -0.04316400 -0.01157500 0.06172600
v -0.04316400 -0.01157500 0.06172600
v -0.04316400 -0.01157500 0.06172600
v -0.04316400 -0.01157500 0.06172600
v -0.04316400 -0.01157500 0.06172600
v -0.04316400 -0.01157500 0.06172600
v -0.04316400 -0.01157500 0.06172600
v -0.04421800 -0.00633700 0.06172500
v -0.04421800 -0.00633700 0.06172500
v -0.04421800 -0.00633700 0.06172500
v -0.04421800 -0.00633700 0.06172500
v -0.04421800 -0.00633700 0.06172500
v -0.04421800 -0.00633700 0.06172500
v -0.04467100 0.00447200 0.06175200
v -0.04467100 0.00447200 0.06175200
v -0.04467100 0.00447200 0.06175200
v -0.04467100 0.00447200 0.06175200
v -0.04467100 0.00447200 0.06175200
v -0.04467100 0.00447200 0.06175200
v -0.04378800 0.00982300 0.06175200
v -0.04378800 0.00982300 0.06175200
v -0.04378800 0.00982300 0.06175200
v -0.04378800 0.00982300 0.06175200
v -0.04378800 0.00982300 0.06175200
v -0.04378800 0.00982300 0.06175200
v -0.04452100 0.00448700 0.06177900
v -0.04452100 0.00448700 0.06177900
v -0.04452100 0.00448700 0.06177900
v -0.04452100 0.00448700 0.06177900
v -0.04452100 0.00448700 0.06177900
v -0.04363800 0.00982000 0.06177900
v -0.04363800 0.00982000 0.06177900
v -0.04363800 0.00982000 0.06177900
v -0.04363800 0.00982000 0.06177900
v -0.04363800 0.00982000 0.06177900
v -0.04363800 0.00982000 0.06177900
v -0.04439000 0.00445100 0.06169300
v -0.04439000 0.00445100 0.06169300
v -0.04439000 0.00445100 0.06169300
v -0.04439000 0.00445100 0.06169300
v -0.04439000 0.00445100 0.06169300
v -0.04439000 0.00445100 0.06169300
v -0.04439000 0.00445100 0.06169300
v -0.04351900 0.00974500 0.06169500
v -0.04351900 0.00974500 0.06169500
v -0.04351900 0.00974500 0.06169500
v -0.04351900 0.00974500 0.06169500
v -0.04351900 0.00974500 0.06169500
v -0.04351900 0.00974500 0.06169500
v -0.04012900 0.02001200 0.06175200
v -0.04012900 0.02001200 0.06175200
v -0.04012900 0.02001200 0.06175200
v -0.04012900 0.02001200 0.06175200
v -0.04012900 0.02001200 0.06175200
v -0.04012900 0.02001200 0.06175200
v -0.03728800 0.02470400 0.06178400
v -0.03728800 0.02470400 0.06178400
v -0.03728800 0.02470400 0.06178400
v -0.03728800 0.02470400 0.06178400
v -0.03728800 0.02470400 0.06178400
v -0.03728800 0.02470400 0.06178400
v -0.03728800 0.02470400 0.06178400
v -0.03998300 0.01997300 0.06177900
v -0.03998300 0.01997300 0.06177900
v -0.03998300 0.01997300 0.06177900
v -0.03998300 0.01997300 0.06177900
v -0.03998300 0.01997300 0.06177900
v -0.03998300 0.01997300 0.06177900
v -0.03717500 0.02455700 0.06170900
v -0.03717500 0.02455700 0.06170900
v -0.03717500 0.02455700 0.06170900
v -0.03717500 0.02455700 0.06170900
v -0.03717500 0.02455700 0.06170900
v -0.03717500 0.02455700 0.06170900
v -0.03989000 0.01986500 0.06169600
v -0.03989000 0.01986500 0.06169600
v -0.03989000 0.01986500 0.06169600
v -0.03989000 0.01986500 0.06169600
v -0.03037100 0.03293100 0.06175200
v -0.03037100 0.03293100 0.06175200
v -0.03037100 0.03293100 0.06175200
v -0.03037100 0.03293100 0.06175200
v -0.03037100 0.03293100 0.06175200
v -0.03037100 0.03293100 0.06175200
v -0.03405100 0.02900700 0.06178000
v -0.03405100 0.02900700 0.06178000
v -0.03405100 0.02900700 0.06178000
v -0.03405100 0.02900700 0.06178000
v -0.03405100 0.02900700 0.06178000
v -0.03024900 0.03284300 0.06177900
v -0.03024900 0.03284300 0.06177900
v -0.03024900 0.03284300 0.06177900
v -0.03024900 0.03284300 0.06177900
v -0.03024900 0.03284300 0.06177900
v -0.03024900 0.03284300 0.06177900
v -0.03396600 0.02883100 0.06172700
v -0.03396600 0.02883100 0.06172700
v -0.03396600 0.02883100 0.06172700
v -0.03396600 0.02883100 0.06172700
v -0.03396600 0.02883100 0.06172700
v -0.03396600 0.02883100 0.06172700
v -0.03396600 0.02883100 0.06172700
v -0.03020600 0.03270500 0.06169600
v -0.03020600 0.03270500 0.06169600
v -0.03020600 0.03270500 0.06169600
v -0.03020600 0.03270500 0.06169600
v -0.03020600 0.03270500 0.06169600
v -0.02616200 0.03635100 0.06175200
v -0.02616200 0.03635100 0.06175200
v -0.02616200 0.03635100 0.06175200
v -0.02616200 0.03635100 0.06175200
v -0.02616200 0.03635100 0.06175200
v -0.02616200 0.03635100 0.06175200
v -0.02605100 0.03624900 0.06177900
v -0.02605100 0.03624900 0.06177900
v -0.02605100 0.03624900 0.06177900
v -0.02605100 0.03624900 0.06177900
v -0.02605100 0.03624900 0.06177900
v -0.02605100 0.03624900 0.06177900
v -0.02599100 0.03612700 0.06169300
v -0.02599100 0.03612700 0.06169300
v -0.02599100 0.03612700 0.06169300
v -0.02599100 0.03612700 0.06169300
v -0.02599100 0.03612700 0.06169300
v -0.02599100 0.03612700 0.06169300
v -0.02157100 0.03923800 0.06175200
v -0.02157100 0.03923800 0.06175200
v -0.02157100 0.03923800 0.06175200
v -0.02157100 0.03923800 0.06175200
v -0.02157100 0.03923800 0.06175200
v -0.02157100 0.03923800 0.06175200
v -0.01666600 0.04155100 0.06175200
v -0.01666600 0.04155100 0.06175200
v -0.01666600 0.04155100 0.06175200
v -0.01666600 0.04155100 0.06175200
v -0.01666600 0.04155100 0.06175200
v -0.01666600 0.04155100 0.06175200
v -0.02146900 0.03910700 0.06177700
v -0.02146900 0.03910700 0.06177700
v -0.02146900 0.03910700 0.06177700
v -0.02146900 0.03910700 0.06177700
v -0.02146900 0.03910700 0.06177700
v -0.02146900 0.03910700 0.06177700
v -0.01658000 0.04140800 0.06177700
v -0.01658000 0.04140800 0.06177700
v -0.01658000 0.04140800 0.06177700
v -0.01658000 0.04140800 0.06177700
v -0.01658000 0.04140800 0.06177700
v -0.01658000 0.04140800 0.06177700
v -0.01151800 0.04325600 0.06175200
v -0.01151800 0.04325600 0.06175200
v -0.01151800 0.04325600 0.06175200
v -0.01151800 0.04325600 0.06175200
v -0.01151800 0.04325600 0.06175200
v -0.01151800 0.04325600 0.06175200
v -0.01145000 0.04310400 0.06177700
v -0.01145000 0.04310400 0.06177700
v -0.01145000 0.04310400 0.06177700
v -0.01145000 0.04310400 0.06177700
v -0.01145000 0.04310400 0.06177700
v -0.01145000 0.04310400 0.06177700
v -0.00615200 0.04425400 0.06178000
v -0.00615200 0.04425400 0.06178000
v -0.00615200 0.04425400 0.06178000
v -0.00615200 0.04425400 0.06178000
v -0.00615200 0.04425400 0.06178000
v -0.00615200 0.04425400 0.06178000
v -0.00075500 0.04467100 0.06178000
v -0.00075500 0.04467100 0.06178000
v -0.00075500 0.04467100 0.06178000
v -0.00075500 0.04467100 0.06178000
v -0.00075500 0.04467100 0.06178000
v -0.00075500 0.04467100 0.06178000
v -0.00616100 0.04406900 0.06172500
v -0.00616100 0.04406900 0.06172500
v -0.00616100 0.04406900 0.06172500
v -0.00616100 0.04406900 0.06172500
v -0.00616100 0.04406900 0.06172500
v -0.00616100 0.04406900 0.06172500
v -0.00616100 0.04406900 0.06172500
v -0.00083400 0.04449100 0.06172700
v -0.00083400 0.04449100 0.06172700
v -0.00083400 0.04449100 0.06172700
v -0.00083400 0.04449100 0.06172700
v -0.00083400 0.04449100 0.06172700
v -0.00083400 0.04449100 0.06172700
v 0.00999400 0.04355000 0.06178000
v 0.00999400 0.04355000 0.06178000
v 0.00999400 0.04355000 0.06178000
v 0.00999400 0.04355000 0.06178000
v 0.00999400 0.04355000 0.06178000
v 0.00999400 0.04355000 0.06178000
v 0.01518900 0.04202600 0.06178000
v 0.01518900 0.04202600 0.06178000
v 0.01518900 0.04202600 0.06178000
v 0.01518900 0.04202600 0.06178000
v 0.01518900 0.04202600 0.06178000
v 0.01518900 0.04202600 0.06178000
v 0.00992400 0.04343100 0.06175600
v 0.00992400 0.04343100 0.06175600
v 0.00992400 0.04343100 0.06175600
v 0.00992400 0.04343100 0.06175600
v 0.00992400 0.04343100 0.06175600
v 0.00992400 0.04343100 0.06175600
v 0.01508000 0.04187500 0.06172700
v 0.01508000 0.04187500 0.06172700
v 0.01508000 0.04187500 0.06172700
v 0.01508000 0.04187500 0.06172700
v 0.01508000 0.04187500 0.06172700
v 0.01508000 0.04187500 0.06172700
v 0.01508000 0.04187500 0.06172700
v 0.02484100 0.03716600 0.06178000
v 0.02484100 0.03716600 0.06178000
v 0.02484100 0.03716600 0.06178000
v 0.02484100 0.03716600 0.06178000
v 0.02484100 0.03716600 0.06178000
v 0.02484100 0.03716600 0.06178000
v 0.02915800 0.03389900 0.06178000
v 0.02915800 0.03389900 0.06178000
v 0.02915800 0.03389900 0.06178000
v 0.02915800 0.03389900 0.06178000
v 0.02915800 0.03389900 0.06178000
v 0.02915800 0.03389900 0.06178000
v 0.02467300 0.03706200 0.06172700
v 0.02467300 0.03706200 0.06172700
v 0.02467300 0.03706200 0.06172700
v 0.02467300 0.03706200 0.06172700
v 0.02467300 0.03706200 0.06172700
v 0.02467300 0.03706200 0.06172700
v 0.02902500 0.03377700 0.06172600
v 0.02902500 0.03377700 0.06172600
v 0.02902500 0.03377700 0.06172600
v 0.02902500 0.03377700 0.06172600
v 0.02902500 0.03377700 0.06172600
v 0.02902500 0.03377700 0.06172600
v 0.03650200 0.02601000 0.06175200
v 0.03650200 0.02601000 0.06175200
v 0.03650200 0.02601000 0.06175200
v 0.03650200 0.02601000 0.06175200
v 0.03650200 0.02601000 0.06175200
v 0.03650200 0.02601000 0.06175200
v 0.03305000 0.03013600 0.06178000
v 0.03305000 0.03013600 0.06178000
v 0.03305000 0.03013600 0.06178000
v 0.03305000 0.03013600 0.06178000
v 0.03305000 0.03013600 0.06178000
v 0.03305000 0.03013600 0.06178000
v 0.03640000 0.02589900 0.06177900
v 0.03640000 0.02589900 0.06177900
v 0.03640000 0.02589900 0.06177900
v 0.03640000 0.02589900 0.06177900
v 0.03640000 0.02589900 0.06177900
v 0.03640000 0.02589900 0.06177900
v 0.03286900 0.03006600 0.06172500
v 0.03286900 0.03006600 0.06172500
v 0.03286900 0.03006600 0.06172500
v 0.03286900 0.03006600 0.06172500
v 0.03286900 0.03006600 0.06172500
v 0.03286900 0.03006600 0.06172500
v 0.03626000 0.02587000 0.06169600
v 0.03626000 0.02587000 0.06169600
v 0.03626000 0.02587000 0.06169600
v 0.03626000 0.02587000 0.06169600
v 0.03626000 0.02587000 0.06169600
v 0.03933800 0.02134700 0.06178000
v 0.03933800 0.02134700 0.06178000
v 0.03933800 0.02134700 0.06178000
v 0.03933800 0.02134700 0.06178000
v 0.03933800 0.02134700 0.06178000
v 0.03933800 0.02134700 0.06178000
v 0.03920300 0.02132100 0.06175600
v 0.03920300 0.02132100 0.06175600
v 0.03920300 0.02132100 0.06175600
v 0.03920300 0.02132100 0.06175600
v 0.03920300 0.02132100 0.06175600
v 0.03920300 0.02132100 0.06175600
v 0.04340700 0.01136600 0.06175200
v 0.04340700 0.01136600 0.06175200
v 0.04340700 0.01136600 0.06175200
v 0.04340700 0.01136600 0.06175200
v 0.04340700 0.01136600 0.06175200
v 0.04340700 0.01136600 0.06175200
v 0.04164300 0.01644800 0.06178000
v 0.04164300 0.01644800 0.06178000
v 0.04164300 0.01644800 0.06178000
v 0.04164300 0.01644800 0.06178000
v 0.04164300 0.01644800 0.06178000
v 0.04164300 0.01644800 0.06178000
v 0.04327300 0.01129900 0.06177900
v 0.04327300 0.01129900 0.06177900
v 0.04327300 0.01129900 0.06177900
v 0.04327300 0.01129900 0.06177900
v 0.04327300 0.01129900 0.06177900
v 0.04327300 0.01129900 0.06177900
v 0.04145600 0.01643400 0.06172700
v 0.04145600 0.01643400 0.06172700
v 0.04145600 0.01643400 0.06172700
v 0.04145600 0.01643400 0.06172700
v 0.04145600 0.01643400 0.06172700
v 0.04145600 0.01643400 0.06172700
v 0.04145600 0.01643400 0.06172700
v 0.04312300 0.01134200 0.06169400
v 0.04312300 0.01134200 0.06169400
v 0.04312300 0.01134200 0.06169400
v 0.04312300 0.01134200 0.06169400
v 0.04312300 0.01134200 0.06169400
v 0.04439200 0.00597000 0.06178400
v 0.04439200 0.00597000 0.06178400
v 0.04439200 0.00597000 0.06178400
v 0.04439200 0.00597000 0.06178400
v 0.04439200 0.00597000 0.06178400
v 0.04439200 0.00597000 0.06178400
v 0.04420800 0.00603900 0.06171100
v 0.04420800 0.00603900 0.06171100
v 0.04420800 0.00603900 0.06171100
v 0.04420800 0.00603900 0.06171100
v 0.04420800 0.00603900 0.06171100
v 0.04003900 -0.02031400 0.06178000
v 0.04003900 -0.02031400 0.06178000
v 0.04003900 -0.02031400 0.06178000
v 0.04003900 -0.02031400 0.06178000
v 0.04003900 -0.02031400 0.06178000
v 0.04003900 -0.02031400 0.06178000
v 0.03728800 -0.02500700 0.06178400
v 0.03728800 -0.02500700 0.06178400
v 0.03728800 -0.02500700 0.06178400
v 0.03728800 -0.02500700 0.06178400
v 0.03728800 -0.02500700 0.06178400
v 0.03728800 -0.02500700 0.06178400
v 0.03990700 -0.02017900 0.06172700
v 0.03990700 -0.02017900 0.06172700
v 0.03990700 -0.02017900 0.06172700
v 0.03990700 -0.02017900 0.06172700
v 0.03990700 -0.02017900 0.06172700
v 0.03990700 -0.02017900 0.06172700
v 0.03990700 -0.02017900 0.06172700
v 0.03720800 -0.02480700 0.06170800
v 0.03720800 -0.02480700 0.06170800
v 0.03720800 -0.02480700 0.06170800
v 0.03720800 -0.02480700 0.06170800
v 0.03720800 -0.02480700 0.06170800
v 0.03720800 -0.02480700 0.06170800
v 0.03413700 -0.02933300 0.06175200
v 0.03413700 -0.02933300 0.06175200
v 0.03413700 -0.02933300 0.06175200
v 0.03413700 -0.02933300 0.06175200
v 0.03413700 -0.02933300 0.06175200
v 0.03413700 -0.02933300 0.06175200
v 0.03399400 -0.02924600 0.06177700
v 0.03399400 -0.02924600 0.06177700
v 0.03399400 -0.02924600 0.06177700
v 0.03399400 -0.02924600 0.06177700
v 0.03399400 -0.02924600 0.06177700
v 0.03399400 -0.02924600 0.06177700
v 0.03399400 -0.02924600 0.06177700
v -0.01518900 -0.04232900 0.06178000
v -0.01518900 -0.04232900 0.06178000
v -0.01518900 -0.04232900 0.06178000
v -0.01518900 -0.04232900 0.06178000
v -0.01518900 -0.04232900 0.06178000
v -0.01510300 -0.04216900 0.06172600
v -0.01510300 -0.04216900 0.06172600
v -0.01510300 -0.04216900 0.06172600
v -0.01510300 -0.04216900 0.06172600
v -0.01510300 -0.04216900 0.06172600
v -0.01510300 -0.04216900 0.06172600
v -0.02918100 -0.03428900 0.06175200
v -0.02918100 -0.03428900 0.06175200
v -0.02918100 -0.03428900 0.06175200
v -0.02918100 -0.03428900 0.06175200
v -0.02918100 -0.03428900 0.06175200
v -0.02918100 -0.03428900 0.06175200
v -0.02910900 -0.03415700 0.06177900
v -0.02910900 -0.03415700 0.06177900
v -0.02910900 -0.03415700 0.06177900
v -0.02910900 -0.03415700 0.06177900
v -0.02910900 -0.03415700 0.06177900
v -0.02910900 -0.03415700 0.06177900
v -0.02896100 -0.03410800 0.06169400
v -0.02896100 -0.03410800 0.06169400
v -0.02896100 -0.03410800 0.06169400
v -0.02896100 -0.03410800 0.06169400
v -0.02896100 -0.03410800 0.06169400
v -0.02896100 -0.03410800 0.06169400
v -0.03939000 -0.02172300 0.06175200
v -0.03939000 -0.02172300 0.06175200
v -0.03939000 -0.02172300 0.06175200
v -0.03939000 -0.02172300 0.06175200
v -0.03939000 -0.02172300 0.06175200
v -0.03939000 -0.02172300 0.06175200
v -0.03925900 -0.02162000 0.06177700
v -0.03925900 -0.02162000 0.06177700
v -0.03925900 -0.02162000 0.06177700
v -0.03925900 -0.02162000 0.06177700
v -0.03925900 -0.02162000 0.06177700
v -0.03925900 -0.02162000 0.06177700
v -0.04163800 -0.01671900 0.06178400
v -0.04163800 -0.01671900 0.06178400
v -0.04163800 -0.01671900 0.06178400
v -0.04163800 -0.01671900 0.06178400
v -0.04163800 -0.01671900 0.06178400
v -0.04163800 -0.01671900 0.06178400
v -0.04163800 -0.01671900 0.06178400
v -0.04144900 -0.01672100 0.06171000
v -0.04144900 -0.01672100 0.06171000
v -0.04144900 -0.01672100 0.06171000
v -0.04144900 -0.01672100 0.06171000
v -0.04144900 -0.01672100 0.06171000
v -0.04490300 -0.00094600 0.06175200
v -0.04490300 -0.00094600 0.06175200
v -0.04490300 -0.00094600 0.06175200
v -0.04490300 -0.00094600 0.06175200
v -0.04490300 -0.00094600 0.06175200
v -0.04490300 -0.00094600 0.06175200
v -0.04473900 -0.00091700 0.06177700
v -0.04473900 -0.00091700 0.06177700
v -0.04473900 -0.00091700 0.06177700
v -0.04473900 -0.00091700 0.06177700
v -0.04473900 -0.00091700 0.06177700
v -0.04473900 -0.00091700 0.06177700
v -0.04473900 -0.00091700 0.06177700
v -0.04226700 0.01502800 0.06175200
v -0.04226700 0.01502800 0.06175200
v -0.04226700 0.01502800 0.06175200
v -0.04226700 0.01502800 0.06175200
v -0.04226700 0.01502800 0.06175200
v -0.04226700 0.01502800 0.06175200
v -0.04211700 0.01500700 0.06177900
v -0.04211700 0.01500700 0.06177900
v -0.04211700 0.01500700 0.06177900
v -0.04211700 0.01500700 0.06177900
v -0.04211700 0.01500700 0.06177900
v -0.04211700 0.01500700 0.06177900
v -0.04201900 0.01488900 0.06169400
v -0.04201900 0.01488900 0.06169400
v -0.04201900 0.01488900 0.06169400
v -0.04201900 0.01488900 0.06169400
v -0.04201900 0.01488900 0.06169400
v -0.04201900 0.01488900 0.06169400
v 0.00462300 0.04451900 0.06175200
v 0.00462300 0.04451900 0.06175200
v 0.00462300 0.04451900 0.06175200
v 0.00462300 0.04451900 0.06175200
v 0.00462300 0.04451900 0.06175200
v 0.00462300 0.04451900 0.06175200
v 0.00463300 0.04435300 0.06177700
v 0.00463300 0.04435300 0.06177700
v 0.00463300 0.04435300 0.06177700
v 0.00463300 0.04435300 0.06177700
v 0.00463300 0.04435300 0.06177700
v 0.00463300 0.04435300 0.06177700
v 0.02016300 0.03997700 0.06175200
v 0.02016300 0.03997700 0.06175200
v 0.02016300 0.03997700 0.06175200
v 0.02016300 0.03997700 0.06175200
v 0.02016300 0.03997700 0.06175200
v 0.02016300 0.03997700 0.06175200
v 0.02012400 0.03983200 0.06177900
v 0.02012400 0.03983200 0.06177900
v 0.02012400 0.03983200 0.06177900
v 0.02012400 0.03983200 0.06177900
v 0.02012400 0.03983200 0.06177900
v 0.02012400 0.03983200 0.06177900
v 0.01999300 0.03974800 0.06169400
v 0.01999300 0.03974800 0.06169400
v 0.01999300 0.03974800 0.06169400
v 0.01999300 0.03974800 0.06169400
v 0.01999300 0.03974800 0.06169400
v 0.03041400 -0.03329800 0.05306500
v 0.03041400 -0.03329800 0.05306500
v 0.03041400 -0.03329800 0.05306500
v 0.03041400 -0.03329800 0.05306500
v 0.03041400 -0.03329800 0.05306500
v 0.03041400 -0.03329800 0.05306500
v -0.00078500 0.04482700 0.05306500
v -0.00078500 0.04482700 0.05306500
v -0.00078500 0.04482700 0.05306500
v -0.00078500 0.04482700 0.05306500
v -0.00078500 0.04482700 0.05306500
v -0.00078500 0.04482700 0.05306500
v 0.03314600 0.03026200 0.05306500
v 0.03314600 0.03026200 0.05306500
v 0.03314600 0.03026200 0.05306500
v 0.03314600 0.03026200 0.05306500
v 0.03314600 0.03026200 0.05306500
v 0.03314600 0.03026200 0.05306500
v 0.03392000 -0.02914800 0.05306200
v 0.03392000 -0.02914800 0.05306200
v 0.03392000 -0.02914800 0.05306200
v 0.03392000 -0.02914800 0.05306200
v 0.03392000 -0.02914800 0.05306200
v 0.04419700 0.00601100 0.05306200
v 0.04419700 0.00601100 0.05306200
v 0.04419700 0.00601100 0.05306200
v 0.04419700 0.00601100 0.05306200
v 0.04419700 0.00601100 0.05306200
v 0.02469400 0.03701800 0.05306200
v 0.02469400 0.03701800 0.05306200
v 0.02469400 0.03701800 0.05306200
v 0.02469400 0.03701800 0.05306200
v 0.02469400 0.03701800 0.05306200
v -0.01144700 0.04298000 0.05306200
v -0.01144700 0.04298000 0.05306200
v -0.01144700 0.04298000 0.05306200
v -0.01144700 0.04298000 0.05306200
v -0.01144700 0.04298000 0.05306200
v -0.02599100 0.03612300 0.05306200
v -0.02599100 0.03612300 0.05306200
v -0.02599100 0.03612300 0.05306200
v -0.02599100 0.03612300 0.05306200
v -0.02599100 0.03612300 0.05306200
v -0.03716200 0.02455200 0.05306300
v -0.03716200 0.02455200 0.05306300
v -0.03716200 0.02455200 0.05306300
v -0.03716200 0.02455200 0.05306300
v -0.03716200 0.02455200 0.05306300
v -0.03991600 0.01985600 0.05301800
v -0.03991600 0.01985600 0.05301800
v -0.03991600 0.01985600 0.05301800
v -0.03991600 0.01985600 0.05301800
v -0.03991600 0.01985600 0.05301800
v -0.03991600 0.01985600 0.05301800
v -0.03991600 0.01985600 0.05301800
v -0.03287600 -0.03032700 0.05306200
v -0.03287600 -0.03032700 0.05306200
v -0.03287600 -0.03032700 0.05306200
v -0.03287600 -0.03032700 0.05306200
v -0.02468400 -0.03732400 0.05307300
v -0.02468400 -0.03732400 0.05307300
v -0.02468400 -0.03732400 0.05307300
v -0.02468400 -0.03732400 0.05307300
v -0.02468400 -0.03732400 0.05307300
v -0.02004100 -0.04002200 0.05306300
v -0.02004100 -0.04002200 0.05306300
v -0.02004100 -0.04002200 0.05306300
v -0.02004100 -0.04002200 0.05306300
v -0.02004100 -0.04002200 0.05306300
v -0.02004100 -0.04002200 0.05306300
v 0.02143200 -0.03932200 0.05301800
v 0.02143200 -0.03932200 0.05301800
v 0.02143200 -0.03932200 0.05301800
v 0.02143200 -0.03932200 0.05301800
v 0.02143200 -0.03932200 0.05301800
v 0.02143200 -0.03932200 0.05301800
v 0.02603300 -0.03642400 0.05302000
v 0.02603300 -0.03642400 0.05302000
v 0.02603300 -0.03642400 0.05302000
v 0.02603300 -0.03642400 0.05302000
v 0.02603300 -0.03642400 0.05302000
v 0.02603300 -0.03642400 0.05302000
v 0.01654900 -0.04159300 0.05306300
v 0.01654900 -0.04159300 0.05306300
v 0.01654900 -0.04159300 0.05306300
v 0.01654900 -0.04159300 0.05306300
v 0.01654900 -0.04159300 0.05306300
v 0.00618100 -0.04434300 0.05307200
v 0.00618100 -0.04434300 0.05307200
v 0.00618100 -0.04434300 0.05307200
v 0.00618100 -0.04434300 0.05307200
v 0.00618100 -0.04434300 0.05307200
v 0.01146600 -0.04330500 0.05301800
v 0.01146600 -0.04330500 0.05301800
v 0.01146600 -0.04330500 0.05301800
v 0.01146600 -0.04330500 0.05301800
v 0.01146600 -0.04330500 0.05301800
v 0.01146600 -0.04330500 0.05301800
v 0.01146600 -0.04330500 0.05301800
v 0.00055600 -0.04478300 0.05306400
v 0.00055600 -0.04478300 0.05306400
v 0.00055600 -0.04478300 0.05306400
v 0.00055600 -0.04478300 0.05306400
v 0.00055600 -0.04478300 0.05306400
v -0.00457400 -0.04454400 0.05306100
v -0.00457400 -0.04454400 0.05306100
v -0.00457400 -0.04454400 0.05306100
v -0.00457400 -0.04454400 0.05306100
v -0.00457400 -0.04454400 0.05306100
v -0.00457400 -0.04454400 0.05306100
v -0.01511200 -0.04216600 0.05301800
v -0.01511200 -0.04216600 0.05301800
v -0.01511200 -0.04216600 0.05301800
v -0.01511200 -0.04216600 0.05301800
v -0.01511200 -0.04216600 0.05301800
v -0.01511200 -0.04216600 0.05301800
v -0.00986900 -0.04369700 0.05301800
v -0.00986900 -0.04369700 0.05301800
v -0.00986900 -0.04369700 0.05301800
v -0.00986900 -0.04369700 0.05301800
v -0.00986900 -0.04369700 0.05301800
v -0.00986900 -0.04369700 0.05301800
v -0.00986900 -0.04369700 0.05301800
v -0.02895700 -0.03413600 0.05301900
v -0.02895700 -0.03413600 0.05301900
v -0.02895700 -0.03413600 0.05301900
v -0.02895700 -0.03413600 0.05301900
v -0.02895700 -0.03413600 0.05301900
v -0.02895700 -0.03413600 0.05301900
v -0.02895700 -0.03413600 0.05301900
v -0.02895700 -0.03413600 0.05301900
v -0.03629900 -0.02615300 0.05301800
v -0.03629900 -0.02615300 0.05301800
v -0.03629900 -0.02615300 0.05301800
v -0.03629900 -0.02615300 0.05301800
v -0.03629900 -0.02615300 0.05301800
v -0.03629900 -0.02615300 0.05301800
v -0.03629900 -0.02615300 0.05301800
v -0.04147100 -0.01669700 0.05301800
v -0.04147100 -0.01669700 0.05301800
v -0.04147100 -0.01669700 0.05301800
v -0.04147100 -0.01669700 0.05301800
v -0.04147100 -0.01669700 0.05301800
v -0.04147100 -0.01669700 0.05301800
v -0.04147100 -0.01669700 0.05301800
v -0.03912800 -0.02160000 0.05307200
v -0.03912800 -0.02160000 0.05307200
v -0.03912800 -0.02160000 0.05307200
v -0.03912800 -0.02160000 0.05307200
v -0.03912800 -0.02160000 0.05307200
v -0.04313400 -0.01158500 0.05306300
v -0.04313400 -0.01158500 0.05306300
v -0.04313400 -0.01158500 0.05306300
v -0.04313400 -0.01158500 0.05306300
v -0.04313400 -0.01158500 0.05306300
v -0.04461400 -0.00096000 0.05307200
v -0.04461400 -0.00096000 0.05307200
v -0.04461400 -0.00096000 0.05307200
v -0.04461400 -0.00096000 0.05307200
v -0.04461400 -0.00096000 0.05307200
v -0.04422000 -0.00634100 0.05301800
v -0.04422000 -0.00634100 0.05301800
v -0.04422000 -0.00634100 0.05301800
v -0.04422000 -0.00634100 0.05301800
v -0.04422000 -0.00634100 0.05301800
v -0.04422000 -0.00634100 0.05301800
v -0.04422000 -0.00634100 0.05301800
v -0.04438700 0.00444700 0.05306200
v -0.04438700 0.00444700 0.05306200
v -0.04438700 0.00444700 0.05306200
v -0.04438700 0.00444700 0.05306200
v -0.04438700 0.00444700 0.05306200
v -0.04200200 0.01491300 0.05307200
v -0.04200200 0.01491300 0.05307200
v -0.04200200 0.01491300 0.05307200
v -0.04200200 0.01491300 0.05307200
v -0.04200200 0.01491300 0.05307200
v -0.04353400 0.00977200 0.05301800
v -0.04353400 0.00977200 0.05301800
v -0.04353400 0.00977200 0.05301800
v -0.04353400 0.00977200 0.05301800
v -0.04353400 0.00977200 0.05301800
v -0.04353400 0.00977200 0.05301800
v -0.04353400 0.00977200 0.05301800
v -0.03395900 0.02883900 0.05301800
v -0.03395900 0.02883900 0.05301800
v -0.03395900 0.02883900 0.05301800
v -0.03395900 0.02883900 0.05301800
v -0.03395900 0.02883900 0.05301800
v -0.03395900 0.02883900 0.05301800
v -0.03395900 0.02883900 0.05301800
v -0.03019000 0.03270600 0.05307200
v -0.03019000 0.03270600 0.05307200
v -0.03019000 0.03270600 0.05307200
v -0.03019000 0.03270600 0.05307200
v -0.03019000 0.03270600 0.05307200
v -0.02144400 0.03901200 0.05301800
v -0.02144400 0.03901200 0.05301800
v -0.02144400 0.03901200 0.05301800
v -0.02144400 0.03901200 0.05301800
v -0.02144400 0.03901200 0.05301800
v -0.02144400 0.03901200 0.05301800
v -0.02144400 0.03901200 0.05301800
v -0.01657700 0.04127600 0.05307200
v -0.01657700 0.04127600 0.05307200
v -0.01657700 0.04127600 0.05307200
v -0.01657700 0.04127600 0.05307200
v -0.01657700 0.04127600 0.05307200
v -0.00615100 0.04407000 0.05302000
v -0.00615100 0.04407000 0.05302000
v -0.00615100 0.04407000 0.05302000
v -0.00615100 0.04407000 0.05302000
v -0.00615100 0.04407000 0.05302000
v -0.00615100 0.04407000 0.05302000
v -0.00082300 0.04449100 0.05301800
v -0.00082300 0.04449100 0.05301800
v -0.00082300 0.04449100 0.05301800
v -0.00082300 0.04449100 0.05301800
v -0.00082300 0.04449100 0.05301800
v -0.00082300 0.04449100 0.05301800
v 0.00460000 0.04426100 0.05301800
v 0.00460000 0.04426100 0.05301800
v 0.00460000 0.04426100 0.05301800
v 0.00460000 0.04426100 0.05301800
v 0.00460000 0.04426100 0.05301800
v 0.00460000 0.04426100 0.05301800
v 0.01509000 0.04187200 0.05301800
v 0.01509000 0.04187200 0.05301800
v 0.01509000 0.04187200 0.05301800
v 0.01509000 0.04187200 0.05301800
v 0.01509000 0.04187200 0.05301800
v 0.01509000 0.04187200 0.05301800
v 0.01509000 0.04187200 0.05301800
v 0.00992200 0.04335500 0.05306400
v 0.00992200 0.04335500 0.05306400
v 0.00992200 0.04335500 0.05306400
v 0.00992200 0.04335500 0.05306400
v 0.00992200 0.04335500 0.05306400
v 0.02001700 0.03972800 0.05307200
v 0.02001700 0.03972800 0.05307200
v 0.02001700 0.03972800 0.05307200
v 0.02001700 0.03972800 0.05307200
v 0.02001700 0.03972800 0.05307200
v 0.02901900 0.03377900 0.05302000
v 0.02901900 0.03377900 0.05302000
v 0.02901900 0.03377900 0.05302000
v 0.02901900 0.03377900 0.05302000
v 0.02901900 0.03377900 0.05302000
v 0.02901900 0.03377900 0.05302000
v 0.03286700 0.03007100 0.05301800
v 0.03286700 0.03007100 0.05301800
v 0.03286700 0.03007100 0.05301800
v 0.03286700 0.03007100 0.05301800
v 0.03286700 0.03007100 0.05301800
v 0.03286700 0.03007100 0.05301800
v 0.03629600 0.02585300 0.05301800
v 0.03629600 0.02585300 0.05301800
v 0.03629600 0.02585300 0.05301800
v 0.03629600 0.02585300 0.05301800
v 0.03629600 0.02585300 0.05301800
v 0.03629600 0.02585300 0.05301800
v 0.04146000 0.01642400 0.05301800
v 0.04146000 0.01642400 0.05301800
v 0.04146000 0.01642400 0.05301800
v 0.04146000 0.01642400 0.05301800
v 0.04146000 0.01642400 0.05301800
v 0.04146000 0.01642400 0.05301800
v 0.04146000 0.01642400 0.05301800
v 0.03914500 0.02127200 0.05306400
v 0.03914500 0.02127200 0.05306400
v 0.03914500 0.02127200 0.05306400
v 0.03914500 0.02127200 0.05306400
v 0.03914500 0.02127200 0.05306400
v 0.04312400 0.01131100 0.05307200
v 0.04312400 0.01131100 0.05307200
v 0.04312400 0.01131100 0.05307200
v 0.04312400 0.01131100 0.05307200
v 0.04312400 0.01131100 0.05307200
v 0.04464300 0.00061400 0.05301800
v 0.04464300 0.00061400 0.05301800
v 0.04464300 0.00061400 0.05301800
v 0.04464300 0.00061400 0.05301800
v 0.04464300 0.00061400 0.05301800
v 0.04464300 0.00061400 0.05301800
v 0.04353200 -0.01008000 0.05301800
v 0.04353200 -0.01008000 0.05301800
v 0.04353200 -0.01008000 0.05301800
v 0.04353200 -0.01008000 0.05301800
v 0.04353200 -0.01008000 0.05301800
v 0.04353200 -0.01008000 0.05301800
v 0.04441300 -0.00472200 0.05302000
v 0.04441300 -0.00472200 0.05302000
v 0.04441300 -0.00472200 0.05302000
v 0.04441300 -0.00472200 0.05302000
v 0.04441300 -0.00472200 0.05302000
v 0.04441300 -0.00472200 0.05302000
v 0.04199300 -0.01524500 0.05306300
v 0.04199300 -0.01524500 0.05306300
v 0.04199300 -0.01524500 0.05306300
v 0.04199300 -0.01524500 0.05306300
v 0.04199300 -0.01524500 0.05306300
v 0.03717600 -0.02482900 0.05307200
v 0.03717600 -0.02482900 0.05307200
v 0.03717600 -0.02482900 0.05307200
v 0.03717600 -0.02482900 0.05307200
v 0.03717600 -0.02482900 0.05307200
v 0.03990200 -0.02018900 0.05301800
v 0.03990200 -0.02018900 0.05301800
v 0.03990200 -0.02018900 0.05301800
v 0.03990200 -0.02018900 0.05301800
v 0.03990200 -0.02018900 0.05301800
v 0.03990200 -0.02018900 0.05301800
v 0.03990200 -0.02018900 0.05301800
v 0.03018000 -0.03305700 0.05301800
v 0.03018000 -0.03305700 0.05301800
v 0.03018000 -0.03305700 0.05301800
v 0.03018000 -0.03305700 0.05301800
v 0.03018000 -0.03305700 0.05301800
v 0.03018000 -0.03305700 0.05301800
v 0.00994900 0.04372000 0.05306500
v 0.00994900 0.04372000 0.05306500
v 0.00994900 0.04372000 0.05306500
v 0.00994900 0.04372000 0.05306500
v 0.00994900 0.04372000 0.05306500
v 0.00994900 0.04372000 0.05306500
v 0.01521600 0.04218300 0.05306500
v 0.01521600 0.04218300 0.05306500
v 0.01521600 0.04218300 0.05306500
v 0.01521600 0.04218300 0.05306500
v 0.01521600 0.04218300 0.05306500
v 0.01521600 0.04218300 0.05306500
v 0.01508900 0.04206200 0.05296400
v 0.01508900 0.04206200 0.05296400
v 0.01508900 0.04206200 0.05296400
v 0.01508900 0.04206200 0.05296400
v 0.01508900 0.04206200 0.05296400
v 0.01508900 0.04206200 0.05296400
v 0.00984700 0.04353000 0.05295600
v 0.00984700 0.04353000 0.05295600
v 0.00984700 0.04353000 0.05295600
v 0.00984700 0.04353000 0.05295600
v 0.00984700 0.04353000 0.05295600
v 0.00984700 0.04353000 0.05295600
v 0.00984700 0.04353000 0.05295600
v 0.03943600 0.02149300 0.05306500
v 0.03943600 0.02149300 0.05306500
v 0.03943600 0.02149300 0.05306500
v 0.03943600 0.02149300 0.05306500
v 0.03943600 0.02149300 0.05306500
v 0.03943600 0.02149300 0.05306500
v 0.04177700 0.01653200 0.05306500
v 0.04177700 0.01653200 0.05306500
v 0.04177700 0.01653200 0.05306500
v 0.04177700 0.01653200 0.05306500
v 0.04177700 0.01653200 0.05306500
v 0.04177700 0.01653200 0.05306500
v 0.04160300 0.01654700 0.05296400
v 0.04160300 0.01654700 0.05296400
v 0.04160300 0.01654700 0.05296400
v 0.04160300 0.01654700 0.05296400
v 0.04160300 0.01654700 0.05296400
v 0.04160300 0.01654700 0.05296400
v 0.03922600 0.02144400 0.05295600
v 0.03922600 0.02144400 0.05295600
v 0.03922600 0.02144400 0.05295600
v 0.03922600 0.02144400 0.05295600
v 0.03922600 0.02144400 0.05295600
v 0.03922600 0.02144400 0.05295600
v 0.03922600 0.02144400 0.05295600
v 0.00461300 0.04459300 0.05306100
v 0.00461300 0.04459300 0.05306100
v 0.00461300 0.04459300 0.05306100
v 0.00461300 0.04459300 0.05306100
v 0.00461300 0.04459300 0.05306100
v 0.00461300 0.04459300 0.05306100
v 0.00454800 0.04444600 0.05296400
v 0.00454800 0.04444600 0.05296400
v 0.00454800 0.04444600 0.05296400
v 0.00454800 0.04444600 0.05296400
v 0.00454800 0.04444600 0.05296400
v 0.03655100 0.02606700 0.05306100
v 0.03655100 0.02606700 0.05306100
v 0.03655100 0.02606700 0.05306100
v 0.03655100 0.02606700 0.05306100
v 0.03655100 0.02606700 0.05306100
v 0.03655100 0.02606700 0.05306100
v 0.03639800 0.02601800 0.05296400
v 0.03639800 0.02601800 0.05296400
v 0.03639800 0.02601800 0.05296400
v 0.03639800 0.02601800 0.05296400
v 0.03639800 0.02601800 0.05296400
v -0.00086100 0.04467000 0.05296400
v -0.00086100 0.04467000 0.05296400
v -0.00086100 0.04467000 0.05296400
v -0.00086100 0.04467000 0.05296400
v -0.00086100 0.04467000 0.05296400
v -0.00086100 0.04467000 0.05296400
v 0.03297800 0.03021400 0.05296400
v 0.03297800 0.03021400 0.05296400
v 0.03297800 0.03021400 0.05296400
v 0.03297800 0.03021400 0.05296400
v 0.03297800 0.03021400 0.05296400
v 0.03297800 0.03021400 0.05296400
v 0.02616900 -0.03655000 0.05296400
v 0.02616900 -0.03655000 0.05296400
v 0.02616900 -0.03655000 0.05296400
v 0.02616900 -0.03655000 0.05296400
v 0.02616900 -0.03655000 0.05296400
v 0.02616900 -0.03655000 0.05296400
v 0.02159100 -0.03943900 0.05296400
v 0.02159100 -0.03943900 0.05296400
v 0.02159100 -0.03943900 0.05296400
v 0.02159100 -0.03943900 0.05296400
v 0.02159100 -0.03943900 0.05296400
v 0.02621800 -0.03670200 0.05306100
v 0.02621800 -0.03670200 0.05306100
v 0.02621800 -0.03670200 0.05306100
v 0.02621800 -0.03670200 0.05306100
v 0.02621800 -0.03670200 0.05306100
v 0.02621800 -0.03670200 0.05306100
v 0.02164500 -0.03958700 0.05306500
v 0.02164500 -0.03958700 0.05306500
v 0.02164500 -0.03958700 0.05306500
v 0.02164500 -0.03958700 0.05306500
v 0.02164500 -0.03958700 0.05306500
v 0.02164500 -0.03958700 0.05306500
v 0.00619600 -0.04441800 0.05298900
v 0.00619600 -0.04441800 0.05298900
v 0.00619600 -0.04441800 0.05298900
v 0.00619600 -0.04441800 0.05298900
v 0.00619600 -0.04441800 0.05298900
v 0.00619600 -0.04441800 0.05298900
v 0.01156200 -0.04346400 0.05296400
v 0.01156200 -0.04346400 0.05296400
v 0.01156200 -0.04346400 0.05296400
v 0.01156200 -0.04346400 0.05296400
v 0.01156200 -0.04346400 0.05296400
v 0.01156200 -0.04346400 0.05296400
v 0.00625700 -0.04454200 0.05296400
v 0.00625700 -0.04454200 0.05296400
v 0.00625700 -0.04454200 0.05296400
v 0.00625700 -0.04454200 0.05296400
v 0.00625700 -0.04454200 0.05296400
v 0.00625700 -0.04454200 0.05296400
v 0.01152600 -0.04363500 0.05306500
v 0.01152600 -0.04363500 0.05306500
v 0.01152600 -0.04363500 0.05306500
v 0.01152600 -0.04363500 0.05306500
v 0.01152600 -0.04363500 0.05306500
v 0.00620100 -0.04470800 0.05306500
v 0.00620100 -0.04470800 0.05306500
v 0.00620100 -0.04470800 0.05306500
v 0.00620100 -0.04470800 0.05306500
v 0.00620100 -0.04470800 0.05306500
v 0.00620100 -0.04470800 0.05306500
v -0.00457700 -0.04461500 0.05298900
v -0.00457700 -0.04461500 0.05298900
v -0.00457700 -0.04461500 0.05298900
v -0.00457700 -0.04461500 0.05298900
v -0.00457700 -0.04461500 0.05298900
v -0.00454800 -0.04475000 0.05296400
v -0.00454800 -0.04475000 0.05296400
v -0.00454800 -0.04475000 0.05296400
v -0.00454800 -0.04475000 0.05296400
v -0.00454800 -0.04475000 0.05296400
v -0.00454800 -0.04475000 0.05296400
v -0.00989100 -0.04387600 0.05296400
v -0.00989100 -0.04387600 0.05296400
v -0.00989100 -0.04387600 0.05296400
v -0.00989100 -0.04387600 0.05296400
v -0.00989100 -0.04387600 0.05296400
v -0.00989100 -0.04387600 0.05296400
v -0.00464200 -0.04489700 0.05306500
v -0.00464200 -0.04489700 0.05306500
v -0.00464200 -0.04489700 0.05306500
v -0.00464200 -0.04489700 0.05306500
v -0.00464200 -0.04489700 0.05306500
v -0.00464200 -0.04489700 0.05306500
v -0.00997300 -0.04401400 0.05306100
v -0.00997300 -0.04401400 0.05306100
v -0.00997300 -0.04401400 0.05306100
v -0.00997300 -0.04401400 0.05306100
v -0.00997300 -0.04401400 0.05306100
v -0.00997300 -0.04401400 0.05306100
v -0.02471600 -0.03739500 0.05298900
v -0.02471600 -0.03739500 0.05298900
v -0.02471600 -0.03739500 0.05298900
v -0.02471600 -0.03739500 0.05298900
v -0.02471600 -0.03739500 0.05298900
v -0.02001500 -0.04020800 0.05295600
v -0.02001500 -0.04020800 0.05295600
v -0.02001500 -0.04020800 0.05295600
v -0.02001500 -0.04020800 0.05295600
v -0.02001500 -0.04020800 0.05295600
v -0.02001500 -0.04020800 0.05295600
v -0.02001500 -0.04020800 0.05295600
v -0.02475300 -0.03752700 0.05296400
v -0.02475300 -0.03752700 0.05296400
v -0.02475300 -0.03752700 0.05296400
v -0.02475300 -0.03752700 0.05296400
v -0.02475300 -0.03752700 0.05296400
v -0.02475300 -0.03752700 0.05296400
v -0.02020800 -0.04034300 0.05306500
v -0.02020800 -0.04034300 0.05306500
v -0.02020800 -0.04034300 0.05306500
v -0.02020800 -0.04034300 0.05306500
v -0.02020800 -0.04034300 0.05306500
v -0.02020800 -0.04034300 0.05306500
v -0.02490500 -0.03761400 0.05306500
v -0.02490500 -0.03761400 0.05306500
v -0.02490500 -0.03761400 0.05306500
v -0.02490500 -0.03761400 0.05306500
v -0.02490500 -0.03761400 0.05306500
v -0.02490500 -0.03761400 0.05306500
v -0.03291800 -0.03050700 0.05295600
v -0.03291800 -0.03050700 0.05295600
v -0.03291800 -0.03050700 0.05295600
v -0.03291800 -0.03050700 0.05295600
v -0.03291800 -0.03050700 0.05295600
v -0.03291800 -0.03050700 0.05295600
v -0.03291800 -0.03050700 0.05295600
v -0.02907800 -0.03427100 0.05296400
v -0.02907800 -0.03427100 0.05296400
v -0.02907800 -0.03427100 0.05296400
v -0.02907800 -0.03427100 0.05296400
v -0.02907800 -0.03427100 0.05296400
v -0.02921400 -0.03435500 0.05306100
v -0.02921400 -0.03435500 0.05306100
v -0.02921400 -0.03435500 0.05306100
v -0.02921400 -0.03435500 0.05306100
v -0.02921400 -0.03435500 0.05306100
v -0.02921400 -0.03435500 0.05306100
v -0.03311000 -0.03060500 0.05306500
v -0.03311000 -0.03060500 0.05306500
v -0.03311000 -0.03060500 0.05306500
v -0.03311000 -0.03060500 0.05306500
v -0.03311000 -0.03060500 0.05306500
v -0.03311000 -0.03060500 0.05306500
v -0.03639800 -0.02632100 0.05296400
v -0.03639800 -0.02632100 0.05296400
v -0.03639800 -0.02632100 0.05296400
v -0.03639800 -0.02632100 0.05296400
v -0.03639800 -0.02632100 0.05296400
v -0.03639800 -0.02632100 0.05296400
v -0.03657100 -0.02634800 0.05306500
v -0.03657100 -0.02634800 0.05306500
v -0.03657100 -0.02634800 0.05306500
v -0.03657100 -0.02634800 0.05306500
v -0.03657100 -0.02634800 0.05306500
v -0.03657100 -0.02634800 0.05306500
v -0.03919300 -0.02164300 0.05298900
v -0.03919300 -0.02164300 0.05298900
v -0.03919300 -0.02164300 0.05298900
v -0.03919300 -0.02164300 0.05298900
v -0.03919300 -0.02164300 0.05298900
v -0.03928700 -0.02174300 0.05296400
v -0.03928700 -0.02174300 0.05296400
v -0.03928700 -0.02174300 0.05296400
v -0.03928700 -0.02174300 0.05296400
v -0.03928700 -0.02174300 0.05296400
v -0.03928700 -0.02174300 0.05296400
v -0.04160300 -0.01685000 0.05296400
v -0.04160300 -0.01685000 0.05296400
v -0.04160300 -0.01685000 0.05296400
v -0.04160300 -0.01685000 0.05296400
v -0.04160300 -0.01685000 0.05296400
v -0.03944500 -0.02177300 0.05306100
v -0.03944500 -0.02177300 0.05306100
v -0.03944500 -0.02177300 0.05306100
v -0.03944500 -0.02177300 0.05306100
v -0.03944500 -0.02177300 0.05306100
v -0.03944500 -0.02177300 0.05306100
v -0.04175700 -0.01688500 0.05306500
v -0.04175700 -0.01688500 0.05306500
v -0.04175700 -0.01688500 0.05306500
v -0.04175700 -0.01688500 0.05306500
v -0.04175700 -0.01688500 0.05306500
v -0.04175700 -0.01688500 0.05306500
v -0.04325500 -0.01173200 0.05295600
v -0.04325500 -0.01173200 0.05295600
v -0.04325500 -0.01173200 0.05295600
v -0.04325500 -0.01173200 0.05295600
v -0.04325500 -0.01173200 0.05295600
v -0.04325500 -0.01173200 0.05295600
v -0.04325500 -0.01173200 0.05295600
v -0.04348400 -0.01167800 0.05306500
v -0.04348400 -0.01167800 0.05306500
v -0.04348400 -0.01167800 0.05306500
v -0.04348400 -0.01167800 0.05306500
v -0.04348400 -0.01167800 0.05306500
v -0.04348400 -0.01167800 0.05306500
v -0.04469100 -0.00096700 0.05298900
v -0.04469100 -0.00096700 0.05298900
v -0.04469100 -0.00096700 0.05298900
v -0.04469100 -0.00096700 0.05298900
v -0.04469100 -0.00096700 0.05298900
v -0.04469100 -0.00096700 0.05298900
v -0.04439100 -0.00640800 0.05296400
v -0.04439100 -0.00640800 0.05296400
v -0.04439100 -0.00640800 0.05296400
v -0.04439100 -0.00640800 0.05296400
v -0.04439100 -0.00640800 0.05296400
v -0.04439100 -0.00640800 0.05296400
v -0.04482100 -0.00101200 0.05296400
v -0.04482100 -0.00101200 0.05296400
v -0.04482100 -0.00101200 0.05296400
v -0.04482100 -0.00101200 0.05296400
v -0.04482100 -0.00101200 0.05296400
v -0.04455600 -0.00635200 0.05306500
v -0.04455600 -0.00635200 0.05306500
v -0.04455600 -0.00635200 0.05306500
v -0.04455600 -0.00635200 0.05306500
v -0.04455600 -0.00635200 0.05306500
v -0.04455600 -0.00635200 0.05306500
v -0.04497500 -0.00096600 0.05306100
v -0.04497500 -0.00096600 0.05306100
v -0.04497500 -0.00096600 0.05306100
v -0.04497500 -0.00096600 0.05306100
v -0.04497500 -0.00096600 0.05306100
v -0.04497500 -0.00096600 0.05306100
v -0.04207600 0.01493300 0.05298900
v -0.04207600 0.01493300 0.05298900
v -0.04207600 0.01493300 0.05298900
v -0.04207600 0.01493300 0.05298900
v -0.04207600 0.01493300 0.05298900
v -0.04372500 0.00973900 0.05296400
v -0.04372500 0.00973900 0.05296400
v -0.04372500 0.00973900 0.05296400
v -0.04372500 0.00973900 0.05296400
v -0.04372500 0.00973900 0.05296400
v -0.04372500 0.00973900 0.05296400
v -0.04221400 0.01493800 0.05296400
v -0.04221400 0.01493800 0.05296400
v -0.04221400 0.01493800 0.05296400
v -0.04221400 0.01493800 0.05296400
v -0.04221400 0.01493800 0.05296400
v -0.04221400 0.01493800 0.05296400
v -0.04386000 0.00985000 0.05306500
v -0.04386000 0.00985000 0.05306500
v -0.04386000 0.00985000 0.05306500
v -0.04386000 0.00985000 0.05306500
v -0.04386000 0.00985000 0.05306500
v -0.04386000 0.00985000 0.05306500
v -0.04234100 0.01503500 0.05306100
v -0.04234100 0.01503500 0.05306100
v -0.04234100 0.01503500 0.05306100
v -0.04234100 0.01503500 0.05306100
v -0.04234100 0.01503500 0.05306100
v -0.04234100 0.01503500 0.05306100
v -0.03735200 0.02454600 0.05295600
v -0.03735200 0.02454600 0.05295600
v -0.03735200 0.02454600 0.05295600
v -0.03735200 0.02454600 0.05295600
v -0.03735200 0.02454600 0.05295600
v -0.03735200 0.02454600 0.05295600
v -0.03735200 0.02454600 0.05295600
v -0.03412000 0.02892600 0.05296400
v -0.03412000 0.02892600 0.05296400
v -0.03412000 0.02892600 0.05296400
v -0.03412000 0.02892600 0.05296400
v -0.03412000 0.02892600 0.05296400
v -0.03412000 0.02892600 0.05296400
v -0.03746300 0.02475300 0.05306500
v -0.03746300 0.02475300 0.05306500
v -0.03746300 0.02475300 0.05306500
v -0.03746300 0.02475300 0.05306500
v -0.03746300 0.02475300 0.05306500
v -0.03746300 0.02475300 0.05306500
v -0.03418800 0.02908700 0.05306500
v -0.03418800 0.02908700 0.05306500
v -0.03418800 0.02908700 0.05306500
v -0.03418800 0.02908700 0.05306500
v -0.03418800 0.02908700 0.05306500
v -0.03418800 0.02908700 0.05306500
v -0.03024600 0.03275900 0.05298900
v -0.03024600 0.03275900 0.05298900
v -0.03024600 0.03275900 0.05298900
v -0.03024600 0.03275900 0.05298900
v -0.03024600 0.03275900 0.05298900
v -0.03024600 0.03275900 0.05298900
v -0.02616700 0.03618600 0.05295600
v -0.02616700 0.03618600 0.05295600
v -0.02616700 0.03618600 0.05295600
v -0.02616700 0.03618600 0.05295600
v -0.02616700 0.03618600 0.05295600
v -0.02616700 0.03618600 0.05295600
v -0.02616700 0.03618600 0.05295600
v -0.03036600 0.03282700 0.05296400
v -0.03036600 0.03282700 0.05296400
v -0.03036600 0.03282700 0.05296400
v -0.03036600 0.03282700 0.05296400
v -0.03036600 0.03282700 0.05296400
v -0.03043300 0.03297300 0.05306100
v -0.03043300 0.03297300 0.05306100
v -0.03043300 0.03297300 0.05306100
v -0.03043300 0.03297300 0.05306100
v -0.03043300 0.03297300 0.05306100
v -0.03043300 0.03297300 0.05306100
v -0.02624100 0.03638800 0.05306500
v -0.02624100 0.03638800 0.05306500
v -0.02624100 0.03638800 0.05306500
v -0.02624100 0.03638800 0.05306500
v -0.02624100 0.03638800 0.05306500
v -0.02624100 0.03638800 0.05306500
v -0.02159200 0.03913600 0.05296400
v -0.02159200 0.03913600 0.05296400
v -0.02159200 0.03913600 0.05296400
v -0.02159200 0.03913600 0.05296400
v -0.02159200 0.03913600 0.05296400
v -0.02159200 0.03913600 0.05296400
v -0.02159800 0.03931000 0.05306500
v -0.02159800 0.03931000 0.05306500
v -0.02159800 0.03931000 0.05306500
v -0.02159800 0.03931000 0.05306500
v -0.02159800 0.03931000 0.05306500
v -0.01661000 0.04134600 0.05298900
v -0.01661000 0.04134600 0.05298900
v -0.01661000 0.04134600 0.05298900
v -0.01661000 0.04134600 0.05298900
v -0.01661000 0.04134600 0.05298900
v -0.01661000 0.04134600 0.05298900
v -0.01158100 0.04310300 0.05295600
v -0.01158100 0.04310300 0.05295600
v -0.01158100 0.04310300 0.05295600
v -0.01158100 0.04310300 0.05295600
v -0.01158100 0.04310300 0.05295600
v -0.01158100 0.04310300 0.05295600
v -0.01158100 0.04310300 0.05295600
v -0.01669900 0.04145200 0.05296400
v -0.01669900 0.04145200 0.05296400
v -0.01669900 0.04145200 0.05296400
v -0.01669900 0.04145200 0.05296400
v -0.01669900 0.04145200 0.05296400
v -0.01671000 0.04161200 0.05306100
v -0.01671000 0.04161200 0.05306100
v -0.01671000 0.04161200 0.05306100
v -0.01671000 0.04161200 0.05306100
v -0.01671000 0.04161200 0.05306100
v -0.01671000 0.04161200 0.05306100
v -0.01157800 0.04331800 0.05306500
v -0.01157800 0.04331800 0.05306500
v -0.01157800 0.04331800 0.05306500
v -0.01157800 0.04331800 0.05306500
v -0.01157800 0.04331800 0.05306500
v -0.01157800 0.04331800 0.05306500
v -0.00625700 0.04423900 0.05296400
v -0.00625700 0.04423900 0.05296400
v -0.00625700 0.04423900 0.05296400
v -0.00625700 0.04423900 0.05296400
v -0.00625700 0.04423900 0.05296400
v -0.00625700 0.04423900 0.05296400
v -0.00620100 0.04440500 0.05306500
v -0.00620100 0.04440500 0.05306500
v -0.00620100 0.04440500 0.05306500
v -0.00620100 0.04440500 0.05306500
v -0.00620100 0.04440500 0.05306500
v -0.00620100 0.04440500 0.05306500
v 0.02004700 0.03980000 0.05298900
v 0.02004700 0.03980000 0.05298900
v 0.02004700 0.03980000 0.05298900
v 0.02004700 0.03980000 0.05298900
v 0.02004700 0.03980000 0.05298900
v 0.02004700 0.03980000 0.05298900
v 0.02469700 0.03720000 0.05295600
v 0.02469700 0.03720000 0.05295600
v 0.02469700 0.03720000 0.05295600
v 0.02469700 0.03720000 0.05295600
v 0.02469700 0.03720000 0.05295600
v 0.02469700 0.03720000 0.05295600
v 0.02469700 0.03720000 0.05295600
v 0.02006700 0.03993500 0.05296400
v 0.02006700 0.03993500 0.05296400
v 0.02006700 0.03993500 0.05296400
v 0.02006700 0.03993500 0.05296400
v 0.02006700 0.03993500 0.05296400
v 0.02018000 0.04005000 0.05306100
v 0.02018000 0.04005000 0.05306100
v 0.02018000 0.04005000 0.05306100
v 0.02018000 0.04005000 0.05306100
v 0.02018000 0.04005000 0.05306100
v 0.02018000 0.04005000 0.05306100
v 0.02486000 0.03734100 0.05306500
v 0.02486000 0.03734100 0.05306500
v 0.02486000 0.03734100 0.05306500
v 0.02486000 0.03734100 0.05306500
v 0.02486000 0.03734100 0.05306500
v 0.02486000 0.03734100 0.05306500
v 0.02907800 0.03396800 0.05296400
v 0.02907800 0.03396800 0.05296400
v 0.02907800 0.03396800 0.05296400
v 0.02907800 0.03396800 0.05296400
v 0.02907800 0.03396800 0.05296400
v 0.02907800 0.03396800 0.05296400
v 0.02923900 0.03403600 0.05306500
v 0.02923900 0.03403600 0.05306500
v 0.02923900 0.03403600 0.05306500
v 0.02923900 0.03403600 0.05306500
v 0.02923900 0.03403600 0.05306500
v 0.02923900 0.03403600 0.05306500
v 0.04319700 0.01133600 0.05298900
v 0.04319700 0.01133600 0.05298900
v 0.04319700 0.01133600 0.05298900
v 0.04319700 0.01133600 0.05298900
v 0.04319700 0.01133600 0.05298900
v 0.04319700 0.01133600 0.05298900
v 0.04433500 0.00613100 0.05295600
v 0.04433500 0.00613100 0.05295600
v 0.04433500 0.00613100 0.05295600
v 0.04433500 0.00613100 0.05295600
v 0.04433500 0.00613100 0.05295600
v 0.04433500 0.00613100 0.05295600
v 0.04433500 0.00613100 0.05295600
v 0.04331300 0.01141000 0.05296400
v 0.04331300 0.01141000 0.05296400
v 0.04331300 0.01141000 0.05296400
v 0.04331300 0.01141000 0.05296400
v 0.04331300 0.01141000 0.05296400
v 0.04347300 0.01140200 0.05306100
v 0.04347300 0.01140200 0.05306100
v 0.04347300 0.01140200 0.05306100
v 0.04347300 0.01140200 0.05306100
v 0.04347300 0.01140200 0.05306100
v 0.04347300 0.01140200 0.05306100
v 0.04454800 0.00610300 0.05306500
v 0.04454800 0.00610300 0.05306500
v 0.04454800 0.00610300 0.05306500
v 0.04454800 0.00610300 0.05306500
v 0.04454800 0.00610300 0.05306500
v 0.04454800 0.00610300 0.05306500
v 0.04487300 0.00069800 0.05297100
v 0.04487300 0.00069800 0.05297100
v 0.04487300 0.00069800 0.05297100
v 0.04487300 0.00069800 0.05297100
v 0.04487300 0.00069800 0.05297100
v 0.04487300 0.00069800 0.05297100
v 0.04487300 0.00069800 0.05297100
v 0.04498500 0.00065200 0.05310500
v 0.04498500 0.00065200 0.05310500
v 0.04498500 0.00065200 0.05310500
v 0.04498500 0.00065200 0.05310500
v 0.04498500 0.00065200 0.05310500
v 0.04459800 -0.00470000 0.05296400
v 0.04459800 -0.00470000 0.05296400
v 0.04459800 -0.00470000 0.05296400
v 0.04459800 -0.00470000 0.05296400
v 0.04459800 -0.00470000 0.05296400
v 0.04372400 -0.01004200 0.05296400
v 0.04372400 -0.01004200 0.05296400
v 0.04372400 -0.01004200 0.05296400
v 0.04372400 -0.01004200 0.05296400
v 0.04372400 -0.01004200 0.05296400
v 0.04474500 -0.00479500 0.05306500
v 0.04474500 -0.00479500 0.05306500
v 0.04474500 -0.00479500 0.05306500
v 0.04474500 -0.00479500 0.05306500
v 0.04474500 -0.00479500 0.05306500
v 0.04474500 -0.00479500 0.05306500
v 0.04474500 -0.00479500 0.05306500
v 0.04474500 -0.00479500 0.05306500
v 0.04386200 -0.01012400 0.05306100
v 0.04386200 -0.01012400 0.05306100
v 0.04386200 -0.01012400 0.05306100
v 0.04386200 -0.01012400 0.05306100
v 0.04386200 -0.01012400 0.05306100
v 0.03724300 -0.02486800 0.05298900
v 0.03724300 -0.02486800 0.05298900
v 0.03724300 -0.02486800 0.05298900
v 0.03724300 -0.02486800 0.05298900
v 0.03724300 -0.02486800 0.05298900
v 0.03724300 -0.02486800 0.05298900
v 0.04008700 -0.02021900 0.05296400
v 0.04008700 -0.02021900 0.05296400
v 0.04008700 -0.02021900 0.05296400
v 0.04008700 -0.02021900 0.05296400
v 0.04008700 -0.02021900 0.05296400
v 0.04008700 -0.02021900 0.05296400
v 0.03737600 -0.02490500 0.05296400
v 0.03737600 -0.02490500 0.05296400
v 0.03737600 -0.02490500 0.05296400
v 0.03737600 -0.02490500 0.05296400
v 0.03737600 -0.02490500 0.05296400
v 0.04019100 -0.02035900 0.05306500
v 0.04019100 -0.02035900 0.05306500
v 0.04019100 -0.02035900 0.05306500
v 0.04019100 -0.02035900 0.05306500
v 0.04019100 -0.02035900 0.05306500
v 0.04019100 -0.02035900 0.05306500
v 0.03747600 -0.02503000 0.05306100
v 0.03747600 -0.02503000 0.05306100
v 0.03747600 -0.02503000 0.05306100
v 0.03747600 -0.02503000 0.05306100
v 0.03747600 -0.02503000 0.05306100
v 0.03747600 -0.02503000 0.05306100
v 0.03036600 -0.03313000 0.05296400
v 0.03036600 -0.03313000 0.05296400
v 0.03036600 -0.03313000 0.05296400
v 0.03036600 -0.03313000 0.05296400
v 0.03036600 -0.03313000 0.05296400
v 0.03036600 -0.03313000 0.05296400
v 0.01671000 -0.04169500 0.05295600
v 0.01671000 -0.04169500 0.05295600
v 0.01671000 -0.04169500 0.05295600
v 0.01671000 -0.04169500 0.05295600
v 0.01671000 -0.04169500 0.05295600
v 0.01671000 -0.04169500 0.05295600
v 0.01671000 -0.04169500 0.05295600
v 0.01673300 -0.04190900 0.05306500
v 0.01673300 -0.04190900 0.05306500
v 0.01673300 -0.04190900 0.05306500
v 0.01673300 -0.04190900 0.05306500
v 0.01673300 -0.04190900 0.05306500
v 0.01673300 -0.04190900 0.05306500
v 0.00081600 -0.04484300 0.05298900
v 0.00081600 -0.04484300 0.05298900
v 0.00081600 -0.04484300 0.05298900
v 0.00081600 -0.04484300 0.05298900
v 0.00081600 -0.04484300 0.05298900
v 0.00081600 -0.04484300 0.05298900
v 0.00086000 -0.04497300 0.05296400
v 0.00086000 -0.04497300 0.05296400
v 0.00086000 -0.04497300 0.05296400
v 0.00086000 -0.04497300 0.05296400
v 0.00086000 -0.04497300 0.05296400
v 0.00086000 -0.04497300 0.05296400
v 0.00081400 -0.04512600 0.05306100
v 0.00081400 -0.04512600 0.05306100
v 0.00081400 -0.04512600 0.05306100
v 0.00081400 -0.04512600 0.05306100
v 0.00081400 -0.04512600 0.05306100
v 0.00081400 -0.04512600 0.05306100
v -0.01508900 -0.04236500 0.05296400
v -0.01508900 -0.04236500 0.05296400
v -0.01508900 -0.04236500 0.05296400
v -0.01508900 -0.04236500 0.05296400
v -0.01508900 -0.04236500 0.05296400
v -0.01516500 -0.04250400 0.05306500
v -0.01516500 -0.04250400 0.05306500
v -0.01516500 -0.04250400 0.05306500
v -0.01516500 -0.04250400 0.05306500
v -0.01516500 -0.04250400 0.05306500
v -0.01516500 -0.04250400 0.05306500
v -0.04455100 0.00435800 0.05295600
v -0.04455100 0.00435800 0.05295600
v -0.04455100 0.00435800 0.05295600
v -0.04455100 0.00435800 0.05295600
v -0.04455100 0.00435800 0.05295600
v -0.04455100 0.00435800 0.05295600
v -0.04455100 0.00435800 0.05295600
v -0.04475100 0.00443700 0.05306500
v -0.04475100 0.00443700 0.05306500
v -0.04475100 0.00443700 0.05306500
v -0.04475100 0.00443700 0.05306500
v -0.04475100 0.00443700 0.05306500
v -0.04475100 0.00443700 0.05306500
v -0.04008700 0.01991600 0.05296400
v -0.04008700 0.01991600 0.05296400
v -0.04008700 0.01991600 0.05296400
v -0.04008700 0.01991600 0.05296400
v -0.04008700 0.01991600 0.05296400
v -0.04021600 0.02000800 0.05306500
v -0.04021600 0.02000800 0.05306500
v -0.04021600 0.02000800 0.05306500
v -0.04021600 0.02000800 0.05306500
v -0.04021600 0.02000800 0.05306500
v -0.04021600 0.02000800 0.05306500
v 0.04217600 -0.01519200 0.05295600
v 0.04217600 -0.01519200 0.05295600
v 0.04217600 -0.01519200 0.05295600
v 0.04217600 -0.01519200 0.05295600
v 0.04217600 -0.01519200 0.05295600
v 0.04217600 -0.01519200 0.05295600
v 0.04217600 -0.01519200 0.05295600
v 0.04235200 -0.01531600 0.05306500
v 0.04235200 -0.01531600 0.05306500
v 0.04235200 -0.01531600 0.05306500
v 0.04235200 -0.01531600 0.05306500
v 0.04235200 -0.01531600 0.05306500
v 0.04235200 -0.01531600 0.05306500
v 0.03410200 -0.02917100 0.05295600
v 0.03410200 -0.02917100 0.05295600
v 0.03410200 -0.02917100 0.05295600
v 0.03410200 -0.02917100 0.05295600
v 0.03410200 -0.02917100 0.05295600
v 0.03410200 -0.02917100 0.05295600
v 0.03410200 -0.02917100 0.05295600
v 0.03422200 -0.02934900 0.05306500
v 0.03422200 -0.02934900 0.05306500
v 0.03422200 -0.02934900 0.05306500
v 0.03422200 -0.02934900 0.05306500
v 0.03422200 -0.02934900 0.05306500
v 0.03422200 -0.02934900 0.05306500
v -0.00000000 -0.04477200 0.05274700
v -0.00000000 -0.04477200 0.05274700
v -0.00000000 -0.04477200 0.05274700
v -0.00000000 -0.04477200 0.05274700
v -0.00754100 -0.04413000 0.05274700
v -0.00754100 -0.04413000 0.05274700
v -0.00754100 -0.04413000 0.05274700
v -0.01486500 -0.04222300 0.05274700
v -0.01486500 -0.04222300 0.05274700
v -0.01486500 -0.04222300 0.05274700
v -0.01486500 -0.04222300 0.05274700
v -0.02803200 -0.03486800 0.05274700
v -0.02803200 -0.03486800 0.05274700
v -0.02803200 -0.03486800 0.05274700
v -0.02176100 -0.03910600 0.05274700
v -0.02176100 -0.03910600 0.05274700
v -0.02176100 -0.03910600 0.05274700
v -0.03349600 -0.02963100 0.05274700
v -0.03349600 -0.02963100 0.05274700
v -0.03349600 -0.02963100 0.05274700
v -0.03349600 -0.02963100 0.05274700
v -0.04140300 -0.01678900 0.05274700
v -0.04140300 -0.01678900 0.05274700
v -0.04140300 -0.01678900 0.05274700
v -0.04140300 -0.01678900 0.05274700
v -0.03799600 -0.02354600 0.05274700
v -0.03799600 -0.02354600 0.05274700
v -0.03799600 -0.02354600 0.05274700
v -0.04458100 -0.00204500 0.05274700
v -0.04458100 -0.00204500 0.05274700
v -0.04458100 -0.00204500 0.05274700
v -0.04361900 -0.00955200 0.05274700
v -0.04361900 -0.00955200 0.05274700
v -0.04361900 -0.00955200 0.05274700
v -0.04425900 0.00551600 0.05274700
v -0.04425900 0.00551600 0.05274700
v -0.04425900 0.00551600 0.05274700
v -0.04425900 0.00551600 0.05274700
v -0.04266500 0.01291400 0.05274700
v -0.04266500 0.01291400 0.05274700
v -0.04266500 0.01291400 0.05274700
v -0.03984300 0.01993700 0.05274700
v -0.03984300 0.01993700 0.05274700
v -0.03984300 0.01993700 0.05274700
v -0.03984300 0.01993700 0.05274700
v -0.03087500 0.03206300 0.05274700
v -0.03087500 0.03206300 0.05274700
v -0.03087500 0.03206300 0.05274700
v -0.03587500 0.02638100 0.05274700
v -0.03587500 0.02638100 0.05274700
v -0.03587500 0.02638100 0.05274700
v -0.02498700 0.03681700 0.05274700
v -0.02498700 0.03681700 0.05274700
v -0.02498700 0.03681700 0.05274700
v -0.02498700 0.03681700 0.05274700
v -0.01837900 0.04050800 0.05274700
v -0.01837900 0.04050800 0.05274700
v -0.01837900 0.04050800 0.05274700
v -0.01124400 0.04302900 0.05274700
v -0.01124400 0.04302900 0.05274700
v -0.01124400 0.04302900 0.05274700
v -0.01124400 0.04302900 0.05274700
v 0.00378400 0.04430800 0.05274700
v 0.00378400 0.04430800 0.05274700
v 0.00378400 0.04430800 0.05274700
v 0.00378400 0.04430800 0.05274700
v -0.00378400 0.04430800 0.05274700
v -0.00378400 0.04430800 0.05274700
v -0.00378400 0.04430800 0.05274700
v 0.01124300 0.04302900 0.05274700
v 0.01124300 0.04302900 0.05274700
v 0.01124300 0.04302900 0.05274700
v 0.01837900 0.04050800 0.05274700
v 0.01837900 0.04050800 0.05274700
v 0.01837900 0.04050800 0.05274700
v 0.02498600 0.03681700 0.05274700
v 0.02498600 0.03681700 0.05274700
v 0.02498600 0.03681700 0.05274700
v 0.02498600 0.03681700 0.05274700
v 0.03587500 0.02638100 0.05274700
v 0.03587500 0.02638100 0.05274700
v 0.03587500 0.02638100 0.05274700
v 0.03587500 0.02638100 0.05274700
v 0.03087500 0.03206300 0.05274700
v 0.03087500 0.03206300 0.05274700
v 0.03087500 0.03206300 0.05274700
v 0.03984300 0.01993700 0.05274700
v 0.03984300 0.01993700 0.05274700
v 0.03984300 0.01993700 0.05274700
v 0.04266500 0.01291400 0.05274700
v 0.04266500 0.01291400 0.05274700
v 0.04266500 0.01291400 0.05274700
v 0.04425900 0.00551600 0.05274700
v 0.04425900 0.00551600 0.05274700
v 0.04425900 0.00551600 0.05274700
v 0.04425900 0.00551600 0.05274700
v 0.04361900 -0.00955200 0.05274700
v 0.04361900 -0.00955200 0.05274700
v 0.04361900 -0.00955200 0.05274700
v 0.04361900 -0.00955200 0.05274700
v 0.04458000 -0.00204500 0.05274700
v 0.04458000 -0.00204500 0.05274700
v 0.04458000 -0.00204500 0.05274700
v 0.03799600 -0.02354600 0.05274700
v 0.03799600 -0.02354600 0.05274700
v 0.03799600 -0.02354600 0.05274700
v 0.04140300 -0.01678900 0.05274700
v 0.04140300 -0.01678900 0.05274700
v 0.04140300 -0.01678900 0.05274700
v 0.03349500 -0.02963100 0.05274700
v 0.03349500 -0.02963100 0.05274700
v 0.03349500 -0.02963100 0.05274700
v 0.03349500 -0.02963100 0.05274700
v 0.02176100 -0.03910600 0.05274700
v 0.02176100 -0.03910600 0.05274700
v 0.02176100 -0.03910600 0.05274700
v 0.02176100 -0.03910600 0.05274700
v 0.02803100 -0.03486800 0.05274700
v 0.02803100 -0.03486800 0.05274700
v 0.02803100 -0.03486800 0.05274700
v 0.00754100 -0.04413000 0.05274700
v 0.00754100 -0.04413000 0.05274700
v 0.00754100 -0.04413000 0.05274700
v 0.01486500 -0.04222300 0.05274700
v 0.01486500 -0.04222300 0.05274700
v 0.01486500 -0.04222300 0.05274700
v -0.01273000 -0.03512700 0.19754500
v -0.01273000 -0.03512700 0.19754500
v -0.01273000 -0.03512700 0.19754500
v -0.01861000 -0.03238600 0.19754500
v -0.01861000 -0.03238600 0.19754500
v -0.01861000 -0.03238600 0.19754500
v -0.01861000 -0.03238600 0.19754500
v -0.02392500 -0.02866400 0.19754500
v -0.02392500 -0.02866400 0.19754500
v -0.02392500 -0.02866400 0.19754500
v -0.02851300 -0.02407600 0.19754500
v -0.02851300 -0.02407600 0.19754500
v -0.02851300 -0.02407600 0.19754500
v -0.03223400 -0.01876200 0.19754500
v -0.03223400 -0.01876200 0.19754500
v -0.03223400 -0.01876200 0.19754500
v -0.03223400 -0.01876200 0.19754500
v -0.03497600 -0.01288200 0.19754500
v -0.03497600 -0.01288200 0.19754500
v -0.03497600 -0.01288200 0.19754500
v -0.03665500 -0.00661500 0.19754500
v -0.03665500 -0.00661500 0.19754500
v -0.03665500 -0.00661500 0.19754500
v -0.03722100 -0.00015200 0.19754500
v -0.03722100 -0.00015200 0.19754500
v -0.03722100 -0.00015200 0.19754500
v -0.03722100 -0.00015200 0.19754500
v -0.03665500 0.00631200 0.19754500
v -0.03665500 0.00631200 0.19754500
v -0.03665500 0.00631200 0.19754500
v -0.03497600 0.01257900 0.19754500
v -0.03497600 0.01257900 0.19754500
v -0.03497600 0.01257900 0.19754500
v -0.03223400 0.01845900 0.19754500
v -0.03223400 0.01845900 0.19754500
v -0.03223400 0.01845900 0.19754500
v -0.02851300 0.02377300 0.19754500
v -0.02851300 0.02377300 0.19754500
v -0.02851300 0.02377300 0.19754500
v -0.02851300 0.02377300 0.19754500
v -0.02392500 0.02836100 0.19754500
v -0.02392500 0.02836100 0.19754500
v -0.02392500 0.02836100 0.19754500
v -0.01861000 0.03208200 0.19754500
v -0.01861000 0.03208200 0.19754500
v -0.01861000 0.03208200 0.19754500
v -0.01273000 0.03482400 0.19754500
v -0.01273000 0.03482400 0.19754500
v -0.01273000 0.03482400 0.19754500
v -0.01273000 0.03482400 0.19754500
v -0.00646300 0.03650400 0.19754500
v -0.00646300 0.03650400 0.19754500
v -0.00646300 0.03650400 0.19754500
v -0.00000000 0.03706900 0.19754500
v -0.00000000 0.03706900 0.19754500
v -0.00000000 0.03706900 0.19754500
v 0.00646300 0.03650400 0.19754500
v 0.00646300 0.03650400 0.19754500
v 0.00646300 0.03650400 0.19754500
v 0.00646300 0.03650400 0.19754500
v 0.01273000 0.03482400 0.19754500
v 0.01273000 0.03482400 0.19754500
v 0.01273000 0.03482400 0.19754500
v 0.01861000 0.03208200 0.19754500
v 0.01861000 0.03208200 0.19754500
v 0.01861000 0.03208200 0.19754500
v 0.02392500 0.02836100 0.19754500
v 0.02392500 0.02836100 0.19754500
v 0.02392500 0.02836100 0.19754500
v 0.02392500 0.02836100 0.19754500
v 0.02851200 0.02377300 0.19754500
v 0.02851200 0.02377300 0.19754500
v 0.02851200 0.02377300 0.19754500
v 0.03223400 0.01845900 0.19754500
v 0.03223400 0.01845900 0.19754500
v 0.03223400 0.01845900 0.19754500
v 0.03497600 0.01257900 0.19754500
v 0.03497600 0.01257900 0.19754500
v 0.03497600 0.01257900 0.19754500
v 0.03665500 0.00631200 0.19754500
v 0.03665500 0.00631200 0.19754500
v 0.03665500 0.00631200 0.19754500
v 0.03665500 0.00631200 0.19754500
v 0.03722000 -0.00015200 0.19754500
v 0.03722000 -0.00015200 0.19754500
v 0.03722000 -0.00015200 0.19754500
v 0.03665500 -0.00661500 0.19754500
v 0.03665500 -0.00661500 0.19754500
v 0.03665500 -0.00661500 0.19754500
v 0.03497600 -0.01288200 0.19754500
v 0.03497600 -0.01288200 0.19754500
v 0.03497600 -0.01288200 0.19754500
v 0.03497600 -0.01288200 0.19754500
v 0.03223400 -0.01876200 0.19754500
v 0.03223400 -0.01876200 0.19754500
v 0.03223400 -0.01876200 0.19754500
v 0.02851200 -0.02407600 0.19754500
v 0.02851200 -0.02407600 0.19754500
v 0.02851200 -0.02407600 0.19754500
v 0.02392500 -0.02866400 0.19754500
v 0.02392500 -0.02866400 0.19754500
v 0.02392500 -0.02866400 0.19754500
v 0.02392500 -0.02866400 0.19754500
v 0.01861000 -0.03238500 0.19754500
v 0.01861000 -0.03238500 0.19754500
v 0.01861000 -0.03238500 0.19754500
v 0.01273000 -0.03512700 0.19754500
v 0.01273000 -0.03512700 0.19754500
v 0.01273000 -0.03512700 0.19754500
v 0.00646300 -0.03680700 0.19754500
v 0.00646300 -0.03680700 0.19754500
v 0.00646300 -0.03680700 0.19754500
v -0.00000000 -0.03737200 0.19754500
v -0.00000000 -0.03737200 0.19754500
v -0.00000000 -0.03737200 0.19754500
v -0.00000000 -0.03737200 0.19754500
v -0.00646300 -0.03680700 0.19754500
v -0.00646300 -0.03680700 0.19754500
v -0.00646300 -0.03680700 0.19754500
v -0.00270400 0.03697100 0.19715800
v -0.00270400 0.03697100 0.19715800
v -0.00270400 0.03697100 0.19715800
v -0.00270400 0.03697100 0.19715800
v -0.00270400 0.03697100 0.19715800
v -0.00270400 0.03697100 0.19715800
v -0.00762600 0.03628000 0.19715800
v -0.00762600 0.03628000 0.19715800
v -0.00762600 0.03628000 0.19715800
v -0.00762600 0.03628000 0.19715800
v -0.00762600 0.03628000 0.19715800
v -0.00762600 0.03628000 0.19715800
v -0.01242100 0.03493600 0.19715800
v -0.01242100 0.03493600 0.19715800
v -0.01242100 0.03493600 0.19715800
v -0.01242100 0.03493600 0.19715800
v -0.01242100 0.03493600 0.19715800
v -0.01698900 0.03296600 0.19715800
v -0.01698900 0.03296600 0.19715800
v -0.01698900 0.03296600 0.19715800
v -0.01698900 0.03296600 0.19715800
v -0.01698900 0.03296600 0.19715800
v -0.01698900 0.03296600 0.19715800
v -0.02856600 0.02371000 0.19715800
v -0.02856600 0.02371000 0.19715800
v -0.02856600 0.02371000 0.19715800
v -0.02856600 0.02371000 0.19715800
v -0.02856600 0.02371000 0.19715800
v -0.02512700 0.02730800 0.19715800
v -0.02512700 0.02730800 0.19715800
v -0.02512700 0.02730800 0.19715800
v -0.02512700 0.02730800 0.19715800
v -0.02512700 0.02730800 0.19715800
v -0.02121100 0.03048300 0.19718000
v -0.02121100 0.03048300 0.19718000
v -0.02121100 0.03048300 0.19718000
v -0.02121100 0.03048300 0.19718000
v -0.02121100 0.03048300 0.19718000
v -0.02121100 0.03048300 0.19718000
v -0.02121100 0.03048300 0.19718000
v -0.02121100 0.03048300 0.19718000
v -0.03155800 0.01965800 0.19718000
v -0.03155800 0.01965800 0.19718000
v -0.03155800 0.01965800 0.19718000
v -0.03155800 0.01965800 0.19718000
v -0.03155800 0.01965800 0.19718000
v -0.03155800 0.01965800 0.19718000
v -0.03155800 0.01965800 0.19718000
v -0.03155800 0.01965800 0.19718000
v -0.03561400 0.01066900 0.19715800
v -0.03561400 0.01066900 0.19715800
v -0.03561400 0.01066900 0.19715800
v -0.03561400 0.01066900 0.19715800
v -0.03561400 0.01066900 0.19715800
v -0.03561400 0.01066900 0.19715800
v -0.03385500 0.01531700 0.19715800
v -0.03385500 0.01531700 0.19715800
v -0.03385500 0.01531700 0.19715800
v -0.03385500 0.01531700 0.19715800
v -0.03385500 0.01531700 0.19715800
v -0.03673800 0.00582600 0.19715800
v -0.03673800 0.00582600 0.19715800
v -0.03673800 0.00582600 0.19715800
v -0.03673800 0.00582600 0.19715800
v -0.03673800 0.00582600 0.19715800
v -0.03673800 0.00582600 0.19715800
v -0.03724200 0.00104200 0.19717900
v -0.03724200 0.00104200 0.19717900
v -0.03724200 0.00104200 0.19717900
v -0.03724200 0.00104200 0.19717900
v -0.03724200 0.00104200 0.19717900
v -0.03724200 0.00104200 0.19717900
v -0.03724200 0.00104200 0.19717900
v -0.03622300 -0.00888700 0.19718000
v -0.03622300 -0.00888700 0.19718000
v -0.03622300 -0.00888700 0.19718000
v -0.03622300 -0.00888700 0.19718000
v -0.03622300 -0.00888700 0.19718000
v -0.03622300 -0.00888700 0.19718000
v -0.03622300 -0.00888700 0.19718000
v -0.03622300 -0.00888700 0.19718000
v -0.03701100 -0.00410200 0.19715800
v -0.03701100 -0.00410200 0.19715800
v -0.03701100 -0.00410200 0.19715800
v -0.03701100 -0.00410200 0.19715800
v -0.03701100 -0.00410200 0.19715800
v -0.03465600 -0.01373100 0.19715800
v -0.03465600 -0.01373100 0.19715800
v -0.03465600 -0.01373100 0.19715800
v -0.03465600 -0.01373100 0.19715800
v -0.03465600 -0.01373100 0.19715800
v -0.02669400 -0.02614800 0.19718000
v -0.02669400 -0.02614800 0.19718000
v -0.02669400 -0.02614800 0.19718000
v -0.02669400 -0.02614800 0.19718000
v -0.02669400 -0.02614800 0.19718000
v -0.02669400 -0.02614800 0.19718000
v -0.02669400 -0.02614800 0.19718000
v -0.02669400 -0.02614800 0.19718000
v -0.02983100 -0.02241200 0.19715800
v -0.02983100 -0.02241200 0.19715800
v -0.02983100 -0.02241200 0.19715800
v -0.02983100 -0.02241200 0.19715800
v -0.02983100 -0.02241200 0.19715800
v -0.01896200 -0.03222600 0.19717900
v -0.01896200 -0.03222600 0.19717900
v -0.01896200 -0.03222600 0.19717900
v -0.01896200 -0.03222600 0.19717900
v -0.01896200 -0.03222600 0.19717900
v -0.01896200 -0.03222600 0.19717900
v -0.01896200 -0.03222600 0.19717900
v -0.02289800 -0.02949600 0.19715800
v -0.02289800 -0.02949600 0.19715800
v -0.02289800 -0.02949600 0.19715800
v -0.02289800 -0.02949600 0.19715800
v -0.02289800 -0.02949600 0.19715800
v -0.01432200 -0.03450700 0.19715800
v -0.01432200 -0.03450700 0.19715800
v -0.01432200 -0.03450700 0.19715800
v -0.01432200 -0.03450700 0.19715800
v -0.01432200 -0.03450700 0.19715800
v 0.00022000 -0.03737200 0.19715800
v 0.00022000 -0.03737200 0.19715800
v 0.00022000 -0.03737200 0.19715800
v 0.00022000 -0.03737200 0.19715800
v 0.00022000 -0.03737200 0.19715800
v -0.00474700 -0.03706900 0.19715800
v -0.00474700 -0.03706900 0.19715800
v -0.00474700 -0.03706900 0.19715800
v -0.00474700 -0.03706900 0.19715800
v -0.00474700 -0.03706900 0.19715800
v -0.00969000 -0.03613100 0.19718000
v -0.00969000 -0.03613100 0.19718000
v -0.00969000 -0.03613100 0.19718000
v -0.00969000 -0.03613100 0.19718000
v -0.00969000 -0.03613100 0.19718000
v -0.00969000 -0.03613100 0.19718000
v -0.00969000 -0.03613100 0.19718000
v -0.00969000 -0.03613100 0.19718000
v 0.00518600 -0.03700900 0.19715800
v 0.00518600 -0.03700900 0.19715800
v 0.00518600 -0.03700900 0.19715800
v 0.00518600 -0.03700900 0.19715800
v 0.00518600 -0.03700900 0.19715800
v 0.00518600 -0.03700900 0.19715800
v 0.01462300 -0.03442300 0.19718000
v 0.01462300 -0.03442300 0.19718000
v 0.01462300 -0.03442300 0.19718000
v 0.01462300 -0.03442300 0.19718000
v 0.01462300 -0.03442300 0.19718000
v 0.01462300 -0.03442300 0.19718000
v 0.01462300 -0.03442300 0.19718000
v 0.01462300 -0.03442300 0.19718000
v 0.01005100 -0.03599000 0.19715800
v 0.01005100 -0.03599000 0.19715800
v 0.01005100 -0.03599000 0.19715800
v 0.01005100 -0.03599000 0.19715800
v 0.01005100 -0.03599000 0.19715800
v 0.01005100 -0.03599000 0.19715800
v 0.01915400 -0.03206600 0.19715800
v 0.01915400 -0.03206600 0.19715800
v 0.01915400 -0.03206600 0.19715800
v 0.01915400 -0.03206600 0.19715800
v 0.01915400 -0.03206600 0.19715800
v 0.02313000 -0.02936300 0.19717900
v 0.02313000 -0.02936300 0.19717900
v 0.02313000 -0.02936300 0.19717900
v 0.02313000 -0.02936300 0.19717900
v 0.02313000 -0.02936300 0.19717900
v 0.02313000 -0.02936300 0.19717900
v 0.03009400 -0.02205500 0.19715800
v 0.03009400 -0.02205500 0.19715800
v 0.03009400 -0.02205500 0.19715800
v 0.03009400 -0.02205500 0.19715800
v 0.03009400 -0.02205500 0.19715800
v 0.02693800 -0.02589400 0.19718000
v 0.02693800 -0.02589400 0.19718000
v 0.02693800 -0.02589400 0.19718000
v 0.02693800 -0.02589400 0.19718000
v 0.02693800 -0.02589400 0.19718000
v 0.02693800 -0.02589400 0.19718000
v 0.02693800 -0.02589400 0.19718000
v 0.03274400 -0.01784900 0.19715800
v 0.03274400 -0.01784900 0.19715800
v 0.03274400 -0.01784900 0.19715800
v 0.03274400 -0.01784900 0.19715800
v 0.03274400 -0.01784900 0.19715800
v 0.03274400 -0.01784900 0.19715800
v 0.03484200 -0.01337900 0.19718000
v 0.03484200 -0.01337900 0.19718000
v 0.03484200 -0.01337900 0.19718000
v 0.03484200 -0.01337900 0.19718000
v 0.03484200 -0.01337900 0.19718000
v 0.03484200 -0.01337900 0.19718000
v 0.03484200 -0.01337900 0.19718000
v 0.03705500 -0.00366000 0.19715800
v 0.03705500 -0.00366000 0.19715800
v 0.03705500 -0.00366000 0.19715800
v 0.03705500 -0.00366000 0.19715800
v 0.03705500 -0.00366000 0.19715800
v 0.03705500 -0.00366000 0.19715800
v 0.03625800 -0.00856400 0.19715800
v 0.03625800 -0.00856400 0.19715800
v 0.03625800 -0.00856400 0.19715800
v 0.03625800 -0.00856400 0.19715800
v 0.03625800 -0.00856400 0.19715800
v 0.03673600 0.00607100 0.19717900
v 0.03673600 0.00607100 0.19717900
v 0.03673600 0.00607100 0.19717900
v 0.03673600 0.00607100 0.19717900
v 0.03673600 0.00607100 0.19717900
v 0.03673600 0.00607100 0.19717900
v 0.03673600 0.00607100 0.19717900
v 0.03719200 0.00130800 0.19715800
v 0.03719200 0.00130800 0.19715800
v 0.03719200 0.00130800 0.19715800
v 0.03719200 0.00130800 0.19715800
v 0.03719200 0.00130800 0.19715800
v 0.03719200 0.00130800 0.19715800
v 0.03548200 0.01109300 0.19715800
v 0.03548200 0.01109300 0.19715800
v 0.03548200 0.01109300 0.19715800
v 0.03548200 0.01109300 0.19715800
v 0.03548200 0.01109300 0.19715800
v 0.03125600 0.02005900 0.19715800
v 0.03125600 0.02005900 0.19715800
v 0.03125600 0.02005900 0.19715800
v 0.03125600 0.02005900 0.19715800
v 0.03125600 0.02005900 0.19715800
v 0.03125600 0.02005900 0.19715800
v 0.03366800 0.01571900 0.19715800
v 0.03366800 0.01571900 0.19715800
v 0.03366800 0.01571900 0.19715800
v 0.03366800 0.01571900 0.19715800
v 0.03366800 0.01571900 0.19715800
v 0.03366800 0.01571900 0.19715800
v 0.02828300 0.02404500 0.19715800
v 0.02828300 0.02404500 0.19715800
v 0.02828300 0.02404500 0.19715800
v 0.02828300 0.02404500 0.19715800
v 0.02828300 0.02404500 0.19715800
v 0.02828300 0.02404500 0.19715800
v 0.01659300 0.03316600 0.19715800
v 0.01659300 0.03316600 0.19715800
v 0.01659300 0.03316600 0.19715800
v 0.01659300 0.03316600 0.19715800
v 0.01659300 0.03316600 0.19715800
v 0.01659300 0.03316600 0.19715800
v 0.02088300 0.03065900 0.19715800
v 0.02088300 0.03065900 0.19715800
v 0.02088300 0.03065900 0.19715800
v 0.02088300 0.03065900 0.19715800
v 0.02088300 0.03065900 0.19715800
v 0.01200500 0.03508000 0.19715800
v 0.01200500 0.03508000 0.19715800
v 0.01200500 0.03508000 0.19715800
v 0.01200500 0.03508000 0.19715800
v 0.01200500 0.03508000 0.19715800
v 0.01200500 0.03508000 0.19715800
v 0.00724100 0.03640700 0.19718000
v 0.00724100 0.03640700 0.19718000
v 0.00724100 0.03640700 0.19718000
v 0.00724100 0.03640700 0.19718000
v 0.00724100 0.03640700 0.19718000
v 0.00724100 0.03640700 0.19718000
v 0.00724100 0.03640700 0.19718000
v 0.00226500 0.03700100 0.19715800
v 0.00226500 0.03700100 0.19715800
v 0.00226500 0.03700100 0.19715800
v 0.00226500 0.03700100 0.19715800
v 0.00226500 0.03700100 0.19715800
v -0.03699600 0.00589000 0.19707200
v -0.03699600 0.00589000 0.19707200
v -0.03699600 0.00589000 0.19707200
v -0.03699600 0.00589000 0.19707200
v -0.03699600 0.00589000 0.19707200
v -0.03699600 0.00589000 0.19707200
v -0.03684300 0.00588300 0.19717300
v -0.03684300 0.00588300 0.19717300
v -0.03684300 0.00588300 0.19717300
v -0.03684300 0.00588300 0.19717300
v -0.03684300 0.00588300 0.19717300
v -0.03491000 -0.01380700 0.19707200
v -0.03491000 -0.01380700 0.19707200
v -0.03491000 -0.01380700 0.19707200
v -0.03491000 -0.01380700 0.19707200
v -0.03491000 -0.01380700 0.19707200
v -0.03491000 -0.01380700 0.19707200
v -0.03265500 -0.01809600 0.19717900
v -0.03265500 -0.01809600 0.19717900
v -0.03265500 -0.01809600 0.19717900
v -0.03265500 -0.01809600 0.19717900
v -0.03265500 -0.01809600 0.19717900
v -0.03265500 -0.01809600 0.19717900
v -0.03265500 -0.01809600 0.19717900
v -0.03477500 -0.01373600 0.19717300
v -0.03477500 -0.01373600 0.19717300
v -0.03477500 -0.01373600 0.19717300
v -0.03477500 -0.01373600 0.19717300
v -0.03477500 -0.01373600 0.19717300
v 0.00019600 -0.03763700 0.19707200
v 0.00019600 -0.03763700 0.19707200
v 0.00019600 -0.03763700 0.19707200
v 0.00019600 -0.03763700 0.19707200
v 0.00019600 -0.03763700 0.19707200
v 0.00019600 -0.03763700 0.19707200
v 0.00515200 -0.03712800 0.19717300
v 0.00515200 -0.03712800 0.19717300
v 0.00515200 -0.03712800 0.19717300
v 0.00515200 -0.03712800 0.19717300
v 0.00515200 -0.03712800 0.19717300
v 0.00515200 -0.03712800 0.19717300
v 0.00017800 -0.03748500 0.19717300
v 0.00017800 -0.03748500 0.19717300
v 0.00017800 -0.03748500 0.19717300
v 0.00017800 -0.03748500 0.19717300
v 0.00017800 -0.03748500 0.19717300
v 0.00017800 -0.03748500 0.19717300
v 0.02849900 0.02420000 0.19707200
v 0.02849900 0.02420000 0.19707200
v 0.02849900 0.02420000 0.19707200
v 0.02849900 0.02420000 0.19707200
v 0.02849900 0.02420000 0.19707200
v 0.02849900 0.02420000 0.19707200
v 0.02485700 0.02761800 0.19718000
v 0.02485700 0.02761800 0.19718000
v 0.02485700 0.02761800 0.19718000
v 0.02485700 0.02761800 0.19718000
v 0.02485700 0.02761800 0.19718000
v 0.02485700 0.02761800 0.19718000
v 0.02485700 0.02761800 0.19718000
v 0.02839500 0.02408800 0.19717300
v 0.02839500 0.02408800 0.19717300
v 0.02839500 0.02408800 0.19717300
v 0.02839500 0.02408800 0.19717300
v 0.02839500 0.02408800 0.19717300
v -0.03586400 0.01074500 0.19707500
v -0.03586400 0.01074500 0.19707500
v -0.03586400 0.01074500 0.19707500
v -0.03586400 0.01074500 0.19707500
v -0.03586400 0.01074500 0.19707500
v -0.03571000 0.01073900 0.19717300
v -0.03571000 0.01073900 0.19717300
v -0.03571000 0.01073900 0.19717300
v -0.03571000 0.01073900 0.19717300
v -0.03571000 0.01073900 0.19717300
v -0.03571000 0.01073900 0.19717300
v -0.03641900 -0.00903300 0.19707200
v -0.03641900 -0.00903300 0.19707200
v -0.03641900 -0.00903300 0.19707200
v -0.03641900 -0.00903300 0.19707200
v -0.03641900 -0.00903300 0.19707200
v -0.03641900 -0.00903300 0.19707200
v -0.00480200 -0.03732900 0.19707200
v -0.00480200 -0.03732900 0.19707200
v -0.00480200 -0.03732900 0.19707200
v -0.00480200 -0.03732900 0.19707200
v -0.00480200 -0.03732900 0.19707200
v -0.00480200 -0.03732900 0.19707200
v -0.00480000 -0.03717600 0.19717300
v -0.00480000 -0.03717600 0.19717300
v -0.00480000 -0.03717600 0.19717300
v -0.00480000 -0.03717600 0.19717300
v -0.00480000 -0.03717600 0.19717300
v -0.00480000 -0.03717600 0.19717300
v 0.03149000 0.02018400 0.19707200
v 0.03149000 0.02018400 0.19707200
v 0.03149000 0.02018400 0.19707200
v 0.03149000 0.02018400 0.19707200
v 0.03149000 0.02018400 0.19707200
v 0.03149000 0.02018400 0.19707200
v 0.03149000 0.02018400 0.19707200
v 0.03137200 0.02008700 0.19717300
v 0.03137200 0.02008700 0.19717300
v 0.03137200 0.02008700 0.19717300
v 0.03137200 0.02008700 0.19717300
v 0.03137200 0.02008700 0.19717300
v -0.03410500 0.01540700 0.19707100
v -0.03410500 0.01540700 0.19707100
v -0.03410500 0.01540700 0.19707100
v -0.03410500 0.01540700 0.19707100
v -0.03410500 0.01540700 0.19707100
v -0.03410500 0.01540700 0.19707100
v -0.03410500 0.01540700 0.19707100
v -0.03394000 0.01540200 0.19717300
v -0.03394000 0.01540200 0.19717300
v -0.03394000 0.01540200 0.19717300
v -0.03394000 0.01540200 0.19717300
v -0.03394000 0.01540200 0.19717300
v -0.03394000 0.01540200 0.19717300
v -0.03746800 0.00091500 0.19707100
v -0.03746800 0.00091500 0.19707100
v -0.03746800 0.00091500 0.19707100
v -0.03746800 0.00091500 0.19707100
v -0.03746800 0.00091500 0.19707100
v -0.03746800 0.00091500 0.19707100
v -0.03746800 0.00091500 0.19707100
v -0.03727100 -0.00414200 0.19707000
v -0.03727100 -0.00414200 0.19707000
v -0.03727100 -0.00414200 0.19707000
v -0.03727100 -0.00414200 0.19707000
v -0.03727100 -0.00414200 0.19707000
v -0.03727100 -0.00414200 0.19707000
v -0.03727100 -0.00414200 0.19707000
v -0.03712800 -0.00406600 0.19717300
v -0.03712800 -0.00406600 0.19717300
v -0.03712800 -0.00406600 0.19717300
v -0.03712800 -0.00406600 0.19717300
v -0.03712800 -0.00406600 0.19717300
v -0.03275600 -0.01838000 0.19707100
v -0.03275600 -0.01838000 0.19707100
v -0.03275600 -0.01838000 0.19707100
v -0.03275600 -0.01838000 0.19707100
v -0.03275600 -0.01838000 0.19707100
v -0.03275600 -0.01838000 0.19707100
v -0.00969300 -0.03635900 0.19707500
v -0.00969300 -0.03635900 0.19707500
v -0.00969300 -0.03635900 0.19707500
v -0.00969300 -0.03635900 0.19707500
v -0.00969300 -0.03635900 0.19707500
v -0.00969300 -0.03635900 0.19707500
v 0.00523700 -0.03727000 0.19707100
v 0.00523700 -0.03727000 0.19707100
v 0.00523700 -0.03727000 0.19707100
v 0.00523700 -0.03727000 0.19707100
v 0.00523700 -0.03727000 0.19707100
v 0.00523700 -0.03727000 0.19707100
v 0.03392000 0.01582300 0.19704000
v 0.03392000 0.01582300 0.19704000
v 0.03392000 0.01582300 0.19704000
v 0.03392000 0.01582300 0.19704000
v 0.03392000 0.01582300 0.19704000
v 0.03381700 0.01574500 0.19716800
v 0.03381700 0.01574500 0.19716800
v 0.03381700 0.01574500 0.19716800
v 0.03381700 0.01574500 0.19716800
v 0.03381700 0.01574500 0.19716800
v 0.03381700 0.01574500 0.19716800
v 0.03381700 0.01574500 0.19716800
v 0.02496400 0.02781300 0.19707100
v 0.02496400 0.02781300 0.19707100
v 0.02496400 0.02781300 0.19707100
v 0.02496400 0.02781300 0.19707100
v 0.02496400 0.02781300 0.19707100
v 0.02496400 0.02781300 0.19707100
v 0.00231600 0.03711000 0.19717300
v 0.00231600 0.03711000 0.19717300
v 0.00231600 0.03711000 0.19717300
v 0.00231600 0.03711000 0.19717300
v 0.00231600 0.03711000 0.19717300
v 0.00231600 0.03711000 0.19717300
v 0.00722800 0.03663100 0.19707100
v 0.00722800 0.03663100 0.19707100
v 0.00722800 0.03663100 0.19707100
v 0.00722800 0.03663100 0.19707100
v 0.00722800 0.03663100 0.19707100
v 0.00722800 0.03663100 0.19707100
v 0.00226100 0.03726600 0.19707100
v 0.00226100 0.03726600 0.19707100
v 0.00226100 0.03726600 0.19707100
v 0.00226100 0.03726600 0.19707100
v 0.00226100 0.03726600 0.19707100
v 0.00226100 0.03726600 0.19707100
v 0.00226100 0.03726600 0.19707100
v -0.00268100 0.03712000 0.19716800
v -0.00268100 0.03712000 0.19716800
v -0.00268100 0.03712000 0.19716800
v -0.00268100 0.03712000 0.19716800
v -0.00268100 0.03712000 0.19716800
v -0.00268100 0.03712000 0.19716800
v -0.00268100 0.03712000 0.19716800
v -0.00761100 0.03639800 0.19717300
v -0.00761100 0.03639800 0.19717300
v -0.00761100 0.03639800 0.19717300
v -0.00761100 0.03639800 0.19717300
v -0.00761100 0.03639800 0.19717300
v -0.00765900 0.03654400 0.19707200
v -0.00765900 0.03654400 0.19707200
v -0.00765900 0.03654400 0.19707200
v -0.00765900 0.03654400 0.19707200
v -0.00765900 0.03654400 0.19707200
v -0.00765900 0.03654400 0.19707200
v -0.00765900 0.03654400 0.19707200
v -0.00272500 0.03724100 0.19704300
v -0.00272500 0.03724100 0.19704300
v -0.00272500 0.03724100 0.19704300
v -0.00272500 0.03724100 0.19704300
v -0.01243200 0.03508700 0.19716800
v -0.01243200 0.03508700 0.19716800
v -0.01243200 0.03508700 0.19716800
v -0.01243200 0.03508700 0.19716800
v -0.01243200 0.03508700 0.19716800
v -0.01243200 0.03508700 0.19716800
v -0.01243200 0.03508700 0.19716800
v -0.01251700 0.03519100 0.19704000
v -0.01251700 0.03519100 0.19704000
v -0.01251700 0.03519100 0.19704000
v -0.01251700 0.03519100 0.19704000
v -0.01251700 0.03519100 0.19704000
v -0.01699700 0.03308900 0.19717300
v -0.01699700 0.03308900 0.19717300
v -0.01699700 0.03308900 0.19717300
v -0.01699700 0.03308900 0.19717300
v -0.01712400 0.03319500 0.19707100
v -0.01712400 0.03319500 0.19707100
v -0.01712400 0.03319500 0.19707100
v -0.01712400 0.03319500 0.19707100
v -0.01712400 0.03319500 0.19707100
v -0.01712400 0.03319500 0.19707100
v -0.01712400 0.03319500 0.19707100
v -0.02139300 0.03062700 0.19707500
v -0.02139300 0.03062700 0.19707500
v -0.02139300 0.03062700 0.19707500
v -0.02139300 0.03062700 0.19707500
v -0.02139300 0.03062700 0.19707500
v -0.02139300 0.03062700 0.19707500
v -0.02862500 0.02381600 0.19717300
v -0.02862500 0.02381600 0.19717300
v -0.02862500 0.02381600 0.19717300
v -0.02862500 0.02381600 0.19717300
v -0.02862500 0.02381600 0.19717300
v -0.02875300 0.02390000 0.19707200
v -0.02875300 0.02390000 0.19707200
v -0.02875300 0.02390000 0.19707200
v -0.02875300 0.02390000 0.19707200
v -0.02875300 0.02390000 0.19707200
v -0.02875300 0.02390000 0.19707200
v -0.03172700 0.01981400 0.19707100
v -0.03172700 0.01981400 0.19707100
v -0.03172700 0.01981400 0.19707100
v -0.03172700 0.01981400 0.19707100
v -0.03172700 0.01981400 0.19707100
v -0.03172700 0.01981400 0.19707100
v -0.02995100 -0.02244000 0.19717300
v -0.02995100 -0.02244000 0.19717300
v -0.02995100 -0.02244000 0.19717300
v -0.02995100 -0.02244000 0.19717300
v -0.02995100 -0.02244000 0.19717300
v -0.03003400 -0.02258300 0.19707100
v -0.03003400 -0.02258300 0.19707100
v -0.03003400 -0.02258300 0.19707100
v -0.03003400 -0.02258300 0.19707100
v -0.03003400 -0.02258300 0.19707100
v -0.03003400 -0.02258300 0.19707100
v -0.02679200 -0.02636500 0.19707500
v -0.02679200 -0.02636500 0.19707500
v -0.02679200 -0.02636500 0.19707500
v -0.02679200 -0.02636500 0.19707500
v -0.02679200 -0.02636500 0.19707500
v -0.02679200 -0.02636500 0.19707500
v -0.01441100 -0.03459200 0.19717300
v -0.01441100 -0.03459200 0.19717300
v -0.01441100 -0.03459200 0.19717300
v -0.01441100 -0.03459200 0.19717300
v -0.01441100 -0.03459200 0.19717300
v -0.01889400 -0.03252800 0.19707100
v -0.01889400 -0.03252800 0.19707100
v -0.01889400 -0.03252800 0.19707100
v -0.01889400 -0.03252800 0.19707100
v -0.01889400 -0.03252800 0.19707100
v -0.01889400 -0.03252800 0.19707100
v -0.01441000 -0.03475700 0.19707100
v -0.01441000 -0.03475700 0.19707100
v -0.01441000 -0.03475700 0.19707100
v -0.01441000 -0.03475700 0.19707100
v -0.01441000 -0.03475700 0.19707100
v -0.01441000 -0.03475700 0.19707100
v 0.01003500 -0.03611100 0.19717300
v 0.01003500 -0.03611100 0.19717300
v 0.01003500 -0.03611100 0.19717300
v 0.01003500 -0.03611100 0.19717300
v 0.01003500 -0.03611100 0.19717300
v 0.01011300 -0.03624400 0.19707500
v 0.01011300 -0.03624400 0.19707500
v 0.01011300 -0.03624400 0.19707500
v 0.01011300 -0.03624400 0.19707500
v 0.01011300 -0.03624400 0.19707500
v 0.01011300 -0.03624400 0.19707500
v 0.01481500 -0.03458600 0.19707200
v 0.01481500 -0.03458600 0.19707200
v 0.01481500 -0.03458600 0.19707200
v 0.01481500 -0.03458600 0.19707200
v 0.01481500 -0.03458600 0.19707200
v 0.01481500 -0.03458600 0.19707200
v 0.02342200 -0.02941900 0.19707100
v 0.02342200 -0.02941900 0.19707100
v 0.02342200 -0.02941900 0.19707100
v 0.02342200 -0.02941900 0.19707100
v 0.02342200 -0.02941900 0.19707100
v 0.02342200 -0.02941900 0.19707100
v 0.02711400 -0.02603600 0.19707100
v 0.02711400 -0.02603600 0.19707100
v 0.02711400 -0.02603600 0.19707100
v 0.02711400 -0.02603600 0.19707100
v 0.02711400 -0.02603600 0.19707100
v 0.02711400 -0.02603600 0.19707100
v 0.02711400 -0.02603600 0.19707100
v 0.03016100 -0.02215400 0.19717300
v 0.03016100 -0.02215400 0.19717300
v 0.03016100 -0.02215400 0.19717300
v 0.03016100 -0.02215400 0.19717300
v 0.03016100 -0.02215400 0.19717300
v 0.03016100 -0.02215400 0.19717300
v 0.03282500 -0.01793700 0.19717300
v 0.03282500 -0.01793700 0.19717300
v 0.03282500 -0.01793700 0.19717300
v 0.03282500 -0.01793700 0.19717300
v 0.03282500 -0.01793700 0.19717300
v 0.03030500 -0.02221000 0.19707500
v 0.03030500 -0.02221000 0.19707500
v 0.03030500 -0.02221000 0.19707500
v 0.03030500 -0.02221000 0.19707500
v 0.03030500 -0.02221000 0.19707500
v 0.03296700 -0.01799400 0.19707200
v 0.03296700 -0.01799400 0.19707200
v 0.03296700 -0.01799400 0.19707200
v 0.03296700 -0.01799400 0.19707200
v 0.03296700 -0.01799400 0.19707200
v 0.03296700 -0.01799400 0.19707200
v 0.03506800 -0.01339700 0.19707100
v 0.03506800 -0.01339700 0.19707100
v 0.03506800 -0.01339700 0.19707100
v 0.03506800 -0.01339700 0.19707100
v 0.03506800 -0.01339700 0.19707100
v 0.03506800 -0.01339700 0.19707100
v 0.03635700 -0.00863300 0.19717300
v 0.03635700 -0.00863300 0.19717300
v 0.03635700 -0.00863300 0.19717300
v 0.03635700 -0.00863300 0.19717300
v 0.03635700 -0.00863300 0.19717300
v 0.03635700 -0.00863300 0.19717300
v 0.03716400 -0.00371100 0.19717300
v 0.03716400 -0.00371100 0.19717300
v 0.03716400 -0.00371100 0.19717300
v 0.03716400 -0.00371100 0.19717300
v 0.03716400 -0.00371100 0.19717300
v 0.03716400 -0.00371100 0.19717300
v 0.03652000 -0.00860500 0.19707100
v 0.03652000 -0.00860500 0.19707100
v 0.03652000 -0.00860500 0.19707100
v 0.03652000 -0.00860500 0.19707100
v 0.03652000 -0.00860500 0.19707100
v 0.03652000 -0.00860500 0.19707100
v 0.03731500 -0.00368700 0.19707500
v 0.03731500 -0.00368700 0.19707500
v 0.03731500 -0.00368700 0.19707500
v 0.03731500 -0.00368700 0.19707500
v 0.03731500 -0.00368700 0.19707500
v 0.03731500 -0.00368700 0.19707500
v 0.03560400 0.01107900 0.19717300
v 0.03560400 0.01107900 0.19717300
v 0.03560400 0.01107900 0.19717300
v 0.03560400 0.01107900 0.19717300
v 0.03560400 0.01107900 0.19717300
v 0.03560400 0.01107900 0.19717300
v 0.03692300 0.00632300 0.19707100
v 0.03692300 0.00632300 0.19707100
v 0.03692300 0.00632300 0.19707100
v 0.03692300 0.00632300 0.19707100
v 0.03692300 0.00632300 0.19707100
v 0.03692300 0.00632300 0.19707100
v 0.03573400 0.01116200 0.19707500
v 0.03573400 0.01116200 0.19707500
v 0.03573400 0.01116200 0.19707500
v 0.03573400 0.01116200 0.19707500
v 0.03573400 0.01116200 0.19707500
v 0.03573400 0.01116200 0.19707500
v 0.02098200 0.03072800 0.19717300
v 0.02098200 0.03072800 0.19717300
v 0.02098200 0.03072800 0.19717300
v 0.02098200 0.03072800 0.19717300
v 0.02098200 0.03072800 0.19717300
v 0.02098200 0.03072800 0.19717300
v 0.01667900 0.03325000 0.19717300
v 0.01667900 0.03325000 0.19717300
v 0.01667900 0.03325000 0.19717300
v 0.01667900 0.03325000 0.19717300
v 0.01667900 0.03325000 0.19717300
v 0.01667900 0.03325000 0.19717300
v 0.02101400 0.03089100 0.19707100
v 0.02101400 0.03089100 0.19707100
v 0.02101400 0.03089100 0.19707100
v 0.02101400 0.03089100 0.19707100
v 0.02101400 0.03089100 0.19707100
v 0.02101400 0.03089100 0.19707100
v 0.02101400 0.03089100 0.19707100
v 0.01671000 0.03340000 0.19707500
v 0.01671000 0.03340000 0.19707500
v 0.01671000 0.03340000 0.19707500
v 0.01671000 0.03340000 0.19707500
v 0.01671000 0.03340000 0.19707500
v -0.02517500 0.02741700 0.19717300
v -0.02517500 0.02741700 0.19717300
v -0.02517500 0.02741700 0.19717300
v -0.02517500 0.02741700 0.19717300
v -0.02517500 0.02741700 0.19717300
v -0.02517500 0.02741700 0.19717300
v -0.02529100 0.02751800 0.19707200
v -0.02529100 0.02751800 0.19707200
v -0.02529100 0.02751800 0.19707200
v -0.02529100 0.02751800 0.19707200
v -0.02529100 0.02751800 0.19707200
v -0.02529100 0.02751800 0.19707200
v -0.03750000 -0.00015200 0.19697200
v -0.03750000 -0.00015200 0.19697200
v -0.03750000 -0.00015200 0.19697200
v -0.02299800 -0.02956100 0.19717300
v -0.02299800 -0.02956100 0.19717300
v -0.02299800 -0.02956100 0.19717300
v -0.02299800 -0.02956100 0.19717300
v -0.02299800 -0.02956100 0.19717300
v -0.02307700 -0.02969200 0.19707200
v -0.02307700 -0.02969200 0.19707200
v -0.02307700 -0.02969200 0.19707200
v -0.02307700 -0.02969200 0.19707200
v -0.02307700 -0.02969200 0.19707200
v -0.02307700 -0.02969200 0.19707200
v 0.01917900 -0.03218200 0.19717300
v 0.01917900 -0.03218200 0.19717300
v 0.01917900 -0.03218200 0.19717300
v 0.01917900 -0.03218200 0.19717300
v 0.01917900 -0.03218200 0.19717300
v 0.01927200 -0.03230400 0.19707200
v 0.01927200 -0.03230400 0.19707200
v 0.01927200 -0.03230400 0.19707200
v 0.01927200 -0.03230400 0.19707200
v 0.01927200 -0.03230400 0.19707200
v 0.01927200 -0.03230400 0.19707200
v 0.03730600 0.00127400 0.19717300
v 0.03730600 0.00127400 0.19717300
v 0.03730600 0.00127400 0.19717300
v 0.03730600 0.00127400 0.19717300
v 0.03730600 0.00127400 0.19717300
v 0.03745800 0.00129700 0.19707200
v 0.03745800 0.00129700 0.19707200
v 0.03745800 0.00129700 0.19707200
v 0.03745800 0.00129700 0.19707200
v 0.03745800 0.00129700 0.19707200
v 0.03745800 0.00129700 0.19707200
v 0.01207800 0.03517500 0.19717300
v 0.01207800 0.03517500 0.19717300
v 0.01207800 0.03517500 0.19717300
v 0.01207800 0.03517500 0.19717300
v 0.01207800 0.03517500 0.19717300
v 0.01211000 0.03532400 0.19707200
v 0.01211000 0.03532400 0.19707200
v 0.01211000 0.03532400 0.19707200
v 0.01211000 0.03532400 0.19707200
v 0.01211000 0.03532400 0.19707200
v 0.01211000 0.03532400 0.19707200
v -0.03003200 -0.02258500 0.19126900
v -0.03003200 -0.02258500 0.19126900
v -0.03003200 -0.02258500 0.19126900
v -0.03003200 -0.02258500 0.19126900
v -0.03003200 -0.02258500 0.19126900
v -0.03003200 -0.02258500 0.19126900
v -0.02678700 -0.02637000 0.19126600
v -0.02678700 -0.02637000 0.19126600
v -0.02678700 -0.02637000 0.19126600
v -0.02678700 -0.02637000 0.19126600
v -0.02678700 -0.02637000 0.19126600
v -0.02678700 -0.02637000 0.19126600
v -0.02307600 -0.02969400 0.19127000
v -0.02307600 -0.02969400 0.19127000
v -0.02307600 -0.02969400 0.19127000
v -0.02307600 -0.02969400 0.19127000
v -0.02307600 -0.02969400 0.19127000
v -0.02307600 -0.02969400 0.19127000
v -0.01889200 -0.03252900 0.19127000
v -0.01889200 -0.03252900 0.19127000
v -0.01889200 -0.03252900 0.19127000
v -0.01889200 -0.03252900 0.19127000
v -0.01889200 -0.03252900 0.19127000
v -0.01889200 -0.03252900 0.19127000
v -0.01440800 -0.03475800 0.19126900
v -0.01440800 -0.03475800 0.19126900
v -0.01440800 -0.03475800 0.19126900
v -0.01440800 -0.03475800 0.19126900
v -0.01440800 -0.03475800 0.19126900
v -0.01440800 -0.03475800 0.19126900
v 0.01011900 -0.03624200 0.19126600
v 0.01011900 -0.03624200 0.19126600
v 0.01011900 -0.03624200 0.19126600
v 0.01011900 -0.03624200 0.19126600
v 0.01011900 -0.03624200 0.19126600
v 0.01011900 -0.03624200 0.19126600
v 0.01481700 -0.03458500 0.19127000
v 0.01481700 -0.03458500 0.19127000
v 0.01481700 -0.03458500 0.19127000
v 0.01481700 -0.03458500 0.19127000
v 0.01481700 -0.03458500 0.19127000
v 0.01481700 -0.03458500 0.19127000
v 0.01927500 -0.03230300 0.19127000
v 0.01927500 -0.03230300 0.19127000
v 0.01927500 -0.03230300 0.19127000
v 0.01927500 -0.03230300 0.19127000
v 0.01927500 -0.03230300 0.19127000
v 0.01927500 -0.03230300 0.19127000
v 0.02342400 -0.02941700 0.19126900
v 0.02342400 -0.02941700 0.19126900
v 0.02342400 -0.02941700 0.19126900
v 0.02342400 -0.02941700 0.19126900
v 0.02342400 -0.02941700 0.19126900
v 0.02342400 -0.02941700 0.19126900
v 0.02709900 -0.02604700 0.19126600
v 0.02709900 -0.02604700 0.19126600
v 0.02709900 -0.02604700 0.19126600
v 0.02709900 -0.02604700 0.19126600
v 0.02709900 -0.02604700 0.19126600
v 0.03029700 -0.02222700 0.19127000
v 0.03029700 -0.02222700 0.19127000
v 0.03029700 -0.02222700 0.19127000
v 0.03029700 -0.02222700 0.19127000
v 0.03029700 -0.02222700 0.19127000
v 0.03029700 -0.02222700 0.19127000
v 0.03029700 -0.02222700 0.19127000
v 0.03296900 -0.01799200 0.19127000
v 0.03296900 -0.01799200 0.19127000
v 0.03296900 -0.01799200 0.19127000
v 0.03296900 -0.01799200 0.19127000
v 0.03296900 -0.01799200 0.19127000
v 0.03296900 -0.01799200 0.19127000
v 0.03506900 -0.01339400 0.19126900
v 0.03506900 -0.01339400 0.19126900
v 0.03506900 -0.01339400 0.19126900
v 0.03506900 -0.01339400 0.19126900
v 0.03506900 -0.01339400 0.19126900
v 0.03506900 -0.01339400 0.19126900
v 0.03652100 -0.00860200 0.19126900
v 0.03652100 -0.00860200 0.19126900
v 0.03652100 -0.00860200 0.19126900
v 0.03652100 -0.00860200 0.19126900
v 0.03652100 -0.00860200 0.19126900
v 0.03652100 -0.00860200 0.19126900
v 0.03731600 -0.00368000 0.19126600
v 0.03731600 -0.00368000 0.19126600
v 0.03731600 -0.00368000 0.19126600
v 0.03731600 -0.00368000 0.19126600
v 0.03731600 -0.00368000 0.19126600
v 0.03731600 -0.00368000 0.19126600
v 0.03745800 0.00130000 0.19127000
v 0.03745800 0.00130000 0.19127000
v 0.03745800 0.00130000 0.19127000
v 0.03745800 0.00130000 0.19127000
v 0.03745800 0.00130000 0.19127000
v 0.03745800 0.00130000 0.19127000
v 0.03692200 0.00632600 0.19126900
v 0.03692200 0.00632600 0.19126900
v 0.03692200 0.00632600 0.19126900
v 0.03692200 0.00632600 0.19126900
v 0.03692200 0.00632600 0.19126900
v 0.03692200 0.00632600 0.19126900
v 0.03572900 0.01118900 0.19126900
v 0.03572900 0.01118900 0.19126900
v 0.03572900 0.01118900 0.19126900
v 0.03572900 0.01118900 0.19126900
v 0.03572900 0.01118900 0.19126900
v 0.03572900 0.01118900 0.19126900
v 0.02102700 0.03087700 0.19126600
v 0.02102700 0.03087700 0.19126600
v 0.02102700 0.03087700 0.19126600
v 0.02102700 0.03087700 0.19126600
v 0.02102700 0.03087700 0.19126600
v 0.01672800 0.03339500 0.19127000
v 0.01672800 0.03339500 0.19127000
v 0.01672800 0.03339500 0.19127000
v 0.01672800 0.03339500 0.19127000
v 0.01672800 0.03339500 0.19127000
v 0.01672800 0.03339500 0.19127000
v 0.01672800 0.03339500 0.19127000
v 0.01210800 0.03532500 0.19127000
v 0.01210800 0.03532500 0.19127000
v 0.01210800 0.03532500 0.19127000
v 0.01210800 0.03532500 0.19127000
v 0.01210800 0.03532500 0.19127000
v 0.01210800 0.03532500 0.19127000
v 0.00722500 0.03663100 0.19127000
v 0.00722500 0.03663100 0.19127000
v 0.00722500 0.03663100 0.19127000
v 0.00722500 0.03663100 0.19127000
v 0.00722500 0.03663100 0.19127000
v 0.00722500 0.03663100 0.19127000
v 0.00227900 0.03726200 0.19126600
v 0.00227900 0.03726200 0.19126600
v 0.00227900 0.03726200 0.19126600
v 0.00227900 0.03726200 0.19126600
v 0.00227900 0.03726200 0.19126600
v -0.00270300 0.03723700 0.19127000
v -0.00270300 0.03723700 0.19127000
v -0.00270300 0.03723700 0.19127000
v -0.00270300 0.03723700 0.19127000
v -0.00270300 0.03723700 0.19127000
v -0.00270300 0.03723700 0.19127000
v -0.00270300 0.03723700 0.19127000
v -0.00766200 0.03654300 0.19127000
v -0.00766200 0.03654300 0.19127000
v -0.00766200 0.03654300 0.19127000
v -0.00766200 0.03654300 0.19127000
v -0.00766200 0.03654300 0.19127000
v -0.00766200 0.03654300 0.19127000
v -0.01252900 0.03517900 0.19126900
v -0.01252900 0.03517900 0.19126900
v -0.01252900 0.03517900 0.19126900
v -0.01252900 0.03517900 0.19126900
v -0.01252900 0.03517900 0.19126900
v -0.01252900 0.03517900 0.19126900
v -0.01712600 0.03319400 0.19126900
v -0.01712600 0.03319400 0.19126900
v -0.01712600 0.03319400 0.19126900
v -0.01712600 0.03319400 0.19126900
v -0.01712600 0.03319400 0.19126900
v -0.01712600 0.03319400 0.19126900
v -0.02139800 0.03062300 0.19126600
v -0.02139800 0.03062300 0.19126600
v -0.02139800 0.03062300 0.19126600
v -0.02139800 0.03062300 0.19126600
v -0.02139800 0.03062300 0.19126600
v -0.02139800 0.03062300 0.19126600
v -0.02529300 0.02751600 0.19127000
v -0.02529300 0.02751600 0.19127000
v -0.02529300 0.02751600 0.19127000
v -0.02529300 0.02751600 0.19127000
v -0.02529300 0.02751600 0.19127000
v -0.02529300 0.02751600 0.19127000
v -0.02875500 0.02389800 0.19127000
v -0.02875500 0.02389800 0.19127000
v -0.02875500 0.02389800 0.19127000
v -0.02875500 0.02389800 0.19127000
v -0.02875500 0.02389800 0.19127000
v -0.02875500 0.02389800 0.19127000
v -0.03172800 0.01981100 0.19126900
v -0.03172800 0.01981100 0.19126900
v -0.03172800 0.01981100 0.19126900
v -0.03172800 0.01981100 0.19126900
v -0.03172800 0.01981100 0.19126900
v -0.03172800 0.01981100 0.19126900
v -0.03680600 0.00565100 0.19116200
v -0.03680600 0.00565100 0.19116200
v -0.03680600 0.00565100 0.19116200
v -0.03680600 0.00565100 0.19116200
v -0.03680600 0.00565100 0.19116200
v -0.03680600 0.00565100 0.19116200
v -0.03725200 0.00069000 0.19116100
v -0.03725200 0.00069000 0.19116100
v -0.03725200 0.00069000 0.19116100
v -0.03725200 0.00069000 0.19116100
v -0.03725200 0.00069000 0.19116100
v -0.03725200 0.00069000 0.19116100
v -0.03747300 0.00085400 0.19127000
v -0.03747300 0.00085400 0.19127000
v -0.03747300 0.00085400 0.19127000
v -0.03747300 0.00085400 0.19127000
v -0.03747300 0.00085400 0.19127000
v -0.03747300 0.00085400 0.19127000
v -0.03747300 0.00085400 0.19127000
v -0.03699700 0.00588700 0.19127000
v -0.03699700 0.00588700 0.19127000
v -0.03699700 0.00588700 0.19127000
v -0.03699700 0.00588700 0.19127000
v -0.03699700 0.00588700 0.19127000
v -0.03699700 0.00588700 0.19127000
v -0.03468800 -0.01378000 0.19116100
v -0.03468800 -0.01378000 0.19116100
v -0.03468800 -0.01378000 0.19116100
v -0.03468800 -0.01378000 0.19116100
v -0.03468800 -0.01378000 0.19116100
v -0.03468800 -0.01378000 0.19116100
v -0.03468800 -0.01378000 0.19116100
v -0.03261300 -0.01832300 0.19116900
v -0.03261300 -0.01832300 0.19116900
v -0.03261300 -0.01832300 0.19116900
v -0.03261300 -0.01832300 0.19116900
v -0.03261300 -0.01832300 0.19116900
v -0.03275500 -0.01838200 0.19126900
v -0.03275500 -0.01838200 0.19126900
v -0.03275500 -0.01838200 0.19126900
v -0.03275500 -0.01838200 0.19126900
v -0.03275500 -0.01838200 0.19126900
v -0.03275500 -0.01838200 0.19126900
v -0.03490900 -0.01381000 0.19127000
v -0.03490900 -0.01381000 0.19127000
v -0.03490900 -0.01381000 0.19127000
v -0.03490900 -0.01381000 0.19127000
v -0.03490900 -0.01381000 0.19127000
v -0.03490900 -0.01381000 0.19127000
v 0.00040800 -0.03740900 0.19116200
v 0.00040800 -0.03740900 0.19116200
v 0.00040800 -0.03740900 0.19116200
v 0.00040800 -0.03740900 0.19116200
v 0.00040800 -0.03740900 0.19116200
v 0.00040800 -0.03740900 0.19116200
v 0.00040800 -0.03740900 0.19116200
v 0.00523600 -0.03711600 0.19116900
v 0.00523600 -0.03711600 0.19116900
v 0.00523600 -0.03711600 0.19116900
v 0.00523600 -0.03711600 0.19116900
v 0.00523600 -0.03711600 0.19116900
v 0.00524000 -0.03726900 0.19126900
v 0.00524000 -0.03726900 0.19126900
v 0.00524000 -0.03726900 0.19126900
v 0.00524000 -0.03726900 0.19126900
v 0.00524000 -0.03726900 0.19126900
v 0.00524000 -0.03726900 0.19126900
v 0.00019900 -0.03763700 0.19127000
v 0.00019900 -0.03763700 0.19127000
v 0.00019900 -0.03763700 0.19127000
v 0.00019900 -0.03763700 0.19127000
v 0.00019900 -0.03763700 0.19127000
v 0.00019900 -0.03763700 0.19127000
v 0.02819100 0.02421200 0.19116200
v 0.02819100 0.02421200 0.19116200
v 0.02819100 0.02421200 0.19116200
v 0.02819100 0.02421200 0.19116200
v 0.02819100 0.02421200 0.19116200
v 0.02469600 0.02775000 0.19116100
v 0.02469600 0.02775000 0.19116100
v 0.02469600 0.02775000 0.19116100
v 0.02469600 0.02775000 0.19116100
v 0.02469600 0.02775000 0.19116100
v 0.02469600 0.02775000 0.19116100
v 0.02496200 0.02781400 0.19126900
v 0.02496200 0.02781400 0.19126900
v 0.02496200 0.02781400 0.19126900
v 0.02496200 0.02781400 0.19126900
v 0.02496200 0.02781400 0.19126900
v 0.02496200 0.02781400 0.19126900
v 0.02849700 0.02420200 0.19127000
v 0.02849700 0.02420200 0.19127000
v 0.02849700 0.02420200 0.19127000
v 0.02849700 0.02420200 0.19127000
v 0.02849700 0.02420200 0.19127000
v 0.02849700 0.02420200 0.19127000
v -0.03573500 0.01065800 0.19116900
v -0.03573500 0.01065800 0.19116900
v -0.03573500 0.01065800 0.19116900
v -0.03573500 0.01065800 0.19116900
v -0.03573500 0.01065800 0.19116900
v -0.03586200 0.01076400 0.19127000
v -0.03586200 0.01076400 0.19127000
v -0.03586200 0.01076400 0.19127000
v -0.03586200 0.01076400 0.19127000
v -0.03586200 0.01076400 0.19127000
v -0.03586200 0.01076400 0.19127000
v -0.03586200 0.01076400 0.19127000
v -0.03625500 -0.00906100 0.19116900
v -0.03625500 -0.00906100 0.19116900
v -0.03625500 -0.00906100 0.19116900
v -0.03625500 -0.00906100 0.19116900
v -0.03625500 -0.00906100 0.19116900
v -0.03641800 -0.00903500 0.19127000
v -0.03641800 -0.00903500 0.19127000
v -0.03641800 -0.00903500 0.19127000
v -0.03641800 -0.00903500 0.19127000
v -0.03641800 -0.00903500 0.19127000
v -0.03641800 -0.00903500 0.19127000
v -0.00471600 -0.03718600 0.19116900
v -0.00471600 -0.03718600 0.19116900
v -0.00471600 -0.03718600 0.19116900
v -0.00471600 -0.03718600 0.19116900
v -0.00471600 -0.03718600 0.19116900
v -0.00471600 -0.03718600 0.19116900
v -0.00479900 -0.03732900 0.19127000
v -0.00479900 -0.03732900 0.19127000
v -0.00479900 -0.03732900 0.19127000
v -0.00479900 -0.03732900 0.19127000
v -0.00479900 -0.03732900 0.19127000
v -0.00479900 -0.03732900 0.19127000
v 0.03130900 0.02005000 0.19116100
v 0.03130900 0.02005000 0.19116100
v 0.03130900 0.02005000 0.19116100
v 0.03130900 0.02005000 0.19116100
v 0.03130900 0.02005000 0.19116100
v 0.03130900 0.02005000 0.19116100
v 0.03130900 0.02005000 0.19116100
v 0.03148900 0.02018700 0.19127000
v 0.03148900 0.02018700 0.19127000
v 0.03148900 0.02018700 0.19127000
v 0.03148900 0.02018700 0.19127000
v 0.03148900 0.02018700 0.19127000
v 0.03148900 0.02018700 0.19127000
v -0.03392500 0.01525900 0.19116100
v -0.03392500 0.01525900 0.19116100
v -0.03392500 0.01525900 0.19116100
v -0.03392500 0.01525900 0.19116100
v -0.03392500 0.01525900 0.19116100
v -0.03392500 0.01525900 0.19116100
v -0.03392500 0.01525900 0.19116100
v -0.03392500 0.01525900 0.19116100
v -0.03409400 0.01542200 0.19126600
v -0.03409400 0.01542200 0.19126600
v -0.03409400 0.01542200 0.19126600
v -0.03409400 0.01542200 0.19126600
v -0.03409400 0.01542200 0.19126600
v -0.03702600 -0.00429400 0.19116200
v -0.03702600 -0.00429400 0.19116200
v -0.03702600 -0.00429400 0.19116200
v -0.03702600 -0.00429400 0.19116200
v -0.03702600 -0.00429400 0.19116200
v -0.03702600 -0.00429400 0.19116200
v -0.03702600 -0.00429400 0.19116200
v -0.03727100 -0.00412700 0.19126600
v -0.03727100 -0.00412700 0.19126600
v -0.03727100 -0.00412700 0.19126600
v -0.03727100 -0.00412700 0.19126600
v -0.03727100 -0.00412700 0.19126600
v -0.03727100 -0.00412700 0.19126600
v -0.00962700 -0.03610600 0.19118400
v -0.00962700 -0.03610600 0.19118400
v -0.00962700 -0.03610600 0.19118400
v -0.00962700 -0.03610600 0.19118400
v -0.00962700 -0.03610600 0.19118400
v -0.00962700 -0.03610600 0.19118400
v -0.00961000 -0.03622700 0.19116900
v -0.00961000 -0.03622700 0.19116900
v -0.00961000 -0.03622700 0.19116900
v -0.00961000 -0.03622700 0.19116900
v -0.00961000 -0.03622700 0.19116900
v -0.00968600 -0.03636100 0.19126600
v -0.00968600 -0.03636100 0.19126600
v -0.00968600 -0.03636100 0.19126600
v -0.00968600 -0.03636100 0.19126600
v -0.00968600 -0.03636100 0.19126600
v -0.00968600 -0.03636100 0.19126600
v 0.03366900 0.01571600 0.19118400
v 0.03366900 0.01571600 0.19118400
v 0.03366900 0.01571600 0.19118400
v 0.03366900 0.01571600 0.19118400
v 0.03366900 0.01571600 0.19118400
v 0.03375300 0.01580100 0.19116900
v 0.03375300 0.01580100 0.19116900
v 0.03375300 0.01580100 0.19116900
v 0.03375300 0.01580100 0.19116900
v 0.03375300 0.01580100 0.19116900
v 0.03375300 0.01580100 0.19116900
v 0.03390500 0.01583000 0.19126600
v 0.03390500 0.01583000 0.19126600
v 0.03390500 0.01583000 0.19126600
v 0.03390500 0.01583000 0.19126600
v 0.03390500 0.01583000 0.19126600
v 0.03390500 0.01583000 0.19126600
v 0.00702100 0.03644200 0.19116100
v 0.00702100 0.03644200 0.19116100
v 0.00702100 0.03644200 0.19116100
v 0.00702100 0.03644200 0.19116100
v 0.00702100 0.03644200 0.19116100
v 0.00702100 0.03644200 0.19116100
v 0.00702100 0.03644200 0.19116100
v 0.00223100 0.03711500 0.19116900
v 0.00223100 0.03711500 0.19116900
v 0.00223100 0.03711500 0.19116900
v 0.00223100 0.03711500 0.19116900
v 0.00223100 0.03711500 0.19116900
v 0.00164600 0.03706600 0.19118300
v 0.00164600 0.03706600 0.19118300
v 0.00164600 0.03706600 0.19118300
v 0.00164600 0.03706600 0.19118300
v 0.00164600 0.03706600 0.19118300
v -0.00273400 0.03700600 0.19116100
v -0.00273400 0.03700600 0.19116100
v -0.00273400 0.03700600 0.19116100
v -0.00273400 0.03700600 0.19116100
v -0.00273400 0.03700600 0.19116100
v -0.00273400 0.03700600 0.19116100
v -0.00273400 0.03700600 0.19116100
v -0.00780000 0.03628400 0.19116200
v -0.00780000 0.03628400 0.19116200
v -0.00780000 0.03628400 0.19116200
v -0.00780000 0.03628400 0.19116200
v -0.00780000 0.03628400 0.19116200
v -0.00780000 0.03628400 0.19116200
v -0.01249400 0.03502900 0.19116900
v -0.01249400 0.03502900 0.19116900
v -0.01249400 0.03502900 0.19116900
v -0.01249400 0.03502900 0.19116900
v -0.01249400 0.03502900 0.19116900
v -0.01241900 0.03493600 0.19118400
v -0.01241900 0.03493600 0.19118400
v -0.01241900 0.03493600 0.19118400
v -0.01241900 0.03493600 0.19118400
v -0.01241900 0.03493600 0.19118400
v -0.01713700 0.03293500 0.19116100
v -0.01713700 0.03293500 0.19116100
v -0.01713700 0.03293500 0.19116100
v -0.01713700 0.03293500 0.19116100
v -0.01713700 0.03293500 0.19116100
v -0.01713700 0.03293500 0.19116100
v -0.01713700 0.03293500 0.19116100
v -0.01713700 0.03293500 0.19116100
v -0.02134500 0.03047900 0.19116900
v -0.02134500 0.03047900 0.19116900
v -0.02134500 0.03047900 0.19116900
v -0.02134500 0.03047900 0.19116900
v -0.02134500 0.03047900 0.19116900
v -0.02124100 0.03041300 0.19118400
v -0.02124100 0.03041300 0.19118400
v -0.02124100 0.03041300 0.19118400
v -0.02124100 0.03041300 0.19118400
v -0.02124100 0.03041300 0.19118400
v -0.02124100 0.03041300 0.19118400
v -0.02871900 0.02358800 0.19116200
v -0.02871900 0.02358800 0.19116200
v -0.02871900 0.02358800 0.19116200
v -0.02871900 0.02358800 0.19116200
v -0.02871900 0.02358800 0.19116200
v -0.02871900 0.02358800 0.19116200
v -0.02871900 0.02358800 0.19116200
v -0.03160900 0.01971500 0.19116900
v -0.03160900 0.01971500 0.19116900
v -0.03160900 0.01971500 0.19116900
v -0.03160900 0.01971500 0.19116900
v -0.03160900 0.01971500 0.19116900
v -0.03149300 0.01968800 0.19118400
v -0.03149300 0.01968800 0.19118400
v -0.03149300 0.01968800 0.19118400
v -0.03149300 0.01968800 0.19118400
v -0.03149300 0.01968800 0.19118400
v -0.03561200 0.01067300 0.19118400
v -0.03561200 0.01067300 0.19118400
v -0.03561200 0.01067300 0.19118400
v -0.03561200 0.01067300 0.19118400
v -0.03561200 0.01067300 0.19118400
v -0.03253300 -0.01823400 0.19118400
v -0.03253300 -0.01823400 0.19118400
v -0.03253300 -0.01823400 0.19118400
v -0.03253300 -0.01823400 0.19118400
v -0.03253300 -0.01823400 0.19118400
v -0.03253300 -0.01823400 0.19118400
v -0.03615600 -0.00899100 0.19118400
v -0.03615600 -0.00899100 0.19118400
v -0.03615600 -0.00899100 0.19118400
v -0.03615600 -0.00899100 0.19118400
v -0.03615600 -0.00899100 0.19118400
v -0.02990000 -0.02250800 0.19116900
v -0.02990000 -0.02250800 0.19116900
v -0.02990000 -0.02250800 0.19116900
v -0.02990000 -0.02250800 0.19116900
v -0.02990000 -0.02250800 0.19116900
v -0.02990000 -0.02250800 0.19116900
v -0.02665300 -0.02629400 0.19116900
v -0.02665300 -0.02629400 0.19116900
v -0.02665300 -0.02629400 0.19116900
v -0.02665300 -0.02629400 0.19116900
v -0.02665300 -0.02629400 0.19116900
v -0.02665300 -0.02629400 0.19116900
v -0.02983300 -0.02240900 0.19118400
v -0.02983300 -0.02240900 0.19118400
v -0.02983300 -0.02240900 0.19118400
v -0.02983300 -0.02240900 0.19118400
v -0.02983300 -0.02240900 0.19118400
v -0.02983300 -0.02240900 0.19118400
v -0.02660300 -0.02618500 0.19118400
v -0.02660300 -0.02618500 0.19118400
v -0.02660300 -0.02618500 0.19118400
v -0.02660300 -0.02618500 0.19118400
v -0.02660300 -0.02618500 0.19118400
v -0.01888400 -0.03227000 0.19116200
v -0.01888400 -0.03227000 0.19116200
v -0.01888400 -0.03227000 0.19116200
v -0.01888400 -0.03227000 0.19116200
v -0.01888400 -0.03227000 0.19116200
v -0.01419600 -0.03460200 0.19116100
v -0.01419600 -0.03460200 0.19116100
v -0.01419600 -0.03460200 0.19116100
v -0.01419600 -0.03460200 0.19116100
v -0.01419600 -0.03460200 0.19116100
v -0.01419600 -0.03460200 0.19116100
v -0.01419600 -0.03460200 0.19116100
v 0.00518200 -0.03701000 0.19118400
v 0.00518200 -0.03701000 0.19118400
v 0.00518200 -0.03701000 0.19118400
v 0.00518200 -0.03701000 0.19118400
v 0.00518200 -0.03701000 0.19118400
v -0.00475100 -0.03706800 0.19118400
v -0.00475100 -0.03706800 0.19118400
v -0.00475100 -0.03706800 0.19118400
v -0.00475100 -0.03706800 0.19118400
v -0.00475100 -0.03706800 0.19118400
v 0.01014400 -0.03600500 0.19116100
v 0.01014400 -0.03600500 0.19116100
v 0.01014400 -0.03600500 0.19116100
v 0.01014400 -0.03600500 0.19116100
v 0.01014400 -0.03600500 0.19116100
v 0.01014400 -0.03600500 0.19116100
v 0.01014400 -0.03600500 0.19116100
v 0.01014400 -0.03600500 0.19116100
v 0.01481600 -0.03441900 0.19116900
v 0.01481600 -0.03441900 0.19116900
v 0.01481600 -0.03441900 0.19116900
v 0.01481600 -0.03441900 0.19116900
v 0.01481600 -0.03441900 0.19116900
v 0.01472600 -0.03433500 0.19118400
v 0.01472600 -0.03433500 0.19118400
v 0.01472600 -0.03433500 0.19118400
v 0.01472600 -0.03433500 0.19118400
v 0.01472600 -0.03433500 0.19118400
v 0.02334300 -0.02928800 0.19116900
v 0.02334300 -0.02928800 0.19116900
v 0.02334300 -0.02928800 0.19116900
v 0.02334300 -0.02928800 0.19116900
v 0.02334300 -0.02928800 0.19116900
v 0.02702000 -0.02580900 0.19116100
v 0.02702000 -0.02580900 0.19116100
v 0.02702000 -0.02580900 0.19116100
v 0.02702000 -0.02580900 0.19116100
v 0.02702000 -0.02580900 0.19116100
v 0.02702000 -0.02580900 0.19116100
v 0.02702000 -0.02580900 0.19116100
v 0.02702000 -0.02580900 0.19116100
v 0.02324200 -0.02922400 0.19118400
v 0.02324200 -0.02922400 0.19118400
v 0.02324200 -0.02922400 0.19118400
v 0.02324200 -0.02922400 0.19118400
v 0.02324200 -0.02922400 0.19118400
v 0.03021100 -0.02208500 0.19116900
v 0.03021100 -0.02208500 0.19116900
v 0.03021100 -0.02208500 0.19116900
v 0.03021100 -0.02208500 0.19116900
v 0.03021100 -0.02208500 0.19116900
v 0.03280200 -0.01784400 0.19116100
v 0.03280200 -0.01784400 0.19116100
v 0.03280200 -0.01784400 0.19116100
v 0.03280200 -0.01784400 0.19116100
v 0.03280200 -0.01784400 0.19116100
v 0.03280200 -0.01784400 0.19116100
v 0.03280200 -0.01784400 0.19116100
v 0.03009400 -0.02205500 0.19118400
v 0.03009400 -0.02205500 0.19118400
v 0.03009400 -0.02205500 0.19118400
v 0.03009400 -0.02205500 0.19118400
v 0.03009400 -0.02205500 0.19118400
v 0.03493200 -0.01332400 0.19116900
v 0.03493200 -0.01332400 0.19116900
v 0.03493200 -0.01332400 0.19116900
v 0.03493200 -0.01332400 0.19116900
v 0.03493200 -0.01332400 0.19116900
v 0.03481300 -0.01332100 0.19118400
v 0.03481300 -0.01332100 0.19118400
v 0.03481300 -0.01332100 0.19118400
v 0.03481300 -0.01332100 0.19118400
v 0.03481300 -0.01332100 0.19118400
v 0.03632900 -0.00843400 0.19116100
v 0.03632900 -0.00843400 0.19116100
v 0.03632900 -0.00843400 0.19116100
v 0.03632900 -0.00843400 0.19116100
v 0.03632900 -0.00843400 0.19116100
v 0.03632900 -0.00843400 0.19116100
v 0.03632900 -0.00843400 0.19116100
v 0.03632900 -0.00843400 0.19116100
v 0.03717100 -0.00362700 0.19116900
v 0.03717100 -0.00362700 0.19116900
v 0.03717100 -0.00362700 0.19116900
v 0.03717100 -0.00362700 0.19116900
v 0.03717100 -0.00362700 0.19116900
v 0.03705500 -0.00366400 0.19118400
v 0.03705500 -0.00366400 0.19118400
v 0.03705500 -0.00366400 0.19118400
v 0.03705500 -0.00366400 0.19118400
v 0.03705500 -0.00366400 0.19118400
v 0.03705500 -0.00366400 0.19118400
v 0.03676900 0.00631700 0.19116900
v 0.03676900 0.00631700 0.19116900
v 0.03676900 0.00631700 0.19116900
v 0.03676900 0.00631700 0.19116900
v 0.03676900 0.00631700 0.19116900
v 0.03676900 0.00631700 0.19116900
v 0.03557900 0.01116000 0.19116900
v 0.03557900 0.01116000 0.19116900
v 0.03557900 0.01116000 0.19116900
v 0.03557900 0.01116000 0.19116900
v 0.03557900 0.01116000 0.19116900
v 0.03557900 0.01116000 0.19116900
v 0.03666500 0.00625500 0.19118400
v 0.03666500 0.00625500 0.19118400
v 0.03666500 0.00625500 0.19118400
v 0.03666500 0.00625500 0.19118400
v 0.03666500 0.00625500 0.19118400
v 0.03548300 0.01108900 0.19118400
v 0.03548300 0.01108900 0.19118400
v 0.03548300 0.01108900 0.19118400
v 0.03548300 0.01108900 0.19118400
v 0.03548300 0.01108900 0.19118400
v 0.03548300 0.01108900 0.19118400
v 0.02074700 0.03079400 0.19116200
v 0.02074700 0.03079400 0.19116200
v 0.02074700 0.03079400 0.19116200
v 0.02074700 0.03079400 0.19116200
v 0.02074700 0.03079400 0.19116200
v 0.02074700 0.03079400 0.19116200
v 0.02074700 0.03079400 0.19116200
v 0.01660300 0.03328700 0.19116900
v 0.01660300 0.03328700 0.19116900
v 0.01660300 0.03328700 0.19116900
v 0.01660300 0.03328700 0.19116900
v 0.01660300 0.03328700 0.19116900
v 0.01659700 0.03316400 0.19118400
v 0.01659700 0.03316400 0.19118400
v 0.01659700 0.03316400 0.19118400
v 0.01659700 0.03316400 0.19118400
v 0.01659700 0.03316400 0.19118400
v -0.02523700 0.02736000 0.19116900
v -0.02523700 0.02736000 0.19116900
v -0.02523700 0.02736000 0.19116900
v -0.02523700 0.02736000 0.19116900
v -0.02523700 0.02736000 0.19116900
v -0.02523700 0.02736000 0.19116900
v -0.02512500 0.02731100 0.19118400
v -0.02512500 0.02731100 0.19118400
v -0.02512500 0.02731100 0.19118400
v -0.02512500 0.02731100 0.19118400
v -0.02512500 0.02731100 0.19118400
v -0.02297400 -0.02948700 0.19116100
v -0.02297400 -0.02948700 0.19116100
v -0.02297400 -0.02948700 0.19116100
v -0.02297400 -0.02948700 0.19116100
v -0.02297400 -0.02948700 0.19116100
v -0.02297400 -0.02948700 0.19116100
v -0.02297400 -0.02948700 0.19116100
v 0.01932800 -0.03200700 0.19116200
v 0.01932800 -0.03200700 0.19116200
v 0.01932800 -0.03200700 0.19116200
v 0.01932800 -0.03200700 0.19116200
v 0.01932800 -0.03200700 0.19116200
v 0.01932800 -0.03200700 0.19116200
v 0.01932800 -0.03200700 0.19116200
v 0.03730300 0.00135800 0.19116900
v 0.03730300 0.00135800 0.19116900
v 0.03730300 0.00135800 0.19116900
v 0.03730300 0.00135800 0.19116900
v 0.03730300 0.00135800 0.19116900
v 0.03730300 0.00135800 0.19116900
v 0.03719200 0.00130400 0.19118400
v 0.03719200 0.00130400 0.19118400
v 0.03719200 0.00130400 0.19118400
v 0.03719200 0.00130400 0.19118400
v 0.03719200 0.00130400 0.19118400
v 0.03719200 0.00130400 0.19118400
v 0.01185000 0.03517400 0.19116200
v 0.01185000 0.03517400 0.19116200
v 0.01185000 0.03517400 0.19116200
v 0.01185000 0.03517400 0.19116200
v 0.01185000 0.03517400 0.19116200
v 0.01185000 0.03517400 0.19116200
v -0.00000000 0.03706900 0.19079600
v -0.00000000 0.03706900 0.19079600
v -0.00000000 0.03706900 0.19079600
v -0.00646300 0.03650400 0.19079600
v -0.00646300 0.03650400 0.19079600
v -0.00646300 0.03650400 0.19079600
v -0.00646300 0.03650400 0.19079600
v -0.01273000 0.03482400 0.19079600
v -0.01273000 0.03482400 0.19079600
v -0.01273000 0.03482400 0.19079600
v -0.01861000 0.03208200 0.19079600
v -0.01861000 0.03208200 0.19079600
v -0.01861000 0.03208200 0.19079600
v -0.02392500 0.02836100 0.19079600
v -0.02392500 0.02836100 0.19079600
v -0.02392500 0.02836100 0.19079600
v -0.02851300 0.02377300 0.19079600
v -0.02851300 0.02377300 0.19079600
v -0.02851300 0.02377300 0.19079600
v -0.02851300 0.02377300 0.19079600
v -0.03223400 0.01845900 0.19079600
v -0.03223400 0.01845900 0.19079600
v -0.03223400 0.01845900 0.19079600
v -0.03497600 0.01257900 0.19079600
v -0.03497600 0.01257900 0.19079600
v -0.03497600 0.01257900 0.19079600
v -0.03665500 0.00631200 0.19079600
v -0.03665500 0.00631200 0.19079600
v -0.03665500 0.00631200 0.19079600
v -0.03665500 0.00631200 0.19079600
v -0.03722100 -0.00015200 0.19079600
v -0.03722100 -0.00015200 0.19079600
v -0.03722100 -0.00015200 0.19079600
v -0.03665500 -0.00661500 0.19079600
v -0.03665500 -0.00661500 0.19079600
v -0.03665500 -0.00661500 0.19079600
v -0.03497600 -0.01288200 0.19079600
v -0.03497600 -0.01288200 0.19079600
v -0.03497600 -0.01288200 0.19079600
v -0.03497600 -0.01288200 0.19079600
v -0.03223400 -0.01876200 0.19079600
v -0.03223400 -0.01876200 0.19079600
v -0.03223400 -0.01876200 0.19079600
v -0.02851300 -0.02407600 0.19079600
v -0.02851300 -0.02407600 0.19079600
v -0.02851300 -0.02407600 0.19079600
v -0.02392500 -0.02866400 0.19079600
v -0.02392500 -0.02866400 0.19079600
v -0.02392500 -0.02866400 0.19079600
v -0.01861000 -0.03238600 0.19079600
v -0.01861000 -0.03238600 0.19079600
v -0.01861000 -0.03238600 0.19079600
v -0.01861000 -0.03238600 0.19079600
v -0.01273000 -0.03512700 0.19079600
v -0.01273000 -0.03512700 0.19079600
v -0.01273000 -0.03512700 0.19079600
v -0.00646300 -0.03680700 0.19079600
v -0.00646300 -0.03680700 0.19079600
v -0.00646300 -0.03680700 0.19079600
v -0.00000000 -0.03737200 0.19079600
v -0.00000000 -0.03737200 0.19079600
v -0.00000000 -0.03737200 0.19079600
v -0.00000000 -0.03737200 0.19079600
v 0.00646300 -0.03680700 0.19079600
v 0.00646300 -0.03680700 0.19079600
v 0.00646300 -0.03680700 0.19079600
v 0.01273000 -0.03512700 0.19079600
v 0.01273000 -0.03512700 0.19079600
v 0.01273000 -0.03512700 0.19079600
v 0.01861000 -0.03238500 0.19079600
v 0.01861000 -0.03238500 0.19079600
v 0.01861000 -0.03238500 0.19079600
v 0.01861000 -0.03238500 0.19079600
v 0.02392500 -0.02866400 0.19079600
v 0.02392500 -0.02866400 0.19079600
v 0.02392500 -0.02866400 0.19079600
v 0.02851200 -0.02407600 0.19079600
v 0.02851200 -0.02407600 0.19079600
v 0.02851200 -0.02407600 0.19079600
v 0.03223400 -0.01876200 0.19079600
v 0.03223400 -0.01876200 0.19079600
v 0.03223400 -0.01876200 0.19079600
v 0.03223400 -0.01876200 0.19079600
v 0.03497600 -0.01288200 0.19079600
v 0.03497600 -0.01288200 0.19079600
v 0.03497600 -0.01288200 0.19079600
v 0.03665500 -0.00661500 0.19079600
v 0.03665500 -0.00661500 0.19079600
v 0.03665500 -0.00661500 0.19079600
v 0.03722000 -0.00015200 0.19079600
v 0.03722000 -0.00015200 0.19079600
v 0.03722000 -0.00015200 0.19079600
v 0.03665500 0.00631200 0.19079600
v 0.03665500 0.00631200 0.19079600
v 0.03665500 0.00631200 0.19079600
v 0.03665500 0.00631200 0.19079600
v 0.03497600 0.01257900 0.19079600
v 0.03497600 0.01257900 0.19079600
v 0.03497600 0.01257900 0.19079600
v 0.03223400 0.01845900 0.19079600
v 0.03223400 0.01845900 0.19079600
v 0.03223400 0.01845900 0.19079600
v 0.02851200 0.02377300 0.19079600
v 0.02851200 0.02377300 0.19079600
v 0.02851200 0.02377300 0.19079600
v 0.02851200 0.02377300 0.19079600
v 0.02392500 0.02836100 0.19079600
v 0.02392500 0.02836100 0.19079600
v 0.02392500 0.02836100 0.19079600
v 0.01861000 0.03208200 0.19079600
v 0.01861000 0.03208200 0.19079600
v 0.01861000 0.03208200 0.19079600
v 0.01273000 0.03482400 0.19079600
v 0.01273000 0.03482400 0.19079600
v 0.01273000 0.03482400 0.19079600
v 0.01273000 0.03482400 0.19079600
v 0.00646300 0.03650400 0.19079600
v 0.00646300 0.03650400 0.19079600
v 0.00646300 0.03650400 0.19079600
v -0.03720000 -0.04645100 0.24339500
v -0.03720000 -0.04645100 0.24339500
v -0.03720000 -0.04645100 0.24339500
v -0.03720000 -0.04645100 0.24339500
v -0.03666500 -0.04645100 0.24968200
v -0.03666500 -0.04645100 0.24968200
v -0.03666500 -0.04645100 0.24968200
v -0.03666500 -0.04645100 0.24968200
v 0.01089300 -0.04645100 0.20782600
v 0.01089300 -0.04645100 0.20782600
v 0.01089300 -0.04645100 0.20782600
v 0.01089300 -0.04645100 0.20782600
v -0.03247600 -0.04645100 0.22525300
v -0.03247600 -0.04645100 0.22525300
v -0.03247600 -0.04645100 0.22525300
v -0.03247600 -0.04645100 0.22525300
v -0.03507500 -0.04645100 0.23100200
v -0.03507500 -0.04645100 0.23100200
v -0.03507500 -0.04645100 0.23100200
v -0.03507500 -0.04645100 0.23100200
v -0.03666500 -0.04645100 0.23710800
v -0.03666500 -0.04645100 0.23710800
v -0.03666500 -0.04645100 0.23710800
v -0.03666500 -0.04645100 0.23710800
v -0.01950400 -0.04645100 0.21171800
v -0.01950400 -0.04645100 0.21171800
v -0.01950400 -0.04645100 0.21171800
v -0.01950400 -0.04645100 0.21171800
v -0.02457700 -0.04645100 0.21547000
v -0.02457700 -0.04645100 0.21547000
v -0.02457700 -0.04645100 0.21547000
v -0.02457700 -0.04645100 0.21547000
v -0.02894300 -0.04645100 0.22002500
v -0.02894300 -0.04645100 0.22002500
v -0.02894300 -0.04645100 0.22002500
v -0.02894300 -0.04645100 0.22002500
v -0.00157900 -0.04645100 0.20622900
v -0.00157900 -0.04645100 0.20622900
v -0.00157900 -0.04645100 0.20622900
v -0.00157900 -0.04645100 0.20622900
v -0.00783700 -0.04645100 0.20703000
v -0.00783700 -0.04645100 0.20703000
v -0.00783700 -0.04645100 0.20703000
v -0.00783700 -0.04645100 0.20703000
v -0.01387000 -0.04645100 0.20887800
v -0.01387000 -0.04645100 0.20887800
v -0.01387000 -0.04645100 0.20887800
v -0.01387000 -0.04645100 0.20887800
v 0.01674700 -0.04645100 0.21017800
v 0.01674700 -0.04645100 0.21017800
v 0.01674700 -0.04645100 0.21017800
v 0.01674700 -0.04645100 0.21017800
v 0.00472500 -0.04645100 0.20649700
v 0.00472500 -0.04645100 0.20649700
v 0.00472500 -0.04645100 0.20649700
v 0.00472500 -0.04645100 0.20649700
v 0.03082000 -0.04645100 0.22256400
v 0.03082000 -0.04645100 0.22256400
v 0.03082000 -0.04645100 0.22256400
v 0.03082000 -0.04645100 0.22256400
v 0.02685600 -0.04645100 0.21765500
v 0.02685600 -0.04645100 0.21765500
v 0.02685600 -0.04645100 0.21765500
v 0.02685600 -0.04645100 0.21765500
v 0.02212000 -0.04645100 0.21348700
v 0.02212000 -0.04645100 0.21348700
v 0.02212000 -0.04645100 0.21348700
v 0.02212000 -0.04645100 0.21348700
v 0.03706500 -0.04645100 0.24024000
v 0.03706500 -0.04645100 0.24024000
v 0.03706500 -0.04645100 0.24024000
v 0.03599900 -0.04645100 0.23402100
v 0.03599900 -0.04645100 0.23402100
v 0.03599900 -0.04645100 0.23402100
v 0.03599900 -0.04645100 0.23402100
v 0.03599900 -0.04645100 0.23402100
v 0.03389700 -0.04645100 0.22807200
v 0.03389700 -0.04645100 0.22807200
v 0.03389700 -0.04645100 0.22807200
v 0.03389700 -0.04645100 0.22807200
v 0.03389700 -0.04645100 0.25871700
v 0.03389700 -0.04645100 0.25871700
v 0.03389700 -0.04645100 0.25871700
v 0.03389700 -0.04645100 0.25871700
v 0.03599900 -0.04645100 0.25276800
v 0.03599900 -0.04645100 0.25276800
v 0.03599900 -0.04645100 0.25276800
v 0.03599900 -0.04645100 0.25276800
v 0.03706500 -0.04645100 0.24655000
v 0.03706500 -0.04645100 0.24655000
v 0.03706500 -0.04645100 0.24655000
v 0.03706500 -0.04645100 0.24655000
v 0.02212000 -0.04645100 0.27330300
v 0.02212000 -0.04645100 0.27330300
v 0.02212000 -0.04645100 0.27330300
v 0.02212000 -0.04645100 0.27330300
v 0.02685600 -0.04645100 0.26913500
v 0.02685600 -0.04645100 0.26913500
v 0.02685600 -0.04645100 0.26913500
v 0.02685600 -0.04645100 0.26913500
v 0.03082000 -0.04645100 0.26422600
v 0.03082000 -0.04645100 0.26422600
v 0.03082000 -0.04645100 0.26422600
v 0.03082000 -0.04645100 0.26422600
v 0.00472500 -0.04645100 0.28029300
v 0.00472500 -0.04645100 0.28029300
v 0.00472500 -0.04645100 0.28029300
v 0.00472500 -0.04645100 0.28029300
v 0.01089300 -0.04645100 0.27896400
v 0.01089300 -0.04645100 0.27896400
v 0.01089300 -0.04645100 0.27896400
v 0.01089300 -0.04645100 0.27896400
v 0.01674700 -0.04645100 0.27661100
v 0.01674700 -0.04645100 0.27661100
v 0.01674700 -0.04645100 0.27661100
v 0.01674700 -0.04645100 0.27661100
v -0.01387000 -0.04645100 0.27791200
v -0.01387000 -0.04645100 0.27791200
v -0.01387000 -0.04645100 0.27791200
v -0.01387000 -0.04645100 0.27791200
v -0.00783700 -0.04645100 0.27975900
v -0.00783700 -0.04645100 0.27975900
v -0.00783700 -0.04645100 0.27975900
v -0.00783700 -0.04645100 0.27975900
v -0.00157900 -0.04645100 0.28056100
v -0.00157900 -0.04645100 0.28056100
v -0.00157900 -0.04645100 0.28056100
v -0.00157900 -0.04645100 0.28056100
v -0.02894300 -0.04645100 0.26676400
v -0.02894300 -0.04645100 0.26676400
v -0.02894300 -0.04645100 0.26676400
v -0.02894300 -0.04645100 0.26676400
v -0.02457700 -0.04645100 0.27132000
v -0.02457700 -0.04645100 0.27132000
v -0.02457700 -0.04645100 0.27132000
v -0.02457700 -0.04645100 0.27132000
v -0.01950400 -0.04645100 0.27507100
v -0.01950400 -0.04645100 0.27507100
v -0.01950400 -0.04645100 0.27507100
v -0.01950400 -0.04645100 0.27507100
v -0.03507500 -0.04645100 0.25578800
v -0.03507500 -0.04645100 0.25578800
v -0.03507500 -0.04645100 0.25578800
v -0.03507500 -0.04645100 0.25578800
v -0.03247600 -0.04645100 0.26153700
v -0.03247600 -0.04645100 0.26153700
v -0.03247600 -0.04645100 0.26153700
v -0.03247600 -0.04645100 0.26153700
v 0.03737100 -0.04715000 0.23948900
v 0.03737100 -0.04715000 0.23948900
v 0.03737100 -0.04715000 0.23948900
v 0.03737100 -0.04715000 0.23948900
v 0.03737100 -0.04715000 0.23948900
v 0.03737100 -0.04715000 0.23948900
v 0.03737100 -0.04715000 0.23948900
v 0.03632400 -0.04721700 0.23395800
v 0.03632400 -0.04721700 0.23395800
v 0.03632400 -0.04721700 0.23395800
v 0.03632400 -0.04721700 0.23395800
v 0.03632400 -0.04721700 0.23395800
v 0.03424800 -0.04720900 0.22803200
v 0.03424800 -0.04720900 0.22803200
v 0.03424800 -0.04720900 0.22803200
v 0.03424800 -0.04720900 0.22803200
v 0.03424800 -0.04720900 0.22803200
v 0.03424800 -0.04720900 0.22803200
v 0.03116000 -0.04720900 0.22246500
v 0.03116000 -0.04720900 0.22246500
v 0.03116000 -0.04720900 0.22246500
v 0.03116000 -0.04720900 0.22246500
v 0.03116000 -0.04720900 0.22246500
v 0.03116000 -0.04720900 0.22246500
v 0.02717400 -0.04720900 0.21750000
v 0.02717400 -0.04720900 0.21750000
v 0.02717400 -0.04720900 0.21750000
v 0.02717400 -0.04720900 0.21750000
v 0.02717400 -0.04720900 0.21750000
v 0.02717400 -0.04720900 0.21750000
v 0.02240700 -0.04720900 0.21328000
v 0.02240700 -0.04720900 0.21328000
v 0.02240700 -0.04720900 0.21328000
v 0.02240700 -0.04720900 0.21328000
v 0.02240700 -0.04720900 0.21328000
v 0.02240700 -0.04720900 0.21328000
v 0.01699500 -0.04720900 0.20992700
v 0.01699500 -0.04720900 0.20992700
v 0.01699500 -0.04720900 0.20992700
v 0.01699500 -0.04720900 0.20992700
v 0.01699500 -0.04720900 0.20992700
v 0.01699500 -0.04720900 0.20992700
v 0.01109500 -0.04720900 0.20753600
v 0.01109500 -0.04720900 0.20753600
v 0.01109500 -0.04720900 0.20753600
v 0.01109500 -0.04720900 0.20753600
v 0.01109500 -0.04720900 0.20753600
v 0.01109500 -0.04720900 0.20753600
v 0.00487500 -0.04720900 0.20617700
v 0.00487500 -0.04720900 0.20617700
v 0.00487500 -0.04720900 0.20617700
v 0.00487500 -0.04720900 0.20617700
v 0.00487500 -0.04720900 0.20617700
v 0.00487500 -0.04720900 0.20617700
v -0.00148500 -0.04720900 0.20588800
v -0.00148500 -0.04720900 0.20588800
v -0.00148500 -0.04720900 0.20588800
v -0.00148500 -0.04720900 0.20588800
v -0.00148500 -0.04720900 0.20588800
v -0.00148500 -0.04720900 0.20588800
v -0.00780200 -0.04720900 0.20667900
v -0.00780200 -0.04720900 0.20667900
v -0.00780200 -0.04720900 0.20667900
v -0.00780200 -0.04720900 0.20667900
v -0.00780200 -0.04720900 0.20667900
v -0.00780200 -0.04720900 0.20667900
v -0.01389500 -0.04720900 0.20852500
v -0.01389500 -0.04720900 0.20852500
v -0.01389500 -0.04720900 0.20852500
v -0.01389500 -0.04720900 0.20852500
v -0.01389500 -0.04720900 0.20852500
v -0.01389500 -0.04720900 0.20852500
v -0.01958800 -0.04720900 0.21137500
v -0.01958800 -0.04720900 0.21137500
v -0.01958800 -0.04720900 0.21137500
v -0.01958800 -0.04720900 0.21137500
v -0.01958800 -0.04720900 0.21137500
v -0.01958800 -0.04720900 0.21137500
v -0.02471800 -0.04720900 0.21514600
v -0.02471800 -0.04720900 0.21514600
v -0.02471800 -0.04720900 0.21514600
v -0.02471800 -0.04720900 0.21514600
v -0.02471800 -0.04720900 0.21514600
v -0.02471800 -0.04720900 0.21514600
v -0.02913900 -0.04719300 0.21973700
v -0.02913900 -0.04719300 0.21973700
v -0.02913900 -0.04719300 0.21973700
v -0.02913900 -0.04719300 0.21973700
v -0.02913900 -0.04719300 0.21973700
v -0.03271700 -0.04720900 0.22499400
v -0.03271700 -0.04720900 0.22499400
v -0.03271700 -0.04720900 0.22499400
v -0.03271700 -0.04720900 0.22499400
v -0.03271700 -0.04720900 0.22499400
v -0.03271700 -0.04720900 0.22499400
v -0.03535600 -0.04720900 0.23078800
v -0.03535600 -0.04720900 0.23078800
v -0.03535600 -0.04720900 0.23078800
v -0.03535600 -0.04720900 0.23078800
v -0.03535600 -0.04720900 0.23078800
v -0.03535600 -0.04720900 0.23078800
v -0.03697800 -0.04720900 0.23694500
v -0.03697800 -0.04720900 0.23694500
v -0.03697800 -0.04720900 0.23694500
v -0.03697800 -0.04720900 0.23694500
v -0.03697800 -0.04720900 0.23694500
v -0.03697800 -0.04720900 0.23694500
v -0.03753600 -0.04720900 0.24328700
v -0.03753600 -0.04720900 0.24328700
v -0.03753600 -0.04720900 0.24328700
v -0.03753600 -0.04720900 0.24328700
v -0.03753600 -0.04720900 0.24328700
v -0.03753600 -0.04720900 0.24328700
v -0.03701500 -0.04720900 0.24963200
v -0.03701500 -0.04720900 0.24963200
v -0.03701500 -0.04720900 0.24963200
v -0.03701500 -0.04720900 0.24963200
v -0.03701500 -0.04720900 0.24963200
v -0.03701500 -0.04720900 0.24963200
v -0.03542800 -0.04720900 0.25579700
v -0.03542800 -0.04720900 0.25579700
v -0.03542800 -0.04720900 0.25579700
v -0.03542800 -0.04720900 0.25579700
v -0.03542800 -0.04720900 0.25579700
v -0.03542800 -0.04720900 0.25579700
v -0.03282200 -0.04720900 0.26160600
v -0.03282200 -0.04720900 0.26160600
v -0.03282200 -0.04720900 0.26160600
v -0.03282200 -0.04720900 0.26160600
v -0.03282200 -0.04720900 0.26160600
v -0.03282200 -0.04720900 0.26160600
v -0.02927300 -0.04720900 0.26689200
v -0.02927300 -0.04720900 0.26689200
v -0.02927300 -0.04720900 0.26689200
v -0.02927300 -0.04720900 0.26689200
v -0.02927300 -0.04720900 0.26689200
v -0.02927300 -0.04720900 0.26689200
v -0.02488100 -0.04720900 0.27150100
v -0.02488100 -0.04720900 0.27150100
v -0.02488100 -0.04720900 0.27150100
v -0.02488100 -0.04720900 0.27150100
v -0.02488100 -0.04720900 0.27150100
v -0.02488100 -0.04720900 0.27150100
v -0.01977300 -0.04720900 0.27530100
v -0.01977300 -0.04720900 0.27530100
v -0.01977300 -0.04720900 0.27530100
v -0.01977300 -0.04720900 0.27530100
v -0.01977300 -0.04720900 0.27530100
v -0.01977300 -0.04720900 0.27530100
v -0.01409600 -0.04720900 0.27818400
v -0.01409600 -0.04720900 0.27818400
v -0.01409600 -0.04720900 0.27818400
v -0.01409600 -0.04720900 0.27818400
v -0.01409600 -0.04720900 0.27818400
v -0.01409600 -0.04720900 0.27818400
v -0.00801400 -0.04720900 0.28006600
v -0.00801400 -0.04720900 0.28006600
v -0.00801400 -0.04720900 0.28006600
v -0.00801400 -0.04720900 0.28006600
v -0.00801400 -0.04720900 0.28006600
v -0.00801400 -0.04720900 0.28006600
v -0.00170200 -0.04720900 0.28089300
v -0.00170200 -0.04720900 0.28089300
v -0.00170200 -0.04720900 0.28089300
v -0.00170200 -0.04720900 0.28089300
v -0.00170200 -0.04720900 0.28089300
v -0.00170200 -0.04720900 0.28089300
v 0.00466000 -0.04720900 0.28064100
v 0.00466000 -0.04720900 0.28064100
v 0.00466000 -0.04720900 0.28064100
v 0.00466000 -0.04720900 0.28064100
v 0.00466000 -0.04720900 0.28064100
v 0.00466000 -0.04720900 0.28064100
v 0.01088800 -0.04720900 0.27931700
v 0.01088800 -0.04720900 0.27931700
v 0.01088800 -0.04720900 0.27931700
v 0.01088800 -0.04720900 0.27931700
v 0.01088800 -0.04720900 0.27931700
v 0.01088800 -0.04720900 0.27931700
v 0.01680200 -0.04720900 0.27696100
v 0.01680200 -0.04720900 0.27696100
v 0.01680200 -0.04720900 0.27696100
v 0.01680200 -0.04720900 0.27696100
v 0.01680200 -0.04720900 0.27696100
v 0.01680200 -0.04720900 0.27696100
v 0.02223300 -0.04720900 0.27363800
v 0.02223300 -0.04720900 0.27363800
v 0.02223300 -0.04720900 0.27363800
v 0.02223300 -0.04720900 0.27363800
v 0.02223300 -0.04720900 0.27363800
v 0.02223300 -0.04720900 0.27363800
v 0.02702400 -0.04720900 0.26944600
v 0.02702400 -0.04720900 0.26944600
v 0.02702400 -0.04720900 0.26944600
v 0.02702400 -0.04720900 0.26944600
v 0.02702400 -0.04720900 0.26944600
v 0.02702400 -0.04720900 0.26944600
v 0.03103800 -0.04720900 0.26450400
v 0.03103800 -0.04720900 0.26450400
v 0.03103800 -0.04720900 0.26450400
v 0.03103800 -0.04720900 0.26450400
v 0.03103800 -0.04720900 0.26450400
v 0.03103800 -0.04720900 0.26450400
v 0.03415900 -0.04720900 0.25895500
v 0.03415900 -0.04720900 0.25895500
v 0.03415900 -0.04720900 0.25895500
v 0.03415900 -0.04720900 0.25895500
v 0.03415900 -0.04720900 0.25895500
v 0.03415900 -0.04720900 0.25895500
v 0.03629700 -0.04720900 0.25295800
v 0.03629700 -0.04720900 0.25295800
v 0.03629700 -0.04720900 0.25295800
v 0.03629700 -0.04720900 0.25295800
v 0.03629700 -0.04720900 0.25295800
v 0.03629700 -0.04720900 0.25295800
v 0.03739100 -0.04720900 0.24668600
v 0.03739100 -0.04720900 0.24668600
v 0.03739100 -0.04720900 0.24668600
v 0.03739100 -0.04720900 0.24668600
v 0.03739100 -0.04720900 0.24668600
v 0.03739100 -0.04720900 0.24668600
v -0.02849700 -0.04725100 0.21948400
v -0.02849700 -0.04725100 0.21948400
v -0.02849700 -0.04725100 0.21948400
v -0.02849700 -0.04725100 0.21948400
v -0.02849700 -0.04725100 0.21948400
v -0.02849700 -0.04725100 0.21948400
v -0.02849700 -0.04725100 0.21948400
v -0.02849700 -0.04725100 0.21948400
v -0.02391200 -0.04725100 0.21489800
v -0.02391200 -0.04725100 0.21489800
v -0.02391200 -0.04725100 0.21489800
v -0.02391200 -0.04725100 0.21489800
v -0.02391200 -0.04725100 0.21489800
v -0.02391200 -0.04725100 0.21489800
v -0.01860000 -0.04725100 0.21117900
v -0.01860000 -0.04725100 0.21117900
v -0.01860000 -0.04725100 0.21117900
v -0.01860000 -0.04725100 0.21117900
v -0.01860000 -0.04725100 0.21117900
v -0.01860000 -0.04725100 0.21117900
v -0.01272300 -0.04725100 0.20843900
v -0.01272300 -0.04725100 0.20843900
v -0.01272300 -0.04725100 0.20843900
v -0.01272300 -0.04725100 0.20843900
v -0.01272300 -0.04725100 0.20843900
v -0.01272300 -0.04725100 0.20843900
v -0.01272300 -0.04725100 0.20843900
v -0.00646000 -0.04725100 0.20676100
v -0.00646000 -0.04725100 0.20676100
v -0.00646000 -0.04725100 0.20676100
v -0.00646000 -0.04725100 0.20676100
v -0.00646000 -0.04725100 0.20676100
v -0.00646000 -0.04725100 0.20676100
v -0.00000000 -0.04725100 0.20619500
v -0.00000000 -0.04725100 0.20619500
v -0.00000000 -0.04725100 0.20619500
v -0.00000000 -0.04725100 0.20619500
v -0.00000000 -0.04725100 0.20619500
v -0.00000000 -0.04725100 0.20619500
v -0.00000000 -0.04725100 0.20619500
v 0.00645900 -0.04725100 0.20676100
v 0.00645900 -0.04725100 0.20676100
v 0.00645900 -0.04725100 0.20676100
v 0.00645900 -0.04725100 0.20676100
v 0.00645900 -0.04725100 0.20676100
v 0.00645900 -0.04725100 0.20676100
v 0.01272300 -0.04725100 0.20843900
v 0.01272300 -0.04725100 0.20843900
v 0.01272300 -0.04725100 0.20843900
v 0.01272300 -0.04725100 0.20843900
v 0.01272300 -0.04725100 0.20843900
v 0.01272300 -0.04725100 0.20843900
v 0.01272300 -0.04725100 0.20843900
v 0.01860000 -0.04725100 0.21117900
v 0.01860000 -0.04725100 0.21117900
v 0.01860000 -0.04725100 0.21117900
v 0.01860000 -0.04725100 0.21117900
v 0.01860000 -0.04725100 0.21117900
v 0.01860000 -0.04725100 0.21117900
v 0.02391100 -0.04725100 0.21489800
v 0.02391100 -0.04725100 0.21489800
v 0.02391100 -0.04725100 0.21489800
v 0.02391100 -0.04725100 0.21489800
v 0.02391100 -0.04725100 0.21489800
v 0.02391100 -0.04725100 0.21489800
v 0.02849600 -0.04725100 0.21948400
v 0.02849600 -0.04725100 0.21948400
v 0.02849600 -0.04725100 0.21948400
v 0.02849600 -0.04725100 0.21948400
v 0.02849600 -0.04725100 0.21948400
v 0.02849600 -0.04725100 0.21948400
v 0.02849600 -0.04725100 0.21948400
v 0.03221600 -0.04725100 0.22479500
v 0.03221600 -0.04725100 0.22479500
v 0.03221600 -0.04725100 0.22479500
v 0.03221600 -0.04725100 0.22479500
v 0.03221600 -0.04725100 0.22479500
v 0.03221600 -0.04725100 0.22479500
v 0.03495600 -0.04725100 0.23067200
v 0.03495600 -0.04725100 0.23067200
v 0.03495600 -0.04725100 0.23067200
v 0.03495600 -0.04725100 0.23067200
v 0.03495600 -0.04725100 0.23067200
v 0.03495600 -0.04725100 0.23067200
v 0.03495600 -0.04725100 0.23067200
v 0.03663400 -0.04725100 0.23693500
v 0.03663400 -0.04725100 0.23693500
v 0.03663400 -0.04725100 0.23693500
v 0.03663400 -0.04725100 0.23693500
v 0.03663400 -0.04725100 0.23693500
v 0.03663400 -0.04725100 0.23693500
v 0.03719900 -0.04725100 0.24339500
v 0.03719900 -0.04725100 0.24339500
v 0.03719900 -0.04725100 0.24339500
v 0.03719900 -0.04725100 0.24339500
v 0.03719900 -0.04725100 0.24339500
v 0.03663400 -0.04725100 0.24985500
v 0.03663400 -0.04725100 0.24985500
v 0.03663400 -0.04725100 0.24985500
v 0.03663400 -0.04725100 0.24985500
v 0.03663400 -0.04725100 0.24985500
v 0.03663400 -0.04725100 0.24985500
v 0.03663400 -0.04725100 0.24985500
v 0.03495600 -0.04725100 0.25611800
v 0.03495600 -0.04725100 0.25611800
v 0.03495600 -0.04725100 0.25611800
v 0.03495600 -0.04725100 0.25611800
v 0.03495600 -0.04725100 0.25611800
v 0.03495600 -0.04725100 0.25611800
v 0.03221600 -0.04725100 0.26199500
v 0.03221600 -0.04725100 0.26199500
v 0.03221600 -0.04725100 0.26199500
v 0.03221600 -0.04725100 0.26199500
v 0.03221600 -0.04725100 0.26199500
v 0.03221600 -0.04725100 0.26199500
v 0.03221600 -0.04725100 0.26199500
v 0.02849600 -0.04725100 0.26730600
v 0.02849600 -0.04725100 0.26730600
v 0.02849600 -0.04725100 0.26730600
v 0.02849600 -0.04725100 0.26730600
v 0.02849600 -0.04725100 0.26730600
v 0.02849600 -0.04725100 0.26730600
v 0.02391100 -0.04725100 0.27189100
v 0.02391100 -0.04725100 0.27189100
v 0.02391100 -0.04725100 0.27189100
v 0.02391100 -0.04725100 0.27189100
v 0.02391100 -0.04725100 0.27189100
v 0.02391100 -0.04725100 0.27189100
v 0.02391100 -0.04725100 0.27189100
v 0.01860000 -0.04725100 0.27561100
v 0.01860000 -0.04725100 0.27561100
v 0.01860000 -0.04725100 0.27561100
v 0.01860000 -0.04725100 0.27561100
v 0.01860000 -0.04725100 0.27561100
v 0.01860000 -0.04725100 0.27561100
v 0.01272300 -0.04725100 0.27835100
v 0.01272300 -0.04725100 0.27835100
v 0.01272300 -0.04725100 0.27835100
v 0.01272300 -0.04725100 0.27835100
v 0.01272300 -0.04725100 0.27835100
v 0.01272300 -0.04725100 0.27835100
v 0.00645900 -0.04725100 0.28002900
v 0.00645900 -0.04725100 0.28002900
v 0.00645900 -0.04725100 0.28002900
v 0.00645900 -0.04725100 0.28002900
v 0.00645900 -0.04725100 0.28002900
v 0.00645900 -0.04725100 0.28002900
v 0.00645900 -0.04725100 0.28002900
v -0.00000000 -0.04725100 0.28059400
v -0.00000000 -0.04725100 0.28059400
v -0.00000000 -0.04725100 0.28059400
v -0.00000000 -0.04725100 0.28059400
v -0.00000000 -0.04725100 0.28059400
v -0.00000000 -0.04725100 0.28059400
v -0.00646000 -0.04725100 0.28002900
v -0.00646000 -0.04725100 0.28002900
v -0.00646000 -0.04725100 0.28002900
v -0.00646000 -0.04725100 0.28002900
v -0.00646000 -0.04725100 0.28002900
v -0.00646000 -0.04725100 0.28002900
v -0.00646000 -0.04725100 0.28002900
v -0.01272300 -0.04725100 0.27835100
v -0.01272300 -0.04725100 0.27835100
v -0.01272300 -0.04725100 0.27835100
v -0.01272300 -0.04725100 0.27835100
v -0.01272300 -0.04725100 0.27835100
v -0.01272300 -0.04725100 0.27835100
v -0.01860000 -0.04725100 0.27561100
v -0.01860000 -0.04725100 0.27561100
v -0.01860000 -0.04725100 0.27561100
v -0.01860000 -0.04725100 0.27561100
v -0.01860000 -0.04725100 0.27561100
v -0.01860000 -0.04725100 0.27561100
v -0.02391200 -0.04725100 0.27189100
v -0.02391200 -0.04725100 0.27189100
v -0.02391200 -0.04725100 0.27189100
v -0.02391200 -0.04725100 0.27189100
v -0.02391200 -0.04725100 0.27189100
v -0.02391200 -0.04725100 0.27189100
v -0.02391200 -0.04725100 0.27189100
v -0.02849700 -0.04725100 0.26730600
v -0.02849700 -0.04725100 0.26730600
v -0.02849700 -0.04725100 0.26730600
v -0.02849700 -0.04725100 0.26730600
v -0.02849700 -0.04725100 0.26730600
v -0.02849700 -0.04725100 0.26730600
v -0.03221600 -0.04725100 0.26199500
v -0.03221600 -0.04725100 0.26199500
v -0.03221600 -0.04725100 0.26199500
v -0.03221600 -0.04725100 0.26199500
v -0.03221600 -0.04725100 0.26199500
v -0.03221600 -0.04725100 0.26199500
v -0.03221600 -0.04725100 0.26199500
v -0.03495600 -0.04725100 0.25611800
v -0.03495600 -0.04725100 0.25611800
v -0.03495600 -0.04725100 0.25611800
v -0.03495600 -0.04725100 0.25611800
v -0.03495600 -0.04725100 0.25611800
v -0.03495600 -0.04725100 0.25611800
v -0.03663500 -0.04725100 0.24985500
v -0.03663500 -0.04725100 0.24985500
v -0.03663500 -0.04725100 0.24985500
v -0.03663500 -0.04725100 0.24985500
v -0.03663500 -0.04725100 0.24985500
v -0.03663500 -0.04725100 0.24985500
v -0.03663500 -0.04725100 0.24985500
v -0.03720000 -0.04725100 0.24339500
v -0.03720000 -0.04725100 0.24339500
v -0.03720000 -0.04725100 0.24339500
v -0.03720000 -0.04725100 0.24339500
v -0.03720000 -0.04725100 0.24339500
v -0.03720000 -0.04725100 0.24339500
v -0.03663500 -0.04725100 0.23693500
v -0.03663500 -0.04725100 0.23693500
v -0.03663500 -0.04725100 0.23693500
v -0.03663500 -0.04725100 0.23693500
v -0.03663500 -0.04725100 0.23693500
v -0.03663500 -0.04725100 0.23693500
v -0.03495600 -0.04725100 0.23067200
v -0.03495600 -0.04725100 0.23067200
v -0.03495600 -0.04725100 0.23067200
v -0.03495600 -0.04725100 0.23067200
v -0.03495600 -0.04725100 0.23067200
v -0.03495600 -0.04725100 0.23067200
v -0.03495600 -0.04725100 0.23067200
v -0.03221600 -0.04725100 0.22479500
v -0.03221600 -0.04725100 0.22479500
v -0.03221600 -0.04725100 0.22479500
v -0.03221600 -0.04725100 0.22479500
v -0.03221600 -0.04725100 0.22479500
v -0.03221600 -0.04725100 0.22479500
v 0.03726700 -0.04762600 0.24277900
v 0.03726700 -0.04762600 0.24277900
v 0.03726700 -0.04762600 0.24277900
v 0.03726700 -0.04762600 0.24277900
v 0.03726700 -0.04762600 0.24277900
v 0.03726700 -0.04762600 0.24277900
v 0.03726700 -0.04762600 0.24277900
v 0.03200100 -0.04762900 0.26241100
v 0.03200100 -0.04762900 0.26241100
v 0.03200100 -0.04762900 0.26241100
v 0.03200100 -0.04762900 0.26241100
v -0.00747800 -0.04760900 0.27992100
v -0.00747800 -0.04760900 0.27992100
v -0.00747800 -0.04760900 0.27992100
v -0.00747800 -0.04760900 0.27992100
v -0.00747800 -0.04760900 0.27992100
v -0.00747800 -0.04760900 0.27992100
v -0.01596400 -0.04762000 0.27704300
v -0.01596400 -0.04762000 0.27704300
v -0.01596400 -0.04762000 0.27704300
v -0.01596400 -0.04762000 0.27704300
v -0.01596400 -0.04762000 0.27704300
v -0.02004700 -0.04760800 0.27482000
v -0.02004700 -0.04760800 0.27482000
v -0.02004700 -0.04760800 0.27482000
v -0.02004700 -0.04760800 0.27482000
v -0.02004700 -0.04760800 0.27482000
v -0.02004700 -0.04760800 0.27482000
v -0.02004700 -0.04760800 0.27482000
v -0.02357600 -0.04762900 0.27220000
v -0.02357600 -0.04762900 0.27220000
v -0.02357600 -0.04762900 0.27220000
v -0.02357600 -0.04762900 0.27220000
v -0.02711700 -0.04761300 0.26895500
v -0.02711700 -0.04761300 0.26895500
v -0.02711700 -0.04761300 0.26895500
v -0.02711700 -0.04761300 0.26895500
v -0.02711700 -0.04761300 0.26895500
v -0.02711700 -0.04761300 0.26895500
v -0.02711700 -0.04761300 0.26895500
v -0.02998800 -0.04762100 0.26546900
v -0.02998800 -0.04762100 0.26546900
v -0.02998800 -0.04762100 0.26546900
v -0.02998800 -0.04762100 0.26546900
v -0.02998800 -0.04762100 0.26546900
v -0.02998800 -0.04762100 0.26546900
v -0.03446400 -0.04760700 0.25759200
v -0.03446400 -0.04760700 0.25759200
v -0.03446400 -0.04760700 0.25759200
v -0.03446400 -0.04760700 0.25759200
v -0.03446400 -0.04760700 0.25759200
v -0.03446400 -0.04760700 0.25759200
v -0.03446400 -0.04760700 0.25759200
v -0.03590600 -0.04762800 0.25321400
v -0.03590600 -0.04762800 0.25321400
v -0.03590600 -0.04762800 0.25321400
v -0.03590600 -0.04762800 0.25321400
v -0.03590600 -0.04762800 0.25321400
v -0.03629700 -0.04760800 0.23491000
v -0.03629700 -0.04760800 0.23491000
v -0.03629700 -0.04760800 0.23491000
v -0.03629700 -0.04760800 0.23491000
v -0.03629700 -0.04760800 0.23491000
v -0.03629700 -0.04760800 0.23491000
v -0.03629700 -0.04760800 0.23491000
v -0.02796900 -0.04762900 0.21883000
v -0.02796900 -0.04762900 0.21883000
v -0.02796900 -0.04762900 0.21883000
v -0.02796900 -0.04762900 0.21883000
v -0.02483200 -0.04760700 0.21559800
v -0.02483200 -0.04760700 0.21559800
v -0.02483200 -0.04760700 0.21559800
v -0.02483200 -0.04760700 0.21559800
v -0.02483200 -0.04760700 0.21559800
v -0.02483200 -0.04760700 0.21559800
v -0.02483200 -0.04760700 0.21559800
v -0.01719200 -0.04760800 0.21032100
v -0.01719200 -0.04760800 0.21032100
v -0.01719200 -0.04760800 0.21032100
v -0.01719200 -0.04760800 0.21032100
v -0.01719200 -0.04760800 0.21032100
v -0.01719200 -0.04760800 0.21032100
v -0.00878800 -0.04760700 0.20717100
v -0.00878800 -0.04760700 0.20717100
v -0.00878800 -0.04760700 0.20717100
v -0.00878800 -0.04760700 0.20717100
v -0.00878800 -0.04760700 0.20717100
v -0.00878800 -0.04760700 0.20717100
v -0.00878800 -0.04760700 0.20717100
v 0.00046800 -0.04762900 0.20617300
v 0.00046800 -0.04762900 0.20617300
v 0.00046800 -0.04762900 0.20617300
v 0.00046800 -0.04762900 0.20617300
v 0.00493700 -0.04760700 0.20645000
v 0.00493700 -0.04760700 0.20645000
v 0.00493700 -0.04760700 0.20645000
v 0.00493700 -0.04760700 0.20645000
v 0.00493700 -0.04760700 0.20645000
v 0.00493700 -0.04760700 0.20645000
v 0.00493700 -0.04760700 0.20645000
v 0.03347800 -0.04762700 0.22712100
v 0.03347800 -0.04762700 0.22712100
v 0.03347800 -0.04762700 0.22712100
v 0.03347800 -0.04762700 0.22712100
v 0.03347800 -0.04762700 0.22712100
v 0.03648800 -0.04760700 0.23578900
v 0.03648800 -0.04760700 0.23578900
v 0.03648800 -0.04760700 0.23578900
v 0.03648800 -0.04760700 0.23578900
v 0.03648800 -0.04760700 0.23578900
v 0.03648800 -0.04760700 0.23578900
v 0.03648800 -0.04760700 0.23578900
v -0.03729200 -0.04771900 0.23959800
v -0.03729200 -0.04771900 0.23959800
v -0.03729200 -0.04771900 0.23959800
v -0.03729200 -0.04771900 0.23959800
v -0.03729200 -0.04771900 0.23959800
v -0.03729200 -0.04771900 0.23959800
v -0.03729200 -0.04771900 0.23959800
v -0.03747600 -0.04771900 0.24420900
v -0.03747600 -0.04771900 0.24420900
v -0.03747600 -0.04771900 0.24420900
v -0.03747600 -0.04771900 0.24420900
v -0.03747600 -0.04771900 0.24420900
v -0.03747600 -0.04771900 0.24420900
v -0.03747600 -0.04771900 0.24420900
v 0.01530300 -0.04771900 0.27761300
v 0.01530300 -0.04771900 0.27761300
v 0.01530300 -0.04771900 0.27761300
v 0.01530300 -0.04771900 0.27761300
v 0.01530300 -0.04771900 0.27761300
v 0.01530300 -0.04771900 0.27761300
v 0.02968200 -0.04773500 0.26629500
v 0.02968200 -0.04773500 0.26629500
v 0.02968200 -0.04773500 0.26629500
v 0.02968200 -0.04773500 0.26629500
v 0.02968200 -0.04773500 0.26629500
v 0.02871900 -0.04773500 0.21929900
v 0.02871900 -0.04773500 0.21929900
v 0.02871900 -0.04773500 0.21929900
v 0.02871900 -0.04773500 0.21929900
v 0.02871900 -0.04773500 0.21929900
v 0.02871900 -0.04773500 0.21929900
v 0.01807600 -0.04773600 0.21055200
v 0.01807600 -0.04773600 0.21055200
v 0.01807600 -0.04773600 0.21055200
v 0.01807600 -0.04773600 0.21055200
v 0.01807600 -0.04773600 0.21055200
v 0.01404600 -0.04762400 0.20870900
v 0.01404600 -0.04762400 0.20870900
v 0.01404600 -0.04762400 0.20870900
v 0.01404600 -0.04762400 0.20870900
v 0.01404600 -0.04762400 0.20870900
v 0.01404600 -0.04762400 0.20870900
v 0.01404600 -0.04762400 0.20870900
v -0.01740300 -0.04775200 0.21018600
v -0.01740300 -0.04775200 0.21018600
v -0.01740300 -0.04775200 0.21018600
v -0.01740300 -0.04775200 0.21018600
v -0.01740300 -0.04775200 0.21018600
v -0.01740300 -0.04775200 0.21018600
v -0.02818900 -0.04770200 0.21869600
v -0.02818900 -0.04770200 0.21869600
v -0.02818900 -0.04770200 0.21869600
v -0.02818900 -0.04770200 0.21869600
v -0.02818900 -0.04770200 0.21869600
v -0.02818900 -0.04770200 0.21869600
v -0.02818900 -0.04770200 0.21869600
v -0.03709200 -0.04771500 0.24877600
v -0.03709200 -0.04771500 0.24877600
v -0.03709200 -0.04771500 0.24877600
v -0.03709200 -0.04771500 0.24877600
v -0.03654200 -0.04775200 0.23500400
v -0.03654200 -0.04775200 0.23500400
v -0.03654200 -0.04775200 0.23500400
v -0.03654200 -0.04775200 0.23500400
v -0.03654200 -0.04775200 0.23500400
v -0.03340200 -0.04771900 0.22638300
v -0.03340200 -0.04771900 0.22638300
v -0.03340200 -0.04771900 0.22638300
v -0.03340200 -0.04771900 0.22638300
v -0.03340200 -0.04771900 0.22638300
v -0.03340200 -0.04771900 0.22638300
v -0.03340200 -0.04771900 0.22638300
v -0.03522500 -0.04771500 0.23058800
v -0.03522500 -0.04771500 0.23058800
v -0.03522500 -0.04771500 0.23058800
v -0.03522500 -0.04771500 0.23058800
v -0.03522500 -0.04771500 0.23058800
v -0.03105800 -0.04771900 0.22240700
v -0.03105800 -0.04771900 0.22240700
v -0.03105800 -0.04771900 0.22240700
v -0.03105800 -0.04771900 0.22240700
v -0.03105800 -0.04771900 0.22240700
v -0.03105800 -0.04771900 0.22240700
v -0.02498400 -0.04774900 0.21544200
v -0.02498400 -0.04774900 0.21544200
v -0.02498400 -0.04774900 0.21544200
v -0.02498400 -0.04774900 0.21544200
v -0.02498400 -0.04774900 0.21544200
v -0.02137200 -0.04775200 0.21259000
v -0.02137200 -0.04775200 0.21259000
v -0.02137200 -0.04775200 0.21259000
v -0.02137200 -0.04775200 0.21259000
v -0.02137200 -0.04775200 0.21259000
v -0.02137200 -0.04775200 0.21259000
v -0.01319700 -0.04773200 0.20830800
v -0.01319700 -0.04773200 0.20830800
v -0.01319700 -0.04773200 0.20830800
v -0.01319700 -0.04773200 0.20830800
v -0.01319700 -0.04773200 0.20830800
v -0.01319700 -0.04773200 0.20830800
v -0.01319700 -0.04773200 0.20830800
v -0.00426200 -0.04773600 0.20614900
v -0.00426200 -0.04773600 0.20614900
v -0.00426200 -0.04773600 0.20614900
v -0.00426200 -0.04773600 0.20614900
v -0.00426200 -0.04773600 0.20614900
v -0.00426200 -0.04773600 0.20614900
v -0.00880100 -0.04775200 0.20695000
v -0.00880100 -0.04775200 0.20695000
v -0.00880100 -0.04775200 0.20695000
v -0.00880100 -0.04775200 0.20695000
v -0.00880100 -0.04775200 0.20695000
v 0.00041600 -0.04770200 0.20591900
v 0.00041600 -0.04770200 0.20591900
v 0.00041600 -0.04770200 0.20591900
v 0.00041600 -0.04770200 0.20591900
v 0.00041600 -0.04770200 0.20591900
v 0.00041600 -0.04770200 0.20591900
v 0.00041600 -0.04770200 0.20591900
v 0.00947200 -0.04771900 0.20712700
v 0.00947200 -0.04771900 0.20712700
v 0.00947200 -0.04771900 0.20712700
v 0.00947200 -0.04771900 0.20712700
v 0.00947200 -0.04771900 0.20712700
v 0.00947200 -0.04771900 0.20712700
v 0.00497200 -0.04774900 0.20623500
v 0.00497200 -0.04774900 0.20623500
v 0.00497200 -0.04774900 0.20623500
v 0.00497200 -0.04774900 0.20623500
v 0.00497200 -0.04774900 0.20623500
v 0.02197500 -0.04773500 0.21302200
v 0.02197500 -0.04773500 0.21302200
v 0.02197500 -0.04773500 0.21302200
v 0.02197500 -0.04773500 0.21302200
v 0.02197500 -0.04773500 0.21302200
v 0.02552600 -0.04773200 0.21594300
v 0.02552600 -0.04773200 0.21594300
v 0.02552600 -0.04773200 0.21594300
v 0.02552600 -0.04773200 0.21594300
v 0.02552600 -0.04773200 0.21594300
v 0.02552600 -0.04773200 0.21594300
v 0.03145100 -0.04773200 0.22299800
v 0.03145100 -0.04773200 0.22299800
v 0.03145100 -0.04773200 0.22299800
v 0.03145100 -0.04773200 0.22299800
v 0.03145100 -0.04773200 0.22299800
v 0.03145100 -0.04773200 0.22299800
v 0.03546500 -0.04771900 0.23125800
v 0.03546500 -0.04771900 0.23125800
v 0.03546500 -0.04771900 0.23125800
v 0.03546500 -0.04771900 0.23125800
v 0.03546500 -0.04771900 0.23125800
v 0.03546500 -0.04771900 0.23125800
v 0.03369500 -0.04770200 0.22698600
v 0.03369500 -0.04770200 0.22698600
v 0.03369500 -0.04770200 0.22698600
v 0.03369500 -0.04770200 0.22698600
v 0.03369500 -0.04770200 0.22698600
v 0.03369500 -0.04770200 0.22698600
v 0.03369500 -0.04770200 0.22698600
v 0.03670000 -0.04774900 0.23573400
v 0.03670000 -0.04774900 0.23573400
v 0.03670000 -0.04774900 0.23573400
v 0.03670000 -0.04774900 0.23573400
v 0.03734500 -0.04770500 0.24023600
v 0.03734500 -0.04770500 0.24023600
v 0.03734500 -0.04770500 0.24023600
v 0.03734500 -0.04770500 0.24023600
v 0.03734500 -0.04770500 0.24023600
v 0.03734500 -0.04770500 0.24023600
v 0.03734500 -0.04770500 0.24023600
v 0.03746800 -0.04772100 0.24477200
v 0.03746800 -0.04772100 0.24477200
v 0.03746800 -0.04772100 0.24477200
v 0.03746800 -0.04772100 0.24477200
v 0.03746800 -0.04772100 0.24477200
v 0.03746800 -0.04772100 0.24477200
v 0.03697700 -0.04771900 0.24953900
v 0.03697700 -0.04771900 0.24953900
v 0.03697700 -0.04771900 0.24953900
v 0.03697700 -0.04771900 0.24953900
v 0.03697700 -0.04771900 0.24953900
v 0.03594200 -0.04771900 0.25403600
v 0.03594200 -0.04771900 0.25403600
v 0.03594200 -0.04771900 0.25403600
v 0.03594200 -0.04771900 0.25403600
v 0.03594200 -0.04771900 0.25403600
v 0.03594200 -0.04771900 0.25403600
v 0.03229100 -0.04770200 0.26241900
v 0.03229100 -0.04770200 0.26241900
v 0.03229100 -0.04770200 0.26241900
v 0.03229100 -0.04770200 0.26241900
v 0.03229100 -0.04770200 0.26241900
v 0.03229100 -0.04770200 0.26241900
v 0.03229100 -0.04770200 0.26241900
v 0.03436900 -0.04771500 0.25834600
v 0.03436900 -0.04771500 0.25834600
v 0.03436900 -0.04771500 0.25834600
v 0.03436900 -0.04771500 0.25834600
v 0.03436900 -0.04771500 0.25834600
v 0.03436900 -0.04771500 0.25834600
v 0.02323000 -0.04773600 0.27281900
v 0.02323000 -0.04773600 0.27281900
v 0.02323000 -0.04773600 0.27281900
v 0.02323000 -0.04773600 0.27281900
v 0.02323000 -0.04773600 0.27281900
v 0.02664700 -0.04771500 0.26975200
v 0.02664700 -0.04771500 0.26975200
v 0.02664700 -0.04771500 0.26975200
v 0.02664700 -0.04771500 0.26975200
v 0.02664700 -0.04771500 0.26975200
v 0.02664700 -0.04771500 0.26975200
v 0.02664700 -0.04771500 0.26975200
v 0.01943900 -0.04773600 0.27545100
v 0.01943900 -0.04773600 0.27545100
v 0.01943900 -0.04773600 0.27545100
v 0.01943900 -0.04773600 0.27545100
v 0.01943900 -0.04773600 0.27545100
v 0.01943900 -0.04773600 0.27545100
v 0.01100700 -0.04771500 0.27922300
v 0.01100700 -0.04771500 0.27922300
v 0.01100700 -0.04771500 0.27922300
v 0.01100700 -0.04771500 0.27922300
v 0.01100700 -0.04771500 0.27922300
v 0.01100700 -0.04771500 0.27922300
v 0.00655300 -0.04771900 0.28030200
v 0.00655300 -0.04771900 0.28030200
v 0.00655300 -0.04771900 0.28030200
v 0.00655300 -0.04771900 0.28030200
v 0.00655300 -0.04771900 0.28030200
v 0.00655300 -0.04771900 0.28030200
v 0.00655300 -0.04771900 0.28030200
v 0.00192100 -0.04773600 0.28083400
v 0.00192100 -0.04773600 0.28083400
v 0.00192100 -0.04773600 0.28083400
v 0.00192100 -0.04773600 0.28083400
v 0.00192100 -0.04773600 0.28083400
v -0.00723800 -0.04775200 0.28018200
v -0.00723800 -0.04775200 0.28018200
v -0.00723800 -0.04775200 0.28018200
v -0.00723800 -0.04775200 0.28018200
v -0.00723800 -0.04775200 0.28018200
v -0.00723800 -0.04775200 0.28018200
v -0.00267700 -0.04773200 0.28078500
v -0.00267700 -0.04773200 0.28078500
v -0.00267700 -0.04773200 0.28078500
v -0.00267700 -0.04773200 0.28078500
v -0.00267700 -0.04773200 0.28078500
v -0.00267700 -0.04773200 0.28078500
v -0.01168700 -0.04771900 0.27901100
v -0.01168700 -0.04771900 0.27901100
v -0.01168700 -0.04771900 0.27901100
v -0.01168700 -0.04771900 0.27901100
v -0.01168700 -0.04771900 0.27901100
v -0.01168700 -0.04771900 0.27901100
v -0.03615900 -0.04770200 0.25325000
v -0.03615900 -0.04770200 0.25325000
v -0.03615900 -0.04770200 0.25325000
v -0.03615900 -0.04770200 0.25325000
v -0.03615900 -0.04770200 0.25325000
v -0.03615900 -0.04770200 0.25325000
v -0.03615900 -0.04770200 0.25325000
v -0.03466400 -0.04775200 0.25768200
v -0.03466400 -0.04775200 0.25768200
v -0.03466400 -0.04775200 0.25768200
v -0.03466400 -0.04775200 0.25768200
v -0.03466400 -0.04775200 0.25768200
v -0.03264400 -0.04771500 0.26181200
v -0.03264400 -0.04771500 0.26181200
v -0.03264400 -0.04771500 0.26181200
v -0.03264400 -0.04771500 0.26181200
v -0.03264400 -0.04771500 0.26181200
v -0.03264400 -0.04771500 0.26181200
v -0.03264400 -0.04771500 0.26181200
v -0.03015200 -0.04771900 0.26566400
v -0.03015200 -0.04771900 0.26566400
v -0.03015200 -0.04771900 0.26566400
v -0.03015200 -0.04771900 0.26566400
v -0.03015200 -0.04771900 0.26566400
v -0.03015200 -0.04771900 0.26566400
v -0.02715500 -0.04773600 0.26924100
v -0.02715500 -0.04773600 0.26924100
v -0.02715500 -0.04773600 0.26924100
v -0.02715500 -0.04773600 0.26924100
v -0.02715500 -0.04773600 0.26924100
v -0.02378600 -0.04769800 0.27235200
v -0.02378600 -0.04769800 0.27235200
v -0.02378600 -0.04769800 0.27235200
v -0.02378600 -0.04769800 0.27235200
v -0.02378600 -0.04769800 0.27235200
v -0.02378600 -0.04769800 0.27235200
v -0.02378600 -0.04769800 0.27235200
v -0.02005800 -0.04775200 0.27507100
v -0.02005800 -0.04775200 0.27507100
v -0.02005800 -0.04775200 0.27507100
v -0.02005800 -0.04775200 0.27507100
v -0.02005800 -0.04775200 0.27507100
v -0.01602900 -0.04771900 0.27727900
v -0.01602900 -0.04771900 0.27727900
v -0.01602900 -0.04771900 0.27727900
v -0.01602900 -0.04771900 0.27727900
v -0.01602900 -0.04771900 0.27727900
v -0.01602900 -0.04771900 0.27727900
v -0.01602900 -0.04771900 0.27727900
v -0.03722500 -0.04762100 0.24412900
v -0.03722500 -0.04762100 0.24412900
v -0.03722500 -0.04762100 0.24412900
v -0.03722500 -0.04762100 0.24412900
v -0.03722500 -0.04762100 0.24412900
v -0.03722500 -0.04762100 0.24412900
v -0.03703700 -0.04762000 0.23948600
v -0.03703700 -0.04762000 0.23948600
v -0.03703700 -0.04762000 0.23948600
v -0.03703700 -0.04762000 0.23948600
v -0.03703700 -0.04762000 0.23948600
v -0.03504100 -0.04762000 0.23078500
v -0.03504100 -0.04762000 0.23078500
v -0.03504100 -0.04762000 0.23078500
v -0.03504100 -0.04762000 0.23078500
v -0.03504100 -0.04762000 0.23078500
v -0.03309700 -0.04762000 0.22631700
v -0.03309700 -0.04762000 0.22631700
v -0.03309700 -0.04762000 0.22631700
v -0.03309700 -0.04762000 0.22631700
v -0.03309700 -0.04762000 0.22631700
v -0.03309700 -0.04762000 0.22631700
v -0.03077200 -0.04762100 0.22242700
v -0.03077200 -0.04762100 0.22242700
v -0.03077200 -0.04762100 0.22242700
v -0.03077200 -0.04762100 0.22242700
v -0.03077200 -0.04762100 0.22242700
v -0.03077200 -0.04762100 0.22242700
v -0.02117000 -0.04760900 0.21270000
v -0.02117000 -0.04760900 0.21270000
v -0.02117000 -0.04760900 0.21270000
v -0.02117000 -0.04760900 0.21270000
v -0.02117000 -0.04760900 0.21270000
v -0.02117000 -0.04760900 0.21270000
v -0.01325000 -0.04761300 0.20857000
v -0.01325000 -0.04761300 0.20857000
v -0.01325000 -0.04761300 0.20857000
v -0.01325000 -0.04761300 0.20857000
v -0.00424100 -0.04761300 0.20637300
v -0.00424100 -0.04761300 0.20637300
v -0.00424100 -0.04761300 0.20637300
v -0.00424100 -0.04761300 0.20637300
v -0.00424100 -0.04761300 0.20637300
v -0.00424100 -0.04761300 0.20637300
v 0.00935400 -0.04762100 0.20735300
v 0.00935400 -0.04762100 0.20735300
v 0.00935400 -0.04762100 0.20735300
v 0.00935400 -0.04762100 0.20735300
v 0.00935400 -0.04762100 0.20735300
v 0.01797700 -0.04761300 0.21076900
v 0.01797700 -0.04761300 0.21076900
v 0.01797700 -0.04761300 0.21076900
v 0.01797700 -0.04761300 0.21076900
v 0.01797700 -0.04761300 0.21076900
v 0.01797700 -0.04761300 0.21076900
v 0.02177300 -0.04761300 0.21316600
v 0.02177300 -0.04761300 0.21316600
v 0.02177300 -0.04761300 0.21316600
v 0.02177300 -0.04761300 0.21316600
v 0.02177300 -0.04761300 0.21316600
v 0.02177300 -0.04761300 0.21316600
v 0.02843200 -0.04761300 0.21931200
v 0.02843200 -0.04761300 0.21931200
v 0.02843200 -0.04761300 0.21931200
v 0.02843200 -0.04761300 0.21931200
v 0.02843200 -0.04761300 0.21931200
v 0.03125100 -0.04761300 0.22311800
v 0.03125100 -0.04761300 0.22311800
v 0.03125100 -0.04761300 0.22311800
v 0.03125100 -0.04761300 0.22311800
v 0.03125100 -0.04761300 0.22311800
v 0.03125100 -0.04761300 0.22311800
v 0.03530100 -0.04762100 0.23152900
v 0.03530100 -0.04762100 0.23152900
v 0.03530100 -0.04762100 0.23152900
v 0.03530100 -0.04762100 0.23152900
v 0.03530100 -0.04762100 0.23152900
v 0.03675900 -0.04762000 0.24936600
v 0.03675900 -0.04762000 0.24936600
v 0.03675900 -0.04762000 0.24936600
v 0.03675900 -0.04762000 0.24936600
v 0.03675900 -0.04762000 0.24936600
v 0.03675900 -0.04762000 0.24936600
v 0.03567900 -0.04761900 0.25407400
v 0.03567900 -0.04761900 0.25407400
v 0.03567900 -0.04761900 0.25407400
v 0.03567900 -0.04761900 0.25407400
v 0.03567900 -0.04761900 0.25407400
v 0.03567900 -0.04761900 0.25407400
v 0.03411000 -0.04762100 0.25832800
v 0.03411000 -0.04762100 0.25832800
v 0.03411000 -0.04762100 0.25832800
v 0.03411000 -0.04762100 0.25832800
v 0.03411000 -0.04762100 0.25832800
v 0.03411000 -0.04762100 0.25832800
v 0.02949800 -0.04761300 0.26614600
v 0.02949800 -0.04761300 0.26614600
v 0.02949800 -0.04761300 0.26614600
v 0.02949800 -0.04761300 0.26614600
v 0.02949800 -0.04761300 0.26614600
v 0.02949800 -0.04761300 0.26614600
v 0.02949800 -0.04761300 0.26614600
v 0.02645500 -0.04761900 0.26960800
v 0.02645500 -0.04761900 0.26960800
v 0.02645500 -0.04761900 0.26960800
v 0.02645500 -0.04761900 0.26960800
v 0.02645500 -0.04761900 0.26960800
v 0.01926600 -0.04761300 0.27527700
v 0.01926600 -0.04761300 0.27527700
v 0.01926600 -0.04761300 0.27527700
v 0.01926600 -0.04761300 0.27527700
v 0.01926600 -0.04761300 0.27527700
v 0.01926600 -0.04761300 0.27527700
v 0.01513300 -0.04761900 0.27742500
v 0.01513300 -0.04761900 0.27742500
v 0.01513300 -0.04761900 0.27742500
v 0.01513300 -0.04761900 0.27742500
v 0.01513300 -0.04761900 0.27742500
v 0.01513300 -0.04761900 0.27742500
v 0.00193500 -0.04761300 0.28059800
v 0.00193500 -0.04761300 0.28059800
v 0.00193500 -0.04761300 0.28059800
v 0.00193500 -0.04761300 0.28059800
v 0.00193500 -0.04761300 0.28059800
v 0.00193500 -0.04761300 0.28059800
v 0.00193500 -0.04761300 0.28059800
v 0.00659900 -0.04762000 0.28004600
v 0.00659900 -0.04762000 0.28004600
v 0.00659900 -0.04762000 0.28004600
v 0.00659900 -0.04762000 0.28004600
v -0.00267100 -0.04761300 0.28056300
v -0.00267100 -0.04761300 0.28056300
v -0.00267100 -0.04761300 0.28056300
v -0.00267100 -0.04761300 0.28056300
v -0.00267100 -0.04761300 0.28056300
v -0.01167500 -0.04762100 0.27875000
v -0.01167500 -0.04762100 0.27875000
v -0.01167500 -0.04762100 0.27875000
v -0.01167500 -0.04762100 0.27875000
v -0.01167500 -0.04762100 0.27875000
v -0.01167500 -0.04762100 0.27875000
v -0.03252700 -0.04762100 0.26153400
v -0.03252700 -0.04762100 0.26153400
v -0.03252700 -0.04762100 0.26153400
v -0.03252700 -0.04762100 0.26153400
v -0.03688000 -0.04762100 0.24858100
v -0.03688000 -0.04762100 0.24858100
v -0.03688000 -0.04762100 0.24858100
v -0.03688000 -0.04762100 0.24858100
v -0.03688000 -0.04762100 0.24858100
v -0.03688000 -0.04762100 0.24858100
v 0.02533000 -0.04761300 0.21606400
v 0.02533000 -0.04761300 0.21606400
v 0.02533000 -0.04761300 0.21606400
v 0.02533000 -0.04761300 0.21606400
v 0.02533000 -0.04761300 0.21606400
v 0.02533000 -0.04761300 0.21606400
v 0.02289200 -0.04761400 0.27279700
v 0.02289200 -0.04761400 0.27279700
v 0.02289200 -0.04761400 0.27279700
v 0.02289200 -0.04761400 0.27279700
v 0.02289200 -0.04761400 0.27279700
v 0.02289200 -0.04761400 0.27279700
v 0.01087300 -0.04762100 0.27900700
v 0.01087300 -0.04762100 0.27900700
v 0.01087300 -0.04762100 0.27900700
v 0.01087300 -0.04762100 0.27900700
v 0.01087300 -0.04762100 0.27900700
v 0.01087300 -0.04762100 0.27900700
v -0.02006300 -0.05351600 0.27506400
v -0.02006300 -0.05351600 0.27506400
v -0.02006300 -0.05351600 0.27506400
v -0.02006300 -0.05351600 0.27506400
v -0.02006300 -0.05351600 0.27506400
v -0.01377900 -0.05362300 0.27801300
v -0.01377900 -0.05362300 0.27801300
v -0.01377900 -0.05362300 0.27801300
v -0.01377900 -0.05362300 0.27801300
v -0.01377900 -0.05362300 0.27801300
v -0.01377900 -0.05362300 0.27801300
v 0.03680400 -0.05363800 0.24922100
v 0.03680400 -0.05363800 0.24922100
v 0.03680400 -0.05363800 0.24922100
v 0.03680400 -0.05363800 0.24922100
v 0.03680400 -0.05363800 0.24922100
v 0.03642200 -0.05362300 0.23570700
v 0.03642200 -0.05362300 0.23570700
v 0.03642200 -0.05362300 0.23570700
v 0.03642200 -0.05362300 0.23570700
v 0.00492900 -0.05362300 0.20650400
v 0.00492900 -0.05362300 0.20650400
v 0.00492900 -0.05362300 0.20650400
v 0.00492900 -0.05362300 0.20650400
v 0.00492900 -0.05362300 0.20650400
v -0.01320200 -0.05362300 0.20859000
v -0.01320200 -0.05362300 0.20859000
v -0.01320200 -0.05362300 0.20859000
v -0.01320200 -0.05362300 0.20859000
v -0.02487000 -0.05362300 0.21569700
v -0.02487000 -0.05362300 0.21569700
v -0.02487000 -0.05362300 0.21569700
v -0.02487000 -0.05362300 0.21569700
v -0.03511200 -0.05363800 0.23091900
v -0.03511200 -0.05363800 0.23091900
v -0.03511200 -0.05363800 0.23091900
v -0.03511200 -0.05363800 0.23091900
v -0.03511200 -0.05363800 0.23091900
v -0.03511200 -0.05363800 0.23091900
v -0.03705300 -0.05363800 0.23961000
v -0.03705300 -0.05363800 0.23961000
v -0.03705300 -0.05363800 0.23961000
v -0.03705300 -0.05363800 0.23961000
v -0.03705300 -0.05363800 0.23961000
v -0.03740100 -0.05363100 0.24422100
v -0.03740100 -0.05363100 0.24422100
v -0.03740100 -0.05363100 0.24422100
v -0.03740100 -0.05363100 0.24422100
v -0.03740100 -0.05363100 0.24422100
v -0.03740100 -0.05363100 0.24422100
v -0.03441400 -0.05362300 0.25757200
v -0.03441400 -0.05362300 0.25757200
v -0.03441400 -0.05362300 0.25757200
v -0.03441400 -0.05362300 0.25757200
v -0.03441400 -0.05362300 0.25757200
v -0.02702000 -0.05363900 0.26905700
v -0.02702000 -0.05363900 0.26905700
v -0.02702000 -0.05363900 0.26905700
v -0.02702000 -0.05363900 0.26905700
v -0.02702000 -0.05363900 0.26905700
v -0.02702000 -0.05363900 0.26905700
v -0.02354100 -0.05362300 0.27223100
v -0.02354100 -0.05362300 0.27223100
v -0.02354100 -0.05362300 0.27223100
v -0.02354100 -0.05362300 0.27223100
v -0.02996500 -0.05363900 0.26553000
v -0.02996500 -0.05363900 0.26553000
v -0.02996500 -0.05363900 0.26553000
v -0.02996500 -0.05363900 0.26553000
v -0.02996500 -0.05363900 0.26553000
v -0.02996500 -0.05363900 0.26553000
v -0.02996500 -0.05363900 0.26553000
v -0.03248300 -0.05363100 0.26160800
v -0.03248300 -0.05363100 0.26160800
v -0.03248300 -0.05363100 0.26160800
v -0.03248300 -0.05363100 0.26160800
v -0.03248300 -0.05363100 0.26160800
v -0.03591600 -0.05363900 0.25333100
v -0.03591600 -0.05363900 0.25333100
v -0.03591600 -0.05363900 0.25333100
v -0.03591600 -0.05363900 0.25333100
v -0.03591600 -0.05363900 0.25333100
v -0.03591600 -0.05363900 0.25333100
v -0.03686100 -0.05363900 0.24877800
v -0.03686100 -0.05363900 0.24877800
v -0.03686100 -0.05363900 0.24877800
v -0.03686100 -0.05363900 0.24877800
v -0.03686100 -0.05363900 0.24877800
v -0.03686100 -0.05363900 0.24877800
v -0.03636500 -0.05363900 0.23525700
v -0.03636500 -0.05363900 0.23525700
v -0.03636500 -0.05363900 0.23525700
v -0.03636500 -0.05363900 0.23525700
v -0.03636500 -0.05363900 0.23525700
v -0.03636500 -0.05363900 0.23525700
v -0.03314600 -0.05363200 0.22641300
v -0.03314600 -0.05363200 0.22641300
v -0.03314600 -0.05363200 0.22641300
v -0.03314600 -0.05363200 0.22641300
v -0.03314600 -0.05363200 0.22641300
v -0.02807500 -0.05363900 0.21891200
v -0.02807500 -0.05363900 0.21891200
v -0.02807500 -0.05363900 0.21891200
v -0.02807500 -0.05363900 0.21891200
v -0.02807500 -0.05363900 0.21891200
v -0.02807500 -0.05363900 0.21891200
v -0.02807500 -0.05363900 0.21891200
v -0.03082100 -0.05363900 0.22246700
v -0.03082100 -0.05363900 0.22246700
v -0.03082100 -0.05363900 0.22246700
v -0.03082100 -0.05363900 0.22246700
v -0.03082100 -0.05363900 0.22246700
v -0.03082100 -0.05363900 0.22246700
v -0.01731500 -0.05363900 0.21041200
v -0.01731500 -0.05363900 0.21041200
v -0.01731500 -0.05363900 0.21041200
v -0.01731500 -0.05363900 0.21041200
v -0.01731500 -0.05363900 0.21041200
v -0.01731500 -0.05363900 0.21041200
v -0.02129300 -0.05364300 0.21278500
v -0.02129300 -0.05364300 0.21278500
v -0.02129300 -0.05364300 0.21278500
v -0.02129300 -0.05364300 0.21278500
v -0.02129300 -0.05364300 0.21278500
v -0.02129300 -0.05364300 0.21278500
v -0.02129300 -0.05364300 0.21278500
v -0.00887900 -0.05363800 0.20721300
v -0.00887900 -0.05363800 0.20721300
v -0.00887900 -0.05363800 0.20721300
v -0.00887900 -0.05363800 0.20721300
v -0.00887900 -0.05363800 0.20721300
v -0.00887900 -0.05363800 0.20721300
v -0.00438100 -0.05363900 0.20638900
v -0.00438100 -0.05363900 0.20638900
v -0.00438100 -0.05363900 0.20638900
v -0.00438100 -0.05363900 0.20638900
v -0.00438100 -0.05363900 0.20638900
v -0.00438100 -0.05363900 0.20638900
v 0.00050600 -0.05363800 0.20613800
v 0.00050600 -0.05363800 0.20613800
v 0.00050600 -0.05363800 0.20613800
v 0.00050600 -0.05363800 0.20613800
v 0.00050600 -0.05363800 0.20613800
v 0.00050600 -0.05363800 0.20613800
v 0.00917900 -0.05364400 0.20726400
v 0.00917900 -0.05364400 0.20726400
v 0.00917900 -0.05364400 0.20726400
v 0.00917900 -0.05364400 0.20726400
v 0.00917900 -0.05364400 0.20726400
v 0.00917900 -0.05364400 0.20726400
v 0.00917900 -0.05364400 0.20726400
v 0.01357800 -0.05363900 0.20869200
v 0.01357800 -0.05363900 0.20869200
v 0.01357800 -0.05363900 0.20869200
v 0.01357800 -0.05363900 0.20869200
v 0.01357800 -0.05363900 0.20869200
v 0.01357800 -0.05363900 0.20869200
v 0.01785100 -0.05362300 0.21073000
v 0.01785100 -0.05362300 0.21073000
v 0.01785100 -0.05362300 0.21073000
v 0.01785100 -0.05362300 0.21073000
v 0.02167600 -0.05363800 0.21309400
v 0.02167600 -0.05363800 0.21309400
v 0.02167600 -0.05363800 0.21309400
v 0.02167600 -0.05363800 0.21309400
v 0.02167600 -0.05363800 0.21309400
v 0.02167600 -0.05363800 0.21309400
v 0.02523000 -0.05363900 0.21597100
v 0.02523000 -0.05363900 0.21597100
v 0.02523000 -0.05363900 0.21597100
v 0.02523000 -0.05363900 0.21597100
v 0.02523000 -0.05363900 0.21597100
v 0.02523000 -0.05363900 0.21597100
v 0.02836000 -0.05363800 0.21922500
v 0.02836000 -0.05363800 0.21922500
v 0.02836000 -0.05363800 0.21922500
v 0.02836000 -0.05363800 0.21922500
v 0.02836000 -0.05363800 0.21922500
v 0.03118800 -0.05363800 0.22301800
v 0.03118800 -0.05363800 0.22301800
v 0.03118800 -0.05363800 0.22301800
v 0.03118800 -0.05363800 0.22301800
v 0.03118800 -0.05363800 0.22301800
v 0.03118800 -0.05363800 0.22301800
v 0.03118800 -0.05363800 0.22301800
v 0.03522000 -0.05363100 0.23132000
v 0.03522000 -0.05363100 0.23132000
v 0.03522000 -0.05363100 0.23132000
v 0.03522000 -0.05363100 0.23132000
v 0.03522000 -0.05363100 0.23132000
v 0.03522000 -0.05363100 0.23132000
v 0.03522000 -0.05363100 0.23132000
v 0.03345100 -0.05362400 0.22706300
v 0.03345100 -0.05362400 0.22706300
v 0.03345100 -0.05362400 0.22706300
v 0.03345100 -0.05362400 0.22706300
v 0.03345100 -0.05362400 0.22706300
v 0.03712600 -0.05363800 0.24023100
v 0.03712600 -0.05363800 0.24023100
v 0.03712600 -0.05363800 0.24023100
v 0.03712600 -0.05363800 0.24023100
v 0.03712600 -0.05363800 0.24023100
v 0.03712600 -0.05363800 0.24023100
v 0.03723800 -0.05363500 0.24461100
v 0.03723800 -0.05363500 0.24461100
v 0.03723800 -0.05363500 0.24461100
v 0.03723800 -0.05363500 0.24461100
v 0.03723800 -0.05363500 0.24461100
v 0.03723800 -0.05363500 0.24461100
v 0.03573400 -0.05363900 0.25396400
v 0.03573400 -0.05363900 0.25396400
v 0.03573400 -0.05363900 0.25396400
v 0.03573400 -0.05363900 0.25396400
v 0.03573400 -0.05363900 0.25396400
v 0.03573400 -0.05363900 0.25396400
v 0.03201200 -0.05363800 0.26246200
v 0.03201200 -0.05363800 0.26246200
v 0.03201200 -0.05363800 0.26246200
v 0.03201200 -0.05363800 0.26246200
v 0.03201200 -0.05363800 0.26246200
v 0.03415200 -0.05363900 0.25827700
v 0.03415200 -0.05363900 0.25827700
v 0.03415200 -0.05363900 0.25827700
v 0.03415200 -0.05363900 0.25827700
v 0.03415200 -0.05363900 0.25827700
v 0.03415200 -0.05363900 0.25827700
v 0.02956900 -0.05363800 0.26605500
v 0.02956900 -0.05363800 0.26605500
v 0.02956900 -0.05363800 0.26605500
v 0.02956900 -0.05363800 0.26605500
v 0.02956900 -0.05363800 0.26605500
v 0.02956900 -0.05363800 0.26605500
v 0.02309200 -0.05363900 0.27262500
v 0.02309200 -0.05363900 0.27262500
v 0.02309200 -0.05363900 0.27262500
v 0.02309200 -0.05363900 0.27262500
v 0.02309200 -0.05363900 0.27262500
v 0.02309200 -0.05363900 0.27262500
v 0.02656200 -0.05363900 0.26953000
v 0.02656200 -0.05363900 0.26953000
v 0.02656200 -0.05363900 0.26953000
v 0.02656200 -0.05363900 0.26953000
v 0.02656200 -0.05363900 0.26953000
v 0.02656200 -0.05363900 0.26953000
v 0.01954800 -0.05364300 0.27514300
v 0.01954800 -0.05364300 0.27514300
v 0.01954800 -0.05364300 0.27514300
v 0.01954800 -0.05364300 0.27514300
v 0.01954800 -0.05364300 0.27514300
v 0.01954800 -0.05364300 0.27514300
v 0.01095500 -0.05363100 0.27898100
v 0.01095500 -0.05363100 0.27898100
v 0.01095500 -0.05363100 0.27898100
v 0.01095500 -0.05363100 0.27898100
v 0.01095500 -0.05363100 0.27898100
v 0.01095500 -0.05363100 0.27898100
v 0.01523800 -0.05363200 0.27737800
v 0.01523800 -0.05363200 0.27737800
v 0.01523800 -0.05363200 0.27737800
v 0.01523800 -0.05363200 0.27737800
v 0.01523800 -0.05363200 0.27737800
v 0.00675000 -0.05363800 0.28004000
v 0.00675000 -0.05363800 0.28004000
v 0.00675000 -0.05363800 0.28004000
v 0.00675000 -0.05363800 0.28004000
v 0.00675000 -0.05363800 0.28004000
v 0.00205300 -0.05363800 0.28059300
v 0.00205300 -0.05363800 0.28059300
v 0.00205300 -0.05363800 0.28059300
v 0.00205300 -0.05363800 0.28059300
v 0.00205300 -0.05363800 0.28059300
v 0.00205300 -0.05363800 0.28059300
v 0.00205300 -0.05363800 0.28059300
v -0.00258200 -0.05362400 0.28053000
v -0.00258200 -0.05362400 0.28053000
v -0.00258200 -0.05362400 0.28053000
v -0.00258200 -0.05362400 0.28053000
v -0.00258200 -0.05362400 0.28053000
v -0.00718500 -0.05364400 0.27996800
v -0.00718500 -0.05364400 0.27996800
v -0.00718500 -0.05364400 0.27996800
v -0.00718500 -0.05364400 0.27996800
v -0.00718500 -0.05364400 0.27996800
v -0.00718500 -0.05364400 0.27996800
v -0.00718500 -0.05364400 0.27996800
v -0.02715500 -0.05351600 0.26924200
v -0.02715500 -0.05351600 0.26924200
v -0.02715500 -0.05351600 0.26924200
v -0.02715500 -0.05351600 0.26924200
v -0.02715500 -0.05351600 0.26924200
v -0.02715500 -0.05351600 0.26924200
v -0.03013300 -0.05352000 0.26569300
v -0.03013300 -0.05352000 0.26569300
v -0.03013300 -0.05352000 0.26569300
v -0.03013300 -0.05352000 0.26569300
v -0.03013300 -0.05352000 0.26569300
v -0.02377100 -0.05355400 0.27236400
v -0.02377100 -0.05355400 0.27236400
v -0.02377100 -0.05355400 0.27236400
v -0.02377100 -0.05355400 0.27236400
v -0.02377100 -0.05355400 0.27236400
v -0.02377100 -0.05355400 0.27236400
v -0.02377100 -0.05355400 0.27236400
v -0.01990700 -0.05363900 0.27488200
v -0.01990700 -0.05363900 0.27488200
v -0.01990700 -0.05363900 0.27488200
v -0.01990700 -0.05363900 0.27488200
v -0.01990700 -0.05363900 0.27488200
v -0.01990700 -0.05363900 0.27488200
v -0.01990700 -0.05363900 0.27488200
v -0.03463700 -0.05355000 0.25771000
v -0.03463700 -0.05355000 0.25771000
v -0.03463700 -0.05355000 0.25771000
v -0.03463700 -0.05355000 0.25771000
v -0.03463700 -0.05355000 0.25771000
v -0.03463700 -0.05355000 0.25771000
v -0.03463700 -0.05355000 0.25771000
v -0.03262900 -0.05353300 0.26184600
v -0.03262900 -0.05353300 0.26184600
v -0.03262900 -0.05353300 0.26184600
v -0.03262900 -0.05353300 0.26184600
v -0.03262900 -0.05353300 0.26184600
v -0.03262900 -0.05353300 0.26184600
v -0.03616200 -0.05351600 0.25328200
v -0.03616200 -0.05351600 0.25328200
v -0.03616200 -0.05351600 0.25328200
v -0.03616200 -0.05351600 0.25328200
v -0.03616200 -0.05351600 0.25328200
v -0.03616200 -0.05351600 0.25328200
v -0.03710300 -0.05351600 0.24876300
v -0.03710300 -0.05351600 0.24876300
v -0.03710300 -0.05351600 0.24876300
v -0.03710300 -0.05351600 0.24876300
v -0.03710300 -0.05351600 0.24876300
v -0.03710300 -0.05351600 0.24876300
v -0.03653700 -0.05351600 0.23499800
v -0.03653700 -0.05351600 0.23499800
v -0.03653700 -0.05351600 0.23499800
v -0.03653700 -0.05351600 0.23499800
v -0.03653700 -0.05351600 0.23499800
v -0.03653700 -0.05351600 0.23499800
v -0.03522800 -0.05351600 0.23057100
v -0.03522800 -0.05351600 0.23057100
v -0.03522800 -0.05351600 0.23057100
v -0.03522800 -0.05351600 0.23057100
v -0.03522800 -0.05351600 0.23057100
v -0.03522800 -0.05351600 0.23057100
v -0.03105800 -0.05351600 0.22239900
v -0.03105800 -0.05351600 0.22239900
v -0.03105800 -0.05351600 0.22239900
v -0.03105800 -0.05351600 0.22239900
v -0.03105800 -0.05351600 0.22239900
v -0.03105800 -0.05351600 0.22239900
v -0.02822900 -0.05352000 0.21873000
v -0.02822900 -0.05352000 0.21873000
v -0.02822900 -0.05352000 0.21873000
v -0.02822900 -0.05352000 0.21873000
v -0.02822900 -0.05352000 0.21873000
v -0.02501300 -0.05355000 0.21548500
v -0.02501300 -0.05355000 0.21548500
v -0.02501300 -0.05355000 0.21548500
v -0.02501300 -0.05355000 0.21548500
v -0.02501300 -0.05355000 0.21548500
v -0.02501300 -0.05355000 0.21548500
v -0.02501300 -0.05355000 0.21548500
v -0.02137100 -0.05350000 0.21258900
v -0.02137100 -0.05350000 0.21258900
v -0.02137100 -0.05350000 0.21258900
v -0.02137100 -0.05350000 0.21258900
v -0.02137100 -0.05350000 0.21258900
v -0.01739400 -0.05351600 0.21018500
v -0.01739400 -0.05351600 0.21018500
v -0.01739400 -0.05351600 0.21018500
v -0.01739400 -0.05351600 0.21018500
v -0.01739400 -0.05351600 0.21018500
v -0.01739400 -0.05351600 0.21018500
v -0.01320300 -0.05355400 0.20832400
v -0.01320300 -0.05355400 0.20832400
v -0.01320300 -0.05355400 0.20832400
v -0.01320300 -0.05355400 0.20832400
v -0.01320300 -0.05355400 0.20832400
v -0.01320300 -0.05355400 0.20832400
v -0.01320300 -0.05355400 0.20832400
v -0.00880700 -0.05351600 0.20695500
v -0.00880700 -0.05351600 0.20695500
v -0.00880700 -0.05351600 0.20695500
v -0.00880700 -0.05351600 0.20695500
v -0.00880700 -0.05351600 0.20695500
v -0.00880700 -0.05351600 0.20695500
v 0.00496000 -0.05355400 0.20625100
v 0.00496000 -0.05355400 0.20625100
v 0.00496000 -0.05355400 0.20625100
v 0.00496000 -0.05355400 0.20625100
v 0.00496000 -0.05355400 0.20625100
v 0.00496000 -0.05355400 0.20625100
v 0.00496000 -0.05355400 0.20625100
v 0.00038600 -0.05351600 0.20590800
v 0.00038600 -0.05351600 0.20590800
v 0.00038600 -0.05351600 0.20590800
v 0.00038600 -0.05351600 0.20590800
v 0.00038600 -0.05351600 0.20590800
v 0.01808600 -0.05354900 0.21056900
v 0.01808600 -0.05354900 0.21056900
v 0.01808600 -0.05354900 0.21056900
v 0.01808600 -0.05354900 0.21056900
v 0.01808600 -0.05354900 0.21056900
v 0.01808600 -0.05354900 0.21056900
v 0.01808600 -0.05354900 0.21056900
v 0.01390200 -0.05351600 0.20857900
v 0.01390200 -0.05351600 0.20857900
v 0.01390200 -0.05351600 0.20857900
v 0.01390200 -0.05351600 0.20857900
v 0.01390200 -0.05351600 0.20857900
v 0.01390200 -0.05351600 0.20857900
v 0.02197400 -0.05351600 0.21302100
v 0.02197400 -0.05351600 0.21302100
v 0.02197400 -0.05351600 0.21302100
v 0.02197400 -0.05351600 0.21302100
v 0.02197400 -0.05351600 0.21302100
v 0.02197400 -0.05351600 0.21302100
v 0.02552300 -0.05352000 0.21594000
v 0.02552300 -0.05352000 0.21594000
v 0.02552300 -0.05352000 0.21594000
v 0.02552300 -0.05352000 0.21594000
v 0.02552300 -0.05352000 0.21594000
v 0.02871900 -0.05351600 0.21929900
v 0.02871900 -0.05351600 0.21929900
v 0.02871900 -0.05351600 0.21929900
v 0.02871900 -0.05351600 0.21929900
v 0.02871900 -0.05351600 0.21929900
v 0.02871900 -0.05351600 0.21929900
v 0.03368900 -0.05355000 0.22697500
v 0.03368900 -0.05355000 0.22697500
v 0.03368900 -0.05355000 0.22697500
v 0.03368900 -0.05355000 0.22697500
v 0.03368900 -0.05355000 0.22697500
v 0.03368900 -0.05355000 0.22697500
v 0.03368900 -0.05355000 0.22697500
v 0.03144900 -0.05352000 0.22299400
v 0.03144900 -0.05352000 0.22299400
v 0.03144900 -0.05352000 0.22299400
v 0.03144900 -0.05352000 0.22299400
v 0.03144900 -0.05352000 0.22299400
v 0.03669500 -0.05354900 0.23577200
v 0.03669500 -0.05354900 0.23577200
v 0.03669500 -0.05354900 0.23577200
v 0.03669500 -0.05354900 0.23577200
v 0.03669500 -0.05354900 0.23577200
v 0.03669500 -0.05354900 0.23577200
v 0.03669500 -0.05354900 0.23577200
v 0.03669500 -0.05354900 0.23577200
v 0.03735800 -0.05352000 0.24030000
v 0.03735800 -0.05352000 0.24030000
v 0.03735800 -0.05352000 0.24030000
v 0.03735800 -0.05352000 0.24030000
v 0.03735800 -0.05352000 0.24030000
v 0.03698400 -0.05351600 0.24952700
v 0.03698400 -0.05351600 0.24952700
v 0.03698400 -0.05351600 0.24952700
v 0.03698400 -0.05351600 0.24952700
v 0.03698400 -0.05351600 0.24952700
v 0.03698400 -0.05351600 0.24952700
v 0.03595000 -0.05351600 0.25402500
v 0.03595000 -0.05351600 0.25402500
v 0.03595000 -0.05351600 0.25402500
v 0.03595000 -0.05351600 0.25402500
v 0.03595000 -0.05351600 0.25402500
v 0.03595000 -0.05351600 0.25402500
v 0.03437700 -0.05352000 0.25834200
v 0.03437700 -0.05352000 0.25834200
v 0.03437700 -0.05352000 0.25834200
v 0.03437700 -0.05352000 0.25834200
v 0.03437700 -0.05352000 0.25834200
v 0.03437700 -0.05352000 0.25834200
v 0.03229100 -0.05351600 0.26243900
v 0.03229100 -0.05351600 0.26243900
v 0.03229100 -0.05351600 0.26243900
v 0.03229100 -0.05351600 0.26243900
v 0.03229100 -0.05351600 0.26243900
v 0.03229100 -0.05351600 0.26243900
v 0.02968200 -0.05351600 0.26629400
v 0.02968200 -0.05351600 0.26629400
v 0.02968200 -0.05351600 0.26629400
v 0.02968200 -0.05351600 0.26629400
v 0.02968200 -0.05351600 0.26629400
v 0.02968200 -0.05351600 0.26629400
v 0.02665600 -0.05352000 0.26975100
v 0.02665600 -0.05352000 0.26975100
v 0.02665600 -0.05352000 0.26975100
v 0.02665600 -0.05352000 0.26975100
v 0.02665600 -0.05352000 0.26975100
v 0.02665600 -0.05352000 0.26975100
v 0.02323100 -0.05351600 0.27281800
v 0.02323100 -0.05351600 0.27281800
v 0.02323100 -0.05351600 0.27281800
v 0.02323100 -0.05351600 0.27281800
v 0.02323100 -0.05351600 0.27281800
v 0.02323100 -0.05351600 0.27281800
v 0.01533500 -0.05353700 0.27759400
v 0.01533500 -0.05353700 0.27759400
v 0.01533500 -0.05353700 0.27759400
v 0.01533500 -0.05353700 0.27759400
v 0.01533500 -0.05353700 0.27759400
v 0.01533500 -0.05353700 0.27759400
v 0.01533500 -0.05353700 0.27759400
v 0.01104300 -0.05353300 0.27921500
v 0.01104300 -0.05353300 0.27921500
v 0.01104300 -0.05353300 0.27921500
v 0.01104300 -0.05353300 0.27921500
v 0.01104300 -0.05353300 0.27921500
v 0.01104300 -0.05353300 0.27921500
v -0.00271100 -0.05355000 0.28077500
v -0.00271100 -0.05355000 0.28077500
v -0.00271100 -0.05355000 0.28077500
v -0.00271100 -0.05355000 0.28077500
v -0.00271100 -0.05355000 0.28077500
v -0.00271100 -0.05355000 0.28077500
v -0.00271100 -0.05355000 0.28077500
v -0.00271100 -0.05355000 0.28077500
v 0.00192200 -0.05351600 0.28083500
v 0.00192200 -0.05351600 0.28083500
v 0.00192200 -0.05351600 0.28083500
v 0.00192200 -0.05351600 0.28083500
v 0.00192200 -0.05351600 0.28083500
v -0.01166400 -0.05355000 0.27901200
v -0.01166400 -0.05355000 0.27901200
v -0.01166400 -0.05355000 0.27901200
v -0.01166400 -0.05355000 0.27901200
v -0.01166400 -0.05355000 0.27901200
v -0.01166400 -0.05355000 0.27901200
v -0.00724900 -0.05350300 0.28017800
v -0.00724900 -0.05350300 0.28017800
v -0.00724900 -0.05350300 0.28017800
v -0.00724900 -0.05350300 0.28017800
v -0.01603100 -0.05354900 0.27727200
v -0.01603100 -0.05354900 0.27727200
v -0.01603100 -0.05354900 0.27727200
v -0.01603100 -0.05354900 0.27727200
v -0.01603100 -0.05354900 0.27727200
v -0.01603100 -0.05354900 0.27727200
v -0.03729500 -0.05351600 0.23959000
v -0.03729500 -0.05351600 0.23959000
v -0.03729500 -0.05351600 0.23959000
v -0.03729500 -0.05351600 0.23959000
v -0.03729500 -0.05351600 0.23959000
v -0.03729500 -0.05351600 0.23959000
v -0.03338800 -0.05353700 0.22636500
v -0.03338800 -0.05353700 0.22636500
v -0.03338800 -0.05353700 0.22636500
v -0.03338800 -0.05353700 0.22636500
v -0.03338800 -0.05353700 0.22636500
v -0.03338800 -0.05353700 0.22636500
v -0.00426200 -0.05351600 0.20614900
v -0.00426200 -0.05351600 0.20614900
v -0.00426200 -0.05351600 0.20614900
v -0.00426200 -0.05351600 0.20614900
v -0.00426200 -0.05351600 0.20614900
v -0.00426200 -0.05351600 0.20614900
v 0.00949000 -0.05350000 0.20712300
v 0.00949000 -0.05350000 0.20712300
v 0.00949000 -0.05350000 0.20712300
v 0.00949000 -0.05350000 0.20712300
v 0.00949000 -0.05350000 0.20712300
v 0.03546300 -0.05353300 0.23125400
v 0.03546300 -0.05353300 0.23125400
v 0.03546300 -0.05353300 0.23125400
v 0.03546300 -0.05353300 0.23125400
v 0.03546300 -0.05353300 0.23125400
v 0.03746000 -0.05351400 0.24488400
v 0.03746000 -0.05351400 0.24488400
v 0.03746000 -0.05351400 0.24488400
v 0.03746000 -0.05351400 0.24488400
v 0.03746000 -0.05351400 0.24488400
v 0.03746000 -0.05351400 0.24488400
v 0.01943400 -0.05350000 0.27545800
v 0.01943400 -0.05350000 0.27545800
v 0.01943400 -0.05350000 0.27545800
v 0.01943400 -0.05350000 0.27545800
v 0.01943400 -0.05350000 0.27545800
v 0.00654700 -0.05351600 0.28030800
v 0.00654700 -0.05351600 0.28030800
v 0.00654700 -0.05351600 0.28030800
v 0.00654700 -0.05351600 0.28030800
v 0.00654700 -0.05351600 0.28030800
v 0.00654700 -0.05351600 0.28030800
v 0.03663400 -0.05400100 0.24985500
v 0.03663400 -0.05400100 0.24985500
v 0.03663400 -0.05400100 0.24985500
v 0.03663400 -0.05400100 0.24985500
v 0.03719900 -0.05400100 0.24339500
v 0.03719900 -0.05400100 0.24339500
v 0.03719900 -0.05400100 0.24339500
v 0.03221600 -0.05400100 0.26199500
v 0.03221600 -0.05400100 0.26199500
v 0.03221600 -0.05400100 0.26199500
v 0.03221600 -0.05400100 0.26199500
v 0.03495600 -0.05400100 0.25611800
v 0.03495600 -0.05400100 0.25611800
v 0.03495600 -0.05400100 0.25611800
v 0.02391100 -0.05400100 0.27189100
v 0.02391100 -0.05400100 0.27189100
v 0.02391100 -0.05400100 0.27189100
v 0.02849600 -0.05400100 0.26730600
v 0.02849600 -0.05400100 0.26730600
v 0.02849600 -0.05400100 0.26730600
v 0.01860000 -0.05400100 0.27561100
v 0.01860000 -0.05400100 0.27561100
v 0.01860000 -0.05400100 0.27561100
v 0.01860000 -0.05400100 0.27561100
v 0.00645900 -0.05400100 0.28002900
v 0.00645900 -0.05400100 0.28002900
v 0.00645900 -0.05400100 0.28002900
v 0.00645900 -0.05400100 0.28002900
v 0.01272300 -0.05400100 0.27835100
v 0.01272300 -0.05400100 0.27835100
v 0.01272300 -0.05400100 0.27835100
v -0.00646000 -0.05400100 0.28002900
v -0.00646000 -0.05400100 0.28002900
v -0.00646000 -0.05400100 0.28002900
v -0.00000000 -0.05400100 0.28059400
v -0.00000000 -0.05400100 0.28059400
v -0.00000000 -0.05400100 0.28059400
v -0.01272300 -0.05400100 0.27835100
v -0.01272300 -0.05400100 0.27835100
v -0.01272300 -0.05400100 0.27835100
v -0.01860000 -0.05400100 0.27561100
v -0.01860000 -0.05400100 0.27561100
v -0.01860000 -0.05400100 0.27561100
v -0.02391200 -0.05400100 0.27189100
v -0.02391200 -0.05400100 0.27189100
v -0.02391200 -0.05400100 0.27189100
v -0.02391200 -0.05400100 0.27189100
v -0.03221600 -0.05400100 0.26199500
v -0.03221600 -0.05400100 0.26199500
v -0.03221600 -0.05400100 0.26199500
v -0.03221600 -0.05400100 0.26199500
v -0.02849700 -0.05400100 0.26730600
v -0.02849700 -0.05400100 0.26730600
v -0.02849700 -0.05400100 0.26730600
v -0.03663500 -0.05400100 0.24985500
v -0.03663500 -0.05400100 0.24985500
v -0.03663500 -0.05400100 0.24985500
v -0.03495600 -0.05400100 0.25611800
v -0.03495600 -0.05400100 0.25611800
v -0.03495600 -0.05400100 0.25611800
v -0.03720000 -0.05400100 0.24339500
v -0.03720000 -0.05400100 0.24339500
v -0.03720000 -0.05400100 0.24339500
v -0.03720000 -0.05400100 0.24339500
v -0.03663500 -0.05400100 0.23693500
v -0.03663500 -0.05400100 0.23693500
v -0.03663500 -0.05400100 0.23693500
v -0.03495600 -0.05400100 0.23067200
v -0.03495600 -0.05400100 0.23067200
v -0.03495600 -0.05400100 0.23067200
v -0.03495600 -0.05400100 0.23067200
v -0.02849700 -0.05400100 0.21948400
v -0.02849700 -0.05400100 0.21948400
v -0.02849700 -0.05400100 0.21948400
v -0.03221600 -0.05400100 0.22479500
v -0.03221600 -0.05400100 0.22479500
v -0.03221600 -0.05400100 0.22479500
v -0.02391200 -0.05400100 0.21489800
v -0.02391200 -0.05400100 0.21489800
v -0.02391200 -0.05400100 0.21489800
v -0.02391200 -0.05400100 0.21489800
v -0.01860000 -0.05400100 0.21117900
v -0.01860000 -0.05400100 0.21117900
v -0.01860000 -0.05400100 0.21117900
v -0.01272300 -0.05400100 0.20843900
v -0.01272300 -0.05400100 0.20843900
v -0.01272300 -0.05400100 0.20843900
v -0.01272300 -0.05400100 0.20843900
v -0.00000000 -0.05400100 0.20619500
v -0.00000000 -0.05400100 0.20619500
v -0.00000000 -0.05400100 0.20619500
v -0.00000000 -0.05400100 0.20619500
v -0.00646000 -0.05400100 0.20676100
v -0.00646000 -0.05400100 0.20676100
v -0.00646000 -0.05400100 0.20676100
v 0.01272300 -0.05400100 0.20843900
v 0.01272300 -0.05400100 0.20843900
v 0.01272300 -0.05400100 0.20843900
v 0.00645900 -0.05400100 0.20676100
v 0.00645900 -0.05400100 0.20676100
v 0.00645900 -0.05400100 0.20676100
v 0.01860000 -0.05400100 0.21117900
v 0.01860000 -0.05400100 0.21117900
v 0.01860000 -0.05400100 0.21117900
v 0.01860000 -0.05400100 0.21117900
v 0.02391100 -0.05400100 0.21489800
v 0.02391100 -0.05400100 0.21489800
v 0.02391100 -0.05400100 0.21489800
v 0.02849600 -0.05400100 0.21948400
v 0.02849600 -0.05400100 0.21948400
v 0.02849600 -0.05400100 0.21948400
v 0.02849600 -0.05400100 0.21948400
v 0.03495600 -0.05400100 0.23067200
v 0.03495600 -0.05400100 0.23067200
v 0.03495600 -0.05400100 0.23067200
v 0.03221600 -0.05400100 0.22479500
v 0.03221600 -0.05400100 0.22479500
v 0.03221600 -0.05400100 0.22479500
v 0.03663400 -0.05400100 0.23693500
v 0.03663400 -0.05400100 0.23693500
v 0.03663400 -0.05400100 0.23693500
v 0.03663400 -0.05400100 0.23693500
vn 0.48610000 0.84930000 0.20590000
vn 0.45150000 0.80820000 0.37800000
vn 0.60220000 0.79790000 0.02470000
vn 0.53030000 0.65670000 0.53620000
vn 0.62890000 0.55360000 0.54590000
vn 0.53030000 0.65670000 0.53620000
vn 0.68250000 0.70680000 -0.18620000
vn 0.62890000 0.55360000 0.54590000
vn 0.81090000 0.49930000 0.30510000
vn 0.83380000 0.52190000 0.18010000
vn 0.77540000 0.62720000 -0.07360000
vn 0.81090000 0.49930000 0.30510000
vn 0.88790000 0.42290000 -0.18140000
vn 0.75850000 0.30480000 0.57590000
vn 0.93450000 0.30720000 -0.17980000
vn 0.75850000 0.30480000 0.57590000
vn 0.91220000 0.19660000 0.35940000
vn 0.84150000 0.03570000 0.53910000
vn 0.96180000 0.19740000 0.18970000
vn 0.91220000 0.19660000 0.35940000
vn 0.99630000 0.07970000 -0.03160000
vn 0.98150000 -0.04100000 -0.18690000
vn 0.84150000 0.03570000 0.53910000
vn 0.83200000 -0.10650000 0.54450000
vn 0.89110000 -0.27290000 0.36270000
vn 0.95010000 -0.27790000 0.14180000
vn 0.83200000 -0.10650000 0.54450000
vn 0.98490000 -0.16500000 -0.05220000
vn 0.89110000 -0.27290000 0.36270000
vn 0.90510000 -0.38500000 -0.18070000
vn 0.73000000 -0.36810000 0.57590000
vn 0.73000000 -0.36810000 0.57590000
vn 0.74570000 -0.55150000 0.37400000
vn 0.85340000 -0.49700000 -0.15710000
vn 0.74570000 -0.55150000 0.37400000
vn 0.61190000 -0.63840000 0.46700000
vn 0.71690000 -0.69070000 -0.09500000
vn 0.78790000 -0.59750000 0.14890000
vn 0.61190000 -0.63840000 0.46700000
vn 0.61840000 -0.75700000 -0.21110000
vn 0.47540000 -0.70340000 0.52850000
vn 0.47540000 -0.70340000 0.52850000
vn 0.53290000 -0.84580000 0.02630000
vn 0.38500000 -0.85170000 0.35550000
vn 0.41170000 -0.88830000 0.20340000
vn 0.38500000 -0.85170000 0.35550000
vn 0.30810000 -0.92780000 -0.21010000
vn 0.21980000 -0.84430000 0.48880000
vn 0.05910000 -0.87420000 0.48190000
vn 0.21980000 -0.84430000 0.48880000
vn 0.19930000 -0.97070000 -0.13400000
vn 0.08330000 -0.97930000 0.18470000
vn -0.04180000 -0.99150000 -0.12330000
vn -0.07590000 -0.89210000 0.44540000
vn 0.08330000 -0.97930000 0.18470000
vn -0.22140000 -0.85040000 0.47730000
vn -0.15680000 -0.96280000 -0.21990000
vn -0.07590000 -0.89210000 0.44540000
vn -0.37790000 -0.83600000 0.39780000
vn -0.27770000 -0.95930000 0.05180000
vn -0.22140000 -0.85040000 0.47730000
vn -0.39330000 -0.90460000 0.16430000
vn -0.37790000 -0.83600000 0.39780000
vn -0.50240000 -0.74340000 0.44150000
vn -0.49060000 -0.84400000 -0.21680000
vn -0.66090000 -0.68960000 0.29600000
vn -0.59390000 -0.78880000 -0.15850000
vn -0.50240000 -0.74340000 0.44150000
vn -0.77550000 -0.62630000 -0.07900000
vn -0.70570000 -0.52190000 0.47920000
vn -0.66090000 -0.68960000 0.29600000
vn -0.64290000 -0.67570000 0.36060000
vn -0.82410000 -0.51840000 -0.22850000
vn -0.70570000 -0.52190000 0.47920000
vn -0.81940000 -0.41310000 0.39750000
vn -0.81940000 -0.41310000 0.39750000
vn -0.90210000 -0.42920000 0.04490000
vn -0.82800000 -0.25360000 0.50010000
vn -0.94570000 -0.31520000 0.07860000
vn -0.82800000 -0.25360000 0.50010000
vn -0.82010000 -0.10500000 0.56250000
vn -0.96550000 -0.19430000 -0.17310000
vn -0.96180000 0.04090000 0.27070000
vn -0.96780000 0.04000000 0.24860000
vn -0.98740000 -0.07460000 -0.13940000
vn -0.82010000 -0.10500000 0.56250000
vn -0.96180000 0.04090000 0.27070000
vn -0.97660000 0.16080000 -0.14300000
vn -0.85570000 0.18440000 0.48360000
vn -0.84620000 0.34000000 0.41020000
vn -0.85570000 0.18440000 0.48360000
vn -0.93690000 0.27320000 -0.21830000
vn -0.75470000 0.46470000 0.46310000
vn -0.86540000 0.50080000 0.01620000
vn -0.84620000 0.34000000 0.41020000
vn -0.91830000 0.39270000 0.05020000
vn -0.61950000 0.54520000 0.56480000
vn -0.78390000 0.58940000 -0.19500000
vn -0.75470000 0.46470000 0.46310000
vn -0.71360000 0.69180000 -0.11070000
vn -0.61080000 0.75230000 0.24690000
vn -0.61950000 0.54520000 0.56480000
vn -0.60000000 0.74300000 0.29650000
vn -0.43360000 0.77620000 0.45780000
vn -0.52520000 0.83570000 -0.16090000
vn -0.60000000 0.74300000 0.29650000
vn -0.43360000 0.77620000 0.45780000
vn -0.41660000 0.88190000 -0.22070000
vn -0.30960000 0.87620000 0.36940000
vn -0.31460000 0.94750000 0.05780000
vn -0.30960000 0.87620000 0.36940000
vn -0.20160000 0.97910000 -0.02520000
vn -0.14440000 0.84240000 0.51920000
vn -0.00000000 0.82900000 0.55930000
vn -0.07760000 0.97970000 -0.18470000
vn -0.14440000 0.84240000 0.51920000
vn -0.00000000 0.82900000 0.55930000
vn 0.04550000 0.99330000 -0.10590000
vn 0.16060000 0.96960000 0.18460000
vn 0.16200000 0.94490000 0.28450000
vn 0.27260000 0.77150000 0.57490000
vn 0.27270000 0.94680000 -0.17090000
vn 0.16200000 0.94490000 0.28450000
vn 0.27260000 0.77150000 0.57490000
vn 0.45150000 0.80820000 0.37800000
vn 0.38910000 0.90180000 -0.18820000
vn 0.03190000 0.73100000 0.68160000
vn -0.07590000 -0.89210000 0.44540000
vn 0.10220000 0.60560000 0.78910000
vn -0.04180000 -0.99150000 -0.12330000
vn -0.15680000 -0.96280000 -0.21990000
vn 0.02470000 0.62710000 0.77850000
vn -0.49060000 -0.84400000 -0.21680000
vn -0.50240000 -0.74340000 0.44150000
vn 0.36860000 0.63830000 0.67580000
vn 0.44180000 0.58290000 0.68200000
vn -0.59390000 -0.78880000 -0.15850000
vn 0.55050000 0.25700000 0.79430000
vn 0.53540000 0.33870000 0.77370000
vn -0.90210000 -0.42920000 0.04490000
vn -0.82410000 -0.51840000 -0.22850000
vn -0.81940000 -0.41310000 0.39750000
vn 0.60630000 -0.02690000 0.79480000
vn -0.96780000 0.04000000 0.24860000
vn -0.98740000 -0.07460000 -0.13940000
vn 0.62900000 0.05300000 0.77560000
vn -0.52520000 0.83570000 -0.16090000
vn -0.43360000 0.77620000 0.45780000
vn 0.27050000 -0.57250000 0.77400000
vn -0.41660000 0.88190000 -0.22070000
vn 0.33540000 -0.53100000 0.77820000
vn 0.25980000 -0.55190000 0.79240000
vn 0.27050000 -0.57250000 0.77400000
vn -0.31460000 0.94750000 0.05780000
vn 0.19070000 -0.57710000 0.79410000
vn 0.19740000 -0.59510000 0.77910000
vn -0.30960000 0.87620000 0.36940000
vn -0.41660000 0.88190000 -0.22070000
vn -0.20160000 0.97910000 -0.02520000
vn 0.19740000 -0.59510000 0.77910000
vn -0.31460000 0.94750000 0.05780000
vn 0.11700000 -0.59850000 0.79250000
vn -0.11850000 -0.72480000 0.67870000
vn 0.16060000 0.96960000 0.18460000
vn 0.27270000 0.94680000 -0.17090000
vn -0.20790000 -0.70150000 0.68170000
vn 0.16200000 0.94490000 0.28450000
vn 0.04550000 0.99330000 -0.10590000
vn 0.16060000 0.96960000 0.18460000
vn -0.11850000 -0.72480000 0.67870000
vn -0.02310000 -0.63010000 0.77620000
vn -0.10100000 -0.59830000 0.79490000
vn -0.62070000 -0.39270000 0.67860000
vn 0.81090000 0.49930000 0.30510000
vn 0.83380000 0.52190000 0.18010000
vn 0.88790000 0.42290000 -0.18140000
vn -0.66280000 -0.30960000 0.68170000
vn -0.20450000 -0.02040000 0.97870000
vn 0.99630000 0.07970000 -0.03160000
vn 0.84150000 0.03570000 0.53910000
vn 0.98150000 -0.04100000 -0.18690000
vn -0.37510000 -0.02770000 0.92660000
vn -0.20250000 0.00870000 0.97920000
vn -0.20150000 0.00870000 0.97950000
vn 0.71690000 -0.69070000 -0.09500000
vn -0.50130000 0.37510000 0.77970000
vn 0.78790000 -0.59750000 0.14890000
vn -0.43840000 0.42470000 0.79210000
vn -0.33080000 0.41140000 0.84930000
vn 0.61190000 -0.63840000 0.46700000
vn 0.71690000 -0.69070000 -0.09500000
vn -0.43840000 0.42470000 0.79210000
vn 0.61840000 -0.75700000 -0.21110000
vn -0.39140000 0.37630000 0.83980000
vn -0.19230000 0.58430000 0.78840000
vn 0.38500000 -0.85170000 0.35550000
vn 0.30810000 -0.92780000 -0.21010000
vn 0.41170000 -0.88830000 0.20340000
vn -0.27030000 0.56500000 0.77960000
vn 0.05910000 -0.87420000 0.48190000
vn -0.06090000 0.28610000 0.95630000
vn -0.01110000 0.18660000 0.98240000
vn -0.10110000 0.51530000 0.85100000
vn -0.02170000 0.27980000 0.95980000
vn -0.06050000 0.73250000 0.67800000
vn 0.19930000 -0.97070000 -0.13400000
vn 0.03190000 0.73100000 0.68160000
vn 0.05910000 -0.87420000 0.48190000
vn 0.08330000 -0.97930000 0.18470000
vn -0.06050000 0.73250000 0.67800000
vn -0.04180000 -0.99150000 -0.12330000
vn 0.49250000 -0.21540000 0.84320000
vn 0.75250000 -0.31890000 0.57620000
vn 0.86450000 -0.50270000 0.00010000
vn 0.91830000 -0.39590000 0.00010000
vn 0.47100000 -0.27320000 0.83880000
vn 0.86450000 -0.50260000 -0.00000000
vn 0.94880000 0.31600000 -0.00140000
vn 0.51530000 0.17440000 0.83910000
vn 0.76830000 0.25070000 0.58900000
vn 0.90440000 0.42670000 0.00010000
vn 0.48620000 0.22870000 0.84340000
vn 0.94950000 0.31380000 -0.00000000
vn 0.50060000 0.23630000 0.83280000
vn 0.32180000 0.74130000 0.58900000
vn 0.28030000 0.95990000 0.00010000
vn 0.39480000 0.91880000 -0.00000000
vn 0.15510000 0.53140000 0.83280000
vn 0.15120000 0.51560000 0.84340000
vn 0.21120000 0.50130000 0.83910000
vn 0.39270000 0.91970000 -0.00140000
vn -0.10250000 0.52770000 0.84330000
vn -0.16500000 0.80050000 0.57620000
vn -0.07770000 0.99700000 0.00010000
vn -0.07780000 0.99700000 -0.00000000
vn -0.04230000 0.54290000 0.83870000
vn -0.19590000 0.98060000 0.00010000
vn -0.43560000 0.69200000 0.57570000
vn -0.43200000 0.68690000 0.58440000
vn -0.42660000 0.90450000 -0.00140000
vn -0.53270000 0.84630000 -0.00130000
vn -0.34780000 0.73690000 0.57970000
vn -0.42590000 0.90470000 -0.00100000
vn -0.95970000 0.28110000 -0.00100000
vn -0.98670000 0.16250000 -0.00130000
vn -0.80680000 0.13280000 0.57570000
vn -0.80060000 0.13210000 0.58440000
vn -0.78220000 0.22830000 0.57970000
vn -0.95990000 0.28050000 -0.00140000
vn -0.94910000 -0.31490000 0.00010000
vn -0.53380000 -0.10740000 0.83880000
vn -0.98030000 -0.19730000 0.00010000
vn -0.98030000 -0.19740000 -0.00000000
vn -0.49440000 -0.16340000 0.85370000
vn -0.50990000 -0.16930000 0.84340000
vn -0.68970000 -0.43390000 0.57970000
vn -0.63180000 -0.50930000 0.58430000
vn -0.84640000 -0.53260000 -0.00150000
vn -0.77470000 -0.63240000 -0.00130000
vn -0.84680000 -0.53190000 -0.00100000
vn -0.48990000 -0.64270000 0.58900000
vn -0.27320000 -0.46300000 0.84320000
vn -0.40600000 -0.70620000 0.58000000
vn -0.60130000 -0.79900000 -0.00140000
vn -0.60320000 -0.79760000 -0.00000000
vn -0.50380000 -0.86380000 0.00010000
vn -0.32500000 -0.43620000 0.83910000
vn -0.40600000 -0.70620000 0.58000000
vn -0.50380000 -0.86380000 0.00010000
vn -0.39210000 -0.91990000 -0.00130000
vn -0.50230000 -0.86470000 -0.00100000
vn -0.32270000 -0.74460000 0.58430000
vn -0.04000000 -0.99920000 -0.00130000
vn -0.12910000 -0.80440000 0.57990000
vn -0.16340000 -0.98660000 -0.00100000
vn -0.16510000 -0.98630000 0.00010000
vn -0.03800000 -0.81060000 0.58440000
vn 0.25510000 -0.77030000 0.58440000
vn 0.31470000 -0.94920000 -0.00130000
vn 0.25730000 -0.77620000 0.57570000
vn 0.19740000 -0.98030000 -0.00100000
vn 0.16440000 -0.79790000 0.57990000
vn 0.19580000 -0.98070000 0.00010000
vn 0.42870000 -0.90340000 -0.00100000
vn 0.25730000 -0.77620000 0.57570000
vn 0.31470000 -0.94920000 -0.00130000
vn 0.34260000 -0.73380000 0.58660000
vn 0.16440000 -0.79790000 0.57990000
vn 0.04270000 -0.54280000 0.83880000
vn 0.07740000 -0.99700000 -0.00000000
vn 0.07740000 -0.99700000 0.00010000
vn 0.19580000 -0.98070000 0.00010000
vn 0.10250000 -0.52760000 0.84330000
vn 0.04070000 -0.52590000 0.84960000
vn -0.01960000 -0.54090000 0.84090000
vn -0.04000000 -0.99920000 -0.00130000
vn -0.03800000 -0.81060000 0.58440000
vn 0.04270000 -0.54280000 0.83880000
vn 0.07740000 -0.99700000 0.00010000
vn -0.04200000 -0.99910000 -0.00010000
vn -0.21430000 -0.50890000 0.83370000
vn -0.32270000 -0.74460000 0.58430000
vn -0.14840000 -0.50920000 0.84780000
vn -0.27940000 -0.96020000 -0.00000000
vn -0.39210000 -0.91990000 -0.00130000
vn -0.14610000 -0.49970000 0.85380000
vn -0.39380000 -0.91920000 -0.00010000
vn -0.16510000 -0.98630000 0.00010000
vn -0.27940000 -0.96020000 -0.00000000
vn -0.14610000 -0.49970000 0.85380000
vn -0.27930000 -0.96020000 -0.00010000
vn -0.08580000 -0.49360000 0.86540000
vn -0.12910000 -0.80440000 0.57990000
vn -0.69520000 -0.71880000 -0.00000000
vn -0.69350000 -0.72040000 -0.00150000
vn -0.60130000 -0.79900000 -0.00140000
vn -0.48990000 -0.64270000 0.58900000
vn -0.56190000 -0.58780000 0.58200000
vn -0.77590000 -0.63090000 -0.00010000
vn -0.42620000 -0.35100000 0.83370000
vn -0.63180000 -0.50930000 0.58430000
vn -0.56190000 -0.58780000 0.58200000
vn -0.69520000 -0.71880000 -0.00000000
vn -0.77470000 -0.63240000 -0.00130000
vn -0.37190000 -0.37990000 0.84700000
vn -0.68970000 -0.43390000 0.57970000
vn -0.84640000 -0.53260000 -0.00150000
vn -0.73540000 -0.35070000 0.57990000
vn -0.68690000 -0.43210000 0.58430000
vn -0.90550000 -0.42440000 0.00060000
vn -0.90390000 -0.42770000 -0.00160000
vn -0.94920000 -0.31470000 0.00020000
vn -0.90550000 -0.42440000 0.00060000
vn -0.73540000 -0.35070000 0.57990000
vn -0.45510000 -0.20990000 0.86540000
vn -0.94910000 -0.31490000 0.00010000
vn -0.49440000 -0.16340000 0.85370000
vn -0.99700000 -0.07740000 -0.00000000
vn -0.80600000 -0.05950000 0.58900000
vn -0.54200000 -0.04600000 0.83910000
vn -0.52680000 -0.10570000 0.84340000
vn -0.53380000 -0.10740000 0.83880000
vn -0.99680000 -0.07970000 -0.00140000
vn -0.98030000 -0.19730000 0.00010000
vn -0.80600000 -0.05950000 0.58900000
vn -0.99680000 -0.07970000 -0.00140000
vn -0.99910000 0.04140000 -0.00150000
vn -0.99910000 0.04210000 -0.00100000
vn -0.81280000 0.03460000 0.58160000
vn -0.98670000 0.16240000 -0.00130000
vn -0.98670000 0.16250000 -0.00130000
vn -0.81280000 0.03460000 0.58160000
vn -0.80890000 0.03460000 0.58690000
vn -0.99910000 0.04210000 -0.00100000
vn -0.80680000 0.13280000 0.57570000
vn -0.74760000 0.32050000 0.58160000
vn -0.91950000 0.39300000 -0.00150000
vn -0.91920000 0.39370000 -0.00100000
vn -0.78220000 0.22830000 0.57970000
vn -0.95990000 0.28050000 -0.00140000
vn -0.77550000 0.22670000 0.58920000
vn -0.86500000 0.50180000 -0.00130000
vn -0.86390000 0.50370000 0.00010000
vn -0.74410000 0.31920000 0.58690000
vn -0.74760000 0.32050000 0.58160000
vn -0.91920000 0.39370000 -0.00100000
vn -0.70860000 0.40730000 0.57610000
vn -0.43920000 0.26010000 0.85990000
vn -0.70860000 0.40730000 0.57610000
vn -0.86390000 0.50370000 0.00010000
vn -0.79780000 0.60290000 -0.00000000
vn -0.79780000 0.60290000 0.00010000
vn -0.41770000 0.31570000 0.85200000
vn -0.57910000 0.56380000 0.58890000
vn -0.39390000 0.37530000 0.83910000
vn -0.42900000 0.32350000 0.84340000
vn -0.71910000 0.69490000 -0.00000000
vn -0.41770000 0.31570000 0.85200000
vn -0.72070000 0.69330000 -0.00140000
vn -0.79780000 0.60290000 0.00010000
vn -0.53270000 0.84630000 -0.00130000
vn -0.51310000 0.63140000 0.58140000
vn -0.51060000 0.62840000 0.58690000
vn -0.63100000 0.77580000 -0.00100000
vn -0.43560000 0.69200000 0.57570000
vn -0.63160000 0.77530000 -0.00150000
vn -0.72070000 0.69330000 -0.00140000
vn -0.51310000 0.63140000 0.58140000
vn -0.63100000 0.77580000 -0.00100000
vn -0.57910000 0.56380000 0.58890000
vn -0.19800000 0.98020000 -0.00130000
vn -0.19590000 0.98060000 0.00010000
vn -0.25450000 0.76860000 0.58700000
vn -0.31490000 0.94910000 -0.00100000
vn -0.25590000 0.77230000 0.58140000
vn -0.16500000 0.80050000 0.57620000
vn -0.31560000 0.94890000 -0.00150000
vn -0.42660000 0.90450000 -0.00140000
vn -0.25590000 0.77230000 0.58140000
vn -0.34780000 0.73690000 0.57970000
vn -0.34460000 0.73090000 0.58900000
vn -0.31490000 0.94910000 -0.00100000
vn 0.01970000 0.54360000 0.83910000
vn 0.03800000 0.80720000 0.58900000
vn -0.04150000 0.53570000 0.84340000
vn 0.04330000 0.99910000 -0.00000000
vn -0.07770000 0.99700000 0.00010000
vn 0.04100000 0.99920000 -0.00140000
vn -0.04230000 0.54290000 0.83870000
vn 0.03800000 0.80720000 0.58900000
vn 0.04100000 0.99920000 -0.00140000
vn 0.16150000 0.98690000 -0.00150000
vn 0.16390000 0.98650000 -0.00000000
vn 0.12850000 0.80290000 0.58210000
vn 0.09020000 0.52390000 0.84700000
vn 0.15510000 0.53140000 0.83280000
vn 0.28030000 0.95990000 0.00010000
vn 0.16390000 0.98650000 -0.00000000
vn 0.28020000 0.95990000 -0.00010000
vn 0.12850000 0.80290000 0.58210000
vn 0.50100000 0.86550000 -0.00150000
vn 0.32180000 0.74130000 0.58900000
vn 0.50300000 0.86430000 -0.00000000
vn 0.40490000 0.70520000 0.58200000
vn 0.39270000 0.91970000 -0.00140000
vn 0.33350000 0.44180000 0.83280000
vn 0.40490000 0.70520000 0.58200000
vn 0.60240000 0.79820000 -0.00010000
vn 0.60250000 0.79810000 0.00010000
vn 0.50300000 0.86430000 -0.00000000
vn 0.27020000 0.45790000 0.84700000
vn 0.69470000 0.71930000 0.00010000
vn 0.60250000 0.79810000 0.00010000
vn 0.33350000 0.44180000 0.83280000
vn 0.37820000 0.39160000 0.83880000
vn 0.69470000 0.71930000 -0.00000000
vn 0.32420000 0.42850000 0.84340000
vn 0.77650000 0.63010000 -0.00000000
vn 0.62950000 0.50680000 0.58900000
vn 0.41990000 0.34570000 0.83910000
vn 0.69470000 0.71930000 0.00010000
vn 0.37340000 0.38620000 0.84340000
vn 0.37820000 0.39160000 0.83880000
vn 0.77510000 0.63190000 -0.00140000
vn 0.50060000 0.23630000 0.83280000
vn 0.68630000 0.43630000 0.58190000
vn 0.84700000 0.53150000 -0.00000000
vn 0.90440000 0.42670000 0.00010000
vn 0.45200000 0.27990000 0.84700000
vn 0.90430000 0.42690000 -0.00010000
vn 0.84580000 0.53350000 -0.00150000
vn 0.84700000 0.53150000 -0.00000000
vn 0.77510000 0.63190000 -0.00140000
vn 0.62950000 0.50680000 0.58900000
vn 0.68630000 0.43630000 0.58190000
vn 0.49630000 0.09560000 0.86290000
vn 0.99680000 0.07990000 -0.00010000
vn 0.79640000 0.16460000 0.58200000
vn 0.52760000 0.04580000 0.84830000
vn 0.98050000 0.19660000 -0.00000000
vn 0.99670000 0.08130000 -0.00100000
vn 0.80670000 0.05790000 0.58810000
vn 0.79640000 0.16460000 0.58200000
vn 0.76830000 0.25070000 0.58900000
vn 0.94880000 0.31600000 -0.00140000
vn 0.98000000 0.19890000 -0.00150000
vn 0.98050000 0.19660000 -0.00000000
vn 0.78290000 -0.12840000 0.60880000
vn 0.99900000 -0.04550000 -0.00140000
vn 0.98670000 -0.16260000 -0.00110000
vn 0.78020000 -0.03380000 0.62460000
vn 0.79200000 -0.03370000 0.60960000
vn 0.78490000 -0.22910000 0.57570000
vn 0.79900000 -0.13010000 0.58710000
vn 0.98660000 -0.16340000 -0.00160000
vn 0.96020000 -0.27930000 -0.00160000
vn 0.96000000 -0.28010000 -0.00100000
vn 0.98670000 -0.16260000 -0.00110000
vn 0.78290000 -0.12840000 0.60880000
vn 0.91920000 -0.39380000 -0.00130000
vn 0.91830000 -0.39590000 0.00010000
vn 0.78490000 -0.22910000 0.57570000
vn 0.77710000 -0.22710000 0.58700000
vn 0.96000000 -0.28010000 -0.00100000
vn 0.75250000 -0.31890000 0.57620000
vn 0.71980000 -0.69420000 -0.00130000
vn 0.71970000 -0.69430000 -0.00130000
vn 0.79970000 -0.60040000 -0.00100000
vn 0.58850000 -0.56760000 0.57570000
vn 0.64430000 -0.49060000 0.58670000
vn 0.41660000 -0.30970000 0.85470000
vn 0.86450000 -0.50270000 0.00010000
vn 0.79880000 -0.60170000 -0.00010000
vn 0.43190000 -0.25250000 0.86590000
vn 0.47100000 -0.27320000 0.83880000
vn 0.64430000 -0.49060000 0.58670000
vn 0.79970000 -0.60040000 -0.00100000
vn 0.53290000 -0.84580000 0.02630000
vn -0.11700000 0.25760000 0.95920000
vn -0.27030000 0.56500000 0.77960000
vn -0.15370000 0.24460000 0.95740000
vn 0.41170000 -0.88830000 0.20340000
vn 0.06020000 -0.13450000 0.98910000
vn -0.11700000 0.25760000 0.95920000
vn 0.05570000 -0.16580000 0.98460000
vn 0.04710000 -0.14240000 0.98870000
vn -0.17270000 0.51790000 0.83780000
vn -0.19230000 0.58430000 0.78840000
vn -0.27030000 0.56500000 0.77960000
vn -0.11700000 0.25760000 0.95920000
vn -0.15370000 0.24460000 0.95740000
vn 0.28210000 -0.44940000 0.84760000
vn -0.15150000 0.24130000 0.95850000
vn 0.23890000 -0.49790000 0.83370000
vn 0.06020000 -0.13450000 0.98910000
vn 0.23890000 -0.49790000 0.83370000
vn 0.25510000 -0.77030000 0.58440000
vn 0.34260000 -0.73380000 0.58660000
vn 0.06020000 -0.13450000 0.98910000
vn 0.25730000 -0.77620000 0.57570000
vn 0.04710000 -0.14240000 0.98870000
vn 0.42730000 -0.90410000 -0.00010000
vn 0.53340000 -0.84580000 -0.00000000
vn 0.28210000 -0.44940000 0.84760000
vn 0.34260000 -0.73380000 0.58660000
vn 0.28870000 -0.45890000 0.84030000
vn 0.42870000 -0.90340000 -0.00100000
vn 0.23890000 -0.49790000 0.83370000
vn -0.52070000 0.15190000 0.84010000
vn 0.98490000 -0.16500000 -0.05220000
vn 0.95010000 -0.27790000 0.14180000
vn -0.50320000 0.14750000 0.85150000
vn -0.53830000 0.08550000 0.83840000
vn -0.48970000 0.21320000 0.84540000
vn 0.16790000 -0.04920000 0.98460000
vn -0.50320000 0.14750000 0.85150000
vn -0.27070000 0.11270000 0.95600000
vn 0.16510000 -0.06830000 0.98390000
vn -0.52070000 0.15190000 0.84010000
vn 0.17210000 -0.05030000 0.98380000
vn 0.16790000 -0.04920000 0.98460000
vn -0.50320000 0.14750000 0.85150000
vn -0.53830000 0.08550000 0.83840000
vn -0.18990000 0.03680000 0.98110000
vn 0.17260000 -0.03150000 0.98450000
vn 0.77710000 -0.22710000 0.58700000
vn 0.17210000 -0.05030000 0.98380000
vn 0.16790000 -0.04920000 0.98460000
vn 0.16510000 -0.06830000 0.98390000
vn 0.75250000 -0.31890000 0.57620000
vn 0.49250000 -0.21540000 0.84320000
vn 0.79900000 -0.13010000 0.58710000
vn 0.77710000 -0.22710000 0.58700000
vn 0.78490000 -0.22910000 0.57570000
vn 0.17260000 -0.03150000 0.98450000
vn 0.17210000 -0.05030000 0.98380000
vn 0.47540000 -0.70340000 0.52850000
vn 0.53290000 -0.84580000 0.02630000
vn -0.33080000 0.41140000 0.84930000
vn -0.15150000 0.24130000 0.95850000
vn -0.19190000 0.23100000 0.95380000
vn 0.61840000 -0.75700000 -0.21110000
vn -0.15370000 0.24460000 0.95740000
vn -0.19190000 0.23100000 0.95380000
vn 0.33010000 -0.41210000 0.84920000
vn 0.11450000 -0.13730000 0.98390000
vn 0.28870000 -0.45890000 0.84030000
vn 0.28210000 -0.44940000 0.84760000
vn -0.15150000 0.24130000 0.95850000
vn 0.28870000 -0.45890000 0.84030000
vn 0.33010000 -0.41210000 0.84920000
vn 0.53350000 -0.84580000 -0.00010000
vn 0.53340000 -0.84580000 -0.00000000
vn 0.62880000 -0.77760000 0.00010000
vn 0.51650000 -0.63010000 0.57990000
vn 0.83200000 -0.10650000 0.54450000
vn 0.98490000 -0.16500000 -0.05220000
vn -0.20250000 0.00870000 0.97920000
vn -0.53830000 0.08550000 0.83840000
vn 0.98150000 -0.04100000 -0.18690000
vn -0.18990000 0.03680000 0.98110000
vn 0.78290000 -0.12840000 0.60880000
vn 0.17260000 -0.03150000 0.98450000
vn -0.18990000 0.03680000 0.98110000
vn 0.79900000 -0.13010000 0.58710000
vn -0.20250000 0.00870000 0.97920000
vn -0.20150000 0.00870000 0.97950000
vn 0.78020000 -0.03380000 0.62460000
vn 0.11450000 -0.13730000 0.98390000
vn 0.12640000 -0.12090000 0.98460000
vn -0.33080000 0.41140000 0.84930000
vn -0.19190000 0.23100000 0.95380000
vn -0.39140000 0.37630000 0.83980000
vn 0.58390000 -0.56360000 0.58430000
vn 0.51650000 -0.63010000 0.57990000
vn 0.33010000 -0.41210000 0.84920000
vn 0.12640000 -0.12090000 0.98460000
vn 0.11450000 -0.13730000 0.98390000
vn 0.10790000 -0.10420000 0.98870000
vn 0.51650000 -0.63010000 0.57990000
vn 0.58850000 -0.56760000 0.57570000
vn 0.71970000 -0.69430000 -0.00130000
vn 0.62880000 -0.77760000 0.00010000
vn 0.58390000 -0.56360000 0.58430000
vn 0.63010000 -0.77650000 -0.00100000
vn 0.79200000 -0.03370000 0.60960000
vn 0.52760000 0.04580000 0.84830000
vn 0.80670000 0.05790000 0.58810000
vn 0.78020000 -0.03380000 0.62460000
vn -0.20150000 0.00870000 0.97950000
vn -0.20450000 -0.02040000 0.97870000
vn 0.99670000 0.08130000 -0.00100000
vn 0.80670000 0.05790000 0.58810000
vn 0.99900000 -0.04400000 -0.00240000
vn 0.99900000 -0.04550000 -0.00140000
vn 0.79200000 -0.03370000 0.60960000
vn 0.89110000 -0.27290000 0.36270000
vn -0.48970000 0.21320000 0.84540000
vn -0.52070000 0.15190000 0.84010000
vn 0.95010000 -0.27790000 0.14180000
vn 0.90510000 -0.38500000 -0.18070000
vn 0.05570000 -0.16580000 0.98460000
vn 0.10250000 -0.52760000 0.84330000
vn 0.03760000 -0.17470000 0.98390000
vn 0.04710000 -0.14240000 0.98870000
vn 0.16440000 -0.79790000 0.57990000
vn 0.25510000 -0.77030000 0.58440000
vn -0.02170000 0.27980000 0.95980000
vn 0.03760000 -0.17470000 0.98390000
vn 0.04070000 -0.52590000 0.84960000
vn -0.06090000 0.28610000 0.95630000
vn 0.10250000 -0.52760000 0.84330000
vn 0.04270000 -0.54280000 0.83880000
vn -0.10110000 0.51530000 0.85100000
vn 0.05570000 -0.16580000 0.98460000
vn -0.17270000 0.51790000 0.83780000
vn 0.03760000 -0.17470000 0.98390000
vn -0.06090000 0.28610000 0.95630000
vn -0.17270000 0.51790000 0.83780000
vn 0.19930000 -0.97070000 -0.13400000
vn 0.21980000 -0.84430000 0.48880000
vn 0.30810000 -0.92780000 -0.21010000
vn -0.10110000 0.51530000 0.85100000
vn -0.19230000 0.58430000 0.78840000
vn -0.02170000 0.27980000 0.95980000
vn 0.04070000 -0.52590000 0.84960000
vn -0.01960000 -0.54090000 0.84090000
vn -0.01110000 0.18660000 0.98240000
vn -0.00930000 -0.14710000 0.98910000
vn 0.01010000 0.18030000 0.98360000
vn -0.01110000 0.18660000 0.98240000
vn 0.02470000 0.62710000 0.77850000
vn 0.01010000 0.18030000 0.98360000
vn 0.03190000 0.73100000 0.68160000
vn -0.06050000 0.73250000 0.67800000
vn -0.12910000 -0.80440000 0.57990000
vn -0.08580000 -0.49360000 0.86540000
vn -0.02140000 -0.14780000 0.98880000
vn -0.00930000 -0.14710000 0.98910000
vn -0.03800000 -0.81060000 0.58440000
vn -0.01960000 -0.54090000 0.84090000
vn 0.06260000 0.40080000 0.91400000
vn 0.10710000 0.35990000 0.92680000
vn -0.14840000 -0.50920000 0.84780000
vn 0.08010000 0.27830000 0.95720000
vn -0.14610000 -0.49970000 0.85380000
vn -0.02140000 -0.14780000 0.98880000
vn -0.08580000 -0.49360000 0.86540000
vn 0.10220000 0.60560000 0.78910000
vn -0.02140000 -0.14780000 0.98880000
vn 0.01010000 0.18030000 0.98360000
vn -0.00930000 -0.14710000 0.98910000
vn 0.06260000 0.40080000 0.91400000
vn 0.02470000 0.62710000 0.77850000
vn 0.10220000 0.60560000 0.78910000
vn 0.06260000 0.40080000 0.91400000
vn 0.10710000 0.35990000 0.92680000
vn -0.15680000 -0.96280000 -0.21990000
vn -0.22140000 -0.85040000 0.47730000
vn -0.27770000 -0.95930000 0.05180000
vn -0.21430000 -0.50890000 0.83370000
vn -0.32270000 -0.74460000 0.58430000
vn -0.27320000 -0.46300000 0.84320000
vn -0.40600000 -0.70620000 0.58000000
vn -0.07150000 -0.16020000 0.98450000
vn -0.08770000 -0.15570000 0.98390000
vn -0.10770000 -0.13840000 0.98450000
vn -0.32500000 -0.43620000 0.83910000
vn 0.11060000 0.14290000 0.98350000
vn -0.27320000 -0.46300000 0.84320000
vn 0.09310000 0.16430000 0.98200000
vn -0.08770000 -0.15570000 0.98390000
vn -0.08770000 -0.15570000 0.98390000
vn 0.11530000 0.25980000 0.95880000
vn -0.07150000 -0.16020000 0.98450000
vn 0.21130000 0.50000000 0.83990000
vn 0.27030000 0.46000000 0.84580000
vn 0.09310000 0.16430000 0.98200000
vn 0.44180000 0.58290000 0.68200000
vn 0.09310000 0.16430000 0.98200000
vn 0.11060000 0.14290000 0.98350000
vn 0.33030000 0.44190000 0.83400000
vn 0.27030000 0.46000000 0.84580000
vn 0.36860000 0.63830000 0.67580000
vn -0.37790000 -0.83600000 0.39780000
vn 0.21130000 0.50000000 0.83990000
vn 0.36860000 0.63830000 0.67580000
vn 0.27030000 0.46000000 0.84580000
vn -0.39330000 -0.90460000 0.16430000
vn -0.49060000 -0.84400000 -0.21680000
vn -0.68970000 -0.43390000 0.57970000
vn -0.63180000 -0.50930000 0.58430000
vn -0.42620000 -0.35100000 0.83370000
vn -0.13770000 -0.10860000 0.98450000
vn -0.68690000 -0.43210000 0.58430000
vn -0.15180000 -0.09550000 0.98380000
vn -0.42620000 -0.35100000 0.83370000
vn -0.37190000 -0.37990000 0.84700000
vn 0.20060000 0.21240000 0.95640000
vn -0.13770000 -0.10860000 0.98450000
vn 0.21820000 0.17280000 0.96050000
vn -0.12250000 -0.13010000 0.98390000
vn -0.15180000 -0.09550000 0.98380000
vn -0.13770000 -0.10860000 0.98450000
vn 0.21820000 0.17280000 0.96050000
vn 0.42050000 0.34570000 0.83890000
vn -0.12500000 -0.07760000 0.98910000
vn 0.44740000 0.27930000 0.84960000
vn 0.21820000 0.17280000 0.96050000
vn 0.42050000 0.34570000 0.83890000
vn 0.20060000 0.21240000 0.95640000
vn -0.64290000 -0.67570000 0.36060000
vn -0.77550000 -0.62630000 -0.07900000
vn 0.36410000 0.37340000 0.85320000
vn 0.53540000 0.33870000 0.77370000
vn -0.82410000 -0.51840000 -0.22850000
vn 0.44740000 0.27930000 0.84960000
vn -0.70570000 -0.52190000 0.47920000
vn 0.42050000 0.34570000 0.83890000
vn -0.77550000 -0.62630000 -0.07900000
vn -0.52680000 -0.10570000 0.84340000
vn 0.27380000 0.09200000 0.95740000
vn -0.53380000 -0.10740000 0.83880000
vn 0.28120000 0.05640000 0.95800000
vn -0.50990000 -0.16930000 0.84340000
vn 0.28460000 0.01810000 0.95850000
vn -0.54200000 -0.04600000 0.83910000
vn 0.29080000 0.05870000 0.95500000
vn -0.52680000 -0.10570000 0.84340000
vn -0.14710000 -0.00850000 0.98910000
vn 0.28120000 0.05640000 0.95800000
vn -0.82800000 -0.25360000 0.50010000
vn 0.28120000 0.05640000 0.95800000
vn 0.29080000 0.05870000 0.95500000
vn 0.36200000 0.11770000 0.92470000
vn -0.94570000 -0.31520000 0.07860000
vn 0.27380000 0.09200000 0.95740000
vn -0.96550000 -0.19430000 -0.17310000
vn 0.28460000 0.01810000 0.95850000
vn -0.98740000 -0.07460000 -0.13940000
vn -0.96550000 -0.19430000 -0.17310000
vn 0.62900000 0.05300000 0.77560000
vn 0.29080000 0.05870000 0.95500000
vn -0.82010000 -0.10500000 0.56250000
vn -0.80890000 0.03460000 0.58690000
vn -0.17480000 0.00670000 0.98460000
vn -0.80060000 0.13210000 0.58440000
vn -0.80680000 0.13280000 0.57570000
vn -0.14980000 0.00640000 0.98870000
vn -0.17690000 0.02920000 0.98380000
vn -0.17210000 0.05030000 0.98380000
vn -0.78220000 0.22830000 0.57970000
vn -0.77550000 0.22670000 0.58920000
vn -0.80060000 0.13210000 0.58440000
vn -0.17270000 0.02860000 0.98460000
vn -0.17690000 0.02920000 0.98380000
vn 0.54340000 -0.02210000 0.83920000
vn 0.52870000 -0.08760000 0.84430000
vn -0.17270000 0.02860000 0.98460000
vn -0.17480000 0.00670000 0.98460000
vn -0.17690000 0.02920000 0.98380000
vn 0.53650000 -0.08860000 0.83920000
vn -0.17210000 0.05030000 0.98380000
vn -0.16800000 0.04920000 0.98460000
vn 0.52870000 -0.08760000 0.84430000
vn -0.17270000 0.02860000 0.98460000
vn 0.50610000 -0.14830000 0.84960000
vn 0.60630000 -0.02690000 0.79480000
vn -0.97660000 0.16080000 -0.14300000
vn 0.52870000 -0.08760000 0.84430000
vn 0.53650000 -0.08860000 0.83920000
vn 0.54340000 -0.02210000 0.83920000
vn -0.96780000 0.04000000 0.24860000
vn -0.96180000 0.04090000 0.27070000
vn 0.53010000 -0.15450000 0.83380000
vn 0.53650000 -0.08860000 0.83920000
vn -0.85570000 0.18440000 0.48360000
vn -0.97660000 0.16080000 -0.14300000
vn -0.93690000 0.27320000 -0.21830000
vn 0.50610000 -0.14830000 0.84960000
vn -0.74410000 0.31920000 0.58690000
vn -0.70860000 0.40730000 0.57610000
vn -0.43920000 0.26010000 0.85990000
vn -0.16080000 0.06910000 0.98460000
vn -0.16480000 0.07060000 0.98380000
vn -0.15570000 0.08770000 0.98390000
vn -0.15570000 0.08770000 0.98390000
vn 0.30640000 -0.23380000 0.92270000
vn 0.34760000 -0.19900000 0.91630000
vn 0.23570000 -0.17650000 0.95570000
vn -0.43920000 0.26010000 0.85990000
vn -0.41770000 0.31570000 0.85200000
vn -0.42900000 0.32350000 0.84340000
vn 0.34760000 -0.19900000 0.91630000
vn 0.45370000 -0.26500000 0.85080000
vn -0.15570000 0.08770000 0.98390000
vn 0.48210000 -0.20720000 0.85120000
vn -0.16080000 0.06910000 0.98460000
vn 0.50120000 -0.21460000 0.83830000
vn 0.45370000 -0.26500000 0.85080000
vn 0.34760000 -0.19900000 0.91630000
vn -0.86540000 0.50080000 0.01620000
vn 0.30640000 -0.23380000 0.92270000
vn -0.75470000 0.46470000 0.46310000
vn -0.78390000 0.58940000 -0.19500000
vn -0.91830000 0.39270000 0.05020000
vn 0.45370000 -0.26500000 0.85080000
vn 0.50120000 -0.21460000 0.83830000
vn -0.86540000 0.50080000 0.01620000
vn -0.11300000 0.13920000 0.98380000
vn -0.57910000 0.56380000 0.58890000
vn -0.12440000 0.12360000 0.98450000
vn -0.51310000 0.63140000 0.58140000
vn -0.39390000 0.37530000 0.83910000
vn -0.51060000 0.62840000 0.58690000
vn -0.12440000 0.12360000 0.98450000
vn 0.23570000 -0.17650000 0.95570000
vn -0.42900000 0.32350000 0.84340000
vn 0.19810000 -0.19610000 0.96040000
vn -0.39390000 0.37530000 0.83910000
vn 0.32960000 -0.40620000 0.85230000
vn 0.39530000 -0.37700000 0.83760000
vn -0.11030000 0.13590000 0.98460000
vn 0.19810000 -0.19610000 0.96040000
vn -0.12440000 0.12360000 0.98450000
vn -0.11300000 0.13920000 0.98380000
vn 0.23570000 -0.17650000 0.95570000
vn 0.39530000 -0.37700000 0.83760000
vn 0.19810000 -0.19610000 0.96040000
vn -0.71360000 0.69180000 -0.11070000
vn 0.30640000 -0.23380000 0.92270000
vn -0.61950000 0.54520000 0.56480000
vn -0.78390000 0.58940000 -0.19500000
vn -0.71360000 0.69180000 -0.11070000
vn -0.61080000 0.75230000 0.24690000
vn 0.39530000 -0.37700000 0.83760000
vn 0.32960000 -0.40620000 0.85230000
vn 0.34280000 -0.42150000 0.83950000
vn -0.09550000 0.15180000 0.98380000
vn -0.43560000 0.69200000 0.57570000
vn -0.11030000 0.13590000 0.98460000
vn -0.51060000 0.62840000 0.58690000
vn -0.11300000 0.13920000 0.98380000
vn -0.43200000 0.68690000 0.58440000
vn 0.28360000 -0.45410000 0.84460000
vn -0.09550000 0.15180000 0.98380000
vn 0.32960000 -0.40620000 0.85230000
vn -0.11030000 0.13590000 0.98460000
vn -0.07760000 0.12500000 0.98910000
vn 0.34280000 -0.42150000 0.83950000
vn -0.61080000 0.75230000 0.24690000
vn -0.52520000 0.83570000 -0.16090000
vn 0.33540000 -0.53100000 0.77820000
vn 0.34280000 -0.42150000 0.83950000
vn 0.28360000 -0.45410000 0.84460000
vn -0.60000000 0.74300000 0.29650000
vn -0.07760000 0.12500000 0.98910000
vn -0.43200000 0.68690000 0.58440000
vn -0.09550000 0.15180000 0.98380000
vn -0.06400000 0.13560000 0.98870000
vn -0.34460000 0.73090000 0.58900000
vn -0.34780000 0.73690000 0.57970000
vn -0.25590000 0.77230000 0.58140000
vn -0.04720000 0.14240000 0.98870000
vn -0.25450000 0.76860000 0.58700000
vn -0.06400000 0.13560000 0.98870000
vn -0.34460000 0.73090000 0.58900000
vn -0.06270000 0.13320000 0.98910000
vn -0.06270000 0.13320000 0.98910000
vn 0.25980000 -0.55190000 0.79240000
vn -0.07760000 0.12500000 0.98910000
vn -0.06400000 0.13560000 0.98870000
vn 0.33540000 -0.53100000 0.77820000
vn 0.28360000 -0.45410000 0.84460000
vn 0.19070000 -0.57710000 0.79410000
vn 0.27050000 -0.57250000 0.77400000
vn 0.25980000 -0.55190000 0.79240000
vn -0.04720000 0.14240000 0.98870000
vn -0.04620000 0.13970000 0.98910000
vn -0.06270000 0.13320000 0.98910000
vn -0.10250000 0.52770000 0.84330000
vn -0.04720000 0.14240000 0.98870000
vn -0.25450000 0.76860000 0.58700000
vn -0.03220000 0.14590000 0.98880000
vn -0.16500000 0.80050000 0.57620000
vn -0.04620000 0.13970000 0.98910000
vn 0.11700000 -0.59850000 0.79250000
vn 0.06220000 -0.28930000 0.95520000
vn 0.19740000 -0.59510000 0.77910000
vn 0.19070000 -0.57710000 0.79410000
vn -0.04620000 0.13970000 0.98910000
vn -0.03220000 0.14590000 0.98880000
vn -0.04230000 0.54290000 0.83870000
vn -0.03220000 0.14590000 0.98880000
vn -0.10250000 0.52770000 0.84330000
vn -0.04150000 0.53570000 0.84340000
vn 0.02230000 -0.28800000 0.95740000
vn 0.06220000 -0.28930000 0.95520000
vn 0.00930000 0.14710000 0.98910000
vn -0.04150000 0.53570000 0.84340000
vn 0.02230000 -0.28800000 0.95740000
vn -0.01590000 -0.27780000 0.96050000
vn 0.02290000 -0.29340000 0.95570000
vn 0.01970000 0.54360000 0.83910000
vn 0.11700000 -0.59850000 0.79250000
vn -0.14440000 0.84240000 0.51920000
vn -0.20160000 0.97910000 -0.02520000
vn -0.07760000 0.97970000 -0.18470000
vn 0.02290000 -0.29340000 0.95570000
vn 0.02230000 -0.28800000 0.95740000
vn 0.06220000 -0.28930000 0.95520000
vn -0.07760000 0.97970000 -0.18470000
vn -0.02310000 -0.63010000 0.77620000
vn -0.00000000 0.82900000 0.55930000
vn 0.02290000 -0.29340000 0.95570000
vn -0.01590000 -0.27780000 0.96050000
vn 0.04550000 0.99330000 -0.10590000
vn 0.09020000 0.52390000 0.84700000
vn -0.02860000 -0.18690000 0.98200000
vn -0.05100000 -0.17390000 0.98340000
vn 0.15510000 0.53140000 0.83280000
vn 0.15120000 0.51560000 0.84340000
vn 0.02160000 0.14780000 0.98880000
vn 0.07150000 0.16010000 0.98450000
vn -0.07950000 -0.28110000 0.95640000
vn -0.11410000 -0.25710000 0.95960000
vn -0.05100000 -0.17390000 0.98340000
vn 0.21120000 0.50130000 0.83910000
vn 0.15120000 0.51560000 0.84340000
vn -0.02860000 -0.18690000 0.98200000
vn -0.10100000 -0.59830000 0.79490000
vn -0.20790000 -0.70150000 0.68170000
vn -0.07950000 -0.28110000 0.95640000
vn -0.11850000 -0.72480000 0.67870000
vn -0.05100000 -0.17390000 0.98340000
vn -0.21540000 -0.51040000 0.83250000
vn 0.27260000 0.77150000 0.57490000
vn 0.27270000 0.94680000 -0.17090000
vn -0.11410000 -0.25710000 0.95960000
vn -0.20790000 -0.70150000 0.68170000
vn 0.38910000 0.90180000 -0.18820000
vn -0.07950000 -0.28110000 0.95640000
vn -0.14550000 -0.25690000 0.95540000
vn 0.27020000 0.45790000 0.84700000
vn 0.32420000 0.42850000 0.84340000
vn 0.33350000 0.44180000 0.83280000
vn -0.16820000 -0.22230000 0.96040000
vn 0.08770000 0.15570000 0.98390000
vn 0.32420000 0.42850000 0.84340000
vn -0.16820000 -0.22230000 0.96040000
vn -0.17410000 -0.23080000 0.95730000
vn 0.37340000 0.38620000 0.84340000
vn -0.19820000 -0.20500000 0.95850000
vn 0.37820000 0.39160000 0.83880000
vn 0.48610000 0.84930000 0.20590000
vn 0.60220000 0.79790000 0.02470000
vn -0.16820000 -0.22230000 0.96040000
vn -0.17410000 -0.23080000 0.95730000
vn -0.26530000 -0.45170000 0.85180000
vn -0.14550000 -0.25690000 0.95540000
vn -0.19820000 -0.20500000 0.95850000
vn 0.68250000 0.70680000 -0.18620000
vn 0.53030000 0.65670000 0.53620000
vn -0.20680000 -0.21450000 0.95460000
vn -0.17410000 -0.23080000 0.95730000
vn 0.60220000 0.79790000 0.02470000
vn 0.45200000 0.27990000 0.84700000
vn 0.68630000 0.43630000 0.58190000
vn 0.13770000 0.10860000 0.98450000
vn 0.41990000 0.34570000 0.83910000
vn 0.15010000 0.09710000 0.98390000
vn 0.62950000 0.50680000 0.58900000
vn 0.13770000 0.10860000 0.98450000
vn 0.41990000 0.34570000 0.83910000
vn -0.20680000 -0.21450000 0.95460000
vn -0.22280000 -0.17650000 0.95880000
vn 0.37340000 0.38620000 0.84340000
vn -0.19820000 -0.20500000 0.95850000
vn -0.44430000 -0.27630000 0.85220000
vn -0.42130000 -0.34630000 0.83820000
vn 0.15010000 0.09710000 0.98390000
vn -0.22280000 -0.17650000 0.95880000
vn 0.13770000 0.10860000 0.98450000
vn -0.15890000 -0.10220000 0.98200000
vn 0.62890000 0.55360000 0.54590000
vn 0.77540000 0.62720000 -0.07360000
vn -0.22280000 -0.17650000 0.95880000
vn 0.68250000 0.70680000 -0.18620000
vn -0.42130000 -0.34630000 0.83820000
vn -0.20680000 -0.21450000 0.95460000
vn -0.62070000 -0.39270000 0.67860000
vn -0.42130000 -0.34630000 0.83820000
vn 0.77540000 0.62720000 -0.07360000
vn -0.44430000 -0.27630000 0.85220000
vn 0.83380000 0.52190000 0.18010000
vn -0.16390000 -0.07710000 0.98350000
vn 0.45200000 0.27990000 0.84700000
vn 0.48620000 0.22870000 0.84340000
vn -0.15890000 -0.10220000 0.98200000
vn 0.50060000 0.23630000 0.83280000
vn 0.15010000 0.09710000 0.98390000
vn -0.16390000 -0.07710000 0.98350000
vn -0.15890000 -0.10220000 0.98200000
vn -0.62070000 -0.39270000 0.67860000
vn -0.44430000 -0.27630000 0.85220000
vn -0.66280000 -0.30960000 0.68170000
vn -0.26350000 -0.12710000 0.95620000
vn 0.79640000 0.16460000 0.58200000
vn 0.16730000 0.05270000 0.98450000
vn 0.49630000 0.09560000 0.86290000
vn 0.51530000 0.17440000 0.83910000
vn 0.76830000 0.25070000 0.58900000
vn 0.17470000 0.03760000 0.98390000
vn 0.16730000 0.05270000 0.98450000
vn -0.26770000 -0.08500000 0.95980000
vn 0.51530000 0.17440000 0.83910000
vn 0.48620000 0.22870000 0.84340000
vn -0.16390000 -0.07710000 0.98350000
vn -0.26350000 -0.12710000 0.95620000
vn -0.26770000 -0.08500000 0.95980000
vn -0.52520000 -0.17740000 0.83230000
vn -0.51440000 -0.10240000 0.85140000
vn 0.17470000 0.03760000 0.98390000
vn 0.16730000 0.05270000 0.98450000
vn -0.39110000 -0.08130000 0.91670000
vn 0.75850000 0.30480000 0.57590000
vn -0.52520000 -0.17740000 0.83230000
vn 0.88790000 0.42290000 -0.18140000
vn -0.26350000 -0.12710000 0.95620000
vn -0.66280000 -0.30960000 0.68170000
vn 0.93450000 0.30720000 -0.17980000
vn -0.26770000 -0.08500000 0.95980000
vn 0.96180000 0.19740000 0.18970000
vn -0.52520000 -0.17740000 0.83230000
vn 0.93450000 0.30720000 -0.17980000
vn -0.51440000 -0.10240000 0.85140000
vn 0.91220000 0.19660000 0.35940000
vn -0.37510000 -0.02770000 0.92660000
vn -0.39110000 -0.08130000 0.91670000
vn 0.17470000 0.03760000 0.98390000
vn 0.52760000 0.04580000 0.84830000
vn 0.49630000 0.09560000 0.86290000
vn -0.20450000 -0.02040000 0.97870000
vn 0.99630000 0.07970000 -0.03160000
vn -0.37510000 -0.02770000 0.92660000
vn 0.96180000 0.19740000 0.18970000
vn -0.39110000 -0.08130000 0.91670000
vn -0.51440000 -0.10240000 0.85140000
vn 0.43190000 -0.25250000 0.86590000
vn 0.49250000 -0.21540000 0.84320000
vn -0.27070000 0.11270000 0.95600000
vn 0.16510000 -0.06830000 0.98390000
vn 0.47100000 -0.27320000 0.83880000
vn -0.24180000 0.14260000 0.95980000
vn -0.30020000 0.23170000 0.92530000
vn 0.41660000 -0.30970000 0.85470000
vn -0.35650000 0.20420000 0.91170000
vn 0.11570000 -0.09150000 0.98910000
vn 0.43190000 -0.25250000 0.86590000
vn -0.24180000 0.14260000 0.95980000
vn 0.90510000 -0.38500000 -0.18070000
vn -0.48970000 0.21320000 0.84540000
vn -0.27070000 0.11270000 0.95600000
vn 0.73000000 -0.36810000 0.57590000
vn -0.35650000 0.20420000 0.91170000
vn -0.24180000 0.14260000 0.95980000
vn 0.85340000 -0.49700000 -0.15710000
vn -0.50130000 0.37510000 0.77970000
vn -0.30020000 0.23170000 0.92530000
vn -0.35650000 0.20420000 0.91170000
vn 0.78790000 -0.59750000 0.14890000
vn 0.74570000 -0.55150000 0.37400000
vn 0.85340000 -0.49700000 -0.15710000
vn 0.58850000 -0.56760000 0.57570000
vn 0.64430000 -0.49060000 0.58670000
vn 0.11570000 -0.09150000 0.98910000
vn 0.41660000 -0.30970000 0.85470000
vn 0.10790000 -0.10420000 0.98870000
vn 0.58390000 -0.56360000 0.58430000
vn 0.11570000 -0.09150000 0.98910000
vn -0.50130000 0.37510000 0.77970000
vn 0.10790000 -0.10420000 0.98870000
vn -0.30020000 0.23170000 0.92530000
vn 0.12640000 -0.12090000 0.98460000
vn -0.39140000 0.37630000 0.83980000
vn -0.43840000 0.42470000 0.79210000
vn -0.07150000 -0.16020000 0.98450000
vn -0.21430000 -0.50890000 0.83370000
vn -0.14840000 -0.50920000 0.84780000
vn 0.08010000 0.27830000 0.95720000
vn 0.11530000 0.25980000 0.95880000
vn -0.27770000 -0.95930000 0.05180000
vn 0.08010000 0.27830000 0.95720000
vn 0.11530000 0.25980000 0.95880000
vn 0.21130000 0.50000000 0.83990000
vn -0.39330000 -0.90460000 0.16430000
vn 0.10710000 0.35990000 0.92680000
vn -0.32500000 -0.43620000 0.83910000
vn -0.48990000 -0.64270000 0.58900000
vn -0.10770000 -0.13840000 0.98450000
vn -0.37190000 -0.37990000 0.84700000
vn -0.12250000 -0.13010000 0.98390000
vn -0.56190000 -0.58780000 0.58200000
vn 0.11060000 0.14290000 0.98350000
vn 0.33030000 0.44190000 0.83400000
vn -0.10770000 -0.13840000 0.98450000
vn 0.20060000 0.21240000 0.95640000
vn -0.12250000 -0.13010000 0.98390000
vn 0.36410000 0.37340000 0.85320000
vn -0.66090000 -0.68960000 0.29600000
vn -0.59390000 -0.78880000 -0.15850000
vn 0.33030000 0.44190000 0.83400000
vn -0.64290000 -0.67570000 0.36060000
vn 0.44180000 0.58290000 0.68200000
vn 0.36410000 0.37340000 0.85320000
vn -0.15180000 -0.09550000 0.98380000
vn -0.68690000 -0.43210000 0.58430000
vn -0.12500000 -0.07760000 0.98910000
vn -0.73540000 -0.35070000 0.57990000
vn -0.13380000 -0.06630000 0.98880000
vn -0.45510000 -0.20990000 0.86540000
vn 0.44740000 0.27930000 0.84960000
vn -0.12500000 -0.07760000 0.98910000
vn 0.35960000 0.17330000 0.91690000
vn -0.13380000 -0.06630000 0.98880000
vn 0.53540000 0.33870000 0.77370000
vn 0.55050000 0.25700000 0.79430000
vn -0.50990000 -0.16930000 0.84340000
vn 0.27380000 0.09200000 0.95740000
vn 0.36200000 0.11770000 0.92470000
vn -0.45510000 -0.20990000 0.86540000
vn -0.13380000 -0.06630000 0.98880000
vn 0.35960000 0.17330000 0.91690000
vn -0.49440000 -0.16340000 0.85370000
vn 0.36200000 0.11770000 0.92470000
vn 0.35960000 0.17330000 0.91690000
vn 0.55050000 0.25700000 0.79430000
vn -0.90210000 -0.42920000 0.04490000
vn -0.94570000 -0.31520000 0.07860000
vn -0.80890000 0.03460000 0.58690000
vn -0.81280000 0.03460000 0.58160000
vn -0.14710000 -0.00850000 0.98910000
vn -0.14980000 0.00640000 0.98870000
vn -0.80600000 -0.05950000 0.58900000
vn -0.54200000 -0.04600000 0.83910000
vn -0.14980000 0.00640000 0.98870000
vn 0.28460000 0.01810000 0.95850000
vn 0.60630000 -0.02690000 0.79480000
vn 0.62900000 0.05300000 0.77560000
vn -0.14710000 -0.00850000 0.98910000
vn -0.17480000 0.00670000 0.98460000
vn 0.54340000 -0.02210000 0.83920000
vn -0.77550000 0.22670000 0.58920000
vn -0.74760000 0.32050000 0.58160000
vn -0.16800000 0.04920000 0.98460000
vn -0.74410000 0.31920000 0.58690000
vn -0.16480000 0.07060000 0.98380000
vn -0.17210000 0.05030000 0.98380000
vn -0.16800000 0.04920000 0.98460000
vn 0.48210000 -0.20720000 0.85120000
vn 0.53010000 -0.15450000 0.83380000
vn 0.50610000 -0.14830000 0.84960000
vn -0.16480000 0.07060000 0.98380000
vn -0.16080000 0.06910000 0.98460000
vn -0.93690000 0.27320000 -0.21830000
vn 0.48210000 -0.20720000 0.85120000
vn 0.50120000 -0.21460000 0.83830000
vn -0.91830000 0.39270000 0.05020000
vn 0.53010000 -0.15450000 0.83380000
vn -0.84620000 0.34000000 0.41020000
vn 0.00930000 0.14710000 0.98910000
vn 0.01970000 0.54360000 0.83910000
vn 0.02160000 0.14780000 0.98880000
vn 0.12850000 0.80290000 0.58210000
vn 0.09020000 0.52390000 0.84700000
vn 0.03800000 0.80720000 0.58900000
vn -0.02310000 -0.63010000 0.77620000
vn -0.02860000 -0.18690000 0.98200000
vn 0.02160000 0.14780000 0.98880000
vn -0.10100000 -0.59830000 0.79490000
vn -0.01590000 -0.27780000 0.96050000
vn 0.00930000 0.14710000 0.98910000
vn 0.07150000 0.16010000 0.98450000
vn 0.21120000 0.50130000 0.83910000
vn 0.40490000 0.70520000 0.58200000
vn 0.08770000 0.15570000 0.98390000
vn 0.32180000 0.74130000 0.58900000
vn 0.27020000 0.45790000 0.84700000
vn -0.26530000 -0.45170000 0.85180000
vn 0.08770000 0.15570000 0.98390000
vn -0.14550000 -0.25690000 0.95540000
vn 0.07150000 0.16010000 0.98450000
vn -0.11410000 -0.25710000 0.95960000
vn -0.21540000 -0.51040000 0.83250000
vn 0.38910000 0.90180000 -0.18820000
vn -0.21540000 -0.51040000 0.83250000
vn -0.26530000 -0.45170000 0.85180000
vn 0.48610000 0.84930000 0.20590000
vn 0.45150000 0.80820000 0.37800000
vn 0.71980000 -0.69420000 -0.00130000
vn 0.71970000 -0.69430000 -0.00130000
vn 0.34230000 -0.42080000 -0.84010000
vn 0.33530000 -0.41150000 -0.84750000
vn 0.39860000 -0.38450000 -0.83260000
vn 0.63010000 -0.77650000 -0.00100000
vn -0.07780000 0.99700000 -0.00000000
vn -0.04310000 0.55200000 -0.83270000
vn 0.04330000 0.99910000 -0.00000000
vn 0.02190000 0.53040000 -0.84750000
vn 0.02280000 0.54200000 -0.84010000
vn -0.07770000 0.99700000 0.00010000
vn 0.42070000 0.34220000 -0.84020000
vn 0.77650000 0.63010000 -0.00000000
vn 0.69470000 0.71930000 0.00010000
vn 0.69470000 0.71930000 -0.00000000
vn 0.41140000 0.33530000 -0.84750000
vn 0.38460000 0.39830000 -0.83270000
vn -0.58580000 0.44330000 -0.67850000
vn 0.71930000 -0.68910000 0.08800000
vn 0.78950000 -0.59490000 -0.15120000
vn -0.44380000 0.33030000 -0.83310000
vn -0.41990000 0.41080000 -0.80930000
vn -0.72020000 -0.14450000 -0.67850000
vn -0.58580000 -0.04190000 -0.80940000
vn 0.99430000 0.08170000 0.06810000
vn -0.54180000 -0.11320000 -0.83280000
vn 0.97330000 0.19730000 -0.11770000
vn -0.36930000 -0.63490000 -0.67860000
vn -0.27480000 -0.48100000 -0.83250000
vn 0.59900000 0.79940000 0.04710000
vn 0.49940000 0.86220000 -0.08530000
vn -0.35710000 -0.46630000 -0.80940000
vn 0.11220000 -0.57650000 -0.80940000
vn 0.23040000 -0.69760000 -0.67850000
vn -0.20140000 0.97920000 0.02440000
vn -0.31480000 0.94760000 -0.05400000
vn 0.17800000 -0.52510000 -0.83220000
vn 0.35160000 -0.42660000 -0.83330000
vn 0.31010000 -0.50040000 -0.80840000
vn -0.52900000 0.83470000 0.15320000
vn -0.60410000 0.74160000 -0.29170000
vn 0.46280000 -0.57070000 -0.67830000
vn -0.85960000 0.50480000 -0.07920000
vn 0.48120000 -0.27420000 -0.83260000
vn -0.78210000 0.58660000 0.21020000
vn -0.78130000 0.48100000 -0.39780000
vn 0.46940000 -0.35930000 -0.80660000
vn -0.91400000 0.38430000 -0.12990000
vn -0.85960000 0.50480000 -0.07920000
vn 0.26260000 -0.11220000 -0.95830000
vn 0.67450000 -0.29200000 -0.67810000
vn 0.48120000 -0.27420000 -0.83260000
vn 0.17310000 -0.07010000 -0.98240000
vn 0.24920000 -0.14900000 -0.95690000
vn 0.38040000 0.40070000 -0.83350000
vn 0.45880000 0.36760000 -0.80890000
vn -0.68370000 -0.70100000 -0.20280000
vn -0.76800000 -0.62850000 0.12360000
vn -0.48960000 -0.84330000 0.22180000
vn 0.44760000 0.58880000 -0.67300000
vn -0.59480000 -0.79540000 0.11640000
vn -0.50250000 -0.74350000 -0.44130000
vn 0.36690000 0.63400000 -0.68070000
vn -0.48960000 -0.84330000 0.22180000
vn 0.36690000 0.63400000 -0.68070000
vn 0.21410000 0.50960000 -0.83340000
vn -0.38250000 -0.84620000 -0.37090000
vn -0.39450000 -0.90330000 -0.16860000
vn 0.29760000 0.50700000 -0.80890000
vn -0.14870000 0.23560000 -0.96040000
vn -0.15690000 0.24980000 -0.95550000
vn -0.12260000 0.26890000 -0.95530000
vn 0.53270000 -0.84590000 -0.02520000
vn 0.41110000 -0.88780000 -0.20680000
vn -0.23990000 0.49910000 -0.83270000
vn -0.18200000 0.22340000 -0.95760000
vn 0.47500000 -0.70270000 -0.52970000
vn -0.15690000 0.24980000 -0.95550000
vn 0.61930000 -0.76270000 0.18640000
vn 0.53270000 -0.84590000 -0.02520000
vn -0.18600000 0.22860000 -0.95560000
vn -0.23990000 0.49910000 -0.83270000
vn 0.38530000 -0.85240000 -0.35350000
vn 0.31140000 -0.93000000 0.19510000
vn -0.18220000 0.56260000 -0.80640000
vn 0.41110000 -0.88780000 -0.20680000
vn -0.05640000 0.73240000 -0.67850000
vn 0.19160000 -0.96660000 0.17050000
vn 0.07710000 -0.98280000 -0.16800000
vn 0.08130000 -0.95540000 -0.28390000
vn -0.14770000 0.71670000 -0.68160000
vn 0.31140000 -0.93000000 0.19510000
vn 0.19160000 -0.96660000 0.17050000
vn -0.14770000 0.71670000 -0.68160000
vn -0.05530000 0.28670000 -0.95640000
vn -0.18220000 0.56260000 -0.80640000
vn -0.09270000 0.26520000 -0.95970000
vn 0.20620000 -0.79180000 -0.57500000
vn 0.03960000 0.84440000 -0.53420000
vn -0.05640000 0.73240000 -0.67850000
vn -0.04650000 -0.99770000 0.04840000
vn 0.07710000 -0.98280000 -0.16800000
vn -0.05390000 0.68320000 -0.72820000
vn -0.07550000 -0.88720000 -0.45510000
vn 0.03000000 0.71080000 -0.70280000
vn -0.04650000 -0.99770000 0.04840000
vn 0.11830000 0.70410000 -0.70020000
vn 0.03960000 0.84440000 -0.53420000
vn -0.15620000 -0.96650000 0.20360000
vn -0.39450000 -0.90330000 -0.16860000
vn 0.07790000 0.26780000 -0.96030000
vn 0.12050000 0.27120000 -0.95490000
vn 0.21410000 0.50960000 -0.83340000
vn -0.27990000 -0.95860000 -0.05250000
vn 0.08100000 0.27720000 -0.95740000
vn 0.08100000 0.27720000 -0.95740000
vn 0.11830000 0.70410000 -0.70020000
vn -0.21440000 -0.82340000 -0.52540000
vn 0.04610000 0.28180000 -0.95840000
vn -0.27990000 -0.95860000 -0.05250000
vn -0.15620000 -0.96650000 0.20360000
vn 0.02660000 0.18480000 -0.98240000
vn 0.38040000 0.40070000 -0.83350000
vn 0.44760000 0.58880000 -0.67300000
vn 0.20370000 0.20570000 -0.95720000
vn 0.10920000 0.15130000 -0.98240000
vn -0.68370000 -0.70100000 -0.20280000
vn -0.59480000 -0.79540000 0.11640000
vn 0.17450000 0.23180000 -0.95700000
vn -0.63980000 -0.66750000 -0.38090000
vn 0.21300000 0.17910000 -0.96050000
vn 0.45880000 0.36760000 -0.80890000
vn -0.66330000 -0.49060000 -0.56510000
vn -0.76800000 -0.62850000 0.12360000
vn 0.25100000 0.15500000 -0.95550000
vn -0.82880000 -0.51770000 0.21220000
vn 0.61780000 0.39210000 -0.68160000
vn 0.16740000 0.08290000 -0.98240000
vn -0.89920000 -0.43040000 -0.07850000
vn -0.94300000 -0.30570000 -0.13170000
vn 0.52440000 0.17800000 -0.83260000
vn 0.28430000 0.09020000 -0.95450000
vn 0.25270000 0.11960000 -0.96010000
vn 0.66620000 0.31080000 -0.67790000
vn -0.82450000 -0.41570000 -0.38380000
vn 0.61780000 0.39210000 -0.68160000
vn -0.82880000 -0.51770000 0.21220000
vn -0.89920000 -0.43040000 -0.07850000
vn 0.66620000 0.31080000 -0.67790000
vn -0.88260000 -0.27030000 -0.38460000
vn -0.95850000 -0.19660000 0.20660000
vn -0.94300000 -0.30570000 -0.13170000
vn 0.58030000 0.11310000 -0.80650000
vn 0.52440000 0.17800000 -0.83260000
vn 0.73400000 -0.03210000 -0.67840000
vn -0.98670000 -0.07380000 0.14510000
vn -0.97050000 0.04120000 -0.23740000
vn 0.72930000 0.06040000 -0.68160000
vn -0.96580000 0.04000000 -0.25600000
vn -0.81530000 -0.10440000 -0.56960000
vn -0.95850000 -0.19660000 0.20660000
vn 0.29040000 0.02030000 -0.95670000
vn 0.58030000 0.11310000 -0.80650000
vn 0.72930000 0.06040000 -0.68160000
vn 0.27550000 0.06030000 -0.95940000
vn -0.98670000 -0.07380000 0.14510000
vn -0.97760000 0.15780000 0.13910000
vn 0.73400000 -0.03210000 -0.67840000
vn 0.57970000 -0.09960000 -0.80870000
vn -0.96580000 0.04000000 -0.25600000
vn 0.55240000 -0.01980000 -0.83330000
vn 0.67450000 -0.29200000 -0.67810000
vn -0.93780000 0.27730000 0.20890000
vn -0.86170000 0.34630000 -0.37090000
vn 0.70320000 -0.20240000 -0.68160000
vn -0.91400000 0.38430000 -0.12990000
vn 0.27560000 -0.04080000 -0.96040000
vn 0.70320000 -0.20240000 -0.68160000
vn 0.57970000 -0.09960000 -0.80870000
vn 0.28190000 -0.08500000 -0.95570000
vn -0.97760000 0.15780000 0.13910000
vn -0.80360000 0.17320000 -0.56950000
vn -0.93780000 0.27730000 0.20890000
vn 0.20750000 -0.20360000 -0.95680000
vn -0.78210000 0.58660000 0.21020000
vn 0.52880000 -0.50580000 -0.68160000
vn -0.71090000 0.69110000 0.13010000
vn -0.61920000 0.54500000 -0.56530000
vn 0.46940000 -0.35930000 -0.80660000
vn 0.22820000 -0.16650000 -0.95930000
vn 0.46280000 -0.57070000 -0.67830000
vn 0.52880000 -0.50580000 -0.68160000
vn -0.71090000 0.69110000 0.13010000
vn -0.61400000 0.76040000 -0.21150000
vn -0.60410000 0.74160000 -0.29170000
vn -0.41470000 0.88680000 0.20410000
vn 0.15250000 -0.23370000 -0.96030000
vn 0.31480000 -0.66050000 -0.68170000
vn 0.12310000 -0.26680000 -0.95580000
vn -0.52900000 0.83470000 0.15320000
vn -0.39980000 0.71560000 -0.57270000
vn 0.31010000 -0.50040000 -0.80840000
vn -0.41470000 0.88680000 0.20410000
vn 0.23040000 -0.69760000 -0.67850000
vn 0.31480000 -0.66050000 -0.68170000
vn -0.31480000 0.94760000 -0.05400000
vn -0.31120000 0.88090000 -0.35660000
vn -0.20140000 0.97920000 0.02440000
vn 0.02320000 -0.29850000 -0.95410000
vn 0.06060000 -0.27690000 -0.95900000
vn 0.11220000 -0.57650000 -0.80940000
vn -0.07740000 0.97970000 0.18490000
vn -0.14460000 0.84300000 -0.51810000
vn 0.02320000 -0.29850000 -0.95410000
vn 0.02260000 -0.28270000 -0.95890000
vn -0.00000000 0.82860000 -0.55980000
vn 0.04230000 0.99800000 0.04620000
vn -0.01230000 -0.28950000 -0.95710000
vn -0.07740000 0.97970000 0.18490000
vn -0.05140000 -0.28830000 -0.95620000
vn -0.01230000 -0.28950000 -0.95710000
vn 0.16150000 0.93170000 -0.32520000
vn 0.04230000 0.99800000 0.04620000
vn -0.08600000 -0.54730000 -0.83250000
vn -0.01150000 -0.27840000 -0.96040000
vn -0.16980000 -0.56690000 -0.80610000
vn 0.27260000 0.77150000 -0.57490000
vn -0.11790000 -0.26860000 -0.95600000
vn -0.07390000 -0.26960000 -0.96010000
vn 0.27330000 0.94730000 0.16700000
vn 0.38930000 0.89960000 0.19780000
vn -0.28560000 -0.67360000 -0.68170000
vn -0.16980000 -0.56690000 -0.80610000
vn 0.16150000 0.93170000 -0.32520000
vn -0.08600000 -0.54730000 -0.83250000
vn 0.16150000 0.94190000 -0.29470000
vn 0.27330000 0.94730000 0.16700000
vn -0.36930000 -0.63490000 -0.67860000
vn 0.45850000 0.82070000 -0.34090000
vn 0.49940000 0.86220000 -0.08530000
vn 0.38930000 0.89960000 0.19780000
vn -0.28560000 -0.67360000 -0.68170000
vn -0.16700000 -0.22900000 -0.95900000
vn 0.59900000 0.79940000 0.04710000
vn -0.35710000 -0.46630000 -0.80940000
vn -0.20760000 -0.21500000 -0.95430000
vn 0.53320000 0.66030000 -0.52890000
vn 0.68170000 0.70730000 0.18690000
vn -0.20760000 -0.21500000 -0.95430000
vn -0.22460000 -0.18250000 -0.95720000
vn -0.19700000 -0.20460000 -0.95880000
vn 0.77570000 0.63060000 0.02390000
vn 0.68170000 0.70730000 0.18690000
vn 0.62540000 0.55040000 -0.55310000
vn 0.77570000 0.63060000 0.02390000
vn 0.81520000 0.50400000 -0.28540000
vn -0.25050000 -0.15310000 -0.95590000
vn -0.21590000 -0.17590000 -0.96040000
vn -0.22460000 -0.18250000 -0.95720000
vn -0.46660000 -0.29850000 -0.83260000
vn -0.25120000 -0.12360000 -0.96000000
vn -0.27880000 -0.08980000 -0.95620000
vn 0.88860000 0.42270000 0.17780000
vn -0.69360000 -0.23300000 -0.68160000
vn -0.53680000 -0.24880000 -0.80620000
vn 0.93300000 0.30560000 0.19020000
vn 0.75850000 0.30480000 -0.57600000
vn -0.46660000 -0.29850000 -0.83260000
vn 0.80790000 0.49740000 -0.31600000
vn 0.81520000 0.50400000 -0.28540000
vn -0.53680000 -0.24880000 -0.80620000
vn 0.88860000 0.42270000 0.17780000
vn 0.93300000 0.30560000 0.19020000
vn 0.97330000 0.19730000 -0.11770000
vn 0.92500000 0.19930000 -0.32350000
vn -0.69360000 -0.23300000 -0.68160000
vn -0.72020000 -0.14450000 -0.67850000
vn -0.19190000 -0.02180000 -0.98120000
vn -0.20250000 0.00850000 -0.97920000
vn 0.83780000 0.03560000 -0.54490000
vn 0.98150000 -0.04230000 0.18680000
vn 0.99430000 0.08170000 0.06810000
vn -0.58580000 -0.04190000 -0.80940000
vn -0.53270000 0.15130000 -0.83270000
vn -0.28150000 0.08620000 -0.95570000
vn -0.29110000 0.04820000 -0.95550000
vn 0.92840000 -0.27880000 -0.24570000
vn 0.98670000 -0.16230000 0.00030000
vn -0.27480000 0.04490000 -0.96040000
vn 0.98150000 -0.04230000 0.18680000
vn 0.83550000 -0.10700000 -0.53900000
vn -0.20250000 0.00850000 -0.97920000
vn -0.28780000 0.01590000 -0.95760000
vn 0.98670000 -0.16230000 0.00030000
vn -0.29110000 0.04820000 -0.95550000
vn 0.90410000 -0.38420000 0.18720000
vn 0.92840000 -0.27880000 -0.24570000
vn -0.54210000 0.23670000 -0.80630000
vn 0.90070000 -0.27580000 -0.33560000
vn -0.53270000 0.15130000 -0.83270000
vn -0.63430000 0.36470000 -0.68160000
vn -0.58580000 0.44330000 -0.67850000
vn 0.78950000 -0.59490000 -0.15120000
vn 0.84890000 -0.49660000 0.18110000
vn 0.76580000 -0.56640000 -0.30460000
vn -0.54210000 0.23670000 -0.80630000
vn 0.90410000 -0.38420000 0.18720000
vn -0.63430000 0.36470000 -0.68160000
vn 0.72990000 -0.36800000 -0.57600000
vn -0.25950000 0.10630000 -0.95990000
vn -0.25160000 0.14890000 -0.95630000
vn 0.84890000 -0.49660000 0.18110000
vn -0.18600000 0.22860000 -0.95560000
vn 0.57660000 -0.60160000 -0.55290000
vn -0.41990000 0.41080000 -0.80930000
vn 0.71930000 -0.68910000 0.08800000
vn 0.61930000 -0.76270000 0.18640000
vn -0.20290000 0.18930000 -0.96070000
vn 0.07680000 0.46510000 -0.88190000
vn 0.12540000 0.44240000 -0.88800000
vn 0.15520000 0.53170000 -0.83260000
vn 0.16150000 0.98690000 -0.00150000
vn 0.28020000 0.95990000 -0.00010000
vn 0.16390000 0.98650000 -0.00000000
vn 0.20850000 0.48810000 -0.84750000
vn 0.21350000 0.49860000 -0.84010000
vn 0.15520000 0.53170000 -0.83260000
vn 0.39480000 0.91880000 -0.00000000
vn 0.28020000 0.95990000 -0.00010000
vn 0.28030000 0.95990000 0.00010000
vn 0.15520000 0.53170000 -0.83260000
vn -0.07110000 -0.16640000 -0.98350000
vn -0.07390000 -0.26960000 -0.96010000
vn 0.12540000 0.44240000 -0.88800000
vn -0.11790000 -0.26860000 -0.95600000
vn 0.20850000 0.48810000 -0.84750000
vn 0.12540000 0.44240000 -0.88800000
vn -0.08600000 -0.54730000 -0.83250000
vn 0.07680000 0.46510000 -0.88190000
vn 0.08840000 0.51940000 -0.84990000
vn -0.16980000 -0.56690000 -0.80610000
vn -0.05140000 -0.28830000 -0.95620000
vn -0.07390000 -0.26960000 -0.96010000
vn 0.50080000 0.23630000 -0.83260000
vn 0.41430000 0.19950000 -0.88800000
vn 0.39910000 0.25100000 -0.88190000
vn 0.84580000 0.53350000 -0.00150000
vn 0.84700000 0.53150000 -0.00000000
vn 0.90430000 0.42690000 -0.00010000
vn 0.90440000 0.42670000 0.00010000
vn 0.50080000 0.23630000 -0.83260000
vn 0.94950000 0.31380000 -0.00000000
vn 0.51480000 0.17080000 -0.84010000
vn 0.50360000 0.16760000 -0.84750000
vn 0.90430000 0.42690000 -0.00010000
vn 0.50360000 0.16760000 -0.84750000
vn -0.17180000 -0.05720000 -0.98350000
vn -0.25120000 -0.12360000 -0.96000000
vn 0.41430000 0.19950000 -0.88800000
vn -0.27880000 -0.08980000 -0.95620000
vn 0.50080000 0.23630000 -0.83260000
vn 0.41430000 0.19950000 -0.88800000
vn -0.46660000 -0.29850000 -0.83260000
vn 0.44750000 0.27830000 -0.84990000
vn -0.25050000 -0.15310000 -0.95590000
vn -0.25120000 -0.12360000 -0.96000000
vn 0.39910000 0.25100000 -0.88190000
vn -0.53680000 -0.24880000 -0.80620000
vn 0.07680000 0.46510000 -0.88190000
vn 0.04100000 0.99920000 -0.00140000
vn 0.02280000 0.54200000 -0.84010000
vn 0.08840000 0.51940000 -0.84990000
vn 0.16150000 0.98690000 -0.00150000
vn 0.04330000 0.99910000 -0.00000000
vn 0.02280000 0.54200000 -0.84010000
vn -0.01150000 -0.27840000 -0.96040000
vn 0.08840000 0.51940000 -0.84990000
vn 0.02190000 0.53040000 -0.84750000
vn -0.05140000 -0.28830000 -0.95620000
vn 0.84580000 0.53350000 -0.00150000
vn 0.77650000 0.63010000 -0.00000000
vn 0.77510000 0.63190000 -0.00140000
vn 0.42070000 0.34220000 -0.84020000
vn 0.44750000 0.27830000 -0.84990000
vn 0.39910000 0.25100000 -0.88190000
vn 0.42070000 0.34220000 -0.84020000
vn -0.21590000 -0.17590000 -0.96040000
vn 0.41140000 0.33530000 -0.84750000
vn -0.25050000 -0.15310000 -0.95590000
vn 0.44750000 0.27830000 -0.84990000
vn 0.02190000 0.53040000 -0.84750000
vn -0.04310000 0.55200000 -0.83270000
vn -0.01230000 -0.28950000 -0.95710000
vn -0.04220000 0.52910000 -0.84750000
vn 0.02260000 -0.28270000 -0.95890000
vn -0.01150000 -0.27840000 -0.96040000
vn 0.36800000 0.38250000 -0.84750000
vn -0.19700000 -0.20460000 -0.95880000
vn -0.21590000 -0.17590000 -0.96040000
vn 0.38460000 0.39830000 -0.83270000
vn 0.41140000 0.33530000 -0.84750000
vn -0.22460000 -0.18250000 -0.95720000
vn 0.34230000 -0.42080000 -0.84010000
vn 0.33530000 -0.41150000 -0.84750000
vn -0.18200000 0.22340000 -0.95760000
vn 0.28160000 -0.44620000 -0.84950000
vn -0.15690000 0.24980000 -0.95550000
vn -0.14870000 0.23560000 -0.96040000
vn -0.14870000 0.23560000 -0.96040000
vn -0.12260000 0.26890000 -0.95530000
vn 0.28160000 -0.44620000 -0.84950000
vn 0.29010000 -0.46100000 -0.83870000
vn 0.22660000 -0.48710000 -0.84340000
vn 0.28160000 -0.44620000 -0.84950000
vn 0.29010000 -0.46100000 -0.83870000
vn 0.34230000 -0.42080000 -0.84010000
vn 0.53350000 -0.84580000 -0.00010000
vn 0.63010000 -0.77650000 -0.00100000
vn 0.62880000 -0.77760000 0.00010000
vn 0.53340000 -0.84580000 -0.00000000
vn 0.42730000 -0.90410000 -0.00010000
vn 0.20150000 -0.42630000 -0.88190000
vn 0.22660000 -0.48710000 -0.84340000
vn 0.29010000 -0.46100000 -0.83870000
vn 0.53350000 -0.84580000 -0.00010000
vn -0.03610000 0.17750000 -0.98350000
vn -0.05640000 0.73240000 -0.67850000
vn -0.01480000 0.18760000 -0.98210000
vn -0.14770000 0.71670000 -0.68160000
vn -0.05530000 0.28670000 -0.95640000
vn -0.05390000 0.68320000 -0.72820000
vn 0.17420000 -0.52570000 -0.83270000
vn 0.14810000 -0.43530000 -0.88800000
vn -0.03610000 0.17750000 -0.98350000
vn 0.10570000 -0.52020000 -0.84750000
vn -0.05530000 0.28670000 -0.95640000
vn -0.09270000 0.26520000 -0.95970000
vn 0.10930000 -0.54270000 -0.83280000
vn -0.03610000 0.17750000 -0.98350000
vn 0.10570000 -0.52020000 -0.84750000
vn 0.04220000 -0.52910000 -0.84750000
vn -0.01440000 0.18050000 -0.98350000
vn -0.01480000 0.18760000 -0.98210000
vn 0.19740000 -0.98030000 -0.00100000
vn 0.17420000 -0.52570000 -0.83270000
vn 0.10930000 -0.54270000 -0.83280000
vn 0.10570000 -0.52020000 -0.84750000
vn 0.31470000 -0.94920000 -0.00130000
vn 0.19580000 -0.98070000 0.00010000
vn 0.10930000 -0.54270000 -0.83280000
vn 0.04220000 -0.52910000 -0.84750000
vn 0.04260000 -0.54070000 -0.84010000
vn 0.19740000 -0.98030000 -0.00100000
vn 0.07740000 -0.99700000 -0.00000000
vn 0.00750000 0.18090000 -0.98350000
vn 0.11830000 0.70410000 -0.70020000
vn 0.03000000 0.71080000 -0.70280000
vn 0.00790000 0.18780000 -0.98220000
vn 0.02660000 0.18480000 -0.98240000
vn 0.02660000 0.18480000 -0.98240000
vn 0.04610000 0.28180000 -0.95840000
vn -0.02170000 -0.52720000 -0.84950000
vn -0.08560000 -0.52380000 -0.84750000
vn 0.00750000 0.18090000 -0.98350000
vn -0.02390000 -0.55310000 -0.83280000
vn 0.04610000 0.28180000 -0.95840000
vn -0.14720000 -0.50660000 -0.84950000
vn -0.08560000 -0.52380000 -0.84750000
vn -0.08800000 -0.53520000 -0.84020000
vn 0.07790000 0.26780000 -0.96030000
vn 0.08100000 0.27720000 -0.95740000
vn -0.16340000 -0.98660000 -0.00100000
vn -0.08800000 -0.53520000 -0.84020000
vn -0.08560000 -0.52380000 -0.84750000
vn -0.04000000 -0.99920000 -0.00130000
vn -0.04200000 -0.99910000 -0.00010000
vn -0.02390000 -0.55310000 -0.83280000
vn -0.16340000 -0.98660000 -0.00100000
vn -0.27930000 -0.96020000 -0.00010000
vn -0.16510000 -0.98630000 0.00010000
vn -0.15270000 -0.52280000 -0.83870000
vn -0.14720000 -0.50660000 -0.84950000
vn -0.08800000 -0.53520000 -0.84020000
vn 0.29760000 0.50700000 -0.80890000
vn 0.08740000 0.15760000 -0.98360000
vn 0.10920000 0.15130000 -0.98240000
vn 0.36690000 0.63400000 -0.68070000
vn 0.44760000 0.58880000 -0.67300000
vn -0.18850000 -0.43970000 -0.87810000
vn 0.29760000 0.50700000 -0.80890000
vn 0.08740000 0.15760000 -0.98360000
vn -0.22570000 -0.39620000 -0.89000000
vn 0.12050000 0.27120000 -0.95490000
vn -0.21430000 -0.49260000 -0.84340000
vn 0.21410000 0.50960000 -0.83340000
vn -0.27810000 -0.47880000 -0.83270000
vn 0.08740000 0.15760000 -0.98360000
vn -0.22570000 -0.39620000 -0.89000000
vn 0.10920000 0.15130000 -0.98240000
vn 0.17450000 0.23180000 -0.95700000
vn -0.31930000 -0.42410000 -0.84750000
vn -0.18850000 -0.43970000 -0.87810000
vn -0.27810000 -0.47880000 -0.83270000
vn -0.22570000 -0.39620000 -0.89000000
vn -0.50230000 -0.86470000 -0.00100000
vn -0.39380000 -0.91920000 -0.00010000
vn -0.39210000 -0.91990000 -0.00130000
vn -0.32660000 -0.43300000 -0.84010000
vn -0.31930000 -0.42410000 -0.84750000
vn -0.60320000 -0.79760000 -0.00000000
vn -0.27810000 -0.47880000 -0.83270000
vn -0.50380000 -0.86380000 0.00010000
vn -0.50230000 -0.86470000 -0.00100000
vn 0.38040000 0.40070000 -0.83350000
vn -0.35450000 -0.29290000 -0.88800000
vn -0.36790000 -0.37730000 -0.84990000
vn 0.45880000 0.36760000 -0.80890000
vn 0.20370000 0.20570000 -0.95720000
vn -0.32740000 -0.33920000 -0.88190000
vn 0.21300000 0.17910000 -0.96050000
vn -0.32660000 -0.43300000 -0.84010000
vn -0.36790000 -0.37730000 -0.84990000
vn 0.17450000 0.23180000 -0.95700000
vn -0.31930000 -0.42410000 -0.84750000
vn 0.20370000 0.20570000 -0.95720000
vn -0.60130000 -0.79900000 -0.00140000
vn -0.60320000 -0.79760000 -0.00000000
vn -0.32740000 -0.33920000 -0.88190000
vn -0.36790000 -0.37730000 -0.84990000
vn -0.32660000 -0.43300000 -0.84010000
vn -0.69350000 -0.72040000 -0.00150000
vn -0.69350000 -0.72040000 -0.00150000
vn -0.42970000 -0.34930000 -0.83270000
vn -0.69520000 -0.71880000 -0.00000000
vn -0.32740000 -0.33920000 -0.88190000
vn -0.35450000 -0.29290000 -0.88800000
vn -0.77590000 -0.63090000 -0.00010000
vn 0.15310000 0.09660000 -0.98350000
vn 0.25100000 0.15500000 -0.95550000
vn 0.21300000 0.17910000 -0.96050000
vn -0.44890000 -0.28320000 -0.84750000
vn -0.35450000 -0.29290000 -0.88800000
vn -0.42970000 -0.34930000 -0.83270000
vn -0.45890000 -0.28910000 -0.84010000
vn -0.42970000 -0.34930000 -0.83270000
vn -0.77590000 -0.63090000 -0.00010000
vn -0.77470000 -0.63240000 -0.00130000
vn -0.44890000 -0.28320000 -0.84750000
vn -0.84680000 -0.53190000 -0.00100000
vn 0.66620000 0.31080000 -0.67790000
vn 0.25100000 0.15500000 -0.95550000
vn 0.16740000 0.08290000 -0.98240000
vn 0.61780000 0.39210000 -0.68160000
vn 0.15310000 0.09660000 -0.98350000
vn 0.25270000 0.11960000 -0.96010000
vn -0.47690000 -0.22570000 -0.84950000
vn 0.16740000 0.08290000 -0.98240000
vn 0.15310000 0.09660000 -0.98350000
vn -0.45890000 -0.28910000 -0.84010000
vn -0.44890000 -0.28320000 -0.84750000
vn 0.25270000 0.11960000 -0.96010000
vn -0.47690000 -0.22570000 -0.84950000
vn -0.49260000 -0.23240000 -0.83870000
vn -0.51080000 -0.16620000 -0.84350000
vn 0.28430000 0.09020000 -0.95450000
vn -0.45890000 -0.28910000 -0.84010000
vn -0.84680000 -0.53190000 -0.00100000
vn -0.90390000 -0.42770000 -0.00160000
vn -0.47690000 -0.22570000 -0.84950000
vn -0.49260000 -0.23240000 -0.83870000
vn -0.84640000 -0.53260000 -0.00150000
vn -0.90390000 -0.42770000 -0.00160000
vn -0.94920000 -0.31470000 0.00020000
vn -0.45410000 -0.15050000 -0.87820000
vn -0.51080000 -0.16620000 -0.84350000
vn -0.49260000 -0.23240000 -0.83870000
vn -0.90550000 -0.42440000 0.00060000
vn 0.58030000 0.11310000 -0.80650000
vn 0.52440000 0.17800000 -0.83260000
vn 0.28430000 0.09020000 -0.95450000
vn -0.51080000 -0.16620000 -0.84350000
vn -0.44620000 -0.09380000 -0.89000000
vn -0.45410000 -0.15050000 -0.87820000
vn 0.27550000 0.06030000 -0.95940000
vn -0.94920000 -0.31470000 0.00020000
vn -0.45410000 -0.15050000 -0.87820000
vn -0.44620000 -0.09380000 -0.89000000
vn -0.54280000 -0.10930000 -0.83270000
vn -0.98030000 -0.19740000 -0.00000000
vn -0.94910000 -0.31490000 0.00010000
vn 0.29040000 0.02030000 -0.95670000
vn 0.18050000 0.01440000 -0.98350000
vn 0.18900000 -0.01110000 -0.98190000
vn 0.55240000 -0.01980000 -0.83330000
vn 0.72930000 0.06040000 -0.68160000
vn 0.73400000 -0.03210000 -0.67840000
vn 0.29040000 0.02030000 -0.95670000
vn -0.52910000 -0.04220000 -0.84750000
vn -0.44620000 -0.09380000 -0.89000000
vn 0.27550000 0.06030000 -0.95940000
vn 0.18050000 0.01440000 -0.98350000
vn -0.54280000 -0.10930000 -0.83270000
vn 0.18050000 0.01440000 -0.98350000
vn -0.54070000 -0.04260000 -0.84020000
vn -0.52910000 -0.04220000 -0.84750000
vn 0.18900000 -0.01110000 -0.98190000
vn -0.52630000 0.02520000 -0.84990000
vn -0.99700000 -0.07740000 -0.00000000
vn -0.98030000 -0.19740000 -0.00000000
vn -0.98030000 -0.19730000 0.00010000
vn -0.54070000 -0.04260000 -0.84020000
vn -0.52910000 -0.04220000 -0.84750000
vn -0.54280000 -0.10930000 -0.83270000
vn -0.52630000 0.02520000 -0.84990000
vn -0.54070000 -0.04260000 -0.84020000
vn -0.99910000 0.04140000 -0.00150000
vn -0.99700000 -0.07740000 -0.00000000
vn -0.99680000 -0.07970000 -0.00140000
vn -0.47100000 0.02010000 -0.88190000
vn 0.17310000 -0.07010000 -0.98240000
vn 0.28190000 -0.08500000 -0.95570000
vn 0.67450000 -0.29200000 -0.67810000
vn 0.70320000 -0.20240000 -0.68160000
vn 0.17390000 -0.05050000 -0.98350000
vn -0.54640000 0.09000000 -0.83260000
vn 0.27560000 -0.04080000 -0.96040000
vn -0.50970000 0.14820000 -0.84750000
vn 0.28190000 -0.08500000 -0.95570000
vn -0.45430000 0.07110000 -0.88800000
vn 0.17390000 -0.05050000 -0.98350000
vn -0.50970000 0.14820000 -0.84750000
vn 0.26260000 -0.11220000 -0.95830000
vn 0.17310000 -0.07010000 -0.98240000
vn -0.48520000 0.20730000 -0.84950000
vn -0.52070000 0.15190000 -0.84010000
vn 0.17390000 -0.05050000 -0.98350000
vn -0.95970000 0.28110000 -0.00100000
vn -0.52070000 0.15190000 -0.84010000
vn -0.50970000 0.14820000 -0.84750000
vn -0.98670000 0.16250000 -0.00130000
vn -0.98670000 0.16240000 -0.00130000
vn -0.54640000 0.09000000 -0.83260000
vn -0.48520000 0.20730000 -0.84950000
vn -0.50060000 0.21460000 -0.83860000
vn -0.52070000 0.15190000 -0.84010000
vn -0.95990000 0.28050000 -0.00140000
vn -0.91950000 0.39300000 -0.00150000
vn -0.95970000 0.28110000 -0.00100000
vn 0.24920000 -0.14900000 -0.95690000
vn -0.46320000 0.27210000 -0.84340000
vn -0.36610000 0.27190000 -0.89000000
vn 0.46940000 -0.35930000 -0.80660000
vn 0.22820000 -0.16650000 -0.95930000
vn -0.41370000 0.24010000 -0.87820000
vn 0.48120000 -0.27420000 -0.83260000
vn -0.38250000 0.36810000 -0.84750000
vn 0.22820000 -0.16650000 -0.95930000
vn -0.36610000 0.27190000 -0.89000000
vn 0.20750000 -0.20360000 -0.95680000
vn -0.44180000 0.33380000 -0.83270000
vn 0.13040000 -0.12550000 -0.98350000
vn -0.36610000 0.27190000 -0.89000000
vn -0.44180000 0.33380000 -0.83270000
vn -0.41370000 0.24010000 -0.87820000
vn -0.79780000 0.60290000 -0.00000000
vn -0.86390000 0.50370000 0.00010000
vn -0.86500000 0.50180000 -0.00130000
vn -0.79780000 0.60290000 0.00010000
vn -0.38250000 0.36810000 -0.84750000
vn -0.79780000 0.60290000 -0.00000000
vn -0.39050000 0.37650000 -0.84010000
vn -0.44180000 0.33380000 -0.83270000
vn -0.71910000 0.69490000 -0.00000000
vn 0.52880000 -0.50580000 -0.68160000
vn 0.11700000 -0.14880000 -0.98190000
vn 0.13040000 -0.12550000 -0.98350000
vn 0.35160000 -0.42660000 -0.83330000
vn 0.46280000 -0.57070000 -0.67830000
vn 0.20750000 -0.20360000 -0.95680000
vn 0.31010000 -0.50040000 -0.80840000
vn -0.33020000 0.41070000 -0.84990000
vn 0.11700000 -0.14880000 -0.98190000
vn 0.35160000 -0.42660000 -0.83330000
vn 0.15250000 -0.23370000 -0.96030000
vn -0.29730000 0.36590000 -0.88190000
vn -0.24800000 0.38730000 -0.88800000
vn -0.33020000 0.41070000 -0.84990000
vn 0.11700000 -0.14880000 -0.98190000
vn 0.13040000 -0.12550000 -0.98350000
vn -0.38250000 0.36810000 -0.84750000
vn -0.39050000 0.37650000 -0.84010000
vn -0.39050000 0.37650000 -0.84010000
vn -0.29730000 0.36590000 -0.88190000
vn -0.33020000 0.41070000 -0.84990000
vn -0.72070000 0.69330000 -0.00140000
vn -0.63160000 0.77530000 -0.00150000
vn -0.71910000 0.69490000 -0.00000000
vn -0.63160000 0.77530000 -0.00150000
vn -0.24800000 0.38730000 -0.88800000
vn -0.29730000 0.36590000 -0.88190000
vn -0.53270000 0.84630000 -0.00130000
vn -0.63100000 0.77580000 -0.00100000
vn -0.29500000 0.46870000 -0.83270000
vn 0.07750000 -0.16370000 -0.98350000
vn 0.12310000 -0.26680000 -0.95580000
vn -0.22710000 0.47970000 -0.84750000
vn 0.15250000 -0.23370000 -0.96030000
vn -0.24800000 0.38730000 -0.88800000
vn -0.29500000 0.46870000 -0.83270000
vn -0.53270000 0.84630000 -0.00130000
vn -0.42590000 0.90470000 -0.00100000
vn -0.29500000 0.46870000 -0.83270000
vn -0.22710000 0.47970000 -0.84750000
vn -0.23160000 0.49040000 -0.84020000
vn 0.05670000 -0.18070000 -0.98190000
vn 0.23040000 -0.69760000 -0.67850000
vn 0.31480000 -0.66050000 -0.68170000
vn 0.07750000 -0.16370000 -0.98350000
vn 0.12310000 -0.26680000 -0.95580000
vn 0.17800000 -0.52510000 -0.83220000
vn 0.06060000 -0.27690000 -0.95900000
vn -0.14820000 0.44750000 -0.88190000
vn 0.17800000 -0.52510000 -0.83220000
vn -0.09460000 0.45000000 -0.88800000
vn 0.11220000 -0.57650000 -0.80940000
vn -0.16310000 0.50100000 -0.84990000
vn 0.05670000 -0.18070000 -0.98190000
vn 0.07750000 -0.16370000 -0.98350000
vn -0.22710000 0.47970000 -0.84750000
vn -0.23160000 0.49040000 -0.84020000
vn 0.05670000 -0.18070000 -0.98190000
vn -0.16310000 0.50100000 -0.84990000
vn -0.16310000 0.50100000 -0.84990000
vn -0.14820000 0.44750000 -0.88190000
vn -0.23160000 0.49040000 -0.84020000
vn -0.31560000 0.94890000 -0.00150000
vn -0.42660000 0.90450000 -0.00140000
vn -0.42590000 0.90470000 -0.00100000
vn -0.09460000 0.45000000 -0.88800000
vn -0.10960000 0.54280000 -0.83270000
vn -0.19800000 0.98020000 -0.00130000
vn -0.31490000 0.94910000 -0.00100000
vn -0.14820000 0.44750000 -0.88190000
vn -0.31560000 0.94890000 -0.00150000
vn -0.10960000 0.54280000 -0.83270000
vn -0.04220000 0.52910000 -0.84750000
vn -0.09460000 0.45000000 -0.88800000
vn 0.02320000 -0.29850000 -0.95410000
vn 0.06060000 -0.27690000 -0.95900000
vn 0.02260000 -0.28270000 -0.95890000
vn -0.19590000 0.98060000 0.00010000
vn -0.07780000 0.99700000 -0.00000000
vn -0.04220000 0.52910000 -0.84750000
vn -0.19800000 0.98020000 -0.00130000
vn -0.04310000 0.55200000 -0.83270000
vn -0.10960000 0.54280000 -0.83270000
vn -0.36930000 -0.63490000 -0.67860000
vn -0.27480000 -0.48100000 -0.83250000
vn -0.09760000 -0.16210000 -0.98190000
vn -0.07110000 -0.16640000 -0.98350000
vn -0.11790000 -0.26860000 -0.95600000
vn -0.28560000 -0.67360000 -0.68170000
vn -0.16700000 -0.22900000 -0.95900000
vn 0.26690000 0.45440000 -0.84990000
vn -0.09760000 -0.16210000 -0.98190000
vn -0.35710000 -0.46630000 -0.80940000
vn 0.23670000 0.40770000 -0.88190000
vn 0.27410000 0.36920000 -0.88800000
vn -0.27480000 -0.48100000 -0.83250000
vn 0.21350000 0.49860000 -0.84010000
vn -0.09760000 -0.16210000 -0.98190000
vn 0.20850000 0.48810000 -0.84750000
vn -0.07110000 -0.16640000 -0.98350000
vn 0.26690000 0.45440000 -0.84990000
vn 0.39270000 0.91970000 -0.00140000
vn 0.21350000 0.49860000 -0.84010000
vn 0.39480000 0.91880000 -0.00000000
vn 0.50100000 0.86550000 -0.00150000
vn 0.23670000 0.40770000 -0.88190000
vn 0.26690000 0.45440000 -0.84990000
vn 0.60240000 0.79820000 -0.00010000
vn 0.23670000 0.40770000 -0.88190000
vn 0.27410000 0.36920000 -0.88800000
vn 0.33360000 0.44200000 -0.83270000
vn 0.50100000 0.86550000 -0.00150000
vn 0.50300000 0.86430000 -0.00000000
vn 0.33360000 0.44200000 -0.83270000
vn -0.19700000 -0.20460000 -0.95880000
vn -0.16700000 -0.22900000 -0.95900000
vn 0.36800000 0.38250000 -0.84750000
vn -0.20760000 -0.21500000 -0.95430000
vn 0.27410000 0.36920000 -0.88800000
vn 0.69470000 0.71930000 -0.00000000
vn 0.33360000 0.44200000 -0.83270000
vn 0.60240000 0.79820000 -0.00010000
vn 0.38460000 0.39830000 -0.83270000
vn 0.36800000 0.38250000 -0.84750000
vn 0.60250000 0.79810000 0.00010000
vn -0.17180000 -0.05720000 -0.98350000
vn -0.72020000 -0.14450000 -0.67850000
vn -0.54180000 -0.11320000 -0.83280000
vn -0.18620000 -0.03450000 -0.98190000
vn -0.27880000 -0.08980000 -0.95620000
vn -0.69360000 -0.23300000 -0.68160000
vn -0.58580000 -0.04190000 -0.80940000
vn -0.18620000 -0.03450000 -0.98190000
vn -0.54180000 -0.11320000 -0.83280000
vn 0.46210000 0.09320000 -0.88190000
vn 0.45840000 0.04290000 -0.88770000
vn -0.19190000 -0.02180000 -0.98120000
vn 0.51710000 0.10150000 -0.84990000
vn -0.18620000 -0.03450000 -0.98190000
vn 0.51710000 0.10150000 -0.84990000
vn -0.17180000 -0.05720000 -0.98350000
vn 0.51480000 0.17080000 -0.84010000
vn 0.50360000 0.16760000 -0.84750000
vn 0.94880000 0.31600000 -0.00140000
vn 0.51480000 0.17080000 -0.84010000
vn 0.46210000 0.09320000 -0.88190000
vn 0.94950000 0.31380000 -0.00000000
vn 0.98000000 0.19890000 -0.00150000
vn 0.51710000 0.10150000 -0.84990000
vn 0.98050000 0.19660000 -0.00000000
vn 0.46210000 0.09320000 -0.88190000
vn 0.45840000 0.04290000 -0.88770000
vn 0.98000000 0.19890000 -0.00150000
vn 0.77400000 0.05740000 -0.63060000
vn 0.99680000 0.07990000 -0.00010000
vn 0.45840000 0.04290000 -0.88770000
vn -0.19190000 -0.02180000 -0.98120000
vn -0.20250000 0.00850000 -0.97920000
vn 0.76030000 -0.02880000 -0.64900000
vn 0.55170000 -0.02710000 -0.83360000
vn -0.28780000 0.01590000 -0.95760000
vn 0.77400000 0.05740000 -0.63060000
vn 0.76030000 -0.02880000 -0.64900000
vn 0.99670000 0.08130000 -0.00100000
vn 0.99680000 0.07990000 -0.00010000
vn 0.77400000 0.05740000 -0.63060000
vn 0.99900000 -0.04400000 -0.00240000
vn 0.55170000 -0.02710000 -0.83360000
vn -0.28780000 0.01590000 -0.95760000
vn -0.29110000 0.04820000 -0.95550000
vn -0.27480000 0.04490000 -0.96040000
vn 0.52340000 -0.08560000 -0.84780000
vn -0.27480000 0.04490000 -0.96040000
vn 0.53520000 -0.08800000 -0.84010000
vn -0.28150000 0.08620000 -0.95570000
vn 0.50510000 -0.15040000 -0.84990000
vn 0.52340000 -0.08560000 -0.84780000
vn 0.53520000 -0.08800000 -0.84010000
vn 0.76030000 -0.02880000 -0.64900000
vn 0.55170000 -0.02710000 -0.83360000
vn 0.98670000 -0.16260000 -0.00110000
vn 0.98660000 -0.16340000 -0.00160000
vn 0.99900000 -0.04400000 -0.00240000
vn 0.99900000 -0.04550000 -0.00140000
vn 0.52340000 -0.08560000 -0.84780000
vn 0.96020000 -0.27930000 -0.00160000
vn 0.50510000 -0.15040000 -0.84990000
vn 0.98660000 -0.16340000 -0.00160000
vn 0.45250000 -0.13230000 -0.88190000
vn 0.53520000 -0.08800000 -0.84010000
vn -0.44380000 0.33030000 -0.83310000
vn -0.25160000 0.14890000 -0.95630000
vn -0.63430000 0.36470000 -0.68160000
vn -0.15670000 0.09070000 -0.98350000
vn -0.14920000 0.11650000 -0.98190000
vn -0.58580000 0.44330000 -0.67850000
vn 0.45950000 -0.26590000 -0.84750000
vn 0.42410000 -0.17780000 -0.88800000
vn -0.15670000 0.09070000 -0.98350000
vn 0.50910000 -0.21820000 -0.83260000
vn -0.25950000 0.10630000 -0.95990000
vn -0.25160000 0.14890000 -0.95630000
vn 0.46920000 -0.27210000 -0.84010000
vn 0.41890000 -0.31970000 -0.84990000
vn -0.15670000 0.09070000 -0.98350000
vn -0.14920000 0.11650000 -0.98190000
vn 0.45950000 -0.26590000 -0.84750000
vn 0.91920000 -0.39380000 -0.00130000
vn 0.45950000 -0.26590000 -0.84750000
vn 0.46920000 -0.27210000 -0.84010000
vn 0.50910000 -0.21820000 -0.83260000
vn 0.86450000 -0.50260000 -0.00000000
vn 0.91830000 -0.39590000 0.00010000
vn 0.46920000 -0.27210000 -0.84010000
vn 0.41890000 -0.31970000 -0.84990000
vn 0.79880000 -0.60170000 -0.00010000
vn 0.86450000 -0.50260000 -0.00000000
vn 0.86450000 -0.50270000 0.00010000
vn 0.37620000 -0.28410000 -0.88190000
vn -0.18600000 0.22860000 -0.95560000
vn 0.39860000 -0.38450000 -0.83260000
vn -0.20290000 0.18930000 -0.96070000
vn -0.18200000 0.22340000 -0.95760000
vn 0.33340000 -0.31660000 -0.88800000
vn 0.33530000 -0.41150000 -0.84750000
vn -0.23990000 0.49910000 -0.83270000
vn 0.20150000 -0.42630000 -0.88190000
vn -0.09270000 0.26520000 -0.95970000
vn -0.12260000 0.26890000 -0.95530000
vn -0.18220000 0.56260000 -0.80640000
vn 0.22660000 -0.48710000 -0.84340000
vn 0.14810000 -0.43530000 -0.88800000
vn 0.17420000 -0.52570000 -0.83270000
vn 0.14810000 -0.43530000 -0.88800000
vn 0.31470000 -0.94920000 -0.00130000
vn 0.42870000 -0.90340000 -0.00100000
vn 0.42730000 -0.90410000 -0.00010000
vn 0.20150000 -0.42630000 -0.88190000
vn 0.03000000 0.71080000 -0.70280000
vn 0.03960000 0.84440000 -0.53420000
vn 0.00790000 0.18780000 -0.98220000
vn -0.05390000 0.68320000 -0.72820000
vn -0.01480000 0.18760000 -0.98210000
vn -0.01440000 0.18050000 -0.98350000
vn 0.00750000 0.18090000 -0.98350000
vn 0.00790000 0.18780000 -0.98220000
vn 0.04260000 -0.54070000 -0.84010000
vn 0.04220000 -0.52910000 -0.84750000
vn -0.01440000 0.18050000 -0.98350000
vn -0.02170000 -0.52720000 -0.84950000
vn 0.07740000 -0.99700000 0.00010000
vn -0.04200000 -0.99910000 -0.00010000
vn 0.04260000 -0.54070000 -0.84010000
vn 0.07740000 -0.99700000 -0.00000000
vn -0.02170000 -0.52720000 -0.84950000
vn -0.02390000 -0.55310000 -0.83280000
vn 0.07790000 0.26780000 -0.96030000
vn -0.15270000 -0.52280000 -0.83870000
vn -0.21430000 -0.49260000 -0.84340000
vn -0.14720000 -0.50660000 -0.84950000
vn 0.12050000 0.27120000 -0.95490000
vn -0.27940000 -0.96020000 -0.00000000
vn -0.27930000 -0.96020000 -0.00010000
vn -0.15270000 -0.52280000 -0.83870000
vn -0.18850000 -0.43970000 -0.87810000
vn -0.39380000 -0.91920000 -0.00010000
vn -0.21430000 -0.49260000 -0.84340000
vn 0.57970000 -0.09960000 -0.80870000
vn -0.45430000 0.07110000 -0.88800000
vn 0.27560000 -0.04080000 -0.96040000
vn -0.47100000 0.02010000 -0.88190000
vn -0.52630000 0.02520000 -0.84990000
vn 0.18900000 -0.01110000 -0.98190000
vn 0.55240000 -0.01980000 -0.83330000
vn -0.99910000 0.04210000 -0.00100000
vn -0.99910000 0.04140000 -0.00150000
vn -0.45430000 0.07110000 -0.88800000
vn -0.54640000 0.09000000 -0.83260000
vn -0.98670000 0.16240000 -0.00130000
vn -0.47100000 0.02010000 -0.88190000
vn -0.46320000 0.27210000 -0.84340000
vn -0.50060000 0.21460000 -0.83860000
vn 0.24920000 -0.14900000 -0.95690000
vn 0.26260000 -0.11220000 -0.95830000
vn -0.48520000 0.20730000 -0.84950000
vn -0.50060000 0.21460000 -0.83860000
vn -0.91920000 0.39370000 -0.00100000
vn -0.46320000 0.27210000 -0.84340000
vn -0.41370000 0.24010000 -0.87820000
vn -0.86500000 0.50180000 -0.00130000
vn -0.91950000 0.39300000 -0.00150000
vn -0.54210000 0.23670000 -0.80630000
vn 0.45250000 -0.13230000 -0.88190000
vn -0.53270000 0.15130000 -0.83270000
vn 0.42410000 -0.17780000 -0.88800000
vn -0.25950000 0.10630000 -0.95990000
vn 0.50510000 -0.15040000 -0.84990000
vn -0.28150000 0.08620000 -0.95570000
vn 0.45250000 -0.13230000 -0.88190000
vn 0.91920000 -0.39380000 -0.00130000
vn 0.50910000 -0.21820000 -0.83260000
vn 0.42410000 -0.17780000 -0.88800000
vn 0.96020000 -0.27930000 -0.00160000
vn 0.96000000 -0.28010000 -0.00100000
vn 0.33340000 -0.31660000 -0.88800000
vn 0.37620000 -0.28410000 -0.88190000
vn -0.14920000 0.11650000 -0.98190000
vn 0.41890000 -0.31970000 -0.84990000
vn -0.41990000 0.41080000 -0.80930000
vn -0.20290000 0.18930000 -0.96070000
vn -0.44380000 0.33030000 -0.83310000
vn 0.39860000 -0.38450000 -0.83260000
vn 0.71980000 -0.69420000 -0.00130000
vn 0.37620000 -0.28410000 -0.88190000
vn 0.79970000 -0.60040000 -0.00100000
vn 0.79880000 -0.60170000 -0.00010000
vn 0.33340000 -0.31660000 -0.88800000
vn -0.07550000 -0.88720000 -0.45510000
vn 0.08130000 -0.95540000 -0.28390000
vn -0.04650000 -0.99770000 0.04840000
vn 0.07710000 -0.98280000 -0.16800000
vn -0.07550000 -0.88720000 -0.45510000
vn -0.21440000 -0.82340000 -0.52540000
vn -0.15620000 -0.96650000 0.20360000
vn -0.38250000 -0.84620000 -0.37090000
vn -0.27990000 -0.95860000 -0.05250000
vn -0.21440000 -0.82340000 -0.52540000
vn -0.39450000 -0.90330000 -0.16860000
vn -0.63980000 -0.66750000 -0.38090000
vn -0.59480000 -0.79540000 0.11640000
vn -0.50250000 -0.74350000 -0.44130000
vn -0.48960000 -0.84330000 0.22180000
vn -0.38250000 -0.84620000 -0.37090000
vn -0.50250000 -0.74350000 -0.44130000
vn -0.76800000 -0.62850000 0.12360000
vn -0.66330000 -0.49060000 -0.56510000
vn -0.68370000 -0.70100000 -0.20280000
vn -0.63980000 -0.66750000 -0.38090000
vn -0.88260000 -0.27030000 -0.38460000
vn -0.94300000 -0.30570000 -0.13170000
vn -0.89920000 -0.43040000 -0.07850000
vn -0.82450000 -0.41570000 -0.38380000
vn -0.82880000 -0.51770000 0.21220000
vn -0.82450000 -0.41570000 -0.38380000
vn -0.66330000 -0.49060000 -0.56510000
vn -0.81530000 -0.10440000 -0.56960000
vn -0.97050000 0.04120000 -0.23740000
vn -0.98670000 -0.07380000 0.14510000
vn -0.88260000 -0.27030000 -0.38460000
vn -0.81530000 -0.10440000 -0.56960000
vn -0.95850000 -0.19660000 0.20660000
vn -0.97760000 0.15780000 0.13910000
vn -0.97050000 0.04120000 -0.23740000
vn -0.96580000 0.04000000 -0.25600000
vn -0.80360000 0.17320000 -0.56950000
vn -0.86170000 0.34630000 -0.37090000
vn -0.80360000 0.17320000 -0.56950000
vn -0.93780000 0.27730000 0.20890000
vn -0.85960000 0.50480000 -0.07920000
vn -0.78130000 0.48100000 -0.39780000
vn -0.91400000 0.38430000 -0.12990000
vn -0.86170000 0.34630000 -0.37090000
vn -0.61400000 0.76040000 -0.21150000
vn -0.71090000 0.69110000 0.13010000
vn -0.61920000 0.54500000 -0.56530000
vn -0.61920000 0.54500000 -0.56530000
vn -0.78130000 0.48100000 -0.39780000
vn -0.78210000 0.58660000 0.21020000
vn -0.60410000 0.74160000 -0.29170000
vn -0.39980000 0.71560000 -0.57270000
vn -0.61400000 0.76040000 -0.21150000
vn -0.52900000 0.83470000 0.15320000
vn -0.41470000 0.88680000 0.20410000
vn -0.31120000 0.88090000 -0.35660000
vn -0.39980000 0.71560000 -0.57270000
vn -0.20140000 0.97920000 0.02440000
vn -0.31480000 0.94760000 -0.05400000
vn -0.14460000 0.84300000 -0.51810000
vn -0.31120000 0.88090000 -0.35660000
vn 0.04230000 0.99800000 0.04620000
vn 0.16150000 0.93170000 -0.32520000
vn 0.16150000 0.94190000 -0.29470000
vn -0.00000000 0.82860000 -0.55980000
vn -0.00000000 0.82860000 -0.55980000
vn -0.07740000 0.97970000 0.18490000
vn -0.14460000 0.84300000 -0.51810000
vn 0.27330000 0.94730000 0.16700000
vn 0.27260000 0.77150000 -0.57490000
vn 0.16150000 0.94190000 -0.29470000
vn 0.27260000 0.77150000 -0.57490000
vn 0.45850000 0.82070000 -0.34090000
vn 0.38930000 0.89960000 0.19780000
vn 0.53320000 0.66030000 -0.52890000
vn 0.45850000 0.82070000 -0.34090000
vn 0.49940000 0.86220000 -0.08530000
vn 0.59900000 0.79940000 0.04710000
vn 0.81520000 0.50400000 -0.28540000
vn 0.80790000 0.49740000 -0.31600000
vn 0.62540000 0.55040000 -0.55310000
vn 0.77570000 0.63060000 0.02390000
vn 0.68170000 0.70730000 0.18690000
vn 0.62540000 0.55040000 -0.55310000
vn 0.53320000 0.66030000 -0.52890000
vn 0.80790000 0.49740000 -0.31600000
vn 0.88860000 0.42270000 0.17780000
vn 0.75850000 0.30480000 -0.57600000
vn 0.75850000 0.30480000 -0.57600000
vn 0.93300000 0.30560000 0.19020000
vn 0.92500000 0.19930000 -0.32350000
vn 0.92500000 0.19930000 -0.32350000
vn 0.83780000 0.03560000 -0.54490000
vn 0.99430000 0.08170000 0.06810000
vn 0.97330000 0.19730000 -0.11770000
vn 0.83550000 -0.10700000 -0.53900000
vn 0.90070000 -0.27580000 -0.33560000
vn 0.92840000 -0.27880000 -0.24570000
vn 0.98670000 -0.16230000 0.00030000
vn 0.98150000 -0.04230000 0.18680000
vn 0.83780000 0.03560000 -0.54490000
vn 0.83550000 -0.10700000 -0.53900000
vn 0.76580000 -0.56640000 -0.30460000
vn 0.72990000 -0.36800000 -0.57600000
vn 0.84890000 -0.49660000 0.18110000
vn 0.90070000 -0.27580000 -0.33560000
vn 0.72990000 -0.36800000 -0.57600000
vn 0.90410000 -0.38420000 0.18720000
vn 0.78950000 -0.59490000 -0.15120000
vn 0.76580000 -0.56640000 -0.30460000
vn 0.57660000 -0.60160000 -0.55290000
vn 0.71930000 -0.68910000 0.08800000
vn 0.38530000 -0.85240000 -0.35350000
vn 0.41110000 -0.88780000 -0.20680000
vn 0.47500000 -0.70270000 -0.52970000
vn 0.53270000 -0.84590000 -0.02520000
vn 0.47500000 -0.70270000 -0.52970000
vn 0.57660000 -0.60160000 -0.55290000
vn 0.61930000 -0.76270000 0.18640000
vn 0.19160000 -0.96660000 0.17050000
vn 0.08130000 -0.95540000 -0.28390000
vn 0.20620000 -0.79180000 -0.57500000
vn 0.20620000 -0.79180000 -0.57500000
vn 0.31140000 -0.93000000 0.19510000
vn 0.38530000 -0.85240000 -0.35350000
vn -0.40650000 -0.87180000 0.27320000
vn -0.23160000 -0.86450000 0.44610000
vn -0.32620000 -0.93270000 -0.15370000
vn -0.40650000 -0.87180000 0.27320000
vn -0.55800000 -0.79690000 0.23130000
vn -0.44080000 -0.89700000 0.03170000
vn -0.56070000 -0.80690000 0.18610000
vn -0.65500000 -0.74180000 -0.14380000
vn -0.55800000 -0.79690000 0.23130000
vn -0.63500000 -0.63500000 0.43990000
vn -0.63500000 -0.63500000 0.43990000
vn -0.75570000 -0.63540000 -0.15860000
vn -0.77960000 -0.54590000 0.30680000
vn -0.87380000 -0.39920000 0.27760000
vn -0.77960000 -0.54590000 0.30680000
vn -0.89250000 -0.41620000 0.17380000
vn -0.83640000 -0.54700000 -0.03420000
vn -0.89250000 -0.41620000 0.17380000
vn -0.87530000 -0.23450000 0.42300000
vn -0.94560000 -0.30540000 -0.11240000
vn -0.94060000 -0.08230000 0.32930000
vn -0.97530000 -0.16130000 -0.15090000
vn -0.87530000 -0.23450000 0.42300000
vn -0.92220000 0.09870000 0.37390000
vn -0.99520000 -0.04430000 -0.08760000
vn -0.99090000 0.08670000 0.10280000
vn -0.94060000 -0.08230000 0.32930000
vn -0.99090000 0.08670000 0.10280000
vn -0.92170000 0.24700000 0.29920000
vn -0.97130000 0.22550000 -0.07530000
vn -0.92170000 0.24700000 0.29920000
vn -0.91620000 0.34670000 -0.20080000
vn -0.85170000 0.39720000 0.34180000
vn -0.87950000 0.46570000 -0.09760000
vn -0.76860000 0.53820000 0.34570000
vn -0.85170000 0.39720000 0.34180000
vn -0.68230000 0.68230000 0.26260000
vn -0.72280000 0.69090000 -0.01250000
vn -0.80430000 0.59400000 0.01440000
vn -0.76860000 0.53820000 0.34570000
vn -0.68230000 0.68230000 0.26260000
vn -0.62130000 0.76750000 -0.15770000
vn -0.51360000 0.73350000 0.44520000
vn -0.40500000 0.86850000 0.28570000
vn -0.50130000 0.85090000 -0.15680000
vn -0.51360000 0.73350000 0.44520000
vn -0.26940000 0.96110000 0.06130000
vn -0.25290000 0.94360000 0.21370000
vn -0.40500000 0.86850000 0.28570000
vn -0.39540000 0.91700000 -0.05180000
vn -0.25290000 0.94360000 0.21370000
vn -0.13750000 0.97870000 -0.15230000
vn -0.08210000 0.93840000 0.33560000
vn -0.08210000 0.93840000 0.33560000
vn -0.00580000 0.97850000 -0.20640000
vn 0.08270000 0.94510000 0.31610000
vn 0.25580000 0.95470000 0.15170000
vn 0.11850000 0.99290000 -0.01010000
vn 0.25690000 0.91720000 0.30450000
vn 0.08270000 0.94510000 0.31610000
vn 0.40080000 0.85950000 0.31740000
vn 0.38270000 0.91730000 -0.11020000
vn 0.25580000 0.95470000 0.15170000
vn 0.40080000 0.85950000 0.31740000
vn 0.49360000 0.84470000 -0.20670000
vn 0.54050000 0.77180000 0.33500000
vn 0.54050000 0.77180000 0.33500000
vn 0.66230000 0.63260000 0.40160000
vn 0.60680000 0.79220000 -0.06440000
vn 0.70500000 0.70510000 0.07610000
vn 0.78440000 0.54920000 0.28830000
vn 0.80030000 0.59690000 -0.05580000
vn 0.70500000 0.70510000 0.07610000
vn 0.85720000 0.47640000 -0.19560000
vn 0.78440000 0.54920000 0.28830000
vn 0.85100000 0.39680000 0.34410000
vn 0.91570000 0.35900000 -0.18070000
vn 0.93290000 0.25000000 0.25940000
vn 0.85100000 0.39680000 0.34410000
vn 0.93290000 0.25000000 0.25940000
vn 0.98310000 0.09340000 0.15730000
vn 0.96860000 0.24230000 0.05640000
vn 0.96520000 0.08440000 0.24760000
vn 0.96520000 0.08440000 0.24760000
vn 0.98440000 -0.02710000 -0.17370000
vn 0.93610000 -0.08190000 0.34210000
vn 0.96710000 -0.15720000 -0.19990000
vn 0.93610000 -0.08190000 0.34210000
vn 0.92220000 -0.24710000 0.29750000
vn 0.87800000 -0.41330000 0.24130000
vn 0.88900000 -0.41450000 0.19440000
vn 0.95890000 -0.28180000 0.03290000
vn 0.92220000 -0.24710000 0.29750000
vn 0.77310000 -0.54130000 0.33070000
vn 0.83770000 -0.52790000 -0.13970000
vn 0.88900000 -0.41450000 0.19440000
vn 0.77310000 -0.54130000 0.33070000
vn 0.76180000 -0.62710000 -0.16230000
vn 0.63950000 -0.63950000 0.42680000
vn 0.52710000 -0.77820000 0.34150000
vn 0.56890000 -0.81240000 0.12790000
vn 0.67260000 -0.73830000 -0.04990000
vn 0.63950000 -0.63950000 0.42680000
vn 0.45960000 -0.88410000 -0.08440000
vn 0.56890000 -0.81240000 0.12790000
vn 0.38630000 -0.82850000 0.40540000
vn 0.38630000 -0.82850000 0.40540000
vn 0.24350000 -0.90890000 0.33850000
vn 0.32160000 -0.93670000 -0.13880000
vn 0.24350000 -0.90890000 0.33850000
vn 0.08490000 -0.97000000 0.22770000
vn 0.20240000 -0.96590000 -0.16160000
vn 0.07280000 -0.99650000 0.04110000
vn 0.08490000 -0.97000000 0.22770000
vn -0.08380000 -0.95750000 0.27610000
vn -0.06090000 -0.99750000 -0.03480000
vn -0.23160000 -0.86450000 0.44610000
vn -0.08380000 -0.95750000 0.27610000
vn -0.18470000 -0.96930000 -0.16250000
vn -0.00580000 0.97850000 -0.20640000
vn -0.00100000 -0.07300000 0.99730000
vn 0.00080000 -0.13570000 0.99080000
vn -0.08210000 0.93840000 0.33560000
vn -0.13750000 0.97870000 -0.15230000
vn 0.01050000 -0.07480000 0.99710000
vn -0.13750000 0.97870000 -0.15230000
vn 0.01050000 -0.07480000 0.99710000
vn -0.25290000 0.94360000 0.21370000
vn -0.26940000 0.96110000 0.06130000
vn 0.03650000 -0.13030000 0.99080000
vn 0.01960000 -0.12830000 0.99150000
vn 0.03650000 -0.13030000 0.99080000
vn 0.01830000 -0.07020000 0.99740000
vn 0.03000000 -0.06970000 0.99710000
vn -0.26940000 0.96110000 0.06130000
vn -0.39540000 0.91700000 -0.05180000
vn 0.05250000 -0.11760000 0.99170000
vn 0.03000000 -0.06970000 0.99710000
vn -0.39540000 0.91700000 -0.05180000
vn -0.40500000 0.86850000 0.28570000
vn -0.50130000 0.85090000 -0.15680000
vn 0.07380000 -0.11640000 0.99050000
vn -0.72280000 0.69090000 -0.01250000
vn 0.11310000 -0.07790000 0.99050000
vn 0.09310000 -0.08910000 0.99170000
vn 0.09780000 -0.09350000 0.99080000
vn -0.80430000 0.59400000 0.01440000
vn 0.09780000 -0.09350000 0.99080000
vn -0.62130000 0.76750000 -0.15770000
vn 0.07730000 -0.10260000 0.99170000
vn -0.72280000 0.69090000 -0.01250000
vn -0.68230000 0.68230000 0.26260000
vn -0.22420000 0.37410000 0.89990000
vn -0.50130000 0.85090000 -0.15680000
vn -0.28430000 0.46230000 0.83990000
vn 0.07380000 -0.11640000 0.99050000
vn -0.62130000 0.76750000 -0.15770000
vn -0.51360000 0.73350000 0.44520000
vn -0.25990000 0.33390000 0.90610000
vn 0.07730000 -0.10260000 0.99170000
vn -0.44930000 0.31860000 0.83460000
vn 0.11310000 -0.07790000 0.99050000
vn -0.76860000 0.53820000 0.34570000
vn -0.80430000 0.59400000 0.01440000
vn -0.34940000 0.25420000 0.90180000
vn -0.87950000 0.46570000 -0.09760000
vn 0.11100000 -0.06380000 0.99180000
vn -0.38450000 0.21350000 0.89810000
vn 0.12080000 -0.04580000 0.99160000
vn 0.12680000 -0.04800000 0.99080000
vn -0.91620000 0.34670000 -0.20080000
vn -0.92170000 0.24700000 0.29920000
vn -0.97130000 0.22550000 -0.07530000
vn 0.13180000 -0.03060000 0.99080000
vn 0.12680000 -0.04800000 0.99080000
vn -0.87950000 0.46570000 -0.09760000
vn 0.11100000 -0.06380000 0.99180000
vn -0.85170000 0.39720000 0.34180000
vn -0.91620000 0.34670000 -0.20080000
vn -0.99090000 0.08670000 0.10280000
vn 0.13180000 -0.03060000 0.99080000
vn -0.97130000 0.22550000 -0.07530000
vn 0.12570000 -0.02930000 0.99160000
vn 0.13600000 -0.00990000 0.99070000
vn -0.92220000 0.09870000 0.37390000
vn -0.99520000 -0.04430000 -0.08760000
vn -0.42580000 -0.01060000 0.90480000
vn 0.12730000 0.00160000 0.99190000
vn -0.92220000 0.09870000 0.37390000
vn 0.13600000 -0.00990000 0.99070000
vn -0.44950000 0.04250000 0.89230000
vn -0.54890000 0.04630000 0.83460000
vn -0.40950000 -0.12380000 0.90390000
vn 0.13500000 0.02700000 0.99050000
vn -0.54440000 -0.10090000 0.83270000
vn 0.12330000 0.03530000 0.99170000
vn -0.43970000 -0.07630000 0.89490000
vn -0.97530000 -0.16130000 -0.15090000
vn -0.87530000 -0.23450000 0.42300000
vn -0.94560000 -0.30540000 -0.11240000
vn -0.94060000 -0.08230000 0.32930000
vn 0.12730000 0.00160000 0.99190000
vn -0.99520000 -0.04430000 -0.08760000
vn -0.97530000 -0.16130000 -0.15090000
vn 0.13500000 0.02700000 0.99050000
vn 0.12330000 0.03530000 0.99170000
vn -0.94560000 -0.30540000 -0.11240000
vn 0.12210000 0.06090000 0.99060000
vn -0.89250000 -0.41620000 0.17380000
vn -0.87380000 -0.39920000 0.27760000
vn 0.08810000 0.09350000 0.99170000
vn -0.65500000 -0.74180000 -0.14380000
vn -0.75570000 -0.63540000 -0.15860000
vn -0.28480000 -0.31060000 0.90690000
vn 0.10250000 0.09230000 0.99040000
vn -0.63500000 -0.63500000 0.43990000
vn -0.40870000 -0.35730000 0.83990000
vn -0.33330000 -0.28480000 0.89880000
vn -0.77960000 -0.54590000 0.30680000
vn 0.10870000 0.06620000 0.99190000
vn 0.10250000 0.09230000 0.99040000
vn -0.75570000 -0.63540000 -0.15860000
vn -0.83640000 -0.54700000 -0.03420000
vn -0.44080000 -0.89700000 0.03170000
vn -0.30440000 -0.45910000 0.83460000
vn 0.07410000 0.11460000 0.99070000
vn 0.05980000 0.11240000 0.99190000
vn -0.18980000 -0.36760000 0.91040000
vn -0.56070000 -0.80690000 0.18610000
vn -0.25440000 -0.37530000 0.89130000
vn 0.08810000 0.09350000 0.99170000
vn -0.56070000 -0.80690000 0.18610000
vn -0.65500000 -0.74180000 -0.14380000
vn -0.55800000 -0.79690000 0.23130000
vn 0.07410000 0.11460000 0.99070000
vn -0.40650000 -0.87180000 0.27320000
vn -0.32620000 -0.93270000 -0.15370000
vn 0.05980000 0.11240000 0.99190000
vn 0.04120000 0.13160000 0.99040000
vn -0.44080000 -0.89700000 0.03170000
vn 0.00800000 0.12850000 0.99170000
vn 0.00820000 0.13510000 0.99080000
vn 0.07280000 -0.99650000 0.04110000
vn -0.06090000 -0.99750000 -0.03480000
vn -0.00990000 0.13550000 0.99070000
vn 0.00820000 0.13510000 0.99080000
vn -0.06090000 -0.99750000 -0.03480000
vn 0.02830000 0.12520000 0.99170000
vn -0.18470000 -0.96930000 -0.16250000
vn -0.08380000 -0.95750000 0.27610000
vn -0.14060000 -0.41170000 0.90040000
vn 0.04120000 0.13160000 0.99040000
vn 0.02830000 0.12520000 0.99170000
vn -0.18470000 -0.96930000 -0.16250000
vn -0.32620000 -0.93270000 -0.15370000
vn -0.23160000 -0.86450000 0.44610000
vn -0.16940000 -0.51550000 0.83990000
vn -0.08720000 -0.41480000 0.90570000
vn 0.20240000 -0.96590000 -0.16160000
vn 0.08490000 -0.97000000 0.22770000
vn 0.07280000 -0.99650000 0.04110000
vn -0.02790000 0.13320000 0.99070000
vn -0.00990000 0.13550000 0.99070000
vn -0.00920000 0.12800000 0.99170000
vn 0.38630000 -0.82850000 0.40540000
vn 0.32160000 -0.93670000 -0.13880000
vn -0.04900000 0.12890000 0.99050000
vn 0.45960000 -0.88410000 -0.08440000
vn 0.18940000 -0.38200000 0.90450000
vn 0.18540000 -0.50780000 0.84130000
vn 0.14960000 -0.42210000 0.89410000
vn -0.05520000 0.11580000 0.99170000
vn 0.24350000 -0.90890000 0.33850000
vn -0.04900000 0.12890000 0.99050000
vn -0.02620000 0.12560000 0.99170000
vn -0.02790000 0.13320000 0.99070000
vn 0.20240000 -0.96590000 -0.16160000
vn 0.32160000 -0.93670000 -0.13880000
vn 0.56890000 -0.81240000 0.12790000
vn 0.45960000 -0.88410000 -0.08440000
vn -0.08030000 0.11040000 0.99060000
vn 0.52710000 -0.77820000 0.34150000
vn -0.05520000 0.11580000 0.99170000
vn -0.08030000 0.11040000 0.99060000
vn 0.27780000 -0.30530000 0.91080000
vn 0.25810000 -0.37120000 0.89200000
vn 0.67260000 -0.73830000 -0.04990000
vn 0.52710000 -0.77820000 0.34150000
vn 0.31900000 -0.44910000 0.83460000
vn -0.11460000 0.07230000 0.99080000
vn -0.09620000 0.08470000 0.99180000
vn 0.77310000 -0.54130000 0.33070000
vn 0.76180000 -0.62710000 -0.16230000
vn 0.83770000 -0.52790000 -0.13970000
vn -0.09620000 0.08470000 0.99180000
vn 0.29650000 -0.32360000 0.89860000
vn 0.67260000 -0.73830000 -0.04990000
vn 0.63950000 -0.63950000 0.42680000
vn 0.76180000 -0.62710000 -0.16230000
vn 0.27780000 -0.30530000 0.91080000
vn 0.33040000 -0.28270000 0.90050000
vn 0.83770000 -0.52790000 -0.13970000
vn 0.88900000 -0.41450000 0.19440000
vn -0.12540000 0.05400000 0.99060000
vn -0.11460000 0.07230000 0.99080000
vn -0.10920000 0.06910000 0.99160000
vn 0.87800000 -0.41330000 0.24130000
vn 0.41390000 -0.18910000 0.89050000
vn 0.95890000 -0.28180000 0.03290000
vn 0.87800000 -0.41330000 0.24130000
vn 0.42160000 -0.13330000 0.89690000
vn 0.50320000 -0.22410000 0.83460000
vn -0.12140000 0.04030000 0.99180000
vn -0.12540000 0.05400000 0.99060000
vn 0.93610000 -0.08190000 0.34210000
vn -0.12740000 0.02090000 0.99160000
vn -0.13400000 0.02180000 0.99070000
vn 0.98440000 -0.02710000 -0.17370000
vn 0.96710000 -0.15720000 -0.19990000
vn -0.13550000 0.00370000 0.99080000
vn 0.92220000 -0.24710000 0.29750000
vn 0.95890000 -0.28180000 0.03290000
vn -0.13400000 0.02180000 0.99070000
vn 0.96710000 -0.15720000 -0.19990000
vn -0.12140000 0.04030000 0.99180000
vn -0.13540000 -0.01740000 0.99060000
vn 0.45120000 0.04810000 0.89110000
vn 0.54710000 0.06390000 0.83460000
vn 0.40290000 0.09230000 0.91060000
vn 0.98310000 0.09340000 0.15730000
vn 0.96860000 0.24230000 0.05640000
vn -0.12430000 -0.02690000 0.99190000
vn -0.13540000 -0.01740000 0.99060000
vn -0.13550000 0.00370000 0.99080000
vn 0.96520000 0.08440000 0.24760000
vn 0.98440000 -0.02710000 -0.17370000
vn 0.98310000 0.09340000 0.15730000
vn -0.12910000 0.00370000 0.99160000
vn -0.12430000 -0.02690000 0.99190000
vn -0.12670000 -0.04970000 0.99070000
vn 0.96860000 0.24230000 0.05640000
vn 0.93290000 0.25000000 0.25940000
vn 0.91570000 0.35900000 -0.18070000
vn -0.06330000 -0.03510000 0.99740000
vn 0.78440000 0.54920000 0.28830000
vn 0.85720000 0.47640000 -0.19560000
vn -0.10840000 -0.08080000 0.99080000
vn 0.80030000 0.59690000 -0.05580000
vn -0.11260000 -0.06430000 0.99160000
vn 0.91570000 0.35900000 -0.18070000
vn 0.85100000 0.39680000 0.34410000
vn -0.06330000 -0.03510000 0.99740000
vn -0.12670000 -0.04970000 0.99070000
vn -0.06520000 -0.02410000 0.99760000
vn 0.85720000 0.47640000 -0.19560000
vn -0.09530000 -0.09750000 0.99070000
vn -0.10840000 -0.08080000 0.99080000
vn 0.66230000 0.63260000 0.40160000
vn 0.80030000 0.59690000 -0.05580000
vn 0.70500000 0.70510000 0.07610000
vn -0.10350000 -0.07700000 0.99160000
vn -0.05210000 -0.12510000 0.99080000
vn 0.40080000 0.85950000 0.31740000
vn -0.06530000 -0.11130000 0.99160000
vn 0.49360000 0.84470000 -0.20670000
vn -0.06850000 -0.11730000 0.99070000
vn 0.38270000 0.91730000 -0.11020000
vn 0.60680000 0.79220000 -0.06440000
vn -0.08130000 -0.09880000 0.99180000
vn -0.06850000 -0.11730000 0.99070000
vn 0.54050000 0.77180000 0.33500000
vn 0.49360000 0.84470000 -0.20670000
vn -0.05210000 -0.12510000 0.99080000
vn 0.25690000 0.91720000 0.30450000
vn 0.38270000 0.91730000 -0.11020000
vn -0.04980000 -0.11900000 0.99160000
vn -0.03230000 -0.13270000 0.99060000
vn 0.25580000 0.95470000 0.15170000
vn -0.03230000 -0.13270000 0.99060000
vn 0.25690000 0.91720000 0.30450000
vn 0.11850000 0.99290000 -0.01010000
vn 0.13720000 0.53350000 0.83460000
vn 0.11750000 0.43920000 0.89070000
vn -0.01950000 -0.12680000 0.99170000
vn 0.06130000 0.43890000 0.89640000
vn 0.11850000 0.99290000 -0.01010000
vn -0.00580000 0.97850000 -0.20640000
vn 0.08270000 0.94510000 0.31610000
vn -0.01950000 -0.12680000 0.99170000
vn 0.00080000 -0.13570000 0.99080000
vn -0.99550000 0.09450000 0.00010000
vn -0.44950000 0.04250000 0.89230000
vn -0.54890000 0.04630000 0.83460000
vn -0.97400000 0.22660000 -0.00000000
vn -0.54250000 0.12580000 0.83060000
vn -0.97390000 0.22710000 0.00040000
vn 0.12570000 -0.02930000 0.99160000
vn -0.54250000 0.12580000 0.83060000
vn -0.54890000 0.04630000 0.83460000
vn 0.13600000 -0.00990000 0.99070000
vn -0.52720000 0.12300000 0.84080000
vn -0.49590000 -0.23990000 0.83460000
vn -0.53110000 -0.16780000 0.83050000
vn -0.40960000 -0.19310000 0.89160000
vn -0.90460000 -0.42620000 0.00010000
vn -0.95350000 -0.30130000 0.00010000
vn -0.95350000 -0.30130000 -0.00000000
vn -0.40960000 -0.19310000 0.89160000
vn 0.12210000 0.06090000 0.99060000
vn 0.10870000 0.06620000 0.99190000
vn -0.49590000 -0.23990000 0.83460000
vn -0.87380000 -0.39920000 0.27760000
vn -0.35200000 -0.22060000 0.90960000
vn -0.83640000 -0.54700000 -0.03420000
vn -0.40950000 -0.12380000 0.90390000
vn 0.12210000 0.06090000 0.99060000
vn -0.53110000 -0.16780000 0.83050000
vn 0.12330000 0.03530000 0.99170000
vn -0.49590000 -0.23990000 0.83460000
vn -0.03430000 -0.55590000 0.83050000
vn 0.04110000 -0.56440000 0.82450000
vn 0.03940000 -0.54960000 0.83450000
vn -0.06150000 -0.99810000 -0.00000000
vn 0.07260000 -0.99740000 0.00010000
vn -0.06160000 -0.99810000 0.00010000
vn -0.00920000 0.12800000 0.99170000
vn -0.02620000 0.12560000 0.99170000
vn 0.11090000 -0.53290000 0.83890000
vn -0.02790000 0.13320000 0.99070000
vn 0.03940000 -0.54960000 0.83450000
vn 0.04110000 -0.56440000 0.82450000
vn 0.03940000 -0.54960000 0.83450000
vn -0.03420000 -0.54990000 0.83450000
vn 0.00800000 0.12850000 0.99170000
vn -0.00990000 0.13550000 0.99070000
vn -0.00920000 0.12800000 0.99170000
vn -0.03430000 -0.55590000 0.83050000
vn 0.44670000 0.33280000 0.83050000
vn 0.80190000 0.59740000 0.00010000
vn 0.32430000 0.31750000 0.89110000
vn 0.80190000 0.59740000 -0.00000000
vn 0.38990000 0.38910000 0.83460000
vn 0.71480000 0.69940000 0.00010000
vn -0.08130000 -0.09880000 0.99180000
vn -0.09530000 -0.09750000 0.99070000
vn 0.66230000 0.63260000 0.40160000
vn 0.38990000 0.38910000 0.83460000
vn 0.32430000 0.31750000 0.89110000
vn 0.60680000 0.79220000 -0.06440000
vn 0.27660000 0.34660000 0.89630000
vn -0.10350000 -0.07700000 0.99160000
vn 0.44210000 0.32890000 0.83450000
vn 0.44670000 0.33280000 0.83050000
vn -0.09530000 -0.09750000 0.99070000
vn 0.38990000 0.38910000 0.83460000
vn -0.51880000 0.19650000 0.83200000
vn -0.54250000 0.12580000 0.83060000
vn -0.52720000 0.12300000 0.84080000
vn -0.93560000 0.35300000 0.00080000
vn -0.97390000 0.22710000 0.00040000
vn 0.12570000 -0.02930000 0.99160000
vn -0.52720000 0.12300000 0.84080000
vn -0.50880000 0.19320000 0.83890000
vn 0.12080000 -0.04580000 0.99160000
vn -0.51880000 0.19650000 0.83200000
vn 0.13180000 -0.03060000 0.99080000
vn -0.43970000 -0.07630000 0.89490000
vn -0.98520000 -0.17120000 -0.00000000
vn -0.40950000 -0.12380000 0.90390000
vn -0.98510000 -0.17170000 -0.00040000
vn -0.95350000 -0.30130000 0.00010000
vn -0.53110000 -0.16780000 0.83050000
vn -0.19430000 -0.98090000 -0.00000000
vn -0.19440000 -0.98090000 0.00010000
vn -0.03420000 -0.54990000 0.83450000
vn -0.10770000 -0.54640000 0.83060000
vn -0.06160000 -0.99810000 0.00010000
vn -0.03430000 -0.55590000 0.83050000
vn -0.03420000 -0.54990000 0.83450000
vn 0.02830000 0.12520000 0.99170000
vn -0.10770000 -0.54640000 0.83060000
vn -0.08720000 -0.41480000 0.90570000
vn 0.00820000 0.13510000 0.99080000
vn 0.00800000 0.12850000 0.99170000
vn 0.80190000 0.59740000 0.00010000
vn 0.44210000 0.32890000 0.83450000
vn 0.87460000 0.48490000 -0.00000000
vn 0.62240000 0.34170000 0.70410000
vn 0.48530000 0.27250000 0.83080000
vn 0.87360000 0.48670000 -0.00170000
vn 0.44670000 0.33280000 0.83050000
vn -0.10350000 -0.07700000 0.99160000
vn -0.11260000 -0.06430000 0.99160000
vn 0.44210000 0.32890000 0.83450000
vn 0.48530000 0.27250000 0.83080000
vn -0.10840000 -0.08080000 0.99080000
vn -0.93490000 0.35480000 -0.00080000
vn -0.88000000 0.47490000 -0.00000000
vn -0.49790000 0.26850000 0.82460000
vn -0.93560000 0.35300000 0.00080000
vn -0.50880000 0.19320000 0.83890000
vn -0.51880000 0.19650000 0.83200000
vn -0.88030000 0.47450000 -0.00040000
vn -0.50880000 0.19320000 0.83890000
vn -0.38450000 0.21350000 0.89810000
vn 0.11100000 -0.06380000 0.99180000
vn -0.49790000 0.26850000 0.82460000
vn 0.12680000 -0.04800000 0.99080000
vn 0.12080000 -0.04580000 0.99160000
vn -0.57510000 -0.02260000 0.81780000
vn -0.80300000 -0.03140000 0.59520000
vn -0.99550000 0.09450000 0.00010000
vn -0.99960000 0.02930000 0.00050000
vn -0.99560000 0.09420000 -0.00020000
vn -0.44950000 0.04250000 0.89230000
vn -0.42580000 -0.01060000 0.90480000
vn -0.54440000 -0.10090000 0.83270000
vn -0.99820000 -0.05750000 -0.01480000
vn -0.57510000 -0.02260000 0.81780000
vn -0.80300000 -0.03140000 0.59520000
vn -0.99920000 -0.04050000 -0.00010000
vn -0.43970000 -0.07630000 0.89490000
vn -0.98510000 -0.17170000 -0.00040000
vn 0.13500000 0.02700000 0.99050000
vn -0.42580000 -0.01060000 0.90480000
vn 0.12730000 0.00160000 0.99190000
vn -0.54440000 -0.10090000 0.83270000
vn -0.57510000 -0.02260000 0.81780000
vn -0.47490000 -0.30750000 0.82460000
vn -0.90460000 -0.42620000 0.00010000
vn -0.35200000 -0.22060000 0.90960000
vn -0.40960000 -0.19310000 0.89160000
vn -0.90460000 -0.42640000 -0.00010000
vn -0.83940000 -0.54350000 -0.00000000
vn -0.32150000 -0.94690000 -0.00000000
vn -0.10770000 -0.54640000 0.83060000
vn -0.19440000 -0.98090000 0.00010000
vn -0.08720000 -0.41480000 0.90570000
vn -0.32150000 -0.94690000 -0.00010000
vn -0.14060000 -0.41170000 0.90040000
vn 0.07280000 -0.99730000 -0.00010000
vn 0.20590000 -0.97860000 -0.00000000
vn 0.11360000 -0.54300000 0.83200000
vn 0.11090000 -0.53290000 0.83890000
vn 0.07260000 -0.99740000 0.00010000
vn 0.04110000 -0.56440000 0.82450000
vn 0.93190000 0.36280000 0.00090000
vn 0.87360000 0.48670000 -0.00170000
vn 0.93070000 0.36590000 -0.00200000
vn 0.62240000 0.34170000 0.70410000
vn 0.66850000 0.26550000 0.69470000
vn -0.06520000 -0.02410000 0.99760000
vn 0.66850000 0.26550000 0.69470000
vn 0.48530000 0.27250000 0.83080000
vn -0.11260000 -0.06430000 0.99160000
vn 0.62240000 0.34170000 0.70410000
vn -0.06330000 -0.03510000 0.99740000
vn 0.50570000 0.19440000 0.84050000
vn 0.34770000 0.44620000 0.82460000
vn 0.27660000 0.34660000 0.89630000
vn 0.32430000 0.31750000 0.89110000
vn 0.71480000 0.69940000 0.00010000
vn 0.61460000 0.78880000 -0.00000000
vn 0.71460000 0.69950000 -0.00010000
vn -0.00100000 -0.07300000 0.99730000
vn 0.00080000 -0.13570000 0.99080000
vn 0.00030000 0.54510000 0.83830000
vn 0.07180000 0.56090000 0.82470000
vn 0.06130000 0.43890000 0.89640000
vn -0.01950000 -0.12680000 0.99170000
vn 0.07180000 0.56090000 0.82470000
vn 0.25840000 0.96600000 -0.00010000
vn 0.25860000 0.96600000 0.00010000
vn 0.11750000 0.43920000 0.89070000
vn 0.06130000 0.43890000 0.89640000
vn 0.12690000 0.99190000 -0.00000000
vn 0.12690000 0.99190000 -0.00000000
vn -0.00510000 1.00000000 -0.00070000
vn 0.00030000 0.54510000 0.83830000
vn -0.00490000 1.00000000 -0.00080000
vn 0.07180000 0.56090000 0.82470000
vn -0.00760000 0.71710000 0.69690000
vn 0.12640000 0.99200000 -0.00040000
vn -0.07990000 0.55080000 0.83080000
vn 0.01050000 -0.07480000 0.99710000
vn -0.09460000 0.69870000 0.70910000
vn 0.01960000 -0.12830000 0.99150000
vn -0.00760000 0.71710000 0.69690000
vn -0.00100000 -0.07300000 0.99730000
vn 0.00030000 0.54510000 0.83830000
vn 0.03650000 -0.13030000 0.99080000
vn -0.07990000 0.55080000 0.83080000
vn 0.01830000 -0.07020000 0.99740000
vn 0.01960000 -0.12830000 0.99150000
vn -0.14530000 0.53160000 0.83450000
vn -0.26830000 0.96330000 0.00010000
vn -0.13860000 0.99040000 -0.00000000
vn -0.14000000 0.99020000 -0.00120000
vn -0.09460000 0.69870000 0.70910000
vn -0.07990000 0.55080000 0.83080000
vn -0.19810000 0.69550000 0.69060000
vn -0.14530000 0.53160000 0.83450000
vn -0.00510000 1.00000000 -0.00070000
vn -0.14000000 0.99020000 -0.00120000
vn -0.00760000 0.71710000 0.69690000
vn -0.09460000 0.69870000 0.70910000
vn -0.14530000 0.53160000 0.83450000
vn -0.27710000 0.65060000 0.70710000
vn 0.05250000 -0.11760000 0.99170000
vn 0.03000000 -0.06970000 0.99710000
vn -0.22600000 0.51780000 0.82510000
vn -0.19810000 0.69550000 0.69060000
vn 0.01830000 -0.07020000 0.99740000
vn -0.39750000 0.91760000 -0.00110000
vn -0.27000000 0.96290000 -0.00150000
vn -0.27710000 0.65060000 0.70710000
vn -0.26830000 0.96330000 0.00010000
vn -0.19810000 0.69550000 0.69060000
vn -0.22600000 0.51780000 0.82510000
vn 0.05250000 -0.11760000 0.99170000
vn 0.07380000 -0.11640000 0.99050000
vn -0.28430000 0.46230000 0.83990000
vn -0.51550000 0.85690000 -0.00000000
vn -0.22600000 0.51780000 0.82510000
vn -0.27710000 0.65060000 0.70710000
vn -0.39640000 0.91810000 -0.00010000
vn -0.39750000 0.91760000 -0.00110000
vn -0.22420000 0.37410000 0.89990000
vn -0.28430000 0.46230000 0.83990000
vn -0.51560000 0.85690000 -0.00010000
vn -0.34780000 0.43490000 0.83060000
vn -0.62360000 0.78180000 0.00010000
vn -0.22420000 0.37410000 0.89990000
vn -0.51550000 0.85690000 -0.00000000
vn -0.25990000 0.33390000 0.90610000
vn -0.39790000 0.38110000 0.83450000
vn -0.40240000 0.38510000 0.83050000
vn 0.11310000 -0.07790000 0.99050000
vn 0.09310000 -0.08910000 0.99170000
vn -0.44930000 0.31860000 0.83460000
vn -0.34940000 0.25420000 0.90180000
vn -0.40240000 0.38510000 0.83050000
vn -0.44930000 0.31860000 0.83460000
vn -0.72250000 0.69140000 -0.00000000
vn -0.72250000 0.69140000 0.00010000
vn -0.80850000 0.58850000 0.00010000
vn -0.34940000 0.25420000 0.90180000
vn -0.49790000 0.26850000 0.82460000
vn -0.80850000 0.58850000 0.00010000
vn -0.80860000 0.58830000 -0.00010000
vn -0.38450000 0.21350000 0.89810000
vn -0.88000000 0.47490000 -0.00000000
vn -0.47490000 -0.30750000 0.82460000
vn 0.10870000 0.06620000 0.99190000
vn -0.35200000 -0.22060000 0.90960000
vn -0.40870000 -0.35730000 0.83990000
vn 0.10250000 0.09230000 0.99040000
vn -0.83930000 -0.54360000 -0.00010000
vn -0.75920000 -0.65080000 -0.00000000
vn -0.83940000 -0.54350000 -0.00000000
vn -0.33330000 -0.28480000 0.89880000
vn -0.47490000 -0.30750000 0.82460000
vn -0.40870000 -0.35730000 0.83990000
vn -0.37110000 -0.41530000 0.83060000
vn -0.75920000 -0.65080000 -0.00000000
vn -0.28480000 -0.31060000 0.90690000
vn -0.33330000 -0.28480000 0.89880000
vn -0.66720000 -0.74490000 0.00010000
vn -0.75920000 -0.65090000 -0.00010000
vn -0.18980000 -0.36760000 0.91040000
vn 0.04120000 0.13160000 0.99040000
vn 0.05980000 0.11240000 0.99190000
vn -0.25180000 -0.50640000 0.82470000
vn -0.16940000 -0.51550000 0.83990000
vn -0.25180000 -0.50640000 0.82470000
vn -0.25440000 -0.37530000 0.89130000
vn -0.44520000 -0.89540000 -0.00000000
vn -0.56100000 -0.82780000 -0.00010000
vn -0.56110000 -0.82770000 0.00010000
vn -0.18980000 -0.36760000 0.91040000
vn -0.16940000 -0.51550000 0.83990000
vn -0.25180000 -0.50640000 0.82470000
vn -0.14060000 -0.41170000 0.90040000
vn -0.44510000 -0.89550000 -0.00010000
vn -0.32150000 -0.94690000 -0.00000000
vn -0.44520000 -0.89540000 -0.00000000
vn -0.02620000 0.12560000 0.99170000
vn 0.18540000 -0.50780000 0.84130000
vn 0.11090000 -0.53290000 0.83890000
vn 0.11360000 -0.54300000 0.83200000
vn -0.04900000 0.12890000 0.99050000
vn 0.33260000 -0.94310000 0.00010000
vn 0.20600000 -0.97860000 -0.00010000
vn 0.20590000 -0.97860000 -0.00000000
vn 0.11360000 -0.54300000 0.83200000
vn 0.14960000 -0.42210000 0.89410000
vn 0.18540000 -0.50780000 0.84130000
vn 0.33270000 -0.94300000 -0.00000000
vn 0.45570000 -0.89010000 0.00010000
vn 0.25380000 -0.49590000 0.83050000
vn 0.33260000 -0.94310000 0.00010000
vn 0.18940000 -0.38200000 0.90450000
vn 0.14960000 -0.42210000 0.89410000
vn 0.29650000 -0.32360000 0.89860000
vn 0.27780000 -0.30530000 0.91080000
vn 0.67560000 -0.73730000 -0.00000000
vn 0.57090000 -0.82100000 -0.00010000
vn 0.57070000 -0.82110000 0.00010000
vn 0.25810000 -0.37120000 0.89200000
vn 0.42560000 -0.35580000 0.83200000
vn 0.33040000 -0.28270000 0.90050000
vn 0.67560000 -0.73730000 -0.00000000
vn 0.76810000 -0.64040000 0.00080000
vn 0.67590000 -0.73700000 -0.00040000
vn 0.29650000 -0.32360000 0.89860000
vn 0.76680000 -0.64180000 -0.00080000
vn 0.42560000 -0.35580000 0.83200000
vn 0.33040000 -0.28270000 0.90050000
vn -0.09620000 0.08470000 0.99180000
vn -0.11460000 0.07230000 0.99080000
vn -0.10920000 0.06910000 0.99160000
vn 0.45770000 -0.28920000 0.84080000
vn -0.12540000 0.05400000 0.99060000
vn 0.45770000 -0.28920000 0.84080000
vn 0.47120000 -0.29680000 0.83060000
vn 0.50320000 -0.22410000 0.83460000
vn -0.10920000 0.06910000 0.99160000
vn 0.47120000 -0.29680000 0.83060000
vn 0.42560000 -0.35580000 0.83200000
vn 0.45770000 -0.28920000 0.84080000
vn 0.76810000 -0.64040000 0.00080000
vn 0.84550000 -0.53400000 0.00040000
vn 0.47120000 -0.29680000 0.83060000
vn 0.41390000 -0.18910000 0.89050000
vn 0.50320000 -0.22410000 0.83460000
vn 0.84570000 -0.53360000 -0.00000000
vn 0.84550000 -0.53400000 0.00040000
vn 0.90950000 -0.41570000 0.00010000
vn 0.41390000 -0.18910000 0.89050000
vn 0.90950000 -0.41570000 0.00010000
vn 0.54140000 -0.16410000 0.82460000
vn 0.95700000 -0.29010000 -0.00000000
vn 0.90960000 -0.41550000 -0.00010000
vn 0.42160000 -0.13330000 0.89690000
vn 0.53710000 -0.08800000 0.83890000
vn 0.54140000 -0.16410000 0.82460000
vn -0.13400000 0.02180000 0.99070000
vn -0.12740000 0.02090000 0.99160000
vn -0.12140000 0.04030000 0.99180000
vn 0.42160000 -0.13330000 0.89690000
vn -0.12910000 0.00370000 0.99160000
vn 0.54110000 -0.01550000 0.84080000
vn 0.53710000 -0.08800000 0.83890000
vn 0.54750000 -0.08920000 0.83200000
vn -0.13550000 0.00370000 0.99080000
vn -0.12740000 0.02090000 0.99160000
vn 0.95700000 -0.29010000 -0.00000000
vn 0.98720000 -0.15960000 -0.00000000
vn 0.54750000 -0.08920000 0.83200000
vn 0.95700000 -0.29000000 -0.00010000
vn 0.54140000 -0.16410000 0.82460000
vn 0.53710000 -0.08800000 0.83890000
vn 0.54750000 -0.08920000 0.83200000
vn 0.99960000 -0.02850000 0.00010000
vn 0.98720000 -0.15960000 -0.00000000
vn 0.54110000 -0.01550000 0.84080000
vn 0.55670000 -0.01530000 0.83060000
vn 0.98720000 -0.15950000 -0.00010000
vn 0.53890000 0.13160000 0.83200000
vn -0.12430000 -0.02690000 0.99190000
vn -0.06520000 -0.02410000 0.99760000
vn -0.12670000 -0.04970000 0.99070000
vn 0.50570000 0.19440000 0.84050000
vn 0.40290000 0.09230000 0.91060000
vn 0.99440000 0.10590000 0.00010000
vn 0.99440000 0.10610000 -0.00010000
vn 0.40290000 0.09230000 0.91060000
vn 0.53890000 0.13160000 0.83200000
vn 0.97110000 0.23850000 -0.00000000
vn 0.45120000 0.04810000 0.89110000
vn 0.50570000 0.19440000 0.84050000
vn 0.66850000 0.26550000 0.69470000
vn 0.53890000 0.13160000 0.83200000
vn 0.93190000 0.36280000 0.00090000
vn 0.97110000 0.23850000 -0.00000000
vn 0.97120000 0.23820000 0.00020000
vn -0.08130000 -0.09880000 0.99180000
vn 0.27660000 0.34660000 0.89630000
vn 0.34770000 0.44620000 0.82460000
vn -0.06850000 -0.11730000 0.99070000
vn 0.27510000 0.46960000 0.83890000
vn -0.06530000 -0.11130000 0.99160000
vn 0.27510000 0.46960000 0.83890000
vn -0.05210000 -0.12510000 0.99080000
vn 0.28000000 0.47880000 0.83210000
vn -0.06530000 -0.11130000 0.99160000
vn 0.20900000 0.49950000 0.84070000
vn -0.04980000 -0.11900000 0.99160000
vn 0.50370000 0.86390000 0.00080000
vn 0.61430000 0.78910000 -0.00040000
vn 0.34770000 0.44620000 0.82460000
vn 0.27510000 0.46960000 0.83890000
vn 0.50540000 0.86290000 -0.00080000
vn 0.28000000 0.47880000 0.83210000
vn 0.61460000 0.78880000 -0.00000000
vn 0.21440000 0.51400000 0.83060000
vn 0.20900000 0.49950000 0.84070000
vn 0.50370000 0.86390000 0.00080000
vn 0.38590000 0.92250000 0.00040000
vn 0.28000000 0.47880000 0.83210000
vn -0.25990000 0.33390000 0.90610000
vn 0.09310000 -0.08910000 0.99170000
vn -0.39790000 0.38110000 0.83450000
vn 0.07730000 -0.10260000 0.99170000
vn -0.34780000 0.43490000 0.83060000
vn 0.09780000 -0.09350000 0.99080000
vn -0.62360000 0.78170000 -0.00000000
vn -0.34780000 0.43490000 0.83060000
vn -0.39790000 0.38110000 0.83450000
vn -0.72250000 0.69140000 0.00010000
vn -0.62360000 0.78180000 0.00010000
vn -0.40240000 0.38510000 0.83050000
vn -0.80300000 -0.03140000 0.59520000
vn -0.99960000 0.02930000 0.00050000
vn -0.99820000 -0.05750000 -0.01480000
vn -0.28480000 -0.31060000 0.90690000
vn -0.30440000 -0.45910000 0.83460000
vn 0.07410000 0.11460000 0.99070000
vn 0.08810000 0.09350000 0.99170000
vn -0.37110000 -0.41530000 0.83060000
vn -0.25440000 -0.37530000 0.89130000
vn -0.30440000 -0.45910000 0.83460000
vn -0.37110000 -0.41530000 0.83060000
vn -0.56110000 -0.82770000 0.00010000
vn -0.66710000 -0.74500000 -0.00000000
vn -0.66720000 -0.74490000 0.00010000
vn 0.25380000 -0.49590000 0.83050000
vn 0.18940000 -0.38200000 0.90450000
vn -0.05520000 0.11580000 0.99170000
vn 0.31900000 -0.44910000 0.83460000
vn -0.08030000 0.11040000 0.99060000
vn 0.45570000 -0.89010000 -0.00000000
vn 0.57070000 -0.82110000 0.00010000
vn 0.45570000 -0.89010000 0.00010000
vn 0.25380000 -0.49590000 0.83050000
vn 0.31900000 -0.44910000 0.83460000
vn 0.25810000 -0.37120000 0.89200000
vn 0.54110000 -0.01550000 0.84080000
vn 0.54710000 0.06390000 0.83460000
vn 0.55670000 -0.01530000 0.83060000
vn -0.12910000 0.00370000 0.99160000
vn -0.13540000 -0.01740000 0.99060000
vn 0.45120000 0.04810000 0.89110000
vn 0.99960000 -0.02850000 -0.00000000
vn 0.99440000 0.10590000 0.00010000
vn 0.54710000 0.06390000 0.83460000
vn 0.55670000 -0.01530000 0.83060000
vn 0.99960000 -0.02850000 0.00010000
vn 0.21440000 0.51400000 0.83060000
vn -0.03230000 -0.13270000 0.99060000
vn -0.04980000 -0.11900000 0.99160000
vn 0.13720000 0.53350000 0.83460000
vn 0.20900000 0.49950000 0.84070000
vn 0.13720000 0.53350000 0.83460000
vn 0.38590000 0.92250000 0.00040000
vn 0.38550000 0.92270000 -0.00000000
vn 0.25860000 0.96600000 0.00010000
vn 0.11750000 0.43920000 0.89070000
vn 0.21440000 0.51400000 0.83060000
vn -0.75920000 -0.65080000 -0.00000000
vn -0.75920000 -0.65090000 -0.00010000
vn -0.83930000 -0.54360000 -0.00010000
vn -0.42270000 -0.36170000 -0.83100000
vn -0.46180000 -0.29940000 -0.83490000
vn -0.46700000 -0.30250000 -0.83090000
vn -0.36910000 -0.41330000 -0.83240000
vn -0.42270000 -0.36170000 -0.83100000
vn -0.75920000 -0.65090000 -0.00010000
vn -0.66710000 -0.74500000 -0.00000000
vn -0.66720000 -0.74490000 0.00010000
vn -0.41040000 -0.35220000 -0.84110000
vn -0.24210000 -0.35720000 -0.90210000
vn -0.66710000 -0.74500000 -0.00000000
vn -0.56110000 -0.82770000 0.00010000
vn -0.28960000 -0.33170000 -0.89780000
vn -0.56100000 -0.82780000 -0.00010000
vn -0.36910000 -0.41330000 -0.83240000
vn -0.56100000 -0.82780000 -0.00010000
vn -0.18540000 -0.37280000 -0.90920000
vn -0.44510000 -0.89550000 -0.00010000
vn -0.24880000 -0.36580000 -0.89680000
vn -0.24210000 -0.35720000 -0.90210000
vn -0.44520000 -0.89540000 -0.00000000
vn -0.18540000 -0.37280000 -0.90920000
vn -0.18800000 -0.37750000 -0.90670000
vn -0.32150000 -0.94690000 -0.00010000
vn -0.32150000 -0.94690000 -0.00000000
vn -0.14530000 -0.42590000 -0.89310000
vn -0.44510000 -0.89550000 -0.00010000
vn 0.14650000 -0.41300000 -0.89890000
vn 0.33260000 -0.94310000 0.00010000
vn 0.20600000 -0.97860000 -0.00010000
vn 0.09160000 -0.41080000 -0.90710000
vn 0.33270000 -0.94300000 -0.00000000
vn 0.11400000 -0.54450000 -0.83100000
vn 0.45570000 -0.89010000 -0.00000000
vn 0.45570000 -0.89010000 0.00010000
vn 0.25770000 -0.50320000 -0.82480000
vn 0.14650000 -0.41300000 -0.89890000
vn 0.17560000 -0.51330000 -0.84010000
vn 0.33270000 -0.94300000 -0.00000000
vn 0.25770000 -0.50320000 -0.82480000
vn 0.19470000 -0.36660000 -0.90980000
vn 0.25820000 -0.37160000 -0.89180000
vn 0.57070000 -0.82110000 0.00010000
vn 0.57090000 -0.82100000 -0.00010000
vn 0.45570000 -0.89010000 -0.00000000
vn 0.30950000 -0.45480000 -0.83510000
vn 0.67590000 -0.73700000 -0.00040000
vn 0.67560000 -0.73730000 -0.00000000
vn 0.25820000 -0.37160000 -0.89180000
vn 0.57090000 -0.82100000 -0.00010000
vn 0.37560000 -0.41030000 -0.83100000
vn 0.67590000 -0.73700000 -0.00040000
vn 0.37560000 -0.41030000 -0.83100000
vn 0.33890000 -0.28270000 -0.89730000
vn 0.76680000 -0.64180000 -0.00080000
vn 0.28660000 -0.30510000 -0.90820000
vn 0.33890000 -0.28270000 -0.89730000
vn 0.47830000 -0.30170000 -0.82480000
vn 0.76680000 -0.64180000 -0.00080000
vn 0.76810000 -0.64040000 0.00080000
vn 0.84570000 -0.53360000 -0.00000000
vn 0.84550000 -0.53400000 0.00040000
vn 0.41290000 -0.35200000 -0.84000000
vn 0.84570000 -0.53360000 -0.00000000
vn 0.90950000 -0.41570000 0.00010000
vn 0.90960000 -0.41550000 -0.00010000
vn 0.37780000 -0.23230000 -0.89630000
vn 0.41300000 -0.18880000 -0.89090000
vn 0.47830000 -0.30170000 -0.82480000
vn 0.90960000 -0.41550000 -0.00010000
vn 0.49820000 -0.23350000 -0.83500000
vn 0.95700000 -0.29000000 -0.00010000
vn 0.95700000 -0.29010000 -0.00000000
vn 0.41300000 -0.18880000 -0.89090000
vn 0.53240000 -0.16140000 -0.83090000
vn 0.44260000 -0.07220000 -0.89380000
vn 0.98720000 -0.15950000 -0.00010000
vn 0.95700000 -0.29000000 -0.00010000
vn 0.53240000 -0.16140000 -0.83090000
vn 0.40860000 -0.11810000 -0.90500000
vn 0.98720000 -0.15960000 -0.00000000
vn 0.55380000 -0.01510000 -0.83250000
vn 0.53200000 -0.09190000 -0.84170000
vn 0.99960000 -0.02850000 0.00010000
vn 0.44260000 -0.07220000 -0.89380000
vn 0.98720000 -0.15950000 -0.00010000
vn 0.99960000 -0.02850000 -0.00000000
vn 0.99440000 0.10610000 -0.00010000
vn 0.55380000 -0.01510000 -0.83250000
vn 0.99440000 0.10590000 0.00010000
vn 0.54390000 -0.01440000 -0.83900000
vn 0.99960000 -0.02850000 -0.00000000
vn 0.56240000 0.05990000 -0.82470000
vn 0.56240000 0.05990000 -0.82470000
vn 0.99440000 0.10610000 -0.00010000
vn 0.54730000 0.05890000 -0.83490000
vn 0.97120000 0.23820000 0.00020000
vn 0.54040000 0.13250000 -0.83090000
vn 0.97110000 0.23850000 -0.00000000
vn 0.93070000 0.36590000 -0.00200000
vn 0.53450000 0.13140000 -0.83490000
vn 0.93190000 0.36280000 0.00090000
vn 0.51800000 0.20300000 -0.83100000
vn 0.54040000 0.13250000 -0.83090000
vn 0.97120000 0.23820000 0.00020000
vn 0.22080000 0.37840000 -0.89890000
vn 0.50540000 0.86290000 -0.00080000
vn 0.61430000 0.78910000 -0.00040000
vn 0.27810000 0.35610000 -0.89210000
vn 0.24500000 0.31810000 -0.91590000
vn 0.22080000 0.37840000 -0.89890000
vn 0.21780000 0.52140000 -0.82500000
vn 0.38590000 0.92250000 0.00040000
vn 0.50370000 0.86390000 0.00080000
vn 0.38550000 0.92270000 -0.00000000
vn 0.50540000 0.86290000 -0.00080000
vn 0.27850000 0.46520000 -0.84030000
vn 0.11680000 0.43660000 -0.89200000
vn 0.21780000 0.52140000 -0.82500000
vn 0.15430000 0.38540000 -0.90970000
vn 0.38550000 0.92270000 -0.00000000
vn 0.25860000 0.96600000 0.00010000
vn 0.25840000 0.96600000 -0.00010000
vn 0.11680000 0.43660000 -0.89200000
vn 0.10680000 0.40600000 -0.90760000
vn 0.05800000 0.44930000 -0.89150000
vn 0.12640000 0.99200000 -0.00040000
vn 0.25840000 0.96600000 -0.00010000
vn 0.12690000 0.99190000 -0.00000000
vn 0.07380000 0.53490000 -0.84170000
vn 0.05800000 0.44930000 -0.89150000
vn 0.12640000 0.99200000 -0.00040000
vn -0.00490000 1.00000000 -0.00080000
vn -0.00340000 0.55400000 -0.83250000
vn -0.00490000 1.00000000 -0.00080000
vn -0.14000000 0.99020000 -0.00120000
vn -0.06050000 0.43280000 -0.89940000
vn -0.00340000 0.55400000 -0.83250000
vn -0.00510000 1.00000000 -0.00070000
vn -0.13860000 0.99040000 -0.00000000
vn -0.00800000 0.42780000 -0.90390000
vn -0.13860000 0.99040000 -0.00000000
vn -0.27000000 0.96290000 -0.00150000
vn -0.06050000 0.43280000 -0.89940000
vn -0.26830000 0.96330000 0.00010000
vn -0.12190000 0.43510000 -0.89210000
vn -0.05860000 0.40910000 -0.91060000
vn -0.39750000 0.91760000 -0.00110000
vn -0.12190000 0.43510000 -0.89210000
vn -0.14310000 0.53120000 -0.83500000
vn -0.22050000 0.51080000 -0.83090000
vn -0.27000000 0.96290000 -0.00150000
vn -0.39640000 0.91810000 -0.00010000
vn -0.51550000 0.85690000 -0.00000000
vn -0.23100000 0.38530000 -0.89340000
vn -0.17340000 0.38780000 -0.90530000
vn -0.22050000 0.51080000 -0.83090000
vn -0.51560000 0.85690000 -0.00010000
vn -0.39640000 0.91810000 -0.00010000
vn -0.62360000 0.78170000 -0.00000000
vn -0.51560000 0.85690000 -0.00010000
vn -0.34610000 0.43270000 -0.83250000
vn -0.62360000 0.78180000 0.00010000
vn -0.23100000 0.38530000 -0.89340000
vn -0.27340000 0.46580000 -0.84160000
vn -0.40830000 0.39060000 -0.82510000
vn -0.62360000 0.78170000 -0.00000000
vn -0.34610000 0.43270000 -0.83250000
vn -0.72250000 0.69140000 -0.00000000
vn -0.72250000 0.69140000 0.00010000
vn -0.33990000 0.42430000 -0.83930000
vn -0.36680000 0.26710000 -0.89110000
vn -0.80850000 0.58850000 0.00010000
vn -0.80860000 0.58830000 -0.00010000
vn -0.72250000 0.69140000 -0.00000000
vn -0.30300000 0.28120000 -0.91060000
vn -0.40830000 0.39060000 -0.82510000
vn -0.88000000 0.47490000 -0.00000000
vn -0.80860000 0.58830000 -0.00010000
vn -0.48940000 0.26450000 -0.83100000
vn -0.88030000 0.47450000 -0.00040000
vn -0.36680000 0.26710000 -0.89110000
vn -0.44160000 0.32820000 -0.83500000
vn -0.96690000 0.08700000 -0.23970000
vn -0.40530000 0.08790000 -0.91000000
vn -0.97280000 0.23110000 0.01740000
vn -0.45070000 0.04260000 -0.89160000
vn 0.12480000 -0.02530000 -0.99190000
vn -0.41960000 0.03790000 -0.90690000
vn -0.45300000 -0.01760000 -0.89130000
vn -0.99880000 -0.04520000 0.01890000
vn -0.95780000 0.08380000 -0.27490000
vn -0.96690000 0.08700000 -0.23970000
vn -0.40060000 -0.01830000 -0.91610000
vn -0.41960000 0.03790000 -0.90690000
vn -0.99820000 -0.05750000 -0.01480000
vn -0.99960000 0.02930000 0.00050000
vn -0.99920000 -0.04050000 -0.00010000
vn -0.45300000 -0.01760000 -0.89130000
vn -0.41960000 0.03790000 -0.90690000
vn -0.45070000 0.04260000 -0.89160000
vn -0.99560000 0.09420000 -0.00020000
vn -0.40530000 0.08790000 -0.91000000
vn -0.55070000 0.12820000 -0.82480000
vn -0.97400000 0.22660000 -0.00000000
vn -0.45070000 0.04260000 -0.89160000
vn -0.99560000 0.09420000 -0.00020000
vn -0.99550000 0.09450000 0.00010000
vn 0.12320000 0.04240000 -0.99150000
vn -0.84520000 -0.41050000 -0.34230000
vn 0.12480000 0.05530000 -0.99060000
vn -0.95550000 -0.29320000 0.03300000
vn -0.42090000 -0.13850000 -0.89650000
vn -0.50000000 -0.22970000 -0.83500000
vn -0.41080000 -0.19360000 -0.89090000
vn -0.50000000 -0.22970000 -0.83500000
vn -0.46700000 -0.30250000 -0.83090000
vn -0.46180000 -0.29940000 -0.83490000
vn 0.10840000 0.07020000 -0.99160000
vn 0.12480000 0.05530000 -0.99060000
vn -0.50000000 -0.22970000 -0.83500000
vn -0.83940000 -0.54350000 -0.00000000
vn -0.41080000 -0.19360000 -0.89090000
vn -0.90460000 -0.42640000 -0.00010000
vn -0.46700000 -0.30250000 -0.83090000
vn -0.83930000 -0.54360000 -0.00010000
vn -0.90460000 -0.42620000 0.00010000
vn -0.90460000 -0.42640000 -0.00010000
vn -0.53920000 -0.17040000 -0.82480000
vn -0.41080000 -0.19360000 -0.89090000
vn -0.42090000 -0.13850000 -0.89650000
vn -0.95350000 -0.30130000 -0.00000000
vn 0.00430000 0.12710000 -0.99190000
vn -0.01920000 -0.41340000 -0.91040000
vn -0.00690000 0.13640000 -0.99060000
vn 0.03450000 -0.54920000 -0.83500000
vn 0.08270000 -0.97810000 -0.19120000
vn 0.03290000 -0.45210000 -0.89130000
vn -0.06610000 -0.99740000 -0.02750000
vn -0.02980000 0.12500000 -0.99170000
vn 0.03450000 -0.54920000 -0.83500000
vn -0.00690000 0.13640000 -0.99060000
vn 0.11400000 -0.54450000 -0.83100000
vn 0.09160000 -0.41080000 -0.90710000
vn 0.20600000 -0.97860000 -0.00010000
vn 0.11400000 -0.54450000 -0.83100000
vn 0.07280000 -0.99730000 -0.00010000
vn 0.03290000 -0.45210000 -0.89130000
vn 0.20590000 -0.97860000 -0.00000000
vn 0.03450000 -0.54920000 -0.83500000
vn -0.03480000 -0.56430000 -0.82480000
vn -0.06150000 -0.99810000 -0.00000000
vn 0.07280000 -0.99730000 -0.00010000
vn -0.01920000 -0.41340000 -0.91040000
vn 0.07260000 -0.99740000 0.00010000
vn 0.03290000 -0.45210000 -0.89130000
vn 0.80020000 0.59960000 -0.01520000
vn 0.32880000 0.24660000 -0.91160000
vn 0.69540000 0.68680000 -0.21140000
vn 0.29900000 0.29510000 -0.90750000
vn 0.32380000 0.31690000 -0.89150000
vn 0.69540000 0.68680000 -0.21140000
vn 0.67540000 0.67540000 -0.29620000
vn 0.27810000 0.35610000 -0.89210000
vn 0.29900000 0.29510000 -0.90750000
vn 0.24500000 0.31810000 -0.91590000
vn 0.61010000 0.79150000 0.03560000
vn 0.27810000 0.35610000 -0.89210000
vn 0.61430000 0.78910000 -0.00040000
vn 0.61460000 0.78880000 -0.00000000
vn 0.32380000 0.31690000 -0.89150000
vn 0.29900000 0.29510000 -0.90750000
vn 0.71460000 0.69950000 -0.00010000
vn 0.71460000 0.69950000 -0.00010000
vn 0.80190000 0.59740000 -0.00000000
vn 0.34850000 0.25950000 -0.90070000
vn 0.32880000 0.24660000 -0.91160000
vn 0.32380000 0.31690000 -0.89150000
vn 0.71480000 0.69940000 0.00010000
vn 0.12480000 -0.02530000 -0.99190000
vn 0.12780000 -0.05200000 -0.99040000
vn -0.50530000 0.19740000 -0.84000000
vn -0.55070000 0.12820000 -0.82480000
vn -0.40530000 0.08790000 -0.91000000
vn -0.97400000 0.22660000 -0.00000000
vn -0.40890000 0.15440000 -0.89940000
vn -0.50530000 0.19740000 -0.84000000
vn -0.55070000 0.12820000 -0.82480000
vn -0.93490000 0.35480000 -0.00080000
vn -0.97390000 0.22710000 0.00040000
vn -0.93560000 0.35300000 0.00080000
vn -0.53540000 -0.08780000 -0.84000000
vn 0.12320000 0.04240000 -0.99150000
vn 0.13830000 0.02100000 -0.99020000
vn -0.53920000 -0.17040000 -0.82480000
vn -0.42090000 -0.13850000 -0.89650000
vn -0.98520000 -0.17120000 -0.00000000
vn -0.53540000 -0.08780000 -0.84000000
vn -0.43250000 -0.07590000 -0.89840000
vn -0.95350000 -0.30130000 0.00010000
vn -0.95350000 -0.30130000 -0.00000000
vn -0.53920000 -0.17040000 -0.82480000
vn 0.00430000 0.12710000 -0.99190000
vn -0.03480000 -0.56430000 -0.82480000
vn 0.02640000 0.13370000 -0.99070000
vn -0.01920000 -0.41340000 -0.91040000
vn 0.02470000 0.12610000 -0.99170000
vn -0.10460000 -0.53390000 -0.83900000
vn -0.10700000 -0.54360000 -0.83250000
vn -0.06150000 -0.99810000 -0.00000000
vn -0.06160000 -0.99810000 0.00010000
vn -0.19430000 -0.98090000 -0.00000000
vn -0.10460000 -0.53390000 -0.83900000
vn -0.03480000 -0.56430000 -0.82480000
vn 0.75400000 0.52790000 -0.39080000
vn 0.34850000 0.25950000 -0.90070000
vn 0.32880000 0.24660000 -0.91160000
vn 0.80020000 0.59960000 -0.01520000
vn -0.11040000 -0.06530000 -0.99170000
vn 0.37990000 0.21700000 -0.89920000
vn 0.86980000 0.47440000 0.13570000
vn 0.87460000 0.48490000 -0.00000000
vn 0.80190000 0.59740000 0.00010000
vn 0.48430000 0.26920000 -0.83250000
vn 0.34850000 0.25950000 -0.90070000
vn 0.37990000 0.21700000 -0.89920000
vn 0.80190000 0.59740000 -0.00000000
vn 0.12780000 -0.05200000 -0.99040000
vn -0.37350000 0.19580000 -0.90670000
vn 0.11470000 -0.05800000 -0.99170000
vn -0.92640000 0.34160000 0.15850000
vn -0.86690000 0.47530000 0.15020000
vn -0.81270000 0.37900000 -0.44260000
vn -0.50530000 0.19740000 -0.84000000
vn -0.40890000 0.15440000 -0.89940000
vn -0.93490000 0.35480000 -0.00080000
vn -0.40890000 0.15440000 -0.89940000
vn -0.88030000 0.47450000 -0.00040000
vn -0.37350000 0.19580000 -0.90670000
vn -0.48940000 0.26450000 -0.83100000
vn -0.99880000 -0.04520000 0.01890000
vn -0.43250000 -0.07590000 -0.89840000
vn -0.90620000 -0.07930000 -0.41540000
vn -0.97200000 -0.17930000 0.15160000
vn -0.53540000 -0.08780000 -0.84000000
vn 0.13830000 0.02100000 -0.99020000
vn -0.40060000 -0.01830000 -0.91610000
vn -0.45300000 -0.01760000 -0.89130000
vn -0.98520000 -0.17120000 -0.00000000
vn -0.40060000 -0.01830000 -0.91610000
vn -0.43250000 -0.07590000 -0.89840000
vn -0.98510000 -0.17170000 -0.00040000
vn -0.99920000 -0.04050000 -0.00010000
vn 0.04740000 0.12930000 -0.99050000
vn 0.02640000 0.13370000 -0.99070000
vn 0.02470000 0.12610000 -0.99170000
vn -0.24300000 -0.90700000 -0.34380000
vn -0.31120000 -0.94420000 0.10790000
vn -0.19000000 -0.96330000 0.18980000
vn -0.10700000 -0.54360000 -0.83250000
vn -0.17900000 -0.50950000 -0.84170000
vn 0.02470000 0.12610000 -0.99170000
vn -0.10460000 -0.53390000 -0.83900000
vn 0.04740000 0.12930000 -0.99050000
vn -0.14530000 -0.42590000 -0.89310000
vn -0.17900000 -0.50950000 -0.84170000
vn -0.19440000 -0.98090000 0.00010000
vn -0.19430000 -0.98090000 -0.00000000
vn -0.10700000 -0.54360000 -0.83250000
vn -0.32150000 -0.94690000 -0.00010000
vn 0.86980000 0.47440000 0.13570000
vn -0.12630000 -0.04950000 -0.99080000
vn -0.11040000 -0.06530000 -0.99170000
vn 0.91570000 0.35890000 0.18090000
vn 0.85120000 0.39690000 -0.34340000
vn 0.50320000 0.19790000 -0.84120000
vn -0.12030000 -0.04730000 -0.99160000
vn -0.11040000 -0.06530000 -0.99170000
vn -0.12630000 -0.04950000 -0.99080000
vn 0.48430000 0.26920000 -0.83250000
vn 0.37990000 0.21700000 -0.89920000
vn 0.87460000 0.48490000 -0.00000000
vn 0.50320000 0.19790000 -0.84120000
vn 0.51800000 0.20300000 -0.83100000
vn 0.87360000 0.48670000 -0.00170000
vn 0.93070000 0.36590000 -0.00200000
vn 0.48430000 0.26920000 -0.83250000
vn 0.25200000 0.94070000 -0.22730000
vn 0.07380000 0.53490000 -0.84170000
vn 0.24250000 0.92310000 -0.29850000
vn -0.01580000 -0.10090000 -0.99480000
vn 0.11520000 0.99330000 -0.00950000
vn 0.10680000 0.40600000 -0.90760000
vn 0.05800000 0.44930000 -0.89150000
vn 0.00990000 -0.38570000 -0.92260000
vn -0.01580000 -0.10090000 -0.99480000
vn -0.00340000 0.55400000 -0.83250000
vn -0.00800000 0.42780000 -0.90390000
vn 0.07380000 0.53490000 -0.84170000
vn 0.08190000 0.93640000 -0.34110000
vn 0.11520000 0.99330000 -0.00950000
vn -0.01400000 0.99770000 0.06700000
vn -0.01580000 -0.10090000 -0.99480000
vn 0.00990000 -0.38570000 -0.92260000
vn -0.07860000 0.89790000 -0.43320000
vn 0.00990000 -0.38570000 -0.92260000
vn -0.05860000 0.40910000 -0.91060000
vn -0.01400000 0.99770000 0.06700000
vn -0.06050000 0.43280000 -0.89940000
vn -0.00800000 0.42780000 -0.90390000
vn -0.14070000 0.98690000 0.07910000
vn -0.05860000 0.40910000 -0.91060000
vn -0.14310000 0.53120000 -0.83500000
vn -0.25690000 0.87420000 -0.41200000
vn -0.12190000 0.43510000 -0.89210000
vn 0.03400000 -0.13200000 -0.99070000
vn -0.14070000 0.98690000 0.07910000
vn -0.14310000 0.53120000 -0.83500000
vn 0.03400000 -0.13200000 -0.99070000
vn 0.05410000 -0.11630000 -0.99170000
vn -0.17340000 0.38780000 -0.90530000
vn -0.22050000 0.51080000 -0.83090000
vn -0.25690000 0.87420000 -0.41200000
vn -0.39030000 0.91950000 0.04750000
vn 0.05410000 -0.11630000 -0.99170000
vn 0.03400000 -0.13200000 -0.99070000
vn -0.25820000 0.96350000 -0.07110000
vn -0.39030000 0.91950000 0.04750000
vn -0.39090000 0.83830000 -0.38010000
vn -0.27340000 0.46580000 -0.84160000
vn 0.06810000 -0.11980000 -0.99050000
vn -0.23100000 0.38530000 -0.89340000
vn -0.51930000 0.84620000 0.11920000
vn -0.17340000 0.38780000 -0.90530000
vn 0.05410000 -0.11630000 -0.99170000
vn 0.06810000 -0.11980000 -0.99050000
vn -0.33990000 0.42430000 -0.83930000
vn -0.34610000 0.43270000 -0.83250000
vn 0.08040000 -0.10020000 -0.99170000
vn -0.27340000 0.46580000 -0.84160000
vn -0.61380000 0.76810000 0.18230000
vn -0.53870000 0.76940000 -0.34330000
vn 0.06810000 -0.11980000 -0.99050000
vn 0.08040000 -0.10020000 -0.99170000
vn -0.51930000 0.84620000 0.11920000
vn 0.08500000 -0.10660000 -0.99070000
vn 0.09440000 -0.08520000 -0.99190000
vn -0.36680000 0.26710000 -0.89110000
vn -0.44160000 0.32820000 -0.83500000
vn -0.71830000 0.69380000 -0.05190000
vn -0.30300000 0.28120000 -0.91060000
vn -0.80440000 0.57140000 -0.16220000
vn 0.10870000 -0.08290000 -0.99060000
vn -0.44160000 0.32820000 -0.83500000
vn 0.10870000 -0.08290000 -0.99060000
vn 0.11470000 -0.05800000 -0.99170000
vn -0.37350000 0.19580000 -0.90670000
vn -0.48940000 0.26450000 -0.83100000
vn -0.80440000 0.57140000 -0.16220000
vn 0.10870000 -0.08290000 -0.99060000
vn 0.11470000 -0.05800000 -0.99170000
vn -0.79420000 0.55610000 -0.24480000
vn -0.86690000 0.47530000 0.15020000
vn -0.97280000 0.23110000 0.01740000
vn 0.12780000 -0.05200000 -0.99040000
vn -0.92640000 0.34160000 0.15850000
vn -0.92180000 0.24700000 -0.29870000
vn 0.12480000 -0.02530000 -0.99190000
vn 0.12480000 0.05530000 -0.99060000
vn 0.11370000 0.07370000 -0.99080000
vn -0.89940000 -0.41940000 -0.12350000
vn 0.10840000 0.07020000 -0.99160000
vn -0.83620000 -0.54090000 0.09040000
vn -0.84520000 -0.41050000 -0.34230000
vn -0.95550000 -0.29320000 0.03300000
vn -0.97200000 -0.17930000 0.15160000
vn 0.13830000 0.02100000 -0.99020000
vn -0.91370000 -0.24490000 -0.32420000
vn 0.12320000 0.04240000 -0.99150000
vn 0.09820000 0.08420000 -0.99160000
vn -0.41040000 -0.35220000 -0.84110000
vn 0.11370000 0.07370000 -0.99080000
vn -0.46180000 -0.29940000 -0.83490000
vn 0.10840000 0.07020000 -0.99160000
vn -0.42270000 -0.36170000 -0.83100000
vn 0.10310000 0.08830000 -0.99070000
vn 0.09820000 0.08420000 -0.99160000
vn -0.28960000 -0.33170000 -0.89780000
vn -0.36910000 -0.41330000 -0.83240000
vn -0.41040000 -0.35220000 -0.84110000
vn 0.08280000 0.09770000 -0.99180000
vn -0.83620000 -0.54090000 0.09040000
vn -0.74390000 -0.63650000 0.20380000
vn 0.09820000 0.08420000 -0.99160000
vn 0.10310000 0.08830000 -0.99070000
vn 0.11370000 0.07370000 -0.99080000
vn -0.77950000 -0.54580000 -0.30720000
vn 0.08280000 0.09770000 -0.99180000
vn 0.10310000 0.08830000 -0.99070000
vn -0.66510000 -0.66510000 -0.33940000
vn -0.74390000 -0.63650000 0.20380000
vn -0.67030000 -0.73720000 0.08530000
vn -0.24880000 -0.36580000 -0.89680000
vn -0.44500000 -0.89420000 -0.04950000
vn -0.18800000 -0.37750000 -0.90670000
vn -0.18540000 -0.37280000 -0.90920000
vn -0.55560000 -0.81660000 -0.15660000
vn -0.17900000 -0.50950000 -0.84170000
vn -0.44500000 -0.89420000 -0.04950000
vn 0.04740000 0.12930000 -0.99050000
vn -0.39330000 -0.84330000 -0.36630000
vn -0.31120000 -0.94420000 0.10790000
vn -0.18800000 -0.37750000 -0.90670000
vn -0.14530000 -0.42590000 -0.89310000
vn -0.00690000 0.13640000 -0.99060000
vn -0.02980000 0.12500000 -0.99170000
vn 0.08270000 -0.97810000 -0.19120000
vn 0.08490000 -0.96990000 -0.22830000
vn 0.19710000 -0.97000000 0.14230000
vn -0.06610000 -0.99740000 -0.02750000
vn 0.00430000 0.12710000 -0.99190000
vn 0.02640000 0.13370000 -0.99070000
vn -0.08380000 -0.95760000 -0.27550000
vn -0.19000000 -0.96330000 0.18980000
vn 0.23250000 -0.86780000 -0.43910000
vn -0.04290000 0.13110000 -0.99040000
vn 0.09160000 -0.41080000 -0.90710000
vn 0.33740000 -0.92790000 0.15850000
vn 0.19710000 -0.97000000 0.14230000
vn 0.17560000 -0.51330000 -0.84010000
vn 0.14650000 -0.41300000 -0.89890000
vn -0.02980000 0.12500000 -0.99170000
vn 0.17560000 -0.51330000 -0.84010000
vn -0.06120000 0.11170000 -0.99190000
vn -0.04290000 0.13110000 -0.99040000
vn 0.25770000 -0.50320000 -0.82480000
vn 0.19470000 -0.36660000 -0.90980000
vn 0.40200000 -0.86210000 -0.30840000
vn 0.45140000 -0.89150000 0.03780000
vn 0.33740000 -0.92790000 0.15850000
vn -0.06120000 0.11170000 -0.99190000
vn -0.04290000 0.13110000 -0.99040000
vn 0.28660000 -0.30510000 -0.90820000
vn 0.30950000 -0.45480000 -0.83510000
vn -0.07540000 0.11390000 -0.99060000
vn 0.37560000 -0.41030000 -0.83100000
vn -0.08930000 0.09230000 -0.99170000
vn 0.28660000 -0.30510000 -0.90820000
vn 0.66690000 -0.73700000 0.11010000
vn 0.64120000 -0.64120000 -0.42150000
vn 0.76450000 -0.62690000 0.15030000
vn 0.41290000 -0.35200000 -0.84000000
vn -0.08930000 0.09230000 -0.99170000
vn 0.33890000 -0.28270000 -0.89730000
vn -0.10530000 0.09250000 -0.99010000
vn 0.56520000 -0.80720000 -0.16990000
vn 0.66690000 -0.73700000 0.11010000
vn -0.07540000 0.11390000 -0.99060000
vn 0.55680000 -0.78090000 -0.28310000
vn -0.08930000 0.09230000 -0.99170000
vn -0.10530000 0.09250000 -0.99010000
vn 0.37780000 -0.23230000 -0.89630000
vn 0.47830000 -0.30170000 -0.82480000
vn 0.41290000 -0.35200000 -0.84000000
vn -0.11200000 0.06670000 -0.99150000
vn -0.12290000 0.05940000 -0.99060000
vn 0.84020000 -0.54000000 0.05090000
vn 0.37780000 -0.23230000 -0.89630000
vn 0.49820000 -0.23350000 -0.83500000
vn 0.84780000 -0.37520000 -0.37480000
vn 0.41300000 -0.18880000 -0.89090000
vn -0.11200000 0.06670000 -0.99150000
vn 0.77320000 -0.54140000 -0.33030000
vn -0.10530000 0.09250000 -0.99010000
vn 0.76450000 -0.62690000 0.15030000
vn 0.84020000 -0.54000000 0.05090000
vn -0.11200000 0.06670000 -0.99150000
vn -0.12370000 0.03390000 -0.99170000
vn 0.49820000 -0.23350000 -0.83500000
vn 0.53240000 -0.16140000 -0.83090000
vn -0.12290000 0.05940000 -0.99060000
vn 0.40860000 -0.11810000 -0.90500000
vn 0.84780000 -0.37520000 -0.37480000
vn 0.90190000 -0.42060000 -0.09800000
vn -0.12290000 0.05940000 -0.99060000
vn 0.95320000 -0.29530000 0.06520000
vn -0.12370000 0.03390000 -0.99170000
vn 0.98030000 -0.14980000 0.12910000
vn 0.40860000 -0.11810000 -0.90500000
vn 0.88840000 -0.23810000 -0.39240000
vn 0.95320000 -0.29530000 0.06520000
vn 0.53200000 -0.09190000 -0.84170000
vn -0.13540000 0.02540000 -0.99050000
vn -0.12370000 0.03390000 -0.99170000
vn 0.44260000 -0.07220000 -0.89380000
vn -0.13540000 0.02540000 -0.99050000
vn 0.53200000 -0.09190000 -0.84170000
vn -0.12850000 0.00340000 -0.99170000
vn 0.54390000 -0.01440000 -0.83900000
vn 0.55380000 -0.01510000 -0.83250000
vn 0.98030000 -0.14980000 0.12910000
vn 0.98440000 -0.02730000 0.17360000
vn -0.12850000 0.00340000 -0.99170000
vn -0.13610000 0.00380000 -0.99070000
vn -0.13540000 0.02540000 -0.99050000
vn 0.93620000 -0.08190000 -0.34170000
vn -0.13510000 -0.01440000 -0.99070000
vn 0.54040000 0.13250000 -0.83090000
vn 0.53450000 0.13140000 -0.83490000
vn 0.54730000 0.05890000 -0.83490000
vn -0.12770000 -0.01370000 -0.99170000
vn -0.12530000 -0.03070000 -0.99160000
vn 0.51800000 0.20300000 -0.83100000
vn -0.12530000 -0.03070000 -0.99160000
vn -0.13150000 -0.03220000 -0.99080000
vn 0.53450000 0.13140000 -0.83490000
vn 0.50320000 0.19790000 -0.84120000
vn -0.12030000 -0.04730000 -0.99160000
vn 0.99430000 0.10580000 -0.01150000
vn 0.97130000 0.23760000 0.00850000
vn -0.13510000 -0.01440000 -0.99070000
vn -0.13150000 -0.03220000 -0.99080000
vn -0.12530000 -0.03070000 -0.99160000
vn -0.12630000 -0.04950000 -0.99080000
vn -0.12030000 -0.04730000 -0.99160000
vn -0.13150000 -0.03220000 -0.99080000
vn 0.97130000 0.23760000 0.00850000
vn 0.91570000 0.35890000 0.18090000
vn 0.93270000 0.24990000 -0.25990000
vn 0.52010000 0.74270000 -0.42170000
vn 0.49060000 0.85760000 0.15440000
vn -0.07220000 -0.11710000 -0.99050000
vn 0.27850000 0.46520000 -0.84030000
vn 0.22080000 0.37840000 -0.89890000
vn 0.24500000 0.31810000 -0.91590000
vn 0.61010000 0.79150000 0.03560000
vn 0.21780000 0.52140000 -0.82500000
vn 0.15430000 0.38540000 -0.90970000
vn -0.04580000 -0.11870000 -0.99190000
vn 0.27850000 0.46520000 -0.84030000
vn -0.07220000 -0.11710000 -0.99050000
vn 0.38910000 0.91950000 0.05670000
vn -0.04580000 -0.11870000 -0.99190000
vn 0.49060000 0.85760000 0.15440000
vn 0.40080000 0.85960000 -0.31690000
vn -0.07220000 -0.11710000 -0.99050000
vn -0.40830000 0.39060000 -0.82510000
vn -0.33990000 0.42430000 -0.83930000
vn -0.30300000 0.28120000 -0.91060000
vn 0.08500000 -0.10660000 -0.99070000
vn 0.08040000 -0.10020000 -0.99170000
vn 0.09440000 -0.08520000 -0.99190000
vn 0.08500000 -0.10660000 -0.99070000
vn -0.68240000 0.68240000 -0.26200000
vn -0.71830000 0.69380000 -0.05190000
vn -0.61380000 0.76810000 0.18230000
vn 0.09440000 -0.08520000 -0.99190000
vn 0.08280000 0.09770000 -0.99180000
vn -0.24880000 -0.36580000 -0.89680000
vn -0.24210000 -0.35720000 -0.90210000
vn -0.54120000 -0.77280000 -0.33140000
vn -0.67030000 -0.73720000 0.08530000
vn -0.55560000 -0.81660000 -0.15660000
vn -0.28960000 -0.33170000 -0.89780000
vn 0.55680000 -0.78090000 -0.28310000
vn 0.45140000 -0.89150000 0.03780000
vn 0.25820000 -0.37160000 -0.89180000
vn 0.30950000 -0.45480000 -0.83510000
vn -0.06120000 0.11170000 -0.99190000
vn 0.19470000 -0.36660000 -0.90980000
vn -0.07540000 0.11390000 -0.99060000
vn -0.12770000 -0.01370000 -0.99170000
vn 0.54730000 0.05890000 -0.83490000
vn -0.12850000 0.00340000 -0.99170000
vn 0.54390000 -0.01440000 -0.83900000
vn 0.56240000 0.05990000 -0.82470000
vn -0.13610000 0.00380000 -0.99070000
vn 0.98440000 -0.02730000 0.17360000
vn -0.12770000 -0.01370000 -0.99170000
vn -0.13610000 0.00380000 -0.99070000
vn 0.99430000 0.10580000 -0.01150000
vn -0.13510000 -0.01440000 -0.99070000
vn 0.96530000 0.08450000 -0.24700000
vn 0.24250000 0.92310000 -0.29850000
vn 0.38910000 0.91950000 0.05670000
vn 0.10680000 0.40600000 -0.90760000
vn -0.04580000 -0.11870000 -0.99190000
vn 0.15430000 0.38540000 -0.90970000
vn 0.11680000 0.43660000 -0.89200000
vn 0.08190000 0.93640000 -0.34110000
vn -0.07860000 0.89790000 -0.43320000
vn -0.01400000 0.99770000 0.06700000
vn -0.25690000 0.87420000 -0.41200000
vn -0.14070000 0.98690000 0.07910000
vn -0.25820000 0.96350000 -0.07110000
vn -0.07860000 0.89790000 -0.43320000
vn -0.39090000 0.83830000 -0.38010000
vn -0.25820000 0.96350000 -0.07110000
vn -0.39030000 0.91950000 0.04750000
vn -0.39090000 0.83830000 -0.38010000
vn -0.51930000 0.84620000 0.11920000
vn -0.53870000 0.76940000 -0.34330000
vn -0.61380000 0.76810000 0.18230000
vn -0.68240000 0.68240000 -0.26200000
vn -0.53870000 0.76940000 -0.34330000
vn -0.71830000 0.69380000 -0.05190000
vn -0.80440000 0.57140000 -0.16220000
vn -0.79420000 0.55610000 -0.24480000
vn -0.68240000 0.68240000 -0.26200000
vn -0.81270000 0.37900000 -0.44260000
vn -0.79420000 0.55610000 -0.24480000
vn -0.86690000 0.47530000 0.15020000
vn -0.81270000 0.37900000 -0.44260000
vn -0.92640000 0.34160000 0.15850000
vn -0.92180000 0.24700000 -0.29870000
vn -0.95780000 0.08380000 -0.27490000
vn -0.97280000 0.23110000 0.01740000
vn -0.92180000 0.24700000 -0.29870000
vn -0.96690000 0.08700000 -0.23970000
vn -0.90620000 -0.07930000 -0.41540000
vn -0.95780000 0.08380000 -0.27490000
vn -0.99880000 -0.04520000 0.01890000
vn -0.91370000 -0.24490000 -0.32420000
vn -0.97200000 -0.17930000 0.15160000
vn -0.90620000 -0.07930000 -0.41540000
vn -0.89940000 -0.41940000 -0.12350000
vn -0.84520000 -0.41050000 -0.34230000
vn -0.95550000 -0.29320000 0.03300000
vn -0.91370000 -0.24490000 -0.32420000
vn -0.77950000 -0.54580000 -0.30720000
vn -0.89940000 -0.41940000 -0.12350000
vn -0.83620000 -0.54090000 0.09040000
vn -0.66510000 -0.66510000 -0.33940000
vn -0.74390000 -0.63650000 0.20380000
vn -0.77950000 -0.54580000 -0.30720000
vn -0.54120000 -0.77280000 -0.33140000
vn -0.66510000 -0.66510000 -0.33940000
vn -0.67030000 -0.73720000 0.08530000
vn -0.39330000 -0.84330000 -0.36630000
vn -0.55560000 -0.81660000 -0.15660000
vn -0.44500000 -0.89420000 -0.04950000
vn -0.54120000 -0.77280000 -0.33140000
vn -0.24300000 -0.90700000 -0.34380000
vn -0.39330000 -0.84330000 -0.36630000
vn -0.31120000 -0.94420000 0.10790000
vn -0.19000000 -0.96330000 0.18980000
vn -0.24300000 -0.90700000 -0.34380000
vn -0.08380000 -0.95760000 -0.27550000
vn 0.08490000 -0.96990000 -0.22830000
vn -0.08380000 -0.95760000 -0.27550000
vn -0.06610000 -0.99740000 -0.02750000
vn 0.08270000 -0.97810000 -0.19120000
vn 0.23250000 -0.86780000 -0.43910000
vn 0.08490000 -0.96990000 -0.22830000
vn 0.19710000 -0.97000000 0.14230000
vn 0.40200000 -0.86210000 -0.30840000
vn 0.33740000 -0.92790000 0.15850000
vn 0.23250000 -0.86780000 -0.43910000
vn 0.40200000 -0.86210000 -0.30840000
vn 0.55680000 -0.78090000 -0.28310000
vn 0.56520000 -0.80720000 -0.16990000
vn 0.45140000 -0.89150000 0.03780000
vn 0.56520000 -0.80720000 -0.16990000
vn 0.66690000 -0.73700000 0.11010000
vn 0.64120000 -0.64120000 -0.42150000
vn 0.76450000 -0.62690000 0.15030000
vn 0.77320000 -0.54140000 -0.33030000
vn 0.64120000 -0.64120000 -0.42150000
vn 0.90190000 -0.42060000 -0.09800000
vn 0.84020000 -0.54000000 0.05090000
vn 0.77320000 -0.54140000 -0.33030000
vn 0.84780000 -0.37520000 -0.37480000
vn 0.90190000 -0.42060000 -0.09800000
vn 0.88840000 -0.23810000 -0.39240000
vn 0.95320000 -0.29530000 0.06520000
vn 0.88840000 -0.23810000 -0.39240000
vn 0.93620000 -0.08190000 -0.34170000
vn 0.98030000 -0.14980000 0.12910000
vn 0.96530000 0.08450000 -0.24700000
vn 0.93620000 -0.08190000 -0.34170000
vn 0.98440000 -0.02730000 0.17360000
vn 0.99430000 0.10580000 -0.01150000
vn 0.93270000 0.24990000 -0.25990000
vn 0.97130000 0.23760000 0.00850000
vn 0.96530000 0.08450000 -0.24700000
vn 0.85120000 0.39690000 -0.34340000
vn 0.91570000 0.35890000 0.18090000
vn 0.93270000 0.24990000 -0.25990000
vn 0.75400000 0.52790000 -0.39080000
vn 0.86980000 0.47440000 0.13570000
vn 0.85120000 0.39690000 -0.34340000
vn 0.67540000 0.67540000 -0.29620000
vn 0.69540000 0.68680000 -0.21140000
vn 0.75400000 0.52790000 -0.39080000
vn 0.80020000 0.59960000 -0.01520000
vn 0.52010000 0.74270000 -0.42170000
vn 0.67540000 0.67540000 -0.29620000
vn 0.61010000 0.79150000 0.03560000
vn 0.49060000 0.85760000 0.15440000
vn 0.52010000 0.74270000 -0.42170000
vn 0.40080000 0.85960000 -0.31690000
vn 0.25200000 0.94070000 -0.22730000
vn 0.40080000 0.85960000 -0.31690000
vn 0.38910000 0.91950000 0.05670000
vn 0.24250000 0.92310000 -0.29850000
vn 0.11520000 0.99330000 -0.00950000
vn 0.08190000 0.93640000 -0.34110000
vn 0.25200000 0.94070000 -0.22730000
vn -0.90720000 0.41360000 -0.07720000
vn -0.91540000 0.39550000 0.07530000
vn -0.00000000 1.00000000 -0.00000000
vn -0.90720000 0.41360000 0.07720000
vn -0.00000000 1.00000000 -0.00000000
vn -0.90720000 0.41360000 0.07720000
vn -0.88950000 0.39550000 0.22890000
vn -0.88110000 0.41360000 0.22940000
vn 0.33950000 0.41370000 -0.84480000
vn -0.00000000 1.00000000 -0.00000000
vn 0.19180000 0.41360000 -0.89000000
vn 0.19610000 0.39550000 -0.89730000
vn -0.75430000 0.41360000 -0.50980000
vn -0.83580000 0.39550000 -0.38070000
vn -0.00000000 1.00000000 -0.00000000
vn -0.82960000 0.41360000 -0.37500000
vn -0.82960000 0.41360000 -0.37500000
vn -0.88110000 0.41360000 -0.22940000
vn -0.88820000 0.39550000 -0.23400000
vn -0.00000000 1.00000000 -0.00000000
vn -0.00000000 1.00000000 -0.00000000
vn -0.88110000 0.41360000 -0.22940000
vn -0.91490000 0.39550000 -0.08050000
vn -0.90720000 0.41360000 -0.07720000
vn -0.54140000 0.41360000 -0.73200000
vn -0.00000000 1.00000000 -0.00000000
vn -0.40990000 0.41360000 -0.81300000
vn -0.54400000 0.39550000 -0.74000000
vn -0.66090000 0.39560000 -0.63780000
vn -0.54140000 0.41360000 -0.73200000
vn -0.00000000 1.00000000 -0.00000000
vn -0.65590000 0.41790000 -0.62860000
vn -0.75430000 0.41360000 -0.50980000
vn -0.75800000 0.40070000 -0.51460000
vn -0.65590000 0.41790000 -0.62860000
vn -0.00000000 1.00000000 -0.00000000
vn -0.11400000 0.39550000 -0.91140000
vn 0.03860000 0.41370000 -0.90960000
vn -0.00000000 1.00000000 -0.00000000
vn -0.11560000 0.41360000 -0.90310000
vn -0.00000000 1.00000000 -0.00000000
vn -0.26660000 0.41350000 -0.87060000
vn -0.11560000 0.41360000 -0.90310000
vn -0.26640000 0.39550000 -0.87900000
vn -0.41110000 0.39540000 -0.82130000
vn -0.00000000 1.00000000 -0.00000000
vn -0.40990000 0.41360000 -0.81300000
vn -0.26660000 0.41350000 -0.87060000
vn 0.34490000 0.39560000 -0.85120000
vn 0.47740000 0.41360000 -0.77530000
vn -0.00000000 1.00000000 -0.00000000
vn 0.33950000 0.41370000 -0.84480000
vn 0.03860000 0.41370000 -0.90960000
vn -0.00000000 1.00000000 -0.00000000
vn 0.19180000 0.41360000 -0.89000000
vn 0.04160000 0.39540000 -0.91760000
vn 0.71630000 0.39550000 -0.57490000
vn 0.70840000 0.41360000 -0.57200000
vn -0.00000000 1.00000000 -0.00000000
vn 0.79480000 0.41370000 -0.44400000
vn -0.00000000 1.00000000 -0.00000000
vn 0.60150000 0.41360000 -0.68350000
vn 0.60880000 0.39540000 -0.68770000
vn 0.70840000 0.41360000 -0.57200000
vn 0.47740000 0.41360000 -0.77530000
vn 0.60150000 0.41360000 -0.68350000
vn -0.00000000 1.00000000 -0.00000000
vn 0.48380000 0.39540000 -0.78070000
vn 0.84040000 0.52250000 -0.14410000
vn 0.91620000 0.40080000 -0.00000000
vn -0.00000000 1.00000000 -0.00000000
vn -0.00000000 1.00000000 -0.00000000
vn 0.90080000 0.39720000 -0.17530000
vn 0.86770000 0.39380000 -0.30350000
vn 0.84040000 0.52250000 -0.14410000
vn 0.85850000 0.41360000 -0.30330000
vn 0.80310000 0.39550000 -0.44560000
vn 0.85850000 0.41360000 -0.30330000
vn -0.00000000 1.00000000 -0.00000000
vn 0.79480000 0.41370000 -0.44400000
vn 0.86510000 0.39550000 0.30850000
vn 0.85840000 0.41360000 0.30330000
vn 0.79480000 0.41360000 0.44400000
vn -0.00000000 1.00000000 -0.00000000
vn 0.85840000 0.41360000 0.30330000
vn 0.90480000 0.39550000 0.15780000
vn 0.89740000 0.41360000 0.15390000
vn -0.00000000 1.00000000 -0.00000000
vn -0.00000000 1.00000000 -0.00000000
vn 0.91620000 0.40080000 -0.00000000
vn 0.91860000 0.39520000 0.00070000
vn 0.89740000 0.41360000 0.15390000
vn -0.00000000 1.00000000 -0.00000000
vn 0.60150000 0.41370000 0.68340000
vn 0.60480000 0.39540000 0.69120000
vn 0.47740000 0.41360000 0.77530000
vn 0.60150000 0.41370000 0.68340000
vn -0.00000000 1.00000000 -0.00000000
vn 0.71290000 0.39550000 0.57910000
vn 0.70840000 0.41360000 0.57200000
vn 0.70840000 0.41360000 0.57200000
vn -0.00000000 1.00000000 -0.00000000
vn 0.79480000 0.41360000 0.44400000
vn 0.80050000 0.39550000 0.45020000
vn 0.03870000 0.41350000 0.90970000
vn -0.00000000 1.00000000 -0.00000000
vn 0.19180000 0.41370000 0.89000000
vn 0.19090000 0.39560000 0.89840000
vn 0.19180000 0.41370000 0.89000000
vn -0.00000000 1.00000000 -0.00000000
vn 0.33940000 0.41370000 0.84480000
vn 0.34000000 0.39550000 0.85320000
vn 0.47930000 0.39550000 0.78350000
vn 0.33940000 0.41370000 0.84480000
vn 0.47740000 0.41360000 0.77530000
vn -0.00000000 1.00000000 -0.00000000
vn -0.00000000 1.00000000 -0.00000000
vn -0.26660000 0.41370000 0.87050000
vn -0.40990000 0.41370000 0.81290000
vn -0.27150000 0.39560000 0.87740000
vn -0.26660000 0.41370000 0.87050000
vn -0.00000000 1.00000000 -0.00000000
vn -0.11570000 0.41360000 0.90310000
vn -0.11930000 0.39550000 0.91070000
vn -0.11570000 0.41360000 0.90310000
vn 0.03870000 0.41350000 0.90970000
vn 0.03630000 0.39550000 0.91780000
vn -0.00000000 1.00000000 -0.00000000
vn -0.75430000 0.41370000 0.50980000
vn -0.65730000 0.41360000 0.63000000
vn -0.00000000 1.00000000 -0.00000000
vn -0.66490000 0.39560000 0.63360000
vn -0.54830000 0.39540000 0.73690000
vn -0.00000000 1.00000000 -0.00000000
vn -0.65730000 0.41360000 0.63000000
vn -0.54140000 0.41370000 0.73200000
vn -0.00000000 1.00000000 -0.00000000
vn -0.54140000 0.41370000 0.73200000
vn -0.40990000 0.41370000 0.81290000
vn -0.41590000 0.39550000 0.81890000
vn -0.82960000 0.41360000 0.37500000
vn -0.83800000 0.39550000 0.37590000
vn -0.88110000 0.41360000 0.22940000
vn -0.00000000 1.00000000 -0.00000000
vn -0.75430000 0.41370000 0.50980000
vn -0.82960000 0.41360000 0.37500000
vn -0.00000000 1.00000000 -0.00000000
vn -0.76240000 0.39550000 0.51210000
vn 0.91620000 0.40080000 -0.00000000
vn 0.84040000 0.52250000 -0.14410000
vn 0.90080000 0.39720000 -0.17530000
vn 0.26540000 -0.96340000 -0.03860000
vn 0.19260000 -0.98110000 -0.01680000
vn 0.35180000 -0.93600000 -0.00870000
vn 0.91860000 0.39520000 0.00070000
vn 0.86770000 0.39380000 -0.30350000
vn 0.06920000 -0.99740000 -0.01850000
vn 0.17270000 -0.98300000 -0.06180000
vn 0.26540000 -0.96340000 -0.03860000
vn 0.90080000 0.39720000 -0.17530000
vn 0.17270000 -0.98300000 -0.06180000
vn 0.80310000 0.39550000 -0.44560000
vn 0.17260000 -0.98030000 -0.09580000
vn 0.07930000 -0.99620000 -0.03700000
vn 0.85850000 0.41360000 -0.30330000
vn 0.86770000 0.39380000 -0.30350000
vn 0.71630000 0.39550000 -0.57490000
vn 0.15160000 -0.98090000 -0.12160000
vn 0.07210000 -0.99610000 -0.05050000
vn 0.79480000 0.41370000 -0.44400000
vn 0.17260000 -0.98030000 -0.09580000
vn 0.80310000 0.39550000 -0.44560000
vn 0.70840000 0.41360000 -0.57200000
vn 0.12640000 -0.98170000 -0.14280000
vn 0.06280000 -0.99610000 -0.06280000
vn 0.15160000 -0.98090000 -0.12160000
vn 0.71630000 0.39550000 -0.57490000
vn 0.60880000 0.39540000 -0.68770000
vn 0.12640000 -0.98170000 -0.14280000
vn 0.05140000 -0.99600000 -0.07350000
vn 0.09820000 -0.98250000 -0.15850000
vn 0.48380000 0.39540000 -0.78070000
vn 0.60880000 0.39540000 -0.68770000
vn 0.60150000 0.41360000 -0.68350000
vn 0.34490000 0.39560000 -0.85120000
vn 0.03840000 -0.99590000 -0.08230000
vn 0.06820000 -0.98340000 -0.16840000
vn 0.48380000 0.39540000 -0.78070000
vn 0.47740000 0.41360000 -0.77530000
vn 0.09820000 -0.98250000 -0.15850000
vn 0.02380000 -0.99580000 -0.08890000
vn 0.03770000 -0.98430000 -0.17260000
vn 0.33950000 0.41370000 -0.84480000
vn 0.34490000 0.39560000 -0.85120000
vn 0.19610000 0.39550000 -0.89730000
vn 0.06820000 -0.98340000 -0.16840000
vn 0.04160000 0.39540000 -0.91760000
vn 0.19610000 0.39550000 -0.89730000
vn 0.19180000 0.41360000 -0.89000000
vn 0.03770000 -0.98430000 -0.17260000
vn 0.00780000 -0.98520000 -0.17110000
vn 0.00820000 -0.99560000 -0.09320000
vn 0.03860000 0.41370000 -0.90960000
vn -0.11400000 0.39550000 -0.91140000
vn 0.00780000 -0.98520000 -0.17110000
vn -0.02060000 -0.98620000 -0.16430000
vn -0.00830000 -0.99550000 -0.09480000
vn 0.04160000 0.39540000 -0.91760000
vn -0.11560000 0.41360000 -0.90310000
vn -0.02510000 -0.99530000 -0.09380000
vn -0.26640000 0.39550000 -0.87900000
vn -0.02060000 -0.98620000 -0.16430000
vn -0.04640000 -0.98710000 -0.15300000
vn -0.11400000 0.39550000 -0.91140000
vn -0.26660000 0.41350000 -0.87060000
vn -0.04200000 -0.99510000 -0.09010000
vn -0.06890000 -0.98810000 -0.13770000
vn -0.04640000 -0.98710000 -0.15300000
vn -0.26640000 0.39550000 -0.87900000
vn -0.41110000 0.39540000 -0.82130000
vn -0.41110000 0.39540000 -0.82130000
vn -0.05850000 -0.99480000 -0.08350000
vn -0.08770000 -0.98900000 -0.11930000
vn -0.40990000 0.41360000 -0.81300000
vn -0.54400000 0.39550000 -0.74000000
vn -0.06890000 -0.98810000 -0.13770000
vn -0.14120000 -0.98110000 -0.13240000
vn -0.08770000 -0.98900000 -0.11930000
vn -0.54140000 0.41360000 -0.73200000
vn -0.54400000 0.39550000 -0.74000000
vn -0.07410000 -0.99450000 -0.07410000
vn -0.66090000 0.39560000 -0.63780000
vn -0.65590000 0.41790000 -0.62860000
vn -0.75800000 0.40070000 -0.51460000
vn -0.66090000 0.39560000 -0.63780000
vn -0.14120000 -0.98110000 -0.13240000
vn -0.12420000 -0.98840000 -0.08760000
vn -0.12420000 -0.98840000 -0.08760000
vn -0.75430000 0.41360000 -0.50980000
vn -0.75800000 0.40070000 -0.51460000
vn -0.11410000 -0.99030000 -0.07990000
vn -0.83580000 0.39550000 -0.38070000
vn -0.10090000 -0.99380000 -0.04600000
vn -0.11210000 -0.99330000 -0.02950000
vn -0.10090000 -0.99380000 -0.04600000
vn -0.82960000 0.41360000 -0.37500000
vn -0.83580000 0.39550000 -0.38070000
vn -0.88820000 0.39550000 -0.23400000
vn -0.11950000 -0.99130000 -0.05570000
vn -0.11210000 -0.99330000 -0.02950000
vn -0.88110000 0.41360000 -0.22940000
vn -0.12120000 -0.99210000 -0.03250000
vn -0.91490000 0.39550000 -0.08050000
vn -0.88820000 0.39550000 -0.23400000
vn -0.12070000 -0.99260000 -0.01060000
vn -0.91490000 0.39550000 -0.08050000
vn -0.90720000 0.41360000 -0.07720000
vn -0.11950000 -0.99280000 -0.01050000
vn -0.91540000 0.39550000 0.07530000
vn -0.12610000 -0.99200000 0.01040000
vn -0.12070000 -0.99260000 -0.01060000
vn -0.11470000 -0.99330000 0.01000000
vn -0.12610000 -0.99200000 0.01040000
vn -0.88950000 0.39550000 0.22890000
vn -0.91540000 0.39550000 0.07530000
vn -0.90720000 0.41360000 0.07720000
vn -0.12790000 -0.99120000 0.03290000
vn -0.12570000 -0.99050000 0.05640000
vn -0.88950000 0.39550000 0.22890000
vn -0.12790000 -0.99120000 0.03290000
vn -0.88110000 0.41360000 0.22940000
vn -0.83800000 0.39550000 0.37590000
vn -0.10720000 -0.99380000 0.02870000
vn -0.82960000 0.41360000 0.37500000
vn -0.83800000 0.39550000 0.37590000
vn -0.76240000 0.39550000 0.51210000
vn -0.09730000 -0.99420000 0.04540000
vn -0.11920000 -0.98960000 0.08010000
vn -0.12570000 -0.99050000 0.05640000
vn -0.10820000 -0.98880000 0.10310000
vn -0.76240000 0.39550000 0.51210000
vn -0.66490000 0.39560000 0.63360000
vn -0.75430000 0.41370000 0.50980000
vn -0.08530000 -0.99460000 0.05970000
vn -0.11920000 -0.98960000 0.08010000
vn -0.07170000 -0.99490000 0.07170000
vn -0.66490000 0.39560000 0.63360000
vn -0.09270000 -0.98790000 0.12460000
vn -0.65730000 0.41360000 0.63000000
vn -0.54830000 0.39540000 0.73690000
vn -0.10820000 -0.98880000 0.10310000
vn -0.54830000 0.39540000 0.73690000
vn -0.54140000 0.41370000 0.73200000
vn -0.41590000 0.39550000 0.81890000
vn -0.07300000 -0.98690000 0.14370000
vn -0.05670000 -0.99510000 0.08100000
vn -0.09270000 -0.98790000 0.12460000
vn -0.41590000 0.39550000 0.81890000
vn -0.40990000 0.41370000 0.81290000
vn -0.27150000 0.39560000 0.87740000
vn -0.04930000 -0.98600000 0.15940000
vn -0.07300000 -0.98690000 0.14370000
vn -0.04090000 -0.99530000 0.08760000
vn -0.04930000 -0.98600000 0.15940000
vn -0.02450000 -0.99550000 0.09150000
vn -0.02240000 -0.98500000 0.17090000
vn -0.27150000 0.39560000 0.87740000
vn -0.11930000 0.39550000 0.91070000
vn -0.26660000 0.41370000 0.87050000
vn 0.03630000 0.39550000 0.91780000
vn -0.00810000 -0.99570000 0.09280000
vn 0.00700000 -0.98410000 0.17760000
vn -0.02240000 -0.98500000 0.17090000
vn -0.11930000 0.39550000 0.91070000
vn -0.11570000 0.41360000 0.90310000
vn 0.19090000 0.39560000 0.89840000
vn 0.03870000 0.41350000 0.90970000
vn 0.00800000 -0.99580000 0.09140000
vn 0.03800000 -0.98320000 0.17880000
vn 0.00700000 -0.98410000 0.17760000
vn 0.03630000 0.39550000 0.91780000
vn 0.06930000 -0.98230000 0.17400000
vn 0.03800000 -0.98320000 0.17880000
vn 0.34000000 0.39550000 0.85320000
vn 0.02340000 -0.99590000 0.08740000
vn 0.19090000 0.39560000 0.89840000
vn 0.19180000 0.41370000 0.89000000
vn 0.06930000 -0.98230000 0.17400000
vn 0.03780000 -0.99600000 0.08110000
vn 0.09990000 -0.98150000 0.16340000
vn 0.33940000 0.41370000 0.84480000
vn 0.47930000 0.39550000 0.78350000
vn 0.34000000 0.39550000 0.85320000
vn 0.47740000 0.41360000 0.77530000
vn 0.12840000 -0.98080000 0.14680000
vn 0.47930000 0.39550000 0.78350000
vn 0.09990000 -0.98150000 0.16340000
vn 0.60480000 0.39540000 0.69120000
vn 0.05080000 -0.99610000 0.07260000
vn 0.12840000 -0.98080000 0.14680000
vn 0.71290000 0.39550000 0.57910000
vn 0.60480000 0.39540000 0.69120000
vn 0.06220000 -0.99610000 0.06220000
vn 0.15370000 -0.98020000 0.12480000
vn 0.60150000 0.41370000 0.68340000
vn 0.17450000 -0.97970000 0.09820000
vn 0.71290000 0.39550000 0.57910000
vn 0.70840000 0.41360000 0.57200000
vn 0.80050000 0.39550000 0.45020000
vn 0.07160000 -0.99620000 0.05010000
vn 0.15370000 -0.98020000 0.12480000
vn 0.17450000 -0.97970000 0.09820000
vn 0.86510000 0.39550000 0.30850000
vn 0.19000000 -0.97940000 0.06770000
vn 0.79480000 0.41360000 0.44400000
vn 0.80050000 0.39550000 0.45020000
vn 0.07890000 -0.99620000 0.03680000
vn 0.19000000 -0.97940000 0.06770000
vn 0.85840000 0.41360000 0.30330000
vn 0.19940000 -0.97930000 0.03480000
vn 0.90480000 0.39550000 0.15780000
vn 0.86510000 0.39550000 0.30850000
vn 0.08390000 -0.99620000 0.02250000
vn 0.89740000 0.41360000 0.15390000
vn 0.90480000 0.39550000 0.15780000
vn 0.08640000 -0.99620000 0.00760000
vn 0.19940000 -0.97930000 0.03480000
vn 0.91860000 0.39520000 0.00070000
vn 0.35180000 -0.93600000 -0.00870000
vn -0.78820000 -0.03880000 -0.61420000
vn -0.73990000 0.42910000 -0.51810000
vn -0.11410000 -0.99030000 -0.07990000
vn -0.12420000 -0.98840000 -0.08760000
vn -0.07410000 -0.99450000 -0.07410000
vn -0.14120000 -0.98110000 -0.13240000
vn -0.70430000 0.19600000 -0.68230000
vn -0.64790000 0.40060000 -0.64790000
vn -0.08770000 -0.98900000 -0.11930000
vn -0.48310000 0.53900000 -0.69000000
vn -0.05850000 -0.99480000 -0.08350000
vn -0.64790000 0.40060000 -0.64790000
vn -0.61950000 0.06290000 -0.78250000
vn -0.07410000 -0.99450000 -0.07410000
vn -0.48310000 0.53900000 -0.69000000
vn -0.05850000 -0.99480000 -0.08350000
vn -0.37640000 0.45490000 -0.80710000
vn -0.51270000 0.03850000 -0.85770000
vn -0.04200000 -0.99510000 -0.09010000
vn -0.06890000 -0.98810000 -0.13770000
vn -0.29800000 0.09040000 -0.95030000
vn -0.04640000 -0.98710000 -0.15300000
vn -0.22400000 0.50130000 -0.83580000
vn -0.39270000 0.25180000 -0.88450000
vn -0.02510000 -0.99530000 -0.09380000
vn -0.37640000 0.45490000 -0.80710000
vn -0.04200000 -0.99510000 -0.09010000
vn -0.02510000 -0.99530000 -0.09380000
vn -0.00830000 -0.99550000 -0.09480000
vn -0.07690000 0.47020000 -0.87920000
vn -0.17290000 -0.00450000 -0.98490000
vn -0.02060000 -0.98620000 -0.16430000
vn -0.22400000 0.50130000 -0.83580000
vn 0.00780000 -0.98520000 -0.17110000
vn 0.06060000 0.13260000 -0.98930000
vn 0.07810000 0.44450000 -0.89240000
vn -0.07690000 0.47020000 -0.87920000
vn -0.04230000 0.00570000 -0.99910000
vn -0.00830000 -0.99550000 -0.09480000
vn 0.00820000 -0.99560000 -0.09320000
vn 0.02380000 -0.99580000 -0.08890000
vn 0.03770000 -0.98430000 -0.17260000
vn 0.00820000 -0.99560000 -0.09320000
vn 0.23340000 0.43220000 -0.87100000
vn 0.07810000 0.44450000 -0.89240000
vn 0.20020000 -0.00140000 -0.97970000
vn 0.03840000 -0.99590000 -0.08230000
vn 0.32740000 0.70550000 -0.62850000
vn 0.40480000 0.28720000 -0.86810000
vn 0.23340000 0.43220000 -0.87100000
vn 0.26700000 0.27820000 -0.92270000
vn 0.06820000 -0.98340000 -0.16840000
vn 0.02380000 -0.99580000 -0.08890000
vn 0.05140000 -0.99600000 -0.07350000
vn 0.03840000 -0.99590000 -0.08230000
vn 0.09820000 -0.98250000 -0.15850000
vn 0.50620000 0.47030000 -0.72290000
vn 0.53340000 0.03990000 -0.84490000
vn 0.40480000 0.28720000 -0.86810000
vn 0.63360000 0.44400000 -0.63360000
vn 0.12640000 -0.98170000 -0.14280000
vn 0.63150000 -0.01980000 -0.77510000
vn 0.06280000 -0.99610000 -0.06280000
vn 0.50620000 0.47030000 -0.72290000
vn 0.05140000 -0.99600000 -0.07350000
vn 0.06280000 -0.99610000 -0.06280000
vn 0.74010000 0.42860000 -0.51820000
vn 0.15160000 -0.98090000 -0.12160000
vn 0.07210000 -0.99610000 -0.05050000
vn 0.70960000 0.19380000 -0.67740000
vn 0.79600000 0.13670000 -0.58970000
vn 0.63360000 0.44400000 -0.63360000
vn 0.83280000 0.39460000 -0.38830000
vn 0.74010000 0.42860000 -0.51820000
vn 0.07930000 -0.99620000 -0.03700000
vn 0.07210000 -0.99610000 -0.05050000
vn 0.87130000 -0.07420000 -0.48520000
vn 0.17260000 -0.98030000 -0.09580000
vn 0.06920000 -0.99740000 -0.01850000
vn 0.83280000 0.39460000 -0.38830000
vn 0.17270000 -0.98300000 -0.06180000
vn 0.07930000 -0.99620000 -0.03700000
vn 0.92390000 -0.02230000 -0.38200000
vn 0.92840000 0.26590000 -0.25950000
vn 0.88500000 0.40070000 -0.23710000
vn 0.99260000 -0.05020000 -0.11070000
vn 0.94810000 0.30700000 -0.08290000
vn 0.06920000 -0.99740000 -0.01850000
vn 0.26540000 -0.96340000 -0.03860000
vn 0.19260000 -0.98110000 -0.01680000
vn 0.88500000 0.40070000 -0.23710000
vn 0.99550000 0.03640000 0.08710000
vn 0.94810000 0.30700000 -0.08290000
vn 0.19260000 -0.98110000 -0.01680000
vn 0.08640000 -0.99620000 0.00760000
vn 0.35180000 -0.93600000 -0.00870000
vn 0.08390000 -0.99620000 0.02250000
vn 0.19940000 -0.97930000 0.03480000
vn 0.08640000 -0.99620000 0.00760000
vn 0.99550000 0.03640000 0.08710000
vn 0.97070000 0.22820000 0.07470000
vn 0.97420000 0.03280000 0.22340000
vn 0.87760000 0.41780000 0.23520000
vn 0.82550000 0.41270000 0.38490000
vn 0.87760000 0.41780000 0.23520000
vn 0.93540000 -0.07760000 0.34490000
vn 0.07890000 -0.99620000 0.03680000
vn 0.08390000 -0.99620000 0.02250000
vn 0.19000000 -0.97940000 0.06770000
vn 0.07160000 -0.99620000 0.05010000
vn 0.07890000 -0.99620000 0.03680000
vn 0.17450000 -0.97970000 0.09820000
vn 0.75330000 0.39280000 0.52750000
vn 0.88840000 0.00050000 0.45900000
vn 0.82550000 0.41270000 0.38490000
vn 0.82290000 0.13890000 0.55090000
vn 0.07160000 -0.99620000 0.05010000
vn 0.06220000 -0.99610000 0.06220000
vn 0.63230000 0.44750000 0.63230000
vn 0.15370000 -0.98020000 0.12480000
vn 0.75070000 -0.03800000 0.65960000
vn 0.75330000 0.39280000 0.52750000
vn 0.54950000 0.28700000 0.78470000
vn 0.51020000 0.42800000 0.74600000
vn 0.66680000 -0.01350000 0.74510000
vn 0.06220000 -0.99610000 0.06220000
vn 0.05080000 -0.99610000 0.07260000
vn 0.63230000 0.44750000 0.63230000
vn 0.12840000 -0.98080000 0.14680000
vn 0.03780000 -0.99600000 0.08110000
vn 0.05080000 -0.99610000 0.07260000
vn 0.09990000 -0.98150000 0.16340000
vn 0.38010000 0.43720000 0.81510000
vn 0.46090000 0.03010000 0.88690000
vn 0.54950000 0.28700000 0.78470000
vn 0.03780000 -0.99600000 0.08110000
vn 0.38010000 0.43720000 0.81510000
vn 0.34720000 -0.07820000 0.93450000
vn 0.23870000 0.38680000 0.89070000
vn 0.02340000 -0.99590000 0.08740000
vn 0.06930000 -0.98230000 0.17400000
vn 0.03800000 -0.98320000 0.17880000
vn 0.00800000 -0.99580000 0.09140000
vn 0.02340000 -0.99590000 0.08740000
vn 0.11710000 0.08900000 0.98910000
vn 0.07870000 0.42870000 0.90000000
vn 0.23410000 0.13220000 0.96320000
vn 0.23870000 0.38680000 0.89070000
vn -0.00810000 -0.99570000 0.09280000
vn 0.00700000 -0.98410000 0.17760000
vn 0.00800000 -0.99580000 0.09140000
vn -0.07610000 0.48690000 0.87010000
vn -0.00740000 -0.03100000 0.99950000
vn 0.07870000 0.42870000 0.90000000
vn -0.13190000 0.07750000 0.98820000
vn -0.07610000 0.48690000 0.87010000
vn -0.24360000 0.43160000 0.86860000
vn -0.24730000 0.29510000 0.92290000
vn -0.00810000 -0.99570000 0.09280000
vn -0.02240000 -0.98500000 0.17090000
vn -0.02450000 -0.99550000 0.09150000
vn -0.36940000 -0.04560000 0.92810000
vn -0.02450000 -0.99550000 0.09150000
vn -0.24730000 0.29510000 0.92290000
vn -0.04090000 -0.99530000 0.08760000
vn -0.04930000 -0.98600000 0.15940000
vn -0.37800000 0.44700000 0.81070000
vn -0.51080000 0.45490000 0.72950000
vn -0.37800000 0.44700000 0.81070000
vn -0.47820000 -0.00700000 0.87820000
vn -0.07300000 -0.98690000 0.14370000
vn -0.05670000 -0.99510000 0.08100000
vn -0.04090000 -0.99530000 0.08760000
vn -0.62590000 0.46520000 0.62600000
vn -0.07170000 -0.99490000 0.07170000
vn -0.09270000 -0.98790000 0.12460000
vn -0.05670000 -0.99510000 0.08100000
vn -0.59170000 0.12590000 0.79620000
vn -0.51080000 0.45490000 0.72950000
vn -0.67570000 0.00320000 0.73720000
vn -0.08530000 -0.99460000 0.05970000
vn -0.07170000 -0.99490000 0.07170000
vn -0.74610000 0.41270000 0.52250000
vn -0.10820000 -0.98880000 0.10310000
vn -0.62590000 0.46520000 0.62600000
vn -0.77110000 -0.04610000 0.63510000
vn -0.09730000 -0.99420000 0.04540000
vn -0.81180000 0.44470000 0.37850000
vn -0.83990000 0.03030000 0.54190000
vn -0.74610000 0.41270000 0.52250000
vn -0.87920000 0.19920000 0.43280000
vn -0.08530000 -0.99460000 0.05970000
vn -0.11920000 -0.98960000 0.08010000
vn -0.81180000 0.44470000 0.37850000
vn -0.09730000 -0.99420000 0.04540000
vn -0.12570000 -0.99050000 0.05640000
vn -0.94960000 -0.01720000 0.31290000
vn -0.10720000 -0.99380000 0.02870000
vn -0.88370000 0.40360000 0.23680000
vn -0.11470000 -0.99330000 0.01000000
vn -0.10720000 -0.99380000 0.02870000
vn -0.12790000 -0.99120000 0.03290000
vn -0.92720000 0.36760000 0.07190000
vn -0.88370000 0.40360000 0.23680000
vn -0.97700000 -0.05840000 0.20520000
vn -0.96830000 0.23490000 0.08470000
vn -0.89600000 0.43700000 -0.07840000
vn -0.12610000 -0.99200000 0.01040000
vn -0.11470000 -0.99330000 0.01000000
vn -0.11950000 -0.99280000 -0.01050000
vn -0.96830000 0.23490000 0.08470000
vn -0.99910000 -0.01130000 -0.04040000
vn -0.84430000 0.48570000 -0.22620000
vn -0.12070000 -0.99260000 -0.01060000
vn -0.11950000 -0.99280000 -0.01050000
vn -0.98680000 -0.02670000 -0.15970000
vn -0.12120000 -0.99210000 -0.03250000
vn -0.89600000 0.43700000 -0.07840000
vn -0.12120000 -0.99210000 -0.03250000
vn -0.11950000 -0.99130000 -0.05570000
vn -0.84430000 0.48570000 -0.22620000
vn -0.94860000 0.12850000 -0.28930000
vn -0.83510000 0.38860000 -0.38940000
vn -0.91350000 0.08740000 -0.39740000
vn -0.11210000 -0.99330000 -0.02950000
vn -0.83510000 0.38860000 -0.38940000
vn -0.73990000 0.42910000 -0.51810000
vn -0.11950000 -0.99130000 -0.05570000
vn -0.10090000 -0.99380000 -0.04600000
vn -0.85650000 -0.06580000 -0.51190000
vn -0.11410000 -0.99030000 -0.07990000
vn 0.23150000 0.97260000 -0.02310000
vn 0.94810000 0.30700000 -0.08290000
vn 0.99260000 -0.05020000 -0.11070000
vn 0.51270000 0.85850000 -0.01100000
vn 0.26170000 0.96500000 0.01930000
vn 0.97070000 0.22820000 0.07470000
vn 0.99550000 0.03640000 0.08710000
vn 0.82290000 0.13890000 0.55090000
vn 0.88840000 0.00050000 0.45900000
vn 0.23840000 0.95860000 0.15580000
vn 0.24020000 0.96250000 0.12600000
vn -0.24360000 0.43160000 0.86860000
vn -0.13190000 0.07750000 0.98820000
vn -0.06210000 0.88020000 0.47060000
vn -0.09970000 0.93230000 0.34750000
vn -0.14600000 0.80350000 0.57710000
vn -0.07420000 0.84300000 0.53280000
vn -0.47820000 -0.00700000 0.87820000
vn -0.18150000 0.92340000 0.33830000
vn -0.37800000 0.44700000 0.81070000
vn -0.13940000 0.92590000 0.35100000
vn -0.36940000 -0.04560000 0.92810000
vn -0.16400000 0.96310000 0.21320000
vn -0.18150000 0.92340000 0.33830000
vn -0.32400000 0.82630000 0.46070000
vn -0.47820000 -0.00700000 0.87820000
vn -0.51080000 0.45490000 0.72950000
vn -0.59170000 0.12590000 0.79620000
vn -0.26550000 0.84080000 0.47180000
vn -0.17620000 0.96450000 0.19690000
vn -0.67570000 0.00320000 0.73720000
vn -0.16400000 0.96310000 0.21320000
vn -0.59170000 0.12590000 0.79620000
vn -0.77110000 -0.04610000 0.63510000
vn -0.17620000 0.96450000 0.19690000
vn -0.37930000 0.86740000 0.32200000
vn -0.62590000 0.46520000 0.62600000
vn -0.67570000 0.00320000 0.73720000
vn -0.28180000 0.93150000 0.23000000
vn -0.32130000 0.88490000 0.33720000
vn -0.28180000 0.93150000 0.23000000
vn -0.77110000 -0.04610000 0.63510000
vn -0.31210000 0.92810000 0.20280000
vn -0.74610000 0.41270000 0.52250000
vn -0.83990000 0.03030000 0.54190000
vn -0.29720000 0.93530000 0.19180000
vn -0.94960000 -0.01720000 0.31290000
vn -0.34000000 0.92490000 0.17030000
vn -0.49900000 0.83370000 0.23660000
vn -0.87920000 0.19920000 0.43280000
vn -0.81180000 0.44470000 0.37850000
vn -0.52140000 0.83290000 0.18540000
vn -0.26960000 0.95930000 0.08440000
vn -0.94960000 -0.01720000 0.31290000
vn -0.97700000 -0.05840000 0.20520000
vn -0.27350000 0.96010000 0.05890000
vn -0.88370000 0.40360000 0.23680000
vn -0.26960000 0.95930000 0.08440000
vn -0.53220000 0.84150000 -0.09290000
vn -0.35700000 0.92740000 -0.11160000
vn -0.94860000 0.12850000 -0.28930000
vn -0.38720000 0.92000000 -0.06030000
vn -0.98680000 -0.02670000 -0.15970000
vn -0.54580000 0.82330000 -0.15590000
vn -0.84430000 0.48570000 -0.22620000
vn -0.78820000 -0.03880000 -0.61420000
vn -0.70430000 0.19600000 -0.68230000
vn -0.21600000 0.96140000 -0.17040000
vn -0.20320000 0.96040000 -0.19080000
vn -0.20320000 0.96040000 -0.19080000
vn -0.33850000 0.83710000 -0.42970000
vn -0.64790000 0.40060000 -0.64790000
vn -0.34930000 0.82640000 -0.44160000
vn -0.70430000 0.19600000 -0.68230000
vn -0.61950000 0.06290000 -0.78250000
vn -0.38210000 0.83850000 -0.38840000
vn -0.27740000 0.84140000 -0.46380000
vn -0.37640000 0.45490000 -0.80710000
vn -0.51270000 0.03850000 -0.85770000
vn -0.39270000 0.25180000 -0.88450000
vn -0.23360000 0.82500000 -0.51460000
vn -0.19360000 0.87760000 -0.43850000
vn -0.17290000 -0.00450000 -0.98490000
vn -0.16160000 0.82900000 -0.53540000
vn -0.09870000 0.83430000 -0.54230000
vn -0.08210000 0.87660000 -0.47410000
vn -0.29800000 0.09040000 -0.95030000
vn -0.22400000 0.50130000 -0.83580000
vn -0.13690000 0.89100000 -0.43290000
vn -0.04230000 0.00570000 -0.99910000
vn 0.06060000 0.13260000 -0.98930000
vn 0.01260000 0.96030000 -0.27850000
vn -0.00840000 0.96150000 -0.27460000
vn 0.10090000 0.83740000 -0.53720000
vn 0.20020000 -0.00140000 -0.97970000
vn 0.04660000 0.83670000 -0.54570000
vn 0.06060000 0.13260000 -0.98930000
vn 0.07740000 0.92780000 -0.36490000
vn 0.07810000 0.44450000 -0.89240000
vn 0.01260000 0.96030000 -0.27850000
vn 0.83280000 0.39460000 -0.38830000
vn 0.24740000 0.95960000 -0.13420000
vn 0.26220000 0.95870000 -0.10990000
vn 0.92390000 -0.02230000 -0.38200000
vn 0.87130000 -0.07420000 -0.48520000
vn 0.37610000 0.92030000 -0.10770000
vn 0.88500000 0.40070000 -0.23710000
vn 0.53990000 0.83740000 -0.08550000
vn 0.23150000 0.97260000 -0.02310000
vn 0.92840000 0.26590000 -0.25950000
vn 0.52670000 0.83850000 -0.13970000
vn 0.99260000 -0.05020000 -0.11070000
vn -0.53220000 0.84150000 -0.09290000
vn -0.38720000 0.92000000 -0.06030000
vn -0.98690000 -0.00070000 -0.16110000
vn -0.99920000 0.00070000 -0.03990000
vn -0.36950000 0.92910000 -0.01470000
vn -0.37060000 0.92870000 -0.01470000
vn -0.98660000 0.00080000 -0.16300000
vn -0.38140000 0.92390000 0.03120000
vn -0.99920000 0.00070000 -0.03990000
vn -0.99970000 -0.01270000 -0.02310000
vn -0.36950000 0.92910000 -0.01470000
vn -0.35750000 0.93350000 0.02770000
vn -0.99780000 -0.01250000 0.06580000
vn -0.99650000 0.00160000 0.08370000
vn 0.21760000 0.88620000 0.40910000
vn 0.13670000 0.92180000 0.36270000
vn 0.35330000 -0.00100000 0.93550000
vn 0.46340000 -0.00020000 0.88620000
vn 0.35090000 0.00100000 0.93640000
vn 0.17200000 0.92690000 0.33370000
vn 0.82950000 -0.00000000 0.55850000
vn 0.37840000 0.88770000 0.26240000
vn 0.75240000 -0.00000000 0.65870000
vn 0.34810000 0.88810000 0.30020000
vn 0.75160000 0.00110000 0.65960000
vn 0.80440000 0.00010000 -0.59410000
vn 0.72450000 0.00010000 -0.68930000
vn 0.35480000 0.87140000 -0.33870000
vn 0.33880000 0.88420000 -0.32140000
vn 0.80440000 -0.00000000 -0.59410000
vn 0.36580000 0.89040000 -0.27100000
vn 0.41580000 -0.00200000 -0.90940000
vn 0.53350000 -0.00160000 -0.84580000
vn 0.53520000 0.00010000 -0.84470000
vn 0.21000000 0.88970000 -0.40540000
vn 0.24600000 0.88810000 -0.38820000
vn 0.32740000 0.70550000 -0.62850000
vn 0.26700000 0.27820000 -0.92270000
vn 0.41580000 -0.00200000 -0.90940000
vn 0.10270000 0.93010000 -0.35260000
vn 0.42960000 0.00950000 -0.90300000
vn 0.32660000 0.01290000 -0.94510000
vn 0.21000000 0.88970000 -0.40540000
vn -0.30420000 0.80950000 -0.50220000
vn -0.40760000 -0.00210000 -0.91320000
vn -0.40580000 -0.00050000 -0.91400000
vn -0.51810000 -0.00070000 -0.85530000
vn -0.27740000 0.84140000 -0.46380000
vn -0.23360000 0.82500000 -0.51460000
vn -0.30250000 0.92510000 -0.22950000
vn -0.20320000 0.96040000 -0.19080000
vn -0.21600000 0.96140000 -0.17040000
vn -0.71030000 0.00080000 -0.70390000
vn -0.79110000 0.00190000 -0.61170000
vn -0.71250000 -0.00160000 -0.70160000
vn -0.38210000 0.83850000 -0.38840000
vn -0.99650000 0.00160000 0.08370000
vn -0.38140000 0.92390000 0.03120000
vn -0.97890000 0.00130000 0.20410000
vn -0.35010000 0.93410000 0.07030000
vn -0.53220000 0.84150000 -0.09290000
vn -0.95830000 0.00130000 -0.28580000
vn -0.95900000 -0.00050000 -0.28360000
vn -0.98690000 -0.00070000 -0.16110000
vn -0.54580000 0.82330000 -0.15590000
vn -0.32710000 0.93410000 -0.14270000
vn -0.91750000 0.00160000 -0.39770000
vn -0.33590000 0.93050000 -0.14590000
vn -0.34380000 0.91690000 -0.20270000
vn -0.91620000 -0.00090000 -0.40070000
vn -0.86150000 0.00070000 -0.50780000
vn -0.86220000 -0.00050000 -0.50660000
vn -0.95830000 0.00130000 -0.28580000
vn -0.35700000 0.92740000 -0.11160000
vn -0.32710000 0.93410000 -0.14270000
vn -0.91750000 0.00160000 -0.39770000
vn -0.54580000 0.82330000 -0.15590000
vn -0.30250000 0.92510000 -0.22950000
vn -0.30830000 0.93320000 -0.18460000
vn -0.79110000 0.00190000 -0.61170000
vn -0.86150000 0.00070000 -0.50780000
vn -0.79190000 0.00080000 -0.61060000
vn -0.34380000 0.91690000 -0.20270000
vn -0.62230000 -0.00270000 -0.78280000
vn -0.33850000 0.83710000 -0.42970000
vn -0.71250000 -0.00160000 -0.70160000
vn -0.38210000 0.83850000 -0.38840000
vn -0.61970000 -0.00000000 -0.78480000
vn -0.51810000 -0.00070000 -0.85530000
vn -0.33850000 0.83710000 -0.42970000
vn -0.51730000 -0.00000000 -0.85580000
vn -0.30420000 0.80950000 -0.50220000
vn -0.34930000 0.82640000 -0.44160000
vn -0.61970000 -0.00000000 -0.78480000
vn -0.40760000 -0.00210000 -0.91320000
vn -0.29740000 -0.00230000 -0.95480000
vn -0.19360000 0.87760000 -0.43850000
vn -0.23360000 0.82500000 -0.51460000
vn -0.16160000 0.82900000 -0.53540000
vn -0.13690000 0.89100000 -0.43290000
vn -0.29530000 -0.00060000 -0.95540000
vn -0.05180000 -0.00000000 -0.99870000
vn -0.02990000 0.87720000 -0.47910000
vn -0.17380000 -0.00000000 -0.98480000
vn -0.04910000 0.00220000 -0.99880000
vn -0.08210000 0.87660000 -0.47410000
vn -0.09870000 0.83430000 -0.54230000
vn -0.17460000 -0.00070000 -0.98460000
vn -0.17380000 -0.00000000 -0.98480000
vn -0.09870000 0.83430000 -0.54230000
vn -0.16160000 0.82900000 -0.53540000
vn -0.29530000 -0.00060000 -0.95540000
vn -0.04910000 0.00220000 -0.99880000
vn 0.06920000 -0.00280000 -0.99760000
vn 0.04660000 0.83670000 -0.54570000
vn 0.01260000 0.96030000 -0.27850000
vn -0.02990000 0.87720000 -0.47910000
vn -0.00840000 0.96150000 -0.27460000
vn 0.07480000 0.00150000 -0.99720000
vn 0.07740000 0.92780000 -0.36490000
vn 0.19440000 0.00120000 -0.98090000
vn 0.10270000 0.93010000 -0.35260000
vn 0.31330000 0.00160000 -0.94970000
vn 0.32660000 0.01290000 -0.94510000
vn 0.10090000 0.83740000 -0.53720000
vn 0.18910000 -0.00310000 -0.98200000
vn 0.19440000 0.00120000 -0.98090000
vn 0.04660000 0.83670000 -0.54570000
vn 0.10090000 0.83740000 -0.53720000
vn 0.06920000 -0.00280000 -0.99760000
vn 0.24600000 0.88810000 -0.38820000
vn 0.63520000 -0.00000000 -0.77240000
vn 0.53520000 0.00010000 -0.84470000
vn 0.25160000 0.88200000 -0.39850000
vn 0.28910000 0.89000000 -0.35260000
vn 0.72440000 -0.00010000 -0.68930000
vn 0.33880000 0.88420000 -0.32140000
vn 0.28910000 0.89000000 -0.35260000
vn 0.63520000 -0.00000000 -0.77240000
vn 0.72450000 0.00010000 -0.68930000
vn 0.30320000 0.87730000 -0.37220000
vn 0.87140000 -0.00000000 -0.49060000
vn 0.39310000 0.89080000 -0.22790000
vn 0.80440000 0.00010000 -0.59410000
vn 0.36580000 0.89040000 -0.27100000
vn 0.87150000 -0.00000000 -0.49050000
vn 0.36640000 0.89000000 -0.27150000
vn 0.33660000 0.93180000 -0.13570000
vn 0.52670000 0.83850000 -0.13970000
vn 0.37610000 0.92030000 -0.10770000
vn 0.92390000 -0.00000000 -0.38270000
vn 0.96480000 -0.00010000 -0.26300000
vn 0.96400000 -0.00250000 -0.26590000
vn 0.92390000 -0.00000000 -0.38270000
vn 0.26220000 0.95870000 -0.10990000
vn 0.24740000 0.95960000 -0.13420000
vn 0.39310000 0.89080000 -0.22790000
vn 0.87150000 -0.00000000 -0.49050000
vn 0.92380000 -0.00020000 -0.38290000
vn 0.33660000 0.93180000 -0.13570000
vn 0.96400000 -0.00250000 -0.26590000
vn 0.53990000 0.83740000 -0.08550000
vn 0.98990000 -0.00170000 -0.14190000
vn 0.52670000 0.83850000 -0.13970000
vn 0.99970000 0.00200000 -0.02230000
vn 0.51270000 0.85850000 -0.01100000
vn 0.98990000 -0.00170000 -0.14190000
vn 0.98950000 0.00060000 -0.14490000
vn 0.23150000 0.97260000 -0.02310000
vn 0.53990000 0.83740000 -0.08550000
vn 0.99960000 -0.00180000 -0.02700000
vn 0.99480000 0.00080000 0.10210000
vn 0.26170000 0.96500000 0.01930000
vn 0.51270000 0.85850000 -0.01100000
vn 0.38460000 0.92230000 0.03920000
vn 0.99960000 -0.00180000 -0.02700000
vn 0.99470000 0.00100000 0.10240000
vn 0.99470000 0.00100000 0.10240000
vn 0.97450000 0.00100000 0.22430000
vn 0.35500000 0.93130000 0.08170000
vn 0.97460000 0.00070000 0.22400000
vn 0.38460000 0.92230000 0.03920000
vn 0.36270000 0.92820000 0.08300000
vn 0.35500000 0.93130000 0.08170000
vn 0.93960000 0.00070000 0.34240000
vn 0.97450000 0.00100000 0.22430000
vn 0.36700000 0.92070000 0.13310000
vn 0.93940000 0.00110000 0.34280000
vn 0.37840000 0.88770000 0.26240000
vn 0.24020000 0.96250000 0.12600000
vn 0.82820000 0.00190000 0.56050000
vn 0.82950000 -0.00000000 0.55850000
vn 0.32690000 0.93070000 0.16390000
vn 0.89080000 0.00160000 0.45450000
vn 0.23840000 0.95860000 0.15580000
vn 0.89080000 0.00160000 0.45450000
vn 0.93940000 0.00110000 0.34280000
vn 0.33150000 0.93550000 0.12250000
vn 0.32690000 0.93070000 0.16390000
vn 0.36700000 0.92070000 0.13310000
vn 0.89110000 0.00090000 0.45370000
vn 0.57020000 0.00050000 0.82150000
vn 0.29950000 0.89150000 0.33980000
vn 0.28540000 0.86570000 0.41130000
vn 0.66800000 -0.00000000 0.74420000
vn 0.57070000 -0.00000000 0.82110000
vn 0.75160000 0.00110000 0.65960000
vn 0.66710000 0.00090000 0.74500000
vn 0.25140000 0.92670000 0.27930000
vn 0.27770000 0.92870000 0.24570000
vn 0.34810000 0.88810000 0.30020000
vn 0.29950000 0.89150000 0.33980000
vn 0.66800000 -0.00000000 0.74420000
vn 0.46340000 -0.00020000 0.88620000
vn 0.21760000 0.88620000 0.40910000
vn 0.25610000 0.89120000 0.37430000
vn 0.28540000 0.86570000 0.41130000
vn 0.46230000 0.00070000 0.88670000
vn 0.57020000 0.00050000 0.82150000
vn 0.08490000 0.93130000 0.35420000
vn 0.13670000 0.92180000 0.36270000
vn 0.12300000 0.93520000 0.33200000
vn 0.35090000 0.00100000 0.93640000
vn 0.23550000 0.00070000 0.97190000
vn 0.23610000 0.00020000 0.97170000
vn 0.11320000 0.00080000 0.99360000
vn 0.09060000 0.92360000 0.37240000
vn 0.23550000 0.00070000 0.97190000
vn 0.04480000 0.92930000 0.36650000
vn 0.04990000 0.88590000 0.46110000
vn 0.08490000 0.93130000 0.35420000
vn 0.11420000 -0.00000000 0.99350000
vn 0.11420000 -0.00000000 0.99350000
vn -0.01070000 -0.00170000 0.99990000
vn -0.00420000 0.88830000 0.45920000
vn 0.04990000 0.88590000 0.46110000
vn -0.01280000 -0.00000000 0.99990000
vn -0.13110000 -0.00090000 0.99140000
vn -0.25540000 -0.00020000 0.96680000
vn -0.25460000 -0.00090000 0.96700000
vn -0.14600000 0.80350000 0.57710000
vn -0.13050000 -0.00040000 0.99150000
vn -0.07420000 0.84300000 0.53280000
vn -0.00420000 0.88830000 0.45920000
vn -0.00350000 0.88130000 0.47250000
vn -0.01070000 -0.00170000 0.99990000
vn -0.13110000 -0.00090000 0.99140000
vn -0.06210000 0.88020000 0.47060000
vn -0.07420000 0.84300000 0.53280000
vn -0.37010000 -0.00130000 0.92900000
vn -0.13720000 0.92880000 0.34430000
vn -0.14600000 0.80350000 0.57710000
vn -0.37050000 -0.00100000 0.92880000
vn -0.25460000 -0.00090000 0.96700000
vn -0.09970000 0.93230000 0.34750000
vn -0.35010000 0.93410000 0.07030000
vn -0.94750000 0.00220000 0.31970000
vn -0.97900000 0.00160000 0.20390000
vn -0.26960000 0.95930000 0.08440000
vn -0.97890000 0.00130000 0.20410000
vn -0.27350000 0.96010000 0.05890000
vn -0.52140000 0.83290000 0.18540000
vn -0.94550000 -0.00290000 0.32560000
vn -0.49900000 0.83370000 0.23660000
vn -0.94750000 0.00220000 0.31970000
vn -0.89830000 -0.00210000 0.43940000
vn -0.52140000 0.83290000 0.18540000
vn -0.34000000 0.92490000 0.17030000
vn -0.29720000 0.93530000 0.19180000
vn -0.89960000 0.00020000 0.43680000
vn -0.89830000 -0.00210000 0.43940000
vn -0.83970000 0.00100000 0.54310000
vn -0.49900000 0.83370000 0.23660000
vn -0.31210000 0.92810000 0.20280000
vn -0.83970000 0.00100000 0.54310000
vn -0.28180000 0.93150000 0.23000000
vn -0.31210000 0.92810000 0.20280000
vn -0.76650000 0.00070000 0.64220000
vn -0.37930000 0.86740000 0.32200000
vn -0.83900000 -0.00000000 0.54420000
vn -0.76590000 -0.00000000 0.64290000
vn -0.67830000 -0.00000000 0.73480000
vn -0.76650000 0.00070000 0.64220000
vn -0.37930000 0.86740000 0.32200000
vn -0.32130000 0.88490000 0.33720000
vn -0.58930000 0.00020000 0.80790000
vn -0.32130000 0.88490000 0.33720000
vn -0.67830000 -0.00000000 0.73480000
vn -0.67820000 -0.00020000 0.73490000
vn -0.17620000 0.96450000 0.19690000
vn -0.32400000 0.82630000 0.46070000
vn -0.16400000 0.96310000 0.21320000
vn -0.58930000 0.00020000 0.80790000
vn -0.32400000 0.82630000 0.46070000
vn -0.48060000 -0.00070000 0.87690000
vn -0.58860000 -0.00050000 0.80840000
vn -0.26550000 0.84080000 0.47180000
vn -0.13940000 0.92590000 0.35100000
vn -0.13720000 0.92880000 0.34430000
vn -0.26550000 0.84080000 0.47180000
vn -0.48060000 -0.00070000 0.87690000
vn -0.48040000 -0.00090000 0.87710000
vn -0.18150000 0.92340000 0.33830000
vn -0.37050000 -0.00100000 0.92880000
vn -0.37060000 0.92870000 -0.01470000
vn -0.99910000 -0.01130000 -0.04040000
vn -0.36950000 0.92910000 -0.01470000
vn -0.96830000 0.23490000 0.08470000
vn -0.92720000 0.36760000 0.07190000
vn -0.35750000 0.93350000 0.02770000
vn -0.37060000 0.92870000 -0.01470000
vn -0.38720000 0.92000000 -0.06030000
vn -0.89600000 0.43700000 -0.07840000
vn -0.98680000 -0.02670000 -0.15970000
vn -0.99910000 -0.01130000 -0.04040000
vn -0.94860000 0.12850000 -0.28930000
vn -0.91350000 0.08740000 -0.39740000
vn -0.35700000 0.92740000 -0.11160000
vn -0.33590000 0.93050000 -0.14590000
vn -0.32710000 0.93410000 -0.14270000
vn -0.33590000 0.93050000 -0.14590000
vn -0.91350000 0.08740000 -0.39740000
vn -0.30830000 0.93320000 -0.18460000
vn -0.34380000 0.91690000 -0.20270000
vn -0.83510000 0.38860000 -0.38940000
vn -0.85650000 -0.06580000 -0.51190000
vn -0.78820000 -0.03880000 -0.61420000
vn -0.21600000 0.96140000 -0.17040000
vn -0.85650000 -0.06580000 -0.51190000
vn -0.73990000 0.42910000 -0.51810000
vn -0.30250000 0.92510000 -0.22950000
vn -0.30830000 0.93320000 -0.18460000
vn -0.51270000 0.03850000 -0.85770000
vn -0.61950000 0.06290000 -0.78250000
vn -0.27740000 0.84140000 -0.46380000
vn -0.30420000 0.80950000 -0.50220000
vn -0.48310000 0.53900000 -0.69000000
vn -0.34930000 0.82640000 -0.44160000
vn -0.39270000 0.25180000 -0.88450000
vn -0.13690000 0.89100000 -0.43290000
vn -0.19360000 0.87760000 -0.43850000
vn -0.29800000 0.09040000 -0.95030000
vn -0.17290000 -0.00450000 -0.98490000
vn -0.08210000 0.87660000 -0.47410000
vn -0.04230000 0.00570000 -0.99910000
vn -0.07690000 0.47020000 -0.87920000
vn -0.00840000 0.96150000 -0.27460000
vn -0.02990000 0.87720000 -0.47910000
vn 0.07740000 0.92780000 -0.36490000
vn 0.26700000 0.27820000 -0.92270000
vn 0.23340000 0.43220000 -0.87100000
vn 0.20020000 -0.00140000 -0.97970000
vn 0.10270000 0.93010000 -0.35260000
vn 0.53340000 0.03990000 -0.84490000
vn 0.32740000 0.70550000 -0.62850000
vn 0.21000000 0.88970000 -0.40540000
vn 0.24600000 0.88810000 -0.38820000
vn 0.40480000 0.28720000 -0.86810000
vn 0.25160000 0.88200000 -0.39850000
vn 0.30320000 0.87730000 -0.37220000
vn 0.25160000 0.88200000 -0.39850000
vn 0.50620000 0.47030000 -0.72290000
vn 0.53340000 0.03990000 -0.84490000
vn 0.63150000 -0.01980000 -0.77510000
vn 0.28910000 0.89000000 -0.35260000
vn 0.70960000 0.19380000 -0.67740000
vn 0.36580000 0.89040000 -0.27100000
vn 0.36640000 0.89000000 -0.27150000
vn 0.79600000 0.13670000 -0.58970000
vn 0.35480000 0.87140000 -0.33870000
vn 0.24740000 0.95960000 -0.13420000
vn 0.39310000 0.89080000 -0.22790000
vn 0.79600000 0.13670000 -0.58970000
vn 0.36640000 0.89000000 -0.27150000
vn 0.87130000 -0.07420000 -0.48520000
vn 0.74010000 0.42860000 -0.51820000
vn 0.37610000 0.92030000 -0.10770000
vn 0.33660000 0.93180000 -0.13570000
vn 0.26220000 0.95870000 -0.10990000
vn 0.92840000 0.26590000 -0.25950000
vn 0.92390000 -0.02230000 -0.38200000
vn 0.97420000 0.03280000 0.22340000
vn 0.36270000 0.92820000 0.08300000
vn 0.35500000 0.93130000 0.08170000
vn 0.38460000 0.92230000 0.03920000
vn 0.26170000 0.96500000 0.01930000
vn 0.97070000 0.22820000 0.07470000
vn 0.36270000 0.92820000 0.08300000
vn 0.97420000 0.03280000 0.22340000
vn 0.36700000 0.92070000 0.13310000
vn 0.87760000 0.41780000 0.23520000
vn 0.33150000 0.93550000 0.12250000
vn 0.93540000 -0.07760000 0.34490000
vn 0.82550000 0.41270000 0.38490000
vn 0.33150000 0.93550000 0.12250000
vn 0.88840000 0.00050000 0.45900000
vn 0.32690000 0.93070000 0.16390000
vn 0.93540000 -0.07760000 0.34490000
vn 0.24020000 0.96250000 0.12600000
vn 0.82290000 0.13890000 0.55090000
vn 0.27770000 0.92870000 0.24570000
vn 0.37840000 0.88770000 0.26240000
vn 0.23840000 0.95860000 0.15580000
vn 0.34810000 0.88810000 0.30020000
vn 0.75070000 -0.03800000 0.65960000
vn 0.75330000 0.39280000 0.52750000
vn 0.27770000 0.92870000 0.24570000
vn 0.63230000 0.44750000 0.63230000
vn 0.66680000 -0.01350000 0.74510000
vn 0.25140000 0.92670000 0.27930000
vn 0.75070000 -0.03800000 0.65960000
vn 0.17200000 0.92690000 0.33370000
vn 0.51020000 0.42800000 0.74600000
vn 0.46090000 0.03010000 0.88690000
vn 0.25610000 0.89120000 0.37430000
vn 0.21760000 0.88620000 0.40910000
vn 0.54950000 0.28700000 0.78470000
vn 0.17200000 0.92690000 0.33370000
vn 0.12300000 0.93520000 0.33200000
vn 0.13670000 0.92180000 0.36270000
vn 0.46090000 0.03010000 0.88690000
vn 0.38010000 0.43720000 0.81510000
vn 0.34720000 -0.07820000 0.93450000
vn 0.04480000 0.92930000 0.36650000
vn 0.11710000 0.08900000 0.98910000
vn 0.04990000 0.88590000 0.46110000
vn -0.00350000 0.88130000 0.47250000
vn -0.00420000 0.88830000 0.45920000
vn 0.07870000 0.42870000 0.90000000
vn -0.00740000 -0.03100000 0.99950000
vn 0.23410000 0.13220000 0.96320000
vn 0.11710000 0.08900000 0.98910000
vn 0.09060000 0.92360000 0.37240000
vn 0.04480000 0.92930000 0.36650000
vn -0.06210000 0.88020000 0.47060000
vn -0.00350000 0.88130000 0.47250000
vn -0.07610000 0.48690000 0.87010000
vn -0.00740000 -0.03100000 0.99950000
vn -0.13190000 0.07750000 0.98820000
vn -0.24360000 0.43160000 0.86860000
vn -0.36940000 -0.04560000 0.92810000
vn -0.24730000 0.29510000 0.92290000
vn -0.09970000 0.93230000 0.34750000
vn -0.13720000 0.92880000 0.34430000
vn -0.13940000 0.92590000 0.35100000
vn -0.87920000 0.19920000 0.43280000
vn -0.34000000 0.92490000 0.17030000
vn -0.83990000 0.03030000 0.54190000
vn -0.29720000 0.93530000 0.19180000
vn -0.27350000 0.96010000 0.05890000
vn -0.38140000 0.92390000 0.03120000
vn -0.92720000 0.36760000 0.07190000
vn -0.35010000 0.93410000 0.07030000
vn -0.97700000 -0.05840000 0.20520000
vn -0.35750000 0.93350000 0.02770000
vn 0.30320000 0.87730000 -0.37220000
vn 0.70960000 0.19380000 -0.67740000
vn 0.63360000 0.44400000 -0.63360000
vn 0.33880000 0.88420000 -0.32140000
vn 0.63150000 -0.01980000 -0.77510000
vn 0.35480000 0.87140000 -0.33870000
vn 0.25140000 0.92670000 0.27930000
vn 0.29950000 0.89150000 0.33980000
vn 0.66680000 -0.01350000 0.74510000
vn 0.25610000 0.89120000 0.37430000
vn 0.51020000 0.42800000 0.74600000
vn 0.28540000 0.86570000 0.41130000
vn 0.12300000 0.93520000 0.33200000
vn 0.23410000 0.13220000 0.96320000
vn 0.23870000 0.38680000 0.89070000
vn 0.08490000 0.93130000 0.35420000
vn 0.09060000 0.92360000 0.37240000
vn 0.34720000 -0.07820000 0.93450000
vn -0.58860000 -0.00050000 0.80840000
vn -0.22830000 -0.88610000 0.40340000
vn -0.48040000 -0.00090000 0.87710000
vn -0.48060000 -0.00070000 0.87690000
vn -0.26380000 -0.88870000 0.37490000
vn -0.28350000 0.06330000 0.95690000
vn -0.06550000 -0.97540000 0.21040000
vn -0.39620000 -0.34780000 0.84970000
vn -0.09450000 -0.97730000 0.18980000
vn -0.16770000 -0.89160000 0.42060000
vn -0.45040000 0.14650000 0.88070000
vn 0.97300000 -0.07200000 0.21950000
vn 0.43820000 -0.89790000 0.04080000
vn 0.43830000 -0.89340000 0.09870000
vn 0.95300000 -0.28930000 0.08960000
vn 0.49970000 -0.86470000 0.05100000
vn 0.91980000 -0.30120000 -0.25160000
vn 0.26990000 -0.96180000 -0.04520000
vn 0.98660000 0.05600000 -0.15330000
vn 0.27590000 -0.95830000 -0.07390000
vn 0.08040000 -0.26500000 -0.96090000
vn 0.08290000 -0.30810000 -0.94770000
vn 0.17630000 0.04530000 -0.98330000
vn 0.04130000 -0.96550000 -0.25730000
vn 0.02490000 -0.96550000 -0.25920000
vn -0.40020000 -0.14500000 -0.90490000
vn -0.30350000 -0.00310000 -0.95280000
vn -0.08320000 -0.96450000 -0.25060000
vn -0.10710000 -0.96230000 -0.25000000
vn -0.17760000 -0.96110000 -0.21140000
vn -0.19520000 -0.96030000 -0.19920000
vn -0.63080000 0.03800000 -0.77500000
vn -0.67750000 -0.28780000 -0.67690000
vn -0.44260000 -0.88750000 -0.12810000
vn -0.90990000 -0.11950000 -0.39710000
vn -0.48190000 -0.86450000 -0.14250000
vn -0.41250000 -0.89380000 -0.17600000
vn -0.93770000 -0.21720000 -0.27100000
vn -0.33710000 -0.92970000 -0.14820000
vn -0.44700000 -0.89390000 -0.03230000
vn -0.98770000 0.01060000 -0.15610000
vn -0.44370000 -0.89340000 -0.07000000
vn -0.88830000 -0.45260000 -0.07770000
vn -0.93330000 -0.35220000 -0.06980000
vn -0.99780000 -0.01250000 0.06580000
vn -0.99970000 -0.01270000 -0.02310000
vn -0.45410000 -0.88940000 0.05240000
vn -0.44700000 -0.89390000 -0.03230000
vn -0.77510000 -0.62520000 0.09090000
vn -0.93330000 -0.35220000 -0.06980000
vn -0.25470000 -0.96250000 0.09390000
vn -0.86220000 -0.30820000 0.40200000
vn -0.94040000 0.07010000 0.33280000
vn -0.88450000 -0.19770000 0.42260000
vn -0.24260000 -0.96340000 0.11390000
vn -0.76730000 0.03170000 0.64050000
vn -0.67390000 -0.00240000 0.73880000
vn -0.17550000 -0.96450000 0.19720000
vn -0.32810000 -0.87940000 0.34500000
vn -0.37180000 -0.87490000 0.31040000
vn -0.62330000 -0.47210000 0.62340000
vn -0.17550000 -0.96450000 0.19720000
vn -0.67390000 -0.00240000 0.73880000
vn -0.16290000 -0.96230000 0.21760000
vn -0.58360000 -0.14480000 0.79900000
vn -0.37180000 -0.87490000 0.31040000
vn -0.38330000 -0.88860000 0.25170000
vn -0.34660000 -0.89150000 0.29180000
vn -0.30840000 -0.93080000 0.19630000
vn -0.73060000 -0.45220000 0.51160000
vn -0.84070000 -0.04310000 0.53980000
vn -0.76730000 0.03170000 0.64050000
vn -0.84070000 -0.04310000 0.53980000
vn -0.88450000 -0.19770000 0.42260000
vn -0.30840000 -0.93080000 0.19630000
vn -0.24260000 -0.96340000 0.11390000
vn -0.34460000 -0.92300000 0.17110000
vn -0.45950000 -0.88300000 0.09540000
vn -0.46540000 -0.87170000 0.15360000
vn -0.97910000 -0.00700000 0.20320000
vn -0.84030000 -0.49320000 0.22520000
vn -0.25470000 -0.96250000 0.09390000
vn -0.94040000 0.07010000 0.33280000
vn -0.45410000 -0.88940000 0.05240000
vn -0.97910000 -0.00700000 0.20320000
vn -0.45470000 -0.88560000 0.09470000
vn -0.77510000 -0.62520000 0.09090000
vn -0.93650000 -0.34090000 0.08190000
vn -0.45950000 -0.88300000 0.09540000
vn -0.44260000 -0.88750000 -0.12810000
vn -0.98770000 0.01060000 -0.15610000
vn -0.93770000 -0.21720000 -0.27100000
vn -0.44370000 -0.89340000 -0.07000000
vn -0.49600000 -0.86440000 -0.08200000
vn -0.87030000 -0.43380000 -0.23320000
vn -0.86020000 0.05510000 -0.50700000
vn -0.90990000 -0.11950000 -0.39710000
vn -0.33710000 -0.92970000 -0.14820000
vn -0.32690000 -0.92550000 -0.19110000
vn -0.83210000 -0.39630000 -0.38800000
vn -0.79070000 -0.04360000 -0.61060000
vn -0.19520000 -0.96030000 -0.19920000
vn -0.32260000 -0.89390000 -0.31130000
vn -0.36050000 -0.89060000 -0.27720000
vn -0.67860000 -0.28120000 -0.67860000
vn -0.67750000 -0.28780000 -0.67690000
vn -0.37270000 -0.88220000 -0.28780000
vn -0.32690000 -0.92550000 -0.19110000
vn -0.39180000 -0.88960000 -0.23480000
vn -0.86020000 0.05510000 -0.50700000
vn -0.72340000 -0.46920000 -0.50650000
vn -0.37270000 -0.88220000 -0.28780000
vn -0.79070000 -0.04360000 -0.61060000
vn -0.23690000 -0.88600000 -0.39870000
vn -0.38940000 -0.38890000 -0.83500000
vn -0.40020000 -0.14500000 -0.90490000
vn -0.10710000 -0.96230000 -0.25000000
vn -0.51230000 -0.00290000 -0.85880000
vn -0.19270000 -0.88880000 -0.41570000
vn -0.51230000 -0.00290000 -0.85880000
vn -0.17760000 -0.96110000 -0.21140000
vn -0.29690000 -0.82220000 -0.48570000
vn -0.35310000 -0.81560000 -0.45840000
vn -0.23690000 -0.88600000 -0.39870000
vn -0.63080000 0.03800000 -0.77500000
vn -0.48270000 -0.54020000 -0.68930000
vn -0.08160000 -0.89210000 -0.44440000
vn -0.30350000 -0.00310000 -0.95280000
vn -0.18030000 0.02510000 -0.98330000
vn -0.22950000 -0.46190000 -0.85670000
vn -0.13380000 -0.88100000 -0.45380000
vn -0.08320000 -0.96450000 -0.25060000
vn -0.18030000 0.02510000 -0.98330000
vn -0.02380000 -0.88520000 -0.46460000
vn -0.05110000 -0.08690000 -0.99490000
vn -0.07720000 -0.46320000 -0.88290000
vn -0.08160000 -0.89210000 -0.44440000
vn -0.08640000 -0.86900000 -0.48720000
vn 0.02890000 -0.87570000 -0.48210000
vn 0.02490000 -0.96550000 -0.25920000
vn -0.02380000 -0.88520000 -0.46460000
vn -0.02390000 -0.88710000 -0.46090000
vn -0.05110000 -0.08690000 -0.99490000
vn 0.08040000 -0.26500000 -0.96090000
vn 0.22120000 -0.51950000 -0.82540000
vn 0.16340000 -0.84780000 -0.50460000
vn 0.11910000 -0.81440000 -0.56790000
vn 0.04130000 -0.96550000 -0.25730000
vn 0.30810000 -0.06420000 -0.94920000
vn 0.17630000 0.04530000 -0.98330000
vn 0.15780000 -0.86110000 -0.48330000
vn 0.12540000 -0.95860000 -0.25560000
vn 0.30810000 -0.06420000 -0.94920000
vn 0.19120000 -0.88850000 -0.41710000
vn 0.42110000 -0.21400000 -0.88140000
vn 0.15780000 -0.86110000 -0.48330000
vn 0.39710000 -0.34250000 -0.85150000
vn 0.12540000 -0.95860000 -0.25560000
vn 0.52560000 0.03030000 -0.85020000
vn 0.14100000 -0.96190000 -0.23430000
vn 0.42110000 -0.21400000 -0.88140000
vn 0.28190000 -0.89390000 -0.34840000
vn 0.62910000 0.01020000 -0.77720000
vn 0.14100000 -0.96190000 -0.23430000
vn 0.26170000 -0.87700000 -0.40290000
vn 0.50460000 -0.47560000 -0.72060000
vn 0.52560000 0.03030000 -0.85020000
vn 0.63710000 -0.43380000 -0.63710000
vn 0.70350000 -0.21750000 -0.67660000
vn 0.62910000 0.01020000 -0.77720000
vn 0.32830000 -0.89030000 -0.31550000
vn 0.28190000 -0.89390000 -0.34840000
vn 0.31290000 -0.86970000 -0.38160000
vn 0.70350000 -0.21750000 -0.67660000
vn 0.79560000 -0.12340000 -0.59310000
vn 0.35850000 -0.89440000 -0.26740000
vn 0.32830000 -0.89030000 -0.31550000
vn 0.36450000 -0.86460000 -0.34580000
vn 0.38580000 -0.89500000 -0.22400000
vn 0.35850000 -0.89440000 -0.26740000
vn 0.24810000 -0.95920000 -0.13550000
vn 0.73600000 -0.43900000 -0.51540000
vn 0.79560000 -0.12340000 -0.59310000
vn 0.86980000 0.07990000 -0.48690000
vn 0.37580000 -0.88390000 -0.27850000
vn 0.91980000 -0.30120000 -0.25160000
vn 0.34790000 -0.93240000 -0.09830000
vn 0.94030000 -0.22880000 -0.25200000
vn 0.33730000 -0.93150000 -0.13610000
vn 0.25820000 -0.96000000 -0.10880000
vn 0.92340000 0.01400000 -0.38370000
vn 0.27590000 -0.95830000 -0.07390000
vn 0.25820000 -0.96000000 -0.10880000
vn 0.86980000 0.07990000 -0.48690000
vn 0.83350000 -0.39280000 -0.38860000
vn 0.24810000 -0.95920000 -0.13550000
vn 0.92340000 0.01400000 -0.38370000
vn 0.99950000 -0.02060000 -0.02560000
vn 0.45690000 -0.88940000 -0.01120000
vn 0.86990000 -0.48730000 -0.07610000
vn 0.98660000 0.05600000 -0.15330000
vn 0.46820000 -0.88140000 -0.06270000
vn 0.26990000 -0.96180000 -0.04520000
vn 0.99950000 -0.02060000 -0.02560000
vn 0.95300000 -0.28930000 0.08960000
vn 0.45690000 -0.88940000 -0.01120000
vn 0.48710000 -0.87330000 -0.00990000
vn 0.43820000 -0.89790000 0.04080000
vn 0.92640000 -0.36780000 0.08100000
vn 0.43830000 -0.89340000 0.09870000
vn 0.46820000 -0.87700000 0.10760000
vn 0.85150000 -0.47210000 0.22820000
vn 0.97300000 -0.07200000 0.21950000
vn 0.93840000 0.03180000 0.34420000
vn 0.45150000 -0.87680000 0.16560000
vn 0.40710000 -0.88940000 0.20800000
vn 0.40480000 -0.87190000 0.27540000
vn 0.80010000 -0.25280000 0.54400000
vn 0.40870000 -0.88840000 0.20900000
vn 0.88700000 -0.08730000 0.45340000
vn 0.93840000 0.03180000 0.34420000
vn 0.42600000 -0.89140000 0.15440000
vn 0.80830000 -0.45220000 0.37690000
vn 0.45150000 -0.87680000 0.16560000
vn 0.88700000 -0.08730000 0.45340000
vn 0.40870000 -0.88840000 0.20900000
vn 0.40480000 -0.87190000 0.27540000
vn 0.39200000 -0.88080000 0.26540000
vn 0.75610000 0.02020000 0.65410000
vn 0.34150000 -0.89230000 0.29530000
vn 0.74860000 -0.40600000 0.52420000
vn 0.80010000 -0.25280000 0.54400000
vn 0.52400000 -0.42730000 0.73680000
vn 0.30630000 -0.88800000 0.34310000
vn 0.30890000 -0.88580000 0.34640000
vn 0.53920000 -0.34090000 0.77010000
vn 0.26590000 -0.88900000 0.37270000
vn 0.66550000 -0.00700000 0.74630000
vn 0.36380000 -0.87570000 0.31750000
vn 0.34150000 -0.89230000 0.29530000
vn 0.66550000 -0.00700000 0.74630000
vn 0.61520000 -0.49300000 0.61520000
vn 0.75610000 0.02020000 0.65410000
vn 0.30890000 -0.88580000 0.34640000
vn 0.26590000 -0.88900000 0.37270000
vn 0.25640000 -0.84050000 0.47720000
vn 0.33700000 -0.80400000 0.48990000
vn 0.45920000 -0.06010000 0.88630000
vn 0.16990000 -0.92780000 0.33230000
vn 0.52400000 -0.42730000 0.73680000
vn 0.12810000 -0.93110000 0.34140000
vn 0.13070000 -0.92760000 0.34990000
vn 0.34940000 0.08070000 0.93350000
vn 0.23960000 -0.37790000 0.89430000
vn 0.23870000 -0.22070000 0.94570000
vn 0.09100000 -0.93040000 0.35520000
vn 0.34940000 0.08070000 0.93350000
vn 0.13070000 -0.92760000 0.34990000
vn 0.37940000 -0.44040000 0.81370000
vn 0.16990000 -0.92780000 0.33230000
vn 0.45920000 -0.06010000 0.88630000
vn 0.05260000 -0.89330000 0.44640000
vn 0.23870000 -0.22070000 0.94570000
vn 0.09100000 -0.93040000 0.35520000
vn 0.11590000 -0.12320000 0.98560000
vn 0.11390000 -0.86860000 0.48220000
vn 0.07830000 -0.43900000 0.89510000
vn -0.00680000 -0.95760000 0.28800000
vn -0.01320000 0.08000000 0.99670000
vn 0.11590000 -0.12320000 0.98560000
vn 0.00070000 -0.89210000 0.45190000
vn 0.05260000 -0.89330000 0.44640000
vn 0.05390000 -0.87890000 0.47400000
vn -0.02960000 -0.96040000 0.27690000
vn -0.12050000 -0.07500000 0.98990000
vn -0.01320000 0.08000000 0.99670000
vn -0.00680000 -0.95760000 0.28800000
vn -0.08020000 -0.39270000 0.91620000
vn -0.24350000 -0.33940000 0.90860000
vn -0.28350000 0.06330000 0.95690000
vn -0.12050000 -0.07500000 0.98990000
vn -0.06550000 -0.97540000 0.21040000
vn -0.13010000 -0.84010000 0.52660000
vn -0.07970000 -0.83780000 0.54020000
vn -0.02960000 -0.96040000 0.27690000
vn -0.37180000 -0.87490000 0.31040000
vn -0.34660000 -0.89150000 0.29180000
vn -0.67830000 -0.00000000 0.73480000
vn -0.67820000 -0.00020000 0.73490000
vn -0.76590000 -0.00000000 0.64290000
vn -0.32810000 -0.87940000 0.34500000
vn -0.34660000 -0.89150000 0.29180000
vn -0.76650000 0.00070000 0.64220000
vn -0.76590000 -0.00000000 0.64290000
vn -0.83900000 -0.00000000 0.54420000
vn -0.38330000 -0.88860000 0.25170000
vn -0.17550000 -0.96450000 0.19720000
vn -0.58930000 0.00020000 0.80790000
vn -0.67820000 -0.00020000 0.73490000
vn -0.58860000 -0.00050000 0.80840000
vn -0.26380000 -0.88870000 0.37490000
vn -0.16290000 -0.96230000 0.21760000
vn -0.32810000 -0.87940000 0.34500000
vn -0.26380000 -0.88870000 0.37490000
vn -0.22830000 -0.88610000 0.40340000
vn -0.09450000 -0.97730000 0.18980000
vn -0.52840000 -0.38900000 0.75460000
vn -0.45040000 0.14650000 0.88070000
vn -0.16290000 -0.96230000 0.21760000
vn -0.58360000 -0.14480000 0.79900000
vn -0.89960000 0.00020000 0.43680000
vn -0.25470000 -0.96250000 0.09390000
vn -0.89830000 -0.00210000 0.43940000
vn -0.94550000 -0.00290000 0.32560000
vn -0.46540000 -0.87170000 0.15360000
vn -0.24260000 -0.96340000 0.11390000
vn -0.34460000 -0.92300000 0.17110000
vn -0.83900000 -0.00000000 0.54420000
vn -0.83970000 0.00100000 0.54310000
vn -0.89960000 0.00020000 0.43680000
vn -0.30840000 -0.93080000 0.19630000
vn -0.38330000 -0.88860000 0.25170000
vn -0.34460000 -0.92300000 0.17110000
vn -0.45950000 -0.88300000 0.09540000
vn -0.94550000 -0.00290000 0.32560000
vn -0.97900000 0.00160000 0.20390000
vn -0.46540000 -0.87170000 0.15360000
vn -0.94750000 0.00220000 0.31970000
vn -0.45470000 -0.88560000 0.09470000
vn -0.45470000 -0.88560000 0.09470000
vn -0.99650000 0.00160000 0.08370000
vn -0.99780000 -0.01250000 0.06580000
vn -0.45410000 -0.88940000 0.05240000
vn -0.97900000 0.00160000 0.20390000
vn -0.97890000 0.00130000 0.20410000
vn -0.48190000 -0.86450000 -0.14250000
vn -0.44260000 -0.88750000 -0.12810000
vn -0.98660000 0.00080000 -0.16300000
vn -0.95900000 -0.00050000 -0.28360000
vn -0.98690000 -0.00070000 -0.16110000
vn -0.49600000 -0.86440000 -0.08200000
vn -0.41250000 -0.89380000 -0.17600000
vn -0.48190000 -0.86450000 -0.14250000
vn -0.91750000 0.00160000 -0.39770000
vn -0.95830000 0.00130000 -0.28580000
vn -0.95900000 -0.00050000 -0.28360000
vn -0.91620000 -0.00090000 -0.40070000
vn -0.79190000 0.00080000 -0.61060000
vn -0.36050000 -0.89060000 -0.27720000
vn -0.86220000 -0.00050000 -0.50660000
vn -0.37270000 -0.88220000 -0.28780000
vn -0.39180000 -0.88960000 -0.23480000
vn -0.86150000 0.00070000 -0.50780000
vn -0.36050000 -0.89060000 -0.27720000
vn -0.32260000 -0.89390000 -0.31130000
vn -0.79190000 0.00080000 -0.61060000
vn -0.71030000 0.00080000 -0.70390000
vn -0.79110000 0.00190000 -0.61170000
vn -0.71030000 0.00080000 -0.70390000
vn -0.71250000 -0.00160000 -0.70160000
vn -0.62230000 -0.00270000 -0.78280000
vn -0.19520000 -0.96030000 -0.19920000
vn -0.32260000 -0.89390000 -0.31130000
vn -0.35310000 -0.81560000 -0.45840000
vn -0.17760000 -0.96110000 -0.21140000
vn -0.35310000 -0.81560000 -0.45840000
vn -0.62230000 -0.00270000 -0.78280000
vn -0.51730000 -0.00000000 -0.85580000
vn -0.61970000 -0.00000000 -0.78480000
vn -0.29690000 -0.82220000 -0.48570000
vn -0.29690000 -0.82220000 -0.48570000
vn -0.19270000 -0.88880000 -0.41570000
vn -0.51730000 -0.00000000 -0.85580000
vn -0.23690000 -0.88600000 -0.39870000
vn -0.51810000 -0.00070000 -0.85530000
vn -0.40580000 -0.00050000 -0.91400000
vn -0.13380000 -0.88100000 -0.45380000
vn -0.40580000 -0.00050000 -0.91400000
vn -0.29740000 -0.00230000 -0.95480000
vn -0.40760000 -0.00210000 -0.91320000
vn -0.10710000 -0.96230000 -0.25000000
vn -0.08320000 -0.96450000 -0.25060000
vn -0.19270000 -0.88880000 -0.41570000
vn -0.13380000 -0.88100000 -0.45380000
vn -0.17460000 -0.00070000 -0.98460000
vn -0.29530000 -0.00060000 -0.95540000
vn -0.29740000 -0.00230000 -0.95480000
vn -0.08640000 -0.86900000 -0.48720000
vn -0.08160000 -0.89210000 -0.44440000
vn 0.02890000 -0.87570000 -0.48210000
vn 0.02490000 -0.96550000 -0.25920000
vn 0.18910000 -0.00310000 -0.98200000
vn 0.06920000 -0.00280000 -0.99760000
vn 0.04130000 -0.96550000 -0.25730000
vn 0.11910000 -0.81440000 -0.56790000
vn 0.07480000 0.00150000 -0.99720000
vn -0.02390000 -0.88710000 -0.46090000
vn 0.07480000 0.00150000 -0.99720000
vn -0.04910000 0.00220000 -0.99880000
vn -0.05180000 -0.00000000 -0.99870000
vn 0.02890000 -0.87570000 -0.48210000
vn 0.26170000 -0.87700000 -0.40290000
vn 0.19120000 -0.88850000 -0.41710000
vn 0.41580000 -0.00200000 -0.90940000
vn 0.12540000 -0.95860000 -0.25560000
vn 0.53350000 -0.00160000 -0.84580000
vn 0.42960000 0.00950000 -0.90300000
vn 0.14100000 -0.96190000 -0.23430000
vn 0.15780000 -0.86110000 -0.48330000
vn 0.16340000 -0.84780000 -0.50460000
vn 0.31330000 0.00160000 -0.94970000
vn 0.42960000 0.00950000 -0.90300000
vn 0.32660000 0.01290000 -0.94510000
vn 0.19120000 -0.88850000 -0.41710000
vn 0.28190000 -0.89390000 -0.34840000
vn 0.63520000 -0.00000000 -0.77240000
vn 0.31290000 -0.86970000 -0.38160000
vn 0.53350000 -0.00160000 -0.84580000
vn 0.26170000 -0.87700000 -0.40290000
vn 0.53520000 0.00010000 -0.84470000
vn 0.32830000 -0.89030000 -0.31550000
vn 0.36450000 -0.86460000 -0.34580000
vn 0.31290000 -0.86970000 -0.38160000
vn 0.72440000 -0.00010000 -0.68930000
vn 0.63520000 -0.00000000 -0.77240000
vn 0.36450000 -0.86460000 -0.34580000
vn 0.72440000 -0.00010000 -0.68930000
vn 0.72450000 0.00010000 -0.68930000
vn 0.35850000 -0.89440000 -0.26740000
vn 0.37580000 -0.88390000 -0.27850000
vn 0.80440000 -0.00000000 -0.59410000
vn 0.87150000 -0.00000000 -0.49050000
vn 0.87140000 -0.00000000 -0.49060000
vn 0.38580000 -0.89500000 -0.22400000
vn 0.33730000 -0.93150000 -0.13610000
vn 0.24810000 -0.95920000 -0.13550000
vn 0.25820000 -0.96000000 -0.10880000
vn 0.92380000 -0.00020000 -0.38290000
vn 0.80440000 0.00010000 -0.59410000
vn 0.87140000 -0.00000000 -0.49060000
vn 0.80440000 -0.00000000 -0.59410000
vn 0.38580000 -0.89500000 -0.22400000
vn 0.37580000 -0.88390000 -0.27850000
vn 0.98950000 0.00060000 -0.14490000
vn 0.98990000 -0.00170000 -0.14190000
vn 0.96400000 -0.00250000 -0.26590000
vn 0.27590000 -0.95830000 -0.07390000
vn 0.34790000 -0.93240000 -0.09830000
vn 0.96480000 -0.00010000 -0.26300000
vn 0.46820000 -0.88140000 -0.06270000
vn 0.26990000 -0.96180000 -0.04520000
vn 0.48710000 -0.87330000 -0.00990000
vn 0.99970000 0.00200000 -0.02230000
vn 0.98950000 0.00060000 -0.14490000
vn 0.45690000 -0.88940000 -0.01120000
vn 0.46820000 -0.88140000 -0.06270000
vn 0.49970000 -0.86470000 0.05100000
vn 0.46820000 -0.87700000 0.10760000
vn 0.43830000 -0.89340000 0.09870000
vn 0.99480000 0.00080000 0.10210000
vn 0.99470000 0.00100000 0.10240000
vn 0.97460000 0.00070000 0.22400000
vn 0.42600000 -0.89140000 0.15440000
vn 0.93960000 0.00070000 0.34240000
vn 0.97450000 0.00100000 0.22430000
vn 0.46820000 -0.87700000 0.10760000
vn 0.97460000 0.00070000 0.22400000
vn 0.45150000 -0.87680000 0.16560000
vn 0.40710000 -0.88940000 0.20800000
vn 0.93960000 0.00070000 0.34240000
vn 0.93940000 0.00110000 0.34280000
vn 0.42600000 -0.89140000 0.15440000
vn 0.89110000 0.00090000 0.45370000
vn 0.40870000 -0.88840000 0.20900000
vn 0.89080000 0.00160000 0.45450000
vn 0.89110000 0.00090000 0.45370000
vn 0.39200000 -0.88080000 0.26540000
vn 0.40480000 -0.87190000 0.27540000
vn 0.40710000 -0.88940000 0.20800000
vn 0.82820000 0.00190000 0.56050000
vn 0.39200000 -0.88080000 0.26540000
vn 0.82820000 0.00190000 0.56050000
vn 0.82950000 -0.00000000 0.55850000
vn 0.34150000 -0.89230000 0.29530000
vn 0.36380000 -0.87570000 0.31750000
vn 0.75240000 -0.00000000 0.65870000
vn 0.75240000 -0.00000000 0.65870000
vn 0.30890000 -0.88580000 0.34640000
vn 0.75160000 0.00110000 0.65960000
vn 0.66710000 0.00090000 0.74500000
vn 0.30630000 -0.88800000 0.34310000
vn 0.36380000 -0.87570000 0.31750000
vn 0.26590000 -0.88900000 0.37270000
vn 0.33700000 -0.80400000 0.48990000
vn 0.57070000 -0.00000000 0.82110000
vn 0.66710000 0.00090000 0.74500000
vn 0.66800000 -0.00000000 0.74420000
vn 0.30630000 -0.88800000 0.34310000
vn 0.25640000 -0.84050000 0.47720000
vn 0.35330000 -0.00100000 0.93550000
vn 0.46230000 0.00070000 0.88670000
vn 0.12810000 -0.93110000 0.34140000
vn 0.13070000 -0.92760000 0.34990000
vn 0.46340000 -0.00020000 0.88620000
vn 0.16990000 -0.92780000 0.33230000
vn 0.09100000 -0.93040000 0.35520000
vn 0.35330000 -0.00100000 0.93550000
vn 0.11390000 -0.86860000 0.48220000
vn 0.12810000 -0.93110000 0.34140000
vn 0.35090000 0.00100000 0.93640000
vn 0.23610000 0.00020000 0.97170000
vn -0.13110000 -0.00090000 0.99140000
vn -0.13050000 -0.00040000 0.99150000
vn -0.07970000 -0.83780000 0.54020000
vn 0.00070000 -0.89210000 0.45190000
vn -0.00680000 -0.95760000 0.28800000
vn -0.01070000 -0.00170000 0.99990000
vn -0.01280000 -0.00000000 0.99990000
vn -0.02960000 -0.96040000 0.27690000
vn 0.11320000 0.00080000 0.99360000
vn 0.11420000 -0.00000000 0.99350000
vn -0.01280000 -0.00000000 0.99990000
vn 0.05390000 -0.87890000 0.47400000
vn 0.00070000 -0.89210000 0.45190000
vn -0.16770000 -0.89160000 0.42060000
vn -0.25460000 -0.00090000 0.96700000
vn -0.25540000 -0.00020000 0.96680000
vn -0.13010000 -0.84010000 0.52660000
vn -0.06550000 -0.97540000 0.21040000
vn -0.37010000 -0.00130000 0.92900000
vn -0.07970000 -0.83780000 0.54020000
vn -0.13010000 -0.84010000 0.52660000
vn -0.13050000 -0.00040000 0.99150000
vn -0.25540000 -0.00020000 0.96680000
vn -0.22830000 -0.88610000 0.40340000
vn -0.37050000 -0.00100000 0.92880000
vn -0.16770000 -0.89160000 0.42060000
vn -0.09450000 -0.97730000 0.18980000
vn -0.37010000 -0.00130000 0.92900000
vn -0.48040000 -0.00090000 0.87710000
vn -0.99970000 -0.01270000 -0.02310000
vn -0.98660000 0.00080000 -0.16300000
vn -0.49600000 -0.86440000 -0.08200000
vn -0.99920000 0.00070000 -0.03990000
vn -0.44370000 -0.89340000 -0.07000000
vn -0.44700000 -0.89390000 -0.03230000
vn -0.86220000 -0.00050000 -0.50660000
vn -0.32690000 -0.92550000 -0.19110000
vn -0.33710000 -0.92970000 -0.14820000
vn -0.41250000 -0.89380000 -0.17600000
vn -0.91620000 -0.00090000 -0.40070000
vn -0.39180000 -0.88960000 -0.23480000
vn -0.02380000 -0.88520000 -0.46460000
vn -0.08640000 -0.86900000 -0.48720000
vn -0.17460000 -0.00070000 -0.98460000
vn -0.05180000 -0.00000000 -0.99870000
vn -0.17380000 -0.00000000 -0.98480000
vn -0.02390000 -0.88710000 -0.46090000
vn 0.31330000 0.00160000 -0.94970000
vn 0.11910000 -0.81440000 -0.56790000
vn 0.18910000 -0.00310000 -0.98200000
vn 0.19440000 0.00120000 -0.98090000
vn 0.16340000 -0.84780000 -0.50460000
vn 0.96480000 -0.00010000 -0.26300000
vn 0.92390000 -0.00000000 -0.38270000
vn 0.34790000 -0.93240000 -0.09830000
vn 0.33730000 -0.93150000 -0.13610000
vn 0.92380000 -0.00020000 -0.38290000
vn 0.43820000 -0.89790000 0.04080000
vn 0.99960000 -0.00180000 -0.02700000
vn 0.99970000 0.00200000 -0.02230000
vn 0.49970000 -0.86470000 0.05100000
vn 0.48710000 -0.87330000 -0.00990000
vn 0.99480000 0.00080000 0.10210000
vn 0.46230000 0.00070000 0.88670000
vn 0.57070000 -0.00000000 0.82110000
vn 0.57020000 0.00050000 0.82150000
vn 0.25640000 -0.84050000 0.47720000
vn 0.33700000 -0.80400000 0.48990000
vn 0.05260000 -0.89330000 0.44640000
vn 0.11320000 0.00080000 0.99360000
vn 0.23610000 0.00020000 0.97170000
vn 0.23550000 0.00070000 0.97190000
vn 0.11390000 -0.86860000 0.48220000
vn 0.05390000 -0.87890000 0.47400000
vn 0.85150000 -0.47210000 0.22820000
vn 0.95300000 -0.28930000 0.08960000
vn 0.97300000 -0.07200000 0.21950000
vn 0.92640000 -0.36780000 0.08100000
vn 0.92640000 -0.36780000 0.08100000
vn 0.86990000 -0.48730000 -0.07610000
vn 0.99950000 -0.02060000 -0.02560000
vn 0.74860000 -0.40600000 0.52420000
vn 0.80010000 -0.25280000 0.54400000
vn 0.80830000 -0.45220000 0.37690000
vn 0.88700000 -0.08730000 0.45340000
vn 0.93840000 0.03180000 0.34420000
vn 0.85150000 -0.47210000 0.22820000
vn 0.80830000 -0.45220000 0.37690000
vn 0.53920000 -0.34090000 0.77010000
vn 0.66550000 -0.00700000 0.74630000
vn 0.61520000 -0.49300000 0.61520000
vn 0.61520000 -0.49300000 0.61520000
vn 0.75610000 0.02020000 0.65410000
vn 0.74860000 -0.40600000 0.52420000
vn 0.37940000 -0.44040000 0.81370000
vn 0.53920000 -0.34090000 0.77010000
vn 0.45920000 -0.06010000 0.88630000
vn 0.52400000 -0.42730000 0.73680000
vn 0.07830000 -0.43900000 0.89510000
vn 0.23960000 -0.37790000 0.89430000
vn 0.23870000 -0.22070000 0.94570000
vn 0.11590000 -0.12320000 0.98560000
vn 0.37940000 -0.44040000 0.81370000
vn 0.34940000 0.08070000 0.93350000
vn 0.23960000 -0.37790000 0.89430000
vn -0.08020000 -0.39270000 0.91620000
vn -0.24350000 -0.33940000 0.90860000
vn -0.12050000 -0.07500000 0.98990000
vn 0.07830000 -0.43900000 0.89510000
vn -0.08020000 -0.39270000 0.91620000
vn -0.01320000 0.08000000 0.99670000
vn -0.28350000 0.06330000 0.95690000
vn -0.39620000 -0.34780000 0.84970000
vn -0.24350000 -0.33940000 0.90860000
vn -0.39620000 -0.34780000 0.84970000
vn -0.45040000 0.14650000 0.88070000
vn -0.52840000 -0.38900000 0.75460000
vn -0.67390000 -0.00240000 0.73880000
vn -0.52840000 -0.38900000 0.75460000
vn -0.62330000 -0.47210000 0.62340000
vn -0.58360000 -0.14480000 0.79900000
vn -0.88450000 -0.19770000 0.42260000
vn -0.84070000 -0.04310000 0.53980000
vn -0.73060000 -0.45220000 0.51160000
vn -0.86220000 -0.30820000 0.40200000
vn -0.76730000 0.03170000 0.64050000
vn -0.73060000 -0.45220000 0.51160000
vn -0.62330000 -0.47210000 0.62340000
vn -0.93650000 -0.34090000 0.08190000
vn -0.84030000 -0.49320000 0.22520000
vn -0.97910000 -0.00700000 0.20320000
vn -0.94040000 0.07010000 0.33280000
vn -0.84030000 -0.49320000 0.22520000
vn -0.86220000 -0.30820000 0.40200000
vn -0.93330000 -0.35220000 -0.06980000
vn -0.88830000 -0.45260000 -0.07770000
vn -0.93650000 -0.34090000 0.08190000
vn -0.77510000 -0.62520000 0.09090000
vn -0.87030000 -0.43380000 -0.23320000
vn -0.98770000 0.01060000 -0.15610000
vn -0.88830000 -0.45260000 -0.07770000
vn -0.93770000 -0.21720000 -0.27100000
vn -0.90990000 -0.11950000 -0.39710000
vn -0.83210000 -0.39630000 -0.38800000
vn -0.87030000 -0.43380000 -0.23320000
vn -0.79070000 -0.04360000 -0.61060000
vn -0.72340000 -0.46920000 -0.50650000
vn -0.67860000 -0.28120000 -0.67860000
vn -0.83210000 -0.39630000 -0.38800000
vn -0.72340000 -0.46920000 -0.50650000
vn -0.86020000 0.05510000 -0.50700000
vn -0.67750000 -0.28780000 -0.67690000
vn -0.63080000 0.03800000 -0.77500000
vn -0.48270000 -0.54020000 -0.68930000
vn -0.67860000 -0.28120000 -0.67860000
vn -0.48270000 -0.54020000 -0.68930000
vn -0.38940000 -0.38890000 -0.83500000
vn -0.51230000 -0.00290000 -0.85880000
vn -0.38940000 -0.38890000 -0.83500000
vn -0.30350000 -0.00310000 -0.95280000
vn -0.22950000 -0.46190000 -0.85670000
vn -0.40020000 -0.14500000 -0.90490000
vn -0.07720000 -0.46320000 -0.88290000
vn 0.08290000 -0.30810000 -0.94770000
vn 0.08040000 -0.26500000 -0.96090000
vn -0.05110000 -0.08690000 -0.99490000
vn -0.18030000 0.02510000 -0.98330000
vn -0.22950000 -0.46190000 -0.85670000
vn -0.07720000 -0.46320000 -0.88290000
vn 0.39710000 -0.34250000 -0.85150000
vn 0.22120000 -0.51950000 -0.82540000
vn 0.30810000 -0.06420000 -0.94920000
vn 0.08290000 -0.30810000 -0.94770000
vn 0.22120000 -0.51950000 -0.82540000
vn 0.17630000 0.04530000 -0.98330000
vn 0.42110000 -0.21400000 -0.88140000
vn 0.50460000 -0.47560000 -0.72060000
vn 0.52560000 0.03030000 -0.85020000
vn 0.39710000 -0.34250000 -0.85150000
vn 0.62910000 0.01020000 -0.77720000
vn 0.50460000 -0.47560000 -0.72060000
vn 0.63710000 -0.43380000 -0.63710000
vn 0.63710000 -0.43380000 -0.63710000
vn 0.73600000 -0.43900000 -0.51540000
vn 0.79560000 -0.12340000 -0.59310000
vn 0.70350000 -0.21750000 -0.67660000
vn 0.83350000 -0.39280000 -0.38860000
vn 0.92340000 0.01400000 -0.38370000
vn 0.94030000 -0.22880000 -0.25200000
vn 0.83350000 -0.39280000 -0.38860000
vn 0.86980000 0.07990000 -0.48690000
vn 0.73600000 -0.43900000 -0.51540000
vn 0.91980000 -0.30120000 -0.25160000
vn 0.94030000 -0.22880000 -0.25200000
vn 0.98660000 0.05600000 -0.15330000
vn 0.86990000 -0.48730000 -0.07610000
f 54//54 58//58 128//128
f 131//131 57//57 678//678
f 679//679 56//56 61//61
f 680//680 60//60 1112//1112
f 63//63 705//705 59//59
f 62//62 709//709 1116//1116
f 710//710 65//65 133//133
f 134//134 64//64 68//68
f 137//137 67//67 1131//1131
f 1130//1130 66//66 71//71
f 1133//1133 72//72 732//732
f 74//74 738//738 70//70
f 69//69 740//740 733//733
f 76//76 142//142 75//75
f 73//73 141//141 736//736
f 752//752 78//78 80//80
f 756//756 1159//1159 79//79
f 77//77 1158//1158 140//140
f 86//86 764//764 81//81
f 82//82 761//761 758//758
f 794//794 83//83 87//87
f 793//793 144//144 84//84
f 85//85 145//145 760//760
f 91//91 797//797 89//89
f 88//88 798//798 789//789
f 96//96 826//826 1188//1188
f 95//95 1190//1190 90//90
f 92//92 1185//1185 799//799
f 829//829 94//94 822//822
f 824//824 93//93 99//99
f 825//825 98//98 853//853
f 852//852 97//97 102//102
f 850//850 100//100 854//854
f 106//106 876//876 103//103
f 101//101 871//871 855//855
f 872//872 105//105 147//147
f 148//148 104//104 107//107
f 150//150 108//108 158//158
f 157//157 109//109 111//111
f 154//154 110//110 161//161
f 116//116 926//926 113//113
f 112//112 927//927 159//159
f 117//117 934//934 114//114
f 115//115 932//932 928//928
f 167//167 120//120 123//123
f 164//164 169//169 119//119
f 118//118 168//168 937//937
f 124//124 957//957 121//121
f 122//122 958//958 165//165
f 1//1 975//975 1218//1218
f 2//2 1219//1219 125//125
f 126//126 1215//1215 961//961
f 976//976 3//3 986//986
f 983//983 4//4 6//6
f 982//982 7//7 1008//1008
f 1005//1005 5//5 8//8
f 1006//1006 11//11 1013//1013
f 12//12 174//174 9//9
f 10//10 175//175 1015//1015
f 16//16 1046//1046 14//14
f 13//13 1048//1048 176//176
f 19//19 1066//1066 1053//1053
f 20//20 1057//1057 17//17
f 15//15 1055//1055 1051//1051
f 1064//1064 21//21 179//179
f 180//180 18//18 23//23
f 181//181 22//22 580//580
f 576//576 24//24 27//27
f 577//577 28//28 530//530
f 29//29 617//617 25//25
f 26//26 620//620 531//531
f 32//32 1084//1084 31//31
f 30//30 1081//1081 621//621
f 38//38 187//187 1091//1091
f 35//35 1092//1092 33//33
f 34//34 1093//1093 1087//1087
f 185//185 37//37 191//191
f 190//190 36//36 39//39
f 193//193 40//40 562//562
f 557//557 41//41 42//42
f 558//558 43//43 498//498
f 46//46 196//196 44//44
f 45//45 198//198 502//502
f 197//197 47//47 642//642
f 641//641 48//48 50//50
f 640//640 51//51 206//206
f 130//130 211//211 53//53
f 55//55 209//209 52//52
f 49//49 208//208 200//200
f 499//499 504//504 510//510
f 515//515 503//503 519//519
f 514//514 516//516 528//528
f 525//525 518//518 287//287
f 532//532 536//536 542//542
f 541//541 535//535 548//548
f 540//540 547//547 556//556
f 553//553 546//546 483//483
f 554//554 482//482 473//473
f 563//563 501//501 511//511
f 560//560 513//513 569//569
f 568//568 512//512 524//524
f 567//567 526//526 570//570
f 579//579 533//533 543//543
f 581//581 544//544 584//584
f 583//583 545//545 555//555
f 585//585 552//552 474//474
f 582//582 479//479 468//468
f 189//189 559//559 591//591
f 592//592 561//561 564//564
f 589//589 566//566 598//598
f 596//596 565//565 571//571
f 595//595 575//575 600//600
f 500//500 199//199 509//509
f 183//183 578//578 586//586
f 184//184 587//587 610//610
f 609//609 588//588 471//471
f 606//606 472//472 616//616
f 288//288 282//282 626//626
f 293//293 623//623 632//632
f 629//629 624//624 637//637
f 631//631 638//638 201//201
f 203//203 634//634 643//643
f 298//298 289//289 633//633
f 294//294 630//630 646//646
f 645//645 628//628 204//204
f 648//648 202//202 651//651
f 655//655 205//205 210//210
f 313//313 274//274 656//656
f 312//312 657//657 668//668
f 667//667 658//658 670//670
f 662//662 673//673 676//676
f 675//675 669//669 129//129
f 263//263 268//268 684//684
f 262//262 683//683 690//690
f 692//692 686//686 693//693
f 691//691 698//698 700//700
f 703//703 697//697 708//708
f 704//704 707//707 135//135
f 257//257 321//321 712//712
f 713//713 320//320 717//717
f 714//714 720//720 724//724
f 725//725 721//721 729//729
f 726//726 730//730 739//739
f 342//342 251//251 743//743
f 341//341 741//741 749//749
f 751//751 744//744 753//753
f 748//748 754//754 763//763
f 246//246 355//355 768//768
f 247//247 767//767 774//774
f 776//776 770//770 781//781
f 775//775 779//779 786//786
f 785//785 778//778 790//790
f 782//782 791//791 796//796
f 369//369 367//367 802//802
f 368//368 803//803 811//811
f 807//807 806//806 816//816
f 809//809 814//814 821//821
f 820//820 815//815 827//827
f 390//390 374//374 831//831
f 834//834 375//375 840//840
f 832//832 836//836 845//845
f 844//844 839//839 849//849
f 842//842 848//848 856//856
f 382//382 388//388 833//833
f 383//383 835//835 862//862
f 863//863 830//830 846//846
f 861//861 843//843 868//868
f 867//867 841//841 857//857
f 870//870 858//858 874//874
f 400//400 242//242 882//882
f 401//401 881//881 887//887
f 886//886 880//880 892//892
f 888//888 889//889 900//900
f 897//897 890//890 152//152
f 896//896 149//149 153//153
f 395//395 399//399 883//883
f 393//393 885//885 903//903
f 902//902 884//884 898//898
f 906//906 899//899 911//911
f 910//910 895//895 155//155
f 909//909 156//156 160//160
f 409//409 236//236 913//913
f 405//405 916//916 920//920
f 921//921 917//917 930//930
f 923//923 929//929 935//935
f 228//228 416//416 941//941
f 229//229 942//942 949//949
f 947//947 940//940 955//955
f 945//945 953//953 962//962
f 960//960 952//952 166//166
f 434//434 426//426 966//966
f 437//437 965//965 969//969
f 970//970 967//967 977//977
f 971//971 978//978 985//985
f 454//454 439//439 992//992
f 990//990 440//440 994//994
f 989//989 993//993 1003//1003
f 1002//1002 996//996 1007//1007
f 1000//1000 1009//1009 1012//1012
f 446//446 455//455 988//988
f 449//449 987//987 1017//1017
f 1021//1021 991//991 1001//1001
f 1019//1019 1004//1004 1023//1023
f 1025//1025 999//999 1014//1014
f 1024//1024 1011//1011 173//173
f 464//464 220//220 1032//1032
f 1031//1031 219//219 1036//1036
f 1029//1029 1034//1034 1044//1044
f 1040//1040 1035//1035 1052//1052
f 1041//1041 1047//1047 1054//1054
f 458//458 463//463 1028//1028
f 456//456 1030//1030 1062//1062
f 1060//1060 1033//1033 1043//1043
f 1059//1059 1045//1045 1067//1067
f 1068//1068 1042//1042 1056//1056
f 495//495 216//216 1073//1073
f 494//494 1069//1069 1079//1079
f 1080//1080 1074//1074 1086//1086
f 1077//1077 1085//1085 1090//1090
f 490//490 496//496 1095//1095
f 1097//1097 491//491 1076//1076
f 1096//1096 1078//1078 1100//1100
f 1103//1103 1075//1075 1089//1089
f 1101//1101 1088//1088 186//186
f 195//195 644//644 508//508
f 507//507 639//639 636//636
f 505//505 635//635 622//622
f 506//506 625//625 521//521
f 517//517 627//627 278//278
f 520//520 280//280 285//285
f 207//207 127//127 654//654
f 652//652 132//132 674//674
f 653//653 671//671 650//650
f 649//649 672//672 659//659
f 647//647 661//661 295//295
f 297//297 660//660 277//277
f 306//306 310//310 666//666
f 303//303 664//664 1109//1109
f 1110//1110 665//665 1113//1113
f 1117//1117 663//663 677//677
f 1115//1115 706//706 696//696
f 1114//1114 694//694 1111//1111
f 1107//1107 695//695 685//685
f 1108//1108 681//681 301//301
f 302//302 682//682 272//272
f 317//317 261//261 1119//1119
f 1118//1118 267//267 688//688
f 1120//1120 687//687 1126//1126
f 1124//1124 689//689 701//701
f 1125//1125 702//702 1132//1132
f 1134//1134 699//699 136//136
f 1135//1135 734//734 1129//1129
f 1127//1127 731//731 719//719
f 1128//1128 722//722 1122//1122
f 1121//1121 718//718 325//325
f 1123//1123 322//322 318//318
f 326//326 256//256 711//711
f 329//329 715//715 1137//1137
f 1136//1136 716//716 723//723
f 1138//1138 727//727 1143//1143
f 1142//1142 728//728 737//737
f 1146//1146 735//735 139//139
f 334//334 328//328 1139//1139
f 335//335 1141//1141 1151//1151
f 1152//1152 1140//1140 1145//1145
f 1153//1153 1144//1144 1156//1156
f 1157//1157 1147//1147 138//138
f 1155//1155 755//755 1150//1150
f 1149//1149 757//757 742//742
f 1148//1148 745//745 255//255
f 1154//1154 254//254 337//337
f 345//345 339//339 1164//1164
f 1165//1165 340//340 747//747
f 1162//1162 750//750 1170//1170
f 1167//1167 746//746 759//759
f 1169//1169 762//762 146//146
f 143//143 788//788 1168//1168
f 1172//1172 792//792 777//777
f 1171//1171 780//780 766//766
f 1166//1166 769//769 1163//1163
f 1160//1160 765//765 353//353
f 1161//1161 352//352 349//349
f 359//359 248//248 772//772
f 361//361 773//773 1173//1173
f 1178//1178 771//771 783//783
f 1175//1175 784//784 1179//1179
f 1182//1182 787//787 800//800
f 1181//1181 795//795 1189//1189
f 1187//1187 828//828 819//819
f 1186//1186 817//817 1180//1180
f 1184//1184 818//818 804//804
f 1183//1183 805//805 1177//1177
f 1176//1176 801//801 364//364
f 1174//1174 365//365 356//356
f 823//823 851//851 808//808
f 810//810 847//847 837//837
f 813//813 838//838 376//376
f 812//812 378//378 373//373
f 873//873 151//151 893//893
f 875//875 894//894 865//865
f 869//869 891//891 877//877
f 866//866 879//879 859//859
f 864//864 878//878 239//239
f 860//860 238//238 385//385
f 162//162 925//925 907//907
f 908//908 931//931 918//918
f 912//912 914//914 904//904
f 901//901 915//915 232//232
f 905//905 233//233 396//396
f 410//410 404//404 1196//1196
f 1192//1192 403//403 924//924
f 1191//1191 919//919 1202//1202
f 1201//1201 922//922 936//936
f 1197//1197 933//933 171//171
f 170//170 163//163 954//954
f 172//172 951//951 1200//1200
f 1198//1198 950//950 939//939
f 1199//1199 943//943 1193//1193
f 1195//1195 938//938 415//415
f 1194//1194 420//420 414//414
f 422//422 225//225 1207//1207
f 1204//1204 230//230 948//948
f 1203//1203 944//944 1212//1212
f 1213//1213 946//946 959//959
f 1214//1214 956//956 1216//1216
f 1217//1217 979//979 1209//1209
f 1211//1211 980//980 963//963
f 1210//1210 968//968 1206//1206
f 1208//1208 964//964 431//431
f 1205//1205 427//427 424//424
f 984//984 1010//1010 995//995
f 981//981 998//998 973//973
f 972//972 997//997 442//442
f 974//974 443//443 435//435
f 177//177 1050//1050 1026//1026
f 1027//1027 1049//1049 1039//1039
f 1022//1022 1038//1038 1016//1016
f 1018//1018 1037//1037 222//222
f 1020//1020 224//224 445//445
f 613//613 462//462 608//608
f 607//607 459//459 1061//1061
f 611//611 1063//1063 178//178
f 182//182 1058//1058 1065//1065
f 529//529 619//619 539//539
f 618//618 1082//1082 534//534
f 537//537 1083//1083 1071//1071
f 538//538 1072//1072 549//549
f 551//551 1070//1070 212//212
f 550//550 213//213 485//485
f 601//601 489//489 1094//1094
f 604//604 1099//1099 594//594
f 599//599 1098//1098 1102//1102
f 597//597 1104//1104 590//590
f 593//593 1105//1105 194//194
f 192//192 1106//1106 188//188
f 2048//2048 457//457 2058//2058
f 2057//2057 461//461 612//612
f 2060//2060 614//614 2076//2076
f 2077//2077 615//615 469//469
f 2074//2074 470//470 478//478
f 2075//2075 475//475 2081//2081
f 2079//2079 476//476 2196//2196
f 2197//2197 477//477 484//484
f 2193//2193 480//480 2101//2101
f 2106//2106 481//481 215//215
f 2105//2105 217//217 2110//2110
f 2111//2111 214//214 492//492
f 2109//2109 493//493 2209//2209
f 2208//2208 497//497 488//488
f 2206//2206 486//486 1220//1220
f 1221//1221 487//487 602//602
f 1225//1225 605//605 1638//1638
f 1639//1639 603//603 574//574
f 1637//1637 572//572 1645//1645
f 1640//1640 573//573 523//523
f 1641//1641 522//522 2130//2130
f 2129//2129 527//527 284//284
f 2128//2128 286//286 1668//1668
f 1668//1668 286//286 279//279
f 1664//1664 281//281 1673//1673
f 1669//1669 283//283 292//292
f 1674//1674 290//290 2147//2147
f 2144//2144 291//291 299//299
f 2145//2145 300//300 1696//1696
f 1695//1695 296//296 273//273
f 1692//1692 275//275 1698//1698
f 1700//1700 276//276 308//308
f 1699//1699 311//311 2156//2156
f 2155//2155 309//309 304//304
f 2159//2159 307//307 1726//1726
f 1727//1727 305//305 270//270
f 1725//1725 271//271 1733//1733
f 1732//1732 269//269 266//266
f 1730//1730 265//265 1747//1747
f 1746//1746 264//264 316//316
f 1751//1751 315//315 1752//1752
f 1754//1754 314//314 323//323
f 1757//1757 319//319 1766//1766
f 1767//1767 324//324 259//259
f 1769//1769 260//260 1787//1787
f 1791//1791 258//258 327//327
f 1788//1788 331//331 1792//1792
f 1797//1797 330//330 333//333
f 1793//1793 332//332 1805//1805
f 1810//1810 336//336 250//250
f 1809//1809 253//253 1829//1829
f 1830//1830 252//252 344//344
f 1828//1828 338//338 1837//1837
f 1838//1838 343//343 346//346
f 1836//1836 347//347 2169//2169
f 2168//2168 348//348 354//354
f 2172//2172 350//350 1861//1861
f 1860//1860 351//351 245//245
f 1857//1857 244//244 1868//1868
f 1866//1866 249//249 360//360
f 1867//1867 357//357 2184//2184
f 2180//2180 358//358 366//366
f 2183//2183 362//362 1887//1887
f 1886//1886 363//363 370//370
f 1885//1885 371//371 1890//1890
f 1888//1888 372//372 380//380
f 1893//1893 377//377 1917//1917
f 1915//1915 379//379 387//387
f 1916//1916 386//386 1918//1918
f 1922//1922 389//389 384//384
f 1921//1921 381//381 1930//1930
f 1930//1930 381//381 241//241
f 1931//1931 243//243 1958//1958
f 1957//1957 240//240 398//398
f 1956//1956 397//397 1964//1964
f 1962//1962 402//402 394//394
f 1961//1961 391//391 1974//1974
f 1971//1971 392//392 237//237
f 1972//1972 235//235 1226//1226
f 1231//1231 234//234 407//407
f 1228//1228 406//406 1594//1594
f 1590//1590 408//408 411//411
f 1593//1593 412//412 1542//1542
f 1544//1544 413//413 418//418
f 1543//1543 419//419 1549//1549
f 1550//1550 417//417 226//226
f 1548//1548 227//227 1997//1997
f 1995//1995 231//231 425//425
f 1998//1998 421//421 2005//2005
f 2006//2006 423//423 430//430
f 2001//2001 428//428 2015//2015
f 2018//2018 429//429 433//433
f 2013//2013 436//436 1235//1235
f 1234//1234 432//432 441//441
f 1233//1233 438//438 1601//1601
f 1602//1602 444//444 453//453
f 1600//1600 451//451 1567//1567
f 1568//1568 452//452 447//447
f 1569//1569 450//450 1575//1575
f 1570//1570 448//448 221//221
f 1572//1572 223//223 2040//2040
f 2037//2037 218//218 465//465
f 2041//2041 466//466 2046//2046
f 2043//2043 467//467 460//460
f 1541//1541 1547//1547 1551//1551
f 1540//1540 1554//1554 1557//1557
f 1563//1563 1553//1553 1449//1449
f 1561//1561 1446//1446 1453//1453
f 1564//1564 1571//1571 1581//1581
f 1565//1565 1579//1579 1582//1582
f 1586//1586 1578//1578 1481//1481
f 1588//1588 1485//1485 1491//1491
f 1589//1589 1539//1539 1559//1559
f 1592//1592 1560//1560 1597//1597
f 1599//1599 1562//1562 1440//1440
f 1444//1444 1558//1558 1455//1455
f 1605//1605 1566//1566 1587//1587
f 1604//1604 1584//1584 1610//1610
f 1609//1609 1585//1585 1477//1477
f 1480//1480 1583//1583 1488//1488
f 1230//1230 1591//1591 1595//1595
f 1229//1229 1598//1598 1611//1611
f 1616//1616 1596//1596 1445//1445
f 1613//1613 1441//1441 1438//1438
f 1232//1232 1603//1603 1606//1606
f 1236//1236 1608//1608 1621//1621
f 1619//1619 1607//1607 1478//1478
f 1622//1622 1479//1479 1470//1470
f 1291//1291 1298//1298 1627//1627
f 1290//1290 1628//1628 1629//1629
f 1631//1631 1626//1626 1634//1634
f 1632//1632 1635//1635 1644//1644
f 1311//1311 1314//1314 1649//1649
f 1650//1650 1315//1315 1656//1656
f 1646//1646 1654//1654 1659//1659
f 1660//1660 1655//1655 1667//1667
f 1658//1658 1666//1666 1670//1670
f 1337//1337 1327//1327 1676//1676
f 1342//1342 1679//1679 1680//1680
f 1339//1339 1681//1681 1686//1686
f 1688//1688 1683//1683 1694//1694
f 1689//1689 1693//1693 1703//1703
f 1283//1283 1285//1285 1707//1707
f 1704//1704 1289//1289 1710//1710
f 1705//1705 1711//1711 1717//1717
f 1718//1718 1712//1712 1724//1724
f 1716//1716 1723//1723 1731//1731
f 1275//1275 1343//1343 1734//1734
f 1738//1738 1345//1345 1745//1745
f 1736//1736 1742//1742 1749//1749
f 1739//1739 1748//1748 1755//1755
f 1352//1352 1276//1276 1737//1737
f 1351//1351 1740//1740 1760//1760
f 1762//1762 1735//1735 1756//1756
f 1763//1763 1753//1753 1765//1765
f 1364//1364 1369//1369 1770//1770
f 1358//1358 1772//1772 1777//1777
f 1363//1363 1775//1775 1781//1781
f 1782//1782 1776//1776 1789//1789
f 1783//1783 1790//1790 1796//1796
f 1374//1374 1361//1361 1799//1799
f 1800//1800 1362//1362 1785//1785
f 1801//1801 1784//1784 1795//1795
f 1803//1803 1794//1794 1806//1806
f 1378//1378 1384//1384 1815//1815
f 1811//1811 1382//1382 1817//1817
f 1812//1812 1821//1821 1823//1823
f 1825//1825 1818//1818 1832//1832
f 1824//1824 1831//1831 1835//1835
f 1395//1395 1398//1398 1843//1843
f 1841//1841 1400//1400 1848//1848
f 1844//1844 1850//1850 1856//1856
f 1851//1851 1847//1847 1859//1859
f 1855//1855 1858//1858 1865//1865
f 1409//1409 1267//1267 1872//1872
f 1410//1410 1873//1873 1877//1877
f 1878//1878 1871//1871 1882//1882
f 1880//1880 1883//1883 1892//1892
f 1262//1262 1411//1411 1898//1898
f 1258//1258 1897//1897 1903//1903
f 1902//1902 1895//1895 1908//1908
f 1901//1901 1907//1907 1914//1914
f 1905//1905 1913//1913 1920//1920
f 1422//1422 1259//1259 1900//1900
f 1417//1417 1904//1904 1927//1927
f 1928//1928 1906//1906 1919//1919
f 1929//1929 1923//1923 1932//1932
f 1254//1254 1424//1424 1936//1936
f 1257//1257 1940//1940 1943//1943
f 1947//1947 1935//1935 1951//1951
f 1946//1946 1952//1952 1953//1953
f 1942//1942 1954//1954 1963//1963
f 1431//1431 1253//1253 1945//1945
f 1430//1430 1941//1941 1969//1969
f 1967//1967 1944//1944 1959//1959
f 1965//1965 1960//1960 1976//1976
f 1248//1248 1458//1458 1977//1977
f 1249//1249 1978//1978 1989//1989
f 1985//1985 1979//1979 1991//1991
f 1984//1984 1994//1994 2000//2000
f 1987//1987 1999//1999 2002//2002
f 1465//1465 1252//1252 1986//1986
f 1463//1463 1983//1983 2009//2009
f 2012//2012 1988//1988 2003//2003
f 2007//2007 2004//2004 2014//2014
f 1243//1243 1497//1497 2020//2020
f 1246//1246 2021//2021 2027//2027
f 2026//2026 2022//2022 2032//2032
f 2031//2031 2033//2033 2042//2042
f 2028//2028 2039//2039 2044//2044
f 1503//1503 1244//1244 2025//2025
f 1498//1498 2030//2030 2050//2050
f 2049//2049 2029//2029 2045//2045
f 2055//2055 2047//2047 2059//2059
f 1506//1506 1515//1515 2063//2063
f 1509//1509 2064//2064 2066//2066
f 2070//2070 2065//2065 2078//2078
f 2067//2067 2071//2071 2083//2083
f 1521//1521 1528//1528 2086//2086
f 2085//2085 1531//1531 2095//2095
f 2087//2087 2092//2092 2098//2098
f 2100//2100 2090//2090 2102//2102
f 2096//2096 2103//2103 2107//2107
f 1222//1222 1636//1636 1623//1623
f 1223//1223 1624//1624 2118//2118
f 2116//2116 1625//1625 1296//1296
f 2113//2113 1301//1301 1533//1533
f 1302//1302 1295//1295 2119//2119
f 2122//2122 1292//1292 1630//1630
f 2124//2124 1633//1633 1643//1643
f 2120//2120 1642//1642 2131//2131
f 2126//2126 1665//1665 1652//1652
f 2127//2127 1653//1653 2125//2125
f 2121//2121 1657//1657 1317//1317
f 2123//2123 1316//1316 1305//1305
f 1320//1320 1307//1307 1647//1647
f 1323//1323 1651//1651 2135//2135
f 2136//2136 1648//1648 1663//1663
f 2137//2137 1662//1662 2142//2142
f 2141//2141 1661//1661 1671//1671
f 2140//2140 1672//1672 2146//2146
f 2149//2149 1697//1697 1685//1685
f 2148//2148 1682//1682 2143//2143
f 2138//2138 1684//1684 1675//1675
f 2139//2139 1678//1678 2134//2134
f 2132//2132 1677//1677 1325//1325
f 2133//2133 1328//1328 1319//1319
f 1335//1335 1336//1336 1691//1691
f 1331//1331 1690//1690 2150//2150
f 2153//2153 1687//1687 1702//1702
f 2151//2151 1701//1701 2157//2157
f 2158//2158 1722//1722 1709//1709
f 2160//2160 1714//1714 2152//2152
f 2154//2154 1713//1713 1332//1332
f 1333//1333 1715//1715 1286//1286
f 1728//1728 1750//1750 1741//1741
f 1729//1729 1744//1744 1721//1721
f 1720//1720 1743//1743 1349//1349
f 1719//1719 1346//1346 1706//1706
f 1708//1708 1344//1344 1280//1280
f 1764//1764 1786//1786 1779//1779
f 1768//1768 1780//1780 1761//1761
f 1758//1758 1778//1778 1774//1774
f 1759//1759 1771//1771 1355//1355
f 1357//1357 1773//1773 1366//1366
f 1808//1808 1833//1833 1822//1822
f 1807//1807 1819//1819 1802//1802
f 1804//1804 1820//1820 1385//1385
f 1798//1798 1383//1383 1373//1373
f 1388//1388 1375//1375 1816//1816
f 1391//1391 1814//1814 2167//2167
f 2166//2166 1813//1813 1826//1826
f 2165//2165 1827//1827 1834//1834
f 2164//2164 1839//1839 2173//2173
f 2171//2171 1862//1862 1845//1845
f 2170//2170 1849//1849 2162//2162
f 2163//2163 1846//1846 1397//1397
f 2161//2161 1399//1399 1389//1389
f 1271//1271 1392//1392 1842//1842
f 1273//1273 1840//1840 1853//1853
f 1270//1270 1852//1852 2177//2177
f 2178//2178 1854//1854 1863//1863
f 2175//2175 1864//1864 2179//2179
f 2182//2182 1884//1884 1874//1874
f 2181//2181 1870//1870 2174//2174
f 2176//2176 1869//1869 1274//1274
f 1272//1272 1875//1875 1264//1264
f 1891//1891 1912//1912 1911//1911
f 1889//1889 1910//1910 1876//1876
f 1881//1881 1909//1909 1896//1896
f 1879//1879 1899//1899 1404//1404
f 1406//1406 1894//1894 1412//1412
f 1934//1934 1955//1955 1950//1950
f 1933//1933 1949//1949 1926//1926
f 1924//1924 1948//1948 1938//1938
f 1925//1925 1939//1939 1419//1419
f 1418//1418 1937//1937 1425//1425
f 1434//1434 1429//1429 1968//1968
f 1435//1435 1970//1970 1615//1615
f 1614//1614 1966//1966 1973//1973
f 1612//1612 1975//1975 1227//1227
f 1546//1546 1996//1996 1990//1990
f 1545//1545 1992//1992 1556//1556
f 1552//1552 1993//1993 1980//1980
f 1555//1555 1981//1981 1448//1448
f 1452//1452 1982//1982 1462//1462
f 1469//1469 1466//1466 2011//2011
f 1471//1471 2008//2008 1618//1618
f 1617//1617 2010//2010 2017//2017
f 1620//1620 2016//2016 1237//1237
f 1573//1573 2038//2038 2035//2035
f 1574//1574 2036//2036 1576//1576
f 1577//1577 2034//2034 2019//2019
f 1580//1580 2023//2023 1482//1482
f 1484//1484 2024//2024 1496//1496
f 2056//2056 2072//2072 2052//2052
f 2053//2053 2073//2073 2061//2061
f 2054//2054 2062//2062 1513//1513
f 2051//2051 1512//1512 1499//1499
f 1520//1520 1504//1504 2187//2187
f 2191//2191 1505//1505 2068//2068
f 2190//2190 2069//2069 2080//2080
f 2186//2186 2082//2082 2192//2192
f 2194//2194 2104//2104 2093//2093
f 2195//2195 2091//2091 2188//2188
f 2189//2189 2094//2094 1530//1530
f 2185//2185 1526//1526 1518//1518
f 1238//1238 1522//1522 2089//2089
f 1241//1241 2084//2084 2204//2204
f 2200//2200 2088//2088 2099//2099
f 2201//2201 2097//2097 2108//2108
f 2199//2199 2112//2112 2207//2207
f 1535//1535 1242//1242 2202//2202
f 1538//1538 2203//2203 2115//2115
f 2117//2117 2198//2198 2210//2210
f 2114//2114 2205//2205 1224//1224
f 2213//2213 1321//1321 1326//1326
f 2211//2211 1324//1324 2215//2215
f 2217//2217 1329//1329 1341//1341
f 2216//2216 1338//1338 2220//2220
f 2219//2219 1340//1340 1334//1334
f 1282//1282 2224//2224 2227//2227
f 2221//2221 1330//1330 1288//1288
f 2218//2218 1287//1287 2226//2226
f 2225//2225 1284//1284 1279//1279
f 2223//2223 1281//1281 1348//1348
f 2222//2222 1350//1350 2231//2231
f 2230//2230 1347//1347 1277//1277
f 1359//1359 2234//2234 1368//1368
f 1365//1365 2235//2235 2237//2237
f 2228//2228 1278//1278 1354//1354
f 2229//2229 1353//1353 2238//2238
f 2236//2236 1356//1356 1367//1367
f 1380//1380 2239//2239 2243//2243
f 2233//2233 1360//1360 1372//1372
f 2232//2232 1370//1370 2242//2242
f 2244//2244 1371//1371 1381//1381
f 1386//1386 1376//1376 2241//2241
f 2240//2240 1377//1377 2246//2246
f 2247//2247 1379//1379 1390//1390
f 2245//2245 1387//1387 1401//1401
f 2248//2248 1402//1402 2250//2250
f 1403//1403 1393//1393 2251//2251
f 2249//2249 1394//1394 2255//2255
f 2254//2254 1396//1396 1268//1268
f 1408//1408 2258//2258 2259//2259
f 2252//2252 1269//1269 1263//1263
f 2253//2253 1266//1266 2260//2260
f 2261//2261 1265//1265 1405//1405
f 1407//1407 1413//1413 2257//2257
f 2256//2256 1414//1414 2264//2264
f 2262//2262 1415//1415 1261//1261
f 2265//2265 1260//1260 1420//1420
f 2263//2263 1421//1421 2268//2268
f 1416//1416 1423//1423 2266//2266
f 2267//2267 1427//1427 2272//2272
f 2270//2270 1426//1426 1256//1256
f 1443//1443 2273//2273 1437//1437
f 1436//1436 2276//2276 2277//2277
f 2269//2269 1255//1255 1428//1428
f 2271//2271 1433//1433 2279//2279
f 2278//2278 1432//1432 1439//1439
f 2274//2274 1442//1442 1454//1454
f 2275//2275 1456//1456 2282//2282
f 2280//2280 1457//1457 1450//1450
f 2281//2281 1447//1447 2283//2283
f 1451//1451 1461//1461 2285//2285
f 2284//2284 1459//1459 2287//2287
f 2288//2288 1460//1460 1251//1251
f 1475//1475 2293//2293 1472//1472
f 1474//1474 2292//2292 2295//2295
f 2289//2289 1250//1250 1464//1464
f 2286//2286 1467//1467 2296//2296
f 2294//2294 1468//1468 1473//1473
f 2290//2290 1476//1476 1490//1490
f 2291//2291 1489//1489 2297//2297
f 2298//2298 1492//1492 1483//1483
f 2299//2299 1487//1487 2300//2300
f 1486//1486 1493//1493 2301//2301
f 2302//2302 1495//1495 2303//2303
f 2306//2306 1494//1494 1247//1247
f 1508//1508 2310//2310 1514//1514
f 1511//1511 2307//2307 2313//2313
f 2305//2305 1245//1245 1502//1502
f 2304//2304 1500//1500 2312//2312
f 2311//2311 1501//1501 1510//1510
f 1529//1529 2315//2315 2318//2318
f 2309//2309 1507//1507 1517//1517
f 2308//2308 1519//1519 2317//2317
f 2319//2319 1516//1516 1527//1527
f 1532//1532 1524//1524 2316//2316
f 2314//2314 1525//1525 2321//2321
f 2320//2320 1523//1523 1240//1240
f 1293//1293 2327//2327 1300//1300
f 1297//1297 2326//2326 2328//2328
f 2323//2323 1239//1239 1536//1536
f 2322//2322 1534//1534 2329//2329
f 2330//2330 1537//1537 1299//1299
f 1318//1318 2333//2333 2334//2334
f 2325//2325 1294//1294 1306//1306
f 2324//2324 1303//1303 2336//2336
f 2335//2335 1304//1304 1312//1312
f 1313//1313 1308//1308 2331//2331
f 2332//2332 1310//1310 2212//2212
f 2214//2214 1309//1309 1322//1322
f 2459//2459 2389//2389 2390//2390
f 2460//2460 2462//2462 2388//2388
f 2387//2387 2464//2464 2384//2384
f 2383//2383 2465//2465 2471//2471
f 2386//2386 2472//2472 2475//2475
f 2385//2385 2476//2476 2380//2380
f 2479//2479 2374//2374 2487//2487
f 2488//2488 2373//2373 2377//2377
f 2381//2381 2477//2477 2490//2490
f 2382//2382 2494//2494 2379//2379
f 2378//2378 2493//2493 2485//2485
f 2375//2375 2483//2483 2500//2500
f 2376//2376 2499//2499 2371//2371
f 2508//2508 2365//2365 2367//2367
f 2502//2502 2512//2512 2370//2370
f 2372//2372 2514//2514 2369//2369
f 2368//2368 2515//2515 2507//2507
f 2509//2509 2518//2518 2366//2366
f 2364//2364 2516//2516 2362//2362
f 2360//2360 2521//2521 2525//2525
f 2535//2535 2355//2355 2359//2359
f 2361//2361 2522//2522 2539//2539
f 2363//2363 2537//2537 2357//2357
f 2358//2358 2540//2540 2534//2534
f 2536//2536 2543//2543 2356//2356
f 2354//2354 2545//2545 2352//2352
f 2350//2350 2546//2546 2748//2748
f 2552//2552 2346//2346 2347//2347
f 2353//2353 2750//2750 2559//2559
f 2351//2351 2555//2555 2349//2349
f 2348//2348 2558//2558 2549//2549
f 2565//2565 2343//2343 2568//2568
f 2570//2570 2341//2341 2345//2345
f 2569//2569 2344//2344 2548//2548
f 2342//2342 2560//2560 2576//2576
f 2340//2340 2572//2572 2337//2337
f 2580//2580 2452//2452 2583//2583
f 2586//2586 2451//2451 2454//2454
f 2339//2339 2573//2573 2591//2591
f 2338//2338 2592//2592 2453//2453
f 2455//2455 2590//2590 2585//2585
f 2449//2449 2579//2579 2597//2597
f 2450//2450 2596//2596 2447//2447
f 2601//2601 2442//2442 2443//2443
f 2448//2448 2595//2595 2613//2613
f 2446//2446 2609//2609 2444//2444
f 2445//2445 2614//2614 2602//2602
f 2604//2604 2616//2616 2440//2440
f 2441//2441 2615//2615 2437//2437
f 2436//2436 2618//2618 2624//2624
f 2628//2628 2430//2430 2433//2433
f 2438//2438 2623//2623 2633//2633
f 2439//2439 2634//2634 2435//2435
f 2434//2434 2635//2635 2629//2629
f 2630//2630 2638//2638 2431//2431
f 2432//2432 2639//2639 2427//2427
f 2426//2426 2643//2643 2646//2646
f 2651//2651 2422//2422 2424//2424
f 2645//2645 2658//2658 2428//2428
f 2429//2429 2657//2657 2425//2425
f 2423//2423 2660//2660 2655//2655
f 2666//2666 2417//2417 2673//2673
f 2671//2671 2419//2419 2420//2420
f 2672//2672 2421//2421 2654//2654
f 2418//2418 2667//2667 2677//2677
f 2416//2416 2678//2678 2414//2414
f 2681//2681 2407//2407 2411//2411
f 2413//2413 2679//2679 2686//2686
f 2415//2415 2687//2687 2412//2412
f 2410//2410 2691//2691 2682//2682
f 2684//2684 2695//2695 2408//2408
f 2409//2409 2696//2696 2406//2406
f 2404//2404 2694//2694 2782//2782
f 2699//2699 2397//2397 2400//2400
f 2785//2785 2704//2704 2405//2405
f 2403//2403 2707//2707 2402//2402
f 2401//2401 2708//2708 2701//2701
f 2703//2703 2711//2711 2398//2398
f 2399//2399 2714//2714 2393//2393
f 2395//2395 2710//2710 2716//2716
f 2717//2717 2722//2722 2394//2394
f 2396//2396 2724//2724 2392//2392
f 2391//2391 2723//2723 2456//2456
f 2728//2728 2851//2851 2527//2527
f 2729//2729 2528//2528 2735//2735
f 2736//2736 2526//2526 2520//2520
f 2740//2740 2868//2868 2744//2744
f 2738//2738 2747//2747 2755//2755
f 2752//2752 2745//2745 2544//2544
f 2757//2757 2882//2882 2767//2767
f 2758//2758 2766//2766 2768//2768
f 2772//2772 2762//2762 2600//2600
f 2771//2771 2599//2599 2581//2581
f 2776//2776 2897//2897 2784//2784
f 2778//2778 2783//2783 2791//2791
f 2790//2790 2781//2781 2692//2692
f 2793//2793 2731//2731 2734//2734
f 2794//2794 2737//2737 2798//2798
f 2797//2797 2733//2733 2519//2519
f 2802//2802 2517//2517 2510//2510
f 2808//2808 2739//2739 2753//2753
f 2805//2805 2751//2751 2529//2529
f 2532//2532 2754//2754 2542//2542
f 2814//2814 2756//2756 2773//2773
f 2811//2811 2769//2769 2815//2815
f 2820//2820 2770//2770 2577//2577
f 2819//2819 2578//2578 2582//2582
f 2827//2827 2774//2774 2789//2789
f 2822//2822 2788//2788 2830//2830
f 2828//2828 2787//2787 2697//2697
f 2832//2832 2693//2693 2683//2683
f 2838//2838 2792//2792 2801//2801
f 2837//2837 2799//2799 2840//2840
f 2845//2845 2800//2800 2505//2505
f 2844//2844 2506//2506 2511//2511
f 2858//2858 2803//2803 2533//2533
f 2853//2853 2531//2531 2863//2863
f 2860//2860 2530//2530 2541//2541
f 2872//2872 2812//2812 2817//2817
f 2874//2874 2818//2818 2594//2594
f 2589//2589 2816//2816 2584//2584
f 2886//2886 2824//2824 2892//2892
f 2890//2890 2825//2825 2831//2831
f 2891//2891 2829//2829 2685//2685
f 2893//2893 2680//2680 2688//2688
f 2725//2725 2720//2720 2906//2906
f 2905//2905 2721//2721 2911//2911
f 2904//2904 2907//2907 2917//2917
f 2463//2463 2461//2461 2921//2921
f 2467//2467 2923//2923 2930//2930
f 2928//2928 2920//2920 2936//2936
f 2935//2935 2922//2922 2942//2942
f 2468//2468 2466//2466 2927//2927
f 2469//2469 2929//2929 2949//2949
f 2943//2943 2931//2931 2938//2938
f 2948//2948 2937//2937 2954//2954
f 2492//2492 2478//2478 2957//2957
f 2491//2491 2958//2958 2965//2965
f 2489//2489 2964//2964 2969//2969
f 2498//2498 2480//2480 2974//2974
f 2497//2497 2976//2976 2979//2979
f 2501//2501 2977//2977 2983//2983
f 2551//2551 2557//2557 2993//2993
f 2553//2553 2992//2992 2999//2999
f 2554//2554 2997//2997 3003//3003
f 2574//2574 2563//2563 3008//3008
f 3006//3006 2564//2564 3016//3016
f 3009//3009 3011//3011 3018//3018
f 2603//2603 2610//2610 3027//3027
f 2606//2606 3024//3024 3033//3033
f 2607//2607 3032//3032 3039//3039
f 2636//2636 2621//2621 3041//3041
f 2632//2632 3040//3040 3051//3051
f 2641//2641 2626//2626 3056//3056
f 2642//2642 3057//3057 3063//3063
f 3060//3060 3058//3058 3066//3066
f 3061//3061 3064//3064 3069//3069
f 2650//2650 2640//2640 3059//3059
f 2648//2648 3062//3062 3071//3071
f 2644//2644 3070//3070 3075//3075
f 2653//2653 2659//2659 3083//3083
f 2652//2652 3084//3084 3092//3092
f 3089//3089 3081//3081 3098//3098
f 3090//3090 3095//3095 3099//3099
f 2675//2675 2668//2668 3106//3106
f 3110//3110 2665//2665 3113//3113
f 3105//3105 3114//3114 3119//3119
f 2702//2702 2706//2706 3126//3126
f 2700//2700 3128//3128 3132//3132
f 3129//3129 3127//3127 3138//3138
f 3131//3131 3140//3140 3146//3146
f 2918//2918 2941//2941 2924//2924
f 2915//2915 2926//2926 2903//2903
f 2901//2901 2925//2925 2457//2457
f 2902//2902 2458//2458 2726//2726
f 2952//2952 2961//2961 2944//2944
f 2947//2947 2960//2960 2955//2955
f 2945//2945 2956//2956 2473//2473
f 2946//2946 2474//2474 2470//2470
f 2486//2486 2496//2496 3150//3150
f 3147//3147 2495//2495 2971//2971
f 3151//3151 2967//2967 3154//3154
f 3158//3158 2978//2978 2973//2973
f 3155//3155 2972//2972 3149//3149
f 3148//3148 2975//2975 2481//2481
f 3152//3152 2482//2482 2484//2484
f 2513//2513 2503//2503 2842//2842
f 2841//2841 2504//2504 2987//2987
f 2843//2843 2984//2984 2835//2835
f 2538//2538 2524//2524 2862//2862
f 2861//2861 2523//2523 2852//2852
f 2864//2864 2846//2846 2855//2855
f 2856//2856 2847//2847 3159//3159
f 2865//2865 2998//2998 2989//2989
f 2867//2867 2991//2991 2749//2749
f 2746//2746 2990//2990 2556//2556
f 2567//2567 2547//2547 3165//3165
f 3162//3162 2550//2550 3002//3002
f 3166//3166 3000//3000 3169//3169
f 3167//3167 3012//3012 2566//2566
f 3168//3168 2561//2561 3163//3163
f 3164//3164 2562//2562 2571//2571
f 2588//2588 2575//2575 3007//3007
f 2593//2593 3010//3010 3017//3017
f 2587//2587 3019//3019 2876//2876
f 2879//2879 3031//3031 3026//3026
f 2880//2880 3025//3025 2764//2764
f 2763//2763 3023//3023 2611//2611
f 2765//2765 2612//2612 2598//2598
f 2619//2619 2608//2608 3175//3175
f 3174//3174 2605//2605 3038//3038
f 3173//3173 3036//3036 3181//3181
f 3183//3183 3045//3045 2622//2622
f 3182//3182 2625//2625 3176//3176
f 3177//3177 2620//2620 2617//2617
f 3046//3046 3065//3065 3053//3053
f 3047//3047 3054//3054 2637//2637
f 2631//2631 3055//3055 2627//2627
f 3077//3077 3097//3097 3082//3082
f 3080//3080 3086//3086 2647//2647
f 2649//2649 3085//3085 2661//2661
f 2670//2670 2656//2656 3091//3091
f 2674//2674 3087//3087 3187//3187
f 3184//3184 3088//3088 3102//3102
f 3186//3186 3103//3103 3193//3193
f 3189//3189 3116//3116 2663//2663
f 3192//3192 2664//2664 3185//3185
f 3188//3188 2662//2662 2669//2669
f 2689//2689 2676//2676 3108//3108
f 2690//2690 3107//3107 2888//2888
f 2894//2894 3109//3109 3117//3117
f 2889//2889 3118//3118 2887//2887
f 2895//2895 3137//3137 3125//3125
f 2896//2896 3124//3124 2786//2786
f 2780//2780 3123//3123 2705//2705
f 2709//2709 2698//2698 3130//3130
f 2712//2712 3134//3134 3197//3197
f 3199//3199 3133//3133 3143//3143
f 3195//3195 3142//3142 3205//3205
f 2715//2715 2713//2713 3196//3196
f 2718//2718 3198//3198 3200//3200
f 2719//2719 3204//3204 2910//2910
f 2727//2727 3416//3416 2848//2848
f 2850//2850 3415//3415 3410//3410
f 2849//2849 3405//3405 3160//3160
f 3161//3161 3404//3404 2854//2854
f 2857//2857 3406//3406 3561//3561
f 2859//2859 3560//3560 2806//2806
f 2804//2804 3557//3557 3505//3505
f 2807//2807 3508//3508 2742//2742
f 2743//2743 3509//3509 3440//3440
f 2741//2741 3435//3435 2866//2866
f 2869//2869 3436//3436 3432//3432
f 2870//2870 3430//3430 2996//2996
f 2994//2994 3434//3434 3208//3208
f 2995//2995 3206//3206 3001//3001
f 3005//3005 3207//3207 3214//3214
f 3004//3004 3216//3216 3172//3172
f 3171//3171 3215//3215 3219//3219
f 3170//3170 3220//3220 3015//3015
f 3014//3014 3222//3222 3224//3224
f 3013//3013 3229//3229 3022//3022
f 3020//3020 3226//3226 3235//3235
f 3021//3021 3233//3233 2871//2871
f 2875//2875 3232//3232 3578//3578
f 2873//2873 3575//3575 2810//2810
f 2809//2809 3576//3576 3520//3520
f 2813//2813 3519//3519 2761//2761
f 2759//2759 3518//3518 3460//3460
f 2760//2760 3463//3463 2881//2881
f 2877//2877 3461//3461 3455//3455
f 2878//2878 3457//3457 3030//3030
f 3029//3029 3453//3453 3238//3238
f 3028//3028 3237//3237 3037//3037
f 3034//3034 3240//3240 3247//3247
f 3035//3035 3243//3243 3180//3180
f 3178//3178 3242//3242 3253//3253
f 3179//3179 3251//3251 3044//3044
f 3043//3043 3252//3252 3258//3258
f 3042//3042 3256//3256 3048//3048
f 3050//3050 3255//3255 3260//3260
f 3052//3052 3263//3263 3267//3267
f 3049//3049 3268//3268 3067//3067
f 3068//3068 3270//3270 3073//3073
f 3072//3072 3269//3269 3272//3272
f 3074//3074 3273//3273 3076//3076
f 3079//3079 3274//3274 3278//3278
f 3078//3078 3281//3281 3093//3093
f 3096//3096 3280//3280 3286//3286
f 3094//3094 3289//3289 3101//3101
f 3104//3104 3285//3285 3294//3294
f 3100//3100 3292//3292 3194//3194
f 3190//3190 3295//3295 3300//3300
f 3191//3191 3298//3298 3111//3111
f 3112//3112 3296//3296 3303//3303
f 3115//3115 3307//3307 3121//3121
f 3122//3122 3305//3305 3313//3313
f 3120//3120 3310//3310 2883//2883
f 2885//2885 3308//3308 3594//3594
f 2884//2884 3593//3593 2826//2826
f 2823//2823 3590//3590 3530//3530
f 2821//2821 3531//3531 2775//2775
f 2777//2777 3535//3535 3483//3483
f 2779//2779 3487//3487 2898//2898
f 2900//2900 3482//3482 3481//3481
f 2899//2899 3478//3478 3141//3141
f 3136//3136 3477//3477 3316//3316
f 3139//3139 3315//3315 3324//3324
f 3135//3135 3322//3322 3144//3144
f 3145//3145 3321//3321 3201//3201
f 3202//3202 3323//3323 3329//3329
f 3203//3203 3330//3330 2909//2909
f 2908//2908 3331//3331 3336//3336
f 2912//2912 3337//3337 2913//2913
f 2919//2919 3335//3335 3340//3340
f 2916//2916 3341//3341 3343//3343
f 2914//2914 3347//3347 2939//2939
f 2940//2940 3344//3344 2934//2934
f 2933//2933 3348//3348 3350//3350
f 2932//2932 3353//3353 2953//2953
f 2951//2951 3351//3351 3360//3360
f 2950//2950 3356//3356 2963//2963
f 2962//2962 3361//3361 3367//3367
f 2959//2959 3362//3362 2970//2970
f 2966//2966 3366//3366 3369//3369
f 2968//2968 3371//3371 3157//3157
f 3153//3153 3368//3368 3375//3375
f 3156//3156 3378//3378 2981//2981
f 2980//2980 3377//3377 3383//3383
f 2982//2982 3381//3381 2985//2985
f 2986//2986 3382//3382 3387//3387
f 2988//2988 3386//3386 2834//2834
f 2839//2839 3389//3389 3546//3546
f 2833//2833 3544//3544 3497//3497
f 2836//2836 3499//3499 2795//2795
f 2796//2796 3498//3498 2732//2732
f 2730//2730 3493//3493 3413//3413
f 3397//3397 3403//3403 3408//3408
f 3395//3395 3409//3409 3414//3414
f 3422//3422 3424//3424 3429//3429
f 3423//3423 3431//3431 3438//3438
f 3444//3444 3449//3449 3458//3458
f 3446//3446 3456//3456 3464//3464
f 3468//3468 3473//3473 3480//3480
f 3469//3469 3479//3479 3486//3486
f 3492//3492 3393//3393 3411//3411
f 3491//3491 3412//3412 3496//3496
f 3504//3504 3421//3421 3439//3439
f 3503//3503 3437//3437 3510//3510
f 3514//3514 3442//3442 3462//3462
f 3512//3512 3459//3459 3522//3522
f 3525//3525 3466//3466 3485//3485
f 3524//3524 3484//3484 3533//3533
f 3542//3542 3490//3490 3495//3495
f 3543//3543 3494//3494 3545//3545
f 3553//3553 3500//3500 3506//3506
f 3550//3550 3507//3507 3559//3559
f 3564//3564 3515//3515 3570//3570
f 3571//3571 3516//3516 3521//3521
f 3568//3568 3517//3517 3577//3577
f 3581//3581 3527//3527 3586//3586
f 3589//3589 3528//3528 3534//3534
f 3588//3588 3532//3532 3595//3595
f 3339//3339 3334//3334 3602//3602
f 3338//3338 3597//3597 3607//3607
f 3604//3604 3599//3599 3611//3611
f 3352//3352 3345//3345 3617//3617
f 3355//3355 3615//3615 3620//3620
f 3357//3357 3354//3354 3623//3623
f 3358//3358 3621//3621 3626//3626
f 3627//3627 3624//3624 3634//3634
f 3372//3372 3363//3363 3640//3640
f 3373//3373 3638//3638 3648//3648
f 3644//3644 3639//3639 3651//3651
f 3390//3390 3380//3380 3656//3656
f 3391//3391 3657//3657 3662//3662
f 3663//3663 3661//3661 3668//3668
f 3677//3677 3428//3428 3419//3419
f 3213//3213 3209//3209 3693//3693
f 3217//3217 3689//3689 3698//3698
f 3695//3695 3688//3688 3702//3702
f 3694//3694 3703//3703 3707//3707
f 3230//3230 3225//3225 3714//3714
f 3231//3231 3713//3713 3721//3721
f 3723//3723 3450//3450 3443//3443
f 3245//3245 3236//3236 3739//3739
f 3246//3246 3738//3738 3741//3741
f 3743//3743 3734//3734 3750//3750
f 3261//3261 3259//3259 3754//3754
f 3264//3264 3751//3751 3756//3756
f 3761//3761 3755//3755 3768//3768
f 3277//3277 3266//3266 3771//3771
f 3275//3275 3770//3770 3776//3776
f 3780//3780 3773//3773 3785//3785
f 3282//3282 3276//3276 3779//3779
f 3279//3279 3777//3777 3787//3787
f 3789//3789 3774//3774 3793//3793
f 3293//3293 3284//3284 3803//3803
f 3291//3291 3800//3800 3805//3805
f 3804//3804 3801//3801 3813//3813
f 3312//3312 3306//3306 3816//3816
f 3309//3309 3817//3817 3824//3824
f 3822//3822 3820//3820 3831//3831
f 3823//3823 3830//3830 3834//3834
f 3319//3319 3314//3314 3842//3842
f 3325//3325 3841//3841 3848//3848
f 3849//3849 3840//3840 3854//3854
f 3612//3612 3614//3614 3603//3603
f 3606//3606 3618//3618 3349//3349
f 3605//3605 3346//3346 3342//3342
f 3633//3633 3643//3643 3628//3628
f 3629//3629 3642//3642 3364//3364
f 3630//3630 3365//3365 3359//3359
f 3376//3376 3370//3370 3646//3646
f 3379//3379 3645//3645 3856//3856
f 3859//3859 3647//3647 3652//3652
f 3858//3858 3654//3654 3861//3861
f 3865//3865 3655//3655 3860//3860
f 3857//3857 3659//3659 3384//3384
f 3855//3855 3385//3385 3374//3374
f 3548//3548 3388//3388 3666//3666
f 3547//3547 3665//3665 3537//3537
f 3538//3538 3664//3664 3669//3669
f 3536//3536 3673//3673 3489//3489
f 3488//3488 3676//3676 3396//3396
f 3556//3556 3407//3407 3398//3398
f 3558//3558 3402//3402 3555//3555
f 3554//3554 3685//3685 3502//3502
f 3501//3501 3687//3687 3417//3417
f 3678//3678 3704//3704 3690//3690
f 3680//3680 3692//3692 3427//3427
f 3426//3426 3691//3691 3210//3210
f 3425//3425 3211//3211 3433//3433
f 3223//3223 3212//3212 3697//3697
f 3221//3221 3696//3696 3872//3872
f 3866//3866 3699//3699 3706//3706
f 3867//3867 3711//3711 3227//3227
f 3868//3868 3228//3228 3218//3218
f 3573//3573 3234//3234 3722//3722
f 3574//3574 3716//3716 3569//3569
f 3572//3572 3718//3718 3562//3562
f 3563//3563 3730//3730 3513//3513
f 3511//3511 3729//3729 3441//3441
f 3724//3724 3740//3740 3448//3448
f 3452//3452 3735//3735 3239//3239
f 3451//3451 3241//3241 3454//3454
f 3248//3248 3244//3244 3744//3744
f 3249//3249 3745//3745 3878//3878
f 3877//3877 3742//3742 3749//3749
f 3879//3879 3766//3766 3753//3753
f 3876//3876 3752//3752 3254//3254
f 3875//3875 3257//3257 3250//3250
f 3763//3763 3782//3782 3769//3769
f 3760//3760 3772//3772 3271//3271
f 3762//3762 3265//3265 3262//3262
f 3795//3795 3802//3802 3786//3786
f 3790//3790 3797//3797 3288//3288
f 3788//3788 3287//3287 3283//3283
f 3297//3297 3290//3290 3808//3808
f 3299//3299 3807//3807 3883//3883
f 3882//3882 3806//3806 3811//3811
f 3885//3885 3812//3812 3888//3888
f 3890//3890 3829//3829 3815//3815
f 3887//3887 3819//3819 3880//3880
f 3881//3881 3818//3818 3304//3304
f 3884//3884 3302//3302 3301//3301
f 3592//3592 3311//3311 3821//3821
f 3591//3591 3825//3825 3584//3584
f 3585//3585 3826//3826 3833//3833
f 3587//3587 3832//3832 3580//3580
f 3474//3474 3843//3843 3318//3318
f 3472//3472 3317//3317 3476//3476
f 3327//3327 3320//3320 3845//3845
f 3328//3328 3846//3846 3896//3896
f 3895//3895 3847//3847 3851//3851
f 3332//3332 3326//3326 3897//3897
f 3333//3333 3894//3894 3601//3601
f 3899//3899 3904//3904 3613//3613
f 3619//3619 3902//3902 3625//3625
f 3906//3906 3635//3635 3903//3903
f 3901//3901 3631//3631 3622//3622
f 3908//3908 3637//3637 3905//3905
f 3907//3907 3636//3636 3632//3632
f 3913//3913 3650//3650 3910//3910
f 3909//3909 3653//3653 3641//3641
f 3914//3914 3658//3658 3863//3863
f 3917//3917 3862//3862 3912//3912
f 3911//3911 3864//3864 3649//3649
f 3660//3660 3915//3915 3667//3667
f 3670//3670 3916//3916 3919//3919
f 3671//3671 3920//3920 3540//3540
f 3541//3541 3918//3918 3921//3921
f 3539//3539 3922//3922 3674//3674
f 3675//3675 3923//3923 3926//3926
f 3672//3672 3925//3925 3394//3394
f 3930//3930 3549//3549 3399//3399
f 3929//3929 3400//3400 3924//3924
f 3927//3927 3401//3401 3392//3392
f 3551//3551 3928//3928 3933//3933
f 3552//3552 3932//3932 3684//3684
f 3686//3686 3931//3931 3937//3937
f 3939//3939 3679//3679 3934//3934
f 3935//3935 3682//3682 3418//3418
f 3936//3936 3420//3420 3683//3683
f 3681//3681 3940//3940 3700//3700
f 3705//3705 3938//3938 3943//3943
f 3701//3701 3942//3942 3709//3709
f 3708//3708 3941//3941 3945//3945
f 3710//3710 3946//3946 3870//3870
f 3869//3869 3944//3944 3950//3950
f 3871//3871 3948//3948 3715//3715
f 3952//3952 3719//3719 3947//3947
f 3949//3949 3717//3717 3712//3712
f 3955//3955 3565//3565 3951//3951
f 3953//3953 3566//3566 3720//3720
f 3959//3959 3447//3447 3728//3728
f 3958//3958 3731//3731 3956//3956
f 3954//3954 3732//3732 3567//3567
f 3445//3445 3960//3960 3725//3725
f 3726//3726 3957//3957 3962//3962
f 3727//3727 3963//3963 3737//3737
f 3733//3733 3961//3961 3966//3966
f 3736//3736 3965//3965 3748//3748
f 3746//3746 3964//3964 3967//3967
f 3747//3747 3970//3970 3874//3874
f 3971//3971 3764//3764 3969//3969
f 3968//3968 3767//3767 3873//3873
f 3765//3765 3972//3972 3757//3757
f 3758//3758 3973//3973 3976//3976
f 3759//3759 3974//3974 3783//3783
f 3781//3781 3975//3975 3979//3979
f 3981//3981 3792//3792 3977//3977
f 3980//3980 3791//3791 3778//3778
f 3978//3978 3775//3775 3784//3784
f 3984//3984 3798//3798 3982//3982
f 3983//3983 3799//3799 3794//3794
f 3988//3988 3814//3814 3985//3985
f 3986//3986 3809//3809 3796//3796
f 3990//3990 3827//3827 3889//3889
f 3993//3993 3891//3891 3987//3987
f 3989//3989 3886//3886 3810//3810
f 3828//3828 3992//3992 3835//3835
f 3837//3837 3991//3991 3996//3996
f 3836//3836 3995//3995 3582//3582
f 3583//3583 3994//3994 3999//3999
f 3579//3579 3998//3998 3529//3529
f 3523//3523 3997//3997 4002//4002
f 3526//3526 4003//4003 3465//3465
f 4006//4006 3844//3844 3475//3475
f 4005//4005 3471//3471 4000//4000
f 4001//4001 3470//3470 3467//3467
f 3838//3838 4004//4004 4008//4008
f 3839//3839 4007//4007 3852//3852
f 3853//3853 4009//4009 4011//4011
f 3850//3850 4012//4012 3893//3893
f 4016//4016 3596//3596 4010//4010
f 4013//4013 3598//3598 3892//3892
f 3616//3616 3610//3610 3900//3900
f 3898//3898 3608//3608 4015//4015
f 4014//4014 3609//3609 3600//3600
f 4019//4019 4021//4021 4026//4026
f 4031//4031 4036//4036 4026//4026
f 4026//4026 4036//4036 4037//4037
f 4026//4026 4037//4037 4019//4019
f 4042//4042 4047//4047 4026//4026
f 4026//4026 4047//4047 4052//4052
f 4026//4026 4052//4052 4031//4031
f 4055//4055 4057//4057 4026//4026
f 4026//4026 4057//4057 4062//4062
f 4026//4026 4062//4062 4042//4042
f 4026//4026 4070//4070 4055//4055
f 4075//4075 4077//4077 4026//4026
f 4026//4026 4077//4077 4083//4083
f 4026//4026 4083//4083 4067//4067
f 4087//4087 4088//4088 4026//4026
f 4026//4026 4088//4088 4095//4095
f 4026//4026 4095//4095 4075//4075
f 4100//4100 4104//4104 4026//4026
f 4026//4026 4104//4104 4105//4105
f 4026//4026 4105//4105 4087//4087
f 4109//4109 4114//4114 4026//4026
f 4026//4026 4114//4114 4118//4118
f 4026//4026 4118//4118 4100//4100
f 4122//4122 4126//4126 4026//4026
f 4026//4026 4126//4126 4132//4132
f 4026//4026 4132//4132 4109//4109
f 4133//4133 4138//4138 4026//4026
f 4026//4026 4138//4138 4144//4144
f 4026//4026 4144//4144 4122//4122
f 4147//4147 4150//4150 4026//4026
f 4026//4026 4150//4150 4153//4153
f 4026//4026 4153//4153 4133//4133
f 4021//4021 4160//4160 4026//4026
f 4026//4026 4160//4160 4163//4163
f 4026//4026 4163//4163 4147//4147
f 4167//4167 4176//4176 4089//4089
f 4090//4090 4172//4172 4182//4182
f 4092//4092 4181//4181 4094//4094
f 4093//4093 4178//4178 4188//4188
f 4096//4096 4186//4186 4076//4076
f 4073//4073 4183//4183 4193//4193
f 4074//4074 4189//4189 4080//4080
f 4079//4079 4194//4194 4199//4199
f 4078//4078 4200//4200 4082//4082
f 4084//4084 4198//4198 4204//4204
f 4081//4081 4205//4205 4066//4066
f 4065//4065 4201//4201 4210//4210
f 4068//4068 4209//4209 4025//4025
f 4028//4028 4211//4211 4214//4214
f 4027//4027 4215//4215 4071//4071
f 4072//4072 4213//4213 4224//4224
f 4069//4069 4219//4219 4054//4054
f 4053//4053 4220//4220 4230//4230
f 4056//4056 4225//4225 4059//4059
f 4060//4060 4227//4227 4235//4235
f 4058//4058 4231//4231 4064//4064
f 4061//4061 4236//4236 4237//4237
f 4063//4063 4240//4240 4043//4043
f 4044//4044 4241//4241 4246//4246
f 4041//4041 4245//4245 4046//4046
f 4045//4045 4248//4248 4251//4251
f 4048//4048 4249//4249 4051//4051
f 4050//4050 4250//4250 4256//4256
f 4049//4049 4255//4255 4029//4029
f 4030//4030 4258//4258 4263//4263
f 4032//4032 4262//4262 4033//4033
f 4035//4035 4264//4264 4270//4270
f 4034//4034 4267//4267 4038//4038
f 4039//4039 4269//4269 4272//4272
f 4040//4040 4273//4273 4017//4017
f 4018//4018 4275//4275 4281//4281
f 4020//4020 4282//4282 4022//4022
f 4023//4023 4280//4280 4285//4285
f 4024//4024 4287//4287 4159//4159
f 4158//4158 4288//4288 4291//4291
f 4157//4157 4290//4290 4162//4162
f 4164//4164 4292//4292 4297//4297
f 4161//4161 4299//4299 4145//4145
f 4148//4148 4298//4298 4303//4303
f 4146//4146 4305//4305 4151//4151
f 4149//4149 4306//4306 4308//4308
f 4152//4152 4309//4309 4154//4154
f 4156//4156 4310//4310 4314//4314
f 4155//4155 4315//4315 4135//4135
f 4136//4136 4316//4316 4323//4323
f 4134//4134 4325//4325 4137//4137
f 4140//4140 4324//4324 4330//4330
f 4139//4139 4331//4331 4141//4141
f 4143//4143 4326//4326 4337//4337
f 4142//4142 4333//4333 4121//4121
f 4124//4124 4332//4332 4342//4342
f 4123//4123 4343//4343 4125//4125
f 4128//4128 4340//4340 4349//4349
f 4127//4127 4347//4347 4130//4130
f 4129//4129 4348//4348 4352//4352
f 4131//4131 4350//4350 4112//4112
f 4111//4111 4354//4354 4358//4358
f 4110//4110 4361//4361 4113//4113
f 4115//4115 4357//4357 4363//4363
f 4116//4116 4364//4364 4117//4117
f 4120//4120 4365//4365 4372//4372
f 4119//4119 4371//4371 4099//4099
f 4097//4097 4369//4369 4378//4378
f 4098//4098 4375//4375 4101//4101
f 4102//4102 4377//4377 4381//4381
f 4103//4103 4380//4380 4108//4108
f 4107//4107 4384//4384 4171//4171
f 4106//4106 4165//4165 4086//4086
f 4085//4085 4166//4166 4091//4091
f 4254//4254 4253//4253 4389//4389
f 4391//4391 4252//4252 4243//4243
f 4390//4390 4247//4247 4399//4399
f 4394//4394 4244//4244 4239//4239
f 4396//4396 4238//4238 4401//4401
f 4405//4405 4242//4242 4233//4233
f 4404//4404 4232//4232 4412//4412
f 4407//4407 4234//4234 4229//4229
f 4410//4410 4226//4226 4413//4413
f 4417//4417 4228//4228 4222//4222
f 4414//4414 4223//4223 4424//4424
f 4419//4419 4221//4221 4217//4217
f 4425//4425 4218//4218 4428//4428
f 4427//4427 4216//4216 4208//4208
f 4426//4426 4207//4207 4438//4438
f 4437//4437 4212//4212 4203//4203
f 4432//4432 4202//4202 4440//4440
f 4441//4441 4206//4206 4197//4197
f 4439//4439 4196//4196 4450//4450
f 4446//4446 4195//4195 4190//4190
f 4448//4448 4191//4191 4451//4451
f 4453//4453 4192//4192 4184//4184
f 4454//4454 4185//4185 4461//4461
f 4463//4463 4187//4187 4179//4179
f 4460//4460 4180//4180 4467//4467
f 4466//4466 4177//4177 4174//4174
f 4464//4464 4173//4173 4473//4473
f 4474//4474 4175//4175 4168//4168
f 4475//4475 4169//4169 4479//4479
f 4481//4481 4170//4170 4385//4385
f 4480//4480 4382//4382 4484//4484
f 4483//4483 4383//4383 4376//4376
f 4482//4482 4379//4379 4493//4493
f 4494//4494 4374//4374 4370//4370
f 4492//4492 4373//4373 4496//4496
f 4497//4497 4368//4368 4362//4362
f 4495//4495 4366//4366 4502//4502
f 4505//4505 4367//4367 4360//4360
f 4503//4503 4359//4359 4511//4511
f 4514//4514 4356//4356 4351//4351
f 4512//4512 4355//4355 4516//4516
f 4517//4517 4353//4353 4346//4346
f 4515//4515 4345//4345 4521//4521
f 4526//4526 4344//4344 4338//4338
f 4525//4525 4341//4341 4529//4529
f 4527//4527 4339//4339 4335//4335
f 4528//4528 4334//4334 4536//4536
f 4535//4535 4336//4336 4328//4328
f 4534//4534 4327//4327 4544//4544
f 4545//4545 4329//4329 4322//4322
f 4546//4546 4321//4321 4548//4548
f 4551//4551 4320//4320 4317//4317
f 4550//4550 4319//4319 4558//4558
f 4556//4556 4318//4318 4311//4311
f 4557//4557 4312//4312 4562//4562
f 4561//4561 4313//4313 4304//4304
f 4560//4560 4302//4302 4567//4567
f 4569//4569 4307//4307 4296//4296
f 4566//4566 4300//4300 4577//4577
f 4578//4578 4301//4301 4294//4294
f 4572//4572 4293//4293 4580//4580
f 4581//4581 4295//4295 4284//4284
f 4583//4583 4289//4289 4586//4586
f 4587//4587 4286//4286 4283//4283
f 4585//4585 4278//4278 4594//4594
f 4593//4593 4279//4279 4276//4276
f 4595//4595 4274//4274 4600//4600
f 4599//4599 4277//4277 4271//4271
f 4602//4602 4268//4268 4604//4604
f 4610//4610 4266//4266 4260//4260
f 4605//4605 4265//4265 4613//4613
f 4614//4614 4261//4261 4259//4259
f 4616//4616 4257//4257 4388//4388
f 4477//4477 4485//4485 4623//4623
f 4622//4622 4486//4486 5115//5115
f 4490//4490 5119//5119 4488//4488
f 4487//4487 5117//5117 5110//5110
f 4499//4499 4625//4625 5124//5124
f 4500//4500 5122//5122 4489//4489
f 4491//4491 5126//5126 5121//5121
f 4624//4624 4501//4501 5128//5128
f 5134//5134 4498//4498 4507//4507
f 5133//5133 4506//4506 5139//5139
f 5136//5136 4504//4504 4513//4513
f 5137//5137 4510//4510 5192//5192
f 4520//4520 5145//5145 4508//4508
f 4509//4509 5141//5141 5194//5194
f 4522//4522 5150//5150 4518//4518
f 4519//4519 5149//5149 5142//5142
f 4532//4532 5159//5159 5197//5197
f 4533//4533 5198//5198 4524//4524
f 4523//4523 5201//5201 5151//5151
f 5160//5160 4530//4530 5153//5153
f 5157//5157 4531//4531 4539//4539
f 5158//5158 4538//4538 5166//5166
f 5165//5165 4537//4537 4541//4541
f 5167//5167 4540//4540 4629//4629
f 4549//4549 5170//5170 4543//4543
f 4542//4542 5168//5168 4628//4628
f 5169//5169 4547//4547 4638//4638
f 4636//4636 4552//4552 4554//4554
f 4634//4634 4555//4555 4642//4642
f 4643//4643 4553//4553 4564//4564
f 4644//4644 4563//4563 4649//4649
f 4570//4570 4653//4653 4559//4559
f 4565//4565 4654//4654 4647//4647
f 4574//4574 5176//5176 4661//4661
f 4575//4575 4660//4660 4568//4568
f 4571//4571 4658//4658 4650//4650
f 5174//5174 4576//4576 4666//4666
f 4667//4667 4573//4573 4579//4579
f 4663//4663 4582//4582 4670//4670
f 4673//4673 4584//4584 4589//4589
f 4671//4671 4590//4590 5182//5182
f 4596//4596 5036//5036 4591//4591
f 4588//4588 5037//5037 5180//5180
f 4603//4603 5041//5041 4592//4592
f 4597//4597 5043//5043 5034//5034
f 4607//4607 5044//5044 4677//4677
f 4606//4606 4681//4681 4598//4598
f 4601//4601 4679//4679 5042//5042
f 5045//5045 4609//4609 5050//5050
f 5053//5053 4608//4608 4611//4611
f 5054//5054 4615//4615 5057//5057
f 5058//5058 4612//4612 4387//4387
f 5055//5055 4386//4386 4682//4682
f 4397//4397 4688//4688 4393//4393
f 4392//4392 4690//4690 4683//4683
f 4691//4691 4398//4398 5062//5062
f 5065//5065 4395//4395 4400//4400
f 5061//5061 4403//4403 4695//4695
f 4694//4694 4402//4402 4411//4411
f 4696//4696 4409//4409 5067//5067
f 4418//4418 4704//4704 4408//4408
f 4406//4406 4703//4703 5070//5070
f 4423//4423 4706//4706 5073//5073
f 4422//4422 5074//5074 4415//4415
f 4416//4416 5071//5071 4699//4699
f 4707//4707 4420//4420 4713//4713
f 4715//4715 4421//4421 4430//4430
f 4711//4711 4431//4431 5080//5080
f 5079//5079 4429//4429 4435//4435
f 4444//4444 5086//5086 4434//4434
f 4433//4433 5083//5083 4765//4765
f 4436//4436 4766//4766 5078//5078
f 4449//4449 5090//5090 4442//4442
f 4443//4443 5091//5091 5082//5082
f 4455//4455 5094//5094 5185//5185
f 4457//4457 5186//5186 4445//4445
f 4447//4447 5188//5188 5092//5092
f 5097//5097 4456//4456 5101//5101
f 5104//5104 4452//4452 4459//4459
f 5103//5103 4462//4462 4721//4721
f 4717//4717 4458//4458 4465//4465
f 4720//4720 4468//4468 5109//5109
f 4476//4476 4723//4723 4470//4470
f 4469//4469 4726//4726 5108//5108
f 4478//4478 4618//4618 4472//4472
f 4471//4471 4619//4619 4728//4728
f 4668//4668 4990//4990 4995//4995
f 5001//5001 4665//4665 4992//4992
f 4659//4659 5002//5002 5005//5005
f 4655//4655 4657//4657 5004//5004
f 4652//4652 5007//5007 5012//5012
f 4646//4646 4651//4651 5018//5018
f 5015//5015 4656//4656 5013//5013
f 4639//4639 4648//4648 5020//5020
f 4641//4641 5019//5019 5022//5022
f 4635//4635 4640//4640 5031//5031
f 5028//5028 4645//4645 5025//5025
f 4987//4987 4669//4669 4674//4674
f 4733//4733 4739//4739 5035//5035
f 4734//4734 5033//5033 5039//5039
f 4794//4794 4803//4803 5048//5048
f 4796//4796 5047//5047 5049//5049
f 4778//4778 4806//4806 5059//5059
f 4780//4780 5056//5056 4684//4684
f 4815//4815 4784//4784 4692//4692
f 4686//4686 4779//4779 4685//4685
f 4772//4772 4820//4820 5064//5064
f 4776//4776 5063//5063 4693//4693
f 4826//4826 4777//4777 4697//4697
f 4825//4825 4698//4698 5069//5069
f 4835//4835 4838//4838 4701//4701
f 4834//4834 4702//4702 5072//5072
f 4853//4853 4857//4857 4710//4710
f 4848//4848 4714//4714 5077//5077
f 4859//4859 4764//4764 5085//5085
f 4862//4862 5087//5087 5089//5089
f 4873//4873 4759//4759 5095//5095
f 4875//4875 5096//5096 5102//5102
f 4876//4876 4888//4888 5106//5106
f 5107//5107 4883//4883 4719//4719
f 4892//4892 4877//4877 4727//4727
f 4722//4722 4878//4878 5105//5105
f 4902//4902 4894//4894 4620//4620
f 4910//4910 4903//4903 5113//5113
f 5114//5114 4901//4901 4621//4621
f 4928//4928 4915//4915 5118//5118
f 4926//4926 5120//5120 5123//5123
f 4939//4939 4752//4752 5132//5132
f 4938//4938 5129//5129 5135//5135
f 4743//4743 4943//4943 5144//5144
f 4748//4748 5140//5140 5146//5146
f 4964//4964 4958//4958 5154//5154
f 5152//5152 4957//4957 5162//5162
f 4971//4971 4977//4977 4633//4633
f 4630//4630 4976//4976 5163//5163
f 4980//4980 4969//4969 4632//4632
f 4983//4983 4631//4631 5171//5171
f 4788//4788 4984//4984 5181//5181
f 5178//5178 4989//4989 4672//4672
f 4736//4736 4786//4786 5179//5179
f 4740//4740 5183//5183 5038//5038
f 4789//4789 4729//4729 4675//4675
f 4678//4678 4730//4730 5040//5040
f 4805//4805 4793//4793 4680//4680
f 4802//4802 4676//4676 5046//5046
f 5051//5051 5060//5060 4807//4807
f 5052//5052 4811//4811 4797//4797
f 4689//4689 5066//5066 4821//4821
f 4687//4687 4818//4818 4813//4813
f 5068//5068 4705//4705 4828//4828
f 4827//4827 4700//4700 4839//4839
f 4845//4845 4831//4831 5076//5076
f 4846//4846 5075//5075 4709//4709
f 4708//4708 4716//4716 4844//4844
f 4843//4843 4712//4712 4856//4856
f 4768//4768 4850//4850 5081//5081
f 4771//4771 5084//5084 4763//4763
f 4866//4866 4863//4863 5093//5093
f 4869//4869 5088//5088 5184//5184
f 5189//5189 5098//5098 4756//4756
f 5187//5187 4757//4757 4865//4865
f 5099//5099 4718//4718 4884//4884
f 5100//5100 4885//4885 4871//4871
f 4725//4725 4617//4617 4897//4897
f 4724//4724 4898//4898 4890//4890
f 5111//5111 5116//5116 4911//4911
f 5112//5112 4912//4912 4908//4908
f 4921//4921 4927//4927 5125//5125
f 4918//4918 5127//5127 4627//4627
f 4626//4626 5131//5131 4923//4923
f 4917//4917 5130//5130 4750//4750
f 4931//4931 4940//4940 5191//5191
f 5190//5190 4937//4937 5138//5138
f 5193//5193 5143//5143 4944//4944
f 5195//5195 4945//4945 4932//4932
f 4949//4949 4744//4744 5148//5148
f 4950//4950 5147//5147 5196//5196
f 5200//5200 5161//5161 4955//4955
f 5199//5199 4959//4959 4948//4948
f 5155//5155 5164//5164 4973//4973
f 5156//5156 4972//4972 4963//4963
f 5027//5027 4979//4979 5172//5172
f 5026//5026 5173//5173 4637//4637
f 4664//4664 4996//4996 5175//5175
f 5177//5177 4997//4997 4662//4662
f 4896//4896 5655//5655 5645//5645
f 4895//4895 5646//5646 4891//4891
f 4889//4889 5647//5647 4881//4881
f 4880//4880 5650//5650 5765//5765
f 4879//4879 5766//5766 4882//4882
f 4887//4887 5769//5769 5639//5639
f 4886//4886 5633//5633 4874//4874
f 4870//4870 5634//5634 5641//5641
f 4872//4872 5640//5640 4754//4754
f 4758//4758 5642//5642 5632//5632
f 4755//4755 5629//5629 4868//4868
f 4864//4864 5628//5628 5625//5625
f 4867//4867 5626//5626 4860//4860
f 4860//4860 5626//5626 5617//5617
f 4861//4861 5621//5621 4762//4762
f 4761//4761 5619//5619 5607//5607
f 4760//4760 5605//5605 4767//4767
f 4769//4769 5608//5608 5613//5613
f 4770//4770 5614//5614 4852//4852
f 4851//4851 5612//5612 5760//5760
f 4849//4849 5763//5763 4855//4855
f 4854//4854 5762//5762 5593//5593
f 4858//4858 5594//5594 4842//4842
f 4847//4847 5597//5597 5599//5599
f 4841//4841 5600//5600 4833//4833
f 4830//4830 5601//5601 5757//5757
f 4832//4832 5758//5758 4837//4837
f 4836//4836 5756//5756 5586//5586
f 4840//4840 5587//5587 4829//4829
f 4824//4824 5588//5588 5580//5580
f 4823//4823 5581//5581 4773//4773
f 4774//4774 5579//5579 5577//5577
f 4775//4775 5576//5576 4817//4817
f 4819//4819 5574//5574 5569//5569
f 4822//4822 5570//5570 4816//4816
f 4812//4812 5568//5568 5562//5562
f 4814//4814 5561//5561 4783//4783
f 4781//4781 5560//5560 5558//5558
f 4782//4782 5559//5559 4808//4808
f 4810//4810 5557//5557 5549//5549
f 4809//4809 5554//5554 4799//4799
f 4800//4800 5551//5551 5748//5748
f 4798//4798 5752//5752 5548//5548
f 4795//4795 5545//5545 4804//4804
f 4801//4801 5546//5546 4790//4790
f 4791//4791 5547//5547 5540//5540
f 4792//4792 5541//5541 4731//4731
f 4735//4735 5539//5539 5743//5743
f 4732//4732 5745//5745 4737//4737
f 4738//4738 5742//5742 5247//5247
f 4741//4741 5246//5246 5533//5533
f 4742//4742 5532//5532 4785//4785
f 4787//4787 5536//5536 4988//4988
f 4986//4986 5535//5535 5527//5527
f 4985//4985 5529//5529 4993//4993
f 4991//4991 5526//5526 5515//5515
f 4994//4994 5514//5514 4999//4999
f 4998//4998 5512//5512 5521//5521
f 5000//5000 5520//5520 5003//5003
f 5008//5008 5519//5519 5496//5496
f 5006//5006 5494//5494 5011//5011
f 5009//5009 5495//5495 5491//5491
f 5010//5010 5489//5489 5016//5016
f 5017//5017 5490//5490 5500//5500
f 5014//5014 5499//5499 5021//5021
f 5024//5024 5501//5501 5202//5202
f 5023//5023 5205//5205 5029//5029
f 5030//5030 5204//5204 5741//5741
f 5032//5032 5737//5737 4981//4981
f 4978//4978 5740//5740 5731//5731
f 4982//4982 5727//5727 4968//4968
f 4967//4967 5728//5728 5735//5735
f 4970//4970 5734//5734 5714//5714
f 4966//4966 5713//5713 4975//4975
f 4974//4974 5718//5718 4962//4962
f 4965//4965 5719//5719 5723//5723
f 4961//4961 5722//5722 4960//4960
f 4954//4954 5721//5721 5782//5782
f 4956//4956 5784//5784 4952//4952
f 4953//4953 5783//5783 5712//5712
f 4951//4951 5711//5711 4747//4747
f 4745//4745 5708//5708 5701//5701
f 4746//4746 5705//5705 4942//4942
f 4946//4946 5702//5702 5776//5776
f 4947//4947 5778//5778 4930//4930
f 4934//4934 5777//5777 5696//5696
f 4933//4933 5698//5698 4941//4941
f 4936//4936 5697//5697 5691//5691
f 4935//4935 5690//5690 4753//4753
f 4751//4751 5688//5688 5687//5687
f 4749//4749 5684//5684 4920//4920
f 4919//4919 5683//5683 5681//5681
f 4922//4922 5676//5676 4924//4924
f 4929//4929 5677//5677 5674//5674
f 4925//4925 5672//5672 4916//4916
f 4913//4913 5671//5671 5665//5665
f 4914//4914 5666//5666 4907//4907
f 4909//4909 5668//5668 5663//5663
f 4906//4906 5662//5662 4905//4905
f 4900//4900 5661//5661 5775//5775
f 4904//4904 5771//5771 4899//4899
f 4893//4893 5772//5772 5654//5654
f 5488//5488 5493//5493 5269//5269
f 5487//5487 5267//5267 5261//5261
f 5504//5504 5492//5492 5260//5260
f 5498//5498 5259//5259 5263//5263
f 5206//5206 5502//5502 5505//5505
f 5510//5510 5503//5503 5265//5265
f 5256//5256 5277//5277 5517//5517
f 5518//5518 5278//5278 5524//5524
f 5283//5283 5252//5252 5513//5513
f 5280//5280 5516//5516 5528//5528
f 5248//5248 5285//5285 5534//5534
f 5235//5235 5291//5291 5538//5538
f 5237//5237 5537//5537 5544//5544
f 5308//5308 5313//5313 5552//5552
f 5305//5305 5550//5550 5555//5555
f 5322//5322 5231//5231 5566//5566
f 5324//5324 5565//5565 5567//5567
f 5315//5315 5325//5325 5575//5575
f 5572//5572 5323//5323 5571//5571
f 5333//5333 5229//5229 5583//5583
f 5332//5332 5578//5578 5585//5585
f 5226//5226 5341//5341 5592//5592
f 5591//5591 5340//5340 5602//5602
f 5359//5359 5353//5353 5606//5606
f 5604//5604 5355//5355 5615//5615
f 5373//5373 5363//5363 5616//5616
f 5374//5374 5618//5618 5624//5624
f 5378//5378 5372//5372 5622//5622
f 5379//5379 5623//5623 5627//5627
f 5397//5397 5382//5382 5637//5637
f 5635//5635 5380//5380 5643//5643
f 5404//5404 5219//5219 5652//5652
f 5403//5403 5651//5651 5657//5657
f 5411//5411 5215//5215 5660//5660
f 5412//5412 5659//5659 5667//5667
f 5420//5420 5427//5427 5675//5675
f 5417//5417 5670//5670 5680//5680
f 5428//5428 5418//5418 5679//5679
f 5429//5429 5678//5678 5682//5682
f 5436//5436 5445//5445 5689//5689
f 5435//5435 5692//5692 5699//5699
f 5453//5453 5459//5459 5704//5704
f 5452//5452 5703//5703 5710//5710
f 5478//5478 5469//5469 5717//5717
f 5716//5716 5472//5472 5725//5725
f 5208//5208 5483//5483 5730//5730
f 5729//5729 5484//5484 5733//5733
f 5211//5211 5726//5726 5738//5738
f 5497//5497 5523//5523 5268//5268
f 5270//5270 5522//5522 5276//5276
f 5530//5530 5531//5531 5287//5287
f 5525//5525 5290//5290 5279//5279
f 5241//5241 5249//5249 5747//5747
f 5744//5744 5542//5542 5295//5295
f 5746//5746 5294//5294 5243//5243
f 5299//5299 5240//5240 5750//5750
f 5751//5751 5238//5238 5543//5543
f 5753//5753 5553//5553 5310//5310
f 5749//5749 5309//5309 5300//5300
f 5556//5556 5564//5564 5304//5304
f 5303//5303 5563//5563 5232//5232
f 5573//5573 5584//5584 5320//5320
f 5318//5318 5582//5582 5230//5230
f 5338//5338 5328//5328 5590//5590
f 5339//5339 5589//5589 5755//5755
f 5759//5759 5598//5598 5343//5343
f 5754//5754 5342//5342 5335//5335
f 5349//5349 5225//5225 5595//5595
f 5348//5348 5596//5596 5761//5761
f 5764//5764 5611//5611 5347//5347
f 5352//5352 5610//5610 5357//5357
f 5603//5603 5620//5620 5366//5366
f 5609//5609 5365//5365 5361//5361
f 5631//5631 5644//5644 5386//5386
f 5630//5630 5381//5381 5377//5377
f 5391//5391 5394//5394 5638//5638
f 5390//5390 5636//5636 5768//5768
f 5767//5767 5649//5649 5388//5388
f 5393//5393 5648//5648 5221//5221
f 5407//5407 5400//5400 5656//5656
f 5408//5408 5653//5653 5774//5774
f 5773//5773 5658//5658 5217//5217
f 5770//5770 5214//5214 5409//5409
f 5664//5664 5673//5673 5423//5423
f 5669//5669 5425//5425 5416//5416
f 5686//5686 5693//5693 5440//5440
f 5685//5685 5441//5441 5431//5431
f 5446//5446 5438//5438 5694//5694
f 5448//5448 5695//5695 5780//5780
f 5779//5779 5700//5700 5447//5447
f 5450//5450 5706//5706 5461//5461
f 5465//5465 5457//5457 5707//5707
f 5467//5467 5709//5709 5785//5785
f 5786//5786 5724//5724 5474//5474
f 5781//5781 5473//5473 5463//5463
f 5715//5715 5732//5732 5485//5485
f 5720//5720 5486//5486 5475//5475
f 5507//5507 5210//5210 5739//5739
f 5506//5506 5736//5736 5203//5203
f 5216//5216 5788//5788 5406//5406
f 5410//5410 5790//5790 5791//5791
f 5421//5421 5797//5797 5426//5426
f 5424//5424 5796//5796 5800//5800
f 5789//5789 5213//5213 5414//5414
f 5787//5787 5413//5413 5799//5799
f 5798//5798 5415//5415 5422//5422
f 5443//5443 5803//5803 5804//5804
f 5795//5795 5419//5419 5433//5433
f 5794//5794 5432//5432 5806//5806
f 5805//5805 5430//5430 5444//5444
f 5442//5442 5439//5439 5802//5802
f 5801//5801 5437//5437 5808//5808
f 5810//5810 5434//5434 5451//5451
f 5464//5464 5813//5813 5456//5456
f 5455//5455 5812//5812 5817//5817
f 5809//5809 5449//5449 5462//5462
f 5807//5807 5460//5460 5815//5815
f 5816//5816 5458//5458 5454//5454
f 5479//5479 5818//5818 5822//5822
f 5814//5814 5466//5466 5471//5471
f 5811//5811 5468//5468 5821//5821
f 5823//5823 5470//5470 5477//5477
f 5476//5476 5482//5482 5820//5820
f 5819//5819 5480//5480 5826//5826
f 5824//5824 5481//5481 5207//5207
f 5825//5825 5209//5209 5827//5827
f 5266//5266 5833//5833 5511//5511
f 5508//5508 5831//5831 5829//5829
f 5509//5509 5828//5828 5212//5212
f 5274//5274 5835//5835 5272//5272
f 5271//5271 5836//5836 5839//5839
f 5830//5830 5264//5264 5258//5258
f 5832//5832 5262//5262 5840//5840
f 5838//5838 5257//5257 5273//5273
f 5282//5282 5842//5842 5845//5845
f 5834//5834 5275//5275 5255//5255
f 5837//5837 5253//5253 5846//5846
f 5844//5844 5254//5254 5284//5284
f 5281//5281 5286//5286 5843//5843
f 5841//5841 5289//5289 5849//5849
f 5850//5850 5288//5288 5250//5250
f 5251//5251 5245//5245 5847//5847
f 5848//5848 5244//5244 5853//5853
f 5852//5852 5242//5242 5292//5292
f 5851//5851 5296//5296 5857//5857
f 5854//5854 5293//5293 5239//5239
f 5312//5312 5859//5859 5862//5862
f 5855//5855 5236//5236 5298//5298
f 5856//5856 5301//5301 5861//5861
f 5863//5863 5297//5297 5311//5311
f 5314//5314 5302//5302 5858//5858
f 5860//5860 5306//5306 5867//5867
f 5864//5864 5307//5307 5234//5234
f 5865//5865 5233//5233 5326//5326
f 5866//5866 5327//5327 5868//5868
f 5227//5227 5874//5874 5317//5317
f 5316//5316 5871//5871 5869//5869
f 5319//5319 5870//5870 5321//5321
f 5344//5344 5878//5878 5336//5336
f 5337//5337 5875//5875 5881//5881
f 5872//5872 5228//5228 5329//5329
f 5873//5873 5331//5331 5880//5880
f 5879//5879 5330//5330 5334//5334
f 5346//5346 5883//5883 5886//5886
f 5877//5877 5345//5345 5222//5222
f 5876//5876 5223//5223 5885//5885
f 5887//5887 5224//5224 5351//5351
f 5884//5884 5350//5350 5354//5354
f 5882//5882 5358//5358 5891//5891
f 5888//5888 5356//5356 5362//5362
f 5890//5890 5360//5360 5368//5368
f 5889//5889 5367//5367 5893//5893
f 5892//5892 5364//5364 5371//5371
f 5894//5894 5369//5369 5895//5895
f 5898//5898 5370//5370 5375//5375
f 5396//5396 5899//5899 5902//5902
f 5897//5897 5376//5376 5384//5384
f 5896//5896 5383//5383 5904//5904
f 5903//5903 5385//5385 5395//5395
f 5398//5398 5392//5392 5900//5900
f 5901//5901 5389//5389 5906//5906
f 5905//5905 5387//5387 5218//5218
f 5907//5907 5220//5220 5402//5402
f 5908//5908 5401//5401 5792//5792
f 5793//5793 5399//5399 5405//5405

