mtllib material.mtl
usemtl LinkGrey.001
v -0.02236200 0.08364700 0.01840500
v -0.02236200 0.08364700 0.01840500
v -0.02236200 0.08364700 0.01840500
v -0.02236200 0.08364700 0.01840500
v -0.02236200 0.08364700 0.01840500
v -0.02233800 0.08304700 0.01855300
v -0.02233800 0.08304700 0.01855300
v -0.02233800 0.08304700 0.01855300
v -0.02233800 0.08304700 0.01855300
v -0.02233800 0.08304700 0.01855300
v -0.01838600 0.08364700 0.02240600
v -0.01838600 0.08364700 0.02240600
v -0.01838600 0.08364700 0.02240600
v -0.01838600 0.08364700 0.02240600
v -0.01838600 0.08364700 0.02240600
v -0.01846400 0.08304700 0.02230400
v -0.01846400 0.08304700 0.02230400
v -0.01846400 0.08304700 0.02230400
v -0.01846400 0.08304700 0.02230400
v 0.01815000 0.08364700 0.02243700
v 0.01815000 0.08364700 0.02243700
v 0.01815000 0.08364700 0.02243700
v 0.01815000 0.08364700 0.02243700
v 0.01815000 0.08364700 0.02243700
v 0.01860500 0.08304700 0.02226800
v 0.01860500 0.08304700 0.02226800
v 0.01860500 0.08304700 0.02226800
v 0.01860500 0.08304700 0.02226800
v 0.01860500 0.08304700 0.02226800
v 0.02246500 0.08364700 0.01832700
v 0.02246500 0.08364700 0.01832700
v 0.02246500 0.08364700 0.01832700
v 0.02246500 0.08364700 0.01832700
v 0.02246500 0.08364700 0.01832700
v 0.02246500 0.08364700 0.01832700
v -0.01846500 0.08364700 -0.02242100
v -0.01846500 0.08364700 -0.02242100
v -0.01846500 0.08364700 -0.02242100
v -0.01846500 0.08364700 -0.02242100
v -0.01846500 0.08364700 -0.02242100
v -0.01861200 0.08304700 -0.02239700
v -0.01861200 0.08304700 -0.02239700
v -0.01861200 0.08304700 -0.02239700
v -0.01861200 0.08304700 -0.02239700
v -0.01861200 0.08304700 -0.02239700
v -0.02246600 0.08364700 -0.01844500
v -0.02246600 0.08364700 -0.01844500
v -0.02246600 0.08364700 -0.01844500
v -0.02246600 0.08364700 -0.01844500
v -0.02246600 0.08364700 -0.01844500
v -0.02246600 0.08364700 -0.01844500
v -0.02236400 0.08304700 -0.01852200
v -0.02236400 0.08304700 -0.01852200
v -0.02236400 0.08304700 -0.01852200
v -0.02236400 0.08304700 -0.01852200
v 0.02234300 0.08309300 -0.01861300
v 0.02234300 0.08309300 -0.01861300
v 0.02234300 0.08309300 -0.01861300
v 0.02234300 0.08309300 -0.01861300
v 0.02234300 0.08309300 -0.01861300
v 0.02234300 0.08309300 -0.01861300
v 0.01859800 0.08364700 -0.02239200
v 0.01859800 0.08364700 -0.02239200
v 0.01859800 0.08364700 -0.02239200
v 0.01859800 0.08364700 -0.02239200
v 0.01859800 0.08364700 -0.02239200
v -0.00000000 0.06254800 0.03778800
v -0.00000000 0.06254800 0.03778800
v -0.00000000 0.06254800 0.03778800
v -0.00000000 0.06254800 0.03778800
v -0.00000000 0.06254800 0.03778800
v -0.00000000 0.06254800 0.03778800
v -0.00050200 0.06534700 0.03763200
v -0.00050200 0.06534700 0.03763200
v -0.00050200 0.06534700 0.03763200
v -0.00050200 0.06534700 0.03763200
v -0.00050200 0.06534700 0.03763200
v -0.00050200 0.06534700 0.03763200
v -0.00050200 0.06534700 0.03763200
v -0.00230000 0.06332900 0.03769700
v -0.00230000 0.06332900 0.03769700
v -0.00230000 0.06332900 0.03769700
v -0.00230000 0.06332900 0.03769700
v -0.00230000 0.06332900 0.03769700
v -0.00000000 0.08414500 0.02494100
v -0.00000000 0.08414500 0.02494100
v -0.00000000 0.08414500 0.02494100
v -0.00000000 0.08414500 0.02494100
v -0.00000000 0.08414500 0.02494100
v -0.00000000 0.08414500 0.02494100
v -0.00000000 0.08414500 0.02494100
v -0.00000000 0.08414500 0.02494100
v -0.00000000 0.08414500 0.02494100
v -0.00000000 0.08414500 0.02494100
v 0.00292500 0.08594400 0.02395000
v 0.00292500 0.08594400 0.02395000
v 0.00292500 0.08594400 0.02395000
v 0.00292500 0.08594400 0.02395000
v 0.00292500 0.08594400 0.02395000
v 0.00109200 0.08594800 0.02204000
v 0.00109200 0.08594800 0.02204000
v 0.00109200 0.08594800 0.02204000
v 0.00109200 0.08594800 0.02204000
v 0.00109200 0.08594800 0.02204000
v 0.00109200 0.08594800 0.02204000
v -0.00106300 0.08595000 0.02204100
v -0.00106300 0.08595000 0.02204100
v -0.00106300 0.08595000 0.02204100
v -0.00106300 0.08595000 0.02204100
v -0.00106300 0.08595000 0.02204100
v -0.00000000 0.08594700 0.02194100
v -0.00000000 0.08594700 0.02194100
v -0.00287800 0.08594400 0.02382000
v -0.00287800 0.08594400 0.02382000
v -0.00287800 0.08594400 0.02382000
v -0.00287800 0.08594400 0.02382000
v -0.00287800 0.08594400 0.02382000
v -0.00287800 0.08594400 0.02382000
v -0.00279600 0.08594500 0.02617300
v -0.00279600 0.08594500 0.02617300
v -0.00279600 0.08594500 0.02617300
v -0.00279600 0.08594500 0.02617300
v -0.00279600 0.08594500 0.02617300
v -0.00111800 0.08595100 0.02783400
v -0.00111800 0.08595100 0.02783400
v -0.00111800 0.08595100 0.02783400
v -0.00111800 0.08595100 0.02783400
v -0.00111800 0.08595100 0.02783400
v 0.00079000 0.08594700 0.02787500
v 0.00079000 0.08594700 0.02787500
v 0.00079000 0.08594700 0.02787500
v 0.00079000 0.08594700 0.02787500
v 0.00079000 0.08594700 0.02787500
v -0.00000000 0.08594700 0.02794100
v -0.00000000 0.08594700 0.02794100
v 0.00263900 0.08594400 0.02654500
v 0.00263900 0.08594400 0.02654500
v 0.00263900 0.08594400 0.02654500
v 0.00263900 0.08594400 0.02654500
v 0.00263900 0.08594400 0.02654500
v -0.01451500 0.08364700 0.01401400
v -0.01451500 0.08364700 0.01401400
v -0.01451500 0.08364700 0.01401400
v -0.01451500 0.08364700 0.01401400
v -0.01537200 0.08364700 0.02182300
v -0.01537200 0.08364700 0.02182300
v -0.01537200 0.08364700 0.02182300
v -0.01537200 0.08364700 0.02182300
v -0.02231500 0.08364700 0.01624500
v -0.02231500 0.08364700 0.01624500
v -0.02231500 0.08364700 0.01624500
v -0.02231500 0.08364700 0.01624500
v -0.01754800 0.08364700 0.01273000
v -0.01754800 0.08364700 0.01273000
v -0.01754800 0.08364700 0.01273000
v -0.01754800 0.08364700 0.01273000
v -0.01754800 0.08364700 0.01273000
v -0.01357800 0.08364700 0.02010700
v -0.01357800 0.08364700 0.02010700
v -0.01357800 0.08364700 0.02010700
v -0.01357800 0.08364700 0.02010700
v -0.01357800 0.08364700 0.02010700
v -0.01284100 0.08364700 0.01689700
v -0.01284100 0.08364700 0.01689700
v -0.01284100 0.08364700 0.01689700
v -0.01284100 0.08364700 0.01689700
v -0.02067900 0.08364700 0.01387800
v -0.02067900 0.08364700 0.01387800
v -0.02067900 0.08364700 0.01387800
v -0.02067900 0.08364700 0.01387800
v -0.02091900 0.08304700 0.02128000
v -0.02091900 0.08304700 0.02128000
v -0.02091900 0.08304700 0.02128000
v -0.02091900 0.08304700 0.02128000
v -0.02091900 0.08304700 0.02128000
v 0.02237300 0.08304700 0.01846800
v 0.02237300 0.08304700 0.01846800
v 0.02237300 0.08304700 0.01846800
v 0.02237300 0.08304700 0.01846800
v 0.02237300 0.08304700 0.01846800
v 0.02072000 0.08304700 0.02144700
v 0.02072000 0.08304700 0.02144700
v 0.02072000 0.08304700 0.02144700
v 0.02072000 0.08304700 0.02144700
v 0.01467600 0.08364700 0.01387800
v 0.01467600 0.08364700 0.01387800
v 0.01467600 0.08364700 0.01387800
v 0.01467600 0.08364700 0.01387800
v 0.01288500 0.08364700 0.01664200
v 0.01288500 0.08364700 0.01664200
v 0.01288500 0.08364700 0.01664200
v 0.01288500 0.08364700 0.01664200
v 0.01288500 0.08364700 0.01664200
v 0.01518800 0.08364700 0.02171800
v 0.01518800 0.08364700 0.02171800
v 0.01518800 0.08364700 0.02171800
v 0.01518800 0.08364700 0.02171800
v 0.01780700 0.08364700 0.01273000
v 0.01780700 0.08364700 0.01273000
v 0.01780700 0.08364700 0.01273000
v 0.01780700 0.08364700 0.01273000
v 0.02150500 0.08364700 0.01457500
v 0.02150500 0.08364700 0.01457500
v 0.02150500 0.08364700 0.01457500
v 0.02150500 0.08364700 0.01457500
v 0.02150500 0.08364700 0.01457500
v 0.01347200 0.08364700 0.01992400
v 0.01347200 0.08364700 0.01992400
v 0.01347200 0.08364700 0.01992400
v -0.02134000 0.08304700 -0.02097800
v -0.02134000 0.08304700 -0.02097800
v -0.02134000 0.08304700 -0.02097800
v -0.02134000 0.08304700 -0.02097800
v -0.02134000 0.08304700 -0.02097800
v -0.01434400 0.08364700 -0.01423200
v -0.01434400 0.08364700 -0.01423200
v -0.01434400 0.08364700 -0.01423200
v -0.01434400 0.08364700 -0.01423200
v -0.01630400 0.08364700 -0.02237400
v -0.01630400 0.08364700 -0.02237400
v -0.01630400 0.08364700 -0.02237400
v -0.01630400 0.08364700 -0.02237400
v -0.02150600 0.08364700 -0.01469300
v -0.02150600 0.08364700 -0.01469300
v -0.02150600 0.08364700 -0.01469300
v -0.02150600 0.08364700 -0.01469300
v -0.02150600 0.08364700 -0.01469300
v -0.01278900 0.08364700 -0.01760700
v -0.01278900 0.08364700 -0.01760700
v -0.01278900 0.08364700 -0.01760700
v -0.01278900 0.08364700 -0.01760700
v -0.01278900 0.08364700 -0.01760700
v -0.01393700 0.08364700 -0.02073700
v -0.01393700 0.08364700 -0.02073700
v -0.01393700 0.08364700 -0.02073700
v -0.01393700 0.08364700 -0.02073700
v -0.01780700 0.08364700 -0.01284800
v -0.01780700 0.08364700 -0.01284800
v -0.01780700 0.08364700 -0.01284800
v -0.01780700 0.08364700 -0.01284800
v 0.02170800 0.08304700 -0.02041100
v 0.02170800 0.08304700 -0.02041100
v 0.02170800 0.08304700 -0.02041100
v 0.02170800 0.08304700 -0.02041100
v 0.01884600 0.08304700 -0.02237400
v 0.01884600 0.08304700 -0.02237400
v 0.01884600 0.08304700 -0.02237400
v 0.01884600 0.08304700 -0.02237400
v 0.01884600 0.08304700 -0.02237400
v 0.01417200 0.08364700 -0.01440300
v 0.01417200 0.08364700 -0.01440300
v 0.01417200 0.08364700 -0.01440300
v 0.01417200 0.08364700 -0.01440300
v 0.01674000 0.08364700 -0.01303300
v 0.01674000 0.08364700 -0.01303300
v 0.01674000 0.08364700 -0.01303300
v 0.01674000 0.08364700 -0.01303300
v 0.01674000 0.08364700 -0.01303300
v 0.02000900 0.08364700 -0.01343800
v 0.02000900 0.08364700 -0.01343800
v 0.02000900 0.08364700 -0.01343800
v 0.02000900 0.08364700 -0.01343800
v 0.02231500 0.08364700 -0.01636300
v 0.02231500 0.08364700 -0.01636300
v 0.02231500 0.08364700 -0.01636300
v 0.02231500 0.08364700 -0.01636300
v 0.02231500 0.08364700 -0.01636300
v 0.01612400 0.08364700 -0.02237300
v 0.01612400 0.08364700 -0.02237300
v 0.01612400 0.08364700 -0.02237300
v 0.01612400 0.08364700 -0.02237300
v 0.01612400 0.08364700 -0.02237300
v 0.01357800 0.08364700 -0.02022500
v 0.01357800 0.08364700 -0.02022500
v 0.01357800 0.08364700 -0.02022500
v 0.01357800 0.08364700 -0.02022500
v 0.01284900 0.08364700 -0.01743500
v 0.01284900 0.08364700 -0.01743500
v 0.01284900 0.08364700 -0.01743500
v 0.01284900 0.08364700 -0.01743500
v -0.00000000 0.08594700 0.01569100
v 0.00141200 0.08594700 0.01559000
v 0.00141200 0.08594700 0.01559000
v 0.00141200 0.08594700 0.01559000
v 0.00141200 0.08594700 0.01559000
v 0.00141200 0.08594700 0.01559000
v 0.01577200 0.08594700 -0.00084600
v 0.01577200 0.08594700 -0.00084600
v 0.01577200 0.08594700 -0.00084600
v 0.01577200 0.08594700 -0.00084600
v -0.00240500 0.08594700 0.01550600
v -0.00240500 0.08594700 0.01550600
v -0.00240500 0.08594700 0.01550600
v -0.00240500 0.08594700 0.01550600
v -0.01025700 0.08594700 0.01194500
v -0.01025700 0.08594700 0.01194500
v -0.01025700 0.08594700 0.01194500
v -0.01025700 0.08594700 0.01194500
v -0.00618200 0.08594700 0.01446800
v -0.00618200 0.08594700 0.01446800
v -0.00618200 0.08594700 0.01446800
v -0.00618200 0.08594700 0.01446800
v -0.01338700 0.08594700 0.00831600
v -0.01338700 0.08594700 0.00831600
v -0.01338700 0.08594700 0.00831600
v -0.01338700 0.08594700 0.00831600
v -0.01577300 0.08594700 -0.00084600
v -0.01577300 0.08594700 -0.00084600
v -0.01577300 0.08594700 -0.00084600
v -0.01577300 0.08594700 -0.00084600
v -0.01577300 0.08594700 -0.00084600
v -0.01528300 0.08594700 0.00391700
v -0.01528300 0.08594700 0.00391700
v -0.01528300 0.08594700 0.00391700
v -0.01528300 0.08594700 0.00391700
v -0.01481300 0.08594700 -0.00553600
v -0.01481300 0.08594700 -0.00553600
v -0.01481300 0.08594700 -0.00553600
v -0.01481300 0.08594700 -0.00553600
v -0.00902500 0.08594700 -0.01302100
v -0.00902500 0.08594700 -0.01302100
v -0.00902500 0.08594700 -0.01302100
v -0.00902500 0.08594700 -0.01302100
v -0.01249300 0.08594700 -0.00972300
v -0.01249300 0.08594700 -0.00972300
v -0.01249300 0.08594700 -0.00972300
v -0.01249300 0.08594700 -0.00972300
v -0.00473000 0.08594700 -0.01512900
v -0.00473000 0.08594700 -0.01512900
v -0.00473000 0.08594700 -0.01512900
v -0.00473000 0.08594700 -0.01512900
v 0.00472900 0.08594700 -0.01512900
v 0.00472900 0.08594700 -0.01512900
v 0.00472900 0.08594700 -0.01512900
v 0.00472900 0.08594700 -0.01512900
v -0.00000000 0.08594700 -0.01585400
v -0.00000000 0.08594700 -0.01585400
v -0.00000000 0.08594700 -0.01585400
v -0.00000000 0.08594700 -0.01585400
v 0.00902400 0.08594700 -0.01302100
v 0.00902400 0.08594700 -0.01302100
v 0.00902400 0.08594700 -0.01302100
v 0.00902400 0.08594700 -0.01302100
v 0.00902400 0.08594700 -0.01302100
v 0.01481300 0.08594700 -0.00553600
v 0.01481300 0.08594700 -0.00553600
v 0.01481300 0.08594700 -0.00553600
v 0.01481300 0.08594700 -0.00553600
v 0.01249200 0.08594700 -0.00972300
v 0.01249200 0.08594700 -0.00972300
v 0.01249200 0.08594700 -0.00972300
v 0.01249200 0.08594700 -0.00972300
v 0.01338600 0.08594700 0.00831600
v 0.01338600 0.08594700 0.00831600
v 0.01338600 0.08594700 0.00831600
v 0.01338600 0.08594700 0.00831600
v 0.01528200 0.08594700 0.00391700
v 0.01528200 0.08594700 0.00391700
v 0.01528200 0.08594700 0.00391700
v 0.01528200 0.08594700 0.00391700
v 0.01025700 0.08594700 0.01194500
v 0.01025700 0.08594700 0.01194500
v 0.01025700 0.08594700 0.01194500
v 0.01025700 0.08594700 0.01194500
v 0.00618100 0.08594700 0.01446800
v 0.00618100 0.08594700 0.01446800
v 0.00618100 0.08594700 0.01446800
v 0.00618100 0.08594700 0.01446800
v 0.00474000 0.06360300 0.03559500
v 0.00474000 0.06360300 0.03559500
v 0.00474000 0.06360300 0.03559500
v 0.00474000 0.06360300 0.03559500
v 0.00474000 0.06360300 0.03559500
v 0.00474000 0.06360300 0.03559500
v 0.00482800 0.06193900 0.03557600
v 0.00482800 0.06193900 0.03557600
v 0.00482800 0.06193900 0.03557600
v 0.00482800 0.06193900 0.03557600
v 0.00482800 0.06193900 0.03557600
v 0.00441800 0.06051800 0.03549300
v 0.00441800 0.06051800 0.03549300
v 0.00441800 0.06051800 0.03549300
v 0.00441800 0.06051800 0.03549300
v 0.00441800 0.06051800 0.03549300
v 0.00350000 0.05918800 0.03555500
v 0.00350000 0.05918800 0.03555500
v 0.00350000 0.05918800 0.03555500
v 0.00350000 0.05918800 0.03555500
v 0.00350000 0.05918800 0.03555500
v 0.00350000 0.05918800 0.03555500
v 0.00230100 0.05831000 0.03563200
v 0.00230100 0.05831000 0.03563200
v 0.00230100 0.05831000 0.03563200
v 0.00230100 0.05831000 0.03563200
v 0.00230100 0.05831000 0.03563200
v 0.00230100 0.05831000 0.03563200
v 0.00135600 0.05784000 0.03509000
v 0.00135600 0.05784000 0.03509000
v 0.00135600 0.05784000 0.03509000
v 0.00135600 0.05784000 0.03509000
v 0.00038300 0.05773300 0.03561600
v 0.00038300 0.05773300 0.03561600
v 0.00038300 0.05773300 0.03561600
v 0.00038300 0.05773300 0.03561600
v 0.00038300 0.05773300 0.03561600
v 0.00038300 0.05773300 0.03561600
v 0.00038300 0.05773300 0.03561600
v -0.00162300 0.05789400 0.03510500
v -0.00162300 0.05789400 0.03510500
v -0.00162300 0.05789400 0.03510500
v -0.00162300 0.05789400 0.03510500
v -0.00352600 0.05922500 0.03564100
v -0.00352600 0.05922500 0.03564100
v -0.00352600 0.05922500 0.03564100
v -0.00352600 0.05922500 0.03564100
v -0.00352600 0.05922500 0.03564100
v -0.00352600 0.05922500 0.03564100
v -0.00352600 0.05922500 0.03564100
v -0.00448500 0.06068500 0.03559500
v -0.00448500 0.06068500 0.03559500
v -0.00448500 0.06068500 0.03559500
v -0.00448500 0.06068500 0.03559500
v -0.00448500 0.06068500 0.03559500
v -0.00448500 0.06068500 0.03559500
v -0.00485200 0.06233200 0.03559500
v -0.00485200 0.06233200 0.03559500
v -0.00485200 0.06233200 0.03559500
v -0.00485200 0.06233200 0.03559500
v -0.00470400 0.06377900 0.03549300
v -0.00470400 0.06377900 0.03549300
v -0.00470400 0.06377900 0.03549300
v -0.00470400 0.06377900 0.03549300
v -0.00470400 0.06377900 0.03549300
v -0.00403000 0.06524800 0.03555500
v -0.00403000 0.06524800 0.03555500
v -0.00403000 0.06524800 0.03555500
v -0.00403000 0.06524800 0.03555500
v -0.00403000 0.06524800 0.03555500
v -0.00300200 0.06632100 0.03563200
v -0.00300200 0.06632100 0.03563200
v -0.00300200 0.06632100 0.03563200
v -0.00300200 0.06632100 0.03563200
v -0.00300200 0.06632100 0.03563200
v -0.00300200 0.06632100 0.03563200
v -0.00300200 0.06632100 0.03563200
v -0.00215300 0.06694800 0.03509100
v -0.00215300 0.06694800 0.03509100
v -0.00215300 0.06694800 0.03509100
v -0.00121300 0.06722300 0.03561600
v -0.00121300 0.06722300 0.03561600
v -0.00121300 0.06722300 0.03561600
v -0.00121300 0.06722300 0.03561600
v -0.00121300 0.06722300 0.03561600
v -0.00121300 0.06722300 0.03561600
v 0.00056500 0.06735900 0.03564100
v 0.00056500 0.06735900 0.03564100
v 0.00056500 0.06735900 0.03564100
v 0.00056500 0.06735900 0.03564100
v 0.00056500 0.06735900 0.03564100
v 0.00056500 0.06735900 0.03564100
v 0.00056500 0.06735900 0.03564100
v 0.00198700 0.06702600 0.03509100
v 0.00198700 0.06702600 0.03509100
v 0.00198700 0.06702600 0.03509100
v 0.00198700 0.06702600 0.03509100
v 0.00373200 0.06576600 0.03510500
v 0.00373200 0.06576600 0.03510500
v 0.00373200 0.06576600 0.03510500
v 0.00373200 0.06576600 0.03510500
v 0.00373200 0.06576600 0.03510500
v 0.00373200 0.06576600 0.03510500
v 0.00415000 0.06435200 0.03628700
v 0.00415000 0.06435200 0.03628700
v 0.00415000 0.06435200 0.03628700
v 0.00415000 0.06435200 0.03628700
v 0.00415000 0.06435200 0.03628700
v 0.00340500 0.06414700 0.03713200
v 0.00340500 0.06414700 0.03713200
v 0.00340500 0.06414700 0.03713200
v 0.00340500 0.06414700 0.03713200
v 0.00340500 0.06414700 0.03713200
v 0.00220700 0.06391400 0.03768600
v 0.00220700 0.06391400 0.03768600
v 0.00220700 0.06391400 0.03768600
v 0.00220700 0.06391400 0.03768600
v 0.00220700 0.06391400 0.03768600
v 0.00220700 0.06391400 0.03768600
v 0.00220700 0.06391400 0.03768600
v 0.00389300 0.06227800 0.03700500
v 0.00389300 0.06227800 0.03700500
v 0.00389300 0.06227800 0.03700500
v 0.00389300 0.06227800 0.03700500
v 0.00389300 0.06227800 0.03700500
v 0.00389300 0.06227800 0.03700500
v 0.00389300 0.06227800 0.03700500
v 0.00264300 0.06184000 0.03763000
v 0.00264300 0.06184000 0.03763000
v 0.00264300 0.06184000 0.03763000
v 0.00264300 0.06184000 0.03763000
v 0.00347700 0.06067200 0.03697800
v 0.00347700 0.06067200 0.03697800
v 0.00347700 0.06067200 0.03697800
v 0.00347700 0.06067200 0.03697800
v 0.00347700 0.06067200 0.03697800
v 0.00347700 0.06067200 0.03697800
v 0.00347700 0.06067200 0.03697800
v 0.00193200 0.06056500 0.03765700
v 0.00193200 0.06056500 0.03765700
v 0.00193200 0.06056500 0.03765700
v 0.00193200 0.06056500 0.03765700
v 0.00193200 0.06056500 0.03765700
v 0.00193200 0.06056500 0.03765700
v 0.00190400 0.05934700 0.03719700
v 0.00190400 0.05934700 0.03719700
v 0.00190400 0.05934700 0.03719700
v 0.00190400 0.05934700 0.03719700
v 0.00190400 0.05934700 0.03719700
v 0.00190400 0.05934700 0.03719700
v 0.00079300 0.05853500 0.03682800
v 0.00079300 0.05853500 0.03682800
v 0.00079300 0.05853500 0.03682800
v 0.00079300 0.05853500 0.03682800
v 0.00079300 0.05853500 0.03682800
v 0.00079300 0.05853500 0.03682800
v -0.00027700 0.05976400 0.03763900
v -0.00027700 0.05976400 0.03763900
v -0.00027700 0.05976400 0.03763900
v -0.00027700 0.05976400 0.03763900
v -0.00027700 0.05976400 0.03763900
v -0.00027700 0.05976400 0.03763900
v -0.00149900 0.05811700 0.03598700
v -0.00149900 0.05811700 0.03598700
v -0.00149900 0.05811700 0.03598700
v -0.00149900 0.05811700 0.03598700
v -0.00149900 0.05811700 0.03598700
v -0.00149900 0.05811700 0.03598700
v -0.00129700 0.05907500 0.03721900
v -0.00129700 0.05907500 0.03721900
v -0.00129700 0.05907500 0.03721900
v -0.00129700 0.05907500 0.03721900
v -0.00129700 0.05907500 0.03721900
v -0.00256500 0.05936100 0.03682800
v -0.00256500 0.05936100 0.03682800
v -0.00256500 0.05936100 0.03682800
v -0.00256500 0.05936100 0.03682800
v -0.00256500 0.05936100 0.03682800
v -0.00233200 0.06103500 0.03764500
v -0.00233200 0.06103500 0.03764500
v -0.00233200 0.06103500 0.03764500
v -0.00233200 0.06103500 0.03764500
v -0.00233200 0.06103500 0.03764500
v -0.00233200 0.06103500 0.03764500
v -0.00233200 0.06103500 0.03764500
v -0.00357000 0.06086400 0.03695900
v -0.00357000 0.06086400 0.03695900
v -0.00357000 0.06086400 0.03695900
v -0.00357000 0.06086400 0.03695900
v -0.00357000 0.06086400 0.03695900
v -0.00357000 0.06086400 0.03695900
v -0.00409500 0.06282300 0.03685100
v -0.00409500 0.06282300 0.03685100
v -0.00409500 0.06282300 0.03685100
v -0.00409500 0.06282300 0.03685100
v -0.00409500 0.06282300 0.03685100
v -0.00409500 0.06282300 0.03685100
v -0.00409500 0.06282300 0.03685100
v -0.00409500 0.06282300 0.03685100
v -0.00322700 0.06264300 0.03744500
v -0.00322700 0.06264300 0.03744500
v -0.00322700 0.06264300 0.03744500
v -0.00322700 0.06264300 0.03744500
v -0.00322700 0.06264300 0.03744500
v -0.00255800 0.06469000 0.03741200
v -0.00255800 0.06469000 0.03741200
v -0.00255800 0.06469000 0.03741200
v -0.00255800 0.06469000 0.03741200
v -0.00255800 0.06469000 0.03741200
v -0.00255800 0.06469000 0.03741200
v -0.00318700 0.06511200 0.03682800
v -0.00318700 0.06511200 0.03682800
v -0.00318700 0.06511200 0.03682800
v -0.00318700 0.06511200 0.03682800
v -0.00318700 0.06511200 0.03682800
v -0.00147800 0.06636200 0.03682800
v -0.00147800 0.06636200 0.03682800
v -0.00147800 0.06636200 0.03682800
v -0.00147800 0.06636200 0.03682800
v -0.00147800 0.06636200 0.03682800
v -0.00147800 0.06636200 0.03682800
v -0.00147800 0.06636200 0.03682800
v 0.00065500 0.06644900 0.03697400
v 0.00065500 0.06644900 0.03697400
v 0.00065500 0.06644900 0.03697400
v 0.00065500 0.06644900 0.03697400
v 0.00065500 0.06644900 0.03697400
v 0.00292500 0.06610300 0.03615900
v 0.00292500 0.06610300 0.03615900
v 0.00292500 0.06610300 0.03615900
v 0.00292500 0.06610300 0.03615900
v 0.00292500 0.06610300 0.03615900
v 0.00292500 0.06610300 0.03615900
v 0.00292500 0.06610300 0.03615900
v 0.00194000 0.06555200 0.03728600
v 0.00194000 0.06555200 0.03728600
v 0.00194000 0.06555200 0.03728600
v 0.00194000 0.06555200 0.03728600
v 0.00194000 0.06555200 0.03728600
v -0.00036700 0.09189700 0.02197000
v -0.00036700 0.09189700 0.02197000
v -0.00036700 0.09189700 0.02197000
v -0.00036700 0.09189700 0.02197000
v -0.00036700 0.09189700 0.02197000
v -0.00158600 0.09202100 0.02229400
v -0.00158600 0.09202100 0.02229400
v -0.00158600 0.09202100 0.02229400
v -0.00158600 0.09202100 0.02229400
v -0.00158600 0.09202100 0.02229400
v -0.00158600 0.09202100 0.02229400
v -0.00158600 0.09202100 0.02229400
v -0.00278000 0.09189300 0.02367300
v -0.00278000 0.09189300 0.02367300
v -0.00278000 0.09189300 0.02367300
v -0.00278000 0.09189300 0.02367300
v -0.00302700 0.09207700 0.02585100
v -0.00302700 0.09207700 0.02585100
v -0.00302700 0.09207700 0.02585100
v -0.00302700 0.09207700 0.02585100
v -0.00302700 0.09207700 0.02585100
v -0.00302700 0.09207700 0.02585100
v -0.00302700 0.09207700 0.02585100
v -0.00302700 0.09207700 0.02585100
v -0.00261200 0.09189500 0.02647500
v -0.00261200 0.09189500 0.02647500
v -0.00261200 0.09189500 0.02647500
v -0.00261200 0.09189500 0.02647500
v -0.00261200 0.09189500 0.02647500
v -0.00109900 0.09190300 0.02782900
v -0.00109900 0.09190300 0.02782900
v -0.00109900 0.09190300 0.02782900
v -0.00109900 0.09190300 0.02782900
v -0.00109900 0.09190300 0.02782900
v -0.00109900 0.09190300 0.02782900
v 0.00087200 0.09189800 0.02786300
v 0.00087200 0.09189800 0.02786300
v 0.00087200 0.09189800 0.02786300
v 0.00087200 0.09189800 0.02786300
v 0.00087200 0.09189800 0.02786300
v 0.00087200 0.09189800 0.02786300
v 0.00268700 0.09189100 0.02646100
v 0.00268700 0.09189100 0.02646100
v 0.00268700 0.09189100 0.02646100
v 0.00268700 0.09189100 0.02646100
v 0.00268700 0.09189100 0.02646100
v 0.00268700 0.09189100 0.02646100
v 0.00289100 0.09189000 0.02385800
v 0.00289100 0.09189000 0.02385800
v 0.00289100 0.09189000 0.02385800
v 0.00289100 0.09189000 0.02385800
v 0.00289100 0.09189000 0.02385800
v 0.00289100 0.09189000 0.02385800
v 0.00109800 0.09190300 0.02205200
v 0.00109800 0.09190300 0.02205200
v 0.00109800 0.09190300 0.02205200
v 0.00109800 0.09190300 0.02205200
v 0.00109800 0.09190300 0.02205200
v 0.00109800 0.09190300 0.02205200
v -0.02227800 0.09165200 0.01887000
v -0.02227800 0.09165200 0.01887000
v -0.02227800 0.09165200 0.01887000
v -0.02227800 0.09165200 0.01887000
v -0.02227800 0.09165200 0.01887000
v -0.02227800 0.09165200 0.01887000
v -0.02235900 0.09164100 0.01640400
v -0.02235900 0.09164100 0.01640400
v -0.02235900 0.09164100 0.01640400
v -0.02235900 0.09164100 0.01640400
v -0.02235900 0.09164100 0.01640400
v -0.02235900 0.09164100 0.01640400
v -0.02078800 0.09164400 0.01396800
v -0.02078800 0.09164400 0.01396800
v -0.02078800 0.09164400 0.01396800
v -0.02078800 0.09164400 0.01396800
v -0.02078800 0.09164400 0.01396800
v -0.02078800 0.09164400 0.01396800
v -0.01857400 0.09163400 0.01290700
v -0.01857400 0.09163400 0.01290700
v -0.01857400 0.09163400 0.01290700
v -0.01857400 0.09163400 0.01290700
v -0.01857400 0.09163400 0.01290700
v -0.01857400 0.09163400 0.01290700
v -0.01646800 0.09164500 0.01300800
v -0.01646800 0.09164500 0.01300800
v -0.01646800 0.09164500 0.01300800
v -0.01646800 0.09164500 0.01300800
v -0.01462200 0.09164400 0.01392200
v -0.01462200 0.09164400 0.01392200
v -0.01462200 0.09164400 0.01392200
v -0.01462200 0.09164400 0.01392200
v -0.01462200 0.09164400 0.01392200
v -0.01462200 0.09164400 0.01392200
v -0.01318300 0.09164400 0.01594500
v -0.01318300 0.09164400 0.01594500
v -0.01318300 0.09164400 0.01594500
v -0.01318300 0.09164400 0.01594500
v -0.01318300 0.09164400 0.01594500
v -0.01318300 0.09164400 0.01594500
v -0.01294800 0.09164800 0.01841300
v -0.01294800 0.09164800 0.01841300
v -0.01294800 0.09164800 0.01841300
v -0.01294800 0.09164800 0.01841300
v -0.01294800 0.09164800 0.01841300
v -0.01294800 0.09164800 0.01841300
v -0.01375900 0.09164500 0.02033200
v -0.01375900 0.09164500 0.02033200
v -0.01375900 0.09164500 0.02033200
v -0.01375900 0.09164500 0.02033200
v -0.01524900 0.09164400 0.02175400
v -0.01524900 0.09164400 0.02175400
v -0.01524900 0.09164400 0.02175400
v -0.01524900 0.09164400 0.02175400
v -0.01524900 0.09164400 0.02175400
v -0.01524900 0.09164400 0.02175400
v -0.01808400 0.09162200 0.02243300
v -0.01808400 0.09162200 0.02243300
v -0.01808400 0.09162200 0.02243300
v -0.01808400 0.09162200 0.02243300
v -0.01808400 0.09162200 0.02243300
v -0.01808400 0.09162200 0.02243300
v -0.01808400 0.09162200 0.02243300
v -0.01808400 0.09162200 0.02243300
v -0.02106900 0.09164100 0.02106800
v -0.02106900 0.09164100 0.02106800
v -0.02106900 0.09164100 0.02106800
v -0.02106900 0.09164100 0.02106800
v -0.02106900 0.09164100 0.02106800
v -0.02106900 0.09164100 0.02106800
v 0.01816900 0.09162100 0.02242400
v 0.01816900 0.09162100 0.02242400
v 0.01816900 0.09162100 0.02242400
v 0.01816900 0.09162100 0.02242400
v 0.01816900 0.09162100 0.02242400
v 0.01816900 0.09162100 0.02242400
v 0.01816900 0.09162100 0.02242400
v 0.01531000 0.09164400 0.02179000
v 0.01531000 0.09164400 0.02179000
v 0.01531000 0.09164400 0.02179000
v 0.01531000 0.09164400 0.02179000
v 0.01531000 0.09164400 0.02179000
v 0.01531000 0.09164400 0.02179000
v 0.01331200 0.09164300 0.01970200
v 0.01331200 0.09164300 0.01970200
v 0.01331200 0.09164300 0.01970200
v 0.01331200 0.09164300 0.01970200
v 0.01331200 0.09164300 0.01970200
v 0.01331200 0.09164300 0.01970200
v 0.01331200 0.09164300 0.01970200
v 0.01299500 0.09164100 0.01640600
v 0.01299500 0.09164100 0.01640600
v 0.01299500 0.09164100 0.01640600
v 0.01299500 0.09164100 0.01640600
v 0.01299500 0.09164100 0.01640600
v 0.01456700 0.09164400 0.01396800
v 0.01456700 0.09164400 0.01396800
v 0.01456700 0.09164400 0.01396800
v 0.01456700 0.09164400 0.01396800
v 0.01456700 0.09164400 0.01396800
v 0.01456700 0.09164400 0.01396800
v 0.01680900 0.09164400 0.01290200
v 0.01680900 0.09164400 0.01290200
v 0.01680900 0.09164400 0.01290200
v 0.01680900 0.09164400 0.01290200
v 0.01680900 0.09164400 0.01290200
v 0.01928100 0.09164800 0.01309800
v 0.01928100 0.09164800 0.01309800
v 0.01928100 0.09164800 0.01309800
v 0.01928100 0.09164800 0.01309800
v 0.01928100 0.09164800 0.01309800
v 0.01928100 0.09164800 0.01309800
v 0.02103000 0.09164500 0.01423000
v 0.02103000 0.09164500 0.01423000
v 0.02103000 0.09164500 0.01423000
v 0.02103000 0.09164500 0.01423000
v 0.02103000 0.09164500 0.01423000
v 0.02233800 0.09164100 0.01632700
v 0.02233800 0.09164100 0.01632700
v 0.02233800 0.09164100 0.01632700
v 0.02233800 0.09164100 0.01632700
v 0.02233800 0.09164100 0.01632700
v 0.02233800 0.09164100 0.01632700
v 0.02228800 0.09165100 0.01882900
v 0.02228800 0.09165100 0.01882900
v 0.02228800 0.09165100 0.01882900
v 0.02228800 0.09165100 0.01882900
v 0.02228800 0.09165100 0.01882900
v 0.02228800 0.09165100 0.01882900
v 0.02112600 0.09164100 0.02100900
v 0.02112600 0.09164100 0.02100900
v 0.02112600 0.09164100 0.02100900
v 0.02112600 0.09164100 0.02100900
v 0.02112600 0.09164100 0.02100900
v 0.02112600 0.09164100 0.02100900
v -0.01894900 0.09164100 -0.02233100
v -0.01894900 0.09164100 -0.02233100
v -0.01894900 0.09164100 -0.02233100
v -0.01894900 0.09164100 -0.02233100
v -0.01894900 0.09164100 -0.02233100
v -0.01894900 0.09164100 -0.02233100
v -0.01894900 0.09164100 -0.02233100
v -0.01687700 0.09164300 -0.02246500
v -0.01687700 0.09164300 -0.02246500
v -0.01687700 0.09164300 -0.02246500
v -0.01687700 0.09164300 -0.02246500
v -0.01687700 0.09164300 -0.02246500
v -0.01687700 0.09164300 -0.02246500
v -0.01496400 0.09164500 -0.02165600
v -0.01496400 0.09164500 -0.02165600
v -0.01496400 0.09164500 -0.02165600
v -0.01496400 0.09164500 -0.02165600
v -0.01496400 0.09164500 -0.02165600
v -0.01354400 0.09164800 -0.02016900
v -0.01354400 0.09164800 -0.02016900
v -0.01354400 0.09164800 -0.02016900
v -0.01354400 0.09164800 -0.02016900
v -0.01354400 0.09164800 -0.02016900
v -0.01354400 0.09164800 -0.02016900
v -0.01285600 0.09164100 -0.01735600
v -0.01285600 0.09164100 -0.01735600
v -0.01285600 0.09164100 -0.01735600
v -0.01285600 0.09164100 -0.01735600
v -0.01285600 0.09164100 -0.01735600
v -0.01422900 0.09164100 -0.01434600
v -0.01422900 0.09164100 -0.01434600
v -0.01422900 0.09164100 -0.01434600
v -0.01422900 0.09164100 -0.01434600
v -0.01422900 0.09164100 -0.01434600
v -0.01422900 0.09164100 -0.01434600
v -0.01681000 0.09164400 -0.01302000
v -0.01681000 0.09164400 -0.01302000
v -0.01681000 0.09164400 -0.01302000
v -0.01681000 0.09164400 -0.01302000
v -0.01681000 0.09164400 -0.01302000
v -0.01681000 0.09164400 -0.01302000
v -0.01928100 0.09164800 -0.01321600
v -0.01928100 0.09164800 -0.01321600
v -0.01928100 0.09164800 -0.01321600
v -0.01928100 0.09164800 -0.01321600
v -0.01928100 0.09164800 -0.01321600
v -0.01928100 0.09164800 -0.01321600
v -0.02132900 0.09164400 -0.01462600
v -0.02132900 0.09164400 -0.01462600
v -0.02132900 0.09164400 -0.01462600
v -0.02132900 0.09164400 -0.01462600
v -0.02132900 0.09164400 -0.01462600
v -0.02239500 0.09164400 -0.01686800
v -0.02239500 0.09164400 -0.01686800
v -0.02239500 0.09164400 -0.01686800
v -0.02239500 0.09164400 -0.01686800
v -0.02239500 0.09164400 -0.01686800
v -0.02239500 0.09164400 -0.01686800
v -0.02078800 0.09164400 -0.02138700
v -0.02078800 0.09164400 -0.02138700
v -0.02078800 0.09164400 -0.02138700
v -0.02078800 0.09164400 -0.02138700
v -0.02220400 0.09165000 -0.01933000
v -0.02220400 0.09165000 -0.01933000
v -0.02220400 0.09165000 -0.01933000
v -0.02220400 0.09165000 -0.01933000
v -0.02220400 0.09165000 -0.01933000
v -0.02220400 0.09165000 -0.01933000
v -0.02220400 0.09165000 -0.01933000
v 0.02227200 0.09164100 -0.01900800
v 0.02227200 0.09164100 -0.01900800
v 0.02227200 0.09164100 -0.01900800
v 0.02227200 0.09164100 -0.01900800
v 0.02227200 0.09164100 -0.01900800
v 0.02227200 0.09164100 -0.01900800
v 0.02235900 0.09164100 -0.01652200
v 0.02235900 0.09164100 -0.01652200
v 0.02235900 0.09164100 -0.01652200
v 0.02235900 0.09164100 -0.01652200
v 0.02235900 0.09164100 -0.01652200
v 0.02235900 0.09164100 -0.01652200
v 0.02078700 0.09164400 -0.01408600
v 0.02078700 0.09164400 -0.01408600
v 0.02078700 0.09164400 -0.01408600
v 0.02078700 0.09164400 -0.01408600
v 0.02078700 0.09164400 -0.01408600
v 0.02078700 0.09164400 -0.01408600
v 0.01857300 0.09163400 -0.01302500
v 0.01857300 0.09163400 -0.01302500
v 0.01857300 0.09163400 -0.01302500
v 0.01857300 0.09163400 -0.01302500
v 0.01857300 0.09163400 -0.01302500
v 0.01857300 0.09163400 -0.01302500
v 0.01646700 0.09164500 -0.01312500
v 0.01646700 0.09164500 -0.01312500
v 0.01646700 0.09164500 -0.01312500
v 0.01646700 0.09164500 -0.01312500
v 0.01646700 0.09164500 -0.01312500
v 0.01428600 0.09164100 -0.01428700
v 0.01428600 0.09164100 -0.01428700
v 0.01428600 0.09164100 -0.01428700
v 0.01428600 0.09164100 -0.01428700
v 0.01428600 0.09164100 -0.01428700
v 0.01428600 0.09164100 -0.01428700
v 0.01296000 0.09164400 -0.01686800
v 0.01296000 0.09164400 -0.01686800
v 0.01296000 0.09164400 -0.01686800
v 0.01296000 0.09164400 -0.01686800
v 0.01296000 0.09164400 -0.01686800
v 0.01296000 0.09164400 -0.01686800
v 0.01315700 0.09164800 -0.01934000
v 0.01315700 0.09164800 -0.01934000
v 0.01315700 0.09164800 -0.01934000
v 0.01315700 0.09164800 -0.01934000
v 0.01315700 0.09164800 -0.01934000
v 0.01315700 0.09164800 -0.01934000
v 0.01428800 0.09164500 -0.02108900
v 0.01428800 0.09164500 -0.02108900
v 0.01428800 0.09164500 -0.02108900
v 0.01428800 0.09164500 -0.02108900
v 0.01428800 0.09164500 -0.02108900
v 0.01638500 0.09164100 -0.02239700
v 0.01638500 0.09164100 -0.02239700
v 0.01638500 0.09164100 -0.02239700
v 0.01638500 0.09164100 -0.02239700
v 0.01638500 0.09164100 -0.02239700
v 0.02132800 0.09164400 -0.02084600
v 0.02132800 0.09164400 -0.02084600
v 0.02132800 0.09164400 -0.02084600
v 0.02132800 0.09164400 -0.02084600
v 0.02132800 0.09164400 -0.02084600
v 0.01927100 0.09165000 -0.02226200
v 0.01927100 0.09165000 -0.02226200
v 0.01927100 0.09165000 -0.02226200
v 0.01927100 0.09165000 -0.02226200
v 0.01927100 0.09165000 -0.02226200
v 0.01927100 0.09165000 -0.02226200
v 0.01927100 0.09165000 -0.02226200
v -0.00190100 0.09114500 0.01556000
v -0.00190100 0.09114500 0.01556000
v -0.00190100 0.09114500 0.01556000
v -0.00190100 0.09114500 0.01556000
v -0.00190100 0.09114500 0.01556000
v -0.00190100 0.09114500 0.01556000
v -0.00597400 0.09115300 0.01455900
v -0.00597400 0.09115300 0.01455900
v -0.00597400 0.09115300 0.01455900
v -0.00597400 0.09115300 0.01455900
v -0.00597400 0.09115300 0.01455900
v -0.00887300 0.09114700 0.01295400
v -0.00887300 0.09114700 0.01295400
v -0.00887300 0.09114700 0.01295400
v -0.00887300 0.09114700 0.01295400
v -0.00887300 0.09114700 0.01295400
v -0.00887300 0.09114700 0.01295400
v -0.01173700 0.09115300 0.01050500
v -0.01173700 0.09115300 0.01050500
v -0.01173700 0.09115300 0.01050500
v -0.01173700 0.09115300 0.01050500
v -0.01173700 0.09115300 0.01050500
v -0.01173700 0.09115300 0.01050500
v -0.01433400 0.09115300 0.00656500
v -0.01433400 0.09115300 0.00656500
v -0.01433400 0.09115300 0.00656500
v -0.01433400 0.09115300 0.00656500
v -0.01433400 0.09115300 0.00656500
v -0.01433400 0.09115300 0.00656500
v -0.01559300 0.09114600 0.00230700
v -0.01559300 0.09114600 0.00230700
v -0.01559300 0.09114600 0.00230700
v -0.01559300 0.09114600 0.00230700
v -0.01559300 0.09114600 0.00230700
v -0.01570600 0.09114700 -0.00123600
v -0.01570600 0.09114700 -0.00123600
v -0.01570600 0.09114700 -0.00123600
v -0.01570600 0.09114700 -0.00123600
v -0.01570600 0.09114700 -0.00123600
v -0.01500300 0.09115300 -0.00498300
v -0.01500300 0.09115300 -0.00498300
v -0.01500300 0.09115300 -0.00498300
v -0.01500300 0.09115300 -0.00498300
v -0.01500300 0.09115300 -0.00498300
v -0.01500300 0.09115300 -0.00498300
v -0.01287700 0.09115300 -0.00919600
v -0.01287700 0.09115300 -0.00919600
v -0.01287700 0.09115300 -0.00919600
v -0.01287700 0.09115300 -0.00919600
v -0.01287700 0.09115300 -0.00919600
v -0.01287700 0.09115300 -0.00919600
v -0.00960200 0.09115200 -0.01259300
v -0.00960200 0.09115200 -0.01259300
v -0.00960200 0.09115200 -0.01259300
v -0.00960200 0.09115200 -0.01259300
v -0.00960200 0.09115200 -0.01259300
v -0.00960200 0.09115200 -0.01259300
v -0.00554900 0.09113900 -0.01484100
v -0.00554900 0.09113900 -0.01484100
v -0.00554900 0.09113900 -0.01484100
v -0.00554900 0.09113900 -0.01484100
v -0.00554900 0.09113900 -0.01484100
v -0.00554900 0.09113900 -0.01484100
v -0.00136400 0.09114500 -0.01571800
v -0.00136400 0.09114500 -0.01571800
v -0.00136400 0.09114500 -0.01571800
v -0.00136400 0.09114500 -0.01571800
v -0.00136400 0.09114500 -0.01571800
v 0.00234700 0.09114700 -0.01563300
v 0.00234700 0.09114700 -0.01563300
v 0.00234700 0.09114700 -0.01563300
v 0.00234700 0.09114700 -0.01563300
v 0.00234700 0.09114700 -0.01563300
v 0.00557000 0.09114400 -0.01483300
v 0.00557000 0.09114400 -0.01483300
v 0.00557000 0.09114400 -0.01483300
v 0.00557000 0.09114400 -0.01483300
v 0.00557000 0.09114400 -0.01483300
v 0.00557000 0.09114400 -0.01483300
v 0.00887200 0.09114700 -0.01307200
v 0.00887200 0.09114700 -0.01307200
v 0.00887200 0.09114700 -0.01307200
v 0.00887200 0.09114700 -0.01307200
v 0.01144100 0.09114500 -0.01094100
v 0.01144100 0.09114500 -0.01094100
v 0.01144100 0.09114500 -0.01094100
v 0.01144100 0.09114500 -0.01094100
v 0.01144100 0.09114500 -0.01094100
v 0.01144100 0.09114500 -0.01094100
v 0.01410900 0.09115900 -0.00714700
v 0.01410900 0.09115900 -0.00714700
v 0.01410900 0.09115900 -0.00714700
v 0.01410900 0.09115900 -0.00714700
v 0.01410900 0.09115900 -0.00714700
v 0.01410900 0.09115900 -0.00714700
v 0.01563700 0.09113700 -0.00237400
v 0.01563700 0.09113700 -0.00237400
v 0.01563700 0.09113700 -0.00237400
v 0.01563700 0.09113700 -0.00237400
v 0.01563700 0.09113700 -0.00237400
v 0.01563700 0.09113700 -0.00237400
v 0.01557600 0.09116100 0.00240900
v 0.01557600 0.09116100 0.00240900
v 0.01557600 0.09116100 0.00240900
v 0.01557600 0.09116100 0.00240900
v 0.01557600 0.09116100 0.00240900
v 0.01557600 0.09116100 0.00240900
v 0.01433400 0.09115300 0.00656500
v 0.01433400 0.09115300 0.00656500
v 0.01433400 0.09115300 0.00656500
v 0.01433400 0.09115300 0.00656500
v 0.01433400 0.09115300 0.00656500
v 0.01433400 0.09115300 0.00656500
v 0.01173600 0.09115300 0.01050500
v 0.01173600 0.09115300 0.01050500
v 0.01173600 0.09115300 0.01050500
v 0.01173600 0.09115300 0.01050500
v 0.01173600 0.09115300 0.01050500
v 0.01173600 0.09115300 0.01050500
v 0.00887200 0.09114700 0.01295400
v 0.00887200 0.09114700 0.01295400
v 0.00887200 0.09114700 0.01295400
v 0.00887200 0.09114700 0.01295400
v 0.00887200 0.09114700 0.01295400
v 0.00887200 0.09114700 0.01295400
v 0.00597300 0.09115300 0.01455900
v 0.00597300 0.09115300 0.01455900
v 0.00597300 0.09115300 0.01455900
v 0.00597300 0.09115300 0.01455900
v 0.00597300 0.09115300 0.01455900
v 0.00234700 0.09114700 0.01551500
v 0.00234700 0.09114700 0.01551500
v 0.00234700 0.09114700 0.01551500
v 0.00234700 0.09114700 0.01551500
v 0.00234700 0.09114700 0.01551500
v 0.00234700 0.09114700 0.01551500
v 0.00497800 0.06296200 0.03368800
v 0.00497800 0.06296200 0.03368800
v 0.00497800 0.06296200 0.03368800
v 0.00497800 0.06296200 0.03368800
v 0.00497800 0.06296200 0.03368800
v 0.00497800 0.06296200 0.03368800
v 0.00497800 0.06296200 0.03368800
v 0.00497800 0.06296200 0.03368800
v 0.00380300 0.06572000 0.03368800
v 0.00380300 0.06572000 0.03368800
v 0.00380300 0.06572000 0.03368800
v 0.00380300 0.06572000 0.03368800
v 0.00380300 0.06572000 0.03368800
v 0.00380300 0.06572000 0.03368800
v 0.00143500 0.06732100 0.03368800
v 0.00143500 0.06732100 0.03368800
v 0.00143500 0.06732100 0.03368800
v 0.00143500 0.06732100 0.03368800
v 0.00143500 0.06732100 0.03368800
v 0.00143500 0.06732100 0.03368800
v -0.00088800 0.06737000 0.03368800
v -0.00088800 0.06737000 0.03368800
v -0.00088800 0.06737000 0.03368800
v -0.00088800 0.06737000 0.03368800
v -0.00088800 0.06737000 0.03368800
v -0.00246400 0.06684500 0.03368800
v -0.00246400 0.06684500 0.03368800
v -0.00246400 0.06684500 0.03368800
v -0.00246400 0.06684500 0.03368800
v -0.00246400 0.06684500 0.03368800
v -0.00246400 0.06684500 0.03368800
v -0.00246400 0.06684500 0.03368800
v -0.00452000 0.06467700 0.03368800
v -0.00452000 0.06467700 0.03368800
v -0.00452000 0.06467700 0.03368800
v -0.00452000 0.06467700 0.03368800
v -0.00452000 0.06467700 0.03368800
v -0.00452000 0.06467700 0.03368800
v -0.00452000 0.06467700 0.03368800
v -0.00452000 0.06467700 0.03368800
v -0.00488100 0.06170200 0.03368800
v -0.00488100 0.06170200 0.03368800
v -0.00488100 0.06170200 0.03368800
v -0.00488100 0.06170200 0.03368800
v -0.00488100 0.06170200 0.03368800
v -0.00488100 0.06170200 0.03368800
v -0.00380400 0.05937500 0.03368800
v -0.00380400 0.05937500 0.03368800
v -0.00380400 0.05937500 0.03368800
v -0.00380400 0.05937500 0.03368800
v -0.00380400 0.05937500 0.03368800
v -0.00380400 0.05937500 0.03368800
v -0.00143500 0.05777400 0.03368800
v -0.00143500 0.05777400 0.03368800
v -0.00143500 0.05777400 0.03368800
v -0.00143500 0.05777400 0.03368800
v -0.00143500 0.05777400 0.03368800
v -0.00143500 0.05777400 0.03368800
v -0.00143500 0.05777400 0.03368800
v 0.00115200 0.05775000 0.03368800
v 0.00115200 0.05775000 0.03368800
v 0.00115200 0.05775000 0.03368800
v 0.00115200 0.05775000 0.03368800
v 0.00115200 0.05775000 0.03368800
v 0.00282000 0.05851300 0.03368800
v 0.00282000 0.05851300 0.03368800
v 0.00282000 0.05851300 0.03368800
v 0.00282000 0.05851300 0.03368800
v 0.00282000 0.05851300 0.03368800
v 0.00282000 0.05851300 0.03368800
v 0.00282000 0.05851300 0.03368800
v 0.00428200 0.06005800 0.03368800
v 0.00428200 0.06005800 0.03368800
v 0.00428200 0.06005800 0.03368800
v 0.00428200 0.06005800 0.03368800
v 0.00428200 0.06005800 0.03368800
v 0.00428200 0.06005800 0.03368800
v -0.00183000 0.09214600 0.02769700
v -0.00183000 0.09214600 0.02769700
v -0.00183000 0.09214600 0.02769700
v -0.00183000 0.09214600 0.02769700
v -0.00183000 0.09214600 0.02769700
v -0.00000700 0.09214600 0.02819100
v -0.00000700 0.09214600 0.02819100
v -0.00000700 0.09214600 0.02819100
v -0.00000700 0.09214600 0.02819100
v -0.00000700 0.09214600 0.02819100
v -0.00000700 0.09214600 0.02819100
v -0.00000000 0.09189700 0.02794100
v -0.00000000 0.09189700 0.02794100
v -0.00000000 0.09189700 0.02794100
v -0.00000000 0.09214700 0.02819100
v -0.00000000 0.09214700 0.02819100
v -0.00000000 0.09214700 0.02819100
v 0.00099100 0.09215000 0.02810200
v 0.00099100 0.09215000 0.02810200
v 0.00099100 0.09215000 0.02810200
v 0.00099100 0.09215000 0.02810200
v 0.00099100 0.09215000 0.02810200
v 0.00293500 0.09214500 0.02654000
v 0.00293500 0.09214500 0.02654000
v 0.00293500 0.09214500 0.02654000
v 0.00293500 0.09214500 0.02654000
v 0.00293500 0.09214500 0.02654000
v 0.00293500 0.09214500 0.02654000
v 0.00293500 0.09214500 0.02654000
v 0.00311000 0.09214500 0.02371400
v 0.00311000 0.09214500 0.02371400
v 0.00311000 0.09214500 0.02371400
v 0.00311000 0.09214500 0.02371400
v 0.00311000 0.09214500 0.02371400
v 0.00311000 0.09214500 0.02371400
v 0.00157700 0.09214700 0.02206400
v 0.00157700 0.09214700 0.02206400
v 0.00157700 0.09214700 0.02206400
v 0.00157700 0.09214700 0.02206400
v -0.00037100 0.09214600 0.02165300
v -0.00037100 0.09214600 0.02165300
v -0.00037100 0.09214600 0.02165300
v -0.00037100 0.09214600 0.02165300
v -0.00037100 0.09214600 0.02165300
v -0.00037100 0.09214600 0.02165300
v -0.00037100 0.09214600 0.02165300
v -0.00000000 0.09189700 0.02194100
v -0.00000000 0.09189700 0.02194100
v -0.00317100 0.09214500 0.02388100
v -0.00317100 0.09214500 0.02388100
v -0.00317100 0.09214500 0.02388100
v -0.00317100 0.09214500 0.02388100
v -0.00317100 0.09214500 0.02388100
v -0.01707900 0.09214600 0.02293000
v -0.01707900 0.09214600 0.02293000
v -0.01707900 0.09214600 0.02293000
v -0.01707900 0.09214600 0.02293000
v -0.01707900 0.09214600 0.02293000
v -0.01380500 0.09214500 0.02130200
v -0.01380500 0.09214500 0.02130200
v -0.01380500 0.09214500 0.02130200
v -0.01380500 0.09214500 0.02130200
v -0.01380500 0.09214500 0.02130200
v -0.01380500 0.09214500 0.02130200
v -0.01380500 0.09214500 0.02130200
v -0.02215800 0.09221000 0.02075700
v -0.02215800 0.09221000 0.02075700
v -0.02215800 0.09221000 0.02075700
v -0.02215800 0.09221000 0.02075700
v -0.02215800 0.09221000 0.02075700
v -0.02215800 0.09221000 0.02075700
v -0.02215800 0.09221000 0.02075700
v -0.02024100 0.09214700 0.02224500
v -0.02024100 0.09214700 0.02224500
v -0.02024100 0.09214700 0.02224500
v -0.02024100 0.09214700 0.02224500
v -0.02024100 0.09214700 0.02224500
v -0.02242600 0.09214400 0.01504200
v -0.02242600 0.09214400 0.01504200
v -0.02242600 0.09214400 0.01504200
v -0.02242600 0.09214400 0.01504200
v -0.02242600 0.09214400 0.01504200
v -0.02242600 0.09214400 0.01504200
v -0.02242600 0.09214400 0.01504200
v -0.02287000 0.09214700 0.01862900
v -0.02287000 0.09214700 0.01862900
v -0.02287000 0.09214700 0.01862900
v -0.02287000 0.09214700 0.01862900
v -0.02287000 0.09214700 0.01862900
v -0.02287000 0.09214700 0.01862900
v -0.01244100 0.09214700 0.01839500
v -0.01244100 0.09214700 0.01839500
v -0.01244100 0.09214700 0.01839500
v -0.01244100 0.09214700 0.01839500
v -0.01244100 0.09214700 0.01839500
v -0.01244100 0.09214700 0.01839500
v -0.01244100 0.09214700 0.01839500
v -0.01244100 0.09214700 0.01839500
v -0.01244100 0.09214700 0.01839500
v -0.01244100 0.09214700 0.01839500
v -0.01244100 0.09214700 0.01839500
v -0.01244100 0.09214700 0.01839500
v -0.01307300 0.09214400 0.01479500
v -0.01307300 0.09214400 0.01479500
v -0.01307300 0.09214400 0.01479500
v -0.01307300 0.09214400 0.01479500
v -0.01307300 0.09214400 0.01479500
v -0.01307300 0.09214400 0.01479500
v -0.01307300 0.09214400 0.01479500
v -0.01597500 0.09214700 0.01260000
v -0.01597500 0.09214700 0.01260000
v -0.01597500 0.09214700 0.01260000
v -0.01597500 0.09214700 0.01260000
v -0.01597500 0.09214700 0.01260000
v -0.01597500 0.09214700 0.01260000
v -0.01597500 0.09214700 0.01260000
v -0.01916400 0.09214600 0.01249200
v -0.01916400 0.09214600 0.01249200
v -0.01916400 0.09214600 0.01249200
v -0.01916400 0.09214600 0.01249200
v -0.01916400 0.09214600 0.01249200
v -0.01916400 0.09214600 0.01249200
v 0.02291300 0.09214700 0.01839500
v 0.02291300 0.09214700 0.01839500
v 0.02291300 0.09214700 0.01839500
v 0.02291300 0.09214700 0.01839500
v 0.02291300 0.09214700 0.01839500
v 0.02246300 0.09214600 0.01523900
v 0.02246300 0.09214600 0.01523900
v 0.02246300 0.09214600 0.01523900
v 0.02246300 0.09214600 0.01523900
v 0.02246300 0.09214600 0.01523900
v 0.02246300 0.09214600 0.01523900
v 0.02246300 0.09214600 0.01523900
v 0.02024000 0.09214700 0.01299100
v 0.02024000 0.09214700 0.01299100
v 0.02024000 0.09214700 0.01299100
v 0.02024000 0.09214700 0.01299100
v 0.02024000 0.09214700 0.01299100
v 0.02024000 0.09214700 0.01299100
v 0.02024000 0.09214700 0.01299100
v 0.02155000 0.09214600 0.02130200
v 0.02155000 0.09214600 0.02130200
v 0.02155000 0.09214600 0.02130200
v 0.02155000 0.09214600 0.02130200
v 0.02155000 0.09214600 0.02130200
v 0.01237000 0.09214700 0.01819100
v 0.01237000 0.09214700 0.01819100
v 0.01237000 0.09214700 0.01819100
v 0.01237000 0.09214700 0.01819100
v 0.01237000 0.09214700 0.01819100
v 0.01237000 0.09214700 0.01819100
v 0.01237000 0.09214700 0.01819100
v 0.01237000 0.09214700 0.01819100
v 0.01237000 0.09214700 0.01819100
v 0.01237000 0.09214700 0.01819100
v 0.01237000 0.09214700 0.01819100
v 0.01369300 0.09214700 0.02111400
v 0.01369300 0.09214700 0.02111400
v 0.01369300 0.09214700 0.02111400
v 0.01369300 0.09214700 0.02111400
v 0.01369300 0.09214700 0.02111400
v 0.01642300 0.09214500 0.02281400
v 0.01642300 0.09214500 0.02281400
v 0.01642300 0.09214500 0.02281400
v 0.01642300 0.09214500 0.02281400
v 0.01642300 0.09214500 0.02281400
v 0.02070000 0.09217400 0.02224800
v 0.02070000 0.09217400 0.02224800
v 0.02070000 0.09217400 0.02224800
v 0.02070000 0.09217400 0.02224800
v 0.02070000 0.09217400 0.02224800
v 0.02070000 0.09217400 0.02224800
v 0.02070000 0.09217400 0.02224800
v 0.02070000 0.09217400 0.02224800
v 0.01659800 0.09214400 0.01232500
v 0.01659800 0.09214400 0.01232500
v 0.01659800 0.09214400 0.01232500
v 0.01659800 0.09214400 0.01232500
v 0.01659800 0.09214400 0.01232500
v 0.01659800 0.09214400 0.01232500
v 0.01659800 0.09214400 0.01232500
v 0.01322400 0.09214600 0.01466300
v 0.01322400 0.09214600 0.01466300
v 0.01322400 0.09214600 0.01466300
v 0.01322400 0.09214600 0.01466300
v 0.01322400 0.09214600 0.01466300
v 0.01322400 0.09214600 0.01466300
v 0.01322400 0.09214600 0.01466300
v -0.01870000 0.09214700 -0.01251000
v -0.01870000 0.09214700 -0.01251000
v -0.01870000 0.09214700 -0.01251000
v -0.01870000 0.09214700 -0.01251000
v -0.01870000 0.09214700 -0.01251000
v -0.01870000 0.09214700 -0.01251000
v -0.01485400 0.09214400 -0.01313100
v -0.01485400 0.09214400 -0.01313100
v -0.01485400 0.09214400 -0.01313100
v -0.01485400 0.09214400 -0.01313100
v -0.01485400 0.09214400 -0.01313100
v -0.01485400 0.09214400 -0.01313100
v -0.01485400 0.09214400 -0.01313100
v -0.01248200 0.09214600 -0.01648200
v -0.01248200 0.09214600 -0.01648200
v -0.01248200 0.09214600 -0.01648200
v -0.01248200 0.09214600 -0.01648200
v -0.01248200 0.09214600 -0.01648200
v -0.01248200 0.09214600 -0.01648200
v -0.01248200 0.09214600 -0.01648200
v -0.01262100 0.09214700 -0.01923100
v -0.01262100 0.09214700 -0.01923100
v -0.01262100 0.09214700 -0.01923100
v -0.01262100 0.09214700 -0.01923100
v -0.01262100 0.09214700 -0.01923100
v -0.02276400 0.09214700 -0.01915700
v -0.02276400 0.09214700 -0.01915700
v -0.02276400 0.09214700 -0.01915700
v -0.02276400 0.09214700 -0.01915700
v -0.02276400 0.09214700 -0.01915700
v -0.02280400 0.09214600 -0.01622500
v -0.02280400 0.09214600 -0.01622500
v -0.02280400 0.09214600 -0.01622500
v -0.02280400 0.09214600 -0.01622500
v -0.02280400 0.09214600 -0.01622500
v -0.02280400 0.09214600 -0.01622500
v -0.02107700 0.09214700 -0.01368500
v -0.02107700 0.09214700 -0.01368500
v -0.02107700 0.09214700 -0.01368500
v -0.02107700 0.09214700 -0.01368500
v -0.02107700 0.09214700 -0.01368500
v -0.02125200 0.09217500 -0.02188800
v -0.02125200 0.09217500 -0.02188800
v -0.02125200 0.09217500 -0.02188800
v -0.02125200 0.09217500 -0.02188800
v -0.02125200 0.09217500 -0.02188800
v -0.02125200 0.09217500 -0.02188800
v -0.02125200 0.09217500 -0.02188800
v -0.02125200 0.09217500 -0.02188800
v -0.02125200 0.09217500 -0.02188800
v -0.01399400 0.09214600 -0.02160900
v -0.01399400 0.09214600 -0.02160900
v -0.01399400 0.09214600 -0.02160900
v -0.01399400 0.09214600 -0.02160900
v -0.01399400 0.09214600 -0.02160900
v -0.01399400 0.09214600 -0.02160900
v -0.01399400 0.09214600 -0.02160900
v -0.01734500 0.09214600 -0.02307100
v -0.01734500 0.09214600 -0.02307100
v -0.01734500 0.09214600 -0.02307100
v -0.01734500 0.09214600 -0.02307100
v -0.01734500 0.09214600 -0.02307100
v -0.01734500 0.09214600 -0.02307100
v 0.02184300 0.09216700 -0.02123700
v 0.02184300 0.09216700 -0.02123700
v 0.02184300 0.09216700 -0.02123700
v 0.02184300 0.09216700 -0.02123700
v 0.02184300 0.09216700 -0.02123700
v 0.02184300 0.09216700 -0.02123700
v 0.02184300 0.09216700 -0.02123700
v 0.02184300 0.09216700 -0.02123700
v 0.02184300 0.09216700 -0.02123700
v 0.02044800 0.09214700 -0.01322600
v 0.02044800 0.09214700 -0.01322600
v 0.02044800 0.09214700 -0.01322600
v 0.02044800 0.09214700 -0.01322600
v 0.02044800 0.09214700 -0.01322600
v 0.02044800 0.09214700 -0.01322600
v 0.02257600 0.09214600 -0.01559900
v 0.02257600 0.09214600 -0.01559900
v 0.02257600 0.09214600 -0.01559900
v 0.02257600 0.09214600 -0.01559900
v 0.02257600 0.09214600 -0.01559900
v 0.02257600 0.09214600 -0.01559900
v 0.02291700 0.09214700 -0.01827700
v 0.02291700 0.09214700 -0.01827700
v 0.02291700 0.09214700 -0.01827700
v 0.02291700 0.09214700 -0.01827700
v 0.02291700 0.09214700 -0.01827700
v 0.01259100 0.09214700 -0.01915700
v 0.01259100 0.09214700 -0.01915700
v 0.01259100 0.09214700 -0.01915700
v 0.01259100 0.09214700 -0.01915700
v 0.01259100 0.09214700 -0.01915700
v 0.01255100 0.09214600 -0.01622500
v 0.01255100 0.09214600 -0.01622500
v 0.01255100 0.09214600 -0.01622500
v 0.01255100 0.09214600 -0.01622500
v 0.01255100 0.09214600 -0.01622500
v 0.01255100 0.09214600 -0.01622500
v 0.01472200 0.09214600 -0.01328300
v 0.01472200 0.09214600 -0.01328300
v 0.01472200 0.09214600 -0.01328300
v 0.01472200 0.09214600 -0.01328300
v 0.01472200 0.09214600 -0.01328300
v 0.01472200 0.09214600 -0.01328300
v 0.01779400 0.09214700 -0.01243800
v 0.01779400 0.09214700 -0.01243800
v 0.01779400 0.09214700 -0.01243800
v 0.01779400 0.09214700 -0.01243800
v 0.01779400 0.09214700 -0.01243800
v 0.01779400 0.09214700 -0.01243800
v 0.01779400 0.09214700 -0.01243800
v 0.01783700 0.09214300 -0.02318600
v 0.01783700 0.09214300 -0.02318600
v 0.01783700 0.09214300 -0.02318600
v 0.01783700 0.09214300 -0.02318600
v 0.01783700 0.09214300 -0.02318600
v 0.01783700 0.09214300 -0.02318600
v 0.01390900 0.09214600 -0.02150500
v 0.01390900 0.09214600 -0.02150500
v 0.01390900 0.09214600 -0.02150500
v 0.01390900 0.09214600 -0.02150500
v 0.01390900 0.09214600 -0.02150500
v 0.01390900 0.09214600 -0.02150500
v 0.01390900 0.09214600 -0.02150500
v 0.00338200 0.09214700 -0.01650100
v 0.00338200 0.09214700 -0.01650100
v 0.00338200 0.09214700 -0.01650100
v 0.00338200 0.09214700 -0.01650100
v 0.00338200 0.09214700 -0.01650100
v 0.00910700 0.09214600 -0.01422600
v 0.00910700 0.09214600 -0.01422600
v 0.00910700 0.09214600 -0.01422600
v 0.00910700 0.09214600 -0.01422600
v 0.00910700 0.09214600 -0.01422600
v 0.00910700 0.09214600 -0.01422600
v 0.00910700 0.09214600 -0.01422600
v 0.00910700 0.09214600 -0.01422600
v 0.01366300 0.09214700 -0.00981100
v 0.01366300 0.09214700 -0.00981100
v 0.01366300 0.09214700 -0.00981100
v 0.01366300 0.09214700 -0.00981100
v 0.01366300 0.09214700 -0.00981100
v 0.01366300 0.09214700 -0.00981100
v 0.01602300 0.09214700 -0.00512200
v 0.01602300 0.09214700 -0.00512200
v 0.01602300 0.09214700 -0.00512200
v 0.01602300 0.09214700 -0.00512200
v 0.01602300 0.09214700 -0.00512200
v 0.01677700 0.09214700 -0.00005900
v 0.01677700 0.09214700 -0.00005900
v 0.01677700 0.09214700 -0.00005900
v 0.01677700 0.09214700 -0.00005900
v 0.01677700 0.09214700 -0.00005900
v 0.01677700 0.09214700 -0.00005900
v 0.01677700 0.09214700 -0.00005900
v 0.01677700 0.09214700 -0.00005900
v 0.01604900 0.09214700 0.00489200
v 0.01604900 0.09214700 0.00489200
v 0.01604900 0.09214700 0.00489200
v 0.01604900 0.09214700 0.00489200
v 0.01604900 0.09214700 0.00489200
v 0.01387700 0.09214700 0.00940200
v 0.01387700 0.09214700 0.00940200
v 0.01387700 0.09214700 0.00940200
v 0.01387700 0.09214700 0.00940200
v 0.01387700 0.09214700 0.00940200
v 0.01065800 0.09214700 0.01290000
v 0.01065800 0.09214700 0.01290000
v 0.01065800 0.09214700 0.01290000
v 0.01065800 0.09214700 0.01290000
v 0.01065800 0.09214700 0.01290000
v 0.00635000 0.09214700 0.01551000
v 0.00635000 0.09214700 0.01551000
v 0.00635000 0.09214700 0.01551000
v 0.00635000 0.09214700 0.01551000
v 0.00635000 0.09214700 0.01551000
v 0.00635000 0.09214700 0.01551000
v 0.00635000 0.09214700 0.01551000
v 0.00005600 0.09213700 0.01669100
v 0.00005600 0.09213700 0.01669100
v 0.00005600 0.09213700 0.01669100
v 0.00005600 0.09213700 0.01669100
v 0.00005600 0.09213700 0.01669100
v -0.00000000 0.09214700 0.01669100
v -0.00000000 0.09214700 0.01669100
v -0.00000000 0.09214700 0.01669100
v -0.00000000 0.09114700 0.01569100
v -0.00000000 0.09114700 0.01569100
v -0.00000000 0.09114700 0.01569100
v -0.00249700 0.09214700 0.01650400
v -0.00249700 0.09214700 0.01650400
v -0.00249700 0.09214700 0.01650400
v -0.00249700 0.09214700 0.01650400
v -0.00249700 0.09214700 0.01650400
v -0.00635100 0.09214700 0.01551000
v -0.00635100 0.09214700 0.01551000
v -0.00635100 0.09214700 0.01551000
v -0.00635100 0.09214700 0.01551000
v -0.00635100 0.09214700 0.01551000
v -0.00635100 0.09214700 0.01551000
v -0.00635100 0.09214700 0.01551000
v -0.01065800 0.09214700 0.01290000
v -0.01065800 0.09214700 0.01290000
v -0.01065800 0.09214700 0.01290000
v -0.01065800 0.09214700 0.01290000
v -0.01065800 0.09214700 0.01290000
v -0.01387800 0.09214700 0.00940200
v -0.01387800 0.09214700 0.00940200
v -0.01387800 0.09214700 0.00940200
v -0.01387800 0.09214700 0.00940200
v -0.01387800 0.09214700 0.00940200
v -0.01387800 0.09214700 0.00940200
v -0.01654200 0.09214700 0.00341400
v -0.01654200 0.09214700 0.00341400
v -0.01654200 0.09214700 0.00341400
v -0.01654200 0.09214700 0.00341400
v -0.01654200 0.09214700 0.00341400
v -0.01654200 0.09214700 0.00341400
v -0.01654200 0.09214700 0.00341400
v -0.01654200 0.09214700 0.00341400
v -0.01654200 0.09214700 0.00341400
v -0.01644900 0.09214600 -0.00381300
v -0.01644900 0.09214600 -0.00381300
v -0.01644900 0.09214600 -0.00381300
v -0.01644900 0.09214600 -0.00381300
v -0.01644900 0.09214600 -0.00381300
v -0.01644900 0.09214600 -0.00381300
v -0.01387800 0.09214700 -0.00952000
v -0.01387800 0.09214700 -0.00952000
v -0.01387800 0.09214700 -0.00952000
v -0.01387800 0.09214700 -0.00952000
v -0.01387800 0.09214700 -0.00952000
v -0.01047200 0.09214700 -0.01319000
v -0.01047200 0.09214700 -0.01319000
v -0.01047200 0.09214700 -0.01319000
v -0.01047200 0.09214700 -0.01319000
v -0.01047200 0.09214700 -0.01319000
v -0.01047200 0.09214700 -0.01319000
v -0.00631000 0.09214700 -0.01564000
v -0.00631000 0.09214700 -0.01564000
v -0.00631000 0.09214700 -0.01564000
v -0.00631000 0.09214700 -0.01564000
v -0.00631000 0.09214700 -0.01564000
v -0.00631000 0.09214700 -0.01564000
v -0.00150600 0.09214700 -0.01677000
v -0.00150600 0.09214700 -0.01677000
v -0.00150600 0.09214700 -0.01677000
v -0.00150600 0.09214700 -0.01677000
v -0.00150600 0.09214700 -0.01677000
v -0.00000000 0.09114700 -0.01580900
v -0.00000000 0.09114700 -0.01580900
v -0.00000000 0.09114700 -0.01580900
v -0.00000100 0.06744800 0.03368800
v -0.00000100 0.06744800 0.03368800
v -0.00000100 0.06744800 0.03368800
v 0.00000000 0.05764700 0.03368800
v 0.00000000 0.05764700 0.03368800
v 0.00000000 0.05764700 0.03368800
v 0.01497100 0.09214700 0.02657400
v 0.01497100 0.09214700 0.02657400
v 0.01497100 0.09214700 0.02657400
v 0.01497100 0.09214700 0.02657400
v 0.01497100 0.09214700 0.02657400
v 0.01497100 0.09214700 0.02657400
v 0.01497100 0.09214700 0.02657400
v 0.01497100 0.09214700 0.02657400
v 0.01497100 0.09214700 0.02657400
v -0.01148800 0.09214700 0.02822400
v -0.01148800 0.09214700 0.02822400
v -0.01148800 0.09214700 0.02822400
v -0.01148800 0.09214700 0.02822400
v -0.01148800 0.09214700 0.02822400
v -0.01148800 0.09214700 0.02822400
v -0.01148800 0.09214700 0.02822400
v -0.01148800 0.09214700 0.02822400
v 0.00865600 0.09214700 0.02920700
v 0.00865600 0.09214700 0.02920700
v 0.00865600 0.09214700 0.02920700
v 0.00865600 0.09214700 0.02920700
v 0.00865600 0.09214700 0.02920700
v 0.00197900 0.09214700 0.03041800
v 0.00197900 0.09214700 0.03041800
v 0.00197900 0.09214700 0.03041800
v 0.00197900 0.09214700 0.03041800
v 0.00197900 0.09214700 0.03041800
v 0.00197900 0.09214700 0.03041800
v 0.00197900 0.09214700 0.03041800
v -0.00523300 0.09214700 0.03006200
v -0.00523300 0.09214700 0.03006200
v -0.00523300 0.09214700 0.03006200
v -0.00523300 0.09214700 0.03006200
v -0.00523300 0.09214700 0.03006200
v -0.00523300 0.09214700 0.03006200
v -0.00523300 0.09214700 0.03006200
v -0.02729600 0.09214700 0.01375400
v -0.02729600 0.09214700 0.01375400
v -0.02729600 0.09214700 0.01375400
v -0.02729600 0.09214700 0.01375400
v -0.02729600 0.09214700 0.01375400
v -0.02729600 0.09214700 0.01375400
v -0.02991700 0.09214700 0.00608900
v -0.02991700 0.09214700 0.00608900
v -0.02991700 0.09214700 0.00608900
v -0.02991700 0.09214700 0.00608900
v -0.02991700 0.09214700 0.00608900
v -0.03051500 0.09214700 -0.00224700
v -0.03051500 0.09214700 -0.00224700
v -0.03051500 0.09214700 -0.00224700
v -0.03051500 0.09214700 -0.00224700
v -0.03051500 0.09214700 -0.00224700
v -0.03051500 0.09214700 -0.00224700
v -0.03051500 0.09214700 -0.00224700
v -0.03051500 0.09214700 -0.00224700
v -0.01844300 0.09214700 0.02433600
v -0.01844300 0.09214700 0.02433600
v -0.01844300 0.09214700 0.02433600
v -0.01844300 0.09214700 0.02433600
v -0.01844300 0.09214700 0.02433600
v -0.01844300 0.09214700 0.02433600
v -0.01844300 0.09214700 0.02433600
v 0.02480700 0.09214700 0.01771900
v 0.02480700 0.09214700 0.01771900
v 0.02480700 0.09214700 0.01771900
v 0.02480700 0.09214700 0.01771900
v 0.02480700 0.09214700 0.01771900
v 0.02480700 0.09214700 0.01771900
v 0.02480700 0.09214700 0.01771900
v 0.02808700 0.09214700 0.01193600
v 0.02808700 0.09214700 0.01193600
v 0.02808700 0.09214700 0.01193600
v 0.02808700 0.09214700 0.01193600
v 0.02808700 0.09214700 0.01193600
v 0.03030100 0.09214800 0.00414300
v 0.03030100 0.09214800 0.00414300
v 0.03030100 0.09214800 0.00414300
v 0.03030100 0.09214800 0.00414300
v 0.03030100 0.09214800 0.00414300
v 0.03030100 0.09214800 0.00414300
v -0.01598700 0.09214700 -0.02606500
v -0.01598700 0.09214700 -0.02606500
v -0.01598700 0.09214700 -0.02606500
v -0.01598700 0.09214700 -0.02606500
v -0.01598700 0.09214700 -0.02606500
v -0.00335900 0.09214700 -0.03040100
v -0.00335900 0.09214700 -0.03040100
v -0.00335900 0.09214700 -0.03040100
v -0.00335900 0.09214700 -0.03040100
v -0.00973500 0.09214700 -0.02904000
v -0.00973500 0.09214700 -0.02904000
v -0.00973500 0.09214700 -0.02904000
v -0.00973500 0.09214700 -0.02904000
v -0.00973500 0.09214700 -0.02904000
v -0.00973500 0.09214700 -0.02904000
v -0.00973500 0.09214700 -0.02904000
v -0.02870600 0.09214700 -0.01048800
v -0.02870600 0.09214700 -0.01048800
v -0.02870600 0.09214700 -0.01048800
v -0.02870600 0.09214700 -0.01048800
v -0.02870600 0.09214700 -0.01048800
v -0.02870600 0.09214700 -0.01048800
v -0.02558300 0.09214700 -0.01677300
v -0.02558300 0.09214700 -0.01677300
v -0.02558300 0.09214700 -0.01677300
v -0.02558300 0.09214700 -0.01677300
v -0.02558300 0.09214700 -0.01677300
v -0.02558300 0.09214700 -0.01677300
v 0.00451500 0.09214700 -0.03032600
v 0.00451500 0.09214700 -0.03032600
v 0.00451500 0.09214700 -0.03032600
v 0.00451500 0.09214700 -0.03032600
v 0.00451500 0.09214700 -0.03032600
v 0.00451500 0.09214700 -0.03032600
v 0.00451500 0.09214700 -0.03032600
v 0.00451500 0.09214700 -0.03032600
v 0.00451500 0.09214700 -0.03032600
v 0.00451500 0.09214700 -0.03032600
v 0.00451500 0.09214700 -0.03032600
v 0.00451500 0.09214700 -0.03032600
v 0.00451500 0.09214700 -0.03032600
v 0.01845400 0.09214700 -0.02436700
v 0.01845400 0.09214700 -0.02436700
v 0.01845400 0.09214700 -0.02436700
v 0.01845400 0.09214700 -0.02436700
v 0.01845400 0.09214700 -0.02436700
v 0.01276400 0.09214700 -0.02780600
v 0.01276400 0.09214700 -0.02780600
v 0.01276400 0.09214700 -0.02780600
v 0.01276400 0.09214700 -0.02780600
v 0.01276400 0.09214700 -0.02780600
v 0.01276400 0.09214700 -0.02780600
v 0.02649200 0.09214700 -0.01535500
v 0.02649200 0.09214700 -0.01535500
v 0.02649200 0.09214700 -0.01535500
v 0.02649200 0.09214700 -0.01535500
v 0.02649200 0.09214700 -0.01535500
v 0.02649200 0.09214700 -0.01535500
v 0.03017400 0.09214800 -0.00558800
v 0.03017400 0.09214800 -0.00558800
v 0.03017400 0.09214800 -0.00558800
v 0.03017400 0.09214800 -0.00558800
v 0.03017400 0.09214800 -0.00558800
v 0.03017400 0.09214800 -0.00558800
v 0.03017400 0.09214800 -0.00558800
v 0.03017400 0.09214800 -0.00558800
v 0.00487800 0.06168200 0.03068800
v 0.00487800 0.06168200 0.03068800
v 0.00487800 0.06168200 0.03068800
v 0.00487800 0.06168200 0.03068800
v 0.00487800 0.06168200 0.03068800
v 0.00487800 0.06168200 0.03068800
v 0.00379100 0.05935900 0.03068800
v 0.00379100 0.05935900 0.03068800
v 0.00379100 0.05935900 0.03068800
v 0.00379100 0.05935900 0.03068800
v 0.00379100 0.05935900 0.03068800
v 0.00379100 0.05935900 0.03068800
v 0.00379100 0.05935900 0.03068800
v 0.00144000 0.05776900 0.03068800
v 0.00144000 0.05776900 0.03068800
v 0.00144000 0.05776900 0.03068800
v 0.00144000 0.05776900 0.03068800
v 0.00144000 0.05776900 0.03068800
v 0.00144000 0.05776900 0.03068800
v 0.00144000 0.05776900 0.03068800
v -0.00105900 0.05772900 0.03068800
v -0.00105900 0.05772900 0.03068800
v -0.00105900 0.05772900 0.03068800
v -0.00105900 0.05772900 0.03068800
v -0.00105900 0.05772900 0.03068800
v -0.00318900 0.05875600 0.03068800
v -0.00318900 0.05875600 0.03068800
v -0.00318900 0.05875600 0.03068800
v -0.00318900 0.05875600 0.03068800
v -0.00318900 0.05875600 0.03068800
v -0.00318900 0.05875600 0.03068800
v -0.00482800 0.06125700 0.03068800
v -0.00482800 0.06125700 0.03068800
v -0.00482800 0.06125700 0.03068800
v -0.00482800 0.06125700 0.03068800
v -0.00482800 0.06125700 0.03068800
v -0.00482800 0.06125700 0.03068800
v -0.00482800 0.06125700 0.03068800
v -0.00482800 0.06125700 0.03068800
v -0.00475300 0.06383100 0.03068800
v -0.00475300 0.06383100 0.03068800
v -0.00475300 0.06383100 0.03068800
v -0.00475300 0.06383100 0.03068800
v -0.00475300 0.06383100 0.03068800
v -0.00379200 0.06573600 0.03068800
v -0.00379200 0.06573600 0.03068800
v -0.00379200 0.06573600 0.03068800
v -0.00379200 0.06573600 0.03068800
v -0.00379200 0.06573600 0.03068800
v -0.00379200 0.06573600 0.03068800
v -0.00144100 0.06732600 0.03068800
v -0.00144100 0.06732600 0.03068800
v -0.00144100 0.06732600 0.03068800
v -0.00144100 0.06732600 0.03068800
v -0.00144100 0.06732600 0.03068800
v -0.00144100 0.06732600 0.03068800
v -0.00144100 0.06732600 0.03068800
v 0.00140900 0.06733200 0.03068800
v 0.00140900 0.06733200 0.03068800
v 0.00140900 0.06733200 0.03068800
v 0.00140900 0.06733200 0.03068800
v 0.00140900 0.06733200 0.03068800
v 0.00140900 0.06733200 0.03068800
v 0.00140900 0.06733200 0.03068800
v 0.00379800 0.06572800 0.03068800
v 0.00379800 0.06572800 0.03068800
v 0.00379800 0.06572800 0.03068800
v 0.00379800 0.06572800 0.03068800
v 0.00379800 0.06572800 0.03068800
v 0.00379800 0.06572800 0.03068800
v 0.00379800 0.06572800 0.03068800
v 0.00475800 0.06381300 0.03068800
v 0.00475800 0.06381300 0.03068800
v 0.00475800 0.06381300 0.03068800
v 0.00475800 0.06381300 0.03068800
v 0.02327700 0.09114600 0.02123500
v 0.02327700 0.09114600 0.02123500
v 0.02327700 0.09114600 0.02123500
v 0.02327700 0.09114600 0.02123500
v 0.02327700 0.09114600 0.02123500
v 0.02327700 0.09114600 0.02123500
v 0.00525100 0.09117100 0.03104800
v 0.00525100 0.09117100 0.03104800
v 0.00525100 0.09117100 0.03104800
v 0.00525100 0.09117100 0.03104800
v 0.00525100 0.09117100 0.03104800
v 0.00525100 0.09117100 0.03104800
v 0.01187100 0.09112800 0.02917000
v 0.01187100 0.09112800 0.02917000
v 0.01187100 0.09112800 0.02917000
v 0.01187100 0.09112800 0.02917000
v 0.01187100 0.09112800 0.02917000
v 0.01187100 0.09112800 0.02917000
v 0.01803400 0.09115700 0.02582500
v 0.01803400 0.09115700 0.02582500
v 0.01803400 0.09115700 0.02582500
v 0.01803400 0.09115700 0.02582500
v 0.01803400 0.09115700 0.02582500
v 0.01803400 0.09115700 0.02582500
v 0.01803400 0.09115700 0.02582500
v 0.03148700 0.09114700 0.00080900
v 0.03148700 0.09114700 0.00080900
v 0.03148700 0.09114700 0.00080900
v 0.03148700 0.09114700 0.00080900
v 0.03148700 0.09114700 0.00080900
v 0.03148700 0.09114700 0.00080900
v 0.03094300 0.09114600 0.00608600
v 0.03094300 0.09114600 0.00608600
v 0.03094300 0.09114600 0.00608600
v 0.03094300 0.09114600 0.00608600
v 0.03094300 0.09114600 0.00608600
v 0.03094300 0.09114600 0.00608600
v 0.02816000 0.09114600 0.01433700
v 0.02816000 0.09114600 0.01433700
v 0.02816000 0.09114600 0.01433700
v 0.02816000 0.09114600 0.01433700
v 0.02816000 0.09114600 0.01433700
v 0.02816000 0.09114600 0.01433700
v 0.02816000 0.09114600 0.01433700
v 0.02442300 0.09113200 -0.02002700
v 0.02442300 0.09113200 -0.02002700
v 0.02442300 0.09113200 -0.02002700
v 0.02442300 0.09113200 -0.02002700
v 0.02442300 0.09113200 -0.02002700
v 0.02442300 0.09113200 -0.02002700
v 0.02819200 0.09114600 -0.01421600
v 0.02819200 0.09114600 -0.01421600
v 0.02819200 0.09114600 -0.01421600
v 0.02819200 0.09114600 -0.01421600
v 0.02819200 0.09114600 -0.01421600
v 0.02819200 0.09114600 -0.01421600
v 0.02819200 0.09114600 -0.01421600
v 0.03104000 0.09111600 -0.00612200
v 0.03104000 0.09111600 -0.00612200
v 0.03104000 0.09111600 -0.00612200
v 0.03104000 0.09111600 -0.00612200
v 0.03104000 0.09111600 -0.00612200
v 0.02068700 0.09114700 -0.02381300
v 0.02068700 0.09114700 -0.02381300
v 0.02068700 0.09114700 -0.02381300
v 0.02068700 0.09114700 -0.02381300
v 0.02068700 0.09114700 -0.02381300
v 0.01024300 0.09116100 -0.02989700
v 0.01024300 0.09116100 -0.02989700
v 0.01024300 0.09116100 -0.02989700
v 0.01024300 0.09116100 -0.02989700
v 0.01024300 0.09116100 -0.02989700
v 0.01024300 0.09116100 -0.02989700
v 0.01024300 0.09116100 -0.02989700
v 0.01660400 0.09114600 -0.02688300
v 0.01660400 0.09114600 -0.02688300
v 0.01660400 0.09114600 -0.02688300
v 0.01660400 0.09114600 -0.02688300
v 0.01660400 0.09114600 -0.02688300
v 0.01660400 0.09114600 -0.02688300
v -0.00679000 0.09113200 -0.03086700
v -0.00679000 0.09113200 -0.03086700
v -0.00679000 0.09113200 -0.03086700
v -0.00679000 0.09113200 -0.03086700
v -0.00679000 0.09113200 -0.03086700
v -0.00679000 0.09113200 -0.03086700
v 0.00187100 0.09114600 -0.03163000
v 0.00187100 0.09114600 -0.03163000
v 0.00187100 0.09114600 -0.03163000
v 0.00187100 0.09114600 -0.03163000
v 0.00187100 0.09114600 -0.03163000
v 0.00187100 0.09114600 -0.03163000
v -0.01928900 0.09113200 -0.02502300
v -0.01928900 0.09113200 -0.02502300
v -0.01928900 0.09113200 -0.02502300
v -0.01928900 0.09113200 -0.02502300
v -0.01928900 0.09113200 -0.02502300
v -0.01928900 0.09113200 -0.02502300
v -0.01337500 0.09114600 -0.02863100
v -0.01337500 0.09114600 -0.02863100
v -0.01337500 0.09114600 -0.02863100
v -0.01337500 0.09114600 -0.02863100
v -0.01337500 0.09114600 -0.02863100
v -0.01337500 0.09114600 -0.02863100
v -0.02317500 0.09114700 -0.02139300
v -0.02317500 0.09114700 -0.02139300
v -0.02317500 0.09114700 -0.02139300
v -0.02317500 0.09114700 -0.02139300
v -0.02317500 0.09114700 -0.02139300
v -0.02317500 0.09114700 -0.02139300
v -0.03153300 0.09113200 -0.00104100
v -0.03153300 0.09113200 -0.00104100
v -0.03153300 0.09113200 -0.00104100
v -0.03153300 0.09113200 -0.00104100
v -0.03153300 0.09113200 -0.00104100
v -0.03055800 0.09114600 -0.00789900
v -0.03055800 0.09114600 -0.00789900
v -0.03055800 0.09114600 -0.00789900
v -0.03055800 0.09114600 -0.00789900
v -0.03055800 0.09114600 -0.00789900
v -0.03055800 0.09114600 -0.00789900
v -0.02739000 0.09111600 -0.01587200
v -0.02739000 0.09111600 -0.01587200
v -0.02739000 0.09111600 -0.01587200
v -0.02739000 0.09111600 -0.01587200
v -0.02739000 0.09111600 -0.01587200
v -0.02739000 0.09111600 -0.01587200
v -0.02739000 0.09111600 -0.01587200
v -0.02548600 0.09113200 0.01853400
v -0.02548600 0.09113200 0.01853400
v -0.02548600 0.09113200 0.01853400
v -0.02548600 0.09113200 0.01853400
v -0.02548600 0.09113200 0.01853400
v -0.02548600 0.09113200 0.01853400
v -0.02893000 0.09114600 0.01252300
v -0.02893000 0.09114600 0.01252300
v -0.02893000 0.09114600 0.01252300
v -0.02893000 0.09114600 0.01252300
v -0.02893000 0.09114600 0.01252300
v -0.02893000 0.09114600 0.01252300
v -0.03098100 0.09114600 0.00589200
v -0.03098100 0.09114600 0.00589200
v -0.03098100 0.09114600 0.00589200
v -0.03098100 0.09114600 0.00589200
v -0.03098100 0.09114600 0.00589200
v -0.03098100 0.09114600 0.00589200
v -0.02071900 0.09114700 0.02373100
v -0.02071900 0.09114700 0.02373100
v -0.02071900 0.09114700 0.02373100
v -0.02071900 0.09114700 0.02373100
v -0.02071900 0.09114700 0.02373100
v -0.02071900 0.09114700 0.02373100
v -0.00869300 0.09113200 0.03026700
v -0.00869300 0.09113200 0.03026700
v -0.00869300 0.09113200 0.03026700
v -0.00869300 0.09113200 0.03026700
v -0.00869300 0.09113200 0.03026700
v -0.00869300 0.09113200 0.03026700
v -0.01510200 0.09114600 0.02763900
v -0.01510200 0.09114600 0.02763900
v -0.01510200 0.09114600 0.02763900
v -0.01510200 0.09114600 0.02763900
v -0.01510200 0.09114600 0.02763900
v -0.01510200 0.09114600 0.02763900
v -0.01510200 0.09114600 0.02763900
v -0.00183700 0.09114600 0.03143500
v -0.00183700 0.09114600 0.03143500
v -0.00183700 0.09114600 0.03143500
v -0.00183700 0.09114600 0.03143500
v -0.00183700 0.09114600 0.03143500
v -0.00183700 0.09114600 0.03143500
v -0.00000100 0.05763800 0.03068800
v -0.00000100 0.05763800 0.03068800
v -0.00000100 0.05763800 0.03068800
v 0.00000000 0.06745700 0.03068800
v 0.00000000 0.06745700 0.03068800
v 0.00163500 0.08364100 0.03139900
v 0.00163500 0.08364100 0.03139900
v 0.00163500 0.08364100 0.03139900
v 0.00163500 0.08364100 0.03139900
v 0.00163500 0.08364100 0.03139900
v 0.00163500 0.08364100 0.03139900
v 0.00679000 0.08364900 0.03072300
v 0.00679000 0.08364900 0.03072300
v 0.00679000 0.08364900 0.03072300
v 0.00679000 0.08364900 0.03072300
v 0.00679000 0.08364900 0.03072300
v 0.00679000 0.08364900 0.03072300
v 0.00679000 0.08364900 0.03072300
v 0.01285500 0.08363300 0.02874200
v 0.01285500 0.08363300 0.02874200
v 0.01285500 0.08363300 0.02874200
v 0.01285500 0.08363300 0.02874200
v 0.01285500 0.08363300 0.02874200
v 0.01285500 0.08363300 0.02874200
v 0.01285500 0.08363300 0.02874200
v 0.01786200 0.08364100 0.02588700
v 0.01786200 0.08364100 0.02588700
v 0.01786200 0.08364100 0.02588700
v 0.01786200 0.08364100 0.02588700
v 0.01786200 0.08364100 0.02588700
v 0.02190100 0.08364900 0.02261200
v 0.02190100 0.08364900 0.02261200
v 0.02190100 0.08364900 0.02261200
v 0.02190100 0.08364900 0.02261200
v 0.02190100 0.08364900 0.02261200
v 0.02190100 0.08364900 0.02261200
v 0.02522500 0.08364000 0.01880200
v 0.02522500 0.08364000 0.01880200
v 0.02522500 0.08364000 0.01880200
v 0.02522500 0.08364000 0.01880200
v 0.02522500 0.08364000 0.01880200
v 0.02522500 0.08364000 0.01880200
v 0.02791700 0.08365400 0.01461800
v 0.02791700 0.08365400 0.01461800
v 0.02791700 0.08365400 0.01461800
v 0.02791700 0.08365400 0.01461800
v 0.02791700 0.08365400 0.01461800
v 0.02791700 0.08365400 0.01461800
v 0.03045100 0.08365400 0.00815300
v 0.03045100 0.08365400 0.00815300
v 0.03045100 0.08365400 0.00815300
v 0.03045100 0.08365400 0.00815300
v 0.03045100 0.08365400 0.00815300
v 0.03045100 0.08365400 0.00815300
v 0.03136600 0.08364000 0.00280900
v 0.03136600 0.08364000 0.00280900
v 0.03136600 0.08364000 0.00280900
v 0.03136600 0.08364000 0.00280900
v 0.03136600 0.08364000 0.00280900
v 0.03136600 0.08364000 0.00280900
v 0.03146900 0.08365400 -0.00217000
v 0.03146900 0.08365400 -0.00217000
v 0.03146900 0.08365400 -0.00217000
v 0.03146900 0.08365400 -0.00217000
v 0.03146900 0.08365400 -0.00217000
v 0.03146900 0.08365400 -0.00217000
v 0.03146900 0.08365400 -0.00217000
v 0.03024200 0.08365400 -0.00900800
v 0.03024200 0.08365400 -0.00900800
v 0.03024200 0.08365400 -0.00900800
v 0.03024200 0.08365400 -0.00900800
v 0.03024200 0.08365400 -0.00900800
v 0.03024200 0.08365400 -0.00900800
v 0.02822800 0.08364000 -0.01403200
v 0.02822800 0.08364000 -0.01403200
v 0.02822800 0.08364000 -0.01403200
v 0.02822800 0.08364000 -0.01403200
v 0.02822800 0.08364000 -0.01403200
v 0.02570700 0.08365400 -0.01833300
v 0.02570700 0.08365400 -0.01833300
v 0.02570700 0.08365400 -0.01833300
v 0.02570700 0.08365400 -0.01833300
v 0.02570700 0.08365400 -0.01833300
v 0.02570700 0.08365400 -0.01833300
v 0.02570700 0.08365400 -0.01833300
v 0.02107800 0.08365400 -0.02351900
v 0.02107800 0.08365400 -0.02351900
v 0.02107800 0.08365400 -0.02351900
v 0.02107800 0.08365400 -0.02351900
v 0.02107800 0.08365400 -0.02351900
v 0.02107800 0.08365400 -0.02351900
v 0.02107800 0.08365400 -0.02351900
v 0.01562700 0.08363300 -0.02745600
v 0.01562700 0.08363300 -0.02745600
v 0.01562700 0.08363300 -0.02745600
v 0.01562700 0.08363300 -0.02745600
v 0.01562700 0.08363300 -0.02745600
v 0.01562700 0.08363300 -0.02745600
v 0.01562700 0.08363300 -0.02745600
v 0.01034600 0.08364100 -0.02981200
v 0.01034600 0.08364100 -0.02981200
v 0.01034600 0.08364100 -0.02981200
v 0.01034600 0.08364100 -0.02981200
v 0.01034600 0.08364100 -0.02981200
v 0.00391000 0.08364600 -0.03135600
v 0.00391000 0.08364600 -0.03135600
v 0.00391000 0.08364600 -0.03135600
v 0.00391000 0.08364600 -0.03135600
v 0.00391000 0.08364600 -0.03135600
v 0.00391000 0.08364600 -0.03135600
v 0.00391000 0.08364600 -0.03135600
v -0.00439600 0.08365200 -0.03130600
v -0.00439600 0.08365200 -0.03130600
v -0.00439600 0.08365200 -0.03130600
v -0.00439600 0.08365200 -0.03130600
v -0.00439600 0.08365200 -0.03130600
v -0.00439600 0.08365200 -0.03130600
v -0.00439600 0.08365200 -0.03130600
v -0.00439600 0.08365200 -0.03130600
v -0.01141200 0.08365400 -0.02946100
v -0.01141200 0.08365400 -0.02946100
v -0.01141200 0.08365400 -0.02946100
v -0.01141200 0.08365400 -0.02946100
v -0.01141200 0.08365400 -0.02946100
v -0.01141200 0.08365400 -0.02946100
v -0.01624000 0.08363700 -0.02704700
v -0.01624000 0.08363700 -0.02704700
v -0.01624000 0.08363700 -0.02704700
v -0.01624000 0.08363700 -0.02704700
v -0.01624000 0.08363700 -0.02704700
v -0.01624000 0.08363700 -0.02704700
v -0.02032200 0.08365400 -0.02418000
v -0.02032200 0.08365400 -0.02418000
v -0.02032200 0.08365400 -0.02418000
v -0.02032200 0.08365400 -0.02418000
v -0.02032200 0.08365400 -0.02418000
v -0.02032200 0.08365400 -0.02418000
v -0.02032200 0.08365400 -0.02418000
v -0.02511700 0.08365300 -0.01913400
v -0.02511700 0.08365300 -0.01913400
v -0.02511700 0.08365300 -0.01913400
v -0.02511700 0.08365300 -0.01913400
v -0.02511700 0.08365300 -0.01913400
v -0.02511700 0.08365300 -0.01913400
v -0.02796300 0.08363700 -0.01455600
v -0.02796300 0.08363700 -0.01455600
v -0.02796300 0.08363700 -0.01455600
v -0.02796300 0.08363700 -0.01455600
v -0.02796300 0.08363700 -0.01455600
v -0.02994200 0.08365400 -0.00997100
v -0.02994200 0.08365400 -0.00997100
v -0.02994200 0.08365400 -0.00997100
v -0.02994200 0.08365400 -0.00997100
v -0.02994200 0.08365400 -0.00997100
v -0.02994200 0.08365400 -0.00997100
v -0.02994200 0.08365400 -0.00997100
v -0.03139200 0.08365400 -0.00312500
v -0.03139200 0.08365400 -0.00312500
v -0.03139200 0.08365400 -0.00312500
v -0.03139200 0.08365400 -0.00312500
v -0.03139200 0.08365400 -0.00312500
v -0.03139200 0.08365400 -0.00312500
v -0.03130300 0.08365400 0.00379900
v -0.03130300 0.08365400 0.00379900
v -0.03130300 0.08365400 0.00379900
v -0.03130300 0.08365400 0.00379900
v -0.03130300 0.08365400 0.00379900
v -0.03130300 0.08365400 0.00379900
v -0.03130300 0.08365400 0.00379900
v -0.02975500 0.08363200 0.01040100
v -0.02975500 0.08363200 0.01040100
v -0.02975500 0.08363200 0.01040100
v -0.02975500 0.08363200 0.01040100
v -0.02975500 0.08363200 0.01040100
v -0.02975500 0.08363200 0.01040100
v -0.02732500 0.08364100 0.01561300
v -0.02732500 0.08364100 0.01561300
v -0.02732500 0.08364100 0.01561300
v -0.02732500 0.08364100 0.01561300
v -0.02732500 0.08364100 0.01561300
v -0.02732500 0.08364100 0.01561300
v -0.02439400 0.08364900 0.01990600
v -0.02439400 0.08364900 0.01990600
v -0.02439400 0.08364900 0.01990600
v -0.02439400 0.08364900 0.01990600
v -0.02439400 0.08364900 0.01990600
v -0.02439400 0.08364900 0.01990600
v -0.02439400 0.08364900 0.01990600
v -0.01987900 0.08363200 0.02442800
v -0.01987900 0.08363200 0.02442800
v -0.01987900 0.08363200 0.02442800
v -0.01987900 0.08363200 0.02442800
v -0.01987900 0.08363200 0.02442800
v -0.01987900 0.08363200 0.02442800
v -0.01507700 0.08364100 0.02759900
v -0.01507700 0.08364100 0.02759900
v -0.01507700 0.08364100 0.02759900
v -0.01507700 0.08364100 0.02759900
v -0.01507700 0.08364100 0.02759900
v -0.01033100 0.08364900 0.02972200
v -0.01033100 0.08364900 0.02972200
v -0.01033100 0.08364900 0.02972200
v -0.01033100 0.08364900 0.02972200
v -0.01033100 0.08364900 0.02972200
v -0.01033100 0.08364900 0.02972200
v -0.01033100 0.08364900 0.02972200
v -0.00412200 0.08363200 0.03121000
v -0.00412200 0.08363200 0.03121000
v -0.00412200 0.08363200 0.03121000
v -0.00412200 0.08363200 0.03121000
v -0.00412200 0.08363200 0.03121000
v -0.00412200 0.08363200 0.03121000
v 0.00495000 0.06190100 0.02769200
v 0.00495000 0.06190100 0.02769200
v 0.00495000 0.06190100 0.02769200
v 0.00495000 0.06190100 0.02769200
v 0.00495000 0.06190100 0.02769200
v 0.00495000 0.06190100 0.02769200
v 0.00434400 0.06003000 0.02769300
v 0.00434400 0.06003000 0.02769300
v 0.00434400 0.06003000 0.02769300
v 0.00434400 0.06003000 0.02769300
v 0.00274200 0.05837000 0.02773800
v 0.00274200 0.05837000 0.02773800
v 0.00274200 0.05837000 0.02773800
v 0.00274200 0.05837000 0.02773800
v 0.00274200 0.05837000 0.02773800
v 0.00274200 0.05837000 0.02773800
v 0.00274200 0.05837000 0.02773800
v 0.00139400 0.05777100 0.02768800
v 0.00139400 0.05777100 0.02768800
v 0.00139400 0.05777100 0.02768800
v 0.00139400 0.05777100 0.02768800
v 0.00139400 0.05777100 0.02768800
v 0.00139400 0.05777100 0.02768800
v -0.00133100 0.05776200 0.02768800
v -0.00133100 0.05776200 0.02768800
v -0.00133100 0.05776200 0.02768800
v -0.00133100 0.05776200 0.02768800
v -0.00133100 0.05776200 0.02768800
v -0.00133100 0.05776200 0.02768800
v -0.00133100 0.05776200 0.02768800
v -0.00324200 0.05872300 0.02769100
v -0.00324200 0.05872300 0.02769100
v -0.00324200 0.05872300 0.02769100
v -0.00324200 0.05872300 0.02769100
v -0.00324200 0.05872300 0.02769100
v -0.00324200 0.05872300 0.02769100
v -0.00451300 0.06043500 0.02769100
v -0.00451300 0.06043500 0.02769100
v -0.00451300 0.06043500 0.02769100
v -0.00451300 0.06043500 0.02769100
v -0.00451300 0.06043500 0.02769100
v -0.00496400 0.06210600 0.02769100
v -0.00496400 0.06210600 0.02769100
v -0.00496400 0.06210600 0.02769100
v -0.00496400 0.06210600 0.02769100
v -0.00496400 0.06210600 0.02769100
v -0.00470300 0.06428600 0.02769100
v -0.00470300 0.06428600 0.02769100
v -0.00470300 0.06428600 0.02769100
v -0.00470300 0.06428600 0.02769100
v -0.00470300 0.06428600 0.02769100
v -0.00470300 0.06428600 0.02769100
v -0.00352900 0.06606600 0.02769100
v -0.00352900 0.06606600 0.02769100
v -0.00352900 0.06606600 0.02769100
v -0.00352900 0.06606600 0.02769100
v -0.00352900 0.06606600 0.02769100
v -0.00157700 0.06731100 0.02768800
v -0.00157700 0.06731100 0.02768800
v -0.00157700 0.06731100 0.02768800
v -0.00157700 0.06731100 0.02768800
v -0.00157700 0.06731100 0.02768800
v -0.00157700 0.06731100 0.02768800
v -0.00157700 0.06731100 0.02768800
v 0.00165200 0.06729700 0.02768800
v 0.00165200 0.06729700 0.02768800
v 0.00165200 0.06729700 0.02768800
v 0.00165200 0.06729700 0.02768800
v 0.00165200 0.06729700 0.02768800
v 0.00165200 0.06729700 0.02768800
v 0.00362100 0.06600100 0.02775300
v 0.00362100 0.06600100 0.02775300
v 0.00362100 0.06600100 0.02775300
v 0.00362100 0.06600100 0.02775300
v 0.00362100 0.06600100 0.02775300
v 0.00362100 0.06600100 0.02775300
v 0.00471900 0.06423900 0.02769100
v 0.00471900 0.06423900 0.02769100
v 0.00471900 0.06423900 0.02769100
v 0.00471900 0.06423900 0.02769100
v 0.00471900 0.06423900 0.02769100
v 0.00471900 0.06423900 0.02769100
v 0.01927300 0.08315200 -0.02447900
v 0.01927300 0.08315200 -0.02447900
v 0.01927300 0.08315200 -0.02447900
v 0.01927300 0.08315200 -0.02447900
v 0.01927300 0.08315200 -0.02447900
v 0.01927300 0.08315200 -0.02447900
v 0.02284100 0.08314200 -0.02117900
v 0.02284100 0.08314200 -0.02117900
v 0.02284100 0.08314200 -0.02117900
v 0.02284100 0.08314200 -0.02117900
v 0.02284100 0.08314200 -0.02117900
v 0.02284100 0.08314200 -0.02117900
v 0.02767100 0.08315800 -0.01422400
v 0.02767100 0.08315800 -0.01422400
v 0.02767100 0.08315800 -0.01422400
v 0.02767100 0.08315800 -0.01422400
v 0.02767100 0.08315800 -0.01422400
v 0.02918700 0.08314200 0.01070400
v 0.02918700 0.08314200 0.01070400
v 0.02918700 0.08314200 0.01070400
v 0.02918700 0.08314200 0.01070400
v 0.02918700 0.08314200 0.01070400
v 0.02918700 0.08314200 0.01070400
v 0.02518500 0.08315800 0.01816300
v 0.02518500 0.08315800 0.01816300
v 0.02518500 0.08315800 0.01816300
v 0.02518500 0.08315800 0.01816300
v 0.02518500 0.08315800 0.01816300
v 0.01195500 0.08315800 0.02863700
v 0.01195500 0.08315800 0.02863700
v 0.01195500 0.08315800 0.02863700
v 0.01195500 0.08315800 0.02863700
v 0.01195500 0.08315800 0.02863700
v 0.00843000 0.08315300 0.02988600
v 0.00843000 0.08315300 0.02988600
v 0.00843000 0.08315300 0.02988600
v 0.00843000 0.08315300 0.02988600
v 0.00843000 0.08315300 0.02988600
v 0.00475300 0.08315700 0.03066200
v 0.00475300 0.08315700 0.03066200
v 0.00475300 0.08315700 0.03066200
v 0.00475300 0.08315700 0.03066200
v 0.00475300 0.08315700 0.03066200
v 0.00475300 0.08315700 0.03066200
v -0.00358000 0.08337600 0.03099100
v -0.00358000 0.08337600 0.03099100
v -0.00358000 0.08337600 0.03099100
v -0.00358000 0.08337600 0.03099100
v -0.00358000 0.08337600 0.03099100
v -0.00358000 0.08337600 0.03099100
v 0.00025800 0.08333000 0.03117900
v 0.00025800 0.08333000 0.03117900
v 0.00025800 0.08333000 0.03117900
v 0.00025800 0.08333000 0.03117900
v 0.00025800 0.08333000 0.03117900
v -0.00845800 0.08315300 0.02987800
v -0.00845800 0.08315300 0.02987800
v -0.00845800 0.08315300 0.02987800
v -0.00845800 0.08315300 0.02987800
v -0.00845800 0.08315300 0.02987800
v -0.00845800 0.08315300 0.02987800
v -0.01199900 0.08315700 0.02861900
v -0.01199900 0.08315700 0.02861900
v -0.01199900 0.08315700 0.02861900
v -0.01199900 0.08315700 0.02861900
v -0.01199900 0.08315700 0.02861900
v -0.02285400 0.08315300 0.02104800
v -0.02285400 0.08315300 0.02104800
v -0.02285400 0.08315300 0.02104800
v -0.02285400 0.08315300 0.02104800
v -0.02285400 0.08315300 0.02104800
v -0.02285400 0.08315300 0.02104800
v -0.02521400 0.08315700 0.01812500
v -0.02521400 0.08315700 0.01812500
v -0.02521400 0.08315700 0.01812500
v -0.02521400 0.08315700 0.01812500
v -0.02521400 0.08315700 0.01812500
v -0.02918200 0.08314300 0.01072100
v -0.02918200 0.08314300 0.01072100
v -0.02918200 0.08314300 0.01072100
v -0.02918200 0.08314300 0.01072100
v -0.02918200 0.08314300 0.01072100
v -0.02918200 0.08315300 -0.01083800
v -0.02918200 0.08315300 -0.01083800
v -0.02918200 0.08315300 -0.01083800
v -0.02918200 0.08315300 -0.01083800
v -0.02918200 0.08315300 -0.01083800
v 0.00367900 0.08319500 -0.03097500
v 0.00367900 0.08319500 -0.03097500
v 0.00367900 0.08319500 -0.03097500
v 0.00367900 0.08319500 -0.03097500
v 0.00367900 0.08319500 -0.03097500
v 0.00367900 0.08319500 -0.03097500
v 0.00033200 0.08333700 -0.03128900
v 0.00033200 0.08333700 -0.03128900
v 0.00033200 0.08333700 -0.03128900
v 0.00033200 0.08333700 -0.03128900
v 0.00033200 0.08333700 -0.03128900
v -0.00000000 0.08364700 -0.03155900
v -0.00000000 0.08364700 -0.03155900
v -0.00000000 0.08364700 -0.03155900
v -0.00000000 0.08335900 -0.03127100
v -0.00000000 0.08335900 -0.03127100
v -0.00000000 0.08335900 -0.03127100
v -0.00243200 0.08336600 -0.03116700
v -0.00243200 0.08336600 -0.03116700
v -0.00243200 0.08336600 -0.03116700
v -0.00243200 0.08336600 -0.03116700
v -0.00478700 0.08313500 -0.03077500
v -0.00478700 0.08313500 -0.03077500
v -0.00478700 0.08313500 -0.03077500
v -0.00478700 0.08313500 -0.03077500
v -0.00478700 0.08313500 -0.03077500
v -0.00478700 0.08313500 -0.03077500
v -0.00478700 0.08313500 -0.03077500
v 0.00085800 0.06747400 0.02773900
v 0.00085800 0.06747400 0.02773900
v 0.00085800 0.06747400 0.02773900
v 0.00085800 0.06747400 0.02773900
v -0.00000000 0.06744700 0.02768800
v -0.00000000 0.06744700 0.02768800
v -0.00000000 0.06744700 0.02768800
v -0.00077500 0.06749000 0.02774000
v -0.00077500 0.06749000 0.02774000
v -0.00077500 0.06749000 0.02774000
v -0.00077500 0.06749000 0.02774000
v -0.00077500 0.06749000 0.02774000
v -0.00077500 0.06749000 0.02774000
v -0.00085900 0.05762100 0.02773900
v -0.00085900 0.05762100 0.02773900
v -0.00085900 0.05762100 0.02773900
v -0.00085900 0.05762100 0.02773900
v -0.00000000 0.05764800 0.02768800
v -0.00000000 0.05764800 0.02768800
v -0.00000000 0.05764800 0.02768800
v 0.00046300 0.05757900 0.02773800
v 0.00046300 0.05757900 0.02773800
v 0.00046300 0.05757900 0.02773800
v 0.00046300 0.05757900 0.02773800
v 0.00046300 0.05757900 0.02773800
v -0.02715000 0.08315300 0.01513000
v -0.02715000 0.08315300 0.01513000
v -0.02715000 0.08315300 0.01513000
v -0.02715000 0.08315300 0.01513000
v -0.02715000 0.08315300 0.01513000
v -0.02715000 0.08315300 0.01513000
v -0.00000200 0.08336100 0.03115000
v -0.00000200 0.08336100 0.03115000
v -0.00844900 0.08314200 -0.02999800
v -0.00844900 0.08314200 -0.02999800
v -0.00844900 0.08314200 -0.02999800
v -0.00844900 0.08314200 -0.02999800
v -0.00844900 0.08314200 -0.02999800
v -0.00844900 0.08314200 -0.02999800
v -0.00121200 0.08308500 -0.03117800
v -0.00121200 0.08308500 -0.03117800
v -0.00121200 0.08308500 -0.03117800
v -0.00121200 0.08308500 -0.03117800
v -0.00121200 0.08308500 -0.03117800
v -0.00121200 0.08308500 -0.03117800
v 0.00121000 0.08309000 0.03105100
v 0.00121000 0.08309000 0.03105100
v 0.00121000 0.08309000 0.03105100
v 0.00121000 0.08309000 0.03105100
v 0.00121000 0.08309000 0.03105100
v 0.00121000 0.08309000 0.03105100
v 0.00121000 0.08309000 0.03105100
v -0.00365200 0.08307700 0.03085900
v -0.00365200 0.08307700 0.03085900
v -0.00365200 0.08307700 0.03085900
v -0.00365200 0.08307700 0.03085900
v -0.00365200 0.08307700 0.03085900
v 0.01519400 0.08315400 0.02708700
v 0.01519400 0.08315400 0.02708700
v 0.01519400 0.08315400 0.02708700
v 0.01519400 0.08315400 0.02708700
v 0.01519400 0.08315400 0.02708700
v 0.01926200 0.08314200 0.02436900
v 0.01926200 0.08314200 0.02436900
v 0.01926200 0.08314200 0.02436900
v 0.01926200 0.08314200 0.02436900
v 0.01926200 0.08314200 0.02436900
v 0.01926200 0.08314200 0.02436900
v 0.02283300 0.08315300 0.02106900
v 0.02283300 0.08315300 0.02106900
v 0.02283300 0.08315300 0.02106900
v 0.02283300 0.08315300 0.02106900
v 0.02283300 0.08315300 0.02106900
v 0.02283300 0.08315300 0.02106900
v 0.02713800 0.08315400 0.01514800
v 0.02713800 0.08315400 0.01514800
v 0.02713800 0.08315400 0.01514800
v 0.02713800 0.08315400 0.01514800
v 0.02713800 0.08315400 0.01514800
v 0.03050800 0.08315300 0.00602600
v 0.03050800 0.08315300 0.00602600
v 0.03050800 0.08315300 0.00602600
v 0.03050800 0.08315300 0.00602600
v 0.03050800 0.08315300 0.00602600
v 0.03050800 0.08315300 0.00602600
v 0.03108500 0.08314200 0.00115000
v 0.03108500 0.08314200 0.00115000
v 0.03108500 0.08314200 0.00115000
v 0.03108500 0.08314200 0.00115000
v 0.03108500 0.08314200 0.00115000
v 0.03094300 0.08314100 -0.00315300
v 0.03094300 0.08314100 -0.00315300
v 0.03094300 0.08314100 -0.00315300
v 0.03094300 0.08314100 -0.00315300
v 0.03094300 0.08314100 -0.00315300
v 0.03051600 0.08316800 -0.00614600
v 0.03051600 0.08316800 -0.00614600
v 0.03051600 0.08316800 -0.00614600
v 0.03051600 0.08316800 -0.00614600
v 0.03051600 0.08316800 -0.00614600
v 0.03051600 0.08316800 -0.00614600
v 0.02919200 0.08315300 -0.01081100
v 0.02919200 0.08315300 -0.01081100
v 0.02919200 0.08315300 -0.01081100
v 0.02919200 0.08315300 -0.01081100
v 0.02919200 0.08315300 -0.01081100
v 0.02919200 0.08315300 -0.01081100
v 0.02587000 0.08315400 -0.01733500
v 0.02587000 0.08315400 -0.01733500
v 0.02587000 0.08315400 -0.01733500
v 0.02587000 0.08315400 -0.01733500
v 0.02587000 0.08315400 -0.01733500
v 0.01626200 0.08314600 -0.02654800
v 0.01626200 0.08314600 -0.02654800
v 0.01626200 0.08314600 -0.02654800
v 0.01626200 0.08314600 -0.02654800
v 0.01305100 0.08315700 -0.02829800
v 0.01305100 0.08315700 -0.02829800
v 0.01305100 0.08315700 -0.02829800
v 0.01305100 0.08315700 -0.02829800
v 0.01305100 0.08315700 -0.02829800
v 0.01305100 0.08315700 -0.02829800
v 0.00843900 0.08314200 -0.03000100
v 0.00843900 0.08314200 -0.03000100
v 0.00843900 0.08314200 -0.03000100
v 0.00843900 0.08314200 -0.03000100
v 0.00843900 0.08314200 -0.03000100
v 0.00843900 0.08314200 -0.03000100
v 0.00415000 0.08289700 -0.03106900
v 0.00415000 0.08289700 -0.03106900
v 0.00415000 0.08289700 -0.03106900
v 0.00415000 0.08289700 -0.03106900
v 0.00415000 0.08289700 -0.03106900
v 0.00415000 0.08289700 -0.03106900
v 0.00415000 0.08289700 -0.03106900
v -0.00000200 0.08293300 -0.03126800
v -0.00000200 0.08293300 -0.03126800
v -0.00000200 0.08293300 -0.03126800
v -0.01302400 0.08315400 -0.02831100
v -0.01302400 0.08315400 -0.02831100
v -0.01302400 0.08315400 -0.02831100
v -0.01302400 0.08315400 -0.02831100
v -0.01302400 0.08315400 -0.02831100
v -0.01302400 0.08315400 -0.02831100
v -0.01621900 0.08314600 -0.02657400
v -0.01621900 0.08314600 -0.02657400
v -0.01621900 0.08314600 -0.02657400
v -0.01621900 0.08314600 -0.02657400
v -0.01621900 0.08314600 -0.02657400
v -0.01925100 0.08315400 -0.02449600
v -0.01925100 0.08315400 -0.02449600
v -0.01925100 0.08315400 -0.02449600
v -0.01925100 0.08315400 -0.02449600
v -0.01925100 0.08315400 -0.02449600
v -0.02284800 0.08314200 -0.02117200
v -0.02284800 0.08314200 -0.02117200
v -0.02284800 0.08314200 -0.02117200
v -0.02284800 0.08314200 -0.02117200
v -0.02284800 0.08314200 -0.02117200
v -0.02284800 0.08314200 -0.02117200
v -0.02585600 0.08315200 -0.01735800
v -0.02585600 0.08315200 -0.01735800
v -0.02585600 0.08315200 -0.01735800
v -0.02585600 0.08315200 -0.01735800
v -0.02585600 0.08315200 -0.01735800
v -0.02585600 0.08315200 -0.01735800
v -0.02765100 0.08315700 -0.01426600
v -0.02765100 0.08315700 -0.01426600
v -0.02765100 0.08315700 -0.01426600
v -0.02765100 0.08315700 -0.01426600
v -0.02765100 0.08315700 -0.01426600
v -0.03051200 0.08314200 -0.00612300
v -0.03051200 0.08314200 -0.00612300
v -0.03051200 0.08314200 -0.00612300
v -0.03051200 0.08314200 -0.00612300
v -0.03051200 0.08314200 -0.00612300
v -0.03051200 0.08314200 -0.00612300
v -0.03108700 0.08315600 -0.00127100
v -0.03108700 0.08315600 -0.00127100
v -0.03108700 0.08315600 -0.00127100
v -0.03108700 0.08315600 -0.00127100
v -0.03108700 0.08315600 -0.00127100
v -0.03108700 0.08315600 -0.00127100
v -0.03098900 0.08314600 0.00235100
v -0.03098900 0.08314600 0.00235100
v -0.03098900 0.08314600 0.00235100
v -0.03098900 0.08314600 0.00235100
v -0.03051400 0.08315300 0.00599700
v -0.03051400 0.08315300 0.00599700
v -0.03051400 0.08315300 0.00599700
v -0.03051400 0.08315300 0.00599700
v -0.03051400 0.08315300 0.00599700
v -0.03051400 0.08315300 0.00599700
v -0.01924900 0.08314300 0.02438000
v -0.01924900 0.08314300 0.02438000
v -0.01924900 0.08314300 0.02438000
v -0.01924900 0.08314300 0.02438000
v -0.01924900 0.08314300 0.02438000
v -0.01521200 0.08315300 0.02707800
v -0.01521200 0.08315300 0.02707800
v -0.01521200 0.08315300 0.02707800
v -0.01521200 0.08315300 0.02707800
v -0.01521200 0.08315300 0.02707800
v -0.01521200 0.08315300 0.02707800
v -0.00011200 0.08295700 -0.03129000
v -0.00011200 0.08295700 -0.03129000
v -0.00011200 0.08295700 -0.03129000
v -0.00011200 0.08295700 -0.03129000
v -0.00383600 0.06619600 0.02793900
v -0.00383600 0.06619600 0.02793900
v -0.00383600 0.06619600 0.02793900
v -0.00383600 0.06619600 0.02793900
v -0.00383600 0.06619600 0.02793900
v -0.00383600 0.06619600 0.02793900
v -0.00528400 0.06287700 0.02793900
v -0.00528400 0.06287700 0.02793900
v -0.00528400 0.06287700 0.02793900
v -0.00528400 0.06287700 0.02793900
v -0.00528400 0.06287700 0.02793900
v -0.00528400 0.06287700 0.02793900
v -0.00448700 0.05982300 0.02794000
v -0.00448700 0.05982300 0.02794000
v -0.00448700 0.05982300 0.02794000
v -0.00448700 0.05982300 0.02794000
v -0.00448700 0.05982300 0.02794000
v -0.00183400 0.05751300 0.02794900
v -0.00183400 0.05751300 0.02794900
v -0.00183400 0.05751300 0.02794900
v -0.00183400 0.05751300 0.02794900
v -0.00183400 0.05751300 0.02794900
v -0.00183400 0.05751300 0.02794900
v -0.00183400 0.05751300 0.02794900
v -0.00000000 0.05754800 0.02774100
v -0.00000000 0.05754800 0.02774100
v -0.00000000 0.05754800 0.02774100
v -0.00000000 0.05734800 0.02794100
v -0.00000000 0.05734800 0.02794100
v -0.00000000 0.05734800 0.02794100
v 0.00002000 0.05734700 0.02793600
v 0.00002000 0.05734700 0.02793600
v 0.00002000 0.05734700 0.02793600
v 0.00002000 0.05734700 0.02793600
v 0.00002000 0.05734700 0.02793600
v 0.00002000 0.05734700 0.02793600
v 0.00441000 0.05962100 0.02793900
v 0.00441000 0.05962100 0.02793900
v 0.00441000 0.05962100 0.02793900
v 0.00441000 0.05962100 0.02793900
v 0.00441000 0.05962100 0.02793900
v 0.00526000 0.06314000 0.02793900
v 0.00526000 0.06314000 0.02793900
v 0.00526000 0.06314000 0.02793900
v 0.00526000 0.06314000 0.02793900
v 0.00526000 0.06314000 0.02793900
v 0.00124200 0.06769300 0.02793900
v 0.00124200 0.06769300 0.02793900
v 0.00124200 0.06769300 0.02793900
v 0.00124200 0.06769300 0.02793900
v 0.00124200 0.06769300 0.02793900
v 0.00124200 0.06769300 0.02793900
v 0.00124200 0.06769300 0.02793900
v -0.00000000 0.06754700 0.02774100
v -0.00000000 0.06754700 0.02774100
v -0.01493800 0.08266000 0.02771700
v -0.01493800 0.08266000 0.02771700
v -0.01493800 0.08266000 0.02771700
v -0.01493800 0.08266000 0.02771700
v -0.01493800 0.08266000 0.02771700
v -0.01493800 0.08266000 0.02771700
v -0.01493800 0.08266000 0.02771700
v -0.02722300 0.08265600 0.01587500
v -0.02722300 0.08265600 0.01587500
v -0.02722300 0.08265600 0.01587500
v -0.02722300 0.08265600 0.01587500
v -0.02722300 0.08265600 0.01587500
v -0.02722300 0.08265600 0.01587500
v 0.00829500 0.08266300 0.03037100
v 0.00829500 0.08266300 0.03037100
v 0.00829500 0.08266300 0.03037100
v 0.00829500 0.08266300 0.03037100
v 0.00829500 0.08266300 0.03037100
v 0.00829500 0.08266300 0.03037100
v 0.00829500 0.08266300 0.03037100
v 0.00346500 0.08264700 0.03124900
v 0.00346500 0.08264700 0.03124900
v 0.00346500 0.08264700 0.03124900
v 0.00346500 0.08264700 0.03124900
v 0.00346500 0.08264700 0.03124900
v 0.00346500 0.08264700 0.03124900
v 0.01506200 0.08265200 0.02766000
v 0.01506200 0.08265200 0.02766000
v 0.01506200 0.08265200 0.02766000
v 0.01506200 0.08265200 0.02766000
v 0.01506200 0.08265200 0.02766000
v 0.01506200 0.08265200 0.02766000
v 0.01506200 0.08265200 0.02766000
v 0.01506200 0.08265200 0.02766000
v 0.02091300 0.08264900 0.02355500
v 0.02091300 0.08264900 0.02355500
v 0.02091300 0.08264900 0.02355500
v 0.02091300 0.08264900 0.02355500
v 0.02091300 0.08264900 0.02355500
v 0.02091300 0.08264900 0.02355500
v 0.02561100 0.08264900 0.01835400
v 0.02561100 0.08264900 0.01835400
v 0.02561100 0.08264900 0.01835400
v 0.02561100 0.08264900 0.01835400
v 0.02561100 0.08264900 0.01835400
v 0.02561100 0.08264900 0.01835400
v 0.02561100 0.08264900 0.01835400
v 0.02899300 0.08263700 0.01236400
v 0.02899300 0.08263700 0.01236400
v 0.02899300 0.08263700 0.01236400
v 0.02899300 0.08263700 0.01236400
v 0.02899300 0.08263700 0.01236400
v 0.02899300 0.08263700 0.01236400
v 0.03053500 0.08264700 0.00767400
v 0.03053500 0.08264700 0.00767400
v 0.03053500 0.08264700 0.00767400
v 0.03053500 0.08264700 0.00767400
v 0.03053500 0.08264700 0.00767400
v 0.03146000 0.08264900 0.00222200
v 0.03146000 0.08264900 0.00222200
v 0.03146000 0.08264900 0.00222200
v 0.03146000 0.08264900 0.00222200
v 0.03146000 0.08264900 0.00222200
v 0.03146000 0.08264900 0.00222200
v 0.03146000 0.08264900 0.00222200
v 0.03120600 0.08263700 -0.00465500
v 0.03120600 0.08263700 -0.00465500
v 0.03120600 0.08263700 -0.00465500
v 0.03120600 0.08263700 -0.00465500
v 0.03120600 0.08263700 -0.00465500
v 0.03120600 0.08263700 -0.00465500
v 0.03006300 0.08264700 -0.00946200
v 0.03006300 0.08264700 -0.00946200
v 0.03006300 0.08264700 -0.00946200
v 0.03006300 0.08264700 -0.00946200
v 0.03006300 0.08264700 -0.00946200
v 0.03006300 0.08264700 -0.00946200
v 0.02799900 0.08264900 -0.01458500
v 0.02799900 0.08264900 -0.01458500
v 0.02799900 0.08264900 -0.01458500
v 0.02799900 0.08264900 -0.01458500
v 0.02799900 0.08264900 -0.01458500
v 0.02799900 0.08264900 -0.01458500
v 0.02799900 0.08264900 -0.01458500
v 0.02418100 0.08263700 -0.02031200
v 0.02418100 0.08263700 -0.02031200
v 0.02418100 0.08263700 -0.02031200
v 0.02418100 0.08263700 -0.02031200
v 0.02418100 0.08263700 -0.02031200
v 0.02418100 0.08263700 -0.02031200
v 0.02068700 0.08264700 -0.02381300
v 0.02068700 0.08264700 -0.02381300
v 0.02068700 0.08264700 -0.02381300
v 0.02068700 0.08264700 -0.02381300
v 0.02068700 0.08264700 -0.02381300
v 0.01625100 0.08264900 -0.02709300
v 0.01625100 0.08264900 -0.02709300
v 0.01625100 0.08264900 -0.02709300
v 0.01625100 0.08264900 -0.02709300
v 0.01625100 0.08264900 -0.02709300
v 0.01625100 0.08264900 -0.02709300
v 0.01625100 0.08264900 -0.02709300
v 0.00999700 0.08263700 -0.02997500
v 0.00999700 0.08263700 -0.02997500
v 0.00999700 0.08263700 -0.02997500
v 0.00999700 0.08263700 -0.02997500
v 0.00999700 0.08263700 -0.02997500
v -0.00030500 0.08264900 -0.03160100
v -0.00030500 0.08264900 -0.03160100
v -0.00030500 0.08264900 -0.03160100
v -0.00030500 0.08264900 -0.03160100
v -0.00030500 0.08264900 -0.03160100
v -0.00714600 0.08263700 -0.03078200
v -0.00714600 0.08263700 -0.03078200
v -0.00714600 0.08263700 -0.03078200
v -0.00714600 0.08263700 -0.03078200
v -0.00714600 0.08263700 -0.03078200
v -0.00714600 0.08263700 -0.03078200
v -0.01185400 0.08264700 -0.02924300
v -0.01185400 0.08264700 -0.02924300
v -0.01185400 0.08264700 -0.02924300
v -0.01185400 0.08264700 -0.02924300
v -0.01185400 0.08264700 -0.02924300
v -0.01185400 0.08264700 -0.02924300
v -0.01677200 0.08264900 -0.02677400
v -0.01677200 0.08264900 -0.02677400
v -0.01677200 0.08264900 -0.02677400
v -0.01677200 0.08264900 -0.02677400
v -0.01677200 0.08264900 -0.02677400
v -0.01677200 0.08264900 -0.02677400
v -0.01677200 0.08264900 -0.02677400
v -0.02217300 0.08263700 -0.02249400
v -0.02217300 0.08263700 -0.02249400
v -0.02217300 0.08263700 -0.02249400
v -0.02217300 0.08263700 -0.02249400
v -0.02217300 0.08263700 -0.02249400
v -0.02217300 0.08263700 -0.02249400
v -0.02538200 0.08264700 -0.01871400
v -0.02538200 0.08264700 -0.01871400
v -0.02538200 0.08264700 -0.01871400
v -0.02538200 0.08264700 -0.01871400
v -0.02538200 0.08264700 -0.01871400
v -0.02827600 0.08264900 -0.01404000
v -0.02827600 0.08264900 -0.01404000
v -0.02827600 0.08264900 -0.01404000
v -0.02827600 0.08264900 -0.01404000
v -0.02827600 0.08264900 -0.01404000
v -0.02827600 0.08264900 -0.01404000
v -0.02827600 0.08264900 -0.01404000
v -0.03063800 0.08263700 -0.00756400
v -0.03063800 0.08263700 -0.00756400
v -0.03063800 0.08263700 -0.00756400
v -0.03063800 0.08263700 -0.00756400
v -0.03063800 0.08263700 -0.00756400
v -0.03063800 0.08263700 -0.00756400
v -0.03139200 0.08264700 -0.00266000
v -0.03139200 0.08264700 -0.00266000
v -0.03139200 0.08264700 -0.00266000
v -0.03139200 0.08264700 -0.00266000
v -0.03139200 0.08264700 -0.00266000
v -0.03141100 0.08264900 0.00283100
v -0.03141100 0.08264900 0.00283100
v -0.03141100 0.08264900 0.00283100
v -0.03141100 0.08264900 0.00283100
v -0.03141100 0.08264900 0.00283100
v -0.03141100 0.08264900 0.00283100
v -0.03141100 0.08264900 0.00283100
v -0.02999600 0.08264900 0.00970000
v -0.02999600 0.08264900 0.00970000
v -0.02999600 0.08264900 0.00970000
v -0.02999600 0.08264900 0.00970000
v -0.02999600 0.08264900 0.00970000
v -0.02999600 0.08264900 0.00970000
v -0.02999600 0.08264900 0.00970000
v -0.02431500 0.08264700 0.01996600
v -0.02431500 0.08264700 0.01996600
v -0.02431500 0.08264700 0.01996600
v -0.02431500 0.08264700 0.01996600
v -0.02431500 0.08264700 0.01996600
v -0.02044900 0.08264900 0.02395800
v -0.02044900 0.08264900 0.02395800
v -0.02044900 0.08264900 0.02395800
v -0.02044900 0.08264900 0.02395800
v -0.02044900 0.08264900 0.02395800
v -0.02044900 0.08264900 0.02395800
v -0.02044900 0.08264900 0.02395800
v -0.00858200 0.08265500 0.03029900
v -0.00858200 0.08265500 0.03029900
v -0.00858200 0.08265500 0.03029900
v -0.00858200 0.08265500 0.03029900
v -0.00858200 0.08265500 0.03029900
v -0.00858200 0.08265500 0.03029900
v -0.00858200 0.08265500 0.03029900
v -0.00180100 0.08265100 0.03143000
v -0.00180100 0.08265100 0.03143000
v -0.00180100 0.08265100 0.03143000
v -0.00180100 0.08265100 0.03143000
v -0.00180100 0.08265100 0.03143000
v -0.00180100 0.08265100 0.03143000
v 0.01443000 0.05654800 0.02794100
v 0.01443000 0.05654800 0.02794100
v 0.01443000 0.05654800 0.02794100
v 0.01443000 0.05654800 0.02794100
v 0.01443000 0.05654800 0.02794100
v 0.01443000 0.05654800 0.02794100
v 0.01443000 0.05654800 0.02794100
v 0.01443000 0.05654800 0.02794100
v -0.01439500 0.05654700 0.02794100
v -0.01439500 0.05654700 0.02794100
v -0.01439500 0.05654700 0.02794100
v -0.01439500 0.05654700 0.02794100
v -0.01439500 0.05654700 0.02794100
v -0.01439500 0.05654700 0.02794100
v -0.01439500 0.05654700 0.02794100
v -0.01439500 0.05654700 0.02794100
v -0.01439500 0.05654700 0.02794100
v -0.01439500 0.05654700 0.02794100
v -0.01032300 0.05475500 0.02973400
v -0.01032300 0.05475500 0.02973400
v -0.01032300 0.05475500 0.02973400
v -0.01032300 0.05475500 0.02973400
v 0.01083500 0.05490900 0.02957900
v 0.01083500 0.05490900 0.02957900
v 0.01083500 0.05490900 0.02957900
v 0.01083500 0.05490900 0.02957900
v 0.01083500 0.05490900 0.02957900
v 0.01083500 0.05490900 0.02957900
v 0.01083500 0.05490900 0.02957900
v -0.00384200 0.05315100 0.03132600
v -0.00384200 0.05315100 0.03132600
v -0.00384200 0.05315100 0.03132600
v -0.00384200 0.05315100 0.03132600
v -0.00384200 0.05315100 0.03132600
v -0.00384200 0.05315100 0.03132600
v 0.00353100 0.05314300 0.03133700
v 0.00353100 0.05314300 0.03133700
v 0.00353100 0.05314300 0.03133700
v 0.00353100 0.05314300 0.03133700
v -0.00000000 0.05304800 0.03144100
v 0.01440200 0.06854800 0.02794100
v 0.01440200 0.06854800 0.02794100
v 0.01440200 0.06854800 0.02794100
v 0.01440200 0.06854800 0.02794100
v 0.01440200 0.06854800 0.02794100
v 0.01440200 0.06854800 0.02794100
v 0.01440200 0.06854800 0.02794100
v 0.01440200 0.06854800 0.02794100
v 0.01440200 0.06854800 0.02794100
v -0.01443100 0.06854700 0.02794100
v -0.01443100 0.06854700 0.02794100
v -0.01443100 0.06854700 0.02794100
v -0.01443100 0.06854700 0.02794100
v -0.01443100 0.06854700 0.02794100
v -0.01443100 0.06854700 0.02794100
v -0.01443100 0.06854700 0.02794100
v -0.01443100 0.06854700 0.02794100
v 0.01033400 0.07033600 0.02973000
v 0.01033400 0.07033600 0.02973000
v 0.01033400 0.07033600 0.02973000
v 0.01033400 0.07033600 0.02973000
v 0.01033400 0.07033600 0.02973000
v -0.01084800 0.07018100 0.02957400
v -0.01084800 0.07018100 0.02957400
v -0.01084800 0.07018100 0.02957400
v -0.01084800 0.07018100 0.02957400
v -0.01084800 0.07018100 0.02957400
v -0.01084800 0.07018100 0.02957400
v -0.01084800 0.07018100 0.02957400
v -0.00353500 0.07195200 0.03133700
v -0.00353500 0.07195200 0.03133700
v -0.00353500 0.07195200 0.03133700
v -0.00353500 0.07195200 0.03133700
v -0.00353500 0.07195200 0.03133700
v 0.00384500 0.07194400 0.03132600
v 0.00384500 0.07194400 0.03132600
v 0.00384500 0.07194400 0.03132600
v 0.00384500 0.07194400 0.03132600
v 0.00384500 0.07194400 0.03132600
v 0.00384500 0.07194400 0.03132600
v -0.00000000 0.07204700 0.03144100
v 0.01182600 0.05044800 0.02918500
v 0.01182600 0.05044800 0.02918500
v 0.01182600 0.05044800 0.02918500
v 0.01182600 0.05044800 0.02918500
v 0.01182600 0.05044800 0.02918500
v 0.01182600 0.05044800 0.02918500
v 0.01772100 0.05044800 0.02603900
v 0.01772100 0.05044800 0.02603900
v 0.01772100 0.05044800 0.02603900
v 0.01772100 0.05044800 0.02603900
v 0.01772100 0.05044800 0.02603900
v 0.01772100 0.05044800 0.02603900
v 0.01772100 0.05044800 0.02603900
v -0.00000000 0.07204700 0.03144100
v -0.00000000 0.07204700 0.03144100
v -0.00000000 0.07204700 0.03144100
v -0.01148600 0.05044800 0.02931900
v -0.01148600 0.05044800 0.02931900
v -0.01148600 0.05044800 0.02931900
v -0.01148600 0.05044800 0.02931900
v -0.01148600 0.05044800 0.02931900
v -0.01148600 0.05044800 0.02931900
v -0.01148600 0.05044800 0.02931900
v -0.01148600 0.05044800 0.02931900
v -0.01772400 0.05044700 0.02607300
v -0.01772400 0.05044700 0.02607300
v -0.01772400 0.05044700 0.02607300
v -0.01772400 0.05044700 0.02607300
v -0.01772400 0.05044700 0.02607300
v -0.01772400 0.05044700 0.02607300
v -0.01772400 0.05044700 0.02607300
v -0.01772400 0.05044700 0.02607300
v -0.00437300 0.05044800 0.03119700
v -0.00437300 0.05044800 0.03119700
v -0.00437300 0.05044800 0.03119700
v -0.00437300 0.05044800 0.03119700
v -0.00437300 0.05044800 0.03119700
v -0.00437300 0.05044800 0.03119700
v 0.00415400 0.05044800 0.03121800
v 0.00415400 0.05044800 0.03121800
v 0.00415400 0.05044800 0.03121800
v 0.00415400 0.05044800 0.03121800
v 0.00415400 0.05044800 0.03121800
v 0.00415400 0.05044800 0.03121800
v 0.00415400 0.05044800 0.03121800
v -0.00000000 0.05304800 0.03144100
v -0.00000000 0.05304800 0.03144100
v -0.00000000 0.05304800 0.03144100
v -0.02341500 0.05044800 0.02107700
v -0.02341500 0.05044800 0.02107700
v -0.02341500 0.05044800 0.02107700
v -0.02341500 0.05044800 0.02107700
v -0.02341500 0.05044800 0.02107700
v -0.02341500 0.05044800 0.02107700
v -0.02841000 0.05044800 0.01382700
v -0.02841000 0.05044800 0.01382700
v -0.02841000 0.05044800 0.01382700
v -0.02841000 0.05044800 0.01382700
v -0.02841000 0.05044800 0.01382700
v -0.03101600 0.05044800 0.00568600
v -0.03101600 0.05044800 0.00568600
v -0.03101600 0.05044800 0.00568600
v -0.03101600 0.05044800 0.00568600
v -0.03152100 0.05044800 -0.00123600
v -0.03152100 0.05044800 -0.00123600
v -0.03152100 0.05044800 -0.00123600
v -0.03152100 0.05044800 -0.00123600
v -0.03152100 0.05044800 -0.00123600
v -0.03050100 0.05044800 -0.00810100
v -0.03050100 0.05044800 -0.00810100
v -0.03050100 0.05044800 -0.00810100
v -0.03050100 0.05044800 -0.00810100
v -0.02716400 0.05044800 -0.01624700
v -0.02716400 0.05044800 -0.01624700
v -0.02716400 0.05044800 -0.01624700
v -0.02716400 0.05044800 -0.01624700
v -0.02716400 0.05044800 -0.01624700
v -0.02177300 0.05044800 -0.02288300
v -0.02177300 0.05044800 -0.02288300
v -0.02177300 0.05044800 -0.02288300
v -0.02177300 0.05044800 -0.02288300
v -0.01625500 0.05044800 -0.02709100
v -0.01625500 0.05044800 -0.02709100
v -0.01625500 0.05044800 -0.02709100
v -0.01625500 0.05044800 -0.02709100
v -0.00995000 0.05044800 -0.02999200
v -0.00995000 0.05044800 -0.02999200
v -0.00995000 0.05044800 -0.02999200
v -0.00995000 0.05044800 -0.02999200
v -0.00130500 0.05044800 -0.03165400
v -0.00130500 0.05044800 -0.03165400
v -0.00130500 0.05044800 -0.03165400
v -0.00130500 0.05044800 -0.03165400
v -0.00130500 0.05044800 -0.03165400
v 0.00902400 0.05044800 -0.03036500
v 0.00902400 0.05044800 -0.03036500
v 0.00902400 0.05044800 -0.03036500
v 0.00902400 0.05044800 -0.03036500
v 0.00902400 0.05044800 -0.03036500
v 0.01837600 0.05044800 -0.02579300
v 0.01837600 0.05044800 -0.02579300
v 0.01837600 0.05044800 -0.02579300
v 0.01837600 0.05044800 -0.02579300
v 0.01837600 0.05044800 -0.02579300
v 0.02454300 0.05044800 -0.01987300
v 0.02454300 0.05044800 -0.01987300
v 0.02454300 0.05044800 -0.01987300
v 0.02454300 0.05044800 -0.01987300
v 0.02828200 0.05044800 -0.01402600
v 0.02828200 0.05044800 -0.01402600
v 0.02828200 0.05044800 -0.01402600
v 0.02828200 0.05044800 -0.01402600
v 0.03065200 0.05044800 -0.00750300
v 0.03065200 0.05044800 -0.00750300
v 0.03065200 0.05044800 -0.00750300
v 0.03065200 0.05044800 -0.00750300
v 0.03153800 0.05044800 -0.00062000
v 0.03153800 0.05044800 -0.00062000
v 0.03153800 0.05044800 -0.00062000
v 0.03153800 0.05044800 -0.00062000
v 0.03089700 0.05044800 0.00629000
v 0.03089700 0.05044800 0.00629000
v 0.03089700 0.05044800 0.00629000
v 0.03089700 0.05044800 0.00629000
v 0.03089700 0.05044800 0.00629000
v 0.02801400 0.05044800 0.01460800
v 0.02801400 0.05044800 0.01460800
v 0.02801400 0.05044800 0.01460800
v 0.02801400 0.05044800 0.01460800
v 0.02299700 0.05044800 0.02153000
v 0.02299700 0.05044800 0.02153000
v 0.02299700 0.05044800 0.02153000
v 0.02299700 0.05044800 0.02153000
v 0.02299700 0.05044800 0.02153000
v 0.01699600 0.05044800 -0.02607400
v 0.01975400 0.05044800 -0.02404600
v 0.02227300 0.05044800 -0.02172700
v 0.02452200 0.05044800 -0.01914500
v 0.02647300 0.05044800 -0.01633200
v 0.02810200 0.05044800 -0.01332100
v 0.02939000 0.05044800 -0.01014900
v 0.03032200 0.05044800 -0.00685400
v 0.03088600 0.05044800 -0.00347700
v 0.03107400 0.05044800 -0.00005900
v 0.03088600 0.05044800 0.00336000
v 0.03032200 0.05044800 0.00673600
v 0.02939000 0.05044800 0.01003100
v 0.02810200 0.05044800 0.01320300
v 0.02647300 0.05044800 0.01621400
v 0.02452200 0.05044800 0.01902700
v 0.02227300 0.05044800 0.02160900
v 0.01975400 0.05044800 0.02392800
v 0.01975400 0.05044800 0.02392800
v 0.01699600 0.05044800 0.02595600
v 0.01403100 0.05044800 0.02766700
v 0.01403100 0.05044800 0.02766700
v 0.01403100 0.05044800 0.02766700
v 0.01089600 0.05044800 0.02904300
v 0.00762800 0.05044800 0.03006500
v 0.00762800 0.05044800 0.03006500
v 0.00762800 0.05044800 0.03006500
v 0.00426800 0.05044800 0.03072100
v 0.00085600 0.05044800 0.03100400
v 0.00085600 0.05044800 0.03100400
v -0.00000000 0.05044800 0.03144100
v -0.00256600 0.05044800 0.03090900
v -0.00256600 0.05044800 0.03090900
v -0.00595800 0.05044800 0.03043900
v -0.00927700 0.05044800 0.02959900
v -0.00927700 0.05044800 0.02959900
v -0.00927700 0.05044800 0.02959900
v -0.01248300 0.05044800 0.02839800
v -0.01248300 0.05044800 0.02839800
v -0.01553800 0.05044800 0.02685200
v -0.01553800 0.05044800 0.02685200
v -0.01840400 0.05044800 0.02498000
v -0.01840400 0.05044800 0.02498000
v -0.02104700 0.05044800 0.02280300
v -0.02104700 0.05044800 0.02280300
v -0.02104700 0.05044800 0.02280300
v -0.02343400 0.05044800 0.02034900
v -0.02553700 0.05044800 0.01764700
v -0.02733000 0.05044800 0.01473100
v -0.02879100 0.05044800 0.01163500
v -0.02879100 0.05044800 0.01163500
v -0.02990200 0.05044800 0.00839600
v -0.02990200 0.05044800 0.00839600
v -0.03065100 0.05044800 0.00505600
v -0.03102800 0.05044800 0.00165300
v -0.03102800 0.05044800 -0.00177100
v -0.03065100 0.05044800 -0.00517400
v -0.02990200 0.05044800 -0.00851400
v -0.02879100 0.05044800 -0.01175300
v -0.02732900 0.05044800 -0.01484900
v -0.02553700 0.05044800 -0.01776500
v -0.02343400 0.05044800 -0.02046700
v -0.02104600 0.05044800 -0.02292100
v -0.01840400 0.05044800 -0.02509800
v -0.01553800 0.05044800 -0.02697000
v -0.01248300 0.05044800 -0.02851600
v -0.00927700 0.05044800 -0.02971700
v -0.00595800 0.05044800 -0.03055700
v -0.00256600 0.05044800 -0.03102700
v 0.00085600 0.05044800 -0.03112200
v 0.00426800 0.05044800 -0.03083900
v 0.00762800 0.05044800 -0.03018300
v 0.01089600 0.05044800 -0.02916100
v 0.01403100 0.05044800 -0.02778500
vn -0.70210000 0.14300000 0.69760000
vn 0.99940000 -0.00860000 -0.03270000
vn 0.99980000 0.00500000 0.02160000
vn 0.98640000 -0.00080000 -0.16450000
vn -0.00000000 1.00000000 -0.00000000
vn 0.88710000 0.01090000 -0.46140000
vn 0.98640000 -0.00080000 -0.16450000
vn -0.00000000 1.00000000 -0.00000000
vn -0.69530000 -0.03290000 0.71800000
vn -0.70210000 0.14300000 0.69760000
vn -0.18990000 0.01050000 -0.98180000
vn 0.87870000 -0.03180000 -0.47640000
vn -0.69530000 -0.03290000 0.71800000
vn -0.70210000 0.14300000 0.69760000
vn -0.00000000 1.00000000 -0.00000000
vn -0.00000000 1.00000000 -0.00000000
vn 0.38490000 -0.00320000 -0.92300000
vn 0.87870000 -0.03180000 -0.47640000
vn -0.69530000 -0.03290000 0.71800000
vn 0.65700000 0.30400000 0.68990000
vn -0.34890000 -0.00070000 -0.93710000
vn 0.21650000 -0.00210000 -0.97630000
vn -0.00000000 1.00000000 -0.00000000
vn 0.23580000 0.00520000 -0.97180000
vn 0.70900000 0.05640000 0.70300000
vn 0.65700000 0.30400000 0.68990000
vn -0.34890000 -0.00070000 -0.93710000
vn -0.00000000 1.00000000 -0.00000000
vn -0.36190000 -0.00150000 -0.93220000
vn -0.96780000 0.04660000 0.24750000
vn -0.86160000 0.01280000 -0.50740000
vn -0.00000000 1.00000000 -0.00000000
vn -0.99960000 -0.02080000 -0.01990000
vn 0.65700000 0.30400000 0.68990000
vn 0.70900000 0.05640000 0.70300000
vn -0.02160000 0.00980000 0.99970000
vn -0.00000000 1.00000000 -0.00000000
vn -0.69760000 0.14300000 -0.70210000
vn 0.16520000 -0.00100000 0.98630000
vn 0.06430000 -0.00720000 0.99790000
vn 0.46140000 0.01140000 0.88710000
vn -0.71800000 -0.03300000 -0.69530000
vn -0.00000000 1.00000000 -0.00000000
vn 0.16520000 -0.00100000 0.98630000
vn -0.69760000 0.14300000 -0.70210000
vn -0.71800000 -0.03300000 -0.69530000
vn -0.69760000 0.14300000 -0.70210000
vn 0.76130000 0.04660000 0.64670000
vn 0.96800000 0.04020000 -0.24760000
vn 0.99670000 -0.02410000 0.07730000
vn -0.00000000 1.00000000 -0.00000000
vn 0.92280000 0.01900000 0.38480000
vn -0.00000000 1.00000000 -0.00000000
vn 0.76130000 0.04660000 0.64670000
vn -0.71800000 -0.03300000 -0.69530000
vn 0.02320000 0.99920000 -0.03390000
vn -0.99940000 -0.00670000 0.03470000
vn -0.94290000 0.00760000 0.33310000
vn 0.35550000 0.90860000 -0.21920000
vn -0.99990000 0.00520000 -0.01390000
vn 0.70330000 0.27050000 -0.65740000
vn 0.00750000 -0.01680000 0.99980000
vn -0.09230000 -0.00830000 0.99570000
vn 0.35550000 0.90860000 -0.21920000
vn 0.70330000 0.27050000 -0.65740000
vn -0.00000000 1.00000000 -0.00000000
vn 0.05400000 -0.01290000 0.99850000
vn -0.04670000 -0.02200000 0.99870000
vn -0.02170000 0.05170000 0.99840000
vn 0.01050000 0.05740000 0.99830000
vn -0.02840000 -0.05030000 0.99830000
vn 0.01160000 -0.05430000 0.99850000
vn -0.02170000 0.05170000 0.99840000
vn -0.15930000 0.17340000 0.97190000
vn 0.01050000 0.05740000 0.99830000
vn -0.23670000 0.45340000 0.85930000
vn -0.07940000 0.57110000 0.81700000
vn 0.11470000 0.25310000 0.96060000
vn 0.08960000 0.43950000 0.89380000
vn -0.04670000 -0.02200000 0.99870000
vn -0.15930000 0.17340000 0.97190000
vn -0.02170000 0.05170000 0.99840000
vn -0.24940000 -0.01840000 0.96820000
vn -0.34760000 0.12860000 0.92880000
vn -0.53750000 0.84120000 -0.05920000
vn -0.31160000 0.84480000 -0.43490000
vn 0.05200000 0.85600000 -0.51430000
vn 0.05060000 0.85610000 0.51440000
vn -0.38980000 0.84070000 0.37590000
vn -0.04730000 0.85620000 0.51450000
vn -0.04250000 0.85640000 -0.51460000
vn 0.37540000 0.84440000 -0.38220000
vn 0.53540000 0.84440000 -0.01910000
vn 0.37590000 0.84220000 0.38650000
vn -0.38980000 0.84070000 0.37590000
vn -0.99690000 -0.00680000 -0.07820000
vn -0.72160000 0.00660000 0.69230000
vn -0.53750000 0.84120000 -0.05920000
vn -0.99400000 0.00660000 -0.10960000
vn -0.05580000 -0.00200000 0.99840000
vn 0.00040000 0.01180000 0.99990000
vn -0.38980000 0.84070000 0.37590000
vn -0.72160000 0.00660000 0.69230000
vn -0.70980000 -0.00070000 0.70440000
vn -0.04730000 0.85620000 0.51450000
vn 0.05060000 0.85610000 0.51440000
vn 0.69960000 0.03060000 0.71380000
vn 0.37590000 0.84220000 0.38650000
vn 0.00040000 0.01180000 0.99990000
vn 0.25460000 -0.01840000 0.96690000
vn 0.05060000 0.85610000 0.51440000
vn -0.04730000 0.85620000 0.51450000
vn 0.69960000 0.03060000 0.71380000
vn 0.75610000 0.00360000 0.65450000
vn 0.37590000 0.84220000 0.38650000
vn 0.53540000 0.84440000 -0.01910000
vn 0.99870000 0.03590000 -0.03480000
vn 0.99340000 -0.01350000 0.11410000
vn 0.53540000 0.84440000 -0.01910000
vn 0.70350000 0.01440000 -0.71050000
vn 0.83290000 0.00240000 -0.55340000
vn 0.37540000 0.84440000 -0.38220000
vn 0.99870000 0.03590000 -0.03480000
vn 0.70350000 0.01440000 -0.71050000
vn 0.05200000 0.85600000 -0.51430000
vn 0.66700000 -0.00270000 -0.74500000
vn 0.02120000 -0.00090000 -0.99980000
vn 0.37540000 0.84440000 -0.38220000
vn 0.02120000 -0.00090000 -0.99980000
vn 0.01730000 -0.00210000 -0.99980000
vn -0.31160000 0.84480000 -0.43490000
vn -0.04250000 0.85640000 -0.51460000
vn -0.58410000 0.00650000 -0.81170000
vn -0.04250000 0.85640000 -0.51460000
vn 0.05200000 0.85600000 -0.51430000
vn -0.99400000 0.00660000 -0.10960000
vn -0.31160000 0.84480000 -0.43490000
vn -0.53750000 0.84120000 -0.05920000
vn -0.61150000 -0.00620000 -0.79120000
vn -0.58410000 0.00650000 -0.81170000
vn -0.81490000 -0.00430000 0.57970000
vn -0.86460000 0.02280000 0.50190000
vn -0.38980000 0.00540000 0.92090000
vn -0.00000000 1.00000000 -0.00000000
vn -0.69140000 0.00440000 -0.72250000
vn -0.23290000 -0.00490000 -0.97250000
vn -0.00000000 1.00000000 -0.00000000
vn -0.18990000 0.01050000 -0.98180000
vn 0.82250000 0.00490000 0.56870000
vn -0.00000000 1.00000000 -0.00000000
vn 0.99980000 0.00500000 0.02160000
vn 0.84040000 -0.00620000 0.54200000
vn -0.44360000 0.02880000 0.89580000
vn -0.38980000 0.00540000 0.92090000
vn 0.34420000 0.02330000 0.93860000
vn -0.04740000 -0.02830000 0.99850000
vn -0.00000000 1.00000000 -0.00000000
vn -0.92120000 -0.00980000 -0.38900000
vn -0.69140000 0.00440000 -0.72250000
vn -0.00000000 1.00000000 -0.00000000
vn -0.97420000 0.02940000 -0.22380000
vn -0.69030000 0.00480000 -0.72350000
vn -0.97420000 0.02940000 -0.22380000
vn -0.86460000 0.02280000 0.50190000
vn -0.00000000 1.00000000 -0.00000000
vn -0.99500000 -0.03130000 0.09490000
vn 0.43180000 -0.00420000 0.90200000
vn -0.00000000 1.00000000 -0.00000000
vn 0.34420000 0.02330000 0.93860000
vn 0.82250000 0.00490000 0.56870000
vn 0.88710000 0.01090000 -0.46140000
vn 0.87600000 0.00330000 -0.48220000
vn -0.00000000 1.00000000 -0.00000000
vn 0.41580000 -0.01530000 -0.90930000
vn 0.38490000 -0.00320000 -0.92300000
vn 0.70900000 0.05640000 0.70300000
vn -0.87430000 0.01660000 -0.48520000
vn -0.88250000 0.01100000 -0.47020000
vn -0.86160000 0.01280000 -0.50740000
vn -0.00000000 1.00000000 -0.00000000
vn -0.36190000 -0.00150000 -0.93220000
vn -0.43110000 -0.02550000 -0.90190000
vn -0.00000000 1.00000000 -0.00000000
vn -0.87430000 0.01660000 -0.48520000
vn 0.34420000 0.02280000 0.93860000
vn -0.00000000 1.00000000 -0.00000000
vn 0.83920000 0.00540000 0.54370000
vn 0.42940000 -0.00430000 0.90310000
vn 0.83920000 0.00540000 0.54370000
vn 0.98430000 0.01480000 -0.17600000
vn 0.84050000 0.00450000 0.54180000
vn 0.99530000 -0.01650000 -0.09590000
vn -0.00000000 1.00000000 -0.00000000
vn 0.72250000 -0.00480000 -0.69130000
vn 0.72250000 -0.00480000 -0.69140000
vn -0.00000000 1.00000000 -0.00000000
vn 0.23580000 0.00520000 -0.97180000
vn -0.07930000 -0.03130000 0.99640000
vn -0.00000000 1.00000000 -0.00000000
vn 0.34420000 0.02280000 0.93860000
vn -0.44610000 0.04100000 0.89410000
vn -0.84820000 -0.02750000 0.52900000
vn -0.96780000 0.04660000 0.24750000
vn -0.54310000 0.00400000 0.83970000
vn -0.44610000 0.04100000 0.89410000
vn -0.00000000 1.00000000 -0.00000000
vn -0.00000000 1.00000000 -0.00000000
vn 0.72250000 -0.00480000 -0.69130000
vn 0.98430000 0.01480000 -0.17600000
vn 0.46140000 0.01140000 0.88710000
vn 0.82350000 -0.02580000 0.56680000
vn 0.92280000 0.01900000 0.38480000
vn 0.45670000 0.01310000 0.88950000
vn -0.00000000 1.00000000 -0.00000000
vn -0.45700000 -0.00610000 -0.88940000
vn -0.37100000 0.02630000 -0.92830000
vn -0.00000000 1.00000000 -0.00000000
vn -0.90830000 0.00710000 -0.41840000
vn -0.56860000 0.02140000 0.82230000
vn -0.00000000 1.00000000 -0.00000000
vn -0.38950000 -0.01740000 0.92080000
vn -0.02160000 0.00980000 0.99970000
vn 0.90300000 -0.01640000 -0.42930000
vn 0.96800000 0.04020000 -0.24760000
vn -0.00000000 1.00000000 -0.00000000
vn 0.44610000 0.04100000 -0.89400000
vn 0.56710000 -0.00570000 -0.82360000
vn -0.90990000 0.00540000 -0.41490000
vn -0.93870000 0.02160000 0.34420000
vn -0.97120000 -0.01560000 0.23760000
vn -0.90830000 0.00710000 -0.41840000
vn -0.00000000 1.00000000 -0.00000000
vn -0.56860000 0.02140000 0.82230000
vn -0.72320000 -0.01360000 0.69060000
vn -0.00000000 1.00000000 -0.00000000
vn -0.93870000 0.02160000 0.34420000
vn -0.37100000 0.02630000 -0.92830000
vn -0.00000000 1.00000000 -0.00000000
vn 0.44610000 0.04100000 -0.89400000
vn 0.07930000 -0.03130000 -0.99640000
vn 0.02320000 0.99920000 -0.03390000
vn -0.94290000 0.00760000 0.33310000
vn -0.56550000 0.01680000 0.82460000
vn -0.88950000 -0.01610000 0.45660000
vn -0.09230000 -0.00830000 0.99570000
vn -0.56680000 0.01740000 0.82370000
vn -0.56550000 0.01680000 0.82460000
vn 0.02320000 0.99920000 -0.03390000
vn 0.70330000 0.27050000 -0.65740000
vn 0.91650000 0.01560000 -0.39980000
vn -0.00000000 1.00000000 -0.00000000
vn 0.88950000 -0.00610000 -0.45700000
vn 0.47060000 0.00600000 -0.88230000
vn 0.47020000 0.00590000 -0.88260000
vn 0.47060000 0.00600000 -0.88230000
vn 0.04740000 -0.00990000 -0.99880000
vn -0.12280000 0.02920000 -0.99200000
vn -0.00000000 1.00000000 -0.00000000
vn -0.00000000 1.00000000 -0.00000000
vn -0.78510000 0.02630000 -0.61880000
vn -0.43160000 -0.03100000 -0.90160000
vn -0.12280000 0.02920000 -0.99200000
vn -0.78510000 0.02630000 -0.61880000
vn -0.00000000 1.00000000 -0.00000000
vn 0.35550000 0.90860000 -0.21920000
vn -0.99990000 0.00520000 -0.01390000
vn -0.84040000 -0.00620000 -0.54200000
vn 0.52930000 -0.01470000 0.84830000
vn 0.00750000 -0.01680000 0.99980000
vn -0.00000000 1.00000000 -0.00000000
vn -0.04680000 0.00460000 0.99890000
vn 0.64460000 0.02530000 0.76410000
vn 0.83960000 -0.01590000 0.54300000
vn 0.64460000 0.02530000 0.76410000
vn -0.00000000 1.00000000 -0.00000000
vn 0.96730000 0.02290000 0.25260000
vn 0.96730000 0.02290000 0.25260000
vn 0.91650000 0.01560000 -0.39980000
vn 0.99670000 -0.01940000 0.07930000
vn -0.00000000 1.00000000 -0.00000000
vn -0.00000000 1.00000000 -0.00000000
vn -0.01070000 -0.01260000 -0.99990000
vn -0.22910000 0.00790000 -0.97340000
vn -0.00000000 1.00000000 -0.00000000
vn -0.25480000 0.03180000 -0.96650000
vn 0.02210000 0.00830000 -0.99970000
vn -0.97910000 0.03350000 0.20040000
vn -0.99440000 0.02650000 -0.10230000
vn -0.99950000 -0.02970000 -0.01260000
vn -0.00000000 1.00000000 -0.00000000
vn 0.26500000 0.00630000 -0.96420000
vn 0.23870000 -0.01300000 -0.97100000
vn 0.02210000 0.00830000 -0.99970000
vn -0.00000000 1.00000000 -0.00000000
vn -0.00000000 1.00000000 -0.00000000
vn 0.75680000 0.03470000 -0.65270000
vn 0.64950000 -0.02550000 -0.75990000
vn 0.52630000 0.02490000 -0.84990000
vn 0.48440000 -0.00400000 -0.87480000
vn 0.52630000 0.02490000 -0.84990000
vn 0.26500000 0.00630000 -0.96420000
vn -0.00000000 1.00000000 -0.00000000
vn 0.91780000 0.03400000 -0.39570000
vn 0.75680000 0.03470000 -0.65270000
vn -0.00000000 1.00000000 -0.00000000
vn 0.83450000 -0.03310000 -0.55010000
vn 0.98280000 0.00120000 0.18450000
vn 0.97960000 0.01430000 0.20050000
vn 0.99440000 0.02770000 -0.10230000
vn -0.00000000 1.00000000 -0.00000000
vn 0.99940000 -0.01530000 -0.03180000
vn 0.95850000 -0.03050000 -0.28330000
vn 0.99440000 0.02770000 -0.10230000
vn 0.91780000 0.03400000 -0.39570000
vn -0.00000000 1.00000000 -0.00000000
vn 0.89270000 -0.01550000 0.45030000
vn 0.87450000 0.01550000 0.48480000
vn 0.97960000 0.01430000 0.20050000
vn -0.00000000 1.00000000 -0.00000000
vn 0.68910000 0.01670000 0.72450000
vn 0.44050000 0.01970000 0.89760000
vn -0.00000000 1.00000000 -0.00000000
vn 0.48500000 -0.01830000 0.87430000
vn 0.71970000 -0.01710000 0.69400000
vn -0.00000000 1.00000000 -0.00000000
vn 0.68910000 0.01670000 0.72450000
vn 0.87450000 0.01550000 0.48480000
vn -0.00000000 1.00000000 -0.00000000
vn 0.20520000 -0.02190000 0.97850000
vn 0.44050000 0.01970000 0.89760000
vn 0.15150000 0.01400000 0.98840000
vn -0.24090000 -0.01630000 0.97040000
vn -0.15140000 0.02640000 0.98810000
vn -0.44050000 0.02020000 0.89750000
vn -0.00000000 1.00000000 -0.00000000
vn -0.15140000 0.02640000 0.98810000
vn 0.15150000 0.01400000 0.98840000
vn -0.00000000 1.00000000 -0.00000000
vn -0.02290000 -0.03210000 0.99920000
vn -0.47060000 -0.00520000 0.88230000
vn -0.00000000 1.00000000 -0.00000000
vn -0.68890000 0.03040000 0.72420000
vn -0.63840000 -0.01120000 0.76960000
vn -0.44050000 0.02020000 0.89750000
vn -0.95180000 -0.03440000 0.30470000
vn -0.97910000 0.03350000 0.20040000
vn -0.87420000 0.03170000 0.48460000
vn -0.00000000 1.00000000 -0.00000000
vn -0.87420000 0.03170000 0.48460000
vn -0.68890000 0.03040000 0.72420000
vn -0.81760000 -0.03060000 0.57500000
vn -0.00000000 1.00000000 -0.00000000
vn -0.75680000 0.03470000 -0.65270000
vn -0.83450000 -0.03310000 -0.55010000
vn -0.00000000 1.00000000 -0.00000000
vn -0.91780000 0.03400000 -0.39570000
vn -0.95770000 -0.02880000 -0.28640000
vn -0.00000000 1.00000000 -0.00000000
vn -0.91780000 0.03400000 -0.39570000
vn -0.99440000 0.02650000 -0.10230000
vn -0.64950000 -0.02550000 -0.75990000
vn -0.75680000 0.03470000 -0.65270000
vn -0.00000000 1.00000000 -0.00000000
vn -0.52630000 0.02490000 -0.84990000
vn -0.00000000 1.00000000 -0.00000000
vn -0.22910000 0.00790000 -0.97340000
vn -0.48440000 -0.00400000 -0.87480000
vn -0.52630000 0.02490000 -0.84990000
vn 0.99300000 0.05130000 0.10660000
vn 0.80830000 0.10050000 0.58020000
vn 0.84030000 0.03820000 0.54080000
vn 0.92000000 0.39170000 -0.01680000
vn 0.90310000 0.42820000 0.03190000
vn 0.85810000 0.45420000 0.23950000
vn 0.95950000 -0.27250000 -0.07140000
vn 0.84030000 0.03820000 0.54080000
vn 0.99300000 0.05130000 0.10660000
vn 0.79320000 -0.21460000 0.56990000
vn 0.80260000 -0.26240000 0.53570000
vn 0.95950000 -0.27250000 -0.07140000
vn 0.97240000 -0.23300000 -0.01390000
vn 0.80260000 -0.26240000 0.53570000
vn 0.82180000 -0.56380000 0.08170000
vn 0.72060000 -0.47430000 0.50570000
vn 0.72060000 -0.47430000 0.50570000
vn 0.56210000 -0.56810000 0.60110000
vn 0.51220000 -0.65070000 0.56060000
vn 0.82180000 -0.56380000 0.08170000
vn 0.72630000 -0.68720000 -0.01580000
vn 0.59220000 -0.80230000 0.07460000
vn 0.34790000 -0.73870000 0.57730000
vn 0.25030000 -0.84430000 0.47390000
vn 0.51220000 -0.65070000 0.56060000
vn 0.59220000 -0.80230000 0.07460000
vn 0.43520000 -0.90000000 0.02250000
vn 0.27100000 -0.90890000 0.31690000
vn 0.41600000 -0.90940000 -0.00210000
vn 0.43520000 -0.90000000 0.02250000
vn 0.13280000 -0.99020000 0.04420000
vn 0.27100000 -0.90890000 0.31690000
vn -0.09800000 -0.99270000 0.07100000
vn 0.13280000 -0.99020000 0.04420000
vn -0.00950000 -0.99990000 -0.01260000
vn 0.25030000 -0.84430000 0.47390000
vn 0.27100000 -0.90890000 0.31690000
vn -0.05660000 -0.82370000 0.56420000
vn -0.14330000 -0.95470000 0.26070000
vn -0.49690000 -0.82230000 0.27730000
vn -0.14330000 -0.95470000 0.26070000
vn -0.09800000 -0.99270000 0.07100000
vn -0.57440000 -0.81850000 -0.00700000
vn -0.55970000 -0.82850000 0.01620000
vn -0.48320000 -0.73520000 0.47540000
vn -0.49690000 -0.82230000 0.27730000
vn -0.57440000 -0.81850000 -0.00700000
vn -0.83450000 -0.54570000 0.07690000
vn -0.65090000 -0.48640000 0.58290000
vn -0.71270000 -0.45120000 0.53710000
vn -0.80960000 -0.18020000 0.55860000
vn -0.80490000 -0.18430000 0.56400000
vn -0.71270000 -0.45120000 0.53710000
vn -0.97250000 -0.21650000 0.08630000
vn -0.90700000 -0.41970000 -0.03560000
vn -0.83450000 -0.54570000 0.07690000
vn -0.99480000 0.10030000 -0.01790000
vn -0.80960000 -0.18020000 0.55860000
vn -0.87050000 0.12220000 0.47680000
vn -0.97250000 -0.21650000 0.08630000
vn -0.75720000 0.32330000 0.56750000
vn -0.87050000 0.12220000 0.47680000
vn -0.99190000 0.12020000 -0.04120000
vn -0.90510000 0.41030000 0.11190000
vn -0.99480000 0.10030000 -0.01790000
vn -0.77580000 0.31320000 0.54770000
vn -0.90510000 0.41030000 0.11190000
vn -0.64610000 0.58450000 0.49080000
vn -0.72090000 0.69270000 -0.02290000
vn -0.75720000 0.32330000 0.56750000
vn -0.56600000 0.82180000 0.06480000
vn -0.64610000 0.58450000 0.49080000
vn -0.42470000 0.84800000 0.31690000
vn -0.72550000 0.68800000 -0.01530000
vn -0.72090000 0.69270000 -0.02290000
vn -0.47800000 0.65360000 0.58670000
vn -0.39310000 0.78800000 0.47390000
vn -0.27510000 0.96140000 -0.01000000
vn -0.42470000 0.84800000 0.31690000
vn -0.56600000 0.82180000 0.06480000
vn -0.07090000 0.82040000 0.56730000
vn -0.39310000 0.78800000 0.47390000
vn -0.07730000 0.99500000 0.06300000
vn -0.42470000 0.84800000 0.31690000
vn -0.27510000 0.96140000 -0.01000000
vn -0.31610000 0.94850000 0.01910000
vn 0.35610000 0.83900000 0.41140000
vn 0.30850000 0.79520000 0.52200000
vn -0.07090000 0.82040000 0.56730000
vn 0.26320000 0.95970000 0.09830000
vn -0.07240000 0.82150000 0.56560000
vn -0.07730000 0.99500000 0.06300000
vn 0.02120000 0.99970000 -0.01030000
vn 0.57430000 0.79770000 0.18410000
vn 0.35610000 0.83900000 0.41140000
vn 0.26320000 0.95970000 0.09830000
vn 0.58450000 0.80920000 -0.05980000
vn 0.57430000 0.79770000 0.18410000
vn 0.85810000 0.45420000 0.23950000
vn 0.55980000 0.82860000 0.00170000
vn 0.90310000 0.42820000 0.03190000
vn 0.58450000 0.80920000 -0.05980000
vn 0.74030000 0.54640000 0.39160000
vn 0.85810000 0.45420000 0.23950000
vn 0.74030000 0.54640000 0.39160000
vn 0.80830000 0.10050000 0.58020000
vn 0.60320000 0.46900000 0.64520000
vn 0.72520000 0.14310000 0.67350000
vn 0.53200000 0.47820000 0.69880000
vn 0.60320000 0.46900000 0.64520000
vn 0.35850000 0.27610000 0.89170000
vn 0.72520000 0.14310000 0.67350000
vn 0.41180000 0.04530000 0.91010000
vn 0.05400000 -0.01290000 0.99850000
vn 0.41180000 0.04530000 0.91010000
vn 0.35850000 0.27610000 0.89170000
vn 0.01050000 0.05740000 0.99830000
vn 0.06230000 -0.01360000 0.99800000
vn 0.11470000 0.25310000 0.96060000
vn 0.42820000 0.06580000 0.90130000
vn 0.84030000 0.03820000 0.54080000
vn 0.48190000 -0.13880000 0.86520000
vn 0.72520000 0.14310000 0.67350000
vn 0.80830000 0.10050000 0.58020000
vn 0.41180000 0.04530000 0.91010000
vn 0.79320000 -0.21460000 0.56990000
vn 0.42820000 0.06580000 0.90130000
vn 0.42820000 0.06580000 0.90130000
vn 0.48190000 -0.13880000 0.86520000
vn 0.06230000 -0.01360000 0.99800000
vn 0.40560000 -0.20730000 0.89020000
vn 0.39860000 -0.33210000 0.85490000
vn 0.72060000 -0.47430000 0.50570000
vn 0.79320000 -0.21460000 0.56990000
vn 0.48190000 -0.13880000 0.86520000
vn 0.40560000 -0.20730000 0.89020000
vn 0.56210000 -0.56810000 0.60110000
vn 0.80260000 -0.26240000 0.53570000
vn 0.06230000 -0.01360000 0.99800000
vn 0.12060000 -0.35320000 0.92770000
vn 0.40560000 -0.20730000 0.89020000
vn 0.05400000 -0.01290000 0.99850000
vn 0.01160000 -0.05430000 0.99850000
vn 0.39860000 -0.33210000 0.85490000
vn 0.56210000 -0.56810000 0.60110000
vn 0.34790000 -0.73870000 0.57730000
vn 0.39860000 -0.33210000 0.85490000
vn 0.51220000 -0.65070000 0.56060000
vn 0.07910000 -0.50050000 0.86210000
vn 0.12060000 -0.35320000 0.92770000
vn 0.01810000 -0.53990000 0.84150000
vn 0.25030000 -0.84430000 0.47390000
vn -0.08530000 -0.77960000 0.62040000
vn -0.05660000 -0.82370000 0.56420000
vn 0.07910000 -0.50050000 0.86210000
vn 0.34790000 -0.73870000 0.57730000
vn 0.01810000 -0.53990000 0.84150000
vn -0.18290000 -0.30000000 0.93620000
vn 0.07910000 -0.50050000 0.86210000
vn 0.01160000 -0.05430000 0.99850000
vn -0.02840000 -0.05030000 0.99830000
vn 0.12060000 -0.35320000 0.92770000
vn -0.49690000 -0.82230000 0.27730000
vn -0.08530000 -0.77960000 0.62040000
vn -0.48320000 -0.73520000 0.47540000
vn -0.34890000 -0.71120000 0.61030000
vn -0.05660000 -0.82370000 0.56420000
vn -0.14330000 -0.95470000 0.26070000
vn -0.34950000 -0.37140000 0.86020000
vn -0.08530000 -0.77960000 0.62040000
vn 0.01810000 -0.53990000 0.84150000
vn -0.34890000 -0.71120000 0.61030000
vn -0.18290000 -0.30000000 0.93620000
vn -0.34890000 -0.71120000 0.61030000
vn -0.34950000 -0.37140000 0.86020000
vn -0.48320000 -0.73520000 0.47540000
vn -0.65090000 -0.48640000 0.58290000
vn -0.41600000 -0.35160000 0.83870000
vn -0.41600000 -0.35160000 0.83870000
vn -0.02840000 -0.05030000 0.99830000
vn -0.46320000 -0.14920000 0.87360000
vn -0.24940000 -0.01840000 0.96820000
vn -0.34950000 -0.37140000 0.86020000
vn -0.18290000 -0.30000000 0.93620000
vn -0.04670000 -0.02200000 0.99870000
vn -0.65090000 -0.48640000 0.58290000
vn -0.41600000 -0.35160000 0.83870000
vn -0.46320000 -0.14920000 0.87360000
vn -0.57700000 -0.10970000 0.80930000
vn -0.71270000 -0.45120000 0.53710000
vn -0.80490000 -0.18430000 0.56400000
vn -0.52850000 0.18600000 0.82830000
vn -0.57230000 0.23490000 0.78570000
vn -0.75720000 0.32330000 0.56750000
vn -0.87050000 0.12220000 0.47680000
vn -0.80960000 -0.18020000 0.55860000
vn -0.77580000 0.31320000 0.54770000
vn -0.57700000 -0.10970000 0.80930000
vn -0.80490000 -0.18430000 0.56400000
vn -0.57700000 -0.10970000 0.80930000
vn -0.24940000 -0.01840000 0.96820000
vn -0.34760000 0.12860000 0.92880000
vn -0.52850000 0.18600000 0.82830000
vn -0.46320000 -0.14920000 0.87360000
vn -0.34760000 0.12860000 0.92880000
vn -0.57230000 0.23490000 0.78570000
vn -0.15930000 0.17340000 0.97190000
vn -0.52850000 0.18600000 0.82830000
vn -0.37450000 0.51220000 0.77290000
vn -0.23670000 0.45340000 0.85930000
vn -0.64610000 0.58450000 0.49080000
vn -0.77580000 0.31320000 0.54770000
vn -0.57230000 0.23490000 0.78570000
vn -0.37450000 0.51220000 0.77290000
vn -0.47800000 0.65360000 0.58670000
vn -0.37450000 0.51220000 0.77290000
vn -0.07240000 0.82150000 0.56560000
vn -0.07940000 0.57110000 0.81700000
vn -0.47800000 0.65360000 0.58670000
vn -0.39310000 0.78800000 0.47390000
vn -0.23670000 0.45340000 0.85930000
vn -0.07090000 0.82040000 0.56730000
vn 0.08960000 0.43950000 0.89380000
vn -0.07240000 0.82150000 0.56560000
vn -0.07940000 0.57110000 0.81700000
vn 0.30850000 0.79520000 0.52200000
vn 0.33360000 0.69840000 0.63320000
vn 0.35610000 0.83900000 0.41140000
vn 0.53200000 0.47820000 0.69880000
vn 0.60320000 0.46900000 0.64520000
vn 0.30850000 0.79520000 0.52200000
vn 0.57430000 0.79770000 0.18410000
vn 0.33360000 0.69840000 0.63320000
vn 0.74030000 0.54640000 0.39160000
vn 0.11470000 0.25310000 0.96060000
vn 0.53200000 0.47820000 0.69880000
vn 0.08960000 0.43950000 0.89380000
vn 0.35850000 0.27610000 0.89170000
vn 0.33360000 0.69840000 0.63320000
vn 0.23640000 0.76550000 0.59840000
vn 0.04870000 0.78560000 0.61680000
vn -0.05580000 -0.00200000 0.99840000
vn 0.25460000 -0.01840000 0.96690000
vn 0.00040000 0.01180000 0.99990000
vn 0.69960000 0.03060000 0.71380000
vn -0.03460000 0.99110000 0.12850000
vn 0.02920000 0.99840000 -0.04890000
vn 0.75610000 0.00360000 0.65450000
vn 0.25460000 -0.01840000 0.96690000
vn 0.23640000 0.76550000 0.59840000
vn 0.63320000 0.49670000 0.59360000
vn 0.53640000 0.84390000 -0.01020000
vn 0.63320000 0.49670000 0.59360000
vn 0.75610000 0.00360000 0.65450000
vn 0.99340000 -0.01350000 0.11410000
vn 0.00420000 0.99990000 -0.01450000
vn 0.99340000 -0.01350000 0.11410000
vn 0.99870000 0.03590000 -0.03480000
vn 0.83290000 0.00240000 -0.55340000
vn 0.83750000 0.04260000 -0.54470000
vn 0.01760000 0.99930000 0.03310000
vn -0.01770000 0.99950000 -0.02600000
vn 0.53640000 0.84390000 -0.01020000
vn 0.35390000 0.84540000 -0.40010000
vn 0.83750000 0.04260000 -0.54470000
vn 0.83290000 0.00240000 -0.55340000
vn 0.70350000 0.01440000 -0.71050000
vn 0.66700000 -0.00270000 -0.74500000
vn 0.02120000 -0.00090000 -0.99980000
vn 0.66700000 -0.00270000 -0.74500000
vn 0.01730000 -0.00210000 -0.99980000
vn 0.35390000 0.84540000 -0.40010000
vn 0.07480000 0.70820000 -0.70210000
vn 0.25270000 0.25310000 -0.93390000
vn -0.58410000 0.00650000 -0.81170000
vn 0.01730000 -0.00210000 -0.99980000
vn -0.06520000 0.70200000 -0.70920000
vn -0.61150000 -0.00620000 -0.79120000
vn -0.42240000 0.72050000 -0.55000000
vn -0.06290000 0.70560000 -0.70580000
vn -0.42240000 0.72050000 -0.55000000
vn -0.47590000 0.64870000 -0.59390000
vn -0.61150000 -0.00620000 -0.79120000
vn -0.99400000 0.00660000 -0.10960000
vn -0.99690000 -0.00680000 -0.07820000
vn -0.70700000 0.70510000 -0.05560000
vn -0.99690000 -0.00680000 -0.07820000
vn -0.49710000 0.71050000 0.49810000
vn -0.70980000 -0.00070000 0.70440000
vn -0.70700000 0.70510000 -0.05560000
vn -0.77000000 0.63630000 -0.04800000
vn -0.72160000 0.00660000 0.69230000
vn -0.49710000 0.71050000 0.49810000
vn -0.05580000 -0.00200000 0.99840000
vn -0.70980000 -0.00070000 0.70440000
vn -0.19450000 0.33650000 0.92140000
vn -0.42490000 0.81420000 0.39570000
vn -0.07510000 0.70440000 0.70590000
vn 0.64760000 0.76160000 -0.02450000
vn 0.88710000 0.01090000 -0.46140000
vn 0.99940000 -0.00860000 -0.03270000
vn 0.68020000 0.63190000 -0.37140000
vn 0.87600000 0.00330000 -0.48220000
vn 0.98640000 -0.00080000 -0.16450000
vn 0.64760000 0.76160000 -0.02450000
vn 0.99940000 -0.00860000 -0.03270000
vn 0.84040000 -0.00620000 0.54200000
vn 0.44890000 0.84510000 0.29040000
vn 0.90060000 0.42030000 0.11110000
vn 0.99980000 0.00500000 0.02160000
vn 0.44890000 0.84510000 0.29040000
vn 0.82250000 0.00490000 0.56870000
vn 0.84040000 -0.00620000 0.54200000
vn 0.27470000 0.77660000 0.56690000
vn 0.58590000 0.30770000 0.74970000
vn 0.43180000 -0.00420000 0.90200000
vn -0.02680000 0.61110000 0.79110000
vn -0.03950000 0.65380000 0.75560000
vn 0.27470000 0.77660000 0.56690000
vn 0.34420000 0.02330000 0.93860000
vn 0.43180000 -0.00420000 0.90200000
vn -0.04740000 -0.02830000 0.99850000
vn -0.04740000 -0.02830000 0.99850000
vn -0.28840000 0.75890000 0.58380000
vn -0.03950000 0.65380000 0.75560000
vn -0.44360000 0.02880000 0.89580000
vn -0.44360000 0.02880000 0.89580000
vn -0.81490000 -0.00430000 0.57970000
vn -0.44950000 0.83410000 0.31980000
vn -0.54460000 0.42930000 0.72050000
vn -0.38980000 0.00540000 0.92090000
vn -0.28840000 0.75890000 0.58380000
vn -0.69900000 0.71210000 0.06540000
vn -0.83970000 0.52290000 0.14680000
vn -0.44950000 0.83410000 0.31980000
vn -0.99500000 -0.03130000 0.09490000
vn -0.86460000 0.02280000 0.50190000
vn -0.81490000 -0.00430000 0.57970000
vn -0.67170000 0.67060000 -0.31480000
vn -0.92120000 -0.00980000 -0.38900000
vn -0.97420000 0.02940000 -0.22380000
vn -0.69900000 0.71210000 0.06540000
vn -0.76680000 0.55460000 -0.32300000
vn -0.99500000 -0.03130000 0.09490000
vn -0.92120000 -0.00980000 -0.38900000
vn -0.69030000 0.00480000 -0.72350000
vn -0.76680000 0.55460000 -0.32300000
vn -0.41390000 0.80080000 -0.43290000
vn -0.23290000 -0.00490000 -0.97250000
vn -0.69140000 0.00440000 -0.72250000
vn -0.14200000 0.81110000 -0.56740000
vn -0.40230000 0.42830000 -0.80920000
vn -0.69030000 0.00480000 -0.72350000
vn -0.41390000 0.80080000 -0.43290000
vn 0.41580000 -0.01530000 -0.90930000
vn -0.14200000 0.81110000 -0.56740000
vn 0.18770000 0.46240000 -0.86660000
vn 0.24400000 0.81720000 -0.52220000
vn -0.23290000 -0.00490000 -0.97250000
vn 0.87870000 -0.03180000 -0.47640000
vn 0.38490000 -0.00320000 -0.92300000
vn -0.18990000 0.01050000 -0.98180000
vn 0.87600000 0.00330000 -0.48220000
vn 0.24400000 0.81720000 -0.52220000
vn 0.49660000 0.84660000 -0.19130000
vn 0.49600000 0.61530000 -0.61270000
vn 0.68020000 0.63190000 -0.37140000
vn 0.41580000 -0.01530000 -0.90930000
vn -0.43110000 -0.02550000 -0.90190000
vn 0.12720000 0.82910000 -0.54440000
vn -0.34890000 -0.00070000 -0.93710000
vn -0.12760000 0.28300000 -0.95060000
vn -0.22000000 0.86640000 -0.44820000
vn -0.36190000 -0.00150000 -0.93220000
vn 0.21650000 -0.00210000 -0.97630000
vn 0.42130000 0.81230000 -0.40330000
vn 0.72250000 -0.00480000 -0.69140000
vn 0.23580000 0.00520000 -0.97180000
vn 0.46150000 0.48810000 -0.74080000
vn 0.12720000 0.82910000 -0.54440000
vn 0.21650000 -0.00210000 -0.97630000
vn 0.72250000 -0.00480000 -0.69130000
vn 0.53410000 0.84380000 -0.05200000
vn 0.42130000 0.81230000 -0.40330000
vn 0.99530000 -0.01650000 -0.09590000
vn 0.82530000 0.42340000 -0.37370000
vn 0.98430000 0.01480000 -0.17600000
vn 0.72250000 -0.00480000 -0.69140000
vn 0.46700000 0.83110000 0.30190000
vn 0.99530000 -0.01650000 -0.09590000
vn 0.84050000 0.00450000 0.54180000
vn 0.91120000 0.34800000 0.22040000
vn 0.53410000 0.84380000 -0.05200000
vn 0.84050000 0.00450000 0.54180000
vn 0.46700000 0.83110000 0.30190000
vn 0.83920000 0.00540000 0.54370000
vn 0.42940000 -0.00430000 0.90310000
vn 0.27210000 0.77350000 0.57240000
vn 0.53150000 0.35950000 0.76700000
vn -0.07930000 -0.03130000 0.99640000
vn 0.27210000 0.77350000 0.57240000
vn 0.34420000 0.02280000 0.93860000
vn -0.05440000 0.74390000 0.66600000
vn 0.42940000 -0.00430000 0.90310000
vn -0.07930000 -0.03130000 0.99640000
vn -0.34300000 0.77410000 0.53210000
vn -0.05440000 0.74390000 0.66600000
vn -0.44610000 0.04100000 0.89410000
vn -0.15750000 0.48740000 0.85890000
vn -0.54310000 0.00400000 0.83970000
vn -0.50310000 0.80460000 0.31550000
vn -0.60490000 0.52530000 0.59840000
vn -0.84820000 -0.02750000 0.52900000
vn -0.34300000 0.77410000 0.53210000
vn -0.54310000 0.00400000 0.83970000
vn -0.86780000 0.48130000 0.12360000
vn -0.62800000 0.77800000 -0.01560000
vn -0.50310000 0.80460000 0.31550000
vn -0.99960000 -0.02080000 -0.01990000
vn -0.96780000 0.04660000 0.24750000
vn -0.84820000 -0.02750000 0.52900000
vn -0.71750000 0.61000000 -0.33630000
vn -0.62130000 0.71170000 -0.32790000
vn -0.62800000 0.77800000 -0.01560000
vn -0.99960000 -0.02080000 -0.01990000
vn -0.86160000 0.01280000 -0.50740000
vn -0.88250000 0.01100000 -0.47020000
vn -0.22000000 0.86640000 -0.44820000
vn -0.62130000 0.71170000 -0.32790000
vn -0.88250000 0.01100000 -0.47020000
vn -0.51310000 0.71030000 -0.48180000
vn -0.43110000 -0.02550000 -0.90190000
vn -0.87430000 0.01660000 -0.48520000
vn 0.03920000 0.78400000 0.61960000
vn 0.45670000 0.01310000 0.88950000
vn 0.26520000 0.42520000 0.86540000
vn 0.28780000 0.77780000 0.55880000
vn 0.16520000 -0.00100000 0.98630000
vn 0.46140000 0.01140000 0.88710000
vn 0.06430000 -0.00720000 0.99790000
vn 0.03920000 0.78400000 0.61960000
vn -0.02160000 0.00980000 0.99970000
vn -0.38950000 -0.01740000 0.92080000
vn -0.32410000 0.55690000 0.76470000
vn 0.06430000 -0.00720000 0.99790000
vn -0.32250000 0.59130000 0.73910000
vn -0.38950000 -0.01740000 0.92080000
vn -0.56860000 0.02140000 0.82230000
vn -0.72320000 -0.01360000 0.69060000
vn -0.43320000 0.80150000 0.41220000
vn -0.32410000 0.55690000 0.76470000
vn -0.72200000 0.55260000 0.41630000
vn -0.57980000 0.80190000 0.14390000
vn -0.43320000 0.80150000 0.41220000
vn -0.93870000 0.02160000 0.34420000
vn -0.72320000 -0.01360000 0.69060000
vn -0.97120000 -0.01560000 0.23760000
vn -0.97120000 -0.01560000 0.23760000
vn -0.53080000 0.81220000 -0.24200000
vn -0.57980000 0.80190000 0.14390000
vn -0.83670000 0.54600000 0.04270000
vn -0.90990000 0.00540000 -0.41490000
vn -0.90830000 0.00710000 -0.41840000
vn -0.45700000 -0.00610000 -0.88940000
vn -0.90990000 0.00540000 -0.41490000
vn -0.24350000 0.84530000 -0.47560000
vn -0.76320000 0.35490000 -0.54000000
vn -0.53080000 0.81220000 -0.24200000
vn -0.37100000 0.02630000 -0.92830000
vn -0.24350000 0.84530000 -0.47560000
vn -0.14780000 0.37270000 -0.91610000
vn 0.07930000 -0.03130000 -0.99640000
vn 0.04940000 0.79650000 -0.60270000
vn -0.45700000 -0.00610000 -0.88940000
vn 0.56710000 -0.00570000 -0.82360000
vn 0.07930000 -0.03130000 -0.99640000
vn 0.44610000 0.04100000 -0.89400000
vn 0.35390000 0.60200000 -0.71580000
vn 0.35130000 0.78350000 -0.51260000
vn 0.04940000 0.79650000 -0.60270000
vn 0.56710000 -0.00570000 -0.82360000
vn 0.90300000 -0.01640000 -0.42930000
vn 0.69660000 0.53860000 -0.47390000
vn 0.55400000 0.78980000 -0.26340000
vn 0.35130000 0.78350000 -0.51260000
vn 0.96800000 0.04020000 -0.24760000
vn 0.99670000 -0.02410000 0.07730000
vn 0.90300000 -0.01640000 -0.42930000
vn 0.67180000 0.73870000 0.05400000
vn 0.55400000 0.78980000 -0.26340000
vn 0.78160000 0.62370000 0.01100000
vn 0.82350000 -0.02580000 0.56680000
vn 0.45670000 0.01310000 0.88950000
vn 0.51500000 0.78150000 0.35210000
vn 0.28780000 0.77780000 0.55880000
vn 0.67650000 0.63020000 0.38100000
vn 0.67180000 0.73870000 0.05400000
vn 0.76130000 0.04660000 0.64670000
vn 0.82350000 -0.02580000 0.56680000
vn 0.92280000 0.01900000 0.38480000
vn 0.99670000 -0.02410000 0.07730000
vn 0.51500000 0.78150000 0.35210000
vn -0.99940000 -0.00670000 0.03470000
vn -0.88950000 -0.01610000 0.45660000
vn -0.56490000 0.77210000 0.29100000
vn -0.94290000 0.00760000 0.33310000
vn -0.76960000 0.57230000 0.28330000
vn -0.63220000 0.77450000 0.02220000
vn -0.63220000 0.77450000 0.02220000
vn -0.82880000 0.54950000 -0.10530000
vn -0.49880000 0.80440000 -0.32260000
vn -0.84040000 -0.00620000 -0.54200000
vn -0.99990000 0.00520000 -0.01390000
vn -0.99940000 -0.00670000 0.03470000
vn -0.62730000 0.53820000 -0.56280000
vn -0.27350000 0.77910000 -0.56410000
vn -0.49880000 0.80440000 -0.32260000
vn -0.84040000 -0.00620000 -0.54200000
vn -0.43160000 -0.03100000 -0.90160000
vn -0.78510000 0.02630000 -0.61880000
vn 0.04740000 -0.00990000 -0.99880000
vn -0.27350000 0.77910000 -0.56410000
vn -0.43160000 -0.03100000 -0.90160000
vn -0.12280000 0.02920000 -0.99200000
vn -0.23710000 0.55430000 -0.79790000
vn 0.03410000 0.77510000 -0.63090000
vn 0.03410000 0.77510000 -0.63090000
vn 0.22520000 0.52770000 -0.81900000
vn 0.47020000 0.00590000 -0.88260000
vn 0.04740000 -0.00990000 -0.99880000
vn 0.27800000 0.80460000 -0.52480000
vn 0.27800000 0.80460000 -0.52480000
vn 0.88950000 -0.00610000 -0.45700000
vn 0.72320000 0.43830000 -0.53380000
vn 0.47060000 0.00600000 -0.88230000
vn 0.47020000 0.00590000 -0.88260000
vn 0.53980000 0.79510000 -0.27650000
vn 0.66990000 0.74040000 0.05470000
vn 0.53980000 0.79510000 -0.27650000
vn 0.78160000 0.62370000 0.01100000
vn 0.88950000 -0.00610000 -0.45700000
vn 0.91650000 0.01560000 -0.39980000
vn 0.99670000 -0.01940000 0.07930000
vn 0.99670000 -0.01940000 0.07930000
vn 0.83960000 -0.01590000 0.54300000
vn 0.96730000 0.02290000 0.25260000
vn 0.66990000 0.74040000 0.05470000
vn 0.67740000 0.62980000 0.38010000
vn 0.56910000 0.73590000 0.36690000
vn 0.56910000 0.73590000 0.36690000
vn 0.35620000 0.74170000 0.56840000
vn 0.83960000 -0.01590000 0.54300000
vn 0.64460000 0.02530000 0.76410000
vn 0.52930000 -0.01470000 0.84830000
vn 0.52930000 -0.01470000 0.84830000
vn -0.02620000 0.86450000 0.50190000
vn -0.04680000 0.00460000 0.99890000
vn 0.37650000 0.29220000 0.87910000
vn 0.35620000 0.74170000 0.56840000
vn -0.56680000 0.01740000 0.82370000
vn -0.36680000 0.76020000 0.53620000
vn -0.88950000 -0.01610000 0.45660000
vn -0.56490000 0.77210000 0.29100000
vn -0.56550000 0.01680000 0.82460000
vn -0.02620000 0.86450000 0.50190000
vn 0.00750000 -0.01680000 0.99980000
vn -0.40750000 0.37450000 0.83280000
vn -0.04680000 0.00460000 0.99890000
vn -0.36680000 0.76020000 0.53620000
vn -0.56680000 0.01740000 0.82370000
vn -0.09230000 -0.00830000 0.99570000
vn 0.16850000 0.71400000 -0.67960000
vn 0.17130000 0.72750000 -0.66440000
vn 0.04820000 0.69970000 -0.71280000
vn -0.01070000 -0.01260000 -0.99990000
vn 0.02210000 0.00830000 -0.99970000
vn 0.23870000 -0.01300000 -0.97100000
vn 0.26500000 0.00630000 -0.96420000
vn 0.48440000 -0.00400000 -0.87480000
vn 0.33780000 0.71440000 -0.61280000
vn 0.16850000 0.71400000 -0.67960000
vn 0.23870000 -0.01300000 -0.97100000
vn 0.43320000 0.74660000 -0.50490000
vn 0.33780000 0.71440000 -0.61280000
vn 0.48440000 -0.00400000 -0.87480000
vn 0.52630000 0.02490000 -0.84990000
vn 0.38910000 0.66040000 -0.64220000
vn 0.64950000 -0.02550000 -0.75990000
vn 0.53770000 0.76500000 -0.35450000
vn 0.43320000 0.74660000 -0.50490000
vn 0.56520000 0.64020000 -0.52020000
vn 0.75680000 0.03470000 -0.65270000
vn 0.83450000 -0.03310000 -0.55010000
vn 0.64950000 -0.02550000 -0.75990000
vn 0.91780000 0.03400000 -0.39570000
vn 0.73420000 0.59530000 -0.32660000
vn 0.53770000 0.76500000 -0.35450000
vn 0.83450000 -0.03310000 -0.55010000
vn 0.95850000 -0.03050000 -0.28330000
vn 0.60620000 0.77460000 -0.18040000
vn 0.99940000 -0.01530000 -0.03180000
vn 0.60620000 0.77460000 -0.18040000
vn 0.99440000 0.02770000 -0.10230000
vn 0.95850000 -0.03050000 -0.28330000
vn 0.71280000 0.70100000 -0.02250000
vn 0.71280000 0.70100000 -0.02250000
vn 0.78950000 0.61360000 0.01000000
vn 0.98280000 0.00120000 0.18450000
vn 0.99940000 -0.01530000 -0.03180000
vn 0.62520000 0.77140000 0.11860000
vn 0.89270000 -0.01550000 0.45030000
vn 0.61710000 0.72270000 0.31130000
vn 0.69650000 0.64520000 0.31400000
vn 0.62520000 0.77140000 0.11860000
vn 0.98280000 0.00120000 0.18450000
vn 0.97960000 0.01430000 0.20050000
vn 0.52880000 0.69250000 0.49070000
vn 0.61710000 0.72270000 0.31130000
vn 0.87450000 0.01550000 0.48480000
vn 0.71970000 -0.01710000 0.69400000
vn 0.89270000 -0.01550000 0.45030000
vn 0.49700000 0.72340000 0.47920000
vn 0.68910000 0.01670000 0.72450000
vn 0.71970000 -0.01710000 0.69400000
vn 0.48500000 -0.01830000 0.87430000
vn 0.33470000 0.72760000 0.59890000
vn 0.49700000 0.72340000 0.47920000
vn 0.36550000 0.69340000 0.62100000
vn 0.20520000 -0.02190000 0.97850000
vn 0.44050000 0.01970000 0.89760000
vn 0.48500000 -0.01830000 0.87430000
vn 0.16650000 0.68670000 0.70760000
vn 0.14000000 0.72640000 0.67290000
vn 0.33470000 0.72760000 0.59890000
vn 0.04440000 0.72650000 0.68580000
vn 0.20520000 -0.02190000 0.97850000
vn 0.14000000 0.72640000 0.67290000
vn -0.02290000 -0.03210000 0.99920000
vn 0.15150000 0.01400000 0.98840000
vn -0.24090000 -0.01630000 0.97040000
vn -0.15140000 0.02640000 0.98810000
vn -0.16210000 0.73730000 0.65580000
vn -0.02290000 -0.03210000 0.99920000
vn -0.05430000 0.68620000 0.72540000
vn -0.31250000 0.74870000 0.58470000
vn -0.29680000 0.59490000 0.74700000
vn -0.44050000 0.02020000 0.89750000
vn -0.47060000 -0.00520000 0.88230000
vn -0.24090000 -0.01630000 0.97040000
vn -0.16210000 0.73730000 0.65580000
vn -0.63840000 -0.01120000 0.76960000
vn -0.31250000 0.74870000 0.58470000
vn -0.44220000 0.72060000 0.53400000
vn -0.47060000 -0.00520000 0.88230000
vn -0.81760000 -0.03060000 0.57500000
vn -0.53200000 0.76100000 0.37130000
vn -0.63840000 -0.01120000 0.76960000
vn -0.56120000 0.59140000 0.57910000
vn -0.44220000 0.72060000 0.53400000
vn -0.68890000 0.03040000 0.72420000
vn -0.81760000 -0.03060000 0.57500000
vn -0.87420000 0.03170000 0.48460000
vn -0.95180000 -0.03440000 0.30470000
vn -0.69420000 0.62920000 0.34960000
vn -0.53200000 0.76100000 0.37130000
vn -0.60650000 0.77010000 0.19790000
vn -0.99950000 -0.02970000 -0.01260000
vn -0.60650000 0.77010000 0.19790000
vn -0.97910000 0.03350000 0.20040000
vn -0.95180000 -0.03440000 0.30470000
vn -0.64940000 0.76040000 -0.01230000
vn -0.78060000 0.61420000 0.11610000
vn -0.62090000 0.76200000 -0.18410000
vn -0.95770000 -0.02880000 -0.28640000
vn -0.64940000 0.76040000 -0.01230000
vn -0.75710000 0.64380000 -0.11120000
vn -0.99440000 0.02650000 -0.10230000
vn -0.99950000 -0.02970000 -0.01260000
vn -0.69510000 0.63630000 -0.33470000
vn -0.62090000 0.76200000 -0.18410000
vn -0.95770000 -0.02880000 -0.28640000
vn -0.91780000 0.03400000 -0.39570000
vn -0.83450000 -0.03310000 -0.55010000
vn -0.53770000 0.76500000 -0.35450000
vn -0.43320000 0.74660000 -0.50490000
vn -0.75680000 0.03470000 -0.65270000
vn -0.53770000 0.76500000 -0.35450000
vn -0.83450000 -0.03310000 -0.55010000
vn -0.64950000 -0.02550000 -0.75990000
vn -0.56520000 0.64020000 -0.52020000
vn -0.38910000 0.66040000 -0.64220000
vn -0.33780000 0.71440000 -0.61280000
vn -0.48440000 -0.00400000 -0.87480000
vn -0.52630000 0.02490000 -0.84990000
vn -0.64950000 -0.02550000 -0.75990000
vn -0.43320000 0.74660000 -0.50490000
vn -0.22910000 0.00790000 -0.97340000
vn -0.25480000 0.03180000 -0.96650000
vn -0.48440000 -0.00400000 -0.87480000
vn -0.17940000 0.71470000 -0.67600000
vn -0.33780000 0.71440000 -0.61280000
vn -0.14940000 0.59400000 -0.79050000
vn 0.17420000 0.89400000 -0.41270000
vn -0.25480000 0.03180000 -0.96650000
vn -0.01070000 -0.01260000 -0.99990000
vn -0.05290000 0.70610000 -0.70610000
vn -0.17940000 0.71470000 -0.67600000
vn 0.95950000 -0.27250000 -0.07140000
vn 0.97240000 -0.23300000 -0.01390000
vn 0.92000000 0.39170000 -0.01680000
vn 0.99300000 0.05130000 0.10660000
vn 0.97030000 -0.23250000 0.06670000
vn 0.89240000 0.44710000 0.06130000
vn 0.92010000 0.39170000 -0.00070000
vn 0.99680000 0.05610000 -0.05720000
vn 0.90310000 0.42820000 0.03190000
vn 0.55980000 0.82860000 -0.00170000
vn 0.92000000 0.39170000 -0.01680000
vn 0.55980000 0.82860000 0.00170000
vn 0.55740000 0.83020000 0.00110000
vn 0.92010000 0.39170000 -0.00070000
vn 0.58450000 0.80920000 -0.05980000
vn 0.26320000 0.95970000 0.09830000
vn 0.08810000 0.99610000 0.00310000
vn 0.55980000 0.82860000 -0.00170000
vn 0.55980000 0.82860000 0.00170000
vn 0.02120000 0.99970000 -0.01030000
vn 0.02120000 0.99970000 -0.01030000
vn -0.07730000 0.99500000 0.06300000
vn -0.31590000 0.94780000 0.04440000
vn -0.31610000 0.94850000 0.01910000
vn -0.08730000 0.99620000 0.00160000
vn -0.56600000 0.82180000 0.06480000
vn -0.72550000 0.68800000 -0.01530000
vn -0.27510000 0.96140000 -0.01000000
vn -0.55930000 0.82700000 -0.05810000
vn -0.72400000 0.68660000 0.06670000
vn -0.31590000 0.94780000 0.04440000
vn -0.31610000 0.94850000 0.01910000
vn -0.72550000 0.68800000 -0.01530000
vn -0.72090000 0.69270000 -0.02290000
vn -0.99190000 0.12020000 -0.04120000
vn -0.90510000 0.41030000 0.11190000
vn -0.89130000 0.44980000 -0.05750000
vn -0.72400000 0.68660000 0.06670000
vn -0.99210000 0.12030000 -0.03540000
vn -0.99720000 0.02880000 0.06940000
vn -0.99210000 0.12030000 -0.03540000
vn -0.99190000 0.12020000 -0.04120000
vn -0.90700000 -0.41970000 -0.03560000
vn -0.97250000 -0.21650000 0.08630000
vn -0.99480000 0.10030000 -0.01790000
vn -0.90660000 -0.41950000 0.04610000
vn -0.90660000 -0.41950000 0.04610000
vn -0.83500000 -0.54710000 -0.05840000
vn -0.55970000 -0.82850000 0.01620000
vn -0.83450000 -0.54570000 0.07690000
vn -0.90700000 -0.41970000 -0.03560000
vn -0.55890000 -0.82730000 0.05600000
vn -0.08820000 -0.99610000 0.00400000
vn -0.00950000 -0.99990000 -0.01260000
vn -0.57440000 -0.81850000 -0.00700000
vn -0.55970000 -0.82850000 0.01620000
vn -0.55890000 -0.82730000 0.05600000
vn -0.09800000 -0.99270000 0.07100000
vn -0.43390000 -0.90010000 -0.04080000
vn 0.41600000 -0.90940000 -0.00210000
vn 0.08860000 -0.99610000 0.00220000
vn 0.41570000 -0.90880000 0.03420000
vn 0.13280000 -0.99020000 0.04420000
vn -0.00950000 -0.99990000 -0.01260000
vn 0.41600000 -0.90940000 -0.00210000
vn 0.55940000 -0.82720000 -0.05220000
vn 0.41570000 -0.90880000 0.03420000
vn 0.72630000 -0.68720000 -0.01580000
vn 0.59220000 -0.80230000 0.07460000
vn 0.43520000 -0.90000000 0.02250000
vn 0.72580000 -0.68670000 0.04130000
vn 0.90480000 -0.42310000 -0.04940000
vn 0.82180000 -0.56380000 0.08170000
vn 0.72630000 -0.68720000 -0.01580000
vn 0.97240000 -0.23300000 -0.01390000
vn 0.97030000 -0.23250000 0.06670000
vn 0.72580000 -0.68670000 0.04130000
vn -0.01770000 0.99950000 -0.02600000
vn 0.00030000 1.00000000 -0.00010000
vn 0.83750000 0.04260000 -0.54470000
vn 0.25270000 0.25310000 -0.93390000
vn 0.35390000 0.84540000 -0.40010000
vn 0.25270000 0.25310000 -0.93390000
vn 0.07480000 0.70820000 -0.70210000
vn -0.16200000 0.69770000 -0.69780000
vn 0.00030000 1.00000000 -0.00010000
vn -0.00000000 1.00000000 -0.00070000
vn -0.00410000 1.00000000 0.00300000
vn -0.16200000 0.69770000 -0.69780000
vn 0.07480000 0.70820000 -0.70210000
vn -0.06290000 0.70560000 -0.70580000
vn -0.06520000 0.70200000 -0.70920000
vn -0.16200000 0.69770000 -0.69780000
vn -0.06290000 0.70560000 -0.70580000
vn -0.00410000 1.00000000 0.00300000
vn -0.47590000 0.64870000 -0.59390000
vn -0.06520000 0.70200000 -0.70920000
vn -0.42240000 0.72050000 -0.55000000
vn 0.00250000 1.00000000 0.00010000
vn 0.00250000 1.00000000 0.00010000
vn -0.00020000 1.00000000 -0.00020000
vn -0.00010000 1.00000000 -0.00050000
vn -0.77000000 0.63630000 -0.04800000
vn -0.47590000 0.64870000 -0.59390000
vn -0.70700000 0.70510000 -0.05560000
vn -0.00010000 1.00000000 -0.00040000
vn -0.77000000 0.63630000 -0.04800000
vn -0.49710000 0.71050000 0.49810000
vn -0.42490000 0.81420000 0.39570000
vn -0.00020000 1.00000000 -0.00000000
vn 0.00030000 1.00000000 0.00090000
vn -0.00020000 1.00000000 -0.00020000
vn -0.42490000 0.81420000 0.39570000
vn -0.19450000 0.33650000 0.92140000
vn -0.00020000 1.00000000 -0.00060000
vn 0.00030000 1.00000000 0.00090000
vn -0.03460000 0.99110000 0.12850000
vn -0.00000000 1.00000000 0.00020000
vn -0.00020000 1.00000000 -0.00060000
vn 0.04870000 0.78560000 0.61680000
vn -0.19450000 0.33650000 0.92140000
vn -0.07510000 0.70440000 0.70590000
vn 0.23640000 0.76550000 0.59840000
vn -0.07510000 0.70440000 0.70590000
vn 0.04870000 0.78560000 0.61680000
vn 0.53640000 0.84390000 -0.01020000
vn 0.63320000 0.49670000 0.59360000
vn 0.02920000 0.99840000 -0.04890000
vn 0.00030000 1.00000000 -0.00000000
vn 0.01760000 0.99930000 0.03310000
vn -0.00110000 1.00000000 -0.00240000
vn 0.18770000 0.46240000 -0.86660000
vn 0.00050000 1.00000000 -0.00080000
vn -0.40230000 0.42830000 -0.80920000
vn -0.14200000 0.81110000 -0.56740000
vn -0.41390000 0.80080000 -0.43290000
vn -0.40230000 0.42830000 -0.80920000
vn -0.00100000 1.00000000 0.00010000
vn -0.76680000 0.55460000 -0.32300000
vn -0.00110000 1.00000000 -0.00240000
vn -0.67170000 0.67060000 -0.31480000
vn 0.00020000 1.00000000 -0.00030000
vn -0.55190000 0.66410000 0.50430000
vn -0.49440000 0.79310000 0.35560000
vn -0.45660000 0.74460000 0.48700000
vn 0.09940000 0.99130000 -0.08590000
vn 0.05210000 0.99750000 -0.04710000
vn 0.49660000 0.84660000 -0.19130000
vn 0.49600000 0.61530000 -0.61270000
vn 0.18770000 0.46240000 -0.86660000
vn 0.24400000 0.81720000 -0.52220000
vn 0.00050000 1.00000000 -0.00080000
vn 0.09940000 0.99130000 -0.08590000
vn 0.49600000 0.61530000 -0.61270000
vn 0.00080000 1.00000000 -0.00050000
vn -0.00030000 1.00000000 0.00030000
vn 0.00040000 1.00000000 -0.00000000
vn 0.00070000 1.00000000 -0.00030000
vn 0.44890000 0.84510000 0.29040000
vn 0.90060000 0.42030000 0.11110000
vn 0.58590000 0.30770000 0.74970000
vn 0.64760000 0.76160000 -0.02450000
vn 0.68020000 0.63190000 -0.37140000
vn 0.90060000 0.42030000 0.11110000
vn 0.49660000 0.84660000 -0.19130000
vn 0.05210000 0.99750000 -0.04710000
vn 0.00080000 1.00000000 -0.00050000
vn 0.00300000 0.99990000 0.01580000
vn -0.00000000 1.00000000 -0.00640000
vn -0.00000000 1.00000000 -0.00010000
vn -0.67170000 0.67060000 -0.31480000
vn -0.69900000 0.71210000 0.06540000
vn -0.00100000 1.00000000 0.00010000
vn -0.00000000 1.00000000 0.00020000
vn 0.00030000 1.00000000 -0.00000000
vn -0.83970000 0.52290000 0.14680000
vn 0.02920000 0.99840000 -0.04890000
vn -0.03460000 0.99110000 0.12850000
vn -0.00030000 1.00000000 -0.00080000
vn -0.00030000 1.00000000 -0.00080000
vn -0.54460000 0.42930000 0.72050000
vn -0.44950000 0.83410000 0.31980000
vn -0.00070000 1.00000000 0.00060000
vn 0.00050000 1.00000000 0.00040000
vn -0.83970000 0.52290000 0.14680000
vn -0.00050000 1.00000000 0.00080000
vn -0.28840000 0.75890000 0.58380000
vn -0.54460000 0.42930000 0.72050000
vn -0.03950000 0.65380000 0.75560000
vn -0.02680000 0.61110000 0.79110000
vn 0.00050000 1.00000000 0.00040000
vn -0.00010000 1.00000000 -0.00000000
vn -0.00020000 1.00000000 -0.00000000
vn -0.00020000 1.00000000 -0.00000000
vn -0.00000000 1.00000000 0.00010000
vn -0.02680000 0.61110000 0.79110000
vn 0.27470000 0.77660000 0.56690000
vn 0.58590000 0.30770000 0.74970000
vn -0.00030000 1.00000000 0.00030000
vn -0.86780000 0.48130000 0.12360000
vn -0.62800000 0.77800000 -0.01560000
vn -0.00040000 1.00000000 -0.00030000
vn -0.00020000 1.00000000 0.00030000
vn -0.71750000 0.61000000 -0.33630000
vn 0.00020000 1.00000000 0.00030000
vn -0.60490000 0.52530000 0.59840000
vn -0.50310000 0.80460000 0.31550000
vn -0.00040000 1.00000000 -0.00020000
vn -0.00030000 1.00000000 -0.00010000
vn -0.00040000 1.00000000 -0.00030000
vn -0.86780000 0.48130000 0.12360000
vn -0.00000000 1.00000000 -0.00000000
vn -0.00010000 1.00000000 -0.00000000
vn -0.00070000 1.00000000 0.00020000
vn -0.60490000 0.52530000 0.59840000
vn 0.00020000 1.00000000 0.00030000
vn -0.15750000 0.48740000 0.85890000
vn -0.34300000 0.77410000 0.53210000
vn -0.00020000 1.00000000 0.00030000
vn -0.51310000 0.71030000 -0.48180000
vn -0.62130000 0.71170000 -0.32790000
vn -0.71750000 0.61000000 -0.33630000
vn -0.71380000 0.26340000 -0.64890000
vn 0.00080000 1.00000000 -0.00030000
vn 0.82530000 0.42340000 -0.37370000
vn 0.53410000 0.84380000 -0.05200000
vn -0.00020000 1.00000000 -0.00000000
vn -0.00000000 1.00000000 0.00020000
vn 0.00030000 1.00000000 0.00090000
vn -0.00000000 1.00000000 -0.00640000
vn -0.00110000 1.00000000 0.00270000
vn 0.91120000 0.34800000 0.22040000
vn 0.00010000 1.00000000 -0.00020000
vn -0.00020000 1.00000000 -0.00060000
vn 0.82530000 0.42340000 -0.37370000
vn 0.42130000 0.81230000 -0.40330000
vn 0.00080000 1.00000000 -0.00030000
vn 0.00060000 1.00000000 -0.00030000
vn 0.46150000 0.48810000 -0.74080000
vn 0.00060000 1.00000000 -0.00030000
vn 0.46150000 0.48810000 -0.74080000
vn -0.00700000 1.00000000 -0.00320000
vn -0.12760000 0.28300000 -0.95060000
vn 0.12720000 0.82910000 -0.54440000
vn -0.22000000 0.86640000 -0.44820000
vn -0.51310000 0.71030000 -0.48180000
vn 0.48730000 0.67430000 0.55480000
vn -0.12760000 0.28300000 -0.95060000
vn 0.47490000 0.77010000 0.42600000
vn 0.37460000 0.78020000 0.50090000
vn -0.71380000 0.26340000 -0.64890000
vn -0.00700000 1.00000000 -0.00320000
vn 0.00130000 1.00000000 0.00020000
vn -0.00070000 1.00000000 0.00020000
vn -0.15750000 0.48740000 0.85890000
vn 0.53150000 0.35950000 0.76700000
vn 0.00060000 1.00000000 0.00030000
vn -0.05440000 0.74390000 0.66600000
vn 0.27210000 0.77350000 0.57240000
vn 0.53150000 0.35950000 0.76700000
vn 0.46700000 0.83110000 0.30190000
vn 0.00060000 1.00000000 0.00030000
vn 0.00020000 1.00000000 0.00040000
vn 0.00030000 1.00000000 0.00030000
vn 0.00010000 1.00000000 -0.00020000
vn 0.91120000 0.34800000 0.22040000
vn 0.04940000 0.79650000 -0.60270000
vn 0.00080000 1.00000000 -0.00010000
vn 0.00010000 1.00000000 -0.00000000
vn 0.00060000 1.00000000 -0.00010000
vn 0.35390000 0.60200000 -0.71580000
vn -0.14780000 0.37270000 -0.91610000
vn -0.76320000 0.35490000 -0.54000000
vn -0.00130000 1.00000000 -0.00040000
vn -0.00060000 1.00000000 -0.00060000
vn -0.00060000 1.00000000 -0.00000000
vn 0.00060000 1.00000000 -0.00010000
vn -0.24350000 0.84530000 -0.47560000
vn -0.14780000 0.37270000 -0.91610000
vn -0.76320000 0.35490000 -0.54000000
vn -0.53080000 0.81220000 -0.24200000
vn -0.00020000 1.00000000 -0.00020000
vn -0.83670000 0.54600000 0.04270000
vn 0.00030000 1.00000000 0.00050000
vn -0.00060000 1.00000000 -0.00000000
vn -0.00020000 1.00000000 -0.00010000
vn -0.00030000 1.00000000 -0.00040000
vn -0.83670000 0.54600000 0.04270000
vn -0.57980000 0.80190000 0.14390000
vn -0.72200000 0.55260000 0.41630000
vn 0.00030000 1.00000000 0.00050000
vn 0.67180000 0.73870000 0.05400000
vn 0.01650000 0.99970000 0.01950000
vn 0.67650000 0.63020000 0.38100000
vn 0.78160000 0.62370000 0.01100000
vn 0.00050000 1.00000000 0.00050000
vn 0.78160000 0.62370000 0.01100000
vn 0.55400000 0.78980000 -0.26340000
vn 0.69660000 0.53860000 -0.47390000
vn 0.00060000 1.00000000 0.00030000
vn 0.00050000 1.00000000 0.00050000
vn -0.00010000 1.00000000 -0.00040000
vn 0.35130000 0.78350000 -0.51260000
vn 0.35390000 0.60200000 -0.71580000
vn 0.00010000 1.00000000 -0.00000000
vn -0.00010000 1.00000000 -0.00040000
vn 0.69660000 0.53860000 -0.47390000
vn 0.00900000 0.99990000 0.00460000
vn -0.50080000 0.67730000 -0.53900000
vn -0.39520000 0.76850000 -0.50320000
vn 0.26520000 0.42520000 0.86540000
vn 0.51500000 0.78150000 0.35210000
vn 0.67650000 0.63020000 0.38100000
vn 0.28780000 0.77780000 0.55880000
vn -0.50930000 0.74710000 -0.42720000
vn 0.01650000 0.99970000 0.01950000
vn -0.00000000 1.00000000 0.00020000
vn -0.00030000 1.00000000 -0.00040000
vn -0.00010000 1.00000000 0.00010000
vn -0.72200000 0.55260000 0.41630000
vn -0.43320000 0.80150000 0.41220000
vn -0.32410000 0.55690000 0.76470000
vn -0.32250000 0.59130000 0.73910000
vn 0.00900000 0.99990000 0.00460000
vn 0.00030000 1.00000000 0.00070000
vn 0.26520000 0.42520000 0.86540000
vn 0.03920000 0.78400000 0.61960000
vn -0.32250000 0.59130000 0.73910000
vn -0.00010000 1.00000000 0.00010000
vn -0.56490000 0.77210000 0.29100000
vn 0.51460000 0.69290000 -0.50500000
vn -0.36680000 0.76020000 0.53620000
vn -0.00640000 1.00000000 0.00060000
vn 0.45440000 0.73960000 -0.49650000
vn -0.76960000 0.57230000 0.28330000
vn 0.49390000 0.77820000 -0.38790000
vn -0.40750000 0.37450000 0.83280000
vn -0.00800000 0.99990000 0.00970000
vn 0.00010000 1.00000000 -0.00030000
vn -0.00010000 1.00000000 -0.00000000
vn -0.27350000 0.77910000 -0.56410000
vn -0.00000000 1.00000000 -0.00000000
vn -0.62730000 0.53820000 -0.56280000
vn -0.23710000 0.55430000 -0.79790000
vn -0.00050000 1.00000000 0.00020000
vn 0.00010000 1.00000000 -0.00030000
vn -0.00050000 1.00000000 0.00040000
vn -0.62730000 0.53820000 -0.56280000
vn -0.82880000 0.54950000 -0.10530000
vn -0.49880000 0.80440000 -0.32260000
vn -0.63220000 0.77450000 0.02220000
vn -0.76960000 0.57230000 0.28330000
vn -0.00050000 1.00000000 0.00040000
vn -0.00800000 0.99990000 0.00970000
vn -0.82880000 0.54950000 -0.10530000
vn 0.66990000 0.74040000 0.05470000
vn -0.00060000 1.00000000 0.00050000
vn 0.67740000 0.62980000 0.38010000
vn 0.78160000 0.62370000 0.01100000
vn 0.00030000 1.00000000 -0.00020000
vn 0.78160000 0.62370000 0.01100000
vn 0.00020000 1.00000000 -0.00000000
vn -0.00060000 1.00000000 0.00050000
vn 0.00010000 1.00000000 -0.00020000
vn 0.72320000 0.43830000 -0.53380000
vn 0.53980000 0.79510000 -0.27650000
vn 0.22520000 0.52770000 -0.81900000
vn -0.00020000 1.00000000 -0.00040000
vn 0.00020000 1.00000000 -0.00030000
vn 0.27800000 0.80460000 -0.52480000
vn 0.72320000 0.43830000 -0.53380000
vn 0.00010000 1.00000000 -0.00020000
vn 0.00010000 1.00000000 -0.00000000
vn 0.03410000 0.77510000 -0.63090000
vn 0.22520000 0.52770000 -0.81900000
vn -0.23710000 0.55430000 -0.79790000
vn -0.00020000 1.00000000 -0.00040000
vn -0.00000000 1.00000000 -0.00000000
vn -0.00020000 1.00000000 -0.00000000
vn -0.40750000 0.37450000 0.83280000
vn -0.00640000 1.00000000 0.00060000
vn 0.00090000 1.00000000 -0.00000000
vn -0.02620000 0.86450000 0.50190000
vn -0.00180000 1.00000000 0.00300000
vn 0.37650000 0.29220000 0.87910000
vn 0.67740000 0.62980000 0.38010000
vn 0.37650000 0.29220000 0.87910000
vn 0.35620000 0.74170000 0.56840000
vn 0.56910000 0.73590000 0.36690000
vn 0.00090000 1.00000000 -0.00000000
vn -0.00010000 1.00000000 0.00020000
vn 0.00030000 1.00000000 -0.00020000
vn -0.04130000 0.65960000 0.75050000
vn -0.00000000 1.00000000 -0.00000000
vn -0.16210000 0.73730000 0.65580000
vn -0.29680000 0.59490000 0.74700000
vn -0.05430000 0.68620000 0.72540000
vn -0.44220000 0.72060000 0.53400000
vn -0.56120000 0.59140000 0.57910000
vn -0.00000000 1.00000000 -0.00000000
vn 0.00020000 1.00000000 -0.00000000
vn 0.00010000 1.00000000 -0.00020000
vn -0.29680000 0.59490000 0.74700000
vn -0.31250000 0.74870000 0.58470000
vn 0.00020000 1.00000000 -0.00030000
vn 0.00020000 1.00000000 -0.00030000
vn -0.00020000 1.00000000 -0.00040000
vn -0.53200000 0.76100000 0.37130000
vn 0.00010000 1.00000000 -0.00000000
vn -0.56120000 0.59140000 0.57910000
vn -0.69420000 0.62920000 0.34960000
vn -0.60650000 0.77010000 0.19790000
vn -0.69420000 0.62920000 0.34960000
vn -0.78060000 0.61420000 0.11610000
vn 0.00010000 1.00000000 -0.00000000
vn -0.00020000 1.00000000 -0.00000000
vn -0.75710000 0.64380000 -0.11120000
vn -0.78060000 0.61420000 0.11610000
vn -0.64940000 0.76040000 -0.01230000
vn 0.00130000 1.00000000 0.00020000
vn -0.00020000 1.00000000 -0.00000000
vn -0.00070000 1.00000000 0.00020000
vn -0.00010000 1.00000000 -0.00000000
vn -0.00000000 1.00000000 -0.00000000
vn -0.62090000 0.76200000 -0.18410000
vn -0.75710000 0.64380000 -0.11120000
vn 0.00060000 1.00000000 0.00030000
vn 0.00130000 1.00000000 0.00020000
vn -0.69510000 0.63630000 -0.33470000
vn -0.53770000 0.76500000 -0.35450000
vn -0.69510000 0.63630000 -0.33470000
vn -0.56520000 0.64020000 -0.52020000
vn 0.00030000 1.00000000 0.00030000
vn 0.00060000 1.00000000 0.00030000
vn -0.56520000 0.64020000 -0.52020000
vn -0.38910000 0.66040000 -0.64220000
vn 0.00030000 1.00000000 0.00030000
vn -0.43320000 0.74660000 -0.50490000
vn 0.00020000 1.00000000 0.00040000
vn -0.17940000 0.71470000 -0.67600000
vn -0.14940000 0.59400000 -0.79050000
vn 0.00020000 1.00000000 0.00040000
vn 0.00010000 1.00000000 -0.00020000
vn -0.33780000 0.71440000 -0.61280000
vn -0.00110000 1.00000000 0.00270000
vn -0.38910000 0.66040000 -0.64220000
vn 0.17420000 0.89400000 -0.41270000
vn -0.14940000 0.59400000 -0.79050000
vn 0.00300000 0.99990000 0.01580000
vn -0.00110000 1.00000000 0.00270000
vn -0.00000000 1.00000000 -0.00640000
vn -0.05290000 0.70610000 -0.70610000
vn 0.17420000 0.89400000 -0.41270000
vn 0.05290000 0.70610000 -0.70610000
vn -0.05290000 0.70610000 -0.70610000
vn 0.05290000 0.70610000 -0.70610000
vn 0.04820000 0.69970000 -0.71280000
vn 0.17130000 0.72750000 -0.66440000
vn 0.04820000 0.69970000 -0.71280000
vn 0.05290000 0.70610000 -0.70610000
vn 0.00300000 0.99990000 0.01580000
vn -0.00000000 1.00000000 -0.00010000
vn 0.33780000 0.71440000 -0.61280000
vn 0.38910000 0.66040000 -0.64220000
vn -0.00050000 1.00000000 0.00080000
vn -0.00030000 1.00000000 -0.00080000
vn -0.00000000 1.00000000 -0.00010000
vn 0.17130000 0.72750000 -0.66440000
vn 0.16850000 0.71400000 -0.67960000
vn 0.38910000 0.66040000 -0.64220000
vn -0.00050000 1.00000000 0.00080000
vn 0.56520000 0.64020000 -0.52020000
vn 0.43320000 0.74660000 -0.50490000
vn -0.00070000 1.00000000 0.00060000
vn -0.00010000 1.00000000 -0.00000000
vn -0.00070000 1.00000000 0.00060000
vn 0.56520000 0.64020000 -0.52020000
vn 0.53770000 0.76500000 -0.35450000
vn 0.00050000 1.00000000 0.00040000
vn 0.73420000 0.59530000 -0.32660000
vn 0.71280000 0.70100000 -0.02250000
vn -0.00020000 1.00000000 -0.00000000
vn 0.78950000 0.61360000 0.01000000
vn 0.73420000 0.59530000 -0.32660000
vn -0.00010000 1.00000000 -0.00000000
vn 0.00010000 1.00000000 -0.00000000
vn 0.60620000 0.77460000 -0.18040000
vn 0.00080000 1.00000000 -0.00010000
vn -0.00000000 1.00000000 0.00010000
vn 0.00060000 1.00000000 -0.00010000
vn 0.78950000 0.61360000 0.01000000
vn 0.62520000 0.77140000 0.11860000
vn 0.69650000 0.64520000 0.31400000
vn -0.00130000 1.00000000 -0.00040000
vn 0.00080000 1.00000000 -0.00010000
vn -0.00130000 1.00000000 -0.00040000
vn 0.52880000 0.69250000 0.49070000
vn 0.69650000 0.64520000 0.31400000
vn -0.00060000 1.00000000 -0.00060000
vn 0.61710000 0.72270000 0.31130000
vn 0.36550000 0.69340000 0.62100000
vn -0.00020000 1.00000000 -0.00020000
vn 0.49700000 0.72340000 0.47920000
vn -0.00060000 1.00000000 -0.00060000
vn 0.52880000 0.69250000 0.49070000
vn -0.00060000 1.00000000 -0.00000000
vn 0.36550000 0.69340000 0.62100000
vn -0.00020000 1.00000000 -0.00020000
vn -0.00020000 1.00000000 -0.00010000
vn -0.00000000 1.00000000 -0.00000000
vn 0.33470000 0.72760000 0.59890000
vn 0.16650000 0.68670000 0.70760000
vn 0.16650000 0.68670000 0.70760000
vn 0.14000000 0.72640000 0.67290000
vn -0.00000000 1.00000000 -0.00000000
vn -0.04130000 0.65960000 0.75050000
vn 0.04440000 0.72650000 0.68580000
vn 0.04440000 0.72650000 0.68580000
vn -0.04130000 0.65960000 0.75050000
vn -0.05430000 0.68620000 0.72540000
vn -0.08730000 0.99620000 0.00160000
vn -0.00210000 0.99920000 -0.03940000
vn 0.08810000 0.99610000 0.00310000
vn 0.01590000 -0.99930000 -0.03280000
vn 0.08860000 -0.99610000 0.00220000
vn -0.08820000 -0.99610000 0.00400000
vn 0.37460000 0.78020000 0.50090000
vn -0.00700000 1.00000000 -0.00320000
vn 0.00080000 1.00000000 -0.00030000
vn 0.24880000 0.76290000 0.59670000
vn 0.37000000 0.62500000 0.68740000
vn -0.00020000 1.00000000 -0.00020000
vn -0.00020000 1.00000000 -0.00000000
vn 0.00060000 1.00000000 -0.00030000
vn -0.00010000 1.00000000 -0.00040000
vn 0.00020000 1.00000000 -0.00030000
vn -0.29180000 0.63530000 0.71500000
vn -0.30470000 0.78100000 0.54510000
vn -0.18460000 0.75590000 0.62810000
vn -0.00100000 1.00000000 0.00010000
vn 0.01760000 0.99930000 0.03310000
vn 0.00030000 1.00000000 -0.00000000
vn 0.00420000 0.99990000 -0.01450000
vn 0.24880000 0.76290000 0.59670000
vn -0.00010000 1.00000000 -0.00050000
vn 0.11250000 0.77650000 0.62000000
vn 0.21270000 0.64380000 0.73500000
vn -0.00010000 1.00000000 -0.00040000
vn -0.03160000 0.76860000 0.63890000
vn 0.11250000 0.77650000 0.62000000
vn 0.04000000 0.63260000 0.77340000
vn -0.00010000 1.00000000 -0.00050000
vn -0.00000000 1.00000000 -0.00070000
vn 0.00250000 1.00000000 0.00010000
vn -0.00410000 1.00000000 0.00300000
vn -0.01770000 0.99950000 -0.02600000
vn 0.00420000 0.99990000 -0.01450000
vn -0.13380000 0.61320000 0.77850000
vn -0.18460000 0.75590000 0.62810000
vn -0.03160000 0.76860000 0.63890000
vn 0.00030000 1.00000000 -0.00010000
vn -0.00000000 1.00000000 -0.00070000
vn -0.49440000 0.79310000 0.35560000
vn 0.00070000 1.00000000 -0.00030000
vn -0.67630000 0.62560000 0.38890000
vn -0.62200000 0.75350000 0.21270000
vn 0.00080000 1.00000000 -0.00050000
vn 0.05210000 0.99750000 -0.04710000
vn -0.62200000 0.75350000 0.21270000
vn -0.68930000 0.72280000 0.04950000
vn -0.69010000 0.69150000 0.21350000
vn 0.00070000 1.00000000 -0.00030000
vn 0.00040000 1.00000000 -0.00000000
vn -0.00000000 1.00000000 0.00010000
vn 0.00010000 1.00000000 -0.00000000
vn -0.68930000 0.72280000 0.04950000
vn -0.76310000 0.63730000 -0.10720000
vn 0.00040000 1.00000000 -0.00000000
vn -0.00030000 1.00000000 0.00030000
vn -0.60970000 0.78130000 -0.13380000
vn -0.67380000 0.73700000 0.05210000
vn 0.09940000 0.99130000 -0.08590000
vn -0.00110000 1.00000000 -0.00240000
vn 0.00050000 1.00000000 -0.00080000
vn -0.45660000 0.74460000 0.48700000
vn 0.00020000 1.00000000 -0.00030000
vn -0.44520000 0.62600000 0.64020000
vn -0.30470000 0.78100000 0.54510000
vn 0.64310000 0.61580000 0.45530000
vn -0.00020000 1.00000000 0.00030000
vn -0.00040000 1.00000000 -0.00020000
vn 0.47490000 0.77010000 0.42600000
vn -0.71380000 0.26340000 -0.64890000
vn 0.54430000 0.78000000 0.30880000
vn -0.00040000 1.00000000 -0.00030000
vn -0.00030000 1.00000000 -0.00010000
vn 0.72730000 0.64100000 0.24530000
vn 0.63240000 0.75350000 0.17970000
vn 0.54430000 0.78000000 0.30880000
vn -0.00040000 1.00000000 -0.00020000
vn -0.00010000 1.00000000 -0.00000000
vn 0.63100000 0.77580000 -0.00820000
vn 0.00020000 1.00000000 0.00030000
vn 0.63240000 0.75350000 0.17970000
vn 0.76280000 0.64170000 0.07890000
vn -0.00030000 1.00000000 -0.00010000
vn -0.39520000 0.76850000 -0.50320000
vn 0.00900000 0.99990000 0.00460000
vn -0.27610000 0.76620000 -0.58020000
vn 0.00030000 1.00000000 0.00070000
vn -0.40330000 0.63530000 -0.65860000
vn -0.00000000 1.00000000 0.00010000
vn -0.07090000 0.60430000 -0.79360000
vn -0.13660000 0.75590000 -0.64030000
vn 0.00590000 0.78740000 -0.61640000
vn -0.00010000 1.00000000 0.00010000
vn -0.00000000 1.00000000 0.00010000
vn -0.13660000 0.75590000 -0.64030000
vn 0.00030000 1.00000000 0.00070000
vn -0.00000000 1.00000000 0.00020000
vn -0.25290000 0.61320000 -0.74840000
vn -0.27610000 0.76620000 -0.58020000
vn -0.57890000 0.76300000 -0.28770000
vn 0.00060000 1.00000000 0.00030000
vn 0.00010000 1.00000000 -0.00000000
vn -0.00010000 1.00000000 -0.00040000
vn -0.74070000 0.60290000 -0.29650000
vn -0.60970000 0.78130000 -0.13380000
vn 0.00050000 1.00000000 0.00050000
vn -0.60170000 0.65610000 -0.45560000
vn -0.50930000 0.74710000 -0.42720000
vn 0.01650000 0.99970000 0.01950000
vn -0.57890000 0.76300000 -0.28770000
vn 0.00060000 1.00000000 0.00030000
vn 0.00020000 1.00000000 -0.00000000
vn 0.00030000 1.00000000 -0.00020000
vn -0.00020000 1.00000000 -0.00010000
vn -0.00000000 1.00000000 -0.00000000
vn 0.00590000 0.78740000 -0.61640000
vn -0.00000000 1.00000000 0.00010000
vn -0.00000000 1.00000000 0.00020000
vn -0.00010000 1.00000000 0.00020000
vn -0.00060000 1.00000000 0.00050000
vn 0.00030000 1.00000000 0.00050000
vn -0.00030000 1.00000000 -0.00040000
vn 0.16160000 0.59690000 -0.78590000
vn 0.17980000 0.78830000 -0.58840000
vn -0.00640000 1.00000000 0.00060000
vn -0.00180000 1.00000000 0.00300000
vn 0.44690000 0.66840000 -0.59460000
vn 0.33200000 0.76680000 -0.54940000
vn 0.45440000 0.73960000 -0.49650000
vn -0.00010000 1.00000000 0.00020000
vn 0.33290000 0.63240000 -0.69950000
vn 0.17980000 0.78830000 -0.58840000
vn 0.33200000 0.76680000 -0.54940000
vn -0.00180000 1.00000000 0.00300000
vn 0.00090000 1.00000000 -0.00000000
vn 0.65390000 0.62560000 -0.42550000
vn 0.49390000 0.77820000 -0.38790000
vn 0.60300000 0.76470000 -0.22730000
vn -0.00800000 0.99990000 0.00970000
vn -0.00050000 1.00000000 0.00040000
vn -0.00050000 1.00000000 0.00020000
vn -0.00050000 1.00000000 0.00020000
vn 0.68030000 0.69370000 -0.23680000
vn 0.00010000 1.00000000 -0.00030000
vn 0.63100000 0.77580000 -0.00820000
vn 0.60300000 0.76470000 -0.22730000
vn -0.00010000 1.00000000 -0.00000000
vn 0.75160000 0.65760000 -0.05150000
vn -0.00000000 1.00000000 -0.00000000
vn 0.99470000 0.09820000 0.03140000
vn 0.99680000 0.05610000 -0.05720000
vn 0.90480000 -0.42310000 -0.04940000
vn 0.90580000 -0.42360000 -0.00890000
vn 0.99840000 0.05620000 -0.00480000
vn 0.97030000 -0.23250000 0.06670000
vn 0.90480000 -0.42310000 -0.04940000
vn 0.90580000 -0.42360000 -0.00890000
vn 0.94590000 -0.30660000 0.10580000
vn 0.72580000 -0.68670000 0.04130000
vn 0.55940000 -0.82720000 -0.05220000
vn 0.55850000 -0.82580000 0.07820000
vn 0.71910000 -0.69460000 -0.02300000
vn 0.01590000 -0.99930000 -0.03280000
vn 0.08860000 -0.99610000 0.00220000
vn 0.55940000 -0.82720000 -0.05220000
vn 0.41570000 -0.90880000 0.03420000
vn 0.09060000 -0.99590000 -0.00210000
vn 0.40640000 -0.91370000 -0.00690000
vn 0.55850000 -0.82580000 0.07820000
vn -0.08820000 -0.99610000 0.00400000
vn -0.43390000 -0.90010000 -0.04080000
vn -0.08600000 -0.99630000 -0.00310000
vn -0.43400000 -0.90040000 0.02950000
vn 0.01590000 -0.99930000 -0.03280000
vn -0.83630000 -0.54790000 0.02090000
vn -0.44910000 -0.89330000 0.01780000
vn -0.43400000 -0.90040000 0.02950000
vn -0.43390000 -0.90010000 -0.04080000
vn -0.55890000 -0.82730000 0.05600000
vn -0.83500000 -0.54710000 -0.05840000
vn -0.90660000 -0.41950000 0.04610000
vn -0.99720000 0.02880000 0.06940000
vn -0.80030000 -0.59430000 0.07910000
vn -0.96510000 -0.26020000 -0.02990000
vn -0.83630000 -0.54790000 0.02090000
vn -0.99820000 0.02880000 0.05340000
vn -0.99210000 0.12030000 -0.03540000
vn -0.83500000 -0.54710000 -0.05840000
vn -0.89130000 0.44980000 -0.05750000
vn -0.99720000 0.02880000 0.06940000
vn -0.99820000 0.02880000 0.05340000
vn -0.89150000 0.44990000 0.05330000
vn -0.99290000 0.11870000 0.00130000
vn -0.89150000 0.44990000 0.05330000
vn -0.55970000 0.82760000 0.04200000
vn -0.89130000 0.44980000 -0.05750000
vn -0.72400000 0.68660000 0.06670000
vn -0.55930000 0.82700000 -0.05810000
vn -0.83470000 0.55050000 -0.01260000
vn -0.08730000 0.99620000 0.00160000
vn -0.55970000 0.82760000 0.04200000
vn -0.53770000 0.84290000 0.02020000
vn -0.09060000 0.99590000 -0.00080000
vn -0.55930000 0.82700000 -0.05810000
vn -0.00210000 0.99920000 -0.03940000
vn -0.31590000 0.94780000 0.04440000
vn 0.00440000 0.99990000 -0.01140000
vn 0.55710000 0.82970000 0.03540000
vn 0.08810000 0.99610000 0.00310000
vn -0.00210000 0.99920000 -0.03940000
vn 0.55980000 0.82860000 -0.00170000
vn 0.55740000 0.83020000 0.00110000
vn 0.08810000 0.99160000 -0.09460000
vn 0.84860000 0.52900000 -0.00190000
vn 0.92010000 0.39170000 -0.00070000
vn 0.89240000 0.44710000 0.06130000
vn 0.54810000 0.83520000 0.04470000
vn 0.55740000 0.83020000 0.00110000
vn 0.55710000 0.82970000 0.03540000
vn 0.89280000 0.44730000 0.05230000
vn 0.99680000 0.05610000 -0.05720000
vn 0.99840000 0.05620000 -0.00480000
vn 0.89280000 0.44730000 0.05230000
vn 0.89240000 0.44710000 0.06130000
vn 0.64310000 0.61580000 0.45530000
vn 0.48730000 0.67430000 0.55480000
vn 0.81590000 0.02460000 0.57760000
vn 0.75340000 -0.01750000 0.65730000
vn 0.65870000 0.01730000 0.75220000
vn 0.47490000 0.77010000 0.42600000
vn 0.04000000 0.63260000 0.77340000
vn 0.13000000 -0.01630000 0.99140000
vn 0.21270000 0.64380000 0.73500000
vn 0.11250000 0.77650000 0.62000000
vn 0.05440000 0.02040000 0.99830000
vn 0.27310000 0.01430000 0.96190000
vn 0.21270000 0.64380000 0.73500000
vn 0.24880000 0.76290000 0.59670000
vn 0.37000000 0.62500000 0.68740000
vn 0.27310000 0.01430000 0.96190000
vn 0.31040000 -0.01340000 0.95050000
vn 0.47690000 0.01250000 0.87890000
vn 0.37460000 0.78020000 0.50090000
vn 0.37000000 0.62500000 0.68740000
vn 0.48730000 0.67430000 0.55480000
vn 0.65870000 0.01730000 0.75220000
vn 0.62990000 -0.00800000 0.77670000
vn 0.47690000 0.01250000 0.87890000
vn 0.49530000 -0.00420000 0.86870000
vn 0.63100000 0.77580000 -0.00820000
vn 0.99970000 -0.01070000 0.02080000
vn 0.99470000 0.01120000 0.10260000
vn 0.75160000 0.65760000 -0.05150000
vn 0.76280000 0.64170000 0.07890000
vn 0.99760000 0.02330000 -0.06450000
vn 0.72730000 0.64100000 0.24530000
vn 0.63240000 0.75350000 0.17970000
vn 0.98550000 -0.01820000 0.16880000
vn 0.76280000 0.64170000 0.07890000
vn 0.99470000 0.01120000 0.10260000
vn 0.94720000 0.02590000 0.31950000
vn 0.72730000 0.64100000 0.24530000
vn 0.84100000 -0.00700000 0.54110000
vn 0.81590000 0.02460000 0.57760000
vn 0.93090000 -0.01650000 0.36480000
vn 0.94720000 0.02590000 0.31950000
vn 0.54430000 0.78000000 0.30880000
vn 0.64310000 0.61580000 0.45530000
vn 0.51460000 0.69290000 -0.50500000
vn 0.65390000 0.62560000 -0.42550000
vn 0.49390000 0.77820000 -0.38790000
vn 0.83880000 0.02070000 -0.54410000
vn 0.74590000 -0.02280000 -0.66570000
vn 0.71180000 0.00960000 -0.70240000
vn 0.60300000 0.76470000 -0.22730000
vn 0.92810000 -0.00480000 -0.37220000
vn 0.94300000 0.02750000 -0.33170000
vn 0.86270000 -0.00830000 -0.50560000
vn 0.83880000 0.02070000 -0.54410000
vn 0.68030000 0.69370000 -0.23680000
vn 0.65390000 0.62560000 -0.42550000
vn 0.99760000 0.02330000 -0.06450000
vn 0.75160000 0.65760000 -0.05150000
vn 0.68030000 0.69370000 -0.23680000
vn 0.94300000 0.02750000 -0.33170000
vn 0.98360000 -0.03680000 -0.17650000
vn 0.51460000 0.69290000 -0.50500000
vn 0.45440000 0.73960000 -0.49650000
vn 0.71180000 0.00960000 -0.70240000
vn 0.44690000 0.66840000 -0.59460000
vn 0.60100000 0.00010000 -0.79930000
vn 0.40750000 -0.00470000 -0.91320000
vn 0.16160000 0.59690000 -0.78590000
vn 0.17980000 0.78830000 -0.58840000
vn 0.20270000 0.01930000 -0.97910000
vn 0.42820000 0.01320000 -0.90360000
vn 0.33290000 0.63240000 -0.69950000
vn 0.23330000 -0.00780000 -0.97240000
vn 0.44690000 0.66840000 -0.59460000
vn 0.33290000 0.63240000 -0.69950000
vn 0.58540000 -0.01430000 -0.81060000
vn 0.42820000 0.01320000 -0.90360000
vn 0.60100000 0.00010000 -0.79930000
vn 0.33200000 0.76680000 -0.54940000
vn -0.32140000 0.02070000 -0.94670000
vn -0.08780000 0.03030000 -0.99570000
vn -0.25290000 0.61320000 -0.74840000
vn -0.07090000 0.60430000 -0.79360000
vn -0.13660000 0.75590000 -0.64030000
vn -0.25430000 -0.02460000 -0.96680000
vn 0.20270000 0.01930000 -0.97910000
vn -0.00600000 -0.03820000 -0.99930000
vn 0.16160000 0.59690000 -0.78590000
vn -0.08780000 0.03030000 -0.99570000
vn -0.07090000 0.60430000 -0.79360000
vn 0.00590000 0.78740000 -0.61640000
vn -0.52080000 0.01860000 -0.85350000
vn -0.40330000 0.63530000 -0.65860000
vn -0.39520000 0.76850000 -0.50320000
vn -0.50080000 0.67730000 -0.53900000
vn -0.57470000 -0.01290000 -0.81820000
vn -0.68250000 0.01190000 -0.73080000
vn -0.25290000 0.61320000 -0.74840000
vn -0.52080000 0.01860000 -0.85350000
vn -0.44710000 -0.01810000 -0.89430000
vn -0.27610000 0.76620000 -0.58020000
vn -0.40330000 0.63530000 -0.65860000
vn -0.32140000 0.02070000 -0.94670000
vn -0.79470000 0.02310000 -0.60650000
vn -0.68250000 0.01190000 -0.73080000
vn -0.50080000 0.67730000 -0.53900000
vn -0.72470000 -0.01980000 -0.68870000
vn -0.50930000 0.74710000 -0.42720000
vn -0.60170000 0.65610000 -0.45560000
vn -0.76310000 0.63730000 -0.10720000
vn -0.67380000 0.73700000 0.05210000
vn -0.99660000 0.02060000 0.07920000
vn -0.98990000 0.02060000 -0.14060000
vn -0.99970000 -0.02240000 0.01290000
vn -0.97810000 -0.02310000 -0.20710000
vn -0.74070000 0.60290000 -0.29650000
vn -0.92900000 0.02580000 -0.36920000
vn -0.76310000 0.63730000 -0.10720000
vn -0.98990000 0.02060000 -0.14060000
vn -0.60970000 0.78130000 -0.13380000
vn -0.57890000 0.76300000 -0.28770000
vn -0.92900000 0.02580000 -0.36920000
vn -0.79470000 0.02310000 -0.60650000
vn -0.60170000 0.65610000 -0.45560000
vn -0.74070000 0.60290000 -0.29650000
vn -0.84890000 -0.02790000 -0.52780000
vn -0.91810000 0.00060000 -0.39640000
vn -0.49440000 0.79310000 0.35560000
vn -0.86750000 0.01910000 0.49700000
vn -0.55190000 0.66410000 0.50430000
vn -0.67630000 0.62560000 0.38890000
vn -0.73680000 0.01630000 0.67590000
vn -0.82570000 -0.01720000 0.56390000
vn -0.62200000 0.75350000 0.21270000
vn -0.95510000 0.02140000 0.29550000
vn -0.67630000 0.62560000 0.38890000
vn -0.69010000 0.69150000 0.21350000
vn -0.86750000 0.01910000 0.49700000
vn -0.90620000 -0.01980000 0.42240000
vn -0.95510000 0.02140000 0.29550000
vn -0.99660000 0.02060000 0.07920000
vn -0.68930000 0.72280000 0.04950000
vn -0.69010000 0.69150000 0.21350000
vn -0.67380000 0.73700000 0.05210000
vn -0.97340000 -0.02200000 0.22810000
vn -0.57110000 0.01220000 0.82080000
vn -0.55190000 0.66410000 0.50430000
vn -0.44520000 0.62600000 0.64020000
vn -0.45660000 0.74460000 0.48700000
vn -0.70760000 -0.01360000 0.70650000
vn -0.73680000 0.01630000 0.67590000
vn -0.29180000 0.63530000 0.71500000
vn -0.18460000 0.75590000 0.62810000
vn -0.13380000 0.61320000 0.77850000
vn -0.37930000 0.01560000 0.92510000
vn -0.16790000 0.02160000 0.98560000
vn -0.23310000 -0.01980000 0.97230000
vn -0.37930000 0.01560000 0.92510000
vn -0.57110000 0.01220000 0.82080000
vn -0.44520000 0.62600000 0.64020000
vn -0.30470000 0.78100000 0.54510000
vn -0.55110000 -0.00630000 0.83440000
vn -0.40830000 -0.00620000 0.91280000
vn -0.29180000 0.63530000 0.71500000
vn -0.03270000 -0.01990000 0.99930000
vn -0.16790000 0.02160000 0.98560000
vn 0.05440000 0.02040000 0.99830000
vn 0.04000000 0.63260000 0.77340000
vn -0.03160000 0.76860000 0.63890000
vn -0.13380000 0.61320000 0.77850000
vn 0.00340000 -0.99910000 -0.04290000
vn -0.08600000 -0.99630000 -0.00310000
vn 0.09060000 -0.99590000 -0.00210000
vn 0.08810000 0.99160000 -0.09460000
vn -0.09060000 0.99590000 -0.00080000
vn -0.04940000 -0.42170000 0.90540000
vn 0.08100000 -0.78890000 0.60920000
vn 0.13000000 -0.01630000 0.99140000
vn 0.05440000 0.02040000 0.99830000
vn -0.02300000 -0.67790000 0.73480000
vn -0.03270000 -0.01990000 0.99930000
vn 0.14730000 -0.69720000 0.70160000
vn 0.31040000 -0.01340000 0.95050000
vn 0.13000000 -0.01630000 0.99140000
vn 0.27310000 0.01430000 0.96190000
vn 0.08100000 -0.78890000 0.60920000
vn 0.08410000 -0.45770000 0.88510000
vn 0.26700000 -0.50390000 0.82150000
vn 0.47690000 0.01250000 0.87890000
vn 0.31040000 -0.01340000 0.95050000
vn 0.49530000 -0.00420000 0.86870000
vn 0.42920000 -0.50130000 0.75130000
vn 0.26700000 -0.50390000 0.82150000
vn 0.30190000 -0.71320000 0.63270000
vn 0.25600000 -0.64540000 0.71960000
vn 0.39500000 -0.70060000 0.59420000
vn 0.42920000 -0.50130000 0.75130000
vn 0.62990000 -0.00800000 0.77670000
vn 0.49530000 -0.00420000 0.86870000
vn 0.54220000 -0.51030000 0.66750000
vn 0.63620000 -0.53470000 0.55620000
vn 0.62990000 -0.00800000 0.77670000
vn 0.75340000 -0.01750000 0.65730000
vn 0.65870000 0.01730000 0.75220000
vn 0.48040000 -0.70780000 0.51780000
vn 0.54220000 -0.51030000 0.66750000
vn 0.66270000 -0.61700000 0.42440000
vn 0.63620000 -0.53470000 0.55620000
vn 0.57930000 -0.66750000 0.46770000
vn 0.75340000 -0.01750000 0.65730000
vn 0.81590000 0.02460000 0.57760000
vn 0.84100000 -0.00700000 0.54110000
vn 0.65180000 -0.69550000 0.30240000
vn 0.66270000 -0.61700000 0.42440000
vn 0.84100000 -0.00700000 0.54110000
vn 0.67740000 -0.59000000 0.43940000
vn 0.83920000 -0.43310000 0.32890000
vn 0.93090000 -0.01650000 0.36480000
vn 0.66920000 -0.71910000 0.18740000
vn 0.84110000 -0.52110000 0.14530000
vn 0.94720000 0.02590000 0.31950000
vn 0.83920000 -0.43310000 0.32890000
vn 0.93090000 -0.01650000 0.36480000
vn 0.98550000 -0.01820000 0.16880000
vn 0.84110000 -0.52110000 0.14530000
vn 0.84720000 -0.53100000 0.01620000
vn 0.71700000 -0.69170000 0.08640000
vn 0.98550000 -0.01820000 0.16880000
vn 0.99970000 -0.01070000 0.02080000
vn 0.99470000 0.01120000 0.10260000
vn 0.79860000 -0.58990000 -0.11930000
vn 0.84720000 -0.53100000 0.01620000
vn 0.99760000 0.02330000 -0.06450000
vn 0.99970000 -0.01070000 0.02080000
vn 0.98360000 -0.03680000 -0.17650000
vn 0.88570000 -0.43630000 -0.15890000
vn 0.72030000 -0.69320000 -0.02350000
vn 0.79180000 -0.52260000 -0.31620000
vn 0.66500000 -0.72320000 -0.18650000
vn 0.98360000 -0.03680000 -0.17650000
vn 0.94300000 0.02750000 -0.33170000
vn 0.92810000 -0.00480000 -0.37220000
vn 0.88570000 -0.43630000 -0.15890000
vn 0.86270000 -0.00830000 -0.50560000
vn 0.92810000 -0.00480000 -0.37220000
vn 0.79180000 -0.52260000 -0.31620000
vn 0.68200000 -0.66480000 -0.30480000
vn 0.67570000 -0.62050000 -0.39800000
vn 0.67570000 -0.62050000 -0.39800000
vn 0.86270000 -0.00830000 -0.50560000
vn 0.74590000 -0.02280000 -0.66570000
vn 0.70420000 -0.58180000 -0.40690000
vn 0.83880000 0.02070000 -0.54410000
vn 0.56340000 -0.69800000 -0.44200000
vn 0.67360000 -0.43010000 -0.60110000
vn 0.58540000 -0.01430000 -0.81060000
vn 0.67360000 -0.43010000 -0.60110000
vn 0.47140000 -0.71830000 -0.51180000
vn 0.60100000 0.00010000 -0.79930000
vn 0.71180000 0.00960000 -0.70240000
vn 0.74590000 -0.02280000 -0.66570000
vn 0.51120000 -0.49110000 -0.70530000
vn 0.51120000 -0.49110000 -0.70530000
vn 0.42820000 0.01320000 -0.90360000
vn 0.40750000 -0.00470000 -0.91320000
vn 0.58540000 -0.01430000 -0.81060000
vn 0.44390000 -0.62280000 -0.64420000
vn 0.33360000 -0.71370000 -0.61590000
vn 0.35140000 -0.50370000 -0.78920000
vn 0.20640000 -0.46290000 -0.86210000
vn 0.40750000 -0.00470000 -0.91320000
vn 0.35140000 -0.50370000 -0.78920000
vn 0.23330000 -0.00780000 -0.97240000
vn 0.24930000 -0.69990000 -0.66940000
vn 0.04000000 -0.63030000 -0.77530000
vn 0.20640000 -0.46290000 -0.86210000
vn 0.04280000 -0.65760000 -0.75210000
vn 0.23330000 -0.00780000 -0.97240000
vn 0.20270000 0.01930000 -0.97910000
vn -0.00600000 -0.03820000 -0.99930000
vn 0.13970000 -0.68000000 -0.71980000
vn -0.15970000 -0.64600000 -0.74640000
vn -0.03500000 -0.62110000 -0.78290000
vn -0.08780000 0.03030000 -0.99570000
vn -0.00600000 -0.03820000 -0.99930000
vn -0.05070000 -0.69670000 -0.71560000
vn -0.25430000 -0.02460000 -0.96680000
vn -0.04130000 -0.70650000 -0.70650000
vn -0.23140000 -0.41640000 -0.87920000
vn -0.23140000 -0.41640000 -0.87920000
vn -0.44710000 -0.01810000 -0.89430000
vn -0.32140000 0.02070000 -0.94670000
vn -0.37830000 -0.52830000 -0.76010000
vn -0.25430000 -0.02460000 -0.96680000
vn -0.24230000 -0.71860000 -0.65190000
vn -0.44710000 -0.01810000 -0.89430000
vn -0.44840000 -0.62920000 -0.63480000
vn -0.35980000 -0.65440000 -0.66500000
vn -0.52080000 0.01860000 -0.85350000
vn -0.37830000 -0.52830000 -0.76010000
vn -0.57470000 -0.01290000 -0.81820000
vn -0.46600000 -0.56870000 -0.67780000
vn -0.44840000 -0.62920000 -0.63480000
vn -0.57470000 -0.01290000 -0.81820000
vn -0.48270000 -0.70120000 -0.52470000
vn -0.72470000 -0.01980000 -0.68870000
vn -0.68250000 0.01190000 -0.73080000
vn -0.65560000 -0.42640000 -0.62310000
vn -0.65560000 -0.42640000 -0.62310000
vn -0.54830000 -0.71690000 -0.43070000
vn -0.84890000 -0.02790000 -0.52780000
vn -0.71950000 -0.52960000 -0.44910000
vn -0.79470000 0.02310000 -0.60650000
vn -0.72470000 -0.01980000 -0.68870000
vn -0.70560000 -0.64090000 -0.30230000
vn -0.65470000 -0.65410000 -0.37890000
vn -0.84890000 -0.02790000 -0.52780000
vn -0.71950000 -0.52960000 -0.44910000
vn -0.91810000 0.00060000 -0.39640000
vn -0.68480000 -0.70220000 -0.19490000
vn -0.70560000 -0.64090000 -0.30230000
vn -0.92900000 0.02580000 -0.36920000
vn -0.75530000 -0.56150000 -0.33800000
vn -0.88620000 -0.42370000 -0.18770000
vn -0.91810000 0.00060000 -0.39640000
vn -0.97810000 -0.02310000 -0.20710000
vn -0.97810000 -0.02310000 -0.20710000
vn -0.98990000 0.02060000 -0.14060000
vn -0.99970000 -0.02240000 0.01290000
vn -0.69010000 -0.71940000 -0.07970000
vn -0.87090000 -0.49140000 0.01120000
vn -0.88620000 -0.42370000 -0.18770000
vn -0.99660000 0.02060000 0.07920000
vn -0.97340000 -0.02200000 0.22810000
vn -0.82340000 -0.56700000 0.02070000
vn -0.87090000 -0.49140000 0.01120000
vn -0.70600000 -0.70200000 0.09340000
vn -0.85720000 -0.47480000 0.19940000
vn -0.99970000 -0.02240000 0.01290000
vn -0.90620000 -0.01980000 0.42240000
vn -0.85720000 -0.47480000 0.19940000
vn -0.71300000 -0.61680000 0.33340000
vn -0.69760000 -0.68930000 0.19520000
vn -0.97340000 -0.02200000 0.22810000
vn -0.95510000 0.02140000 0.29550000
vn -0.90620000 -0.01980000 0.42240000
vn -0.86750000 0.01910000 0.49700000
vn -0.72890000 -0.59580000 0.33730000
vn -0.82570000 -0.01720000 0.56390000
vn -0.62700000 -0.65000000 0.42930000
vn -0.71300000 -0.61680000 0.33340000
vn -0.62700000 -0.65000000 0.42930000
vn -0.70760000 -0.01360000 0.70650000
vn -0.82570000 -0.01720000 0.56390000
vn -0.55790000 -0.69750000 0.44960000
vn -0.73020000 -0.49340000 0.47260000
vn -0.61400000 -0.49950000 0.61120000
vn -0.73680000 0.01630000 0.67590000
vn -0.43180000 -0.61950000 0.65560000
vn -0.49400000 -0.68750000 0.53230000
vn -0.55110000 -0.00630000 0.83440000
vn -0.61400000 -0.49950000 0.61120000
vn -0.57110000 0.01220000 0.82080000
vn -0.70760000 -0.01360000 0.70650000
vn -0.43180000 -0.61950000 0.65560000
vn -0.40830000 -0.00620000 0.91280000
vn -0.55110000 -0.00630000 0.83440000
vn -0.30840000 -0.65300000 0.69170000
vn -0.44660000 -0.59230000 0.67060000
vn -0.37930000 0.01560000 0.92510000
vn -0.23310000 -0.01980000 0.97230000
vn -0.20290000 -0.50170000 0.84090000
vn -0.37700000 -0.48760000 0.78740000
vn -0.30840000 -0.65300000 0.69170000
vn -0.40830000 -0.00620000 0.91280000
vn -0.24090000 -0.69740000 0.67500000
vn -0.02300000 -0.67790000 0.73480000
vn -0.03270000 -0.01990000 0.99930000
vn -0.20290000 -0.50170000 0.84090000
vn -0.16790000 0.02160000 0.98560000
vn -0.10850000 -0.76900000 0.63000000
vn -0.23310000 -0.01980000 0.97230000
vn -0.75330000 0.24440000 0.61060000
vn -0.49620000 -0.04850000 0.86690000
vn 0.99470000 0.09820000 0.03140000
vn 0.90580000 -0.42360000 -0.00890000
vn -0.97130000 0.23450000 0.04080000
vn 0.94590000 -0.30660000 0.10580000
vn -0.75330000 0.24440000 0.61060000
vn -0.41130000 0.41900000 0.80950000
vn 0.94590000 -0.30660000 0.10580000
vn 0.71910000 -0.69460000 -0.02300000
vn 0.55850000 -0.82580000 0.07820000
vn 0.40640000 -0.91370000 -0.00690000
vn -0.41130000 0.41900000 0.80950000
vn -0.03480000 -0.11280000 0.99300000
vn 0.00900000 0.16700000 0.98590000
vn -0.33640000 0.79870000 -0.49890000
vn 0.71910000 -0.69460000 -0.02300000
vn -0.03730000 0.41820000 0.90760000
vn -0.12600000 0.77290000 0.62190000
vn -0.33640000 0.79870000 -0.49890000
vn 0.00340000 -0.99910000 -0.04290000
vn 0.40640000 -0.91370000 -0.00690000
vn 0.09060000 -0.99590000 -0.00210000
vn -0.44910000 -0.89330000 0.01780000
vn 0.09880000 0.61820000 0.77980000
vn 0.00340000 -0.99910000 -0.04290000
vn -0.43400000 -0.90040000 0.02950000
vn 0.03930000 0.45820000 0.88800000
vn 0.22700000 0.44840000 0.86450000
vn -0.08600000 -0.99630000 -0.00310000
vn -0.83630000 -0.54790000 0.02090000
vn -0.80030000 -0.59430000 0.07910000
vn 0.22700000 0.44840000 0.86450000
vn 0.47100000 0.34970000 0.80990000
vn 0.65610000 0.75320000 -0.04780000
vn -0.44910000 -0.89330000 0.01780000
vn 0.85870000 0.22410000 0.46090000
vn 0.47100000 0.34970000 0.80990000
vn 0.88500000 0.23860000 0.39980000
vn -0.96510000 -0.26020000 -0.02990000
vn -0.80030000 -0.59430000 0.07910000
vn 0.88500000 0.23860000 0.39980000
vn -0.99820000 0.02880000 0.05340000
vn -0.96510000 -0.26020000 -0.02990000
vn 0.51450000 -0.06150000 0.85530000
vn -0.99290000 0.11870000 0.00130000
vn 0.50360000 -0.33210000 0.79760000
vn 0.90940000 -0.39680000 -0.12490000
vn -0.83470000 0.55050000 -0.01260000
vn -0.89150000 0.44990000 0.05330000
vn -0.99290000 0.11870000 0.00130000
vn 0.51450000 -0.06150000 0.85530000
vn 0.36090000 -0.56390000 0.74280000
vn -0.55970000 0.82760000 0.04200000
vn -0.83470000 0.55050000 -0.01260000
vn -0.53770000 0.84290000 0.02020000
vn 0.50360000 -0.33210000 0.79760000
vn 0.00440000 0.99990000 -0.01140000
vn 0.17330000 -0.53660000 -0.82590000
vn 0.36090000 -0.56390000 0.74280000
vn -0.53770000 0.84290000 0.02020000
vn 0.08810000 0.99160000 -0.09460000
vn -0.09060000 0.99590000 -0.00080000
vn 0.03740000 -0.43090000 0.90160000
vn -0.04040000 -0.44050000 0.89690000
vn 0.00440000 0.99990000 -0.01140000
vn 0.54810000 0.83520000 0.04470000
vn -0.07980000 -0.59060000 0.80300000
vn -0.51930000 -0.77070000 0.36920000
vn 0.55710000 0.82970000 0.03540000
vn 0.54810000 0.83520000 0.04470000
vn -0.02880000 0.04840000 0.99840000
vn 0.00640000 -0.10040000 0.99490000
vn 0.84860000 0.52900000 -0.00190000
vn -0.51930000 -0.77070000 0.36920000
vn -0.78580000 -0.47580000 -0.39510000
vn 0.89280000 0.44730000 0.05230000
vn 0.99470000 0.09820000 0.03140000
vn 0.84860000 0.52900000 -0.00190000
vn 0.99840000 0.05620000 -0.00480000
vn -0.78580000 -0.47580000 -0.39510000
vn -0.49620000 -0.04850000 0.86690000
vn 0.44390000 -0.62280000 -0.64420000
vn 0.51120000 -0.49110000 -0.70530000
vn 0.50870000 0.51800000 -0.68760000
vn 0.47140000 -0.71830000 -0.51180000
vn 0.42130000 0.66640000 -0.61510000
vn 0.49600000 0.68470000 -0.53410000
vn 0.49600000 0.68470000 -0.53410000
vn 0.67360000 -0.43010000 -0.60110000
vn 0.56340000 -0.69800000 -0.44200000
vn 0.47140000 -0.71830000 -0.51180000
vn 0.55030000 0.71210000 -0.43600000
vn 0.58870000 0.55690000 -0.58590000
vn 0.68200000 -0.66480000 -0.30480000
vn 0.70420000 -0.58180000 -0.40690000
vn 0.67570000 -0.62050000 -0.39800000
vn 0.68710000 0.65950000 -0.30510000
vn 0.63850000 0.67460000 -0.37040000
vn 0.79070000 0.55370000 0.26130000
vn 0.83920000 -0.43310000 0.32890000
vn 0.63730000 0.71310000 0.29190000
vn 0.69930000 0.68660000 0.19890000
vn 0.65180000 -0.69550000 0.30240000
vn 0.66920000 -0.71910000 0.18740000
vn 0.62230000 0.67150000 0.40230000
vn 0.58130000 0.66310000 0.47160000
vn 0.66270000 -0.61700000 0.42440000
vn 0.67740000 -0.59000000 0.43940000
vn 0.57930000 -0.66750000 0.46770000
vn 0.33370000 0.44510000 0.83100000
vn 0.30190000 -0.71320000 0.63270000
vn 0.25600000 -0.64540000 0.71960000
vn 0.25460000 0.64450000 0.72090000
vn 0.31910000 0.67500000 0.66530000
vn 0.25600000 -0.64540000 0.71960000
vn 0.14730000 -0.69720000 0.70160000
vn 0.26700000 -0.50390000 0.82150000
vn 0.15330000 0.67400000 0.72270000
vn 0.25460000 0.64450000 0.72090000
vn 0.08410000 -0.45770000 0.88510000
vn 0.14560000 0.56660000 0.81110000
vn 0.06790000 0.67500000 0.73470000
vn 0.15330000 0.67400000 0.72270000
vn 0.14730000 -0.69720000 0.70160000
vn 0.11030000 -0.09010000 0.98980000
vn -0.02300000 -0.67790000 0.73480000
vn -0.04940000 -0.42170000 0.90540000
vn -0.03510000 -0.39530000 0.91790000
vn -0.19230000 -0.35600000 0.91450000
vn -0.10850000 -0.76900000 0.63000000
vn -0.04070000 -0.49950000 0.86530000
vn 0.11030000 -0.09010000 0.98980000
vn 0.08410000 -0.45770000 0.88510000
vn -0.04940000 -0.42170000 0.90540000
vn 0.08100000 -0.78890000 0.60920000
vn -0.15570000 -0.86870000 0.47020000
vn -0.25110000 0.66000000 0.70800000
vn -0.14040000 0.65880000 0.73910000
vn -0.20290000 -0.50170000 0.84090000
vn -0.10850000 -0.76900000 0.63000000
vn -0.19230000 -0.35600000 0.91450000
vn -0.24090000 -0.69740000 0.67500000
vn -0.25110000 0.66000000 0.70800000
vn -0.31770000 0.68010000 0.66070000
vn -0.37700000 -0.48760000 0.78740000
vn -0.33050000 0.47640000 0.81470000
vn -0.24090000 -0.69740000 0.67500000
vn -0.61400000 -0.49950000 0.61120000
vn -0.55790000 -0.69750000 0.44960000
vn -0.49400000 -0.68750000 0.53230000
vn -0.61920000 0.50720000 0.59950000
vn -0.47500000 0.71290000 0.51600000
vn -0.57750000 0.66950000 0.46720000
vn -0.61410000 0.68260000 0.39610000
vn -0.57750000 0.66950000 0.46720000
vn -0.55790000 -0.69750000 0.44960000
vn -0.73020000 -0.49340000 0.47260000
vn -0.68000000 0.55050000 0.48430000
vn -0.72890000 -0.59580000 0.33730000
vn -0.67390000 0.71360000 0.19150000
vn -0.76760000 0.53520000 0.35260000
vn -0.71300000 -0.61680000 0.33340000
vn -0.69760000 -0.68930000 0.19520000
vn -0.66450000 0.68610000 -0.29610000
vn -0.67860000 0.70960000 -0.18970000
vn -0.68480000 -0.70220000 -0.19490000
vn -0.84670000 0.43390000 -0.30800000
vn -0.75530000 -0.56150000 -0.33800000
vn 0.13970000 -0.68000000 -0.71980000
vn 0.17480000 0.53660000 -0.82550000
vn 0.04280000 -0.65760000 -0.75210000
vn 0.04640000 -0.62730000 -0.77740000
vn 0.04790000 0.36860000 -0.92840000
vn 0.01880000 0.61790000 -0.78600000
vn -0.04520000 -0.15810000 -0.98640000
vn 0.04280000 -0.65760000 -0.75210000
vn 0.04000000 -0.63030000 -0.77530000
vn 0.04640000 -0.62730000 -0.77740000
vn -0.08640000 -0.70440000 -0.70450000
vn -0.08640000 -0.70440000 -0.70450000
vn 0.04000000 -0.63030000 -0.77530000
vn -0.04130000 -0.70650000 -0.70650000
vn -0.04130000 -0.70650000 -0.70650000
vn -0.08640000 -0.70440000 -0.70450000
vn -0.03500000 -0.62110000 -0.78290000
vn -0.10700000 -0.43010000 -0.89640000
vn -0.04520000 -0.15810000 -0.98640000
vn -0.05070000 -0.69670000 -0.71560000
vn -0.03500000 -0.62110000 -0.78290000
vn -0.15970000 -0.64600000 -0.74640000
vn -0.11280000 -0.10590000 -0.98800000
vn -0.05070000 -0.69670000 -0.71560000
vn -0.10700000 -0.43010000 -0.89640000
vn -0.10360000 0.50270000 -0.85820000
vn -0.14630000 0.70250000 -0.69640000
vn -0.04800000 0.72510000 -0.68700000
vn -0.05200000 -0.62060000 0.78240000
vn -0.04040000 -0.44050000 0.89690000
vn -0.07980000 -0.59060000 0.80300000
vn -0.00800000 -0.83100000 0.55630000
vn -0.00800000 -0.83100000 0.55630000
vn 0.03740000 -0.43090000 0.90160000
vn -0.04040000 -0.44050000 0.89690000
vn -0.02910000 -0.53610000 0.84370000
vn 0.17330000 -0.53660000 -0.82590000
vn 0.07120000 -0.96230000 0.26260000
vn 0.02230000 0.09980000 0.99480000
vn -0.00800000 -0.83100000 0.55630000
vn 0.03740000 -0.43090000 0.90160000
vn 0.02260000 0.68730000 0.72600000
vn 0.03930000 0.45820000 0.88800000
vn 0.09880000 0.61820000 0.77980000
vn 0.06230000 0.73810000 0.67180000
vn 0.02260000 0.68730000 0.72600000
vn -0.03730000 0.41820000 0.90760000
vn 0.03930000 0.45820000 0.88800000
vn 0.20480000 0.37930000 0.90230000
vn -0.04400000 0.70650000 0.70640000
vn -0.12600000 0.77290000 0.62190000
vn -0.03730000 0.41820000 0.90760000
vn 0.02260000 0.68730000 0.72600000
vn -0.76760000 0.53520000 0.35260000
vn -0.73020000 -0.49340000 0.47260000
vn -0.62700000 -0.65000000 0.42930000
vn -0.61410000 0.68260000 0.39610000
vn -0.72890000 -0.59580000 0.33730000
vn -0.73160000 0.59770000 0.32790000
vn -0.04070000 -0.49950000 0.86530000
vn -0.15570000 -0.86870000 0.47020000
vn -0.25620000 0.56040000 -0.78760000
vn -0.15970000 -0.64600000 -0.74640000
vn -0.24230000 -0.71860000 -0.65190000
vn -0.25150000 0.68170000 -0.68710000
vn -0.14630000 0.70250000 -0.69640000
vn -0.23140000 -0.41640000 -0.87920000
vn 0.14080000 0.94260000 0.30280000
vn -0.11280000 -0.10590000 -0.98800000
vn 0.04640000 -0.62730000 -0.77740000
vn 0.01880000 0.61790000 -0.78600000
vn -0.10700000 -0.43010000 -0.89640000
vn -0.04520000 -0.15810000 -0.98640000
vn -0.03510000 -0.39530000 0.91790000
vn 0.06790000 0.67500000 0.73470000
vn -0.15570000 -0.86870000 0.47020000
vn -0.04070000 -0.49950000 0.86530000
vn 0.11030000 -0.09010000 0.98980000
vn -0.02790000 0.75560000 0.65440000
vn 0.02940000 0.52960000 0.84770000
vn -0.02790000 0.75560000 0.65440000
vn -0.19230000 -0.35600000 0.91450000
vn -0.03510000 -0.39530000 0.91790000
vn -0.14030000 0.51930000 0.84300000
vn -0.14040000 0.65880000 0.73910000
vn 0.39500000 -0.70060000 0.59420000
vn 0.30190000 -0.71320000 0.63270000
vn 0.42920000 -0.50130000 0.75130000
vn 0.31910000 0.67500000 0.66530000
vn 0.43490000 0.62520000 0.64810000
vn 0.49870000 0.49660000 0.71040000
vn 0.46680000 0.72420000 0.50750000
vn 0.54220000 -0.51030000 0.66750000
vn 0.43490000 0.62520000 0.64810000
vn 0.39500000 -0.70060000 0.59420000
vn 0.48040000 -0.70780000 0.51780000
vn 0.66940000 0.43170000 0.60470000
vn 0.46680000 0.72420000 0.50750000
vn 0.63620000 -0.53470000 0.55620000
vn 0.48040000 -0.70780000 0.51780000
vn 0.57930000 -0.66750000 0.46770000
vn 0.58130000 0.66310000 0.47160000
vn 0.67740000 -0.59000000 0.43940000
vn 0.62230000 0.67150000 0.40230000
vn 0.78510000 0.43350000 0.44240000
vn 0.63730000 0.71310000 0.29190000
vn 0.65180000 -0.69550000 0.30240000
vn 0.70030000 0.70920000 0.08150000
vn 0.69930000 0.68660000 0.19890000
vn 0.84110000 -0.52110000 0.14530000
vn 0.66920000 -0.71910000 0.18740000
vn 0.84550000 0.51430000 0.14360000
vn 0.71700000 -0.69170000 0.08640000
vn 0.70030000 0.70920000 0.08150000
vn 0.82370000 0.56630000 -0.02740000
vn 0.84720000 -0.53100000 0.01620000
vn 0.72030000 -0.69320000 -0.02350000
vn 0.71700000 -0.69170000 0.08640000
vn 0.73200000 0.67420000 -0.09840000
vn 0.82370000 0.56630000 -0.02740000
vn 0.79860000 -0.58990000 -0.11930000
vn 0.72030000 -0.69320000 -0.02350000
vn 0.84400000 0.53540000 -0.03220000
vn 0.82800000 0.52550000 -0.19560000
vn 0.70700000 0.67750000 -0.20290000
vn 0.79860000 -0.58990000 -0.11930000
vn 0.73200000 0.67420000 -0.09840000
vn 0.88570000 -0.43630000 -0.15890000
vn 0.66500000 -0.72320000 -0.18650000
vn 0.68200000 -0.66480000 -0.30480000
vn 0.66500000 -0.72320000 -0.18650000
vn 0.70700000 0.67750000 -0.20290000
vn 0.79450000 0.51610000 -0.31990000
vn 0.68710000 0.65950000 -0.30510000
vn 0.79180000 -0.52260000 -0.31620000
vn 0.56340000 -0.69800000 -0.44200000
vn 0.63850000 0.67460000 -0.37040000
vn 0.55030000 0.71210000 -0.43600000
vn 0.70420000 -0.58180000 -0.40690000
vn 0.74940000 0.43340000 -0.50050000
vn 0.33360000 -0.71370000 -0.61590000
vn 0.44390000 -0.62280000 -0.64420000
vn 0.42130000 0.66640000 -0.61510000
vn 0.34840000 0.68960000 -0.63490000
vn 0.37710000 0.43040000 -0.82010000
vn 0.34840000 0.68960000 -0.63490000
vn 0.35140000 -0.50370000 -0.78920000
vn 0.33360000 -0.71370000 -0.61590000
vn 0.24150000 0.71120000 -0.66020000
vn 0.24930000 -0.69990000 -0.66940000
vn 0.17980000 0.51190000 -0.84000000
vn 0.24150000 0.71120000 -0.66020000
vn 0.13970000 -0.68000000 -0.71980000
vn 0.24930000 -0.69990000 -0.66940000
vn 0.17480000 0.53660000 -0.82550000
vn 0.20640000 -0.46290000 -0.86210000
vn 0.04790000 0.36860000 -0.92840000
vn 0.12380000 -0.00290000 -0.99230000
vn 0.17480000 0.53660000 -0.82550000
vn 0.17980000 0.51190000 -0.84000000
vn 0.04700000 0.69550000 -0.71700000
vn 0.11860000 -0.00200000 -0.99290000
vn 0.18410000 0.00630000 -0.98290000
vn 0.14080000 0.94260000 0.30280000
vn 0.04790000 0.36860000 -0.92840000
vn 0.01880000 0.61790000 -0.78600000
vn -0.37830000 -0.52830000 -0.76010000
vn -0.24230000 -0.71860000 -0.65190000
vn -0.35980000 -0.65440000 -0.66500000
vn -0.25150000 0.68170000 -0.68710000
vn -0.35890000 0.66350000 -0.65650000
vn -0.38350000 0.51870000 -0.76420000
vn -0.35890000 0.66350000 -0.65650000
vn -0.40660000 0.69250000 -0.59590000
vn -0.46600000 -0.56870000 -0.67780000
vn -0.44840000 -0.62920000 -0.63480000
vn -0.35980000 -0.65440000 -0.66500000
vn -0.48270000 -0.70120000 -0.52470000
vn -0.47900000 0.71030000 -0.51580000
vn -0.46600000 -0.56870000 -0.67780000
vn -0.56020000 0.43360000 -0.70580000
vn -0.40660000 0.69250000 -0.59590000
vn -0.62980000 0.56210000 -0.53610000
vn -0.65560000 -0.42640000 -0.62310000
vn -0.47900000 0.71030000 -0.51580000
vn -0.57380000 0.68130000 -0.45440000
vn -0.48270000 -0.70120000 -0.52470000
vn -0.54830000 -0.71690000 -0.43070000
vn -0.54830000 -0.71690000 -0.43070000
vn -0.71950000 -0.52960000 -0.44910000
vn -0.66180000 0.64320000 -0.38510000
vn -0.72400000 0.52410000 -0.44850000
vn -0.57380000 0.68130000 -0.45440000
vn -0.65470000 -0.65410000 -0.37890000
vn -0.75530000 -0.56150000 -0.33800000
vn -0.65470000 -0.65410000 -0.37890000
vn -0.66450000 0.68610000 -0.29610000
vn -0.66180000 0.64320000 -0.38510000
vn -0.70560000 -0.64090000 -0.30230000
vn -0.88620000 -0.42370000 -0.18770000
vn -0.68480000 -0.70220000 -0.19490000
vn -0.69010000 -0.71940000 -0.07970000
vn -0.81600000 0.56400000 -0.12670000
vn -0.67860000 0.70960000 -0.18970000
vn -0.72880000 0.67900000 -0.08820000
vn -0.82340000 -0.56700000 0.02070000
vn -0.85340000 0.52130000 -0.00310000
vn -0.72880000 0.67900000 -0.08820000
vn -0.75130000 0.65960000 0.02210000
vn -0.69010000 -0.71940000 -0.07970000
vn -0.87090000 -0.49140000 0.01120000
vn -0.71350000 0.69460000 0.09150000
vn -0.75130000 0.65960000 0.02210000
vn -0.82340000 -0.56700000 0.02070000
vn -0.70600000 -0.70200000 0.09340000
vn -0.85720000 -0.47480000 0.19940000
vn -0.70600000 -0.70200000 0.09340000
vn -0.69760000 -0.68930000 0.19520000
vn -0.71350000 0.69460000 0.09150000
vn -0.67390000 0.71360000 0.19150000
vn -0.88480000 0.42890000 0.18230000
vn -0.43180000 -0.61950000 0.65560000
vn -0.44660000 -0.59230000 0.67060000
vn -0.47500000 0.71290000 0.51600000
vn -0.46840000 0.54050000 0.69890000
vn -0.49400000 -0.68750000 0.53230000
vn -0.30840000 -0.65300000 0.69170000
vn -0.44660000 -0.59230000 0.67060000
vn -0.31770000 0.68010000 0.66070000
vn -0.46840000 0.54050000 0.69890000
vn -0.45020000 0.60340000 0.65820000
vn -0.37700000 -0.48760000 0.78740000
vn -0.04800000 0.72510000 -0.68700000
vn 0.04700000 0.69550000 -0.71700000
vn 0.14080000 0.94260000 0.30280000
vn -0.11280000 -0.10590000 -0.98800000
vn 0.36090000 -0.56390000 0.74280000
vn 0.90940000 -0.39680000 -0.12490000
vn 0.50360000 -0.33210000 0.79760000
vn 0.17330000 -0.53660000 -0.82590000
vn 0.00020000 -0.00000000 1.00000000
vn 0.02230000 0.09980000 0.99480000
vn 0.88500000 0.23860000 0.39980000
vn 0.00020000 -0.00000000 1.00000000
vn -0.00000000 0.00030000 1.00000000
vn 0.90940000 -0.39680000 -0.12490000
vn 0.85870000 0.22410000 0.46090000
vn 0.51450000 -0.06150000 0.85530000
vn 0.47100000 0.34970000 0.80990000
vn 0.85870000 0.22410000 0.46090000
vn 0.65610000 0.75320000 -0.04780000
vn -0.00080000 0.00300000 1.00000000
vn -0.00000000 0.00030000 1.00000000
vn 0.00290000 -0.04510000 0.99900000
vn 0.06670000 0.70560000 0.70550000
vn 0.06230000 0.73810000 0.67180000
vn 0.22700000 0.44840000 0.86450000
vn 0.09880000 0.61820000 0.77980000
vn 0.65610000 0.75320000 -0.04780000
vn -0.00080000 0.00300000 1.00000000
vn 0.06670000 0.70560000 0.70550000
vn -0.04400000 0.70650000 0.70640000
vn 0.06230000 0.73810000 0.67180000
vn 0.06670000 0.70560000 0.70550000
vn -0.04400000 0.70650000 0.70640000
vn 0.20480000 0.37930000 0.90230000
vn -0.33640000 0.79870000 -0.49890000
vn -0.12600000 0.77290000 0.62190000
vn 0.20480000 0.37930000 0.90230000
vn 0.00900000 0.16700000 0.98590000
vn -0.00000000 0.00600000 1.00000000
vn 0.00290000 -0.04510000 0.99900000
vn -0.03480000 -0.11280000 0.99300000
vn -0.97130000 0.23450000 0.04080000
vn -0.75330000 0.24440000 0.61060000
vn -0.00020000 -0.00000000 1.00000000
vn -0.41130000 0.41900000 0.80950000
vn -0.02880000 0.04840000 0.99840000
vn -0.00020000 -0.00000000 1.00000000
vn -0.78580000 -0.47580000 -0.39510000
vn -0.49620000 -0.04850000 0.86690000
vn -0.97130000 0.23450000 0.04080000
vn -0.00000000 -0.00230000 1.00000000
vn 0.00640000 -0.10040000 0.99490000
vn -0.02910000 -0.53610000 0.84370000
vn -0.05200000 -0.62060000 0.78240000
vn -0.51930000 -0.77070000 0.36920000
vn -0.07980000 -0.59060000 0.80300000
vn 0.07120000 -0.96230000 0.26260000
vn -0.05200000 -0.62060000 0.78240000
vn 0.07120000 -0.96230000 0.26260000
vn -0.45020000 0.60340000 0.65820000
vn -0.33050000 0.47640000 0.81470000
vn -0.31770000 0.68010000 0.66070000
vn -0.47930000 -0.00330000 0.87760000
vn -0.41460000 -0.00050000 0.91000000
vn -0.56350000 0.00660000 0.82610000
vn -0.37620000 0.01450000 0.92640000
vn -0.73160000 0.59770000 0.32790000
vn -0.68000000 0.55050000 0.48430000
vn -0.61410000 0.68260000 0.39610000
vn -0.82350000 -0.00570000 0.56740000
vn -0.91220000 0.00760000 0.40960000
vn -0.81510000 -0.00280000 0.57920000
vn 0.33370000 0.44510000 0.83100000
vn 0.37190000 0.01320000 0.92820000
vn 0.17880000 0.01340000 0.98380000
vn 0.23620000 -0.01150000 0.97160000
vn 0.14560000 0.56660000 0.81110000
vn 0.25460000 0.64450000 0.72090000
vn 0.15330000 0.67400000 0.72270000
vn 0.02940000 0.52960000 0.84770000
vn 0.03420000 0.00680000 0.99940000
vn 0.14560000 0.56660000 0.81110000
vn 0.03000000 0.00820000 0.99950000
vn 0.17880000 0.01340000 0.98380000
vn 0.06790000 0.67500000 0.73470000
vn 0.37190000 0.01320000 0.92820000
vn 0.33370000 0.44510000 0.83100000
vn 0.31910000 0.67500000 0.66530000
vn 0.57430000 0.00620000 0.81860000
vn 0.43490000 0.62520000 0.64810000
vn 0.49870000 0.49660000 0.71040000
vn 0.40230000 -0.00060000 0.91550000
vn 0.47730000 -0.00480000 0.87870000
vn 0.49870000 0.49660000 0.71040000
vn 0.74210000 0.00590000 0.67030000
vn 0.57430000 0.00620000 0.81860000
vn 0.46680000 0.72420000 0.50750000
vn 0.66940000 0.43170000 0.60470000
vn 0.64960000 -0.00580000 0.76020000
vn 0.87080000 0.00780000 0.49160000
vn 0.62230000 0.67150000 0.40230000
vn 0.78510000 0.43350000 0.44240000
vn 0.66940000 0.43170000 0.60470000
vn 0.80970000 -0.00780000 0.58680000
vn 0.58130000 0.66310000 0.47160000
vn 0.74210000 0.00590000 0.67030000
vn 0.94480000 -0.00590000 0.32750000
vn 0.79070000 0.55370000 0.26130000
vn 0.63730000 0.71310000 0.29190000
vn 0.78510000 0.43350000 0.44240000
vn 0.94990000 -0.00280000 0.31240000
vn 0.87080000 0.00780000 0.49160000
vn 0.94990000 -0.00280000 0.31240000
vn 0.98590000 0.00390000 0.16720000
vn 0.79070000 0.55370000 0.26130000
vn 0.69930000 0.68660000 0.19890000
vn 0.84550000 0.51430000 0.14360000
vn 0.84550000 0.51430000 0.14360000
vn 0.99570000 -0.00570000 0.09230000
vn 0.98590000 0.00390000 0.16720000
vn 0.82370000 0.56630000 -0.02740000
vn 0.84400000 0.53540000 -0.03220000
vn 0.70030000 0.70920000 0.08150000
vn 0.99930000 0.00570000 -0.03700000
vn 0.82800000 0.52550000 -0.19560000
vn 0.84400000 0.53540000 -0.03220000
vn 0.99180000 -0.00580000 -0.12770000
vn 0.99930000 0.00570000 -0.03700000
vn 0.97290000 0.00370000 -0.23120000
vn 0.73200000 0.67420000 -0.09840000
vn 0.70700000 0.67750000 -0.20290000
vn 0.79450000 0.51610000 -0.31990000
vn 0.82800000 0.52550000 -0.19560000
vn 0.92750000 0.00170000 -0.37370000
vn 0.93990000 -0.00360000 -0.34150000
vn 0.97290000 0.00370000 -0.23120000
vn 0.63850000 0.67460000 -0.37040000
vn 0.68710000 0.65950000 -0.30510000
vn 0.79450000 0.51610000 -0.31990000
vn 0.74940000 0.43340000 -0.50050000
vn 0.92750000 0.00170000 -0.37370000
vn 0.83210000 0.00180000 -0.55460000
vn 0.84250000 -0.00190000 -0.53870000
vn 0.83210000 0.00180000 -0.55460000
vn 0.70770000 -0.00740000 -0.70640000
vn 0.55030000 0.71210000 -0.43600000
vn 0.69250000 -0.00210000 -0.72140000
vn 0.58870000 0.55690000 -0.58590000
vn 0.74940000 0.43340000 -0.50050000
vn 0.50870000 0.51800000 -0.68760000
vn 0.70770000 -0.00740000 -0.70640000
vn 0.49600000 0.68470000 -0.53410000
vn 0.59460000 0.00680000 -0.80400000
vn 0.58870000 0.55690000 -0.58590000
vn 0.59460000 0.00680000 -0.80400000
vn 0.43920000 -0.00730000 -0.89830000
vn 0.37710000 0.43040000 -0.82010000
vn 0.34840000 0.68960000 -0.63490000
vn 0.41860000 -0.00170000 -0.90820000
vn 0.50870000 0.51800000 -0.68760000
vn 0.42130000 0.66640000 -0.61510000
vn 0.17980000 0.51190000 -0.84000000
vn 0.37710000 0.43040000 -0.82010000
vn 0.41860000 -0.00170000 -0.90820000
vn 0.18410000 0.00630000 -0.98290000
vn 0.24150000 0.71120000 -0.66020000
vn 0.11860000 -0.00200000 -0.99290000
vn -0.11880000 0.00530000 -0.99290000
vn 0.04700000 0.69550000 -0.71700000
vn -0.10360000 0.50270000 -0.85820000
vn -0.04800000 0.72510000 -0.68700000
vn -0.11880000 0.00530000 -0.99290000
vn -0.14630000 0.70250000 -0.69640000
vn -0.18880000 -0.00770000 -0.98200000
vn -0.10360000 0.50270000 -0.85820000
vn -0.25620000 0.56040000 -0.78760000
vn -0.31060000 0.00370000 -0.95050000
vn -0.25620000 0.56040000 -0.78760000
vn -0.38350000 0.51870000 -0.76420000
vn -0.41790000 -0.00360000 -0.90850000
vn -0.25150000 0.68170000 -0.68710000
vn -0.31060000 0.00370000 -0.95050000
vn -0.44870000 0.00160000 -0.89370000
vn -0.40660000 0.69250000 -0.59590000
vn -0.35890000 0.66350000 -0.65650000
vn -0.60650000 -0.00190000 -0.79510000
vn -0.38350000 0.51870000 -0.76420000
vn -0.44870000 0.00160000 -0.89370000
vn -0.62100000 0.00170000 -0.78380000
vn -0.56020000 0.43360000 -0.70580000
vn -0.77610000 -0.00200000 -0.63060000
vn -0.76240000 -0.00740000 -0.64710000
vn -0.62100000 0.00170000 -0.78380000
vn -0.62980000 0.56210000 -0.53610000
vn -0.56020000 0.43360000 -0.70580000
vn -0.47900000 0.71030000 -0.51580000
vn -0.72400000 0.52410000 -0.44850000
vn -0.85020000 0.00670000 -0.52640000
vn -0.76240000 -0.00740000 -0.64710000
vn -0.57380000 0.68130000 -0.45440000
vn -0.62980000 0.56210000 -0.53610000
vn -0.84670000 0.43390000 -0.30800000
vn -0.66450000 0.68610000 -0.29610000
vn -0.92540000 -0.00600000 -0.37910000
vn -0.72400000 0.52410000 -0.44850000
vn -0.66180000 0.64320000 -0.38510000
vn -0.85020000 0.00670000 -0.52640000
vn -0.93950000 0.00170000 -0.34260000
vn -0.98840000 -0.00280000 -0.15210000
vn -0.93950000 0.00170000 -0.34260000
vn -0.98910000 -0.00170000 -0.14700000
vn -0.67860000 0.70960000 -0.18970000
vn -0.84670000 0.43390000 -0.30800000
vn -0.81600000 0.56400000 -0.12670000
vn -0.85340000 0.52130000 -0.00310000
vn -1.00000000 0.00390000 -0.00340000
vn -0.98840000 -0.00280000 -0.15210000
vn -0.72880000 0.67900000 -0.08820000
vn -0.81600000 0.56400000 -0.12670000
vn -0.75130000 0.65960000 0.02210000
vn -0.85340000 0.52130000 -0.00310000
vn -0.97940000 0.00590000 0.20180000
vn -0.88480000 0.42890000 0.18230000
vn -1.00000000 0.00390000 -0.00340000
vn -0.99730000 -0.00580000 0.07280000
vn -0.71350000 0.69460000 0.09150000
vn -0.91220000 0.00760000 0.40960000
vn -0.67390000 0.71360000 0.19150000
vn -0.97940000 0.00590000 0.20180000
vn -0.76760000 0.53520000 0.35260000
vn -0.95240000 -0.00780000 0.30490000
vn -0.88480000 0.42890000 0.18230000
vn -0.73160000 0.59770000 0.32790000
vn -0.71830000 0.00390000 0.69570000
vn -0.81510000 -0.00280000 0.57920000
vn -0.57750000 0.66950000 0.46720000
vn -0.61920000 0.50720000 0.59950000
vn -0.68000000 0.55050000 0.48430000
vn -0.47500000 0.71290000 0.51600000
vn -0.45020000 0.60340000 0.65820000
vn -0.61920000 0.50720000 0.59950000
vn -0.46840000 0.54050000 0.69890000
vn -0.65980000 -0.00650000 0.75140000
vn -0.56350000 0.00660000 0.82610000
vn -0.71830000 0.00390000 0.69570000
vn -0.25110000 0.66000000 0.70800000
vn -0.23090000 -0.01460000 0.97290000
vn -0.37620000 0.01450000 0.92640000
vn -0.16450000 0.01810000 0.98620000
vn -0.14040000 0.65880000 0.73910000
vn -0.33050000 0.47640000 0.81470000
vn -0.14030000 0.51930000 0.84300000
vn 0.02940000 0.52960000 0.84770000
vn -0.14030000 0.51930000 0.84300000
vn -0.02790000 0.75560000 0.65440000
vn -0.16450000 0.01810000 0.98620000
vn -0.02930000 -0.00390000 0.99960000
vn 0.03420000 0.00680000 0.99940000
vn 0.41060000 0.01080000 0.91180000
vn -0.03480000 -0.11280000 0.99300000
vn 0.50210000 0.00120000 0.86480000
vn 0.47080000 -0.02100000 0.88200000
vn -0.00020000 -0.00000000 1.00000000
vn 0.00900000 0.16700000 0.98590000
vn -0.00000000 0.70710000 0.70710000
vn -0.00000000 0.00600000 1.00000000
vn -0.00080000 0.00300000 1.00000000
vn -0.00000000 0.00030000 1.00000000
vn -0.00000000 0.00600000 1.00000000
vn -0.00000000 0.70720000 0.70700000
vn -0.00000000 0.70710000 0.70710000
vn -0.39600000 0.01850000 0.91800000
vn 0.00290000 -0.04510000 0.99900000
vn 0.00020000 -0.00000000 1.00000000
vn -0.46150000 -0.01970000 0.88690000
vn -0.48730000 -0.00140000 0.87320000
vn -0.00000000 0.70480000 0.70940000
vn -0.00000000 0.70720000 0.70700000
vn -0.24490000 -0.02720000 0.96920000
vn -0.39600000 0.01850000 0.91800000
vn -0.00000000 0.70480000 0.70940000
vn 0.23150000 0.01070000 0.97280000
vn -0.00000000 0.70720000 0.70700000
vn 0.41060000 0.01080000 0.91180000
vn -0.00000000 0.70710000 0.70710000
vn -0.00020000 0.70580000 0.70840000
vn 0.25600000 -0.02840000 0.96630000
vn -0.03080000 -0.04150000 0.99870000
vn -0.25530000 0.00410000 0.96680000
vn -0.00010000 0.73860000 0.67420000
vn -0.24490000 -0.02720000 0.96920000
vn -0.00000000 0.70480000 0.70940000
vn -0.00020000 0.70580000 0.70840000
vn 0.03040000 -0.03690000 0.99890000
vn -0.00010000 0.73860000 0.67420000
vn 0.23150000 0.01070000 0.97280000
vn -0.00020000 0.70580000 0.70840000
vn -0.00010000 0.73860000 0.67420000
vn -0.02880000 0.04840000 0.99840000
vn 0.50210000 0.00120000 0.86480000
vn 0.40230000 -0.00060000 0.91550000
vn 0.47730000 -0.00480000 0.87870000
vn -0.00000000 -0.70710000 0.70710000
vn 0.00640000 -0.10040000 0.99490000
vn -0.00000000 -0.70720000 0.70710000
vn -0.00020000 -0.00000000 1.00000000
vn -0.00000000 -0.00230000 1.00000000
vn -0.00000000 -0.00230000 1.00000000
vn 0.00020000 -0.00000000 1.00000000
vn 0.02230000 0.09980000 0.99480000
vn -0.00000000 -0.70710000 0.70710000
vn -0.02910000 -0.53610000 0.84370000
vn -0.41460000 -0.00050000 0.91000000
vn -0.47930000 -0.00330000 0.87760000
vn -0.48730000 -0.00140000 0.87320000
vn -0.00000000 -0.70720000 0.70710000
vn 0.37190000 0.01320000 0.92820000
vn 0.23620000 -0.01150000 0.97160000
vn -0.00000000 -0.70470000 0.70950000
vn 0.40230000 -0.00060000 0.91550000
vn 0.00020000 -0.70590000 0.70830000
vn -0.00000000 -0.70470000 0.70950000
vn -0.00000000 -0.70720000 0.70710000
vn -0.00000000 -0.70710000 0.70710000
vn -0.23090000 -0.01460000 0.97290000
vn -0.41460000 -0.00050000 0.91000000
vn -0.37620000 0.01450000 0.92640000
vn -0.02930000 -0.00390000 0.99960000
vn -0.16450000 0.01810000 0.98620000
vn 0.00020000 -0.73940000 0.67320000
vn 0.00020000 -0.70590000 0.70830000
vn -0.23090000 -0.01460000 0.97290000
vn 0.00020000 -0.70590000 0.70830000
vn 0.03000000 0.00820000 0.99950000
vn 0.17880000 0.01340000 0.98380000
vn 0.00020000 -0.73940000 0.67320000
vn -0.00000000 -0.70470000 0.70950000
vn 0.23620000 -0.01150000 0.97160000
vn 0.00020000 -0.73940000 0.67320000
vn -0.00000000 -1.00000000 -0.00010000
vn 0.25600000 -0.02840000 0.96630000
vn 0.47080000 -0.02100000 0.88200000
vn 0.41060000 0.01080000 0.91180000
vn -0.00010000 -1.00000000 -0.00020000
vn -0.00000000 -1.00000000 -0.00000000
vn 0.47080000 -0.02100000 0.88200000
vn 0.64960000 -0.00580000 0.76020000
vn 0.57430000 0.00620000 0.81860000
vn 0.47730000 -0.00480000 0.87870000
vn 0.50210000 0.00120000 0.86480000
vn -0.00010000 -1.00000000 -0.00010000
vn -0.00000000 -1.00000000 -0.00010000
vn 0.03000000 0.00820000 0.99950000
vn 0.03420000 0.00680000 0.99940000
vn -0.02930000 -0.00390000 0.99960000
vn -0.00010000 -1.00000000 0.00040000
vn -0.24490000 -0.02720000 0.96920000
vn -0.46150000 -0.01970000 0.88690000
vn -0.25530000 0.00410000 0.96680000
vn -0.39600000 0.01850000 0.91800000
vn -0.00020000 -1.00000000 0.00050000
vn 0.00050000 -1.00000000 -0.00070000
vn -0.00010000 -1.00000000 0.00050000
vn 0.00040000 -1.00000000 -0.00060000
vn -0.47930000 -0.00330000 0.87760000
vn 0.00050000 -1.00000000 -0.00070000
vn 0.00070000 -1.00000000 -0.00090000
vn -0.56350000 0.00660000 0.82610000
vn -0.65980000 -0.00650000 0.75140000
vn -0.46150000 -0.01970000 0.88690000
vn -0.48730000 -0.00140000 0.87320000
vn -0.00240000 -0.08910000 0.99600000
vn -0.03080000 -0.04150000 0.99870000
vn -0.25530000 0.00410000 0.96680000
vn -0.00010000 -1.00000000 0.00050000
vn -0.00000000 -1.00000000 0.00010000
vn -0.00000000 -1.00000000 -0.00000000
vn -0.00010000 -1.00000000 -0.00020000
vn 0.23150000 0.01070000 0.97280000
vn 0.03040000 -0.03690000 0.99890000
vn 0.25600000 -0.02840000 0.96630000
vn -0.00000000 -1.00000000 -0.00020000
vn -0.00240000 -0.08910000 0.99600000
vn -0.00000000 -1.00000000 -0.00000000
vn -0.00240000 -0.08910000 0.99600000
vn -0.03080000 -0.04150000 0.99870000
vn 0.03040000 -0.03690000 0.99890000
vn -0.00000000 -1.00000000 -0.00000000
vn -0.65980000 -0.00650000 0.75140000
vn -0.71830000 0.00390000 0.69570000
vn -0.82350000 -0.00570000 0.56740000
vn -0.81510000 -0.00280000 0.57920000
vn 0.00040000 -1.00000000 -0.00060000
vn -0.00000000 -1.00000000 -0.00000000
vn -0.91220000 0.00760000 0.40960000
vn 0.00010000 -1.00000000 -0.00000000
vn -0.82350000 -0.00570000 0.56740000
vn -0.95240000 -0.00780000 0.30490000
vn -0.95240000 -0.00780000 0.30490000
vn -0.99730000 -0.00580000 0.07280000
vn -0.97940000 0.00590000 0.20180000
vn -0.00000000 -1.00000000 -0.00000000
vn -0.99730000 -0.00580000 0.07280000
vn -0.98910000 -0.00170000 -0.14700000
vn -1.00000000 0.00390000 -0.00340000
vn -0.00000000 -1.00000000 -0.00000000
vn -0.98840000 -0.00280000 -0.15210000
vn -0.00000000 -1.00000000 -0.00000000
vn -0.98910000 -0.00170000 -0.14700000
vn -0.93950000 0.00170000 -0.34260000
vn -0.92540000 -0.00600000 -0.37910000
vn -0.77610000 -0.00200000 -0.63060000
vn -0.76240000 -0.00740000 -0.64710000
vn -0.85020000 0.00670000 -0.52640000
vn -0.92540000 -0.00600000 -0.37910000
vn -0.00000000 -1.00000000 -0.00000000
vn -0.62100000 0.00170000 -0.78380000
vn -0.60650000 -0.00190000 -0.79510000
vn -0.77610000 -0.00200000 -0.63060000
vn -0.00000000 -1.00000000 -0.00000000
vn -0.44870000 0.00160000 -0.89370000
vn -0.60650000 -0.00190000 -0.79510000
vn -0.41790000 -0.00360000 -0.90850000
vn -0.00000000 -1.00000000 -0.00000000
vn -0.31060000 0.00370000 -0.95050000
vn -0.18880000 -0.00770000 -0.98200000
vn -0.41790000 -0.00360000 -0.90850000
vn -0.00000000 -1.00000000 -0.00000000
vn 0.11860000 -0.00200000 -0.99290000
vn -0.00000000 -1.00000000 -0.00000000
vn -0.11880000 0.00530000 -0.99290000
vn 0.12380000 -0.00290000 -0.99230000
vn -0.18880000 -0.00770000 -0.98200000
vn 0.41860000 -0.00170000 -0.90820000
vn 0.12380000 -0.00290000 -0.99230000
vn -0.00000000 -1.00000000 -0.00000000
vn 0.43920000 -0.00730000 -0.89830000
vn 0.18410000 0.00630000 -0.98290000
vn -0.00000000 -1.00000000 -0.00000000
vn 0.70770000 -0.00740000 -0.70640000
vn 0.69250000 -0.00210000 -0.72140000
vn 0.43920000 -0.00730000 -0.89830000
vn 0.59460000 0.00680000 -0.80400000
vn 0.69250000 -0.00210000 -0.72140000
vn 0.83210000 0.00180000 -0.55460000
vn 0.84250000 -0.00190000 -0.53870000
vn -0.00000000 -1.00000000 -0.00000000
vn 0.93990000 -0.00360000 -0.34150000
vn 0.84250000 -0.00190000 -0.53870000
vn -0.00000000 -1.00000000 -0.00000000
vn 0.92750000 0.00170000 -0.37370000
vn 0.99180000 -0.00580000 -0.12770000
vn 0.97290000 0.00370000 -0.23120000
vn -0.00000000 -1.00000000 -0.00000000
vn 0.93990000 -0.00360000 -0.34150000
vn 0.99570000 -0.00570000 0.09230000
vn 0.99180000 -0.00580000 -0.12770000
vn 0.99930000 0.00570000 -0.03700000
vn -0.00000000 -1.00000000 -0.00000000
vn -0.00000000 -1.00000000 -0.00000000
vn 0.99570000 -0.00570000 0.09230000
vn 0.94480000 -0.00590000 0.32750000
vn 0.94990000 -0.00280000 0.31240000
vn 0.98590000 0.00390000 0.16720000
vn -0.00000000 -1.00000000 -0.00000000
vn 0.87080000 0.00780000 0.49160000
vn 0.80970000 -0.00780000 0.58680000
vn 0.94480000 -0.00590000 0.32750000
vn 0.64960000 -0.00580000 0.76020000
vn 0.80970000 -0.00780000 0.58680000
vn 0.74210000 0.00590000 0.67030000
vn -0.00000000 -1.00000000 -0.00000000
vn -0.00010000 -1.00000000 -0.00010000
vn -0.00000000 -1.00000000 -0.00000000
vn -0.00000000 -1.00000000 -0.00000000
vn -0.00000000 -1.00000000 -0.00000000
vn -0.00000000 -1.00000000 -0.00000000
vn -0.00000000 -1.00000000 -0.00000000
vn -0.00000000 -1.00000000 -0.00000000
vn -0.00000000 -1.00000000 -0.00000000
vn -0.00000000 -1.00000000 -0.00000000
vn -0.00000000 -1.00000000 -0.00000000
vn -0.00000000 -1.00000000 -0.00000000
vn -0.00000000 -1.00000000 -0.00000000
vn -0.00000000 -1.00000000 -0.00000000
vn -0.00000000 -1.00000000 -0.00000000
vn -0.00000000 -1.00000000 -0.00000000
vn -0.00000000 -1.00000000 -0.00000000
vn -0.00000000 -1.00000000 -0.00000000
vn -0.00000000 -1.00000000 -0.00000000
vn -0.00010000 -1.00000000 -0.00010000
vn -0.00000000 -1.00000000 -0.00000000
vn -0.00010000 -1.00000000 -0.00010000
vn -0.00000000 -1.00000000 -0.00010000
vn -0.00010000 -1.00000000 -0.00010000
vn -0.00000000 -1.00000000 -0.00000000
vn -0.00000000 -1.00000000 -0.00000000
vn -0.00000000 -1.00000000 -0.00000000
vn -0.00010000 -1.00000000 -0.00020000
vn -0.00000000 -1.00000000 -0.00020000
vn -0.00000000 -1.00000000 -0.00020000
vn -0.00000000 -1.00000000 -0.00000000
vn -0.00000000 -1.00000000 -0.00020000
vn -0.00000000 -1.00000000 -0.00000000
vn -0.00000000 -1.00000000 0.00010000
vn -0.00000000 -1.00000000 -0.00000000
vn -0.00000000 -1.00000000 0.00010000
vn -0.00010000 -1.00000000 0.00040000
vn -0.00000000 -1.00000000 0.00010000
vn -0.00010000 -1.00000000 0.00050000
vn -0.00010000 -1.00000000 0.00040000
vn -0.00020000 -1.00000000 0.00050000
vn 0.00050000 -1.00000000 -0.00070000
vn -0.00020000 -1.00000000 0.00050000
vn 0.00070000 -1.00000000 -0.00090000
vn 0.00050000 -1.00000000 -0.00070000
vn 0.00070000 -1.00000000 -0.00090000
vn 0.00040000 -1.00000000 -0.00060000
vn -0.00000000 -1.00000000 -0.00000000
vn -0.00000000 -1.00000000 -0.00000000
vn -0.00000000 -1.00000000 -0.00000000
vn -0.00000000 -1.00000000 -0.00000000
vn -0.00000000 -1.00000000 -0.00000000
vn 0.00010000 -1.00000000 -0.00000000
vn 0.00010000 -1.00000000 -0.00000000
vn -0.00000000 -1.00000000 -0.00000000
vn -0.00000000 -1.00000000 -0.00000000
vn -0.00000000 -1.00000000 -0.00000000
vn -0.00000000 -1.00000000 -0.00000000
vn -0.00000000 -1.00000000 -0.00000000
vn -0.00000000 -1.00000000 -0.00000000
vn -0.00000000 -1.00000000 -0.00000000
vn -0.00000000 -1.00000000 -0.00000000
vn -0.00000000 -1.00000000 -0.00000000
vn -0.00000000 -1.00000000 -0.00000000
vn -0.00000000 -1.00000000 -0.00000000
vn -0.00000000 -1.00000000 -0.00000000
vn -0.00000000 -1.00000000 -0.00000000
vn -0.00000000 -1.00000000 -0.00000000
vn -0.00000000 -1.00000000 -0.00000000
vn -0.00000000 -1.00000000 -0.00000000
vn -0.00000000 -1.00000000 -0.00000000
vn -0.00000000 -1.00000000 -0.00000000
vn -0.00000000 -1.00000000 -0.00000000
vn -0.00000000 -1.00000000 -0.00000000
vn -0.00000000 -1.00000000 -0.00000000
vn -0.00000000 -1.00000000 -0.00000000
f 1//1 10//10 14//14
f 13//13 9//9 19//19
f 20//20 26//26 34//34
f 35//35 25//25 176//176
f 38//38 45//45 47//47
f 46//46 42//42 55//55
f 65//65 61//61 249//249
f 528//528 511//511 72//72
f 482//482 67//67 510//510
f 75//75 70//70 485//485
f 73//73 82//82 69//69
f 68//68 80//80 553//553
f 548//548 529//529 71//71
f 89//89 95//95 102//102
f 111//111 106//106 88//88
f 105//105 112//112 90//90
f 94//94 108//108 115//115
f 116//116 119//119 93//93
f 92//92 122//122 128//128
f 134//134 132//132 91//91
f 125//125 135//135 87//87
f 131//131 137//137 86//86
f 138//138 98//98 85//85
f 150//150 5//5 15//15
f 150//150 15//15 144//144
f 144//144 157//157 150//150
f 147//147 160//160 144//144
f 160//160 165//165 144//144
f 144//144 15//15 147//147
f 150//150 157//157 168//168
f 8//8 173//173 16//16
f 183//183 180//180 28//28
f 32//32 199//199 186//186
f 23//23 32//32 186//186
f 23//23 186//186 193//193
f 23//23 193//193 196//196
f 32//32 206//206 199//199
f 193//193 207//207 196//196
f 43//43 214//214 53//53
f 37//37 51//51 220//220
f 220//220 51//51 217//217
f 217//217 51//51 225//225
f 217//217 232//232 235//235
f 217//217 235//235 220//220
f 217//217 225//225 238//238
f 56//56 241//241 248//248
f 66//66 251//251 264//264
f 64//64 265//265 59//59
f 258//258 259//259 251//251
f 251//251 259//259 264//264
f 66//66 270//270 251//251
f 251//251 270//270 275//275
f 251//251 275//275 280//280
f 281//281 284//284 290//290
f 281//281 290//290 294//294
f 295//295 302//302 290//290
f 290//290 302//302 294//294
f 290//290 305//305 295//295
f 310//310 315//315 290//290
f 290//290 315//315 305//305
f 290//290 319//319 310//310
f 322//322 325//325 290//290
f 290//290 325//325 319//319
f 290//290 328//328 322//322
f 335//335 338//338 290//290
f 290//290 338//338 328//328
f 290//290 341//341 335//335
f 348//348 352//352 290//290
f 290//290 352//352 341//341
f 355//355 358//358 290//290
f 290//290 363//363 355//355
f 284//284 365//365 290//290
f 290//290 365//365 363//363
f 374//374 467//467 472//472
f 370//370 474//474 492//492
f 491//491 476//476 480//480
f 493//493 481//481 483//483
f 495//495 488//488 496//496
f 378//378 494//494 502//502
f 503//503 490//490 497//497
f 385//385 384//384 501//501
f 393//393 387//387 516//516
f 400//400 396//396 405//405
f 404//404 392//392 520//520
f 409//409 407//407 536//536
f 535//535 406//406 522//522
f 532//532 521//521 538//538
f 539//539 519//519 525//525
f 534//534 540//540 542//542
f 543//543 537//537 551//551
f 421//421 418//418 558//558
f 426//426 419//419 564//564
f 430//430 427//427 563//563
f 560//560 571//571 576//576
f 444//444 583//583 587//587
f 584//584 582//582 577//577
f 463//463 455//455 596//596
f 599//599 456//456 594//594
f 601//601 595//595 607//607
f 597//597 604//604 477//477
f 489//489 376//376 371//371
f 498//498 486//486 507//507
f 499//499 509//509 504//504
f 506//506 382//382 379//379
f 512//512 515//515 500//500
f 505//505 513//513 386//386
f 508//508 530//530 518//518
f 514//514 524//524 391//391
f 517//517 527//527 523//523
f 526//526 552//552 541//541
f 544//544 413//413 533//533
f 531//531 414//414 408//408
f 547//547 555//555 546//546
f 545//545 554//554 417//417
f 550//550 83//83 569//569
f 549//549 572//572 556//556
f 557//557 568//568 566//566
f 559//559 567//567 420//420
f 84//84 573//573 570//570
f 574//574 581//581 561//561
f 565//565 580//580 434//434
f 562//562 438//438 429//429
f 81//81 74//74 575//575
f 579//579 440//440 436//436
f 578//578 76//76 589//589
f 588//588 450//450 445//445
f 441//441 452//452 447//447
f 77//77 593//593 586//586
f 585//585 592//592 459//459
f 590//590 457//457 449//449
f 78//78 487//487 603//603
f 79//79 605//605 591//591
f 600//600 466//466 462//462
f 471//471 602//602 473//473
f 475//475 598//598 478//478
f 479//479 606//606 484//484
f 101//101 612//612 109//109
f 110//110 611//611 617//617
f 107//107 613//613 113//113
f 114//114 616//616 622//622
f 118//118 623//623 625//625
f 117//117 626//626 123//123
f 121//121 627//627 634//634
f 120//120 635//635 124//124
f 126//126 636//636 638//638
f 127//127 637//637 129//129
f 130//130 639//639 644//644
f 133//133 643//643 140//140
f 139//139 646//646 651//651
f 136//136 652//652 99//99
f 96//96 653//653 655//655
f 97//97 660//660 103//103
f 104//104 657//657 663//663
f 100//100 662//662 610//610
f 669//669 2//2 674//674
f 678//678 3//3 151//151
f 675//675 152//152 681//681
f 680//680 149//149 170//170
f 684//684 167//167 689//689
f 688//688 169//169 155//155
f 690//690 156//156 691//691
f 694//694 153//153 695//695
f 699//699 154//154 143//143
f 696//696 141//141 706//706
f 705//705 142//142 164//164
f 704//704 166//166 712//712
f 709//709 163//163 161//161
f 708//708 158//158 713//713
f 714//714 162//162 721//721
f 718//718 159//159 145//145
f 717//717 146//146 727//727
f 730//730 148//148 11//11
f 7//7 4//4 672//672
f 6//6 668//668 171//171
f 172//172 671//671 731//731
f 174//174 736//736 723//723
f 175//175 729//729 17//17
f 18//18 728//728 12//12
f 743//743 22//22 749//749
f 746//746 24//24 197//197
f 745//745 195//195 756//756
f 750//750 194//194 208//208
f 755//755 209//209 190//190
f 753//753 192//192 758//758
f 759//759 191//191 762//762
f 764//764 189//189 187//187
f 765//765 188//188 772//772
f 770//770 185//185 200//200
f 768//768 198//198 773//773
f 776//776 201//201 205//205
f 778//778 204//204 783//783
f 781//781 202//202 789//789
f 788//788 203//203 30//30
f 787//787 33//33 793//793
f 27//27 21//21 739//739
f 29//29 742//742 181//181
f 182//182 737//737 800//800
f 184//184 801//801 177//177
f 178//178 798//798 795//795
f 179//179 794//794 31//31
f 808//808 40//40 813//813
f 810//810 36//36 222//222
f 811//811 221//221 815//815
f 816//816 219//219 233//233
f 817//817 234//234 824//824
f 823//823 236//236 229//229
f 825//825 230//230 826//826
f 830//830 228//228 833//833
f 831//831 231//231 218//218
f 832//832 215//215 842//842
f 837//837 216//216 237//237
f 840//840 240//240 844//844
f 845//845 239//239 226//226
f 843//843 227//227 849//849
f 850//850 223//223 856//856
f 854//854 224//224 49//49
f 855//855 50//50 869//869
f 44//44 39//39 806//806
f 41//41 807//807 210//210
f 213//213 803//803 861//861
f 211//211 860//860 867//867
f 212//212 868//868 52//52
f 54//54 866//866 48//48
f 871//871 57//57 882//882
f 881//881 60//60 266//266
f 880//880 267//267 886//886
f 888//888 263//263 260//260
f 887//887 261//261 891//891
f 892//892 262//262 257//257
f 889//889 256//256 898//898
f 897//897 254//254 904//904
f 903//903 255//255 253//253
f 901//901 252//252 909//909
f 910//910 250//250 278//278
f 911//911 279//279 912//912
f 914//914 277//277 276//276
f 913//913 273//273 920//920
f 921//921 274//274 272//272
f 922//922 268//268 923//923
f 925//925 271//271 936//936
f 58//58 874//874 242//242
f 244//244 872//872 930//930
f 243//243 932//932 247//247
f 246//246 928//928 938//938
f 245//245 939//939 63//63
f 62//62 934//934 269//269
f 286//286 293//293 944//944
f 301//301 946//946 291//291
f 292//292 950//950 945//945
f 298//298 954//954 300//300
f 299//299 953//953 947//947
f 297//297 962//962 956//956
f 304//304 960//960 296//296
f 306//306 966//966 961//961
f 314//314 963//963 303//303
f 312//312 972//972 967//967
f 309//309 971//971 313//313
f 311//311 977//977 969//969
f 318//318 984//984 308//308
f 307//307 983//983 976//976
f 327//327 987//987 317//317
f 316//316 989//989 979//979
f 320//320 991//991 326//326
f 324//324 992//992 988//988
f 330//330 998//998 321//321
f 323//323 999//999 993//993
f 337//337 1007//1007 331//331
f 329//329 1004//1004 997//997
f 333//333 1009//1009 336//336
f 339//339 1011//1011 1006//1006
f 332//332 1017//1017 1008//1008
f 344//344 1015//1015 334//334
f 340//340 1022//1022 1016//1016
f 350//350 1028//1028 342//342
f 343//343 1025//1025 1019//1019
f 347//347 1030//1030 349//349
f 351//351 1029//1029 1023//1023
f 287//287 1037//1037 346//346
f 345//345 1038//1038 1031//1031
f 360//360 1045//1045 288//288
f 289//289 1046//1046 1035//1035
f 356//356 1050//1050 359//359
f 357//357 1049//1049 1042//1042
f 362//362 1054//1054 353//353
f 354//354 1056//1056 1051//1051
f 368//368 1062//1062 364//364
f 361//361 1063//1063 1057//1057
f 367//367 1067//1067 1061//1061
f 283//283 1065//1065 366//366
f 282//282 943//943 1073//1073
f 285//285 1072//1072 1066//1066
f 1079//1079 369//369 377//377
f 1086//1086 372//372 1078//1078
f 1084//1084 469//469 373//373
f 1094//1094 468//468 1087//1087
f 1090//1090 465//465 470//470
f 1091//1091 458//458 464//464
f 1096//1096 461//461 1095//1095
f 1107//1107 454//454 1099//1099
f 1097//1097 451//451 460//460
f 1103//1103 446//446 453//453
f 1108//1108 442//442 1102//1102
f 1101//1101 439//439 448//448
f 1109//1109 437//437 443//443
f 1111//1111 432//432 435//435
f 1117//1117 431//431 1110//1110
f 1120//1120 425//425 433//433
f 1126//1126 423//423 1118//1118
f 1119//1119 422//422 428//428
f 1125//1125 416//416 424//424
f 1131//1131 412//412 1124//1124
f 1130//1130 411//411 415//415
f 1139//1139 403//403 1129//1129
f 1133//1133 401//401 410//410
f 1138//1138 399//399 402//402
f 1140//1140 397//397 1135//1135
f 1145//1145 395//395 398//398
f 1149//1149 389//389 1143//1143
f 1144//1144 390//390 394//394
f 1148//1148 383//383 388//388
f 1077//1077 381//381 1150//1150
f 1076//1076 375//375 380//380
f 633//633 628//628 1155//1155
f 632//632 1157//1157 640//640
f 642//642 1156//1156 1158//1158
f 641//641 1159//1159 1165//1165
f 1164//1164 1160//1160 1168//1168
f 1166//1166 1169//1169 648//648
f 645//645 1167//1167 1172//1172
f 647//647 1173//1173 649//649
f 650//650 1171//1171 1179//1179
f 654//654 1180//1180 658//658
f 659//659 1178//1178 1182//1182
f 656//656 1183//1183 661//661
f 665//665 1184//1184 1188//1188
f 664//664 1189//1189 1196//1196
f 666//666 1197//1197 1199//1199
f 1200//1200 1195//1195 609//609
f 608//608 1198//1198 618//618
f 621//621 619//619 1202//1202
f 620//620 1201//1201 631//631
f 725//725 1225//1225 1207//1207
f 724//724 1210//1210 719//719
f 720//720 1209//1209 1212//1212
f 722//722 1211//1211 716//716
f 715//715 1214//1214 711//711
f 670//670 1238//1238 735//735
f 733//733 1240//1240 1223//1223
f 734//734 1224//1224 1229//1229
f 732//732 1226//1226 726//726
f 687//687 1272//1272 682//682
f 683//683 1273//1273 1236//1236
f 679//679 1234//1234 676//676
f 677//677 1235//1235 1239//1239
f 673//673 1237//1237 667//667
f 1216//1216 1246//1246 707//707
f 710//710 1247//1247 701//701
f 702//702 1251//1251 1260//1260
f 703//703 1257//1257 697//697
f 698//698 1256//1256 1263//1263
f 700//700 1262//1262 692//692
f 693//693 1264//1264 686//686
f 685//685 1265//1265 1271//1271
f 792//792 1276//1276 785//785
f 784//784 1275//1275 1286//1286
f 786//786 1282//1282 779//779
f 780//780 1281//1281 1290//1290
f 782//782 1293//1293 774//774
f 741//741 1320//1320 796//796
f 799//799 1321//1321 1295//1295
f 797//797 1296//1296 791//791
f 790//790 1297//1297 1279//1279
f 754//754 1300//1300 1310//1310
f 752//752 1311//1311 744//744
f 747//747 1314//1314 1316//1316
f 748//748 1319//1319 738//738
f 740//740 1318//1318 1323//1323
f 777//777 1292//1292 1330//1330
f 775//775 1333//1333 771//771
f 769//769 1334//1334 766//766
f 767//767 1331//1331 1335//1335
f 763//763 1336//1336 757//757
f 760//760 1341//1341 1307//1307
f 761//761 1301//1301 751//751
f 848//848 1342//1342 841//841
f 839//839 1347//1347 1354//1354
f 838//838 1353//1353 834//834
f 835//835 1348//1348 1355//1355
f 836//836 1356//1356 827//827
f 829//829 1358//1358 1363//1363
f 828//828 1364//1364 821//821
f 865//865 1367//1367 857//857
f 859//859 1370//1370 1372//1372
f 858//858 1373//1373 852//852
f 851//851 1374//1374 1382//1382
f 853//853 1378//1378 847//847
f 846//846 1379//1379 1346//1346
f 805//805 1389//1389 863//863
f 862//862 1387//1387 870//870
f 864//864 1388//1388 1369//1369
f 820//820 1365//1365 1395//1395
f 822//822 1396//1396 818//818
f 819//819 1397//1397 812//812
f 814//814 1398//1398 1403//1403
f 809//809 1402//1402 802//802
f 804//804 1401//1401 1386//1386
f 873//873 1405//1405 931//931
f 929//929 1407//1407 937//937
f 890//890 1416//1416 884//884
f 883//883 1418//1418 1423//1423
f 885//885 1425//1425 879//879
f 878//878 1424//1424 1430//1430
f 877//877 1426//1426 876//876
f 875//875 1427//1427 1410//1410
f 915//915 1431//1431 906//906
f 908//908 1434//1434 1436//1436
f 907//907 1441//1441 905//905
f 902//902 1440//1440 1446//1446
f 900//900 1445//1445 899//899
f 896//896 1442//1442 1450//1450
f 895//895 1449//1449 894//894
f 893//893 1451//1451 1419//1419
f 935//935 1412//1412 1455//1455
f 933//933 1458//1458 924//924
f 926//926 1460//1460 1462//1462
f 927//927 1463//1463 919//919
f 918//918 1464//1464 917//917
f 916//916 1461//1461 1433//1433
f 1010//1010 1018//1018 1470//1470
f 1471//1471 1014//1014 1478//1478
f 1479//1479 1013//1013 1020//1020
f 1021//1021 1027//1027 1473//1473
f 1474//1474 1026//1026 1485//1485
f 1024//1024 1033//1033 1483//1483
f 1486//1486 1032//1032 1488//1488
f 1487//1487 1034//1034 1036//1036
f 1489//1489 1040//1040 1493//1493
f 1039//1039 1043//1043 1494//1494
f 1492//1492 1044//1044 1501//1501
f 1500//1500 1041//1041 1048//1048
f 1504//1504 1047//1047 1506//1506
f 1505//1505 1052//1052 1055//1055
f 1507//1507 1058//1058 1510//1510
f 1513//1513 1053//1053 1064//1064
f 1511//1511 1059//1059 1521//1521
f 1519//1519 1060//1060 1069//1069
f 1515//1515 1068//1068 1075//1075
f 1516//1516 1070//1070 1523//1523
f 1522//1522 1071//1071 1528//1528
f 1527//1527 1074//1074 1530//1530
f 1529//1529 1531//1531 1535//1535
f 1532//1532 942//942 1534//1534
f 1533//1533 941//941 1543//1543
f 940//940 949//949 1544//1544
f 1538//1538 948//948 952//952
f 1539//1539 955//955 1545//1545
f 951//951 958//958 1548//1548
f 1547//1547 959//959 1552//1552
f 957//957 965//965 1553//1553
f 1555//1555 964//964 1559//1559
f 968//968 970//970 1562//1562
f 1556//1556 973//973 974//974
f 1558//1558 975//975 1566//1566
f 978//978 982//982 1567//1567
f 1568//1568 981//981 1573//1573
f 980//980 986//986 1575//1575
f 1572//1572 985//985 1580//1580
f 990//990 995//995 1578//1578
f 1576//1576 996//996 1582//1582
f 1586//1586 994//994 1002//1002
f 1587//1587 1000//1000 1588//1588
f 1001//1001 1005//1005 1589//1589
f 1592//1592 1003//1003 1593//1593
f 1591//1591 1594//1594 1468//1468
f 1472//1472 1595//1595 1012//1012
f 1253//1253 614//614 1192//1192
f 1252//1252 1203//1203 615//615
f 1304//1304 1191//1191 1186//1186
f 1176//1176 1607//1607 1187//1187
f 1249//1249 1193//1193 1303//1303
f 1309//1309 1194//1194 1190//1190
f 629//629 1205//1205 1616//1616
f 1617//1617 1204//1204 1250//1250
f 1302//1302 1185//1185 1608//1608
f 1620//1620 1177//1177 1627//1627
f 1174//1174 1629//1629 1175//1175
f 1154//1154 1636//1636 1161//1161
f 1162//1162 1637//1637 1628//1628
f 1163//1163 1630//1630 1170//1170
f 630//630 1631//1631 1153//1153
f 1267//1267 1550//1550 1560//1560
f 1268//1268 1557//1557 1269//1269
f 1554//1554 1266//1266 1259//1259
f 1551//1551 1258//1258 1549//1549
f 1546//1546 1261//1261 1540//1540
f 1643//1643 1222//1222 1241//1241
f 1642//1642 1242//1242 1230//1230
f 1639//1639 1233//1233 1647//1647
f 1270//1270 1564//1564 1649//1649
f 1274//1274 1654//1654 1231//1231
f 1232//1232 1653//1653 1648//1648
f 1657//1657 1228//1228 1221//1221
f 1215//1215 1206//1206 1658//1658
f 1659//1659 1208//1208 1227//1227
f 1615//1615 1248//1248 1213//1213
f 1518//1518 1308//1308 1340//1340
f 1517//1517 1338//1338 1514//1514
f 1512//1512 1339//1339 1508//1508
f 1328//1328 1495//1495 1503//1503
f 1332//1332 1502//1502 1509//1509
f 1332//1332 1509//1509 1337//1337
f 1315//1315 1313//1313 1609//1609
f 1603//1603 1327//1327 1317//1317
f 1604//1604 1312//1312 1299//1299
f 1278//1278 1294//1294 1665//1665
f 1668//1668 1298//1298 1326//1326
f 1277//1277 1670//1670 1285//1285
f 1288//1288 1676//1676 1745//1745
f 1287//1287 1747//1747 1499//1499
f 1289//1289 1497//1497 1329//1329
f 1283//1283 1666//1666 1675//1675
f 1284//1284 1671//1671 1681//1681
f 1280//1280 1678//1678 1291//1291
f 1683//1683 1383//1383 1399//1399
f 1687//1687 1692//1692 1715//1715
f 1716//1716 1695//1695 1392//1392
f 1720//1720 1393//1393 1362//1362
f 1685//1685 1400//1400 1694//1694
f 1691//1691 1404//1404 1394//1394
f 1701//1701 1381//1381 1377//1377
f 1699//1699 1375//1375 1709//1709
f 1707//1707 1368//1368 1391//1391
f 1704//1704 1376//1376 1371//1371
f 1719//1719 1366//1366 1359//1359
f 1700//1700 1650//1650 1380//1380
f 1380//1380 1650//1650 1344//1344
f 1344//1344 1650//1650 1561//1561
f 1583//1583 1357//1357 1577//1577
f 1581//1581 1360//1360 1351//1351
f 1579//1579 1350//1350 1574//1574
f 1571//1571 1349//1349 1569//1569
f 1565//1565 1352//1352 1345//1345
f 1570//1570 1343//1343 1563//1563
f 1724//1724 1732//1732 1459//1459
f 1717//1717 1466//1466 1728//1728
f 1733//1733 1465//1465 1457//1457
f 1718//1718 1438//1438 1432//1432
f 1499//1499 1417//1417 1453//1453
f 1711//1711 1435//1435 1467//1467
f 1443//1443 1482//1482 1452//1452
f 1448//1448 1484//1484 1490//1490
f 1454//1454 1491//1491 1496//1496
f 1481//1481 1444//1444 1480//1480
f 1477//1477 1447//1447 1439//1439
f 1737//1737 1413//1413 1429//1429
f 1428//1428 1422//1422 1738//1738
f 1739//1739 1420//1420 1740//1740
f 1742//1742 1421//1421 1414//1414
f 1415//1415 1498//1498 1745//1745
f 1456//1456 1408//1408 1723//1723
f 1217//1217 1661//1661 1611//1611
f 1632//1632 624//624 1618//1618
f 1181//1181 1623//1623 1610//1610
f 1361//1361 1584//1584 1712//1712
f 1476//1476 1437//1437 1710//1710
f 1475//1475 1713//1713 1469//1469
f 1585//1585 1590//1590 1713//1713
f 1713//1713 1590//1590 1469//1469
f 1541//1541 1255//1255 1254//1254
f 1520//1520 1525//1525 1306//1306
f 1305//1305 1526//1526 1244//1244
f 1243//1243 1524//1524 1536//1536
f 1245//1245 1537//1537 1542//1542
f 1753//1753 1080//1080 1151//1151
f 1750//1750 1147//1147 1754//1754
f 1757//1757 1152//1152 1146//1146
f 1758//1758 1141//1141 1763//1763
f 1764//1764 1142//1142 1137//1137
f 1762//1762 1136//1136 1600//1600
f 1761//1761 1599//1599 1772//1772
f 1768//1768 1601//1601 1128//1128
f 1769//1769 1134//1134 1776//1776
f 1777//1777 1132//1132 1127//1127
f 1778//1778 1123//1123 1786//1786
f 1779//1779 1122//1122 1121//1121
f 1785//1785 1116//1116 1114//1114
f 1780//1780 1115//1115 1788//1788
f 1787//1787 1112//1112 1794//1794
f 1795//1795 1113//1113 1105//1105
f 1796//1796 1104//1104 1802//1802
f 1804//1804 1106//1106 1098//1098
f 1798//1798 1100//1100 1596//1596
f 1803//1803 1597//1597 1808//1808
f 1807//1807 1598//1598 1092//1092
f 1809//1809 1093//1093 1085//1085
f 1810//1810 1088//1088 1816//1816
f 1813//1813 1089//1089 1082//1082
f 1814//1814 1081//1081 1822//1822
f 1819//1819 1083//1083 1749//1749
f 1831//1831 1835//1835 1622//1622
f 1619//1619 1836//1836 1605//1605
f 1606//1606 1837//1837 1842//1842
f 1602//1602 1841//1841 1325//1325
f 1824//1824 1322//1322 1843//1843
f 1852//1852 1680//1680 1857//1857
f 1855//1855 1679//1679 1673//1673
f 1854//1854 1672//1672 1860//1860
f 1865//1865 1674//1674 1669//1669
f 1866//1866 1664//1664 1823//1823
f 1828//1828 1667//1667 1324//1324
f 1848//1848 1743//1743 1677//1677
f 1868//1868 1734//1734 1879//1879
f 1873//1873 1736//1736 1744//1744
f 1878//1878 1741//1741 1882//1882
f 1881//1881 1746//1746 1851//1851
f 1885//1885 1406//1406 1867//1867
f 1869//1869 1411//1411 1735//1735
f 1895//1895 1729//1729 1898//1898
f 1902//1902 1731//1731 1726//1726
f 1897//1897 1725//1725 1888//1888
f 1886//1886 1727//1727 1409//1409
f 1906//1906 1688//1688 1913//1913
f 1914//1914 1690//1690 1714//1714
f 1911//1911 1721//1721 1891//1891
f 1892//1892 1722//1722 1730//1730
f 1916//1916 1686//1686 1925//1925
f 1924//1924 1684//1684 1697//1697
f 1921//1921 1696//1696 1905//1905
f 1907//1907 1693//1693 1689//1689
f 1929//1929 1384//1384 1918//1918
f 1917//1917 1385//1385 1682//1682
f 1706//1706 1390//1390 1931//1931
f 1933//1933 1652//1652 1941//1941
f 1943//1943 1655//1655 1703//1703
f 1939//1939 1702//1702 1948//1948
f 1944//1944 1698//1698 1708//1708
f 1947//1947 1705//1705 1932//1932
f 1954//1954 1640//1640 1959//1959
f 1957//1957 1641//1641 1644//1644
f 1960//1960 1646//1646 1966//1966
f 1965//1965 1645//1645 1651//1651
f 1967//1967 1656//1656 1934//1934
f 1970//1970 1218//1218 1953//1953
f 1951//1951 1219//1219 1638//1638
f 1972//1972 1660//1660 1220//1220
f 1975//1975 1612//1612 1987//1987
f 1984//1984 1613//1613 1663//1663
f 1983//1983 1662//1662 1971//1971
f 1832//1832 1621//1621 1625//1625
f 1829//1829 1626//1626 1991//1991
f 1992//1992 1624//1624 1635//1635
f 1993//1993 1633//1633 1977//1977
f 1976//1976 1634//1634 1614//1614
f 1833//1833 1990//1990 2002//2002
f 1830//1830 2001//2001 2007//2007
f 1834//1834 2008//2008 1838//1838
f 2006//2006 2013//2013 1839//1839
f 1840//1840 2012//2012 1846//1846
f 2014//2014 2022//2022 1847//1847
f 1845//1845 2021//2021 2025//2025
f 1844//1844 2027//2027 1827//1827
f 2026//2026 2033//2033 1826//1826
f 1825//1825 2034//2034 1862//1862
f 2035//2035 2038//2038 1861//1861
f 2041//2041 2046//2046 1863//1863
f 1864//1864 2044//2044 1859//1859
f 2047//2047 2051//2051 1856//1856
f 1858//1858 2053//2053 1850//1850
f 2052//2052 2057//2057 1849//1849
f 1853//1853 2056//2056 1880//1880
f 2058//2058 2063//2063 1884//1884
f 1883//1883 2064//2064 1875//1875
f 2065//2065 2068//2068 1874//1874
f 2067//2067 2073//2073 1876//1876
f 1877//1877 2076//2076 1870//1870
f 2074//2074 2084//2084 1871//1871
f 1872//1872 2083//2083 1887//1887
f 1889//1889 2082//2082 1901//1901
f 2079//2079 2089//2089 1899//1899
f 1900//1900 2087//2087 1894//1894
f 2088//2088 2094//2094 1890//1890
f 1896//1896 2096//2096 2101//2101
f 1893//1893 2102//2102 1909//1909
f 2103//2103 2108//2108 1910//1910
f 1912//1912 2107//2107 1904//1904
f 2110//2110 2117//2117 1908//1908
f 1903//1903 2115//2115 1926//1926
f 2114//2114 2119//2119 1923//1923
f 1922//1922 2122//2122 1915//1915
f 2124//2124 2127//2127 1919//1919
f 1920//1920 2130//2130 1928//1928
f 2129//2129 2137//2137 1930//1930
f 1927//1927 2136//2136 1946//1946
f 2134//2134 2140//2140 1949//1949
f 2142//2142 2148//2148 1950//1950
f 1945//1945 2145//2145 1940//1940
f 2149//2149 2150//2150 1938//1938
f 1942//1942 2151//2151 1936//1936
f 2152//2152 2162//2162 1937//1937
f 1935//1935 2156//2156 1964//1964
f 2157//2157 2167//2167 1968//1968
f 1963//1963 2168//2168 1958//1958
f 2163//2163 2169//2169 1962//1962
f 1961//1961 2170//2170 1952//1952
f 1956//1956 2172//2172 2177//2177
f 1955//1955 2181//2181 1974//1974
f 2176//2176 2187//2187 1973//1973
f 1969//1969 2186//2186 1982//1982
f 2184//2184 2190//2190 1985//1985
f 1986//1986 2189//2189 2198//2198
f 1981//1981 2193//2193 1978//1978
f 2194//2194 2205//2205 1980//1980
f 1979//1979 2203//2203 1989//1989
f 1988//1988 2201//2201 2004//2004
f 2209//2209 1751//1751 1755//1755
f 2211//2211 1756//1756 2214//2214
f 2215//2215 1760//1760 2222//2222
f 2216//2216 1759//1759 1767//1767
f 2217//2217 1766//1766 2227//2227
f 2228//2228 1765//1765 1996//1996
f 2226//2226 1994//1994 2231//2231
f 2235//2235 1995//1995 1770//1770
f 2232//2232 1771//1771 1775//1775
f 2229//2229 1774//1774 2241//2241
f 2236//2236 1773//1773 1783//1783
f 2237//2237 1781//1781 2246//2246
f 2245//2245 1782//1782 2249//2249
f 2248//2248 1784//1784 1789//1789
f 2251//2251 1791//1791 2256//2256
f 2255//2255 1790//1790 1792//1792
f 2254//2254 1797//1797 2260//2260
f 2259//2259 1793//1793 1799//1799
f 2261//2261 1800//1800 2266//2266
f 2268//2268 1801//1801 1998//1998
f 2267//2267 1997//1997 1811//1811
f 2263//2263 1805//1805 2271//2271
f 2275//2275 1806//1806 1817//1817
f 2272//2272 1815//1815 2276//2276
f 2279//2279 1812//1812 2284//2284
f 2282//2282 1818//1818 1821//1821
f 2285//2285 1820//1820 1752//1752
f 2283//2283 1748//1748 2208//2208
f 2521//2521 2095//2095 2092//2092
f 2522//2522 2091//2091 2515//2515
f 2516//2516 2090//2090 2288//2288
f 2289//2289 2086//2086 2085//2085
f 2291//2291 2081//2081 2297//2297
f 2295//2295 2080//2080 2078//2078
f 2296//2296 2077//2077 2510//2510
f 2513//2513 2075//2075 2301//2301
f 2302//2302 2072//2072 2071//2071
f 2300//2300 2070//2070 2504//2504
f 2509//2509 2069//2069 2061//2061
f 2505//2505 2062//2062 2503//2503
f 2502//2502 2066//2066 2059//2059
f 2049//2049 2490//2490 2055//2055
f 2060//2060 2491//2491 2496//2496
f 2054//2054 2495//2495 2500//2500
f 2492//2492 2050//2050 2487//2487
f 2484//2484 2048//2048 2043//2043
f 2485//2485 2042//2042 2310//2310
f 2306//2306 2045//2045 2040//2040
f 2030//2030 2313//2313 2037//2037
f 2039//2039 2314//2314 2477//2477
f 2036//2036 2481//2481 2309//2309
f 2315//2315 2032//2032 2475//2475
f 2473//2473 2031//2031 2024//2024
f 2474//2474 2028//2028 2470//2470
f 2467//2467 2029//2029 2023//2023
f 2017//2017 2317//2317 2461//2461
f 2015//2015 2462//2462 2020//2020
f 2019//2019 2460//2460 2469//2469
f 2318//2318 2018//2018 2321//2321
f 2323//2323 2016//2016 2011//2011
f 2322//2322 2005//2005 2330//2330
f 2326//2326 2010//2010 2339//2339
f 2341//2341 2009//2009 2000//2000
f 2200//2200 2332//2332 2003//2003
f 1999//1999 2333//2333 2340//2340
f 2336//2336 2204//2204 2346//2346
f 2345//2345 2202//2202 2195//2195
f 2348//2348 2199//2199 2353//2353
f 2351//2351 2196//2196 2606//2606
f 2601//2601 2197//2197 2191//2191
f 2182//2182 2596//2596 2188//2188
f 2192//2192 2597//2597 2602//2602
f 2600//2600 2183//2183 2356//2356
f 2354//2354 2185//2185 2180//2180
f 2355//2355 2178//2178 2362//2362
f 2363//2363 2179//2179 2429//2429
f 2430//2430 2175//2175 2173//2173
f 2165//2165 2368//2368 2174//2174
f 2171//2171 2365//2365 2432//2432
f 2369//2369 2166//2166 2592//2592
f 2590//2590 2164//2164 2161//2161
f 2591//2591 2160//2160 2589//2589
f 2588//2588 2158//2158 2580//2580
f 2585//2585 2159//2159 2154//2154
f 2147//2147 2574//2574 2155//2155
f 2153//2153 2576//2576 2584//2584
f 2138//2138 2573//2573 2144//2144
f 2146//2146 2569//2569 2374//2374
f 2143//2143 2372//2372 2575//2575
f 2131//2131 2558//2558 2132//2132
f 2133//2133 2562//2562 2563//2563
f 2135//2135 2564//2564 2141//2141
f 2139//2139 2568//2568 2570//2570
f 2120//2120 2550//2550 2126//2126
f 2125//2125 2549//2549 2554//2554
f 2128//2128 2552//2552 2561//2561
f 2112//2112 2441//2441 2113//2113
f 2118//2118 2438//2438 2542//2542
f 2116//2116 2541//2541 2123//2123
f 2121//2121 2543//2543 2551//2551
f 2524//2524 2528//2528 2097//2097
f 2093//2093 2530//2530 2099//2099
f 2104//2104 2527//2527 2375//2375
f 2100//2100 2377//2377 2382//2382
f 2098//2098 2383//2383 2387//2387
f 2386//2386 2385//2385 2390//2390
f 2388//2388 2389//2389 2111//2111
f 2106//2106 2391//2391 2395//2395
f 2109//2109 2394//2394 2398//2398
f 2105//2105 2396//2396 2437//2437
f 2270//2270 2404//2404 2409//2409
f 2407//2407 2406//2406 2414//2414
f 2408//2408 2415//2415 2269//2269
f 2233//2233 2417//2417 2422//2422
f 2420//2420 2416//2416 2427//2427
f 2421//2421 2426//2426 2223//2223
f 2446//2446 2399//2399 2392//2392
f 2447//2447 2393//2393 2381//2381
f 2444//2444 2384//2384 2378//2378
f 2445//2445 2380//2380 2540//2540
f 2456//2456 2335//2335 2347//2347
f 2334//2334 2457//2457 2448//2448
f 2452//2452 2331//2331 2338//2338
f 2450//2450 2342//2342 2435//2435
f 2451//2451 2434//2434 2337//2337
f 2531//2531 2539//2539 2379//2379
f 2533//2533 2376//2376 2529//2529
f 2538//2538 2609//2609 2442//2442
f 2443//2443 2610//2610 2397//2397
f 2264//2264 2411//2411 2614//2614
f 2265//2265 2611//2611 2258//2258
f 2262//2262 2613//2613 2252//2252
f 2253//2253 2612//2612 2620//2620
f 2257//2257 2622//2622 2250//2250
f 2247//2247 2617//2617 2244//2244
f 2242//2242 2621//2621 2624//2624
f 2243//2243 2623//2623 2239//2239
f 2240//2240 2625//2625 2633//2633
f 2238//2238 2631//2631 2234//2234
f 2230//2230 2632//2632 2418//2418
f 2419//2419 2630//2630 2637//2637
f 2635//2635 2629//2629 2638//2638
f 2636//2636 2639//2639 2424//2424
f 2423//2423 2640//2640 2643//2643
f 2425//2425 2642//2642 2224//2224
f 2225//2225 2641//2641 2221//2221
f 2218//2218 2651//2651 2213//2213
f 2212//2212 2649//2649 2206//2206
f 2210//2210 2648//2648 2656//2656
f 2207//2207 2655//2655 2287//2287
f 2286//2286 2654//2654 2281//2281
f 2274//2274 2280//2280 2661//2661
f 2273//2273 2662//2662 2405//2405
f 2403//2403 2660//2660 2664//2664
f 2665//2665 2663//2663 2412//2412
f 2685//2685 2324//2324 2329//2329
f 2683//2683 2327//2327 2688//2688
f 2325//2325 2684//2684 2319//2319
f 2316//2316 2679//2679 2693//2693
f 2320//2320 2694//2694 2463//2463
f 2700//2700 2465//2465 2697//2697
f 2696//2696 2468//2468 2464//2464
f 2703//2703 2472//2472 2466//2466
f 2471//2471 2704//2704 2709//2709
f 2476//2476 2711//2711 2312//2312
f 2311//2311 2707//2707 2478//2478
f 2716//2716 2479//2479 2708//2708
f 2715//2715 2307//2307 2480//2480
f 2722//2722 2483//2483 2308//2308
f 2721//2721 2305//2305 2714//2714
f 2486//2486 2723//2723 2724//2724
f 2482//2482 2729//2729 2488//2488
f 2732//2732 2497//2497 2728//2728
f 2727//2727 2494//2494 2489//2489
f 2737//2737 2506//2506 2499//2499
f 2739//2739 2498//2498 2731//2731
f 2736//2736 2501//2501 2493//2493
f 2507//2507 2738//2738 2745//2745
f 2508//2508 2744//2744 2303//2303
f 2304//2304 2743//2743 2511//2511
f 2755//2755 2514//2514 2746//2746
f 2752//2752 2298//2298 2512//2512
f 2758//2758 2293//2293 2294//2294
f 2760//2760 2299//2299 2754//2754
f 2290//2290 2756//2756 2766//2766
f 2292//2292 2767//2767 2517//2517
f 2769//2769 2519//2519 2763//2763
f 2764//2764 2520//2520 2518//2518
f 2772//2772 2526//2526 2523//2523
f 2534//2534 2525//2525 2768//2768
f 2535//2535 2775//2775 2608//2608
f 2781//2781 2400//2400 2776//2776
f 2777//2777 2402//2402 2607//2607
f 2779//2779 2440//2440 2401//2401
f 2787//2787 2544//2544 2439//2439
f 2784//2784 2436//2436 2782//2782
f 2546//2546 2785//2785 2793//2793
f 2545//2545 2791//2791 2547//2547
f 2548//2548 2790//2790 2556//2556
f 2801//2801 2555//2555 2796//2796
f 2802//2802 2559//2559 2553//2553
f 2806//2806 2567//2567 2560//2560
f 2807//2807 2557//2557 2800//2800
f 2566//2566 2803//2803 2811//2811
f 2565//2565 2812//2812 2572//2572
f 2571//2571 2809//2809 2370//2370
f 2819//2819 2373//2373 2808//2808
f 2818//2818 2578//2578 2371//2371
f 2824//2824 2582//2582 2579//2579
f 2825//2825 2577//2577 2820//2820
f 2581//2581 2821//2821 2827//2827
f 2583//2583 2826//2826 2587//2587
f 2586//2586 2832//2832 2593//2593
f 2838//2838 2595//2595 2829//2829
f 2594//2594 2834//2834 2366//2366
f 2673//2673 2433//2433 2839//2839
f 2836//2836 2428//2428 2367//2367
f 2431//2431 2675//2675 2360//2360
f 2364//2364 2674//2674 2844//2844
f 2361//2361 2842//2842 2359//2359
f 2847//2847 2357//2357 2843//2843
f 2358//2358 2845//2845 2598//2598
f 2666//2666 2605//2605 2846//2846
f 2848//2848 2604//2604 2599//2599
f 2603//2603 2668//2668 2350//2350
f 2352//2352 2667//2667 2857//2857
f 2349//2349 2852//2852 2343//2343
f 2344//2344 2856//2856 2459//2459
f 2458//2458 2858//2858 2860//2860
f 2328//2328 2449//2449 2691//2691
f 2686//2686 2454//2454 2859//2859
f 2861//2861 2453//2453 2455//2455
f 2891//2891 2871//2871 2877//2877
f 2884//2884 2889//2889 2876//2876
f 2887//2887 2883//2883 2898//2898
f 2892//2892 2899//2899 2903//2903
f 2901//2901 2896//2896 2904//2904
f 2866//2866 2647//2647 2219//2219
f 2658//2658 2278//2278 2910//2910
f 2657//2657 2913//2913 2914//2914
f 2659//2659 2918//2918 2410//2410
f 2220//2220 2644//2644 2870//2870
f 2872//2872 2645//2645 2875//2875
f 2879//2879 2646//2646 2628//2628
f 2873//2873 2634//2634 2626//2626
f 2277//2277 2652//2652 2905//2905
f 2912//2912 2653//2653 2869//2869
f 2653//2653 2650//2650 2869//2869
f 2874//2874 2627//2627 2619//2619
f 2880//2880 2618//2618 2915//2915
f 2618//2618 2615//2615 2915//2915
f 2916//2916 2616//2616 2413//2413
f 2930//2930 2917//2917 2909//2909
f 2922//2922 2929//2929 2911//2911
f 2928//2928 2925//2925 2943//2943
f 2927//2927 2939//2939 2937//2937
f 2936//2936 2942//2942 2945//2945
f 2948//2948 2952//2952 2868//2868
f 2692//2692 2680//2680 2923//2923
f 2907//2907 2698//2698 2926//2926
f 2690//2690 2941//2941 2681//2681
f 2682//2682 2944//2944 2924//2924
f 2940//2940 2689//2689 2959//2959
f 2960//2960 2687//2687 2864//2864
f 2961//2961 2863//2863 2934//2934
f 2935//2935 2862//2862 2855//2855
f 2938//2938 2853//2853 2931//2931
f 2933//2933 2854//2854 2672//2672
f 2966//2966 2886//2886 2878//2878
f 2964//2964 2881//2881 2976//2976
f 2977//2977 2882//2882 2921//2921
f 2980//2980 2895//2895 2965//2965
f 2963//2963 2897//2897 2885//2885
f 2986//2986 2900//2900 2993//2993
f 2989//2989 2991//2991 2978//2978
f 2979//2979 2992//2992 2894//2894
f 2947//2947 2893//2893 2987//2987
f 2985//2985 2888//2888 2902//2902
f 2865//2865 2890//2890 2949//2949
f 2932//2932 2670//2670 2919//2919
f 2920//2920 2669//2669 2971//2971
f 2974//2974 2671//2671 2850//2850
f 2975//2975 2849//2849 2995//2995
f 2996//2996 2851//2851 2840//2840
f 2998//2998 2841//2841 2678//2678
f 2997//2997 2676//2676 3003//3003
f 3001//3001 2677//2677 2833//2833
f 3004//3004 2837//2837 3005//3005
f 3007//3007 2835//2835 2828//2828
f 3006//3006 2831//2831 3009//3009
f 3011//3011 2830//2830 2822//2822
f 3013//3013 2823//2823 2815//2815
f 3010//3010 2817//2817 3015//3015
f 3016//3016 2816//2816 2814//2814
f 3017//3017 2810//2810 3021//3021
f 3020//3020 2813//2813 2804//2804
f 3019//3019 2805//2805 2798//2798
f 3018//3018 2797//2797 3025//3025
f 3023//3023 2799//2799 2795//2795
f 3024//3024 2792//2792 3028//3028
f 3027//3027 2794//2794 2789//2789
f 3029//3029 2786//2786 3033//3033
f 3031//3031 2788//2788 2783//2783
f 3032//3032 2780//2780 3039//3039
f 3037//3037 2778//2778 2774//2774
f 3035//3035 2773//2773 2536//2536
f 3038//3038 2532//2532 3041//3041
f 3044//3044 2537//2537 2771//2771
f 3040//3040 2770//2770 2765//2765
f 3043//3043 2762//2762 3048//3048
f 3049//3049 2761//2761 2759//2759
f 3046//3046 2757//2757 2751//2751
f 3047//3047 2753//2753 3050//3050
f 3051//3051 2750//2750 2748//2748
f 3052//3052 2749//2749 3055//3055
f 3057//3057 2747//2747 2740//2740
f 3054//3054 2741//2741 3061//3061
f 3059//3059 2742//2742 2735//2735
f 3058//3058 2733//2733 3063//3063
f 3064//3064 2734//2734 2730//2730
f 3062//3062 2725//2725 3067//3067
f 3070//3070 2726//2726 2720//2720
f 3069//3069 2719//2719 2717//2717
f 3068//3068 2713//2713 3074//3074
f 3072//3072 2718//2718 2706//2706
f 3073//3073 2710//2710 3076//3076
f 3077//3077 2712//2712 2701//2701
f 3075//3075 2705//2705 2953//2953
f 2954//2954 2702//2702 2695//2695
f 2955//2955 2699//2699 2908//2908
f 2956//2956 2906//2906 2867//2867
f 3080//3080 3045//3045 3081//3081
f 3081//3081 3045//3045 3082//3082
f 3082//3082 3045//3045 3053//3053
f 3082//3082 3053//3053 3083//3083
f 3083//3083 3053//3053 3084//3084
f 3084//3084 3053//3053 3056//3056
f 3084//3084 3056//3056 3085//3085
f 3085//3085 3056//3056 3086//3086
f 3086//3086 3056//3056 3060//3060
f 3086//3086 3060//3060 3087//3087
f 3087//3087 3060//3060 3088//3088
f 3088//3088 3060//3060 3065//3065
f 3088//3088 3065//3065 3089//3089
f 3089//3089 3065//3065 3090//3090
f 3090//3090 3065//3065 3066//3066
f 3090//3090 3066//3066 3091//3091
f 3091//3091 3066//3066 3092//3092
f 3092//3092 3066//3066 3071//3071
f 3092//3092 3071//3071 3093//3093
f 3093//3093 3071//3071 3094//3094
f 3094//3094 3071//3071 3095//3095
f 3095//3095 3071//3071 3078//3078
f 3095//3095 3078//3078 3096//3096
f 3096//3096 3078//3078 3098//3098
f 3097//3097 3079//3079 2957//2957
f 3097//3097 2957//2957 3099//3099
f 3099//3099 2957//2957 3101//3101
f 3100//3100 2958//2958 2946//2946
f 3102//3102 2951//2951 3103//3103
f 3103//3103 2951//2951 3104//3104
f 3105//3105 2950//2950 2984//2984
f 3106//3106 2988//2988 3107//3107
f 3107//3107 2988//2988 3109//3109
f 3108//3108 2990//2990 3110//3110
f 3112//3112 3110//3110 2983//2983
f 3111//3111 2982//2982 3113//3113
f 3113//3113 2982//2982 3115//3115
f 3116//3116 2981//2981 2969//2969
f 3114//3114 2962//2962 3117//3117
f 3118//3118 2967//2967 3120//3120
f 3119//3119 2968//2968 2972//2972
f 3119//3119 2972//2972 3122//3122
f 3121//3121 2973//2973 3123//3123
f 3124//3124 2970//2970 2999//2999
f 3125//3125 2994//2994 3126//3126
f 3126//3126 2994//2994 3127//3127
f 3127//3127 2994//2994 3000//3000
f 3127//3127 3000//3000 3128//3128
f 3128//3128 3000//3000 3129//3129
f 3130//3130 3002//3002 3131//3131
f 3132//3132 3000//3000 3008//3008
f 3132//3132 3008//3008 3133//3133
f 3133//3133 3008//3008 3134//3134
f 3134//3134 3008//3008 3012//3012
f 3134//3134 3012//3012 3135//3135
f 3135//3135 3012//3012 3136//3136
f 3136//3136 3012//3012 3014//3014
f 3136//3136 3014//3014 3137//3137
f 3137//3137 3014//3014 3138//3138
f 3138//3138 3014//3014 3022//3022
f 3138//3138 3022//3022 3139//3139
f 3139//3139 3022//3022 3140//3140
f 3140//3140 3022//3022 3141//3141
f 3141//3141 3022//3022 3026//3026
f 3141//3141 3026//3026 3142//3142
f 3142//3142 3026//3026 3143//3143
f 3143//3143 3026//3026 3030//3030
f 3143//3143 3030//3030 3144//3144
f 3144//3144 3030//3030 3145//3145
f 3145//3145 3030//3030 3034//3034
f 3145//3145 3034//3034 3146//3146
f 3146//3146 3034//3034 3147//3147
f 3147//3147 3034//3034 3036//3036
f 3147//3147 3036//3036 3148//3148
f 3148//3148 3036//3036 3149//3149
f 3149//3149 3036//3036 3150//3150
f 3150//3150 3036//3036 3042//3042
f 3150//3150 3042//3042 3151//3151
f 3151//3151 3042//3042 3152//3152
f 3152//3152 3042//3042 3153//3153
f 3153//3153 3042//3042 3045//3045
f 3153//3153 3045//3045 3080//3080

