mtllib material.mtl
usemtl RAL2003.003
v 0.02651800 0.07000000 0.04524100
v 0.02651800 0.07000000 0.04524100
v 0.02651800 0.07000000 0.04524100
v 0.01601000 0.07000000 0.04950000
v 0.01601000 0.07000000 0.04950000
v 0.01601000 0.07000000 0.04950000
v 0.01187500 0.07000000 0.05054500
v 0.01187500 0.07000000 0.05054500
v 0.01187500 0.07000000 0.05054500
v 0.01187500 0.07000000 0.05054500
v 0.02138100 0.07000000 0.04766000
v 0.02138100 0.07000000 0.04766000
v 0.02138100 0.07000000 0.04766000
v 0.00482200 0.07000000 0.05136300
v 0.00482200 0.07000000 0.05136300
v 0.00482200 0.07000000 0.05136300
v 0.00055900 0.07000000 0.05148000
v 0.00055900 0.07000000 0.05148000
v 0.00055900 0.07000000 0.05148000
v 0.00055900 0.07000000 0.05148000
v 0.01046700 0.07000000 0.05073900
v 0.01046700 0.07000000 0.05073900
v 0.01046700 0.07000000 0.05073900
v 0.00624300 0.07000000 0.05132400
v 0.00624300 0.07000000 0.05132400
v 0.00624300 0.07000000 0.05132400
v 0.00624300 0.07000000 0.05132400
v 0.01738700 0.07000000 0.04915200
v 0.01738700 0.07000000 0.04915200
v 0.01738700 0.07000000 0.04915200
v 0.01738700 0.07000000 0.04915200
v 0.02271200 0.07000000 0.04716200
v 0.02271200 0.07000000 0.04716200
v 0.02271200 0.07000000 0.04716200
v 0.02271200 0.07000000 0.04716200
v -0.00085700 0.07000000 0.05136300
v -0.00085700 0.07000000 0.05136300
v 0.03583800 0.07000000 0.03879100
v 0.03583800 0.07000000 0.03879100
v 0.03583800 0.07000000 0.03879100
v 0.03254600 0.07000000 0.04149700
v 0.03254600 0.07000000 0.04149700
v 0.03254600 0.07000000 0.04149700
v 0.03254600 0.07000000 0.04149700
v 0.03990900 0.07000000 0.03483900
v 0.03990900 0.07000000 0.03483900
v 0.03990900 0.07000000 0.03483900
v 0.03693500 0.07000000 0.03789000
v 0.03693500 0.07000000 0.03789000
v 0.03693500 0.07000000 0.03789000
v 0.03693500 0.07000000 0.03789000
v 0.03135600 0.07000000 0.04227200
v 0.03135600 0.07000000 0.04227200
v 0.03135600 0.07000000 0.04227200
v 0.02778600 0.07000000 0.04460000
v 0.02778600 0.07000000 0.04460000
v 0.02778600 0.07000000 0.04460000
v 0.02778600 0.07000000 0.04460000
v 0.04352000 0.07000000 0.03046400
v 0.04352000 0.07000000 0.03046400
v 0.04352000 0.07000000 0.03046400
v 0.04090000 0.07000000 0.03382300
v 0.04090000 0.07000000 0.03382300
v 0.04090000 0.07000000 0.03382300
v 0.04090000 0.07000000 0.03382300
v 0.05335600 0.07000000 0.00424600
v 0.05335600 0.07000000 0.00424600
v 0.05335600 0.07000000 0.00424600
v -0.02739200 0.07000000 0.04227400
v -0.02739200 0.07000000 0.04227400
v -0.02739200 0.07000000 0.04227400
v -0.03082900 0.07000000 0.03975400
v -0.03082900 0.07000000 0.03975400
v -0.03082900 0.07000000 0.03975400
v -0.03082900 0.07000000 0.03975400
v -0.02255300 0.07000000 0.04524200
v -0.02255300 0.07000000 0.04524200
v -0.02624700 0.07000000 0.04311400
v -0.02624700 0.07000000 0.04311400
v -0.02624700 0.07000000 0.04311400
v -0.02624700 0.07000000 0.04311400
v 0.04662600 0.07000000 0.02571900
v 0.04662600 0.07000000 0.02571900
v 0.04662600 0.07000000 0.02571900
v 0.04439200 0.07000000 0.02934500
v 0.04439200 0.07000000 0.02934500
v 0.04439200 0.07000000 0.02934500
v 0.04439200 0.07000000 0.02934500
v 0.04919000 0.07000000 0.02066200
v 0.04919000 0.07000000 0.02066200
v 0.04737000 0.07000000 0.02451100
v 0.04737000 0.07000000 0.02451100
v 0.04737000 0.07000000 0.02451100
v 0.04737000 0.07000000 0.02451100
v 0.05118200 0.07000000 0.01535400
v 0.05118200 0.07000000 0.01535400
v 0.04979700 0.07000000 0.01938000
v 0.04979700 0.07000000 0.01938000
v 0.04979700 0.07000000 0.01938000
v 0.04979700 0.07000000 0.01938000
v 0.05257600 0.07000000 0.00986000
v 0.05257600 0.07000000 0.00986000
v 0.05257600 0.07000000 0.00986000
v 0.05164300 0.07000000 0.01401300
v 0.05164300 0.07000000 0.01401300
v 0.05164300 0.07000000 0.01401300
v 0.05164300 0.07000000 0.01401300
v -0.01741700 0.07000000 0.04766100
v -0.01741700 0.07000000 0.04766100
v -0.01741700 0.07000000 0.04766100
v -0.02132300 0.07000000 0.04595100
v -0.02132300 0.07000000 0.04595100
v -0.02132300 0.07000000 0.04595100
v -0.02132300 0.07000000 0.04595100
v 0.05288700 0.07000000 0.00847700
v 0.05288700 0.07000000 0.00847700
v 0.05288700 0.07000000 0.00847700
v 0.05288700 0.07000000 0.00847700
v -0.02968400 0.07000000 -0.04059400
v -0.02968400 0.07000000 -0.04059400
v -0.02968400 0.07000000 -0.04059400
v 0.02897500 0.07000000 -0.04382500
v 0.02897500 0.07000000 -0.04382500
v 0.02897500 0.07000000 -0.04382500
v 0.03254600 0.07000000 -0.04149700
v 0.03254600 0.07000000 -0.04149700
v 0.03254600 0.07000000 -0.04149700
v 0.03254600 0.07000000 -0.04149700
v 0.02398000 0.07000000 -0.04652200
v 0.02398000 0.07000000 -0.04652200
v 0.02398000 0.07000000 -0.04652200
v 0.02778600 0.07000000 -0.04460000
v 0.02778600 0.07000000 -0.04460000
v 0.02778600 0.07000000 -0.04460000
v 0.02778600 0.07000000 -0.04460000
v -0.01475900 0.07000000 -0.04865400
v -0.01475900 0.07000000 -0.04865400
v -0.01475900 0.07000000 -0.04865400
v -0.02501600 0.07000000 -0.04382300
v -0.02501600 0.07000000 -0.04382300
v -0.02501600 0.07000000 -0.04382300
v -0.02002100 0.07000000 -0.04652100
v -0.02002100 0.07000000 -0.04652100
v -0.02002100 0.07000000 -0.04652100
v 0.03364300 0.07000000 -0.04059500
v 0.03364300 0.07000000 -0.04059500
v 0.03364300 0.07000000 -0.04059500
v -0.03396600 0.07000000 -0.03687100
v -0.03396600 0.07000000 -0.03687100
v -0.03396600 0.07000000 -0.03687100
v -0.03082900 0.07000000 -0.03975400
v -0.03082900 0.07000000 -0.03975400
v -0.03082900 0.07000000 -0.03975400
v -0.03082900 0.07000000 -0.03975400
v -0.03781300 0.07000000 -0.03270100
v -0.03781300 0.07000000 -0.03270100
v -0.03781300 0.07000000 -0.03270100
v -0.03501200 0.07000000 -0.03591100
v -0.03501200 0.07000000 -0.03591100
v -0.03501200 0.07000000 -0.03591100
v -0.03501200 0.07000000 -0.03591100
v -0.03594500 0.07000000 0.03484100
v -0.03594500 0.07000000 0.03484100
v -0.03594500 0.07000000 0.03484100
v -0.03874600 0.07000000 0.03163200
v -0.03874600 0.07000000 0.03163200
v -0.03874600 0.07000000 0.03163200
v -0.03874600 0.07000000 0.03163200
v -0.03187400 0.07000000 0.03879300
v -0.03187400 0.07000000 0.03879300
v -0.03187400 0.07000000 0.03879300
v -0.03501200 0.07000000 0.03591100
v -0.03501200 0.07000000 0.03591100
v -0.03501200 0.07000000 0.03591100
v -0.03501200 0.07000000 0.03591100
v -0.01204500 0.07000000 0.04950100
v -0.01204500 0.07000000 0.04950100
v -0.01204500 0.07000000 0.04950100
v -0.01611500 0.07000000 0.04823000
v -0.01611500 0.07000000 0.04823000
v -0.01611500 0.07000000 0.04823000
v -0.01611500 0.07000000 0.04823000
v -0.00650300 0.07000000 0.05074000
v -0.00650300 0.07000000 0.05074000
v -0.00650300 0.07000000 0.05074000
v -0.01068900 0.07000000 0.04992400
v -0.01068900 0.07000000 0.04992400
v -0.01068900 0.07000000 0.04992400
v -0.01068900 0.07000000 0.04992400
v -0.00510800 0.07000000 0.05101200
v -0.00510800 0.07000000 0.05101200
v -0.00510800 0.07000000 0.05101200
v -0.00510800 0.07000000 0.05101200
v 0.01871800 0.07000000 -0.04865500
v 0.01871800 0.07000000 -0.04865500
v 0.01871800 0.07000000 -0.04865500
v 0.02271200 0.07000000 -0.04716200
v 0.02271200 0.07000000 -0.04716200
v 0.02271200 0.07000000 -0.04716200
v 0.02271200 0.07000000 -0.04716200
v -0.01068900 0.07000000 -0.04992400
v -0.01068900 0.07000000 -0.04992400
v -0.01068900 0.07000000 -0.04992400
v -0.01068900 0.07000000 -0.04992400
v -0.02132300 0.07000000 -0.04595100
v -0.02132300 0.07000000 -0.04595100
v -0.02132300 0.07000000 -0.04595100
v -0.02132300 0.07000000 -0.04595100
v -0.04117700 0.07000000 -0.02813400
v -0.04117700 0.07000000 -0.02813400
v -0.04117700 0.07000000 -0.02813400
v -0.03874600 0.07000000 -0.03163200
v -0.03874600 0.07000000 -0.03163200
v -0.03874600 0.07000000 -0.03163200
v -0.03874600 0.07000000 -0.03163200
v -0.04401600 0.07000000 -0.02322600
v -0.04401600 0.07000000 -0.02322600
v -0.04401600 0.07000000 -0.02322600
v -0.04198600 0.07000000 -0.02696900
v -0.04198600 0.07000000 -0.02696900
v -0.04198600 0.07000000 -0.02696900
v -0.04198600 0.07000000 -0.02696900
v -0.04629800 0.07000000 -0.01803600
v -0.04629800 0.07000000 -0.01803600
v -0.04469300 0.07000000 -0.02197900
v -0.04469300 0.07000000 -0.02197900
v -0.04469300 0.07000000 -0.02197900
v -0.04469300 0.07000000 -0.02197900
v -0.04939400 0.07000000 0.00425000
v -0.04939400 0.07000000 0.00425000
v -0.04939400 0.07000000 0.00425000
v 0.04177300 0.07000000 -0.03270400
v 0.04177300 0.07000000 -0.03270400
v 0.04439200 0.07000000 -0.02934500
v 0.04439200 0.07000000 -0.02934500
v 0.04439200 0.07000000 -0.02934500
v 0.04439200 0.07000000 -0.02934500
v 0.03792600 0.07000000 -0.03687300
v 0.03792600 0.07000000 -0.03687300
v 0.03792600 0.07000000 -0.03687300
v 0.04090000 0.07000000 -0.03382300
v 0.04090000 0.07000000 -0.03382300
v 0.04090000 0.07000000 -0.03382300
v 0.04090000 0.07000000 -0.03382300
v 0.01325200 0.07000000 -0.05019700
v 0.01325200 0.07000000 -0.05019700
v 0.01325200 0.07000000 -0.05019700
v 0.01738700 0.07000000 -0.04915200
v 0.01738700 0.07000000 -0.04915200
v 0.01738700 0.07000000 -0.04915200
v 0.01738700 0.07000000 -0.04915200
v 0.00765000 0.07000000 -0.05112900
v 0.00765000 0.07000000 -0.05112900
v 0.00765000 0.07000000 -0.05112900
v 0.01187500 0.07000000 -0.05054500
v 0.01187500 0.07000000 -0.05054500
v 0.01187500 0.07000000 -0.05054500
v 0.01187500 0.07000000 -0.05054500
v 0.00197900 0.07000000 -0.05144100
v 0.00197900 0.07000000 -0.05144100
v 0.00197900 0.07000000 -0.05144100
v 0.00624300 0.07000000 -0.05132400
v 0.00624300 0.07000000 -0.05132400
v 0.00624300 0.07000000 -0.05132400
v 0.00624300 0.07000000 -0.05132400
v -0.00369200 0.07000000 -0.05112900
v -0.00369200 0.07000000 -0.05112900
v -0.00369200 0.07000000 -0.05112900
v 0.00055900 0.07000000 -0.05148000
v 0.00055900 0.07000000 -0.05148000
v 0.00055900 0.07000000 -0.05148000
v 0.00055900 0.07000000 -0.05148000
v -0.00929400 0.07000000 -0.05019600
v -0.00929400 0.07000000 -0.05019600
v -0.00929400 0.07000000 -0.05019600
v -0.00510800 0.07000000 -0.05101200
v -0.00510800 0.07000000 -0.05101200
v -0.00510800 0.07000000 -0.05101200
v -0.00510800 0.07000000 -0.05101200
v -0.01611500 0.07000000 -0.04823000
v -0.01611500 0.07000000 -0.04823000
v -0.01611500 0.07000000 -0.04823000
v -0.01611500 0.07000000 -0.04823000
v -0.02624700 0.07000000 -0.04311400
v -0.02624700 0.07000000 -0.04311400
v -0.02624700 0.07000000 -0.04311400
v -0.02624700 0.07000000 -0.04311400
v -0.04799300 0.07000000 -0.01262700
v -0.04799300 0.07000000 -0.01262700
v -0.04799300 0.07000000 -0.01262700
v -0.04683200 0.07000000 -0.01672200
v -0.04683200 0.07000000 -0.01672200
v -0.04683200 0.07000000 -0.01672200
v -0.04683200 0.07000000 -0.01672200
v -0.04908200 0.07000000 -0.00706400
v -0.04908200 0.07000000 -0.00706400
v -0.04838000 0.07000000 -0.01126200
v -0.04838000 0.07000000 -0.01126200
v -0.04838000 0.07000000 -0.01126200
v -0.04838000 0.07000000 -0.01126200
v -0.03955600 0.07000000 0.03046700
v -0.03955600 0.07000000 0.03046700
v -0.03955600 0.07000000 0.03046700
v 0.05351200 0.07000000 -0.00141900
v 0.05351200 0.07000000 -0.00141900
v 0.05351200 0.07000000 -0.00141900
v 0.05351200 0.07000000 -0.00141900
v 0.05351200 0.07000000 0.00283700
v 0.05351200 0.07000000 0.00283700
v 0.05351200 0.07000000 0.00283700
v 0.05351200 0.07000000 0.00283700
v 0.05304300 0.07000000 -0.00706700
v 0.05304300 0.07000000 -0.00706700
v 0.05351200 0.07000000 -0.00283700
v 0.05351200 0.07000000 -0.00283700
v 0.05351200 0.07000000 -0.00283700
v 0.05351200 0.07000000 -0.00283700
v 0.05025800 0.07000000 -0.01803900
v 0.05025800 0.07000000 -0.01803900
v 0.05025800 0.07000000 -0.01803900
v 0.05164300 0.07000000 -0.01401300
v 0.05164300 0.07000000 -0.01401300
v 0.05164300 0.07000000 -0.01401300
v 0.05164300 0.07000000 -0.01401300
v 0.04797700 0.07000000 -0.02322900
v 0.04797700 0.07000000 -0.02322900
v 0.04797700 0.07000000 -0.02322900
v 0.04979700 0.07000000 -0.01938000
v 0.04979700 0.07000000 -0.01938000
v 0.04979700 0.07000000 -0.01938000
v 0.04979700 0.07000000 -0.01938000
v 0.04513700 0.07000000 -0.02813700
v 0.04513700 0.07000000 -0.02813700
v 0.04513700 0.07000000 -0.02813700
v 0.04737000 0.07000000 -0.02451100
v 0.04737000 0.07000000 -0.02451100
v 0.04737000 0.07000000 -0.02451100
v 0.04737000 0.07000000 -0.02451100
v -0.04955100 0.07000000 -0.00141600
v -0.04955100 0.07000000 -0.00141600
v -0.04931600 0.07000000 -0.00566500
v -0.04931600 0.07000000 -0.00566500
v -0.04931600 0.07000000 -0.00566500
v -0.04931600 0.07000000 -0.00566500
v -0.04962900 0.07000000 0.00000000
v -0.04962900 0.07000000 0.00000000
v -0.04962900 0.07000000 0.00000000
v -0.04962900 0.07000000 0.00000000
v -0.04721900 0.07000000 0.01535800
v -0.04721900 0.07000000 0.01535800
v -0.04838000 0.07000000 0.01126200
v -0.04838000 0.07000000 0.01126200
v -0.04838000 0.07000000 0.01126200
v -0.04838000 0.07000000 0.01126200
v -0.04522700 0.07000000 0.02066500
v -0.04522700 0.07000000 0.02066500
v -0.04522700 0.07000000 0.02066500
v -0.04683200 0.07000000 0.01672200
v -0.04683200 0.07000000 0.01672200
v -0.04683200 0.07000000 0.01672200
v -0.04683200 0.07000000 0.01672200
v -0.04266300 0.07000000 0.02572200
v -0.04266300 0.07000000 0.02572200
v -0.04266300 0.07000000 0.02572200
v -0.04469300 0.07000000 0.02197900
v -0.04469300 0.07000000 0.02197900
v -0.04469300 0.07000000 0.02197900
v -0.04469300 0.07000000 0.02197900
v -0.04198600 0.07000000 0.02696900
v -0.04198600 0.07000000 0.02696900
v -0.04198600 0.07000000 0.02696900
v -0.04198600 0.07000000 0.02696900
v 0.05195400 0.07000000 -0.01263000
v 0.05195400 0.07000000 -0.01263000
v 0.05195400 0.07000000 -0.01263000
v 0.05288700 0.07000000 -0.00847700
v 0.05288700 0.07000000 -0.00847700
v 0.05288700 0.07000000 -0.00847700
v 0.05288700 0.07000000 -0.00847700
v 0.03693500 0.07000000 -0.03789000
v 0.03693500 0.07000000 -0.03789000
v 0.03693500 0.07000000 -0.03789000
v 0.03693500 0.07000000 -0.03789000
v -0.04861400 0.07000000 0.00986300
v -0.04861400 0.07000000 0.00986300
v -0.04931600 0.07000000 0.00566500
v -0.04931600 0.07000000 0.00566500
v -0.04931600 0.07000000 0.00566500
v -0.04931600 0.07000000 0.00566500
v -0.00369700 0.07414400 -0.05118700
v -0.00369700 0.07414400 -0.05118700
v -0.00369700 0.07414400 -0.05118700
v -0.00369700 0.07414400 -0.05118700
v -0.00369700 0.07414400 -0.05118700
v 0.00198100 0.07414400 -0.05150000
v 0.00198100 0.07414400 -0.05150000
v 0.00198100 0.07414400 -0.05150000
v 0.00198100 0.07414400 -0.05150000
v 0.00198100 0.07414400 -0.05150000
v -0.00930500 0.07414400 -0.05025400
v -0.00930500 0.07414400 -0.05025400
v -0.00930500 0.07414400 -0.05025400
v -0.00930500 0.07414400 -0.05025400
v -0.00930500 0.07414400 -0.05025400
v -0.01477700 0.07414400 -0.04871000
v -0.01477700 0.07414400 -0.04871000
v -0.01477700 0.07414400 -0.04871000
v -0.01477700 0.07414400 -0.04871000
v -0.01477700 0.07414400 -0.04871000
v -0.02004500 0.07414400 -0.04657400
v -0.02004500 0.07414400 -0.04657400
v -0.02004500 0.07414400 -0.04657400
v -0.02004500 0.07414400 -0.04657400
v -0.02004500 0.07414400 -0.04657400
v -0.02504600 0.07414400 -0.04387400
v -0.02504600 0.07414400 -0.04387400
v -0.02504600 0.07414400 -0.04387400
v -0.02504600 0.07414400 -0.04387400
v -0.02504600 0.07414400 -0.04387400
v -0.02971800 0.07414400 -0.04064100
v -0.02971800 0.07414400 -0.04064100
v -0.02971800 0.07414400 -0.04064100
v -0.02971800 0.07414400 -0.04064100
v -0.02971800 0.07414400 -0.04064100
v -0.03400600 0.07414400 -0.03691400
v -0.03400600 0.07414400 -0.03691400
v -0.03400600 0.07414400 -0.03691400
v -0.03400600 0.07414400 -0.03691400
v -0.03400600 0.07414400 -0.03691400
v -0.03785800 0.07414400 -0.03274000
v -0.03785800 0.07414400 -0.03274000
v -0.03785800 0.07414400 -0.03274000
v -0.03785800 0.07414400 -0.03274000
v -0.03785800 0.07414400 -0.03274000
v -0.04122500 0.07414400 -0.02816800
v -0.04122500 0.07414400 -0.02816800
v -0.04122500 0.07414400 -0.02816800
v -0.04122500 0.07414400 -0.02816800
v -0.04122500 0.07414400 -0.02816800
v -0.04406800 0.07414400 -0.02325400
v -0.04406800 0.07414400 -0.02325400
v -0.04406800 0.07414400 -0.02325400
v -0.04406800 0.07414400 -0.02325400
v -0.04406800 0.07414400 -0.02325400
v -0.04635200 0.07414400 -0.01805800
v -0.04635200 0.07414400 -0.01805800
v -0.04635200 0.07414400 -0.01805800
v -0.04635200 0.07414400 -0.01805800
v -0.04805000 0.07414400 -0.01264200
v -0.04805000 0.07414400 -0.01264200
v -0.04805000 0.07414400 -0.01264200
v -0.04805000 0.07414400 -0.01264200
v -0.04805000 0.07414400 -0.01264200
v -0.04914000 0.07414400 -0.00707400
v -0.04914000 0.07414400 -0.00707400
v -0.04914000 0.07414400 -0.00707400
v -0.04914000 0.07414400 -0.00707400
v -0.04960900 0.07414400 -0.00141900
v -0.04960900 0.07414400 -0.00141900
v -0.04960900 0.07414400 -0.00141900
v -0.04960900 0.07414400 -0.00141900
v -0.04945300 0.07414400 0.00425300
v -0.04945300 0.07414400 0.00425300
v -0.04945300 0.07414400 0.00425300
v -0.04945300 0.07414400 0.00425300
v -0.04945300 0.07414400 0.00425300
v -0.04867200 0.07414400 0.00987300
v -0.04867200 0.07414400 0.00987300
v -0.04867200 0.07414400 0.00987300
v -0.04867200 0.07414400 0.00987300
v -0.04727600 0.07414400 0.01537400
v -0.04727600 0.07414400 0.01537400
v -0.04727600 0.07414400 0.01537400
v -0.04727600 0.07414400 0.01537400
v -0.04528200 0.07414400 0.02068700
v -0.04528200 0.07414400 0.02068700
v -0.04528200 0.07414400 0.02068700
v -0.04528200 0.07414400 0.02068700
v -0.04528200 0.07414400 0.02068700
v -0.04271400 0.07414400 0.02575000
v -0.04271400 0.07414400 0.02575000
v -0.04271400 0.07414400 0.02575000
v -0.04271400 0.07414400 0.02575000
v -0.04271400 0.07414400 0.02575000
v -0.03960400 0.07414400 0.03050000
v -0.03960400 0.07414400 0.03050000
v -0.03960400 0.07414400 0.03050000
v -0.03960400 0.07414400 0.03050000
v -0.03960400 0.07414400 0.03050000
v -0.03599000 0.07414400 0.03488000
v -0.03599000 0.07414400 0.03488000
v -0.03599000 0.07414400 0.03488000
v -0.03599000 0.07414400 0.03488000
v -0.03599000 0.07414400 0.03488000
v -0.03191400 0.07414400 0.03883700
v -0.03191400 0.07414400 0.03883700
v -0.03191400 0.07414400 0.03883700
v -0.03191400 0.07414400 0.03883700
v -0.03191400 0.07414400 0.03883700
v -0.02742700 0.07414400 0.04232200
v -0.02742700 0.07414400 0.04232200
v -0.02742700 0.07414400 0.04232200
v -0.02742700 0.07414400 0.04232200
v -0.02742700 0.07414400 0.04232200
v -0.02258300 0.07414400 0.04529300
v -0.02258300 0.07414400 0.04529300
v -0.02258300 0.07414400 0.04529300
v -0.02258300 0.07414400 0.04529300
v -0.01744000 0.07414400 0.04771400
v -0.01744000 0.07414400 0.04771400
v -0.01744000 0.07414400 0.04771400
v -0.01744000 0.07414400 0.04771400
v -0.01744000 0.07414400 0.04771400
v -0.01206200 0.07414400 0.04955700
v -0.01206200 0.07414400 0.04955700
v -0.01206200 0.07414400 0.04955700
v -0.01206200 0.07414400 0.04955700
v -0.01206200 0.07414400 0.04955700
v -0.00651400 0.07414400 0.05079800
v -0.00651400 0.07414400 0.05079800
v -0.00651400 0.07414400 0.05079800
v -0.00651400 0.07414400 0.05079800
v -0.00651400 0.07414400 0.05079800
v -0.00086200 0.07414400 0.05142200
v -0.00086200 0.07414400 0.05142200
v -0.00086200 0.07414400 0.05142200
v -0.00086200 0.07414400 0.05142200
v 0.00482400 0.07414400 0.05142200
v 0.00482400 0.07414400 0.05142200
v 0.00482400 0.07414400 0.05142200
v 0.00482400 0.07414400 0.05142200
v 0.00482400 0.07414400 0.05142200
v 0.01047600 0.07414400 0.05079800
v 0.01047600 0.07414400 0.05079800
v 0.01047600 0.07414400 0.05079800
v 0.01047600 0.07414400 0.05079800
v 0.01047600 0.07414400 0.05079800
v 0.01602400 0.07414400 0.04955700
v 0.01602400 0.07414400 0.04955700
v 0.01602400 0.07414400 0.04955700
v 0.01602400 0.07414400 0.04955700
v 0.01602400 0.07414400 0.04955700
v 0.02140200 0.07414400 0.04771400
v 0.02140200 0.07414400 0.04771400
v 0.02140200 0.07414400 0.04771400
v 0.02140200 0.07414400 0.04771400
v 0.02140200 0.07414400 0.04771400
v 0.02654400 0.07414400 0.04529300
v 0.02654400 0.07414400 0.04529300
v 0.02654400 0.07414400 0.04529300
v 0.02654400 0.07414400 0.04529300
v 0.02654400 0.07414400 0.04529300
v 0.03138800 0.07414400 0.04232200
v 0.03138800 0.07414400 0.04232200
v 0.03138800 0.07414400 0.04232200
v 0.03138800 0.07414400 0.04232200
v 0.03138800 0.07414400 0.04232200
v 0.03587600 0.07414400 0.03883700
v 0.03587600 0.07414400 0.03883700
v 0.03587600 0.07414400 0.03883700
v 0.03587600 0.07414400 0.03883700
v 0.03587600 0.07414400 0.03883700
v 0.03995100 0.07414400 0.03488000
v 0.03995100 0.07414400 0.03488000
v 0.03995100 0.07414400 0.03488000
v 0.03995100 0.07414400 0.03488000
v 0.03995100 0.07414400 0.03488000
v 0.04356600 0.07414400 0.03050000
v 0.04356600 0.07414400 0.03050000
v 0.04356600 0.07414400 0.03050000
v 0.04356600 0.07414400 0.03050000
v 0.04356600 0.07414400 0.03050000
v 0.04667600 0.07414400 0.02575000
v 0.04667600 0.07414400 0.02575000
v 0.04667600 0.07414400 0.02575000
v 0.04667600 0.07414400 0.02575000
v 0.04667600 0.07414400 0.02575000
v 0.04924400 0.07414400 0.02068700
v 0.04924400 0.07414400 0.02068700
v 0.04924400 0.07414400 0.02068700
v 0.04924400 0.07414400 0.02068700
v 0.05123700 0.07414400 0.01537400
v 0.05123700 0.07414400 0.01537400
v 0.05123700 0.07414400 0.01537400
v 0.05123700 0.07414400 0.01537400
v 0.05263300 0.07414400 0.00987300
v 0.05263300 0.07414400 0.00987300
v 0.05263300 0.07414400 0.00987300
v 0.05263300 0.07414400 0.00987300
v 0.05263300 0.07414400 0.00987300
v 0.05341400 0.07414400 0.00425300
v 0.05341400 0.07414400 0.00425300
v 0.05341400 0.07414400 0.00425300
v 0.05341400 0.07414400 0.00425300
v 0.05341400 0.07414400 0.00425300
v 0.05359100 0.07414400 0.00000000
v 0.05359100 0.07414400 0.00000000
v 0.05359100 0.07414400 0.00000000
v 0.05359100 0.07414400 0.00000000
v 0.05357100 0.07414400 -0.00141900
v 0.05357100 0.07414400 -0.00141900
v 0.05357100 0.07414400 -0.00141900
v 0.05357100 0.07414400 -0.00141900
v 0.05310100 0.07414400 -0.00707400
v 0.05310100 0.07414400 -0.00707400
v 0.05310100 0.07414400 -0.00707400
v 0.05310100 0.07414400 -0.00707400
v 0.05201100 0.07414400 -0.01264200
v 0.05201100 0.07414400 -0.01264200
v 0.05201100 0.07414400 -0.01264200
v 0.05201100 0.07414400 -0.01264200
v 0.05201100 0.07414400 -0.01264200
v 0.05031400 0.07414400 -0.01805800
v 0.05031400 0.07414400 -0.01805800
v 0.05031400 0.07414400 -0.01805800
v 0.05031400 0.07414400 -0.01805800
v 0.05031400 0.07414400 -0.01805800
v 0.04803000 0.07414400 -0.02325400
v 0.04803000 0.07414400 -0.02325400
v 0.04803000 0.07414400 -0.02325400
v 0.04803000 0.07414400 -0.02325400
v 0.04803000 0.07414400 -0.02325400
v 0.04518700 0.07414400 -0.02816800
v 0.04518700 0.07414400 -0.02816800
v 0.04518700 0.07414400 -0.02816800
v 0.04518700 0.07414400 -0.02816800
v 0.04518700 0.07414400 -0.02816800
v 0.04181900 0.07414400 -0.03274000
v 0.04181900 0.07414400 -0.03274000
v 0.04181900 0.07414400 -0.03274000
v 0.04181900 0.07414400 -0.03274000
v 0.03796800 0.07414400 -0.03691400
v 0.03796800 0.07414400 -0.03691400
v 0.03796800 0.07414400 -0.03691400
v 0.03796800 0.07414400 -0.03691400
v 0.03796800 0.07414400 -0.03691400
v 0.03368000 0.07414400 -0.04064100
v 0.03368000 0.07414400 -0.04064100
v 0.03368000 0.07414400 -0.04064100
v 0.03368000 0.07414400 -0.04064100
v 0.03368000 0.07414400 -0.04064100
v 0.02900700 0.07414400 -0.04387400
v 0.02900700 0.07414400 -0.04387400
v 0.02900700 0.07414400 -0.04387400
v 0.02900700 0.07414400 -0.04387400
v 0.02900700 0.07414400 -0.04387400
v 0.02400700 0.07414400 -0.04657400
v 0.02400700 0.07414400 -0.04657400
v 0.02400700 0.07414400 -0.04657400
v 0.02400700 0.07414400 -0.04657400
v 0.02400700 0.07414400 -0.04657400
v 0.01873900 0.07414400 -0.04871000
v 0.01873900 0.07414400 -0.04871000
v 0.01873900 0.07414400 -0.04871000
v 0.01873900 0.07414400 -0.04871000
v 0.01873900 0.07414400 -0.04871000
v 0.01326700 0.07414400 -0.05025400
v 0.01326700 0.07414400 -0.05025400
v 0.01326700 0.07414400 -0.05025400
v 0.01326700 0.07414400 -0.05025400
v 0.01326700 0.07414400 -0.05025400
v 0.00765800 0.07414400 -0.05118700
v 0.00765800 0.07414400 -0.05118700
v 0.00765800 0.07414400 -0.05118700
v 0.00765800 0.07414400 -0.05118700
v 0.00765800 0.07414400 -0.05118700
v -0.01461400 0.07414400 0.05999700
v -0.01461400 0.07414400 0.05999700
v -0.01461400 0.07414400 0.05999700
v 0.05690300 0.07414400 0.04283300
v 0.05690300 0.07414400 0.04283300
v 0.05690300 0.07414400 0.04283300
v 0.03799600 0.07414400 0.05160300
v 0.03799600 0.07414400 0.05160300
v 0.03799600 0.07414400 0.05160300
v 0.01910200 0.07414400 0.05999700
v 0.01910200 0.07414400 0.05999700
v 0.01910200 0.07414400 0.05999700
v -0.03172200 0.07414400 0.05292600
v -0.03172200 0.07414400 0.05292600
v -0.03172200 0.07414400 0.05292600
v -0.05162200 0.07414400 0.03306800
v -0.05162200 0.07414400 0.03306800
v -0.05162200 0.07414400 0.03306800
v -0.05870800 0.07414400 0.01599700
v -0.05870800 0.07414400 0.01599700
v -0.05870800 0.07414400 0.01599700
v -0.05870800 0.07414400 -0.01600300
v -0.05870800 0.07414400 -0.01600300
v -0.05870800 0.07414400 -0.01600300
v -0.05162200 0.07414400 -0.03307400
v -0.05162200 0.07414400 -0.03307400
v -0.05162200 0.07414400 -0.03307400
v -0.05162200 0.07414400 -0.03307400
v -0.03172200 0.07414400 -0.05293200
v -0.03172200 0.07414400 -0.05293200
v -0.03172200 0.07414400 -0.05293200
v 0.03799600 0.07414400 -0.05160900
v 0.03799600 0.07414400 -0.05160900
v 0.03799600 0.07414400 -0.05160900
v 0.05690300 0.07414400 -0.04283900
v 0.05690300 0.07414400 -0.04283900
v 0.05690300 0.07414400 -0.04283900
v 0.01910200 0.07414400 -0.06000300
v 0.01910200 0.07414400 -0.06000300
v 0.01910200 0.07414400 -0.06000300
v -0.01461400 0.07414400 -0.06000300
v -0.01461400 0.07414400 -0.06000300
v -0.01461400 0.07414400 -0.06000300
v 0.06392900 0.07414400 -0.04610800
v 0.06392900 0.07414400 -0.04610800
v 0.06392900 0.07414400 -0.04610800
v 0.06392900 0.07414400 -0.04610800
v 0.06392900 0.07414400 0.04610200
v 0.06392900 0.07414400 0.04610200
v 0.06392900 0.07414400 0.04610200
v 0.06392900 0.07414400 0.04610200
v 0.06392900 0.07414400 0.04610200
v -0.01461400 0.09460300 0.05999700
v -0.01461400 0.09460300 0.05999700
v -0.01461400 0.09460300 0.05999700
v -0.01461400 0.09460300 0.05999700
v -0.03172200 0.09460300 0.05292600
v -0.03172200 0.09460300 0.05292600
v -0.03172200 0.09460300 0.05292600
v -0.03172200 0.09460300 0.05292600
v -0.04717300 0.09942100 0.03750800
v -0.04717300 0.09942100 0.03750800
v -0.04717300 0.09942100 0.03750800
v -0.05162200 0.09780500 0.03306800
v -0.05162200 0.09780500 0.03306800
v -0.05162200 0.09780500 0.03306800
v -0.05870800 0.09523100 -0.01600300
v -0.05870800 0.09523100 -0.01600300
v -0.05870800 0.09523100 -0.01600300
v -0.05162200 0.09780500 -0.03307400
v -0.05162200 0.09780500 -0.03307400
v -0.05162200 0.09780500 -0.03307400
v -0.05870800 0.09523100 0.01599700
v -0.05870800 0.09523100 0.01599700
v -0.05870800 0.09523100 0.01599700
v -0.04717300 0.09942100 -0.03751400
v -0.04717300 0.09942100 -0.03751400
v -0.04717300 0.09942100 -0.03751400
v -0.04717300 0.09942100 -0.03751400
v -0.03172200 0.09460300 -0.05293200
v -0.03172200 0.09460300 -0.05293200
v -0.03172200 0.09460300 -0.05293200
v -0.03172200 0.09460300 -0.05293200
v -0.01461400 0.09460300 -0.06000300
v -0.01461400 0.09460300 -0.06000300
v -0.01461400 0.09460300 -0.06000300
v -0.01461400 0.09460300 -0.06000300
v -0.02864400 0.10615000 0.03255000
v -0.02864400 0.10615000 0.03255000
v -0.02864400 0.10615000 0.03255000
v -0.02864400 0.10615000 0.03255000
v -0.02864400 0.10615000 -0.03255600
v -0.02864400 0.10615000 -0.03255600
v -0.02864400 0.10615000 -0.03255600
v -0.02864400 0.10615000 -0.03255600
v -0.01062800 0.10615000 0.03999700
v -0.01062800 0.10615000 0.03999700
v -0.01062800 0.10615000 0.03999700
v 0.01910200 0.09460300 0.05999700
v 0.01910200 0.09460300 0.05999700
v 0.01910200 0.09460300 0.05999700
v 0.01910200 0.09460300 0.05999700
v -0.01062800 0.10615000 -0.04000300
v -0.01062800 0.10615000 -0.04000300
v -0.01062800 0.10615000 -0.04000300
v 0.01910200 0.09460300 -0.06000300
v 0.01910200 0.09460300 -0.06000300
v 0.01910200 0.09460300 -0.06000300
v 0.01910200 0.09460300 -0.06000300
v 0.01484200 0.10615000 -0.04000300
v 0.01484200 0.10615000 -0.04000300
v 0.01484200 0.10615000 -0.04000300
v 0.03799600 0.09460300 -0.05160900
v 0.03799600 0.09460300 -0.05160900
v 0.03799600 0.09460300 -0.05160900
v 0.03799600 0.09460300 -0.05160900
v 0.03144400 0.10615000 -0.03262700
v 0.03144400 0.10615000 -0.03262700
v 0.03144400 0.10615000 -0.03262700
v 0.03144400 0.10615000 -0.03262700
v 0.06838300 0.09088200 -0.04516400
v 0.06838300 0.09088200 -0.04516400
v 0.06838300 0.09088200 -0.04516400
v 0.06838300 0.09088200 -0.04516400
v 0.01484200 0.10615000 0.03999700
v 0.01484200 0.10615000 0.03999700
v 0.01484200 0.10615000 0.03999700
v 0.03144400 0.10615000 0.03262100
v 0.03144400 0.10615000 0.03262100
v 0.03144400 0.10615000 0.03262100
v 0.03144400 0.10615000 0.03262100
v 0.03799600 0.09460300 0.05160300
v 0.03799600 0.09460300 0.05160300
v 0.03799600 0.09460300 0.05160300
v 0.03799600 0.09460300 0.05160300
v 0.06838300 0.09088200 0.04515800
v 0.06838300 0.09088200 0.04515800
v 0.06838300 0.09088200 0.04515800
v 0.06838300 0.09088200 0.04515800
v 0.08638400 0.04457900 -0.04134600
v 0.08638400 0.04457900 -0.04134600
v 0.08638400 0.04457900 -0.04134600
v 0.08638400 0.04457900 -0.04134600
v 0.08638400 0.04457900 -0.04134600
v 0.08176300 0.04457900 -0.03919600
v 0.08176300 0.04457900 -0.03919600
v 0.08176300 0.04457900 -0.03919600
v 0.08176300 0.04457900 -0.03919600
v 0.08176300 0.04457900 0.03918900
v 0.08176300 0.04457900 0.03918900
v 0.08176300 0.04457900 0.03918900
v 0.08176300 0.04457900 0.03918900
v 0.08176300 0.04457900 0.03918900
v 0.08638400 0.04457900 0.04133900
v 0.08638400 0.04457900 0.04133900
v 0.08638400 0.04457900 0.04133900
v 0.08638400 0.04457900 0.04133900
v 0.08638400 0.04457900 0.04133900
v 0.08638400 0.04457900 0.04133900
v 0.07735200 0.02472300 -0.03714300
v 0.07735200 0.02472300 -0.03714300
v 0.07735200 0.02472300 -0.03714300
v 0.07735200 0.02472300 -0.03714300
v 0.07735200 0.02472300 0.03713700
v 0.07735200 0.02472300 0.03713700
v 0.07735200 0.02472300 0.03713700
v 0.07735200 0.02472300 0.03713700
v 0.04873600 -0.01386700 -0.02382800
v 0.04873600 -0.01386700 -0.02382800
v 0.04873600 -0.01386700 -0.02382800
v 0.04873600 -0.01386700 -0.02382800
v 0.04873600 -0.01386700 0.02382100
v 0.04873600 -0.01386700 0.02382100
v 0.04873600 -0.01386700 0.02382100
v 0.04300800 -0.03965100 -0.02116200
v 0.04300800 -0.03965100 -0.02116200
v 0.04300800 -0.03965100 -0.02116200
v 0.04300800 -0.03965100 -0.02116200
v 0.04300800 -0.03965100 0.02115600
v 0.04300800 -0.03965100 0.02115600
v 0.04300800 -0.03965100 0.02115600
v 0.08638400 -0.04900000 -0.04134600
v 0.08638400 -0.04900000 -0.04134600
v 0.08638400 -0.04900000 -0.04134600
v 0.08638400 -0.04900000 -0.04134600
v 0.04300800 -0.04900000 -0.02116200
v 0.04300800 -0.04900000 -0.02116200
v 0.04300800 -0.04900000 -0.02116200
v 0.08638400 -0.04900000 0.04133900
v 0.08638400 -0.04900000 0.04133900
v 0.08638400 -0.04900000 0.04133900
v 0.04300800 -0.04900000 0.02115600
v 0.04300800 -0.04900000 0.02115600
v 0.04300800 -0.04900000 0.02115600
v 0.08761800 -0.04900000 0.04107800
v 0.08761800 -0.04900000 0.04107800
v 0.08761800 -0.04900000 0.04107800
v 0.08761800 -0.04900000 0.04107800
v 0.08761800 0.07509500 0.04107800
v 0.08761800 0.07509500 0.04107800
v 0.08761800 0.07509500 0.04107800
v 0.08761800 0.07509500 0.04107800
v 0.07421200 0.08847200 0.04392100
v 0.07421200 0.08847200 0.04392100
v 0.07421200 0.08847200 0.04392100
v 0.07421200 0.08847200 0.04392100
v 0.07421200 0.08847200 0.04392100
v 0.07421200 0.08847200 -0.04392700
v 0.07421200 0.08847200 -0.04392700
v 0.07421200 0.08847200 -0.04392700
v 0.07421200 0.08847200 -0.04392700
v 0.07421200 0.08847200 -0.04392700
v 0.08761800 0.07509500 -0.04108400
v 0.08761800 0.07509500 -0.04108400
v 0.08761800 0.07509500 -0.04108400
v 0.08761800 0.07509500 -0.04108400
v 0.08761800 -0.04900000 -0.04108400
v 0.08761800 -0.04900000 -0.04108400
v 0.08761800 -0.04900000 -0.04108400
v 0.07969600 0.08300000 -0.03400000
v 0.07969600 0.08300000 -0.03400000
v 0.07969600 0.08300000 -0.03400000
v 0.07969600 0.08300000 -0.03400000
v 0.07969600 0.08300000 0.01100000
v 0.07969600 0.08300000 0.01100000
v 0.07969600 0.08300000 0.01100000
v 0.07969600 0.08300000 0.01100000
v 0.11361800 0.04915000 0.04612100
v 0.11361800 0.04915000 0.04612100
v 0.11361800 0.04915000 0.04612100
v 0.11361800 0.04915000 0.04612100
v 0.11361800 0.04915000 -0.04612700
v 0.11361800 0.04915000 -0.04612700
v 0.11361800 0.04915000 -0.04612700
v 0.11361800 0.04915000 -0.04612700
v 0.11361800 0.04915000 -0.04612700
v 0.07421200 0.08847200 -0.03400000
v 0.07421200 0.08847200 -0.03400000
v 0.07421200 0.08847200 -0.03400000
v 0.07421200 0.08847200 0.01100000
v 0.07421200 0.08847200 0.01100000
v 0.07421200 0.08847200 0.01100000
v 0.11361800 0.04701700 -0.00676300
v 0.11361800 0.04701700 -0.00676300
v 0.11361800 0.04701700 -0.00676300
v 0.11361800 0.04701700 -0.00676300
v 0.11361800 0.04593900 -0.01207900
v 0.11361800 0.04593900 -0.01207900
v 0.11361800 0.04593900 -0.01207900
v 0.11361800 0.04593900 -0.01207900
v 0.11361800 0.04067700 0.02452600
v 0.11361800 0.04067700 0.02452600
v 0.11361800 0.04067700 0.02452600
v 0.11361800 0.04067700 0.02452600
v 0.11361800 0.04320800 0.01972900
v 0.11361800 0.04320800 0.01972900
v 0.11361800 0.04320800 0.01972900
v 0.11361800 0.03921000 -0.02681400
v 0.11361800 0.03921000 -0.02681400
v 0.11361800 0.03921000 -0.02681400
v 0.11361800 0.03589800 -0.03110900
v 0.11361800 0.03589800 -0.03110900
v 0.11361800 0.03589800 -0.03110900
v 0.11361800 0.04426400 -0.01723600
v 0.11361800 0.04426400 -0.01723600
v 0.11361800 0.04426400 -0.01723600
v 0.11361800 0.04426400 -0.01723600
v 0.11361800 0.04732600 0.00406200
v 0.11361800 0.04732600 0.00406200
v 0.11361800 0.04732600 0.00406200
v 0.11361800 0.04732600 0.00406200
v 0.11361800 0.04748100 -0.00136000
v 0.11361800 0.04748100 -0.00136000
v 0.11361800 0.04748100 -0.00136000
v 0.11361800 0.04748100 -0.00136000
v 0.11361800 0.04517500 0.01467500
v 0.11361800 0.04517500 0.01467500
v 0.11361800 0.04517500 0.01467500
v 0.11361800 0.03406400 0.03310100
v 0.11361800 0.03406400 0.03310100
v 0.11361800 0.03406400 0.03310100
v 0.11361800 0.03761500 0.02900300
v 0.11361800 0.03761500 0.02900300
v 0.11361800 0.03761500 0.02900300
v 0.11361800 0.03211800 -0.03499800
v 0.11361800 0.03211800 -0.03499800
v 0.11361800 0.03211800 -0.03499800
v 0.11361800 0.03211800 -0.03499800
v 0.11361800 0.02792000 -0.03843100
v 0.11361800 0.02792000 -0.03843100
v 0.11361800 0.02792000 -0.03843100
v 0.11361800 0.04201100 -0.02217000
v 0.11361800 0.04201100 -0.02217000
v 0.11361800 0.04201100 -0.02217000
v 0.11361800 0.04655400 0.00943000
v 0.11361800 0.04655400 0.00943000
v 0.11361800 0.04655400 0.00943000
v 0.11361800 0.01849000 -0.04375600
v 0.11361800 0.01849000 -0.04375600
v 0.11361800 0.01849000 -0.04375600
v 0.11361800 0.01338200 -0.04557900
v 0.11361800 0.01338200 -0.04557900
v 0.11361800 0.01338200 -0.04557900
v 0.11361800 0.02335700 -0.04136400
v 0.11361800 0.02335700 -0.04136400
v 0.11361800 0.02335700 -0.04136400
v 0.11361800 0.02568000 0.03995600
v 0.11361800 0.02568000 0.03995600
v 0.11361800 0.02568000 0.03995600
v 0.11361800 0.03006800 0.03676900
v 0.11361800 0.03006800 0.03676900
v 0.11361800 0.03006800 0.03676900
v 0.11361800 0.01135000 0.04612100
v 0.11361800 0.01135000 0.04612100
v 0.11361800 0.01135000 0.04612100
v 0.11361800 0.01135000 0.04612100
v 0.11361800 0.01135000 0.04612100
v 0.11361800 0.01135000 0.04612100
v 0.11361800 0.01596200 0.04473400
v 0.11361800 0.01596200 0.04473400
v 0.11361800 0.01596200 0.04473400
v 0.11361800 0.02095800 0.04262300
v 0.11361800 0.02095800 0.04262300
v 0.11361800 0.02095800 0.04262300
v 0.11361800 0.01135000 -0.04612700
v 0.11361800 0.01135000 -0.04612700
v 0.11361800 0.01135000 -0.04612700
v 0.11361800 0.01135000 -0.04612700
v 0.11361800 0.01135000 -0.04612700
v 0.11361800 0.01135000 -0.04612700
v 0.06711900 0.08300000 -0.03400000
v 0.06711900 0.08300000 -0.03400000
v 0.06711900 0.08300000 -0.03400000
v 0.06711900 0.09140400 -0.03400000
v 0.06711900 0.09140400 -0.03400000
v 0.06711900 0.09140400 -0.03400000
v 0.06711900 0.09140400 -0.03400000
v 0.06711900 0.08300000 0.01100000
v 0.06711900 0.08300000 0.01100000
v 0.06711900 0.08300000 0.01100000
v 0.06711900 0.09140400 0.01100000
v 0.06711900 0.09140400 0.01100000
v 0.06711900 0.09140400 0.01100000
v 0.06711900 0.09140400 0.01100000
v 0.06411300 0.09264700 -0.03100000
v 0.06411300 0.09264700 -0.03100000
v 0.06411300 0.09264700 -0.03100000
v 0.06411300 0.09264700 0.00800000
v 0.06411300 0.09264700 0.00800000
v 0.06411300 0.09264700 0.00800000
v 0.06411300 0.08300000 0.00800000
v 0.06411300 0.08300000 0.00800000
v 0.06411300 0.08300000 0.00800000
v 0.06411300 0.08300000 0.00800000
v 0.06411300 0.08300000 -0.03100000
v 0.06411300 0.08300000 -0.03100000
v 0.06411300 0.08300000 -0.03100000
v 0.06411300 0.08300000 -0.03100000
v 0.07035400 0.08300000 -0.02412200
v 0.07035400 0.08300000 -0.02412200
v 0.07035400 0.08300000 -0.02412200
v 0.07035400 0.08300000 0.00112200
v 0.07035400 0.08300000 0.00112200
v 0.07035400 0.08300000 0.00112200
v 0.07112800 0.08300000 0.00100000
v 0.07112800 0.08300000 0.00100000
v 0.07112800 0.08300000 0.00100000
v 0.07190200 0.08300000 0.00112200
v 0.07190200 0.08300000 0.00112200
v 0.07190200 0.08300000 0.00112200
v 0.07190200 0.08300000 0.00112200
v 0.07190200 0.08300000 -0.02412200
v 0.07190200 0.08300000 -0.02412200
v 0.07190200 0.08300000 -0.02412200
v 0.07190200 0.08300000 -0.02412200
v 0.07190200 0.08300000 -0.02412200
v 0.07112800 0.08300000 -0.02400000
v 0.07112800 0.08300000 -0.02400000
v 0.07112800 0.08300000 -0.02400000
v 0.07112800 0.08300000 -0.02400000
v 0.06874500 0.08300000 0.00272700
v 0.06874500 0.08300000 0.00272700
v 0.06874500 0.08300000 0.00272700
v 0.06874500 0.08300000 0.00272700
v 0.06965500 0.08300000 0.00552300
v 0.06965500 0.08300000 0.00552300
v 0.06965500 0.08300000 0.00552300
v 0.06965500 0.08300000 0.00552300
v 0.07190200 0.08300000 0.00587800
v 0.07190200 0.08300000 0.00587800
v 0.07190200 0.08300000 0.00587800
v 0.07190200 0.08300000 0.00587800
v 0.07190200 0.08300000 0.00587800
v 0.07112800 0.08300000 0.00600000
v 0.07112800 0.08300000 0.00600000
v 0.07112800 0.08300000 0.00600000
v 0.07112800 0.08300000 0.00600000
v 0.06874500 0.08300000 -0.02572700
v 0.06874500 0.08300000 -0.02572700
v 0.06874500 0.08300000 -0.02572700
v 0.07260000 0.08300000 -0.02447700
v 0.07260000 0.08300000 -0.02447700
v 0.07260000 0.08300000 -0.02447700
v 0.06910100 0.08300000 0.00203100
v 0.06910100 0.08300000 0.00203100
v 0.06910100 0.08300000 0.00203100
v 0.06965500 0.08300000 0.00147700
v 0.06965500 0.08300000 0.00147700
v 0.06965500 0.08300000 0.00147700
v 0.06965500 0.08300000 0.00147700
v 0.06965500 0.08300000 0.00147700
v 0.06862300 0.08300000 0.00350000
v 0.06862300 0.08300000 0.00350000
v 0.06862300 0.08300000 0.00350000
v 0.06910100 0.08300000 0.00496900
v 0.06910100 0.08300000 0.00496900
v 0.06910100 0.08300000 0.00496900
v 0.06874500 0.08300000 0.00427300
v 0.06874500 0.08300000 0.00427300
v 0.06874500 0.08300000 0.00427300
v 0.07035400 0.08300000 0.00587800
v 0.07035400 0.08300000 0.00587800
v 0.07035400 0.08300000 0.00587800
v 0.06910100 0.08300000 -0.02503100
v 0.06910100 0.08300000 -0.02503100
v 0.06910100 0.08300000 -0.02503100
v 0.06965500 0.08300000 -0.02447700
v 0.06965500 0.08300000 -0.02447700
v 0.06965500 0.08300000 -0.02447700
v 0.06965500 0.08300000 -0.02447700
v 0.07112800 0.08300000 -0.02900000
v 0.07112800 0.08300000 -0.02900000
v 0.07112800 0.08300000 -0.02900000
v 0.06910100 0.08300000 -0.02796900
v 0.06910100 0.08300000 -0.02796900
v 0.06910100 0.08300000 -0.02796900
v 0.06965500 0.08300000 -0.02852300
v 0.06965500 0.08300000 -0.02852300
v 0.06965500 0.08300000 -0.02852300
v 0.06965500 0.08300000 -0.02852300
v 0.06965500 0.08300000 -0.02852300
v 0.07260000 0.08300000 0.00552300
v 0.07260000 0.08300000 0.00552300
v 0.07260000 0.08300000 0.00552300
v 0.07351100 0.08300000 0.00272700
v 0.07351100 0.08300000 0.00272700
v 0.07351100 0.08300000 0.00272700
v 0.07363300 0.08300000 0.00350000
v 0.07363300 0.08300000 0.00350000
v 0.07363300 0.08300000 0.00350000
v 0.07363300 0.08300000 0.00350000
v 0.07363300 0.08300000 -0.02650000
v 0.07363300 0.08300000 -0.02650000
v 0.07363300 0.08300000 -0.02650000
v 0.07363300 0.08300000 -0.02650000
v 0.07351100 0.08300000 -0.02572700
v 0.07351100 0.08300000 -0.02572700
v 0.07351100 0.08300000 -0.02572700
v 0.07035400 0.08300000 -0.02887800
v 0.07035400 0.08300000 -0.02887800
v 0.07035400 0.08300000 -0.02887800
v 0.06862300 0.08300000 -0.02650000
v 0.06862300 0.08300000 -0.02650000
v 0.06862300 0.08300000 -0.02650000
v 0.06874500 0.08300000 -0.02727300
v 0.06874500 0.08300000 -0.02727300
v 0.06874500 0.08300000 -0.02727300
v 0.06874500 0.08300000 -0.02727300
v 0.07351100 0.08300000 0.00427300
v 0.07351100 0.08300000 0.00427300
v 0.07351100 0.08300000 0.00427300
v 0.07315500 0.08300000 -0.02503100
v 0.07315500 0.08300000 -0.02503100
v 0.07315500 0.08300000 -0.02503100
v 0.07315500 0.08300000 0.00203100
v 0.07315500 0.08300000 0.00203100
v 0.07315500 0.08300000 0.00203100
v 0.07315500 0.08300000 0.00203100
v 0.07315500 0.08300000 0.00203100
v 0.07260000 0.08300000 0.00147700
v 0.07260000 0.08300000 0.00147700
v 0.07260000 0.08300000 0.00147700
v 0.07351100 0.08300000 -0.02727300
v 0.07351100 0.08300000 -0.02727300
v 0.07351100 0.08300000 -0.02727300
v 0.07190200 0.08300000 -0.02887800
v 0.07190200 0.08300000 -0.02887800
v 0.07190200 0.08300000 -0.02887800
v 0.07190200 0.08300000 -0.02887800
v 0.07315500 0.08300000 0.00496900
v 0.07315500 0.08300000 0.00496900
v 0.07315500 0.08300000 0.00496900
v 0.07315500 0.08300000 -0.02796900
v 0.07315500 0.08300000 -0.02796900
v 0.07315500 0.08300000 -0.02796900
v 0.07315500 0.08300000 -0.02796900
v 0.07315500 0.08300000 -0.02796900
v 0.07260000 0.08300000 -0.02852300
v 0.07260000 0.08300000 -0.02852300
v 0.07260000 0.08300000 -0.02852300
v 0.07351100 0.07300000 -0.02727300
v 0.07351100 0.07300000 -0.02727300
v 0.07351100 0.07300000 -0.02727300
v 0.07351100 0.07300000 -0.02727300
v 0.07351100 0.07300000 -0.02727300
v 0.07363300 0.07300000 -0.02650000
v 0.07363300 0.07300000 -0.02650000
v 0.07363300 0.07300000 -0.02650000
v 0.07315500 0.07300000 -0.02796900
v 0.07315500 0.07300000 -0.02796900
v 0.07315500 0.07300000 -0.02796900
v 0.07260000 0.07300000 -0.02852300
v 0.07260000 0.07300000 -0.02852300
v 0.07260000 0.07300000 -0.02852300
v 0.07260000 0.07300000 -0.02852300
v 0.07260000 0.07300000 -0.02852300
v 0.07190200 0.07300000 -0.02887800
v 0.07190200 0.07300000 -0.02887800
v 0.07190200 0.07300000 -0.02887800
v 0.07112800 0.07300000 -0.02900000
v 0.07112800 0.07300000 -0.02900000
v 0.07112800 0.07300000 -0.02900000
v 0.07035400 0.07300000 -0.02887800
v 0.07035400 0.07300000 -0.02887800
v 0.07035400 0.07300000 -0.02887800
v 0.07035400 0.07300000 -0.02887800
v 0.06965500 0.07300000 -0.02852300
v 0.06965500 0.07300000 -0.02852300
v 0.06965500 0.07300000 -0.02852300
v 0.06910100 0.07300000 -0.02796900
v 0.06910100 0.07300000 -0.02796900
v 0.06910100 0.07300000 -0.02796900
v 0.06910100 0.07300000 -0.02796900
v 0.06910100 0.07300000 -0.02796900
v 0.06874500 0.07300000 -0.02727300
v 0.06874500 0.07300000 -0.02727300
v 0.06874500 0.07300000 -0.02727300
v 0.06862300 0.07300000 -0.02650000
v 0.06862300 0.07300000 -0.02650000
v 0.06862300 0.07300000 -0.02650000
v 0.06874500 0.07300000 -0.02572700
v 0.06874500 0.07300000 -0.02572700
v 0.06874500 0.07300000 -0.02572700
v 0.06910100 0.07300000 -0.02503100
v 0.06910100 0.07300000 -0.02503100
v 0.06910100 0.07300000 -0.02503100
v 0.06965500 0.07300000 -0.02447700
v 0.06965500 0.07300000 -0.02447700
v 0.06965500 0.07300000 -0.02447700
v 0.07035400 0.07300000 -0.02412200
v 0.07035400 0.07300000 -0.02412200
v 0.07035400 0.07300000 -0.02412200
v 0.07035400 0.07300000 -0.02412200
v 0.07035400 0.07300000 -0.02412200
v 0.07112800 0.07300000 -0.02400000
v 0.07112800 0.07300000 -0.02400000
v 0.07112800 0.07300000 -0.02400000
v 0.07112800 0.07300000 -0.02400000
v 0.07190200 0.07300000 -0.02412200
v 0.07190200 0.07300000 -0.02412200
v 0.07190200 0.07300000 -0.02412200
v 0.07260000 0.07300000 -0.02447700
v 0.07260000 0.07300000 -0.02447700
v 0.07260000 0.07300000 -0.02447700
v 0.07260000 0.07300000 -0.02447700
v 0.07315500 0.07300000 -0.02503100
v 0.07315500 0.07300000 -0.02503100
v 0.07315500 0.07300000 -0.02503100
v 0.07351100 0.07300000 -0.02572700
v 0.07351100 0.07300000 -0.02572700
v 0.07351100 0.07300000 -0.02572700
v 0.07351100 0.07300000 0.00272700
v 0.07351100 0.07300000 0.00272700
v 0.07351100 0.07300000 0.00272700
v 0.07351100 0.07300000 0.00272700
v 0.07351100 0.07300000 0.00272700
v 0.07363300 0.07300000 0.00350000
v 0.07363300 0.07300000 0.00350000
v 0.07363300 0.07300000 0.00350000
v 0.07315500 0.07300000 0.00203100
v 0.07315500 0.07300000 0.00203100
v 0.07315500 0.07300000 0.00203100
v 0.07260000 0.07300000 0.00147700
v 0.07260000 0.07300000 0.00147700
v 0.07260000 0.07300000 0.00147700
v 0.07260000 0.07300000 0.00147700
v 0.07260000 0.07300000 0.00147700
v 0.07190200 0.07300000 0.00112200
v 0.07190200 0.07300000 0.00112200
v 0.07190200 0.07300000 0.00112200
v 0.07112800 0.07300000 0.00100000
v 0.07112800 0.07300000 0.00100000
v 0.07112800 0.07300000 0.00100000
v 0.07035400 0.07300000 0.00112200
v 0.07035400 0.07300000 0.00112200
v 0.07035400 0.07300000 0.00112200
v 0.07035400 0.07300000 0.00112200
v 0.06965500 0.07300000 0.00147700
v 0.06965500 0.07300000 0.00147700
v 0.06965500 0.07300000 0.00147700
v 0.06910100 0.07300000 0.00203100
v 0.06910100 0.07300000 0.00203100
v 0.06910100 0.07300000 0.00203100
v 0.06910100 0.07300000 0.00203100
v 0.06910100 0.07300000 0.00203100
v 0.06874500 0.07300000 0.00272700
v 0.06874500 0.07300000 0.00272700
v 0.06874500 0.07300000 0.00272700
v 0.06862300 0.07300000 0.00350000
v 0.06862300 0.07300000 0.00350000
v 0.06862300 0.07300000 0.00350000
v 0.06874500 0.07300000 0.00427300
v 0.06874500 0.07300000 0.00427300
v 0.06874500 0.07300000 0.00427300
v 0.06910100 0.07300000 0.00496900
v 0.06910100 0.07300000 0.00496900
v 0.06910100 0.07300000 0.00496900
v 0.06965500 0.07300000 0.00552300
v 0.06965500 0.07300000 0.00552300
v 0.06965500 0.07300000 0.00552300
v 0.07035400 0.07300000 0.00587800
v 0.07035400 0.07300000 0.00587800
v 0.07035400 0.07300000 0.00587800
v 0.07035400 0.07300000 0.00587800
v 0.07035400 0.07300000 0.00587800
v 0.07112800 0.07300000 0.00600000
v 0.07112800 0.07300000 0.00600000
v 0.07112800 0.07300000 0.00600000
v 0.07112800 0.07300000 0.00600000
v 0.07190200 0.07300000 0.00587800
v 0.07190200 0.07300000 0.00587800
v 0.07190200 0.07300000 0.00587800
v 0.07260000 0.07300000 0.00552300
v 0.07260000 0.07300000 0.00552300
v 0.07260000 0.07300000 0.00552300
v 0.07260000 0.07300000 0.00552300
v 0.07315500 0.07300000 0.00496900
v 0.07315500 0.07300000 0.00496900
v 0.07315500 0.07300000 0.00496900
v 0.07351100 0.07300000 0.00427300
v 0.07351100 0.07300000 0.00427300
v 0.07351100 0.07300000 0.00427300
v 0.09856400 -0.04900000 0.04320100
v 0.09856400 -0.04900000 0.04320100
v 0.09856400 -0.04900000 0.04320100
v 0.11361800 -0.01135000 0.04612100
v 0.11361800 -0.01135000 0.04612100
v 0.11361800 -0.01135000 0.04612100
v 0.11361800 -0.01135000 0.04612100
v 0.11361800 -0.01135000 0.04612100
v 0.11361800 -0.01135000 0.04612100
v 0.11361800 -0.04950000 0.04612100
v 0.11361800 -0.04950000 0.04612100
v 0.11361800 -0.04950000 0.04612100
v 0.09856400 -0.04950000 0.04320100
v 0.09856400 -0.04950000 0.04320100
v 0.09856400 -0.04950000 0.04320100
v 0.11361800 -0.00541500 0.04718700
v 0.11361800 -0.00541500 0.04718700
v 0.11361800 -0.00541500 0.04718700
v 0.11361800 0.00000000 0.04749700
v 0.11361800 0.00000000 0.04749700
v 0.11361800 0.00000000 0.04749700
v 0.11361800 0.00541500 0.04718700
v 0.11361800 0.00541500 0.04718700
v 0.11361800 0.00541500 0.04718700
v 0.11361800 0.01075900 0.04626200
v 0.11361800 0.01075900 0.04626200
v 0.11361800 0.01075900 0.04626200
v 0.11361800 -0.01075900 0.04626200
v 0.11361800 -0.01075900 0.04626200
v 0.11361800 -0.01075900 0.04626200
v 0.10251200 -0.04950000 0.04156900
v 0.10251200 -0.04950000 0.04156900
v 0.10251200 -0.04950000 0.04156900
v 0.11361800 -0.04950000 0.03048600
v 0.11361800 -0.04950000 0.03048600
v 0.11361800 -0.04950000 0.03048600
v 0.08288900 -0.04900000 0.04968000
v 0.08288900 -0.04900000 0.04968000
v 0.08288900 -0.04900000 0.04968000
v 0.08288900 -0.07100000 0.04968000
v 0.08288900 -0.07100000 0.04968000
v 0.08288900 -0.07100000 0.04968000
v 0.10251200 -0.07100000 0.04156900
v 0.10251200 -0.07100000 0.04156900
v 0.10251200 -0.07100000 0.04156900
v 0.03469000 -0.04900000 0.05924700
v 0.03469000 -0.04900000 0.05924700
v 0.03469000 -0.04900000 0.05924700
v 0.03469000 -0.07100000 0.05924700
v 0.03469000 -0.07100000 0.05924700
v 0.03469000 -0.07100000 0.05924700
v -0.01441400 -0.04900000 0.05924700
v -0.01441400 -0.04900000 0.05924700
v -0.01441400 -0.04900000 0.05924700
v -0.01441400 -0.07100000 0.05924700
v -0.01441400 -0.07100000 0.05924700
v -0.01441400 -0.07100000 0.05924700
v -0.03152200 -0.04900000 0.05217600
v -0.03152200 -0.04900000 0.05217600
v -0.03152200 -0.04900000 0.05217600
v -0.03152200 -0.07100000 0.05217600
v -0.03152200 -0.07100000 0.05217600
v -0.03152200 -0.07100000 0.05217600
v -0.05042000 -0.04900000 0.03331800
v -0.05042000 -0.04900000 0.03331800
v -0.05042000 -0.04900000 0.03331800
v -0.05042000 -0.07100000 0.03331800
v -0.05042000 -0.07100000 0.03331800
v -0.05042000 -0.07100000 0.03331800
v -0.05750600 -0.04900000 0.01624700
v -0.05750600 -0.04900000 0.01624700
v -0.05750600 -0.04900000 0.01624700
v -0.05750600 -0.07100000 0.01624700
v -0.05750600 -0.07100000 0.01624700
v -0.05750600 -0.07100000 0.01624700
v -0.05750600 -0.04900000 -0.01625300
v -0.05750600 -0.04900000 -0.01625300
v -0.05750600 -0.04900000 -0.01625300
v -0.05750600 -0.07100000 -0.01625300
v -0.05750600 -0.07100000 -0.01625300
v -0.05750600 -0.07100000 -0.01625300
v -0.05042000 -0.04900000 -0.03332400
v -0.05042000 -0.04900000 -0.03332400
v -0.05042000 -0.04900000 -0.03332400
v -0.05042000 -0.07100000 -0.03332400
v -0.05042000 -0.07100000 -0.03332400
v -0.05042000 -0.07100000 -0.03332400
v -0.03152200 -0.07100000 -0.05218200
v -0.03152200 -0.07100000 -0.05218200
v -0.03152200 -0.07100000 -0.05218200
v -0.03152200 -0.04900000 -0.05218200
v -0.03152200 -0.04900000 -0.05218200
v -0.03152200 -0.04900000 -0.05218200
v -0.01441400 -0.04900000 -0.05925300
v -0.01441400 -0.04900000 -0.05925300
v -0.01441400 -0.04900000 -0.05925300
v -0.01441400 -0.07100000 -0.05925300
v -0.01441400 -0.07100000 -0.05925300
v -0.01441400 -0.07100000 -0.05925300
v 0.03469000 -0.04900000 -0.05925300
v 0.03469000 -0.04900000 -0.05925300
v 0.03469000 -0.04900000 -0.05925300
v 0.03469000 -0.07100000 -0.05925300
v 0.03469000 -0.07100000 -0.05925300
v 0.03469000 -0.07100000 -0.05925300
v 0.08288900 -0.04900000 -0.04968600
v 0.08288900 -0.04900000 -0.04968600
v 0.08288900 -0.04900000 -0.04968600
v 0.08288900 -0.07100000 -0.04968600
v 0.08288900 -0.07100000 -0.04968600
v 0.08288900 -0.07100000 -0.04968600
v -0.03241900 -0.04900000 0.00345300
v -0.03241900 -0.04900000 0.00345300
v -0.03241900 -0.04900000 0.00345300
v -0.03241900 -0.04900000 0.00345300
v -0.03257300 -0.04900000 -0.00115300
v -0.03257300 -0.04900000 -0.00115300
v -0.03257300 -0.04900000 -0.00115300
v -0.03257300 -0.04900000 -0.00115300
v 0.02683300 -0.04900000 0.02398400
v 0.02683300 -0.04900000 0.02398400
v 0.02683300 -0.04900000 0.02398400
v 0.02683300 -0.04900000 0.02398400
v 0.02683300 -0.04900000 0.02398400
v 0.02340800 -0.04900000 0.02707600
v 0.02340800 -0.04900000 0.02707600
v 0.02340800 -0.04900000 0.02707600
v 0.02340800 -0.04900000 0.02707600
v 0.02340800 -0.04900000 0.02707600
v -0.02442100 -0.04900000 -0.02227400
v -0.02442100 -0.04900000 -0.02227400
v -0.02442100 -0.04900000 -0.02227400
v -0.02442100 -0.04900000 -0.02227400
v -0.02442100 -0.04900000 -0.02227400
v -0.02121100 -0.04900000 -0.02558700
v -0.02121100 -0.04900000 -0.02558700
v -0.02121100 -0.04900000 -0.02558700
v -0.02121100 -0.04900000 -0.02558700
v -0.02121100 -0.04900000 -0.02558700
v -0.03104000 -0.04900000 -0.01022200
v -0.03104000 -0.04900000 -0.01022200
v -0.03104000 -0.04900000 -0.01022200
v -0.03104000 -0.04900000 -0.01022200
v -0.02938000 -0.04900000 -0.01452200
v -0.02938000 -0.04900000 -0.01452200
v -0.02938000 -0.04900000 -0.01452200
v -0.02938000 -0.04900000 -0.01452200
v -0.03165100 -0.04900000 0.00799800
v -0.03165100 -0.04900000 0.00799800
v -0.03165100 -0.04900000 0.00799800
v -0.03165100 -0.04900000 0.00799800
v -0.03165100 -0.04900000 0.00799800
v -0.02833800 -0.04900000 0.01658000
v -0.02833800 -0.04900000 0.01658000
v -0.02833800 -0.04900000 0.01658000
v -0.02833800 -0.04900000 0.01658000
v -0.02833800 -0.04900000 0.01658000
v -0.03028200 -0.04900000 0.01240000
v -0.03028200 -0.04900000 0.01240000
v -0.03028200 -0.04900000 0.01240000
v -0.03028200 -0.04900000 0.01240000
v -0.03028200 -0.04900000 0.01240000
v 0.02981500 -0.04900000 0.02046500
v 0.02981500 -0.04900000 0.02046500
v 0.02981500 -0.04900000 0.02046500
v 0.02981500 -0.04900000 0.02046500
v 0.02981500 -0.04900000 0.02046500
v 0.02838300 -0.04900000 -0.02227400
v 0.02838300 -0.04900000 -0.02227400
v 0.02838300 -0.04900000 -0.02227400
v 0.02838300 -0.04900000 -0.02227400
v 0.02838300 -0.04900000 -0.02227400
v 0.03112300 -0.04900000 -0.01856400
v 0.03112300 -0.04900000 -0.01856400
v 0.03112300 -0.04900000 -0.01856400
v 0.03112300 -0.04900000 -0.01856400
v 0.03112300 -0.04900000 -0.01856400
v -0.01361200 -0.04900000 -0.03079200
v -0.01361200 -0.04900000 -0.03079200
v -0.01361200 -0.04900000 -0.03079200
v -0.01361200 -0.04900000 -0.03079200
v -0.01361200 -0.04900000 -0.03079200
v -0.02716100 -0.04900000 -0.01856400
v -0.02716100 -0.04900000 -0.01856400
v -0.02716100 -0.04900000 -0.01856400
v -0.02716100 -0.04900000 -0.01856400
v -0.02716100 -0.04900000 -0.01856400
v -0.03211100 -0.04900000 -0.00573800
v -0.03211100 -0.04900000 -0.00573800
v -0.03211100 -0.04900000 -0.00573800
v -0.03211100 -0.04900000 -0.00573800
v 0.01960000 -0.04900000 0.02968400
v 0.01960000 -0.04900000 0.02968400
v 0.01960000 -0.04900000 0.02968400
v 0.01960000 -0.04900000 0.02968400
v 0.01960000 -0.04900000 0.02968400
v 0.03230000 -0.04900000 0.01658000
v 0.03230000 -0.04900000 0.01658000
v 0.03230000 -0.04900000 0.01658000
v 0.03230000 -0.04900000 0.01658000
v 0.03230000 -0.04900000 0.01658000
v 0.03334200 -0.04900000 -0.01452200
v 0.03334200 -0.04900000 -0.01452200
v 0.03334200 -0.04900000 -0.01452200
v 0.03334200 -0.04900000 -0.01452200
v 0.03500200 -0.04900000 -0.01022200
v 0.03500200 -0.04900000 -0.01022200
v 0.03500200 -0.04900000 -0.01022200
v 0.03500200 -0.04900000 -0.01022200
v 0.03500200 -0.04900000 -0.01022200
v 0.02517200 -0.04900000 -0.02558700
v 0.02517200 -0.04900000 -0.02558700
v 0.02517200 -0.04900000 -0.02558700
v 0.02517200 -0.04900000 -0.02558700
v 0.02517200 -0.04900000 -0.02558700
v 0.01757400 -0.04900000 -0.03079200
v 0.01757400 -0.04900000 -0.03079200
v 0.01757400 -0.04900000 -0.03079200
v 0.01757400 -0.04900000 -0.03079200
v 0.01757400 -0.04900000 -0.03079200
v -0.01758600 -0.04900000 -0.02844300
v -0.01758600 -0.04900000 -0.02844300
v -0.01758600 -0.04900000 -0.02844300
v -0.01758600 -0.04900000 -0.02844300
v -0.01758600 -0.04900000 -0.02844300
v -0.01944600 -0.04900000 0.02707600
v -0.01944600 -0.04900000 0.02707600
v -0.01944600 -0.04900000 0.02707600
v -0.01944600 -0.04900000 0.02707600
v -0.01944600 -0.04900000 0.02707600
v -0.02287100 -0.04900000 0.02398400
v -0.02287100 -0.04900000 0.02398400
v -0.02287100 -0.04900000 0.02398400
v -0.02287100 -0.04900000 0.02398400
v -0.02287100 -0.04900000 0.02398400
v 0.03561300 -0.04900000 0.00799800
v 0.03561300 -0.04900000 0.00799800
v 0.03561300 -0.04900000 0.00799800
v 0.03561300 -0.04900000 0.00799800
v 0.03561300 -0.04900000 0.00799800
v 0.03424400 -0.04900000 0.01240000
v 0.03424400 -0.04900000 0.01240000
v 0.03424400 -0.04900000 0.01240000
v 0.03424400 -0.04900000 0.01240000
v 0.03424400 -0.04900000 0.01240000
v 0.01332200 -0.04900000 -0.03259100
v 0.01332200 -0.04900000 -0.03259100
v 0.01332200 -0.04900000 -0.03259100
v 0.01332200 -0.04900000 -0.03259100
v 0.01332200 -0.04900000 -0.03259100
v -0.01563800 -0.04900000 0.02968400
v -0.01563800 -0.04900000 0.02968400
v -0.01563800 -0.04900000 0.02968400
v -0.01563800 -0.04900000 0.02968400
v -0.01563800 -0.04900000 0.02968400
v -0.01151600 -0.04900000 0.03176200
v -0.01151600 -0.04900000 0.03176200
v -0.01151600 -0.04900000 0.03176200
v -0.01151600 -0.04900000 0.03176200
v -0.01151600 -0.04900000 0.03176200
v -0.00262700 -0.04900000 0.03419200
v -0.00262700 -0.04900000 0.03419200
v -0.00262700 -0.04900000 0.03419200
v -0.00262700 -0.04900000 0.03419200
v -0.00262700 -0.04900000 0.03419200
v -0.00715300 -0.04900000 0.03327400
v -0.00715300 -0.04900000 0.03327400
v -0.00715300 -0.04900000 0.03327400
v -0.00715300 -0.04900000 0.03327400
v -0.00715300 -0.04900000 0.03327400
v 0.01547800 -0.04900000 0.03176200
v 0.01547800 -0.04900000 0.03176200
v 0.01547800 -0.04900000 0.03176200
v 0.01547800 -0.04900000 0.03176200
v 0.01547800 -0.04900000 0.03176200
v 0.01111500 -0.04900000 0.03327400
v 0.01111500 -0.04900000 0.03327400
v 0.01111500 -0.04900000 0.03327400
v 0.01111500 -0.04900000 0.03327400
v 0.01111500 -0.04900000 0.03327400
v 0.02154800 -0.04900000 -0.02844300
v 0.02154800 -0.04900000 -0.02844300
v 0.02154800 -0.04900000 -0.02844300
v 0.02154800 -0.04900000 -0.02844300
v 0.02154800 -0.04900000 -0.02844300
v 0.00886800 -0.04900000 -0.03380900
v 0.00886800 -0.04900000 -0.03380900
v 0.00886800 -0.04900000 -0.03380900
v 0.00886800 -0.04900000 -0.03380900
v 0.00886800 -0.04900000 -0.03380900
v -0.00032800 -0.04900000 -0.03442300
v -0.00032800 -0.04900000 -0.03442300
v -0.00032800 -0.04900000 -0.03442300
v -0.00032800 -0.04900000 -0.03442300
v -0.00032800 -0.04900000 -0.03442300
v 0.00429000 -0.04900000 -0.03442300
v 0.00429000 -0.04900000 -0.03442300
v 0.00429000 -0.04900000 -0.03442300
v 0.00429000 -0.04900000 -0.03442300
v 0.00429000 -0.04900000 -0.03442300
v -0.00936000 -0.04900000 -0.03259100
v -0.00936000 -0.04900000 -0.03259100
v -0.00936000 -0.04900000 -0.03259100
v -0.00936000 -0.04900000 -0.03259100
v -0.00490600 -0.04900000 -0.03380900
v -0.00490600 -0.04900000 -0.03380900
v -0.00490600 -0.04900000 -0.03380900
v -0.00490600 -0.04900000 -0.03380900
v -0.00490600 -0.04900000 -0.03380900
v -0.02585300 -0.04900000 0.02046500
v -0.02585300 -0.04900000 0.02046500
v -0.02585300 -0.04900000 0.02046500
v -0.02585300 -0.04900000 0.02046500
v 0.00198100 -0.04900000 0.03450000
v 0.00198100 -0.04900000 0.03450000
v 0.00198100 -0.04900000 0.03450000
v 0.00198100 -0.04900000 0.03450000
v 0.00198100 -0.04900000 0.03450000
v 0.03653500 -0.04900000 -0.00115300
v 0.03653500 -0.04900000 -0.00115300
v 0.03653500 -0.04900000 -0.00115300
v 0.03653500 -0.04900000 -0.00115300
v 0.03653500 -0.04900000 -0.00115300
v 0.03638100 -0.04900000 0.00345300
v 0.03638100 -0.04900000 0.00345300
v 0.03638100 -0.04900000 0.00345300
v 0.03638100 -0.04900000 0.00345300
v 0.03638100 -0.04900000 0.00345300
v 0.03607300 -0.04900000 -0.00573800
v 0.03607300 -0.04900000 -0.00573800
v 0.03607300 -0.04900000 -0.00573800
v 0.03607300 -0.04900000 -0.00573800
v 0.03607300 -0.04900000 -0.00573800
v 0.00658900 -0.04900000 0.03419200
v 0.00658900 -0.04900000 0.03419200
v 0.00658900 -0.04900000 0.03419200
v 0.00658900 -0.04900000 0.03419200
v 0.00658900 -0.04900000 0.03419200
v 0.09856400 -0.04900000 -0.04320700
v 0.09856400 -0.04900000 -0.04320700
v 0.09856400 -0.04900000 -0.04320700
v 0.00198300 -0.04650000 0.03444200
v 0.00198300 -0.04650000 0.03444200
v 0.00198300 -0.04650000 0.03444200
v -0.00148000 -0.04650000 0.03432700
v -0.00148000 -0.04650000 0.03432700
v -0.00148000 -0.04650000 0.03432700
v -0.00148000 -0.04650000 0.03432700
v -0.00261800 -0.04650000 0.03413500
v -0.00261800 -0.04650000 0.03413500
v -0.00261800 -0.04650000 0.03413500
v -0.00603400 -0.04650000 0.03356000
v -0.00603400 -0.04650000 0.03356000
v -0.00603400 -0.04650000 0.03356000
v -0.00603400 -0.04650000 0.03356000
v -0.00713600 -0.04650000 0.03321900
v -0.00713600 -0.04650000 0.03321900
v -0.00713600 -0.04650000 0.03321900
v -0.01044500 -0.04650000 0.03219500
v -0.01044500 -0.04650000 0.03219500
v -0.01044500 -0.04650000 0.03219500
v -0.01044500 -0.04650000 0.03219500
v -0.01149200 -0.04650000 0.03171000
v -0.01149200 -0.04650000 0.03171000
v -0.01149200 -0.04650000 0.03171000
v -0.01463500 -0.04650000 0.03025500
v -0.01463500 -0.04650000 0.03025500
v -0.01463500 -0.04650000 0.03025500
v -0.01463500 -0.04650000 0.03025500
v -0.01560700 -0.04650000 0.02963500
v -0.01560700 -0.04650000 0.02963500
v -0.01560700 -0.04650000 0.02963500
v -0.01852700 -0.04650000 0.02777500
v -0.01852700 -0.04650000 0.02777500
v -0.01852700 -0.04650000 0.02777500
v -0.01852700 -0.04650000 0.02777500
v -0.01940900 -0.04650000 0.02703100
v -0.01940900 -0.04650000 0.02703100
v -0.01940900 -0.04650000 0.02703100
v -0.02205400 -0.04650000 0.02479900
v -0.02205400 -0.04650000 0.02479900
v -0.02205400 -0.04650000 0.02479900
v -0.02205400 -0.04650000 0.02479900
v -0.02282900 -0.04650000 0.02394500
v -0.02282900 -0.04650000 0.02394500
v -0.02282900 -0.04650000 0.02394500
v -0.02515200 -0.04650000 0.02138100
v -0.02515200 -0.04650000 0.02138100
v -0.02515200 -0.04650000 0.02138100
v -0.02515200 -0.04650000 0.02138100
v -0.02580500 -0.04650000 0.02043200
v -0.02580500 -0.04650000 0.02043200
v -0.02776600 -0.04650000 0.01758200
v -0.02776600 -0.04650000 0.01758200
v -0.02776600 -0.04650000 0.01758200
v -0.02776600 -0.04650000 0.01758200
v -0.02828700 -0.04650000 0.01655400
v -0.02828700 -0.04650000 0.01655400
v -0.02828700 -0.04650000 0.01655400
v -0.02984900 -0.04650000 0.01346800
v -0.02984900 -0.04650000 0.01346800
v -0.02984900 -0.04650000 0.01346800
v -0.02984900 -0.04650000 0.01346800
v -0.03022800 -0.04650000 0.01238100
v -0.03022800 -0.04650000 0.01238100
v -0.03022800 -0.04650000 0.01238100
v -0.03136400 -0.04650000 0.00911500
v -0.03136400 -0.04650000 0.00911500
v -0.03136400 -0.04650000 0.00911500
v -0.03136400 -0.04650000 0.00911500
v -0.03159400 -0.04650000 0.00798600
v -0.03159400 -0.04650000 0.00798600
v -0.03159400 -0.04650000 0.00798600
v -0.03228400 -0.04650000 0.00459800
v -0.03228400 -0.04650000 0.00459800
v -0.03228400 -0.04650000 0.00459800
v -0.03228400 -0.04650000 0.00459800
v -0.03236100 -0.04650000 0.00344900
v -0.03236100 -0.04650000 0.00344900
v -0.03259300 -0.04650000 0.00000000
v -0.03259300 -0.04650000 0.00000000
v -0.03259300 -0.04650000 0.00000000
v -0.03259300 -0.04650000 0.00000000
v -0.03251600 -0.04650000 -0.00114900
v -0.03251600 -0.04650000 -0.00114900
v -0.03228400 -0.04650000 -0.00459800
v -0.03228400 -0.04650000 -0.00459800
v -0.03228400 -0.04650000 -0.00459800
v -0.03228400 -0.04650000 -0.00459800
v -0.03205400 -0.04650000 -0.00572700
v -0.03205400 -0.04650000 -0.00572700
v -0.03136400 -0.04650000 -0.00911500
v -0.03136400 -0.04650000 -0.00911500
v -0.03136400 -0.04650000 -0.00911500
v -0.03136400 -0.04650000 -0.00911500
v -0.03098600 -0.04650000 -0.01020300
v -0.03098600 -0.04650000 -0.01020300
v -0.02984900 -0.04650000 -0.01346800
v -0.02984900 -0.04650000 -0.01346800
v -0.02984900 -0.04650000 -0.01346800
v -0.02984900 -0.04650000 -0.01346800
v -0.02932900 -0.04650000 -0.01449600
v -0.02932900 -0.04650000 -0.01449600
v -0.02776600 -0.04650000 -0.01758200
v -0.02776600 -0.04650000 -0.01758200
v -0.02776600 -0.04650000 -0.01758200
v -0.02776600 -0.04650000 -0.01758200
v -0.02711300 -0.04650000 -0.01853100
v -0.02711300 -0.04650000 -0.01853100
v -0.02711300 -0.04650000 -0.01853100
v -0.02515200 -0.04650000 -0.02138100
v -0.02515200 -0.04650000 -0.02138100
v -0.02515200 -0.04650000 -0.02138100
v -0.02515200 -0.04650000 -0.02138100
v -0.02437800 -0.04650000 -0.02223500
v -0.02437800 -0.04650000 -0.02223500
v -0.02437800 -0.04650000 -0.02223500
v -0.02205400 -0.04650000 -0.02479900
v -0.02205400 -0.04650000 -0.02479900
v -0.02205400 -0.04650000 -0.02479900
v -0.02205400 -0.04650000 -0.02479900
v -0.02117300 -0.04650000 -0.02554300
v -0.02117300 -0.04650000 -0.02554300
v -0.02117300 -0.04650000 -0.02554300
v -0.01852700 -0.04650000 -0.02777500
v -0.01852700 -0.04650000 -0.02777500
v -0.01852700 -0.04650000 -0.02777500
v -0.01852700 -0.04650000 -0.02777500
v -0.01755500 -0.04650000 -0.02839500
v -0.01755500 -0.04650000 -0.02839500
v -0.01755500 -0.04650000 -0.02839500
v -0.01463500 -0.04650000 -0.03025500
v -0.01463500 -0.04650000 -0.03025500
v -0.01463500 -0.04650000 -0.03025500
v -0.01463500 -0.04650000 -0.03025500
v -0.01358800 -0.04650000 -0.03074000
v -0.01358800 -0.04650000 -0.03074000
v -0.01358800 -0.04650000 -0.03074000
v -0.01044500 -0.04650000 -0.03219500
v -0.01044500 -0.04650000 -0.03219500
v -0.01044500 -0.04650000 -0.03219500
v -0.01044500 -0.04650000 -0.03219500
v -0.00934300 -0.04650000 -0.03253600
v -0.00934300 -0.04650000 -0.03253600
v -0.00603400 -0.04650000 -0.03356000
v -0.00603400 -0.04650000 -0.03356000
v -0.00603400 -0.04650000 -0.03356000
v -0.00603400 -0.04650000 -0.03356000
v -0.00489600 -0.04650000 -0.03375200
v -0.00489600 -0.04650000 -0.03375200
v -0.00489600 -0.04650000 -0.03375200
v -0.00148000 -0.04650000 -0.03432700
v -0.00148000 -0.04650000 -0.03432700
v -0.00148000 -0.04650000 -0.03432700
v -0.00148000 -0.04650000 -0.03432700
v -0.00032600 -0.04650000 -0.03436500
v -0.00032600 -0.04650000 -0.03436500
v -0.00032600 -0.04650000 -0.03436500
v 0.00313600 -0.04650000 -0.03448100
v 0.00313600 -0.04650000 -0.03448100
v 0.00313600 -0.04650000 -0.03448100
v 0.00313600 -0.04650000 -0.03448100
v 0.00428400 -0.04650000 -0.03436500
v 0.00428400 -0.04650000 -0.03436500
v 0.00428400 -0.04650000 -0.03436500
v 0.00773100 -0.04650000 -0.03401900
v 0.00773100 -0.04650000 -0.03401900
v 0.00773100 -0.04650000 -0.03401900
v 0.00773100 -0.04650000 -0.03401900
v 0.00885400 -0.04650000 -0.03375200
v 0.00885400 -0.04650000 -0.03375200
v 0.00885400 -0.04650000 -0.03375200
v 0.01222400 -0.04650000 -0.03295100
v 0.01222400 -0.04650000 -0.03295100
v 0.01222400 -0.04650000 -0.03295100
v 0.01222400 -0.04650000 -0.03295100
v 0.01330100 -0.04650000 -0.03253700
v 0.01330100 -0.04650000 -0.03253700
v 0.01330100 -0.04650000 -0.03253700
v 0.01653400 -0.04650000 -0.03129500
v 0.01653400 -0.04650000 -0.03129500
v 0.01653400 -0.04650000 -0.03129500
v 0.01653400 -0.04650000 -0.03129500
v 0.01754600 -0.04650000 -0.03074100
v 0.01754600 -0.04650000 -0.03074100
v 0.01754600 -0.04650000 -0.03074100
v 0.02058400 -0.04650000 -0.02908000
v 0.02058400 -0.04650000 -0.02908000
v 0.02058400 -0.04650000 -0.02908000
v 0.02058400 -0.04650000 -0.02908000
v 0.02151300 -0.04650000 -0.02839700
v 0.02151300 -0.04650000 -0.02839700
v 0.02151300 -0.04650000 -0.02839700
v 0.02430200 -0.04650000 -0.02634600
v 0.02430200 -0.04650000 -0.02634600
v 0.02430200 -0.04650000 -0.02634600
v 0.02430200 -0.04650000 -0.02634600
v 0.02513200 -0.04650000 -0.02554500
v 0.02513200 -0.04650000 -0.02554500
v 0.02513200 -0.04650000 -0.02554500
v 0.02762200 -0.04650000 -0.02314200
v 0.02762200 -0.04650000 -0.02314200
v 0.02762200 -0.04650000 -0.02314200
v 0.02762200 -0.04650000 -0.02314200
v 0.02833800 -0.04650000 -0.02223800
v 0.02833800 -0.04650000 -0.02223800
v 0.02833800 -0.04650000 -0.02223800
v 0.03048500 -0.04650000 -0.01952500
v 0.03048500 -0.04650000 -0.01952500
v 0.03048500 -0.04650000 -0.01952500
v 0.03048500 -0.04650000 -0.01952500
v 0.03107300 -0.04650000 -0.01853400
v 0.03107300 -0.04650000 -0.01853400
v 0.03107300 -0.04650000 -0.01853400
v 0.03283800 -0.04650000 -0.01556000
v 0.03283800 -0.04650000 -0.01556000
v 0.03283800 -0.04650000 -0.01556000
v 0.03283800 -0.04650000 -0.01556000
v 0.03328900 -0.04650000 -0.01450000
v 0.03328900 -0.04650000 -0.01450000
v 0.03464100 -0.04650000 -0.01131700
v 0.03464100 -0.04650000 -0.01131700
v 0.03464100 -0.04650000 -0.01131700
v 0.03464100 -0.04650000 -0.01131700
v 0.03494600 -0.04650000 -0.01020600
v 0.03494600 -0.04650000 -0.01020600
v 0.03494600 -0.04650000 -0.01020600
v 0.03586200 -0.04650000 -0.00687200
v 0.03586200 -0.04650000 -0.00687200
v 0.03586200 -0.04650000 -0.00687200
v 0.03586200 -0.04650000 -0.00687200
v 0.03601500 -0.04650000 -0.00573100
v 0.03601500 -0.04650000 -0.00573100
v 0.03601500 -0.04650000 -0.00573100
v 0.03647700 -0.04650000 -0.00230400
v 0.03647700 -0.04650000 -0.00230400
v 0.03647700 -0.04650000 -0.00230400
v 0.03647700 -0.04650000 -0.00230400
v 0.03647700 -0.04650000 -0.00115300
v 0.03647700 -0.04650000 -0.00115300
v 0.03647700 -0.04650000 -0.00115300
v 0.03647700 -0.04650000 0.00230400
v 0.03647700 -0.04650000 0.00230400
v 0.03647700 -0.04650000 0.00230400
v 0.03647700 -0.04650000 0.00230400
v 0.03632300 -0.04650000 0.00344600
v 0.03632300 -0.04650000 0.00344600
v 0.03632300 -0.04650000 0.00344600
v 0.03586200 -0.04650000 0.00687200
v 0.03586200 -0.04650000 0.00687200
v 0.03586200 -0.04650000 0.00687200
v 0.03586200 -0.04650000 0.00687200
v 0.03555700 -0.04650000 0.00798300
v 0.03555700 -0.04650000 0.00798300
v 0.03555700 -0.04650000 0.00798300
v 0.03464100 -0.04650000 0.01131700
v 0.03464100 -0.04650000 0.01131700
v 0.03464100 -0.04650000 0.01131700
v 0.03464100 -0.04650000 0.01131700
v 0.03419100 -0.04650000 0.01237700
v 0.03419100 -0.04650000 0.01237700
v 0.03419100 -0.04650000 0.01237700
v 0.03283800 -0.04650000 0.01556000
v 0.03283800 -0.04650000 0.01556000
v 0.03283800 -0.04650000 0.01556000
v 0.03283800 -0.04650000 0.01556000
v 0.03225000 -0.04650000 0.01655100
v 0.03225000 -0.04650000 0.01655100
v 0.03225000 -0.04650000 0.01655100
v 0.03048500 -0.04650000 0.01952500
v 0.03048500 -0.04650000 0.01952500
v 0.03048500 -0.04650000 0.01952500
v 0.03048500 -0.04650000 0.01952500
v 0.02976900 -0.04650000 0.02042900
v 0.02976900 -0.04650000 0.02042900
v 0.02976900 -0.04650000 0.02042900
v 0.02762200 -0.04650000 0.02314200
v 0.02762200 -0.04650000 0.02314200
v 0.02762200 -0.04650000 0.02314200
v 0.02762200 -0.04650000 0.02314200
v 0.02679300 -0.04650000 0.02394300
v 0.02679300 -0.04650000 0.02394300
v 0.02679300 -0.04650000 0.02394300
v 0.02430200 -0.04650000 0.02634600
v 0.02430200 -0.04650000 0.02634600
v 0.02430200 -0.04650000 0.02634600
v 0.02430200 -0.04650000 0.02634600
v 0.02337300 -0.04650000 0.02702900
v 0.02337300 -0.04650000 0.02702900
v 0.02337300 -0.04650000 0.02702900
v 0.02058400 -0.04650000 0.02908000
v 0.02058400 -0.04650000 0.02908000
v 0.02058400 -0.04650000 0.02908000
v 0.02058400 -0.04650000 0.02908000
v 0.01957200 -0.04650000 0.02963300
v 0.01957200 -0.04650000 0.02963300
v 0.01957200 -0.04650000 0.02963300
v 0.01653400 -0.04650000 0.03129500
v 0.01653400 -0.04650000 0.03129500
v 0.01653400 -0.04650000 0.03129500
v 0.01653400 -0.04650000 0.03129500
v 0.01545700 -0.04650000 0.03170800
v 0.01545700 -0.04650000 0.03170800
v 0.01545700 -0.04650000 0.03170800
v 0.01222400 -0.04650000 0.03295100
v 0.01222400 -0.04650000 0.03295100
v 0.01222400 -0.04650000 0.03295100
v 0.01222400 -0.04650000 0.03295100
v 0.01110200 -0.04650000 0.03321800
v 0.01110200 -0.04650000 0.03321800
v 0.01110200 -0.04650000 0.03321800
v 0.00773100 -0.04650000 0.03401900
v 0.00773100 -0.04650000 0.03401900
v 0.00773100 -0.04650000 0.03401900
v 0.00773100 -0.04650000 0.03401900
v 0.00658300 -0.04650000 0.03413500
v 0.00658300 -0.04650000 0.03413500
v 0.00658300 -0.04650000 0.03413500
v 0.00313600 -0.04650000 0.03448100
v 0.00313600 -0.04650000 0.03448100
v 0.00313600 -0.04650000 0.03448100
v 0.00313600 -0.04650000 0.03448100
v 0.11361800 -0.01135000 -0.04612700
v 0.11361800 -0.01135000 -0.04612700
v 0.11361800 -0.01135000 -0.04612700
v 0.11361800 -0.01135000 -0.04612700
v 0.11361800 -0.01135000 -0.04612700
v 0.11361800 -0.01135000 -0.04612700
v 0.11361800 -0.04950000 -0.04612700
v 0.11361800 -0.04950000 -0.04612700
v 0.11361800 -0.04950000 -0.04612700
v 0.09856400 -0.04950000 -0.04320700
v 0.09856400 -0.04950000 -0.04320700
v 0.09856400 -0.04950000 -0.04320700
v 0.09856400 -0.04950000 -0.04320700
v 0.11361800 -0.00810000 -0.04680800
v 0.11361800 -0.00810000 -0.04680800
v 0.11361800 -0.00810000 -0.04680800
v 0.11361800 0.00810000 -0.04680800
v 0.11361800 0.00810000 -0.04680800
v 0.11361800 0.00810000 -0.04680800
v 0.11361800 0.00271200 -0.04742600
v 0.11361800 0.00271200 -0.04742600
v 0.11361800 0.00271200 -0.04742600
v 0.11361800 -0.00271200 -0.04742600
v 0.11361800 -0.00271200 -0.04742600
v 0.11361800 -0.00271200 -0.04742600
v 0.10251200 -0.07100000 -0.04157500
v 0.10251200 -0.07100000 -0.04157500
v 0.10251200 -0.07100000 -0.04157500
v 0.10251200 -0.07100000 -0.04157500
v 0.10251200 -0.07100000 -0.04157500
v 0.10251200 -0.04950000 -0.04157500
v 0.10251200 -0.04950000 -0.04157500
v 0.10251200 -0.04950000 -0.04157500
v 0.11361800 -0.04950000 -0.03049300
v 0.11361800 -0.04950000 -0.03049300
v 0.11361800 -0.04950000 -0.03049300
v 0.11361800 -0.04950000 -0.03049300
v 0.11361800 -0.04950000 -0.03049300
v 0.11361800 -0.04900000 0.03048600
v 0.11361800 -0.04900000 0.03048600
v 0.11361800 -0.04900000 0.03048600
v 0.11361800 -0.04900000 0.03048600
v 0.11361800 -0.04900000 0.03048600
v 0.11361800 -0.04067700 0.02452600
v 0.11361800 -0.04067700 0.02452600
v 0.11361800 -0.04067700 0.02452600
v 0.11361800 -0.03761500 0.02900300
v 0.11361800 -0.03761500 0.02900300
v 0.11361800 -0.03761500 0.02900300
v 0.11361800 -0.04900000 -0.03049300
v 0.11361800 -0.04900000 -0.03049300
v 0.11361800 -0.04900000 -0.03049300
v 0.11361800 -0.04900000 -0.03049300
v 0.11361800 -0.04900000 -0.03049300
v 0.11361800 -0.04593900 -0.01207900
v 0.11361800 -0.04593900 -0.01207900
v 0.11361800 -0.04593900 -0.01207900
v 0.11361800 -0.04593900 -0.01207900
v 0.11361800 -0.04701700 -0.00676300
v 0.11361800 -0.04701700 -0.00676300
v 0.11361800 -0.04701700 -0.00676300
v 0.11361800 -0.04701700 -0.00676300
v 0.11361800 -0.04320800 0.01972900
v 0.11361800 -0.04320800 0.01972900
v 0.11361800 -0.04320800 0.01972900
v 0.11361800 -0.04320800 0.01972900
v 0.11361800 -0.04732600 0.00406200
v 0.11361800 -0.04732600 0.00406200
v 0.11361800 -0.04732600 0.00406200
v 0.11361800 -0.04732600 0.00406200
v 0.11361800 -0.04655400 0.00943000
v 0.11361800 -0.04655400 0.00943000
v 0.11361800 -0.04655400 0.00943000
v 0.11361800 -0.04655400 0.00943000
v 0.11361800 -0.04748100 -0.00136000
v 0.11361800 -0.04748100 -0.00136000
v 0.11361800 -0.04748100 -0.00136000
v 0.11361800 -0.04748100 -0.00136000
v 0.11361800 -0.04426400 -0.01723600
v 0.11361800 -0.04426400 -0.01723600
v 0.11361800 -0.04426400 -0.01723600
v 0.11361800 -0.04517500 0.01467500
v 0.11361800 -0.04517500 0.01467500
v 0.11361800 -0.04517500 0.01467500
v 0.11361800 -0.04517500 0.01467500
v 0.11361800 -0.04201100 -0.02217000
v 0.11361800 -0.04201100 -0.02217000
v 0.11361800 -0.04201100 -0.02217000
v 0.11361800 -0.03589800 -0.03110900
v 0.11361800 -0.03589800 -0.03110900
v 0.11361800 -0.03589800 -0.03110900
v 0.11361800 -0.03921000 -0.02681400
v 0.11361800 -0.03921000 -0.02681400
v 0.11361800 -0.03921000 -0.02681400
v 0.11361800 -0.01849000 -0.04375600
v 0.11361800 -0.01849000 -0.04375600
v 0.11361800 -0.01849000 -0.04375600
v 0.11361800 -0.01849000 -0.04375600
v 0.11361800 -0.02335700 -0.04136400
v 0.11361800 -0.02335700 -0.04136400
v 0.11361800 -0.02335700 -0.04136400
v 0.11361800 -0.02335700 -0.04136400
v 0.11361800 -0.02335700 -0.04136400
v 0.11361800 -0.02792000 -0.03843100
v 0.11361800 -0.02792000 -0.03843100
v 0.11361800 -0.02792000 -0.03843100
v 0.11361800 -0.02792000 -0.03843100
v 0.11361800 -0.03211800 -0.03499800
v 0.11361800 -0.03211800 -0.03499800
v 0.11361800 -0.03211800 -0.03499800
v 0.11361800 -0.03406400 0.03310100
v 0.11361800 -0.03406400 0.03310100
v 0.11361800 -0.03406400 0.03310100
v 0.11361800 -0.03006800 0.03676900
v 0.11361800 -0.03006800 0.03676900
v 0.11361800 -0.03006800 0.03676900
v 0.11361800 -0.01338200 -0.04557900
v 0.11361800 -0.01338200 -0.04557900
v 0.11361800 -0.01338200 -0.04557900
v 0.11361800 -0.02568000 0.03995600
v 0.11361800 -0.02568000 0.03995600
v 0.11361800 -0.02568000 0.03995600
v 0.11361800 -0.02095800 0.04262300
v 0.11361800 -0.02095800 0.04262300
v 0.11361800 -0.02095800 0.04262300
v 0.11361800 -0.01596200 0.04473400
v 0.11361800 -0.01596200 0.04473400
v 0.11361800 -0.01596200 0.04473400
v 0.11579100 -0.04900000 -0.02832400
v 0.11579100 -0.04900000 -0.02832400
v 0.11579100 -0.04900000 -0.02832400
v 0.11579100 -0.07100000 -0.02832400
v 0.11579100 -0.07100000 -0.02832400
v 0.11579100 -0.07100000 -0.02832400
v 0.11579100 -0.07100000 -0.02832400
v 0.11579100 -0.07100000 0.02831800
v 0.11579100 -0.07100000 0.02831800
v 0.11579100 -0.07100000 0.02831800
v 0.11579100 -0.04900000 0.02831800
v 0.11579100 -0.04900000 0.02831800
v 0.11579100 -0.04900000 0.02831800
v 0.12287700 -0.04900000 0.01124700
v 0.12287700 -0.04900000 0.01124700
v 0.12287700 -0.04900000 0.01124700
v 0.12287700 -0.04900000 -0.01125300
v 0.12287700 -0.04900000 -0.01125300
v 0.12287700 -0.04900000 -0.01125300
v 0.12287700 -0.07100000 0.01124700
v 0.12287700 -0.07100000 0.01124700
v 0.12287700 -0.07100000 0.01124700
v 0.12287700 -0.07100000 -0.01125300
v 0.12287700 -0.07100000 -0.01125300
v 0.12287700 -0.07100000 -0.01125300
v 0.12464200 -0.00541500 0.04718700
v 0.12464200 -0.00541500 0.04718700
v 0.12464200 -0.00541500 0.04718700
v 0.12464200 0.00000000 0.04749700
v 0.12464200 0.00000000 0.04749700
v 0.12464200 0.00000000 0.04749700
v 0.12464200 -0.01075900 0.04626200
v 0.12464200 -0.01075900 0.04626200
v 0.12464200 -0.01075900 0.04626200
v 0.12464200 -0.01075900 0.04626200
v 0.12464200 -0.01596200 0.04473400
v 0.12464200 -0.01596200 0.04473400
v 0.12464200 -0.01596200 0.04473400
v 0.12464200 -0.01596200 0.04473400
v 0.12464200 -0.02095800 0.04262300
v 0.12464200 -0.02095800 0.04262300
v 0.12464200 -0.02095800 0.04262300
v 0.12464200 -0.02568000 0.03995600
v 0.12464200 -0.02568000 0.03995600
v 0.12464200 -0.02568000 0.03995600
v 0.12464200 -0.03006800 0.03676900
v 0.12464200 -0.03006800 0.03676900
v 0.12464200 -0.03006800 0.03676900
v 0.12464200 -0.03406400 0.03310100
v 0.12464200 -0.03406400 0.03310100
v 0.12464200 -0.03406400 0.03310100
v 0.12464200 -0.03761500 0.02900300
v 0.12464200 -0.03761500 0.02900300
v 0.12464200 -0.03761500 0.02900300
v 0.12464200 -0.04067700 0.02452600
v 0.12464200 -0.04067700 0.02452600
v 0.12464200 -0.04067700 0.02452600
v 0.12464200 -0.04067700 0.02452600
v 0.12464200 -0.04320800 0.01972900
v 0.12464200 -0.04320800 0.01972900
v 0.12464200 -0.04320800 0.01972900
v 0.12464200 -0.04517500 0.01467500
v 0.12464200 -0.04517500 0.01467500
v 0.12464200 -0.04517500 0.01467500
v 0.12464200 -0.04655400 0.00943000
v 0.12464200 -0.04655400 0.00943000
v 0.12464200 -0.04655400 0.00943000
v 0.12464200 -0.04732600 0.00406200
v 0.12464200 -0.04732600 0.00406200
v 0.12464200 -0.04732600 0.00406200
v 0.12464200 -0.04748100 -0.00136000
v 0.12464200 -0.04748100 -0.00136000
v 0.12464200 -0.04748100 -0.00136000
v 0.12464200 -0.04701700 -0.00676300
v 0.12464200 -0.04701700 -0.00676300
v 0.12464200 -0.04701700 -0.00676300
v 0.12464200 -0.04593900 -0.01207900
v 0.12464200 -0.04593900 -0.01207900
v 0.12464200 -0.04593900 -0.01207900
v 0.12464200 -0.04426400 -0.01723600
v 0.12464200 -0.04426400 -0.01723600
v 0.12464200 -0.04426400 -0.01723600
v 0.12464200 -0.04201100 -0.02217000
v 0.12464200 -0.04201100 -0.02217000
v 0.12464200 -0.04201100 -0.02217000
v 0.12464200 -0.03921000 -0.02681400
v 0.12464200 -0.03921000 -0.02681400
v 0.12464200 -0.03921000 -0.02681400
v 0.12464200 -0.03589800 -0.03110900
v 0.12464200 -0.03589800 -0.03110900
v 0.12464200 -0.03589800 -0.03110900
v 0.12464200 -0.03211800 -0.03499800
v 0.12464200 -0.03211800 -0.03499800
v 0.12464200 -0.03211800 -0.03499800
v 0.12464200 -0.03211800 -0.03499800
v 0.12464200 -0.02792000 -0.03843100
v 0.12464200 -0.02792000 -0.03843100
v 0.12464200 -0.02792000 -0.03843100
v 0.12464200 -0.02792000 -0.03843100
v 0.12464200 -0.02335700 -0.04136400
v 0.12464200 -0.02335700 -0.04136400
v 0.12464200 -0.02335700 -0.04136400
v 0.12464200 -0.01849000 -0.04375600
v 0.12464200 -0.01849000 -0.04375600
v 0.12464200 -0.01849000 -0.04375600
v 0.12464200 -0.01338200 -0.04557900
v 0.12464200 -0.01338200 -0.04557900
v 0.12464200 -0.01338200 -0.04557900
v 0.12464200 -0.01338200 -0.04557900
v 0.12464200 -0.00810000 -0.04680800
v 0.12464200 -0.00810000 -0.04680800
v 0.12464200 -0.00810000 -0.04680800
v 0.12464200 -0.00810000 -0.04680800
v 0.12464200 -0.00271200 -0.04742600
v 0.12464200 -0.00271200 -0.04742600
v 0.12464200 -0.00271200 -0.04742600
v 0.12464200 0.00271200 -0.04742600
v 0.12464200 0.00271200 -0.04742600
v 0.12464200 0.00271200 -0.04742600
v 0.12464200 0.00810000 -0.04680800
v 0.12464200 0.00810000 -0.04680800
v 0.12464200 0.00810000 -0.04680800
v 0.12464200 0.00810000 -0.04680800
v 0.12464200 0.01338200 -0.04557900
v 0.12464200 0.01338200 -0.04557900
v 0.12464200 0.01338200 -0.04557900
v 0.12464200 0.01338200 -0.04557900
v 0.12464200 0.01849000 -0.04375600
v 0.12464200 0.01849000 -0.04375600
v 0.12464200 0.01849000 -0.04375600
v 0.12464200 0.02335700 -0.04136400
v 0.12464200 0.02335700 -0.04136400
v 0.12464200 0.02335700 -0.04136400
v 0.12464200 0.02792000 -0.03843100
v 0.12464200 0.02792000 -0.03843100
v 0.12464200 0.02792000 -0.03843100
v 0.12464200 0.02792000 -0.03843100
v 0.12464200 0.03211800 -0.03499800
v 0.12464200 0.03211800 -0.03499800
v 0.12464200 0.03211800 -0.03499800
v 0.12464200 0.03589800 -0.03110900
v 0.12464200 0.03589800 -0.03110900
v 0.12464200 0.03589800 -0.03110900
v 0.12464200 0.03921000 -0.02681400
v 0.12464200 0.03921000 -0.02681400
v 0.12464200 0.03921000 -0.02681400
v 0.12464200 0.04201100 -0.02217000
v 0.12464200 0.04201100 -0.02217000
v 0.12464200 0.04201100 -0.02217000
v 0.12464200 0.04426400 -0.01723600
v 0.12464200 0.04426400 -0.01723600
v 0.12464200 0.04426400 -0.01723600
v 0.12464200 0.04593900 -0.01207900
v 0.12464200 0.04593900 -0.01207900
v 0.12464200 0.04593900 -0.01207900
v 0.12464200 0.04701700 -0.00676300
v 0.12464200 0.04701700 -0.00676300
v 0.12464200 0.04701700 -0.00676300
v 0.12464200 0.04748100 -0.00136000
v 0.12464200 0.04748100 -0.00136000
v 0.12464200 0.04748100 -0.00136000
v 0.12464200 0.04732600 0.00406200
v 0.12464200 0.04732600 0.00406200
v 0.12464200 0.04732600 0.00406200
v 0.12464200 0.04655400 0.00943000
v 0.12464200 0.04655400 0.00943000
v 0.12464200 0.04655400 0.00943000
v 0.12464200 0.04517500 0.01467500
v 0.12464200 0.04517500 0.01467500
v 0.12464200 0.04517500 0.01467500
v 0.12464200 0.04320800 0.01972900
v 0.12464200 0.04320800 0.01972900
v 0.12464200 0.04320800 0.01972900
v 0.12464200 0.04320800 0.01972900
v 0.12464200 0.04067700 0.02452600
v 0.12464200 0.04067700 0.02452600
v 0.12464200 0.04067700 0.02452600
v 0.12464200 0.03761500 0.02900300
v 0.12464200 0.03761500 0.02900300
v 0.12464200 0.03761500 0.02900300
v 0.12464200 0.03406400 0.03310100
v 0.12464200 0.03406400 0.03310100
v 0.12464200 0.03406400 0.03310100
v 0.12464200 0.03006800 0.03676900
v 0.12464200 0.03006800 0.03676900
v 0.12464200 0.03006800 0.03676900
v 0.12464200 0.02568000 0.03995600
v 0.12464200 0.02568000 0.03995600
v 0.12464200 0.02568000 0.03995600
v 0.12464200 0.02095800 0.04262300
v 0.12464200 0.02095800 0.04262300
v 0.12464200 0.02095800 0.04262300
v 0.12464200 0.01596200 0.04473400
v 0.12464200 0.01596200 0.04473400
v 0.12464200 0.01596200 0.04473400
v 0.12464200 0.01596200 0.04473400
v 0.12464200 0.01075900 0.04626200
v 0.12464200 0.01075900 0.04626200
v 0.12464200 0.01075900 0.04626200
v 0.12464200 0.01075900 0.04626200
v 0.12464200 0.00541500 0.04718700
v 0.12464200 0.00541500 0.04718700
v 0.12464200 0.00541500 0.04718700
v 0.12464200 -0.03732700 -0.00360400
v 0.12464200 -0.03732700 -0.00360400
v 0.12464200 -0.03732700 -0.00360400
v 0.12464200 -0.03732700 -0.00360400
v 0.12464200 0.03519300 -0.01295400
v 0.12464200 0.03519300 -0.01295400
v 0.12464200 0.03519300 -0.01295400
v 0.12464200 0.03324700 -0.01734800
v 0.12464200 0.03324700 -0.01734800
v 0.12464200 0.03324700 -0.01734800
v 0.12464200 0.03656000 -0.00834800
v 0.12464200 0.03656000 -0.00834800
v 0.12464200 0.03656000 -0.00834800
v 0.12464200 -0.01407300 0.03475600
v 0.12464200 -0.01407300 0.03475600
v 0.12464200 -0.01407300 0.03475600
v 0.12464200 -0.00951200 0.03627000
v 0.12464200 -0.00951200 0.03627000
v 0.12464200 -0.00951200 0.03627000
v 0.12464200 -0.01840200 0.03267100
v 0.12464200 -0.01840200 0.03267100
v 0.12464200 -0.01840200 0.03267100
v 0.12464200 -0.03748100 0.00119900
v 0.12464200 -0.03748100 0.00119900
v 0.12464200 -0.03748100 0.00119900
v 0.12464200 -0.03656000 -0.00834800
v 0.12464200 -0.03656000 -0.00834800
v 0.12464200 -0.03656000 -0.00834800
v 0.12464200 0.03732700 -0.00360400
v 0.12464200 0.03732700 -0.00360400
v 0.12464200 0.03732700 -0.00360400
v 0.12464200 0.03748100 0.00119900
v 0.12464200 0.03748100 0.00119900
v 0.12464200 0.03748100 0.00119900
v 0.12464200 0.03748100 0.00119900
v 0.12464200 0.03701900 0.00598200
v 0.12464200 0.03701900 0.00598200
v 0.12464200 0.03701900 0.00598200
v 0.12464200 0.03595000 0.01066700
v 0.12464200 0.03595000 0.01066700
v 0.12464200 0.03595000 0.01066700
v 0.12464200 0.03429000 0.01517600
v 0.12464200 0.03429000 0.01517600
v 0.12464200 0.03429000 0.01517600
v 0.12464200 0.03206800 0.01943700
v 0.12464200 0.03206800 0.01943700
v 0.12464200 0.03206800 0.01943700
v 0.12464200 0.01407300 0.03475600
v 0.12464200 0.01407300 0.03475600
v 0.12464200 0.01407300 0.03475600
v 0.12464200 0.00951200 0.03627000
v 0.12464200 0.00951200 0.03627000
v 0.12464200 0.00951200 0.03627000
v 0.12464200 0.00000000 0.03749700
v 0.12464200 0.00000000 0.03749700
v 0.12464200 0.00000000 0.03749700
v 0.12464200 -0.00479500 0.03718900
v 0.12464200 -0.00479500 0.03718900
v 0.12464200 -0.00479500 0.03718900
v 0.12464200 -0.03519300 -0.01295400
v 0.12464200 -0.03519300 -0.01295400
v 0.12464200 -0.03519300 -0.01295400
v 0.12464200 -0.03324700 -0.01734800
v 0.12464200 -0.03324700 -0.01734800
v 0.12464200 -0.03324700 -0.01734800
v 0.12464200 -0.03075600 -0.02145800
v 0.12464200 -0.03075600 -0.02145800
v 0.12464200 -0.03075600 -0.02145800
v 0.12464200 0.01840200 0.03267100
v 0.12464200 0.01840200 0.03267100
v 0.12464200 0.01840200 0.03267100
v 0.12464200 0.02242900 0.03005000
v 0.12464200 0.02242900 0.03005000
v 0.12464200 0.02242900 0.03005000
v 0.12464200 0.02242900 0.03005000
v 0.12464200 0.00479500 0.03718900
v 0.12464200 0.00479500 0.03718900
v 0.12464200 0.00479500 0.03718900
v 0.12464200 -0.02931900 0.02337800
v 0.12464200 -0.02931900 0.02337800
v 0.12464200 -0.02931900 0.02337800
v 0.12464200 -0.03206800 0.01943700
v 0.12464200 -0.03206800 0.01943700
v 0.12464200 -0.03206800 0.01943700
v 0.12464200 -0.03429000 0.01517600
v 0.12464200 -0.03429000 0.01517600
v 0.12464200 -0.03429000 0.01517600
v 0.12464200 -0.03595000 0.01066700
v 0.12464200 -0.03595000 0.01066700
v 0.12464200 -0.03595000 0.01066700
v 0.12464200 -0.03701900 0.00598200
v 0.12464200 -0.03701900 0.00598200
v 0.12464200 -0.03701900 0.00598200
v 0.12464200 -0.01627100 -0.03378900
v 0.12464200 -0.01627100 -0.03378900
v 0.12464200 -0.01627100 -0.03378900
v 0.12464200 0.02045800 -0.03143100
v 0.12464200 0.02045800 -0.03143100
v 0.12464200 0.02045800 -0.03143100
v 0.12464200 0.01627100 -0.03378900
v 0.12464200 0.01627100 -0.03378900
v 0.12464200 0.01627100 -0.03378900
v 0.12464200 0.02931900 0.02337800
v 0.12464200 0.02931900 0.02337800
v 0.12464200 0.02931900 0.02337800
v 0.12464200 0.02608800 0.02693500
v 0.12464200 0.02608800 0.02693500
v 0.12464200 0.02608800 0.02693500
v 0.12464200 -0.02242900 0.03005000
v 0.12464200 -0.02242900 0.03005000
v 0.12464200 -0.02242900 0.03005000
v 0.12464200 -0.02776000 -0.02521400
v 0.12464200 -0.02776000 -0.02521400
v 0.12464200 -0.02776000 -0.02521400
v 0.12464200 -0.02430900 -0.02855700
v 0.12464200 -0.02430900 -0.02855700
v 0.12464200 -0.02430900 -0.02855700
v 0.12464200 -0.02045800 -0.03143100
v 0.12464200 -0.02045800 -0.03143100
v 0.12464200 -0.02045800 -0.03143100
v 0.12464200 0.02430900 -0.02855700
v 0.12464200 0.02430900 -0.02855700
v 0.12464200 0.02430900 -0.02855700
v 0.12464200 0.03075600 -0.02145800
v 0.12464200 0.03075600 -0.02145800
v 0.12464200 0.03075600 -0.02145800
v 0.12464200 -0.02608800 0.02693500
v 0.12464200 -0.02608800 0.02693500
v 0.12464200 -0.02608800 0.02693500
v 0.12464200 -0.02608800 0.02693500
v 0.12464200 0.02776000 -0.02521400
v 0.12464200 0.02776000 -0.02521400
v 0.12464200 0.02776000 -0.02521400
v 0.12464200 -0.01181700 -0.03559300
v 0.12464200 -0.01181700 -0.03559300
v 0.12464200 -0.01181700 -0.03559300
v 0.12464200 -0.00716800 -0.03681200
v 0.12464200 -0.00716800 -0.03681200
v 0.12464200 -0.00716800 -0.03681200
v 0.12464200 0.01181700 -0.03559300
v 0.12464200 0.01181700 -0.03559300
v 0.12464200 0.01181700 -0.03559300
v 0.12464200 0.00716800 -0.03681200
v 0.12464200 0.00716800 -0.03681200
v 0.12464200 0.00716800 -0.03681200
v 0.12464200 -0.00240300 -0.03742600
v 0.12464200 -0.00240300 -0.03742600
v 0.12464200 -0.00240300 -0.03742600
v 0.12464200 0.00000000 -0.03750300
v 0.12464200 0.00000000 -0.03750300
v 0.12464200 0.00000000 -0.03750300
v 0.12464200 0.00240300 -0.03742600
v 0.12464200 0.00240300 -0.03742600
v 0.12464200 0.00240300 -0.03742600
v 0.14829200 -0.00479500 0.03718900
v 0.14829200 -0.00479500 0.03718900
v 0.14829200 -0.00479500 0.03718900
v 0.14829200 0.00000000 0.03749700
v 0.14829200 0.00000000 0.03749700
v 0.14829200 0.00000000 0.03749700
v 0.14829200 -0.00951200 0.03627000
v 0.14829200 -0.00951200 0.03627000
v 0.14829200 -0.00951200 0.03627000
v 0.14829200 -0.01407300 0.03475600
v 0.14829200 -0.01407300 0.03475600
v 0.14829200 -0.01407300 0.03475600
v 0.14829200 -0.01840200 0.03267100
v 0.14829200 -0.01840200 0.03267100
v 0.14829200 -0.01840200 0.03267100
v 0.14829200 -0.02242900 0.03005000
v 0.14829200 -0.02242900 0.03005000
v 0.14829200 -0.02242900 0.03005000
v 0.14829200 -0.02242900 0.03005000
v 0.14829200 -0.02242900 0.03005000
v 0.14829200 -0.02608800 0.02693500
v 0.14829200 -0.02608800 0.02693500
v 0.14829200 -0.02608800 0.02693500
v 0.14829200 -0.02931900 0.02337800
v 0.14829200 -0.02931900 0.02337800
v 0.14829200 -0.02931900 0.02337800
v 0.14829200 -0.03206800 0.01943700
v 0.14829200 -0.03206800 0.01943700
v 0.14829200 -0.03206800 0.01943700
v 0.14829200 -0.03206800 0.01943700
v 0.14829200 -0.03429000 0.01517600
v 0.14829200 -0.03429000 0.01517600
v 0.14829200 -0.03429000 0.01517600
v 0.14829200 -0.03429000 0.01517600
v 0.14829200 -0.03595000 0.01066700
v 0.14829200 -0.03595000 0.01066700
v 0.14829200 -0.03595000 0.01066700
v 0.14829200 -0.03595000 0.01066700
v 0.14829200 -0.03701900 0.00598200
v 0.14829200 -0.03701900 0.00598200
v 0.14829200 -0.03701900 0.00598200
v 0.14829200 -0.03701900 0.00598200
v 0.14829200 -0.03748100 0.00119900
v 0.14829200 -0.03748100 0.00119900
v 0.14829200 -0.03748100 0.00119900
v 0.14829200 -0.03748100 0.00119900
v 0.14829200 -0.03748100 0.00119900
v 0.14829200 -0.03732700 -0.00360400
v 0.14829200 -0.03732700 -0.00360400
v 0.14829200 -0.03732700 -0.00360400
v 0.14829200 -0.03732700 -0.00360400
v 0.14829200 -0.03656000 -0.00834800
v 0.14829200 -0.03656000 -0.00834800
v 0.14829200 -0.03656000 -0.00834800
v 0.14829200 -0.03656000 -0.00834800
v 0.14829200 -0.03519300 -0.01295400
v 0.14829200 -0.03519300 -0.01295400
v 0.14829200 -0.03519300 -0.01295400
v 0.14829200 -0.03324700 -0.01734800
v 0.14829200 -0.03324700 -0.01734800
v 0.14829200 -0.03324700 -0.01734800
v 0.14829200 -0.03324700 -0.01734800
v 0.14829200 -0.03324700 -0.01734800
v 0.14829200 -0.03075600 -0.02145800
v 0.14829200 -0.03075600 -0.02145800
v 0.14829200 -0.03075600 -0.02145800
v 0.14829200 -0.02776000 -0.02521400
v 0.14829200 -0.02776000 -0.02521400
v 0.14829200 -0.02776000 -0.02521400
v 0.14829200 -0.02430900 -0.02855700
v 0.14829200 -0.02430900 -0.02855700
v 0.14829200 -0.02430900 -0.02855700
v 0.14829200 -0.02045800 -0.03143100
v 0.14829200 -0.02045800 -0.03143100
v 0.14829200 -0.02045800 -0.03143100
v 0.14829200 -0.02045800 -0.03143100
v 0.14829200 -0.01627100 -0.03378900
v 0.14829200 -0.01627100 -0.03378900
v 0.14829200 -0.01627100 -0.03378900
v 0.14829200 -0.01627100 -0.03378900
v 0.14829200 -0.01181700 -0.03559300
v 0.14829200 -0.01181700 -0.03559300
v 0.14829200 -0.01181700 -0.03559300
v 0.14829200 -0.00716800 -0.03681200
v 0.14829200 -0.00716800 -0.03681200
v 0.14829200 -0.00716800 -0.03681200
v 0.14829200 -0.00240300 -0.03742600
v 0.14829200 -0.00240300 -0.03742600
v 0.14829200 -0.00240300 -0.03742600
v 0.14829200 0.00240300 -0.03742600
v 0.14829200 0.00240300 -0.03742600
v 0.14829200 0.00240300 -0.03742600
v 0.14829200 0.00000000 -0.03750300
v 0.14829200 0.00000000 -0.03750300
v 0.14829200 0.00000000 -0.03750300
v 0.14829200 0.00716800 -0.03681200
v 0.14829200 0.00716800 -0.03681200
v 0.14829200 0.00716800 -0.03681200
v 0.14829200 0.01181700 -0.03559300
v 0.14829200 0.01181700 -0.03559300
v 0.14829200 0.01181700 -0.03559300
v 0.14829200 0.01627100 -0.03378900
v 0.14829200 0.01627100 -0.03378900
v 0.14829200 0.01627100 -0.03378900
v 0.14829200 0.01627100 -0.03378900
v 0.14829200 0.02045800 -0.03143100
v 0.14829200 0.02045800 -0.03143100
v 0.14829200 0.02045800 -0.03143100
v 0.14829200 0.02045800 -0.03143100
v 0.14829200 0.02045800 -0.03143100
v 0.14829200 0.02430900 -0.02855700
v 0.14829200 0.02430900 -0.02855700
v 0.14829200 0.02430900 -0.02855700
v 0.14829200 0.02776000 -0.02521400
v 0.14829200 0.02776000 -0.02521400
v 0.14829200 0.02776000 -0.02521400
v 0.14829200 0.03075600 -0.02145800
v 0.14829200 0.03075600 -0.02145800
v 0.14829200 0.03075600 -0.02145800
v 0.14829200 0.03324700 -0.01734800
v 0.14829200 0.03324700 -0.01734800
v 0.14829200 0.03324700 -0.01734800
v 0.14829200 0.03519300 -0.01295400
v 0.14829200 0.03519300 -0.01295400
v 0.14829200 0.03519300 -0.01295400
v 0.14829200 0.03519300 -0.01295400
v 0.14829200 0.03656000 -0.00834800
v 0.14829200 0.03656000 -0.00834800
v 0.14829200 0.03656000 -0.00834800
v 0.14829200 0.03656000 -0.00834800
v 0.14829200 0.03732700 -0.00360400
v 0.14829200 0.03732700 -0.00360400
v 0.14829200 0.03732700 -0.00360400
v 0.14829200 0.03732700 -0.00360400
v 0.14829200 0.03732700 -0.00360400
v 0.14829200 0.03748100 0.00119900
v 0.14829200 0.03748100 0.00119900
v 0.14829200 0.03748100 0.00119900
v 0.14829200 0.03701900 0.00598200
v 0.14829200 0.03701900 0.00598200
v 0.14829200 0.03701900 0.00598200
v 0.14829200 0.03701900 0.00598200
v 0.14829200 0.03701900 0.00598200
v 0.14829200 0.03595000 0.01066700
v 0.14829200 0.03595000 0.01066700
v 0.14829200 0.03595000 0.01066700
v 0.14829200 0.03429000 0.01517600
v 0.14829200 0.03429000 0.01517600
v 0.14829200 0.03429000 0.01517600
v 0.14829200 0.03206800 0.01943700
v 0.14829200 0.03206800 0.01943700
v 0.14829200 0.03206800 0.01943700
v 0.14829200 0.02931900 0.02337800
v 0.14829200 0.02931900 0.02337800
v 0.14829200 0.02931900 0.02337800
v 0.14829200 0.02608800 0.02693500
v 0.14829200 0.02608800 0.02693500
v 0.14829200 0.02608800 0.02693500
v 0.14829200 0.02608800 0.02693500
v 0.14829200 0.02608800 0.02693500
v 0.14829200 0.02242900 0.03005000
v 0.14829200 0.02242900 0.03005000
v 0.14829200 0.02242900 0.03005000
v 0.14829200 0.02242900 0.03005000
v 0.14829200 0.02242900 0.03005000
v 0.14829200 0.01840200 0.03267100
v 0.14829200 0.01840200 0.03267100
v 0.14829200 0.01840200 0.03267100
v 0.14829200 0.01407300 0.03475600
v 0.14829200 0.01407300 0.03475600
v 0.14829200 0.01407300 0.03475600
v 0.14829200 0.00951200 0.03627000
v 0.14829200 0.00951200 0.03627000
v 0.14829200 0.00951200 0.03627000
v 0.14829200 0.00479500 0.03718900
v 0.14829200 0.00479500 0.03718900
v 0.14829200 0.00479500 0.03718900
v 0.10120900 -0.07100000 0.04015900
v 0.10120900 -0.07100000 0.04015900
v 0.10120900 -0.07100000 0.04015900
v 0.10120900 -0.07100000 0.04015900
v 0.08158600 -0.07100000 0.04826900
v 0.08158600 -0.07100000 0.04826900
v 0.08158600 -0.07100000 0.04826900
v 0.03338700 -0.07100000 0.05783600
v 0.03338700 -0.07100000 0.05783600
v 0.03338700 -0.07100000 0.05783600
v -0.01271100 -0.07100000 0.05783600
v -0.01271100 -0.07100000 0.05783600
v -0.01271100 -0.07100000 0.05783600
v -0.02981800 -0.07100000 0.05076500
v -0.02981800 -0.07100000 0.05076500
v -0.02981800 -0.07100000 0.05076500
v -0.04871600 -0.07100000 0.03190700
v -0.04871600 -0.07100000 0.03190700
v -0.04871600 -0.07100000 0.03190700
v 0.08158600 -0.07100000 -0.04809700
v 0.08158600 -0.07100000 -0.04809700
v 0.08158600 -0.07100000 -0.04809700
v 0.03338700 -0.07100000 -0.05766400
v 0.03338700 -0.07100000 -0.05766400
v 0.03338700 -0.07100000 -0.05766400
v 0.10120900 -0.07100000 -0.03998600
v 0.10120900 -0.07100000 -0.03998600
v 0.10120900 -0.07100000 -0.03998600
v 0.10120900 -0.07100000 -0.03998600
v 0.12157400 -0.07100000 -0.00966400
v 0.12157400 -0.07100000 -0.00966400
v 0.12157400 -0.07100000 -0.00966400
v 0.11448800 -0.07100000 -0.02673500
v 0.11448800 -0.07100000 -0.02673500
v 0.11448800 -0.07100000 -0.02673500
v 0.11448800 -0.07100000 -0.02673500
v 0.12157400 -0.07100000 0.00983600
v 0.12157400 -0.07100000 0.00983600
v 0.12157400 -0.07100000 0.00983600
v -0.05580300 -0.07100000 -0.01466400
v -0.05580300 -0.07100000 -0.01466400
v -0.05580300 -0.07100000 -0.01466400
v -0.04871600 -0.07100000 -0.03173500
v -0.04871600 -0.07100000 -0.03173500
v -0.04871600 -0.07100000 -0.03173500
v 0.11448800 -0.07100000 0.02690700
v 0.11448800 -0.07100000 0.02690700
v 0.11448800 -0.07100000 0.02690700
v 0.11448800 -0.07100000 0.02690700
v -0.05580300 -0.07100000 0.01483600
v -0.05580300 -0.07100000 0.01483600
v -0.05580300 -0.07100000 0.01483600
v -0.01271100 -0.07100000 -0.05766400
v -0.01271100 -0.07100000 -0.05766400
v -0.01271100 -0.07100000 -0.05766400
v -0.02981800 -0.07100000 -0.05059300
v -0.02981800 -0.07100000 -0.05059300
v -0.02981800 -0.07100000 -0.05059300
v -0.05580300 -0.08462200 -0.01466400
v -0.05580300 -0.08462200 -0.01466400
v -0.05580300 -0.08462200 -0.01466400
v -0.05580300 -0.08462200 -0.01466400
v -0.05580300 -0.08462200 0.01483600
v -0.05580300 -0.08462200 0.01483600
v -0.05580300 -0.08462200 0.01483600
v -0.05580300 -0.08462200 0.01483600
v 0.12157400 -0.08328200 0.00983600
v 0.12157400 -0.08328200 0.00983600
v 0.12157400 -0.08328200 0.00983600
v 0.12157400 -0.08328200 -0.00966400
v 0.12157400 -0.08328200 -0.00966400
v 0.12157400 -0.08328200 -0.00966400
v 0.11448800 -0.08517700 0.02690700
v 0.11448800 -0.08517700 0.02690700
v 0.11448800 -0.08517700 0.02690700
v 0.11448800 -0.08517700 -0.02673500
v 0.11448800 -0.08517700 -0.02673500
v 0.11448800 -0.08517700 -0.02673500
v 0.10120900 -0.08341900 -0.03998600
v 0.10120900 -0.08341900 -0.03998600
v 0.10120900 -0.08341900 -0.03998600
v 0.08158600 -0.08124500 -0.04809700
v 0.08158600 -0.08124500 -0.04809700
v 0.08158600 -0.08124500 -0.04809700
v 0.03338700 -0.08160800 -0.05766400
v 0.03338700 -0.08160800 -0.05766400
v 0.03338700 -0.08160800 -0.05766400
v 0.11379800 -0.08536100 -0.02742300
v 0.11379800 -0.08536100 -0.02742300
v 0.11379800 -0.08536100 -0.02742300
v 0.11379800 -0.08536100 -0.02742300
v 0.10212600 -0.08381500 -0.03907100
v 0.10212600 -0.08381500 -0.03907100
v 0.10212600 -0.08381500 -0.03907100
v 0.10212600 -0.08381500 -0.03907100
v 0.10212600 -0.08381500 -0.03907100
v 0.05555000 -0.08993400 -0.03783900
v 0.05555000 -0.08993400 -0.03783900
v 0.05555000 -0.08993400 -0.03783900
v 0.00758600 -0.08462200 -0.05766400
v 0.00758600 -0.08462200 -0.05766400
v 0.00758600 -0.08462200 -0.05766400
v -0.01271100 -0.08462200 -0.05766400
v -0.01271100 -0.08462200 -0.05766400
v -0.01271100 -0.08462200 -0.05766400
v -0.01271100 -0.08462200 -0.05766400
v 0.08158600 -0.08124500 0.04826900
v 0.08158600 -0.08124500 0.04826900
v 0.08158600 -0.08124500 0.04826900
v 0.10120900 -0.08341900 0.04015900
v 0.10120900 -0.08341900 0.04015900
v 0.10120900 -0.08341900 0.04015900
v 0.10120900 -0.08341900 0.04015900
v 0.03338700 -0.08160800 0.05783600
v 0.03338700 -0.08160800 0.05783600
v 0.03338700 -0.08160800 0.05783600
v 0.10212600 -0.08381500 0.03924400
v 0.10212600 -0.08381500 0.03924400
v 0.10212600 -0.08381500 0.03924400
v 0.10212600 -0.08381500 0.03924400
v 0.11379800 -0.08536100 0.02759500
v 0.11379800 -0.08536100 0.02759500
v 0.11379800 -0.08536100 0.02759500
v 0.11379800 -0.08536100 0.02759500
v 0.10084900 -0.08882400 0.02041400
v 0.10084900 -0.08882400 0.02041400
v 0.10084900 -0.08882400 0.02041400
v 0.10084900 -0.08882400 -0.02024100
v 0.10084900 -0.08882400 -0.02024100
v 0.10084900 -0.08882400 -0.02024100
v 0.05555000 -0.08993400 0.03801100
v 0.05555000 -0.08993400 0.03801100
v 0.05555000 -0.08993400 0.03801100
v 0.05555000 -0.08993400 0.03801100
v 0.05555000 -0.08993400 0.03801100
v 0.00758600 -0.08462200 0.05783600
v 0.00758600 -0.08462200 0.05783600
v 0.00758600 -0.08462200 0.05783600
v -0.01271100 -0.08462200 0.05783600
v -0.01271100 -0.08462200 0.05783600
v -0.01271100 -0.08462200 0.05783600
v -0.01271100 -0.08462200 0.05783600
v 0.07795700 -0.09183100 -0.01963500
v 0.07795700 -0.09183100 -0.01963500
v 0.07795700 -0.09183100 -0.01963500
v 0.07795700 -0.09183100 -0.01963500
v 0.05492000 -0.09195400 -0.03030100
v 0.05492000 -0.09195400 -0.03030100
v 0.05492000 -0.09195400 -0.03030100
v 0.07795700 -0.09183100 0.01980800
v 0.07795700 -0.09183100 0.01980800
v 0.07795700 -0.09183100 0.01980800
v 0.07795700 -0.09183100 0.01980800
v 0.05492000 -0.09195400 0.03047300
v 0.05492000 -0.09195400 0.03047300
v 0.05492000 -0.09195400 0.03047300
v 0.06144700 -0.09400000 0.01171300
v 0.06144700 -0.09400000 0.01171300
v 0.06144700 -0.09400000 0.01171300
v 0.06144700 -0.09400000 -0.01154000
v 0.06144700 -0.09400000 -0.01154000
v 0.06144700 -0.09400000 -0.01154000
v 0.03934300 -0.09400000 -0.02266400
v 0.03934300 -0.09400000 -0.02266400
v 0.03934300 -0.09400000 -0.02266400
v 0.03934300 -0.09400000 0.02283600
v 0.03934300 -0.09400000 0.02283600
v 0.03934300 -0.09400000 0.02283600
v -0.00573400 -0.09400000 -0.02266400
v -0.00573400 -0.09400000 -0.02266400
v -0.00573400 -0.09400000 -0.02266400
v -0.00573400 -0.09400000 -0.02266400
v -0.02981800 -0.08462200 -0.05059300
v -0.02981800 -0.08462200 -0.05059300
v -0.02981800 -0.08462200 -0.05059300
v -0.02981800 -0.08462200 -0.05059300
v -0.02981800 -0.08462200 -0.05059300
v -0.00573400 -0.09400000 0.02283600
v -0.00573400 -0.09400000 0.02283600
v -0.00573400 -0.09400000 0.02283600
v -0.02981800 -0.08462200 0.05076500
v -0.02981800 -0.08462200 0.05076500
v -0.02981800 -0.08462200 0.05076500
v -0.02981800 -0.08462200 0.05076500
v -0.04871600 -0.08462200 -0.03173500
v -0.04871600 -0.08462200 -0.03173500
v -0.04871600 -0.08462200 -0.03173500
v -0.04871600 -0.08462200 -0.03173500
v -0.00995000 -0.09400000 -0.02092100
v -0.00995000 -0.09400000 -0.02092100
v -0.00995000 -0.09400000 -0.02092100
v -0.04871600 -0.08462200 0.03190700
v -0.04871600 -0.08462200 0.03190700
v -0.04871600 -0.08462200 0.03190700
v -0.04871600 -0.08462200 0.03190700
v -0.00995000 -0.09400000 0.02109400
v -0.00995000 -0.09400000 0.02109400
v -0.00995000 -0.09400000 0.02109400
v -0.02072800 -0.09400000 0.00787400
v -0.02072800 -0.09400000 0.00787400
v -0.02072800 -0.09400000 0.00787400
v -0.01898200 -0.09400000 0.01208100
v -0.01898200 -0.09400000 0.01208100
v -0.01898200 -0.09400000 0.01208100
v -0.02072800 -0.09400000 -0.00770200
v -0.02072800 -0.09400000 -0.00770200
v -0.02072800 -0.09400000 -0.00770200
v -0.01898200 -0.09400000 -0.01190900
v -0.01898200 -0.09400000 -0.01190900
v -0.01898200 -0.09400000 -0.01190900
vn -0.00000000 -1.00000000 -0.00000000
vn 0.45110000 -0.01410000 0.89230000
vn 0.45060000 -0.01410000 0.89260000
vn 0.24510000 -0.01420000 0.96940000
vn 0.24500000 -0.01420000 0.96940000
vn -0.00000000 -1.00000000 -0.00000000
vn 0.21820000 0.01410000 0.97580000
vn 0.13650000 -0.01440000 0.99050000
vn -0.00000000 -1.00000000 -0.00000000
vn 0.24500000 -0.01420000 0.96940000
vn 0.35040000 -0.01400000 0.93650000
vn -0.00000000 -1.00000000 -0.00000000
vn 0.34990000 -0.01400000 0.93670000
vn 0.02750000 -0.01430000 0.99950000
vn -0.00000000 -1.00000000 -0.00000000
vn 0.02740000 -0.01430000 0.99950000
vn -0.00000000 -1.00000000 -0.00000000
vn -0.08230000 -0.01430000 0.99650000
vn 0.02740000 -0.01430000 0.99950000
vn -0.00000000 0.01400000 0.99990000
vn -0.00000000 -1.00000000 -0.00000000
vn 0.13710000 -0.01440000 0.99040000
vn 0.13650000 -0.01440000 0.99050000
vn 0.10970000 0.01410000 0.99390000
vn 0.13710000 -0.01440000 0.99040000
vn 0.02750000 -0.01430000 0.99950000
vn -0.00000000 -1.00000000 -0.00000000
vn -0.00000000 -1.00000000 -0.00000000
vn 0.32410000 0.01420000 0.94590000
vn 0.24510000 -0.01420000 0.96940000
vn 0.34990000 -0.01400000 0.93670000
vn 0.35040000 -0.01400000 0.93650000
vn 0.42590000 0.01410000 0.90470000
vn -0.00000000 -1.00000000 -0.00000000
vn 0.45060000 -0.01410000 0.89260000
vn -0.08230000 -0.01430000 0.99650000
vn -0.00000000 -1.00000000 -0.00000000
vn -0.00000000 -1.00000000 -0.00000000
vn 0.63450000 -0.01430000 0.77280000
vn 0.63490000 -0.01430000 0.77250000
vn 0.54590000 -0.01430000 0.83770000
vn 0.63490000 -0.01430000 0.77250000
vn -0.00000000 -1.00000000 -0.00000000
vn 0.61330000 0.01410000 0.78970000
vn 0.71600000 -0.01420000 0.69800000
vn 0.71590000 -0.01420000 0.69810000
vn -0.00000000 -1.00000000 -0.00000000
vn -0.00000000 -1.00000000 -0.00000000
vn 0.63450000 -0.01430000 0.77280000
vn 0.71600000 -0.01420000 0.69800000
vn 0.69650000 0.01410000 0.71740000
vn 0.54590000 -0.01430000 0.83770000
vn -0.00000000 -1.00000000 -0.00000000
vn 0.54600000 -0.01430000 0.83760000
vn 0.45110000 -0.01410000 0.89230000
vn 0.52280000 0.01400000 0.85230000
vn 0.54600000 -0.01430000 0.83760000
vn -0.00000000 -1.00000000 -0.00000000
vn 0.78850000 -0.01420000 0.61490000
vn 0.78840000 -0.01420000 0.61500000
vn -0.00000000 -1.00000000 -0.00000000
vn 0.78850000 -0.01420000 0.61490000
vn 0.71590000 -0.01420000 0.69810000
vn 0.77120000 0.01420000 0.63650000
vn -0.00000000 -1.00000000 -0.00000000
vn -0.00000000 -1.00000000 -0.00000000
vn 0.99380000 -0.01420000 0.11020000
vn 0.99380000 -0.01420000 0.11030000
vn -0.59140000 -0.01430000 0.80620000
vn -0.59130000 -0.01430000 0.80640000
vn -0.00000000 -1.00000000 -0.00000000
vn -0.61340000 0.01410000 0.78970000
vn -0.59130000 -0.01430000 0.80640000
vn -0.67660000 -0.01430000 0.73620000
vn -0.00000000 -1.00000000 -0.00000000
vn -0.00000000 -1.00000000 -0.00000000
vn -0.49910000 -0.01420000 0.86640000
vn -0.52280000 0.01410000 0.85230000
vn -0.49910000 -0.01420000 0.86640000
vn -0.00000000 -1.00000000 -0.00000000
vn -0.59140000 -0.01430000 0.80620000
vn 0.85130000 -0.01420000 0.52440000
vn 0.85140000 -0.01420000 0.52440000
vn -0.00000000 -1.00000000 -0.00000000
vn 0.85130000 -0.01420000 0.52440000
vn -0.00000000 -1.00000000 -0.00000000
vn 0.78840000 -0.01420000 0.61500000
vn 0.83650000 0.01420000 0.54770000
vn -0.00000000 -1.00000000 -0.00000000
vn 0.90390000 -0.01420000 0.42750000
vn 0.85140000 -0.01420000 0.52440000
vn 0.90390000 -0.01420000 0.42750000
vn 0.89180000 0.01410000 0.45220000
vn -0.00000000 -1.00000000 -0.00000000
vn -0.00000000 -1.00000000 -0.00000000
vn 0.94550000 -0.01430000 0.32530000
vn 0.90390000 -0.01420000 0.42750000
vn -0.00000000 -1.00000000 -0.00000000
vn 0.93620000 0.01420000 0.35130000
vn 0.94550000 -0.01430000 0.32530000
vn -0.00000000 -1.00000000 -0.00000000
vn 0.97560000 -0.01420000 0.21920000
vn 0.97560000 -0.01420000 0.21910000
vn -0.00000000 -1.00000000 -0.00000000
vn 0.96920000 0.01410000 0.24590000
vn 0.94550000 -0.01430000 0.32530000
vn 0.97560000 -0.01420000 0.21910000
vn -0.00000000 -1.00000000 -0.00000000
vn -0.40100000 -0.01400000 0.91600000
vn -0.40070000 -0.01400000 0.91610000
vn -0.42590000 0.01410000 0.90470000
vn -0.40100000 -0.01400000 0.91600000
vn -0.49910000 -0.01420000 0.86640000
vn -0.00000000 -1.00000000 -0.00000000
vn -0.00000000 -1.00000000 -0.00000000
vn 0.99040000 0.01420000 0.13760000
vn 0.97560000 -0.01420000 0.21920000
vn 0.99380000 -0.01420000 0.11020000
vn -0.59130000 -0.01410000 -0.80640000
vn -0.00000000 -1.00000000 -0.00000000
vn -0.59140000 -0.01410000 -0.80620000
vn 0.54610000 -0.01410000 -0.83760000
vn -0.00000000 -1.00000000 -0.00000000
vn 0.54580000 -0.01410000 -0.83780000
vn 0.63510000 -0.01430000 -0.77230000
vn 0.54610000 -0.01410000 -0.83760000
vn 0.56890000 0.01410000 -0.82230000
vn -0.00000000 -1.00000000 -0.00000000
vn 0.45080000 -0.01410000 -0.89250000
vn 0.45050000 -0.01410000 -0.89270000
vn -0.00000000 -1.00000000 -0.00000000
vn 0.47500000 0.01410000 -0.87980000
vn 0.54580000 -0.01410000 -0.83780000
vn -0.00000000 -1.00000000 -0.00000000
vn 0.45080000 -0.01410000 -0.89250000
vn -0.00000000 -1.00000000 -0.00000000
vn -0.29830000 -0.01420000 -0.95440000
vn -0.29780000 -0.01420000 -0.95450000
vn -0.00000000 -1.00000000 -0.00000000
vn -0.49920000 -0.01420000 -0.86640000
vn -0.49910000 -0.01420000 -0.86640000
vn -0.00000000 -1.00000000 -0.00000000
vn -0.40080000 -0.01400000 -0.91600000
vn -0.40120000 -0.01400000 -0.91590000
vn 0.63510000 -0.01430000 -0.77230000
vn -0.00000000 -1.00000000 -0.00000000
vn 0.63470000 -0.01430000 -0.77260000
vn -0.00000000 -1.00000000 -0.00000000
vn -0.67650000 -0.01420000 -0.73630000
vn -0.67630000 -0.01420000 -0.73650000
vn -0.67650000 -0.01420000 -0.73630000
vn -0.00000000 -1.00000000 -0.00000000
vn -0.59140000 -0.01410000 -0.80620000
vn -0.65590000 0.01420000 -0.75470000
vn -0.75340000 -0.01420000 -0.65740000
vn -0.00000000 -1.00000000 -0.00000000
vn -0.75320000 -0.01430000 -0.65770000
vn -0.00000000 -1.00000000 -0.00000000
vn -0.73490000 0.01420000 -0.67800000
vn -0.67630000 -0.01420000 -0.73650000
vn -0.75340000 -0.01420000 -0.65740000
vn -0.00000000 -1.00000000 -0.00000000
vn -0.75350000 -0.01420000 0.65730000
vn -0.75330000 -0.01420000 0.65750000
vn -0.00000000 -1.00000000 -0.00000000
vn -0.82110000 -0.01410000 0.57060000
vn -0.75330000 -0.01420000 0.65750000
vn -0.77120000 0.01420000 0.63650000
vn -0.00000000 -1.00000000 -0.00000000
vn -0.67660000 -0.01430000 0.73620000
vn -0.67640000 -0.01430000 0.73640000
vn -0.00000000 -1.00000000 -0.00000000
vn -0.67640000 -0.01430000 0.73640000
vn -0.75350000 -0.01420000 0.65730000
vn -0.69650000 0.01420000 0.71740000
vn -0.29760000 -0.01410000 0.95460000
vn -0.00000000 -1.00000000 -0.00000000
vn -0.29800000 -0.01410000 0.95440000
vn -0.00000000 -1.00000000 -0.00000000
vn -0.40070000 -0.01400000 0.91610000
vn -0.32410000 0.01410000 0.94590000
vn -0.29800000 -0.01410000 0.95440000
vn -0.00000000 -1.00000000 -0.00000000
vn -0.19130000 -0.01430000 0.98140000
vn -0.19140000 -0.01430000 0.98140000
vn -0.21830000 0.01410000 0.97580000
vn -0.19130000 -0.01430000 0.98140000
vn -0.00000000 -1.00000000 -0.00000000
vn -0.29760000 -0.01410000 0.95460000
vn -0.19140000 -0.01430000 0.98140000
vn -0.00000000 -1.00000000 -0.00000000
vn -0.08230000 -0.01430000 0.99650000
vn -0.10970000 0.01410000 0.99390000
vn 0.35010000 -0.01420000 -0.93660000
vn -0.00000000 -1.00000000 -0.00000000
vn 0.34980000 -0.01420000 -0.93670000
vn -0.00000000 -1.00000000 -0.00000000
vn 0.45050000 -0.01410000 -0.89270000
vn 0.35010000 -0.01420000 -0.93660000
vn 0.37570000 0.01410000 -0.92660000
vn -0.00000000 -1.00000000 -0.00000000
vn -0.29780000 -0.01420000 -0.95450000
vn -0.27150000 0.01400000 -0.96230000
vn -0.19140000 -0.01430000 -0.98140000
vn -0.47510000 0.01420000 -0.87980000
vn -0.40120000 -0.01400000 -0.91590000
vn -0.49920000 -0.01420000 -0.86640000
vn -0.00000000 -1.00000000 -0.00000000
vn -0.00000000 -1.00000000 -0.00000000
vn -0.82120000 -0.01430000 -0.57050000
vn -0.82100000 -0.01430000 -0.57080000
vn -0.80510000 0.01410000 -0.59300000
vn -0.75320000 -0.01430000 -0.65770000
vn -0.82120000 -0.01430000 -0.57050000
vn -0.00000000 -1.00000000 -0.00000000
vn -0.00000000 -1.00000000 -0.00000000
vn -0.87900000 -0.01420000 -0.47670000
vn -0.87900000 -0.01410000 -0.47670000
vn -0.82100000 -0.01430000 -0.57080000
vn -0.87900000 -0.01420000 -0.47670000
vn -0.86550000 0.01410000 -0.50070000
vn -0.00000000 -1.00000000 -0.00000000
vn -0.00000000 -1.00000000 -0.00000000
vn -0.92610000 -0.01420000 -0.37700000
vn -0.00000000 -1.00000000 -0.00000000
vn -0.92610000 -0.01420000 -0.37700000
vn -0.91540000 0.01420000 -0.40240000
vn -0.87900000 -0.01410000 -0.47670000
vn -0.00000000 -1.00000000 -0.00000000
vn -0.99840000 -0.01410000 0.05530000
vn -0.99840000 -0.01420000 0.05520000
vn -0.00000000 -1.00000000 -0.00000000
vn 0.78850000 -0.01420000 -0.61490000
vn 0.85130000 -0.01430000 -0.52450000
vn 0.80510000 0.01410000 -0.59300000
vn -0.00000000 -1.00000000 -0.00000000
vn 0.78850000 -0.01420000 -0.61490000
vn 0.71620000 -0.01420000 -0.69770000
vn -0.00000000 -1.00000000 -0.00000000
vn 0.71590000 -0.01420000 -0.69810000
vn -0.00000000 -1.00000000 -0.00000000
vn 0.73490000 0.01420000 -0.67810000
vn 0.78850000 -0.01420000 -0.61490000
vn 0.71590000 -0.01420000 -0.69810000
vn 0.24500000 -0.01420000 -0.96940000
vn -0.00000000 -1.00000000 -0.00000000
vn 0.24490000 -0.01420000 -0.96940000
vn 0.27150000 0.01410000 -0.96230000
vn 0.34980000 -0.01420000 -0.93670000
vn 0.24500000 -0.01420000 -0.96940000
vn -0.00000000 -1.00000000 -0.00000000
vn -0.00000000 -1.00000000 -0.00000000
vn 0.13690000 -0.01410000 -0.99050000
vn 0.13710000 -0.01410000 -0.99050000
vn 0.13690000 -0.01410000 -0.99050000
vn 0.16410000 0.01420000 -0.98630000
vn 0.24490000 -0.01420000 -0.96940000
vn -0.00000000 -1.00000000 -0.00000000
vn -0.00000000 -1.00000000 -0.00000000
vn 0.02740000 -0.01430000 -0.99950000
vn 0.02750000 -0.01430000 -0.99950000
vn 0.05510000 0.01420000 -0.99840000
vn 0.13710000 -0.01410000 -0.99050000
vn -0.00000000 -1.00000000 -0.00000000
vn 0.02740000 -0.01430000 -0.99950000
vn -0.08240000 -0.01400000 -0.99650000
vn -0.08230000 -0.01400000 -0.99650000
vn -0.00000000 -1.00000000 -0.00000000
vn -0.05500000 0.01410000 -0.99840000
vn 0.02750000 -0.01430000 -0.99950000
vn -0.00000000 -1.00000000 -0.00000000
vn -0.08230000 -0.01400000 -0.99650000
vn -0.19130000 -0.01430000 -0.98140000
vn -0.19140000 -0.01430000 -0.98140000
vn -0.00000000 -1.00000000 -0.00000000
vn -0.16410000 0.01420000 -0.98630000
vn -0.08240000 -0.01400000 -0.99650000
vn -0.00000000 -1.00000000 -0.00000000
vn -0.19130000 -0.01430000 -0.98140000
vn -0.40080000 -0.01400000 -0.91600000
vn -0.00000000 -1.00000000 -0.00000000
vn -0.29830000 -0.01420000 -0.95440000
vn -0.37570000 0.01400000 -0.92660000
vn -0.56890000 0.01410000 -0.82230000
vn -0.59130000 -0.01410000 -0.80640000
vn -0.49910000 -0.01420000 -0.86640000
vn -0.00000000 -1.00000000 -0.00000000
vn -0.00000000 -1.00000000 -0.00000000
vn -0.96200000 -0.01410000 -0.27270000
vn -0.96210000 -0.01410000 -0.27250000
vn -0.92610000 -0.01420000 -0.37700000
vn -0.96200000 -0.01410000 -0.27270000
vn -0.00000000 -1.00000000 -0.00000000
vn -0.95410000 0.01420000 -0.29900000
vn -0.98620000 -0.01420000 -0.16490000
vn -0.00000000 -1.00000000 -0.00000000
vn -0.00000000 -1.00000000 -0.00000000
vn -0.98620000 -0.01420000 -0.16490000
vn -0.98130000 0.01420000 -0.19210000
vn -0.96210000 -0.01410000 -0.27250000
vn -0.82110000 -0.01410000 0.57060000
vn -0.00000000 -1.00000000 -0.00000000
vn -0.82110000 -0.01410000 0.57050000
vn 0.99980000 -0.01890000 -0.00000000
vn 0.99990000 -0.01420000 -0.00000000
vn -0.00000000 -1.00000000 -0.00000000
vn 0.99980000 -0.01420000 -0.01380000
vn 0.99380000 -0.01420000 0.11030000
vn 0.99980000 -0.01890000 -0.00000000
vn 0.99910000 0.00950000 0.04140000
vn -0.00000000 -1.00000000 -0.00000000
vn -0.00000000 -1.00000000 -0.00000000
vn 0.99380000 -0.01420000 -0.11020000
vn 0.99650000 0.01410000 -0.08270000
vn 0.99990000 -0.01420000 -0.00000000
vn -0.00000000 -1.00000000 -0.00000000
vn 0.99380000 -0.01420000 -0.11020000
vn 0.94550000 -0.01420000 -0.32520000
vn 0.94550000 -0.01420000 -0.32530000
vn -0.00000000 -1.00000000 -0.00000000
vn 0.94550000 -0.01420000 -0.32520000
vn 0.95410000 0.01420000 -0.29900000
vn -0.00000000 -1.00000000 -0.00000000
vn 0.97560000 -0.01420000 -0.21920000
vn 0.90390000 -0.01420000 -0.42760000
vn 0.90390000 -0.01420000 -0.42750000
vn -0.00000000 -1.00000000 -0.00000000
vn 0.94550000 -0.01420000 -0.32530000
vn 0.91540000 0.01420000 -0.40240000
vn -0.00000000 -1.00000000 -0.00000000
vn 0.90390000 -0.01420000 -0.42750000
vn 0.85130000 -0.01420000 -0.52440000
vn 0.85130000 -0.01430000 -0.52450000
vn -0.00000000 -1.00000000 -0.00000000
vn -0.00000000 -1.00000000 -0.00000000
vn 0.86550000 0.01410000 -0.50070000
vn 0.90390000 -0.01420000 -0.42760000
vn 0.85130000 -0.01420000 -0.52440000
vn -0.99840000 -0.01420000 -0.05520000
vn -0.00000000 -1.00000000 -0.00000000
vn -0.99840000 -0.01420000 -0.05520000
vn -0.98620000 -0.01420000 -0.16490000
vn -0.00000000 -1.00000000 -0.00000000
vn -0.99650000 0.01420000 -0.08280000
vn -0.99840000 -0.01420000 -0.05520000
vn -0.99840000 -0.01420000 0.05520000
vn -0.99950000 0.01410000 0.02760000
vn -0.00000000 -1.00000000 -0.00000000
vn -0.00000000 -1.00000000 -0.00000000
vn -0.96200000 -0.01420000 0.27260000
vn -0.96920000 0.01420000 0.24590000
vn -0.98620000 -0.01420000 0.16490000
vn -0.96200000 -0.01420000 0.27260000
vn -0.00000000 -1.00000000 -0.00000000
vn -0.92620000 -0.01410000 0.37690000
vn -0.00000000 -1.00000000 -0.00000000
vn -0.92610000 -0.01410000 0.37700000
vn -0.92610000 -0.01410000 0.37700000
vn -0.93620000 0.01410000 0.35130000
vn -0.00000000 -1.00000000 -0.00000000
vn -0.96200000 -0.01420000 0.27260000
vn -0.00000000 -1.00000000 -0.00000000
vn -0.87890000 -0.01420000 0.47670000
vn -0.87900000 -0.01420000 0.47670000
vn -0.92620000 -0.01410000 0.37690000
vn -0.89180000 0.01420000 0.45220000
vn -0.87900000 -0.01420000 0.47670000
vn -0.00000000 -1.00000000 -0.00000000
vn -0.82110000 -0.01410000 0.57050000
vn -0.00000000 -1.00000000 -0.00000000
vn -0.87890000 -0.01420000 0.47670000
vn -0.83660000 0.01420000 0.54770000
vn 0.97560000 -0.01420000 -0.21910000
vn 0.97560000 -0.01420000 -0.21920000
vn -0.00000000 -1.00000000 -0.00000000
vn 0.97560000 -0.01420000 -0.21910000
vn 0.99380000 -0.01420000 -0.11020000
vn -0.00000000 -1.00000000 -0.00000000
vn 0.98130000 0.01420000 -0.19210000
vn 0.63470000 -0.01430000 -0.77260000
vn -0.00000000 -1.00000000 -0.00000000
vn 0.71620000 -0.01420000 -0.69770000
vn 0.65600000 0.01420000 -0.75460000
vn -0.00000000 -1.00000000 -0.00000000
vn -0.98620000 -0.01420000 0.16490000
vn -0.00000000 -1.00000000 -0.00000000
vn -0.99040000 0.01420000 0.13760000
vn -0.98620000 -0.01420000 0.16490000
vn -0.99840000 -0.01410000 0.05530000
vn -0.08230000 -0.01400000 -0.99650000
vn -0.08240000 -0.01400000 -0.99650000
vn -0.16410000 0.01420000 -0.98630000
vn -0.00000000 -1.00000000 -0.00000000
vn -0.05500000 0.01410000 -0.99840000
vn 0.05510000 0.01420000 -0.99840000
vn -0.00000000 -1.00000000 -0.00000000
vn -0.05500000 0.01410000 -0.99840000
vn 0.02740000 -0.01430000 -0.99950000
vn 0.02750000 -0.01430000 -0.99950000
vn -0.00000000 -1.00000000 -0.00000000
vn -0.19140000 -0.01430000 -0.98140000
vn -0.19130000 -0.01430000 -0.98140000
vn -0.27150000 0.01400000 -0.96230000
vn -0.16410000 0.01420000 -0.98630000
vn -0.37570000 0.01400000 -0.92660000
vn -0.29780000 -0.01420000 -0.95450000
vn -0.27150000 0.01400000 -0.96230000
vn -0.29830000 -0.01420000 -0.95440000
vn -0.00000000 -1.00000000 -0.00000000
vn -0.40120000 -0.01400000 -0.91590000
vn -0.40080000 -0.01400000 -0.91600000
vn -0.00000000 -1.00000000 -0.00000000
vn -0.37570000 0.01400000 -0.92660000
vn -0.47510000 0.01420000 -0.87980000
vn -0.49920000 -0.01420000 -0.86640000
vn -0.49910000 -0.01420000 -0.86640000
vn -0.47510000 0.01420000 -0.87980000
vn -0.00000000 -1.00000000 -0.00000000
vn -0.56890000 0.01410000 -0.82230000
vn -0.56890000 0.01410000 -0.82230000
vn -0.65590000 0.01420000 -0.75470000
vn -0.59130000 -0.01410000 -0.80640000
vn -0.59140000 -0.01410000 -0.80620000
vn -0.00000000 -1.00000000 -0.00000000
vn -0.67650000 -0.01420000 -0.73630000
vn -0.67630000 -0.01420000 -0.73650000
vn -0.00000000 -1.00000000 -0.00000000
vn -0.65590000 0.01420000 -0.75470000
vn -0.73490000 0.01420000 -0.67800000
vn -0.75340000 -0.01420000 -0.65740000
vn -0.80510000 0.01410000 -0.59300000
vn -0.73490000 0.01420000 -0.67800000
vn -0.75320000 -0.01430000 -0.65770000
vn -0.00000000 -1.00000000 -0.00000000
vn -0.82100000 -0.01430000 -0.57080000
vn -0.00000000 -1.00000000 -0.00000000
vn -0.86550000 0.01410000 -0.50070000
vn -0.80510000 0.01410000 -0.59300000
vn -0.82120000 -0.01430000 -0.57050000
vn -0.87900000 -0.01410000 -0.47670000
vn -0.91540000 0.01420000 -0.40240000
vn -0.86550000 0.01410000 -0.50070000
vn -0.00000000 -1.00000000 -0.00000000
vn -0.87900000 -0.01420000 -0.47670000
vn -0.92610000 -0.01420000 -0.37700000
vn -0.95410000 0.01420000 -0.29900000
vn -0.91540000 0.01420000 -0.40240000
vn -0.00000000 -1.00000000 -0.00000000
vn -0.96210000 -0.01410000 -0.27250000
vn -0.00000000 -1.00000000 -0.00000000
vn -0.96200000 -0.01410000 -0.27270000
vn -0.95410000 0.01420000 -0.29900000
vn -0.98130000 0.01420000 -0.19210000
vn -0.00000000 -1.00000000 -0.00000000
vn -0.98130000 0.01420000 -0.19210000
vn -0.98620000 -0.01420000 -0.16490000
vn -0.99650000 0.01420000 -0.08280000
vn -0.00000000 -1.00000000 -0.00000000
vn -0.99840000 -0.01420000 -0.05520000
vn -0.99650000 0.01420000 -0.08280000
vn -0.99950000 0.01410000 0.02760000
vn -0.99840000 -0.01420000 0.05520000
vn -0.99040000 0.01420000 0.13760000
vn -0.99950000 0.01410000 0.02760000
vn -0.99840000 -0.01410000 0.05530000
vn -0.00000000 -1.00000000 -0.00000000
vn -0.99040000 0.01420000 0.13760000
vn -0.96920000 0.01420000 0.24590000
vn -0.00000000 -1.00000000 -0.00000000
vn -0.98620000 -0.01420000 0.16490000
vn -0.93620000 0.01410000 0.35130000
vn -0.00000000 -1.00000000 -0.00000000
vn -0.96200000 -0.01420000 0.27260000
vn -0.96920000 0.01420000 0.24590000
vn -0.92610000 -0.01410000 0.37700000
vn -0.92620000 -0.01410000 0.37690000
vn -0.89180000 0.01420000 0.45220000
vn -0.93620000 0.01410000 0.35130000
vn -0.00000000 -1.00000000 -0.00000000
vn -0.89180000 0.01420000 0.45220000
vn -0.83660000 0.01420000 0.54770000
vn -0.87890000 -0.01420000 0.47670000
vn -0.00000000 -1.00000000 -0.00000000
vn -0.87900000 -0.01420000 0.47670000
vn -0.77120000 0.01420000 0.63650000
vn -0.00000000 -1.00000000 -0.00000000
vn -0.82110000 -0.01410000 0.57050000
vn -0.82110000 -0.01410000 0.57060000
vn -0.83660000 0.01420000 0.54770000
vn -0.00000000 -1.00000000 -0.00000000
vn -0.75350000 -0.01420000 0.65730000
vn -0.69650000 0.01420000 0.71740000
vn -0.75330000 -0.01420000 0.65750000
vn -0.77120000 0.01420000 0.63650000
vn -0.67660000 -0.01430000 0.73620000
vn -0.69650000 0.01420000 0.71740000
vn -0.61340000 0.01410000 0.78970000
vn -0.00000000 -1.00000000 -0.00000000
vn -0.67640000 -0.01430000 0.73640000
vn -0.52280000 0.01410000 0.85230000
vn -0.59140000 -0.01430000 0.80620000
vn -0.61340000 0.01410000 0.78970000
vn -0.00000000 -1.00000000 -0.00000000
vn -0.59130000 -0.01430000 0.80640000
vn -0.49910000 -0.01420000 0.86640000
vn -0.52280000 0.01410000 0.85230000
vn -0.42590000 0.01410000 0.90470000
vn -0.00000000 -1.00000000 -0.00000000
vn -0.40070000 -0.01400000 0.91610000
vn -0.32410000 0.01410000 0.94590000
vn -0.40100000 -0.01400000 0.91600000
vn -0.00000000 -1.00000000 -0.00000000
vn -0.42590000 0.01410000 0.90470000
vn -0.00000000 -1.00000000 -0.00000000
vn -0.32410000 0.01410000 0.94590000
vn -0.21830000 0.01410000 0.97580000
vn -0.29760000 -0.01410000 0.95460000
vn -0.29800000 -0.01410000 0.95440000
vn -0.19130000 -0.01430000 0.98140000
vn -0.21830000 0.01410000 0.97580000
vn -0.10970000 0.01410000 0.99390000
vn -0.19140000 -0.01430000 0.98140000
vn -0.00000000 -1.00000000 -0.00000000
vn -0.00000000 0.01400000 0.99990000
vn -0.10970000 0.01410000 0.99390000
vn -0.08230000 -0.01430000 0.99650000
vn -0.00000000 -1.00000000 -0.00000000
vn 0.10970000 0.01410000 0.99390000
vn -0.00000000 -1.00000000 -0.00000000
vn -0.00000000 0.01400000 0.99990000
vn 0.02750000 -0.01430000 0.99950000
vn 0.02740000 -0.01430000 0.99950000
vn 0.10970000 0.01410000 0.99390000
vn 0.13650000 -0.01440000 0.99050000
vn 0.21820000 0.01410000 0.97580000
vn 0.13710000 -0.01440000 0.99040000
vn -0.00000000 -1.00000000 -0.00000000
vn 0.24500000 -0.01420000 0.96940000
vn 0.21820000 0.01410000 0.97580000
vn 0.32410000 0.01420000 0.94590000
vn 0.24510000 -0.01420000 0.96940000
vn -0.00000000 -1.00000000 -0.00000000
vn 0.35040000 -0.01400000 0.93650000
vn 0.32410000 0.01420000 0.94590000
vn 0.42590000 0.01410000 0.90470000
vn -0.00000000 -1.00000000 -0.00000000
vn 0.34990000 -0.01400000 0.93670000
vn 0.42590000 0.01410000 0.90470000
vn 0.45060000 -0.01410000 0.89260000
vn 0.52280000 0.01400000 0.85230000
vn -0.00000000 -1.00000000 -0.00000000
vn 0.45110000 -0.01410000 0.89230000
vn 0.54600000 -0.01430000 0.83760000
vn -0.00000000 -1.00000000 -0.00000000
vn 0.61330000 0.01410000 0.78970000
vn 0.52280000 0.01400000 0.85230000
vn 0.54590000 -0.01430000 0.83770000
vn 0.63450000 -0.01430000 0.77280000
vn 0.61330000 0.01410000 0.78970000
vn 0.69650000 0.01410000 0.71740000
vn 0.63490000 -0.01430000 0.77250000
vn -0.00000000 -1.00000000 -0.00000000
vn 0.77120000 0.01420000 0.63650000
vn -0.00000000 -1.00000000 -0.00000000
vn 0.69650000 0.01410000 0.71740000
vn 0.71600000 -0.01420000 0.69800000
vn 0.71590000 -0.01420000 0.69810000
vn 0.77120000 0.01420000 0.63650000
vn 0.78850000 -0.01420000 0.61490000
vn 0.78840000 -0.01420000 0.61500000
vn -0.00000000 -1.00000000 -0.00000000
vn 0.83650000 0.01420000 0.54770000
vn -0.00000000 -1.00000000 -0.00000000
vn 0.85130000 -0.01420000 0.52440000
vn 0.85140000 -0.01420000 0.52440000
vn 0.89180000 0.01410000 0.45220000
vn 0.83650000 0.01420000 0.54770000
vn 0.90390000 -0.01420000 0.42750000
vn 0.89180000 0.01410000 0.45220000
vn 0.93620000 0.01420000 0.35130000
vn -0.00000000 -1.00000000 -0.00000000
vn 0.94550000 -0.01430000 0.32530000
vn 0.96920000 0.01410000 0.24590000
vn -0.00000000 -1.00000000 -0.00000000
vn 0.93620000 0.01420000 0.35130000
vn 0.99040000 0.01420000 0.13760000
vn 0.96920000 0.01410000 0.24590000
vn 0.97560000 -0.01420000 0.21920000
vn 0.97560000 -0.01420000 0.21910000
vn -0.00000000 -1.00000000 -0.00000000
vn -0.00000000 -1.00000000 -0.00000000
vn 0.99380000 -0.01420000 0.11020000
vn 0.99040000 0.01420000 0.13760000
vn 0.99380000 -0.01420000 0.11030000
vn 0.99910000 0.00950000 0.04140000
vn 0.99910000 0.00950000 0.04140000
vn -0.00000000 -1.00000000 -0.00000000
vn 0.99980000 -0.01890000 -0.00000000
vn 0.99980000 -0.01420000 -0.01380000
vn 0.99650000 0.01410000 -0.08270000
vn 0.99980000 -0.01420000 -0.01380000
vn -0.00000000 -1.00000000 -0.00000000
vn 0.99990000 -0.01420000 -0.00000000
vn 0.98130000 0.01420000 -0.19210000
vn 0.99380000 -0.01420000 -0.11020000
vn 0.99650000 0.01410000 -0.08270000
vn -0.00000000 -1.00000000 -0.00000000
vn 0.97560000 -0.01420000 -0.21920000
vn 0.97560000 -0.01420000 -0.21910000
vn 0.95410000 0.01420000 -0.29900000
vn 0.98130000 0.01420000 -0.19210000
vn -0.00000000 -1.00000000 -0.00000000
vn 0.94550000 -0.01420000 -0.32530000
vn 0.95410000 0.01420000 -0.29900000
vn 0.91540000 0.01420000 -0.40240000
vn 0.94550000 -0.01420000 -0.32520000
vn -0.00000000 -1.00000000 -0.00000000
vn -0.00000000 -1.00000000 -0.00000000
vn 0.90390000 -0.01420000 -0.42750000
vn 0.86550000 0.01410000 -0.50070000
vn 0.90390000 -0.01420000 -0.42760000
vn 0.91540000 0.01420000 -0.40240000
vn 0.85130000 -0.01430000 -0.52450000
vn 0.86550000 0.01410000 -0.50070000
vn 0.80510000 0.01410000 -0.59300000
vn 0.85130000 -0.01420000 -0.52440000
vn -0.00000000 -1.00000000 -0.00000000
vn 0.73490000 0.01420000 -0.67810000
vn 0.80510000 0.01410000 -0.59300000
vn 0.78850000 -0.01420000 -0.61490000
vn -0.00000000 -1.00000000 -0.00000000
vn 0.73490000 0.01420000 -0.67810000
vn 0.71620000 -0.01420000 -0.69770000
vn -0.00000000 -1.00000000 -0.00000000
vn 0.71590000 -0.01420000 -0.69810000
vn 0.65600000 0.01420000 -0.75460000
vn 0.63470000 -0.01430000 -0.77260000
vn 0.56890000 0.01410000 -0.82230000
vn 0.65600000 0.01420000 -0.75460000
vn -0.00000000 -1.00000000 -0.00000000
vn 0.63510000 -0.01430000 -0.77230000
vn 0.54580000 -0.01410000 -0.83780000
vn 0.47500000 0.01410000 -0.87980000
vn 0.56890000 0.01410000 -0.82230000
vn 0.54610000 -0.01410000 -0.83760000
vn -0.00000000 -1.00000000 -0.00000000
vn 0.45080000 -0.01410000 -0.89250000
vn 0.45050000 -0.01410000 -0.89270000
vn 0.37570000 0.01410000 -0.92660000
vn 0.47500000 0.01410000 -0.87980000
vn -0.00000000 -1.00000000 -0.00000000
vn 0.37570000 0.01410000 -0.92660000
vn 0.35010000 -0.01420000 -0.93660000
vn 0.34980000 -0.01420000 -0.93670000
vn 0.27150000 0.01410000 -0.96230000
vn -0.00000000 -1.00000000 -0.00000000
vn 0.16410000 0.01420000 -0.98630000
vn 0.24490000 -0.01420000 -0.96940000
vn 0.24500000 -0.01420000 -0.96940000
vn -0.00000000 -1.00000000 -0.00000000
vn 0.27150000 0.01410000 -0.96230000
vn 0.13690000 -0.01410000 -0.99050000
vn 0.13710000 -0.01410000 -0.99050000
vn 0.16410000 0.01420000 -0.98630000
vn 0.05510000 0.01420000 -0.99840000
vn -0.00000000 -1.00000000 -0.00000000
vn -0.38200000 -0.00000000 0.92420000
vn -0.00000000 -1.00000000 -0.00000000
vn -0.00000000 -0.00000000 1.00000000
vn -0.38230000 -0.42270000 0.82170000
vn -0.76540000 -0.64360000 -0.00000000
vn -0.00000000 -1.00000000 -0.00000000
vn -0.00000000 -1.00000000 -0.00000000
vn 0.40600000 -0.00000000 0.91390000
vn 0.20750000 -0.00000000 0.97820000
vn -0.00000000 -1.00000000 -0.00000000
vn -0.00000000 -0.00000000 1.00000000
vn 0.40600000 -0.00000000 0.91390000
vn -0.00000000 -1.00000000 -0.00000000
vn -0.38200000 -0.00000000 0.92420000
vn -0.70640000 -0.00000000 0.70790000
vn -0.70640000 -0.00000000 0.70790000
vn -0.00000000 -1.00000000 -0.00000000
vn -0.92360000 -0.00000000 0.38340000
vn -1.00000000 -0.00000000 -0.00000000
vn -0.00000000 -1.00000000 -0.00000000
vn -0.92360000 -0.00000000 0.38340000
vn -0.92360000 -0.00000000 -0.38340000
vn -0.00000000 -1.00000000 -0.00000000
vn -1.00000000 -0.00000000 -0.00000000
vn -0.92360000 -0.00000000 -0.38340000
vn -0.70640000 -0.00000000 -0.70790000
vn -0.00000000 -1.00000000 -0.00000000
vn -0.70640000 -0.00000000 -0.70780000
vn -0.70640000 -0.00000000 -0.70790000
vn -0.00000000 -1.00000000 -0.00000000
vn -0.38200000 -0.00000000 -0.92420000
vn 0.20750000 -0.00000000 -0.97820000
vn 0.40600000 -0.00000000 -0.91390000
vn -0.00000000 -1.00000000 -0.00000000
vn -0.38230000 -0.42270000 -0.82170000
vn -0.76540000 -0.64360000 -0.00000000
vn -0.00000000 -1.00000000 -0.00000000
vn 0.40600000 -0.00000000 -0.91390000
vn -0.00000000 -0.00000000 -1.00000000
vn -0.00000000 -1.00000000 -0.00000000
vn -0.00000000 -1.00000000 -0.00000000
vn -0.00000000 -0.00000000 -1.00000000
vn -0.38200000 -0.00000000 -0.92420000
vn 0.20750000 -0.00000000 -0.97820000
vn 0.20760000 -0.00000000 -0.97820000
vn -0.00000000 -1.00000000 -0.00000000
vn -0.38230000 -0.42270000 -0.82170000
vn 0.20750000 -0.00000000 0.97820000
vn -0.38230000 -0.42270000 0.82170000
vn 0.20760000 -0.00000000 0.97820000
vn -0.38230000 -0.42270000 0.82160000
vn -0.00000000 -1.00000000 -0.00000000
vn -0.00000000 -0.00000000 1.00000000
vn -0.00000000 0.86600000 0.50000000
vn -0.38200000 -0.00000000 0.92420000
vn -0.19100000 0.86610000 0.46200000
vn -0.38200000 -0.00000000 0.92420000
vn -0.19100000 0.86610000 0.46200000
vn -0.70640000 -0.00000000 0.70790000
vn -0.19090000 0.86610000 0.46200000
vn -0.19090000 0.86610000 0.46200000
vn -0.34140000 0.93990000 -0.00000000
vn -0.70640000 -0.00000000 0.70790000
vn -0.70640000 -0.00000000 0.70790000
vn -0.34140000 0.93990000 -0.00000000
vn -0.92360000 -0.00000000 0.38340000
vn -1.00000000 -0.00000000 -0.00000000
vn -0.34140000 0.93990000 -0.00000000
vn -0.92360000 -0.00000000 -0.38340000
vn -0.92360000 -0.00000000 -0.38340000
vn -0.34140000 0.93990000 -0.00000000
vn -0.70640000 -0.00000000 -0.70780000
vn -0.34140000 0.93990000 -0.00000000
vn -1.00000000 -0.00000000 -0.00000000
vn -0.92360000 -0.00000000 0.38340000
vn -0.70640000 -0.00000000 -0.70790000
vn -0.70640000 -0.00000000 -0.70780000
vn -0.34140000 0.93990000 -0.00000000
vn -0.19090000 0.86610000 -0.46200000
vn -0.70640000 -0.00000000 -0.70790000
vn -0.19090000 0.86610000 -0.46200000
vn -0.19100000 0.86610000 -0.46200000
vn -0.38200000 -0.00000000 -0.92420000
vn -0.00000000 0.86600000 -0.50000000
vn -0.38200000 -0.00000000 -0.92420000
vn -0.00000000 -0.00000000 -1.00000000
vn -0.19100000 0.86610000 -0.46200000
vn -0.34140000 0.93990000 -0.00000000
vn -0.00000000 1.00000000 -0.00000000
vn -0.19090000 0.86610000 0.46200000
vn -0.19100000 0.86610000 0.46200000
vn -0.00000000 1.00000000 -0.00000000
vn -0.19090000 0.86610000 -0.46200000
vn -0.19100000 0.86610000 -0.46200000
vn -0.34140000 0.93990000 -0.00000000
vn -0.19100000 0.86610000 0.46200000
vn -0.00000000 1.00000000 -0.00000000
vn -0.00000000 0.86600000 0.50000000
vn -0.00000000 -0.00000000 1.00000000
vn 0.40600000 -0.00000000 0.91390000
vn -0.00000000 0.86600000 0.50000000
vn 0.20300000 0.86610000 0.45680000
vn -0.19100000 0.86610000 -0.46200000
vn -0.00000000 1.00000000 -0.00000000
vn -0.00000000 0.86600000 -0.50000000
vn -0.00000000 0.86600000 -0.50000000
vn 0.40600000 -0.00000000 -0.91390000
vn -0.00000000 -0.00000000 -1.00000000
vn 0.20300000 0.86610000 -0.45680000
vn 0.20300000 0.86610000 -0.45680000
vn -0.00000000 1.00000000 -0.00000000
vn -0.00000000 0.86600000 -0.50000000
vn 0.20750000 -0.00000000 -0.97820000
vn 0.20290000 0.86610000 -0.45680000
vn 0.20300000 0.86610000 -0.45680000
vn 0.40600000 -0.00000000 -0.91390000
vn 0.20290000 0.86610000 -0.45680000
vn -0.00000000 1.00000000 -0.00000000
vn 0.38200000 0.92420000 -0.00000000
vn 0.20300000 0.86610000 -0.45680000
vn 0.20760000 -0.00000000 -0.97820000
vn 0.20750000 -0.00000000 -0.97820000
vn 0.20290000 0.86610000 -0.45680000
vn 0.38200000 0.92420000 -0.00000000
vn 0.20300000 0.86610000 0.45680000
vn -0.00000000 0.86600000 0.50000000
vn -0.00000000 1.00000000 -0.00000000
vn 0.20300000 0.86610000 0.45680000
vn -0.00000000 1.00000000 -0.00000000
vn 0.38200000 0.92420000 -0.00000000
vn 0.20290000 0.86610000 0.45680000
vn 0.20750000 -0.00000000 0.97820000
vn 0.20300000 0.86610000 0.45680000
vn 0.40600000 -0.00000000 0.91390000
vn 0.20290000 0.86610000 0.45680000
vn 0.20290000 0.86610000 0.45680000
vn 0.20750000 -0.00000000 0.97820000
vn 0.20760000 -0.00000000 0.97820000
vn 0.38200000 0.92420000 -0.00000000
vn -0.38230000 -0.42270000 -0.82170000
vn -0.42190000 -0.00000000 -0.90670000
vn -0.42190000 -0.00000000 -0.90660000
vn 0.20770000 -0.00000000 -0.97820000
vn 0.20750000 -0.00000000 -0.97820000
vn -0.97620000 0.21690000 -0.00000000
vn -0.42190000 -0.00000000 -0.90670000
vn -0.38230000 -0.42270000 -0.82170000
vn -0.76540000 -0.64360000 -0.00000000
vn -0.42180000 -0.00000000 0.90670000
vn -0.38230000 -0.42270000 0.82160000
vn -0.97620000 0.21690000 -0.00000000
vn -0.76540000 -0.64360000 -0.00000000
vn -0.38230000 -0.42270000 0.82170000
vn 0.20690000 -0.00000000 0.97840000
vn 0.20750000 -0.00000000 0.97820000
vn -0.42190000 -0.00000000 0.90670000
vn -0.38230000 -0.42270000 0.82160000
vn 0.20710000 -0.00000000 0.97830000
vn -0.42180000 -0.00000000 0.90670000
vn -0.42190000 -0.00000000 -0.90660000
vn -0.80330000 0.59560000 -0.00000000
vn -0.42190000 -0.00000000 -0.90670000
vn -0.97620000 0.21690000 -0.00000000
vn -0.80330000 0.59560000 -0.00000000
vn -0.42190000 -0.00000000 0.90670000
vn -0.42180000 -0.00000000 0.90670000
vn -0.97620000 0.21690000 -0.00000000
vn -0.97620000 0.21690000 -0.00000000
vn -0.42190000 -0.00000000 -0.90660000
vn -0.80330000 0.59560000 -0.00000000
vn -0.42190000 -0.00000000 -0.90670000
vn -0.97620000 0.21690000 -0.00000000
vn -0.80330000 0.59560000 -0.00000000
vn -0.42190000 -0.00000000 0.90670000
vn -0.97620000 0.21690000 -0.00000000
vn -0.42190000 -0.00000000 -0.90670000
vn -1.00000000 -0.00000000 -0.00000000
vn -0.42190000 -0.00000000 -0.90660000
vn -0.42190000 -0.00000000 0.90670000
vn -0.97620000 0.21690000 -0.00000000
vn -1.00000000 -0.00000000 -0.00000000
vn -0.42190000 -0.00000000 -0.90670000
vn -0.00000000 1.00000000 -0.00000000
vn -0.42190000 -0.00000000 -0.90660000
vn 0.20770000 -0.00000000 -0.97820000
vn -0.42190000 -0.00000000 -0.90670000
vn -1.00000000 -0.00000000 -0.00000000
vn -0.00000000 1.00000000 -0.00000000
vn -0.42190000 -0.00000000 0.90670000
vn -0.00000000 1.00000000 -0.00000000
vn 0.20710000 -0.00000000 0.97830000
vn -1.00000000 -0.00000000 -0.00000000
vn -0.42190000 -0.00000000 0.90670000
vn -0.00000000 1.00000000 -0.00000000
vn 0.20710000 -0.00000000 0.97830000
vn 0.20690000 -0.00000000 0.97840000
vn -0.00000000 1.00000000 -0.00000000
vn -0.19040000 -0.00000000 0.98170000
vn 0.20750000 -0.00000000 0.97820000
vn -0.19040000 -0.00000000 0.98170000
vn 0.70640000 0.70790000 -0.00000000
vn 0.20690000 -0.00000000 0.97840000
vn 0.70640000 0.70780000 -0.00000000
vn 0.20760000 -0.00000000 0.97820000
vn 0.38200000 0.92420000 -0.00000000
vn 0.20750000 -0.00000000 0.97820000
vn 0.70640000 0.70790000 -0.00000000
vn 0.70640000 0.70780000 -0.00000000
vn 0.20750000 -0.00000000 -0.97820000
vn 0.70640000 0.70790000 -0.00000000
vn 0.20760000 -0.00000000 -0.97820000
vn 0.38200000 0.92420000 -0.00000000
vn -0.19040000 -0.00000000 -0.98170000
vn 0.20770000 -0.00000000 -0.97820000
vn 0.20750000 -0.00000000 -0.97820000
vn 0.70640000 0.70790000 -0.00000000
vn 0.20770000 -0.00000000 -0.97820000
vn -0.19040000 -0.00000000 -0.98170000
vn -0.00000000 1.00000000 -0.00000000
vn -0.00000000 1.00000000 -0.00000000
vn -0.00000000 -0.00000000 1.00000000
vn 0.70640000 0.70780000 -0.00000000
vn 0.70640000 0.70790000 -0.00000000
vn -0.00000000 1.00000000 -0.00000000
vn 0.70640000 0.70780000 -0.00000000
vn -0.00000000 -0.00000000 -1.00000000
vn 0.70640000 0.70790000 -0.00000000
vn 1.00000000 -0.00010000 -0.00000000
vn -0.19040000 -0.00000000 0.98170000
vn 1.00000000 -0.00000000 -0.00000000
vn 0.70640000 0.70790000 -0.00000000
vn -0.19040000 -0.00000000 -0.98170000
vn 1.00000000 -0.00010000 -0.00000000
vn 1.00000000 -0.00000000 -0.00000000
vn 1.00000000 0.00010000 -0.00000000
vn 0.70640000 0.70790000 -0.00000000
vn 0.70640000 0.70780000 -0.00000000
vn 0.38200000 0.92420000 -0.00000000
vn -0.00000000 -0.00000000 1.00000000
vn 0.70640000 0.70780000 -0.00000000
vn 0.38200000 0.92420000 -0.00000000
vn -0.00000000 -0.00000000 -1.00000000
vn 1.00000000 0.00010000 -0.00000000
vn -0.00000000 0.99630000 -0.08560000
vn -0.00000000 0.98010000 -0.19860000
vn 1.00000000 -0.00000000 -0.00000000
vn -0.00000000 0.98010000 -0.19860000
vn -0.00000000 0.95100000 -0.30910000
vn 1.00000000 0.00010000 -0.00000000
vn 1.00000000 -0.00010000 -0.00000000
vn -0.00000000 0.88440000 0.46660000
vn -0.00000000 0.82550000 0.56440000
vn -0.00000000 0.88450000 0.46660000
vn 1.00000000 -0.00000000 -0.00000000
vn -0.00000000 0.93190000 0.36280000
vn -0.00000000 0.88440000 0.46660000
vn 1.00000000 -0.00000000 -0.00000000
vn -0.00000000 0.85630000 -0.51640000
vn 1.00000000 -0.00000000 -0.00000000
vn -0.00000000 0.79190000 -0.61060000
vn -0.00000000 0.71710000 -0.69700000
vn -0.00000000 0.79190000 -0.61060000
vn 1.00000000 -0.00000000 -0.00000000
vn 1.00000000 -0.00000000 -0.00000000
vn -0.00000000 0.95100000 -0.30910000
vn 1.00000000 -0.00010000 -0.00000000
vn -0.00000000 0.90970000 -0.41540000
vn 1.00000000 -0.00000000 -0.00000000
vn 1.00000000 -0.00010000 -0.00000000
vn -0.00000000 0.99960000 0.02860000
vn -0.00000000 0.98980000 0.14230000
vn -0.00000000 0.99960000 0.02860000
vn -0.00000000 0.99630000 -0.08560000
vn 1.00000000 -0.00010000 -0.00000000
vn 1.00000000 -0.00000000 -0.00000000
vn -0.00000000 0.96710000 0.25420000
vn -0.00000000 0.93190000 0.36280000
vn 1.00000000 -0.00000000 -0.00000000
vn -0.00000000 0.67630000 0.73670000
vn 1.00000000 -0.00000000 -0.00000000
vn -0.00000000 0.75570000 0.65490000
vn -0.00000000 0.82550000 0.56440000
vn -0.00000000 0.75570000 0.65490000
vn 1.00000000 -0.00000000 -0.00000000
vn -0.00000000 0.63300000 -0.77410000
vn -0.00000000 0.63300000 -0.77420000
vn 1.00000000 -0.00000000 -0.00000000
vn -0.00000000 0.71710000 -0.69700000
vn -0.00000000 0.54080000 -0.84120000
vn 1.00000000 -0.00000000 -0.00000000
vn -0.00000000 0.63300000 -0.77410000
vn -0.00000000 0.90970000 -0.41540000
vn -0.00000000 0.85630000 -0.51640000
vn 1.00000000 -0.00000000 -0.00000000
vn -0.00000000 0.96710000 0.25420000
vn 1.00000000 -0.00000000 -0.00000000
vn -0.00000000 0.98980000 0.14230000
vn -0.00000000 0.33610000 -0.94180000
vn -0.00000000 0.44110000 -0.89750000
vn 1.00000000 -0.00000000 -0.00000000
vn -0.00000000 0.33610000 -0.94180000
vn -0.00000000 0.26030000 -0.96550000
vn 1.00000000 -0.00000000 -0.00000000
vn -0.00000000 0.54080000 -0.84120000
vn 1.00000000 -0.00000000 -0.00000000
vn -0.00000000 0.44110000 -0.89750000
vn 1.00000000 -0.00000000 -0.00000000
vn -0.00000000 0.49170000 0.87070000
vn -0.00000000 0.58770000 0.80910000
vn -0.00000000 0.67630000 0.73670000
vn -0.00000000 0.58770000 0.80910000
vn 1.00000000 -0.00000000 -0.00000000
vn -0.00000000 0.28800000 0.95760000
vn 1.00000000 -0.00000000 -0.00000000
vn -1.00000000 -0.00000000 -0.00000000
vn -0.00000000 0.23190000 0.97270000
vn 0.00280000 0.28180000 0.95950000
vn -0.19040000 -0.00000000 0.98170000
vn 1.00000000 -0.00000000 -0.00000000
vn -0.00000000 0.38920000 0.92110000
vn -0.00000000 0.28800000 0.95760000
vn 1.00000000 -0.00000000 -0.00000000
vn -0.00000000 0.38920000 0.92110000
vn -0.00000000 0.49170000 0.87070000
vn 0.00660000 0.22660000 -0.97400000
vn -1.00000000 -0.00000000 -0.00000000
vn -0.19040000 -0.00000000 -0.98170000
vn -0.00000000 0.26030000 -0.96550000
vn 1.00000000 -0.00000000 -0.00000000
vn -0.00000000 0.20510000 -0.97870000
vn -0.00000000 1.00000000 -0.00000000
vn 0.70640000 -0.00000000 0.70780000
vn -0.00000000 -0.00000000 1.00000000
vn 0.70640000 -0.00000000 0.70780000
vn 0.70630000 -0.00000000 0.70790000
vn -0.00000000 -0.00000000 1.00000000
vn 0.38200000 0.92420000 -0.00000000
vn -0.00000000 1.00000000 -0.00000000
vn -0.00000000 -0.00000000 -1.00000000
vn 0.70640000 -0.00000000 -0.70780000
vn 0.38200000 0.92420000 -0.00000000
vn -0.00000000 -0.00000000 -1.00000000
vn 0.70640000 -0.00000000 -0.70780000
vn 0.70630000 -0.00000000 -0.70790000
vn 1.00000000 -0.00000000 -0.00000000
vn 0.70630000 -0.00000000 0.70790000
vn 0.38200000 0.92420000 -0.00000000
vn 0.38200000 0.92420000 -0.00000000
vn 0.70630000 -0.00000000 -0.70790000
vn 1.00000000 -0.00000000 -0.00000000
vn 1.00000000 -0.00000000 -0.00000000
vn 0.70630000 -0.00000000 -0.70790000
vn -0.00000000 1.00000000 -0.00000000
vn 0.70640000 -0.00000000 -0.70780000
vn 0.70640000 -0.00000000 0.70780000
vn -0.00000000 1.00000000 -0.00000000
vn 0.70630000 -0.00000000 0.70790000
vn 1.00000000 -0.00000000 -0.00000000
vn 0.15550000 -0.00000000 -0.98780000
vn -0.00000000 1.00000000 -0.00000000
vn 0.45300000 -0.00000000 -0.89150000
vn 0.15580000 -0.00000000 0.98780000
vn 0.45320000 -0.00000000 0.89140000
vn -0.00000000 1.00000000 -0.00000000
vn -0.00000000 1.00000000 -0.00000000
vn -0.15580000 -0.00000000 0.98780000
vn 0.15580000 -0.00000000 0.98780000
vn -0.15580000 -0.00000000 0.98780000
vn -0.45340000 -0.00000000 0.89130000
vn -0.00000000 1.00000000 -0.00000000
vn -0.45320000 -0.00000000 0.89140000
vn -0.45340000 -0.00000000 -0.89130000
vn -0.00000000 1.00000000 -0.00000000
vn -0.15580000 -0.00000000 -0.98780000
vn -0.15550000 -0.00000000 -0.98780000
vn -0.45320000 -0.00000000 -0.89140000
vn -0.15580000 -0.00000000 -0.98780000
vn -0.00000000 1.00000000 -0.00000000
vn 0.15580000 -0.00000000 -0.98780000
vn 0.15550000 -0.00000000 -0.98780000
vn 0.89030000 -0.00000000 0.45530000
vn -0.00000000 1.00000000 -0.00000000
vn 0.89040000 -0.00000000 0.45520000
vn 0.98760000 -0.00000000 0.15670000
vn 0.45300000 -0.00000000 -0.89150000
vn 0.45320000 -0.00000000 -0.89140000
vn -0.00000000 1.00000000 -0.00000000
vn 0.70690000 -0.00000000 -0.70730000
vn -0.45320000 -0.00000000 -0.89140000
vn -0.00000000 1.00000000 -0.00000000
vn -0.15580000 -0.00000000 -0.98780000
vn -0.45340000 -0.00000000 -0.89130000
vn -0.15550000 -0.00000000 -0.98780000
vn -0.15580000 -0.00000000 -0.98780000
vn 0.15580000 -0.00000000 -0.98780000
vn 0.15550000 -0.00000000 -0.98780000
vn -0.00000000 1.00000000 -0.00000000
vn 0.98760000 -0.00000000 -0.15670000
vn -0.00000000 1.00000000 -0.00000000
vn 0.89040000 -0.00000000 -0.45520000
vn -0.70630000 -0.00000000 -0.70790000
vn -0.00000000 1.00000000 -0.00000000
vn -0.45340000 -0.00000000 -0.89130000
vn 0.89030000 -0.00000000 0.45530000
vn -0.00000000 1.00000000 -0.00000000
vn 0.70710000 -0.00000000 0.70710000
vn 0.70690000 -0.00000000 0.70730000
vn 0.45300000 -0.00000000 0.89150000
vn 0.45320000 -0.00000000 0.89140000
vn -0.00000000 1.00000000 -0.00000000
vn 0.70710000 -0.00000000 0.70710000
vn -0.00000000 1.00000000 -0.00000000
vn 0.98760000 -0.00000000 -0.15670000
vn 0.98760000 -0.00000000 0.15670000
vn 0.89040000 -0.00000000 -0.45520000
vn 0.70690000 -0.00000000 -0.70730000
vn -0.00000000 1.00000000 -0.00000000
vn -0.00000000 1.00000000 -0.00000000
vn 0.89040000 -0.00000000 -0.45520000
vn 0.98760000 -0.00000000 -0.15670000
vn -0.00000000 1.00000000 -0.00000000
vn 0.45300000 -0.00000000 -0.89150000
vn 0.15550000 -0.00000000 -0.98780000
vn -0.00000000 1.00000000 -0.00000000
vn 0.70690000 -0.00000000 -0.70730000
vn 0.89040000 -0.00000000 -0.45520000
vn -0.00000000 1.00000000 -0.00000000
vn 0.70690000 -0.00000000 -0.70730000
vn 0.45320000 -0.00000000 -0.89140000
vn 0.45300000 -0.00000000 -0.89150000
vn 0.15580000 -0.00000000 0.98780000
vn -0.15580000 -0.00000000 0.98780000
vn -0.00000000 1.00000000 -0.00000000
vn -0.00000000 1.00000000 -0.00000000
vn 0.70710000 -0.00000000 0.70710000
vn 0.89030000 -0.00000000 0.45530000
vn 0.70690000 -0.00000000 0.70730000
vn 0.45320000 -0.00000000 0.89140000
vn -0.00000000 1.00000000 -0.00000000
vn 0.70710000 -0.00000000 0.70710000
vn 0.45300000 -0.00000000 0.89150000
vn -0.45340000 -0.00000000 -0.89130000
vn -0.70630000 -0.00000000 -0.70790000
vn -0.00000000 1.00000000 -0.00000000
vn -0.89050000 -0.00000000 0.45510000
vn -0.98770000 -0.00000000 0.15620000
vn -0.00000000 1.00000000 -0.00000000
vn -0.98770000 -0.00000000 0.15610000
vn -0.98770000 -0.00000000 0.15620000
vn -0.98770000 -0.00000000 -0.15610000
vn -0.00000000 1.00000000 -0.00000000
vn -0.98770000 -0.00000000 0.15610000
vn -0.98770000 -0.00000000 0.15620000
vn -0.00000000 1.00000000 -0.00000000
vn -0.98770000 -0.00000000 -0.15610000
vn -0.00000000 1.00000000 -0.00000000
vn -0.98770000 -0.00000000 -0.15610000
vn -0.89050000 -0.00000000 -0.45510000
vn 0.45320000 -0.00000000 0.89140000
vn -0.00000000 1.00000000 -0.00000000
vn 0.15580000 -0.00000000 0.98780000
vn 0.98760000 -0.00000000 -0.15670000
vn -0.00000000 1.00000000 -0.00000000
vn 0.98760000 -0.00000000 0.15670000
vn 0.89030000 -0.00000000 0.45530000
vn 0.89040000 -0.00000000 0.45520000
vn 0.98760000 -0.00000000 0.15670000
vn -0.00000000 1.00000000 -0.00000000
vn -0.89050000 -0.00000000 -0.45510000
vn -0.98770000 -0.00000000 -0.15610000
vn -0.00000000 1.00000000 -0.00000000
vn -0.00000000 1.00000000 -0.00000000
vn -0.70630000 -0.00000000 -0.70790000
vn -0.89050000 -0.00000000 -0.45510000
vn -0.89040000 -0.00000000 0.45520000
vn -0.70640000 -0.00000000 0.70780000
vn -0.00000000 1.00000000 -0.00000000
vn -0.70630000 -0.00000000 0.70790000
vn -0.89050000 -0.00000000 0.45510000
vn -0.45320000 -0.00000000 0.89140000
vn -0.00000000 1.00000000 -0.00000000
vn -0.70630000 -0.00000000 0.70790000
vn -0.98770000 -0.00000000 0.15620000
vn -0.89050000 -0.00000000 0.45510000
vn -0.00000000 1.00000000 -0.00000000
vn -0.45340000 -0.00000000 0.89130000
vn -0.15580000 -0.00000000 0.98780000
vn -0.45320000 -0.00000000 0.89140000
vn -0.00000000 1.00000000 -0.00000000
vn -0.89050000 -0.00000000 -0.45510000
vn -0.00000000 1.00000000 -0.00000000
vn -0.70630000 -0.00000000 -0.70790000
vn -0.70640000 -0.00000000 0.70780000
vn -0.00000000 1.00000000 -0.00000000
vn -0.89050000 -0.00000000 0.45510000
vn -0.89040000 -0.00000000 0.45520000
vn -0.70630000 -0.00000000 0.70790000
vn -0.70630000 -0.00000000 0.70790000
vn -0.00000000 1.00000000 -0.00000000
vn -0.45320000 -0.00000000 0.89140000
vn -0.00000000 1.00000000 -0.00000000
vn -0.89040000 -0.00000000 0.45520000
vn -0.89050000 -0.00000000 0.45510000
vn -0.98770000 -0.00000000 0.15620000
vn -0.98770000 -0.00000000 0.15610000
vn -0.00000000 1.00000000 -0.00000000
vn -0.98770000 -0.00000000 -0.15610000
vn -0.98770000 -0.00000000 0.15610000
vn -0.70640000 -0.00000000 0.70780000
vn -0.89040000 -0.00000000 0.45520000
vn -0.00000000 1.00000000 -0.00000000
vn -0.00000000 1.00000000 -0.00000000
vn -0.45320000 -0.00000000 0.89140000
vn -0.70640000 -0.00000000 0.70780000
vn -0.45340000 -0.00000000 0.89130000
vn -0.70630000 -0.00000000 0.70790000
vn -0.00000000 1.00000000 -0.00000000
vn -0.15580000 -0.00000000 0.98780000
vn -0.45340000 -0.00000000 0.89130000
vn -0.00000000 1.00000000 -0.00000000
vn -0.15580000 -0.00000000 0.98780000
vn 0.15580000 -0.00000000 0.98780000
vn -0.00000000 1.00000000 -0.00000000
vn 0.15580000 -0.00000000 0.98780000
vn 0.45300000 -0.00000000 0.89150000
vn 0.45320000 -0.00000000 0.89140000
vn 0.45300000 -0.00000000 0.89150000
vn 0.70690000 -0.00000000 0.70730000
vn -0.00000000 1.00000000 -0.00000000
vn 0.89040000 -0.00000000 0.45520000
vn 0.70690000 -0.00000000 0.70730000
vn 0.89030000 -0.00000000 0.45530000
vn -0.00000000 1.00000000 -0.00000000
vn 0.70710000 -0.00000000 0.70710000
vn 0.89040000 -0.00000000 0.45520000
vn 0.98760000 -0.00000000 0.15670000
vn -0.00000000 1.00000000 -0.00000000
vn -0.00000000 1.00000000 -0.00000000
vn 0.98760000 -0.00000000 -0.15670000
vn 0.98760000 -0.00000000 0.15670000
vn -0.00000000 1.00000000 -0.00000000
vn 0.98760000 -0.00000000 -0.15670000
vn 0.89040000 -0.00000000 -0.45520000
vn 0.70690000 -0.00000000 -0.70730000
vn 0.89040000 -0.00000000 -0.45520000
vn -0.00000000 1.00000000 -0.00000000
vn 0.45320000 -0.00000000 -0.89140000
vn 0.70690000 -0.00000000 -0.70730000
vn -0.00000000 1.00000000 -0.00000000
vn 0.15580000 -0.00000000 -0.98780000
vn -0.00000000 1.00000000 -0.00000000
vn 0.45300000 -0.00000000 -0.89150000
vn 0.15550000 -0.00000000 -0.98780000
vn 0.45320000 -0.00000000 -0.89140000
vn 0.15580000 -0.00000000 -0.98780000
vn -0.00000000 1.00000000 -0.00000000
vn -0.15550000 -0.00000000 -0.98780000
vn -0.15580000 -0.00000000 -0.98780000
vn -0.45320000 -0.00000000 -0.89140000
vn -0.15550000 -0.00000000 -0.98780000
vn -0.00000000 1.00000000 -0.00000000
vn -0.00000000 1.00000000 -0.00000000
vn -0.70630000 -0.00000000 -0.70790000
vn -0.45340000 -0.00000000 -0.89130000
vn -0.45320000 -0.00000000 -0.89140000
vn -0.89050000 -0.00000000 -0.45510000
vn -0.00000000 1.00000000 -0.00000000
vn -0.70630000 -0.00000000 -0.70790000
vn -0.89050000 -0.00000000 -0.45510000
vn -0.00000000 1.00000000 -0.00000000
vn -0.98770000 -0.00000000 -0.15610000
vn -0.98770000 -0.00000000 0.15620000
vn -0.00000000 1.00000000 -0.00000000
vn -0.89050000 -0.00000000 0.45510000
vn -0.98770000 -0.00000000 0.15610000
vn -0.89040000 -0.00000000 0.45520000
vn -0.98770000 -0.00000000 0.15610000
vn -0.00000000 1.00000000 -0.00000000
vn -0.98770000 -0.00000000 -0.15610000
vn -0.89040000 -0.00000000 0.45520000
vn -0.70640000 -0.00000000 0.70780000
vn -0.00000000 1.00000000 -0.00000000
vn -0.70640000 -0.00000000 0.70780000
vn -0.00000000 1.00000000 -0.00000000
vn -0.70630000 -0.00000000 0.70790000
vn -0.45320000 -0.00000000 0.89140000
vn -0.45340000 -0.00000000 0.89130000
vn -0.00000000 1.00000000 -0.00000000
vn -0.15580000 -0.00000000 0.98780000
vn -0.45340000 -0.00000000 0.89130000
vn -0.00000000 1.00000000 -0.00000000
vn -0.15580000 -0.00000000 0.98780000
vn 0.15580000 -0.00000000 0.98780000
vn -0.00000000 1.00000000 -0.00000000
vn 0.45300000 -0.00000000 0.89150000
vn 0.15580000 -0.00000000 0.98780000
vn 0.45320000 -0.00000000 0.89140000
vn -0.00000000 1.00000000 -0.00000000
vn 0.45300000 -0.00000000 0.89150000
vn 0.70690000 -0.00000000 0.70730000
vn 0.89030000 -0.00000000 0.45530000
vn -0.00000000 1.00000000 -0.00000000
vn 0.89040000 -0.00000000 0.45520000
vn 0.70710000 -0.00000000 0.70710000
vn 0.70690000 -0.00000000 0.70730000
vn 0.89040000 -0.00000000 0.45520000
vn -0.00000000 1.00000000 -0.00000000
vn 0.98760000 -0.00000000 0.15670000
vn 0.98760000 -0.00000000 0.15670000
vn -0.00000000 1.00000000 -0.00000000
vn 0.98760000 -0.00000000 -0.15670000
vn -0.00000000 1.00000000 -0.00000000
vn 0.98760000 -0.00000000 -0.15670000
vn 0.89040000 -0.00000000 -0.45520000
vn 0.70690000 -0.00000000 -0.70730000
vn 0.89040000 -0.00000000 -0.45520000
vn -0.00000000 1.00000000 -0.00000000
vn -0.00000000 1.00000000 -0.00000000
vn 0.70690000 -0.00000000 -0.70730000
vn 0.45320000 -0.00000000 -0.89140000
vn -0.00000000 1.00000000 -0.00000000
vn 0.15550000 -0.00000000 -0.98780000
vn 0.45320000 -0.00000000 -0.89140000
vn 0.15580000 -0.00000000 -0.98780000
vn 0.45300000 -0.00000000 -0.89150000
vn 0.15580000 -0.00000000 -0.98780000
vn -0.15580000 -0.00000000 -0.98780000
vn -0.15550000 -0.00000000 -0.98780000
vn -0.00000000 1.00000000 -0.00000000
vn -0.00000000 1.00000000 -0.00000000
vn -0.15550000 -0.00000000 -0.98780000
vn -0.45320000 -0.00000000 -0.89140000
vn -0.45340000 -0.00000000 -0.89130000
vn -0.45320000 -0.00000000 -0.89140000
vn -0.00000000 1.00000000 -0.00000000
vn -0.70630000 -0.00000000 -0.70790000
vn -0.70630000 -0.00000000 -0.70790000
vn -0.00000000 1.00000000 -0.00000000
vn -0.89050000 -0.00000000 -0.45510000
vn -0.89050000 -0.00000000 -0.45510000
vn -0.00000000 1.00000000 -0.00000000
vn -0.98770000 -0.00000000 -0.15610000
vn 0.38200000 -0.00000000 0.92420000
vn -0.00000000 1.00000000 -0.00000000
vn -0.19040000 -0.00000000 0.98170000
vn 1.00000000 -0.00000000 -0.00000000
vn 0.00280000 -0.28180000 0.95950000
vn -0.00000000 -0.23190000 0.97270000
vn -0.19040000 -0.00000000 0.98170000
vn -0.00000000 -0.28800000 0.95760000
vn -1.00000000 -0.00000000 -0.00000000
vn 1.00000000 -0.00000000 -0.00000000
vn -0.19040000 -0.00000000 0.98170000
vn -0.00000000 -1.00000000 -0.00000000
vn -0.19040000 -0.00000000 0.98170000
vn 0.38200000 -0.00000000 0.92420000
vn -0.00000000 -1.00000000 -0.00000000
vn -1.00000000 -0.00000000 -0.00000000
vn -0.00000000 -0.05720000 0.99840000
vn -0.00000000 -0.17050000 0.98540000
vn -1.00000000 -0.00000000 -0.00000000
vn -0.00000000 0.05720000 0.99840000
vn -0.00000000 -0.05720000 0.99840000
vn -0.00000000 0.17050000 0.98540000
vn -1.00000000 -0.00000000 -0.00000000
vn -0.00000000 0.05720000 0.99840000
vn -0.00000000 0.23190000 0.97270000
vn -1.00000000 -0.00000000 -0.00000000
vn -0.00000000 0.17050000 0.98540000
vn -0.00000000 -0.23190000 0.97270000
vn -0.00000000 -0.17050000 0.98540000
vn -1.00000000 -0.00000000 -0.00000000
vn -0.00000000 -1.00000000 -0.00000000
vn 0.70640000 -0.00000000 0.70790000
vn 0.38200000 -0.00000000 0.92420000
vn 1.00000000 -0.00000000 -0.00000000
vn -0.00000000 -1.00000000 -0.00000000
vn 0.70640000 -0.00000000 0.70790000
vn -0.00000000 1.00000000 -0.00000000
vn 0.38200000 -0.00000000 0.92420000
vn 0.19470000 -0.00000000 0.98090000
vn 0.19470000 -0.00000000 0.98090000
vn -0.00000000 -1.00000000 -0.00000000
vn 0.38200000 -0.00000000 0.92420000
vn 0.38200000 -0.00000000 0.92420000
vn -0.00000000 -1.00000000 -0.00000000
vn 0.70640000 -0.00000000 0.70790000
vn -0.00000000 1.00000000 -0.00000000
vn 0.19470000 -0.00000000 0.98090000
vn -0.00000000 -0.00000000 1.00000000
vn 0.19470000 -0.00000000 0.98090000
vn -0.00000000 -1.00000000 -0.00000000
vn -0.00000000 -0.00000000 1.00000000
vn -0.00000000 -0.00000000 1.00000000
vn -0.00000000 1.00000000 -0.00000000
vn -0.38200000 -0.00000000 0.92420000
vn -0.00000000 -0.00000000 1.00000000
vn -0.38200000 -0.00000000 0.92420000
vn -0.00000000 -1.00000000 -0.00000000
vn -0.38200000 -0.00000000 0.92420000
vn -0.70640000 -0.00000000 0.70790000
vn -0.00000000 1.00000000 -0.00000000
vn -0.70640000 -0.00000000 0.70790000
vn -0.38200000 -0.00000000 0.92420000
vn -0.00000000 -1.00000000 -0.00000000
vn -0.92360000 -0.00000000 0.38340000
vn -0.00000000 1.00000000 -0.00000000
vn -0.70640000 -0.00000000 0.70790000
vn -0.70640000 -0.00000000 0.70790000
vn -0.92360000 -0.00000000 0.38340000
vn -0.00000000 -1.00000000 -0.00000000
vn -0.00000000 1.00000000 -0.00000000
vn -1.00000000 -0.00000000 -0.00000000
vn -0.92360000 -0.00000000 0.38340000
vn -0.00000000 -1.00000000 -0.00000000
vn -1.00000000 -0.00000000 -0.00000000
vn -0.92360000 -0.00000000 0.38340000
vn -0.92360000 -0.00000000 -0.38340000
vn -1.00000000 -0.00000000 -0.00000000
vn -0.00000000 1.00000000 -0.00000000
vn -1.00000000 -0.00000000 -0.00000000
vn -0.00000000 -1.00000000 -0.00000000
vn -0.92360000 -0.00000000 -0.38340000
vn -0.00000000 1.00000000 -0.00000000
vn -0.92360000 -0.00000000 -0.38340000
vn -0.70640000 -0.00000000 -0.70790000
vn -0.92360000 -0.00000000 -0.38340000
vn -0.00000000 -1.00000000 -0.00000000
vn -0.70640000 -0.00000000 -0.70790000
vn -0.38200000 -0.00000000 -0.92420000
vn -0.70640000 -0.00000000 -0.70790000
vn -0.00000000 -1.00000000 -0.00000000
vn -0.70640000 -0.00000000 -0.70790000
vn -0.00000000 1.00000000 -0.00000000
vn -0.38200000 -0.00000000 -0.92420000
vn -0.38200000 -0.00000000 -0.92420000
vn -0.00000000 1.00000000 -0.00000000
vn -0.00000000 -0.00000000 -1.00000000
vn -0.00000000 -1.00000000 -0.00000000
vn -0.38200000 -0.00000000 -0.92420000
vn -0.00000000 -0.00000000 -1.00000000
vn -0.00000000 -0.00000000 -1.00000000
vn 0.19470000 -0.00000000 -0.98090000
vn -0.00000000 1.00000000 -0.00000000
vn -0.00000000 -0.00000000 -1.00000000
vn 0.19470000 -0.00000000 -0.98090000
vn -0.00000000 -1.00000000 -0.00000000
vn 0.38200000 -0.00000000 -0.92420000
vn 0.19470000 -0.00000000 -0.98090000
vn -0.00000000 1.00000000 -0.00000000
vn 0.19470000 -0.00000000 -0.98090000
vn 0.38200000 -0.00000000 -0.92420000
vn -0.00000000 -1.00000000 -0.00000000
vn -0.98580000 -0.02310000 0.16660000
vn -0.99920000 -0.02320000 0.03350000
vn -0.00000000 1.00000000 -0.00000000
vn -0.99750000 0.02320000 0.06690000
vn -0.99470000 -0.02320000 -0.10030000
vn -0.00000000 1.00000000 -0.00000000
vn -0.99920000 -0.02320000 0.03350000
vn -0.99750000 0.02310000 -0.06690000
vn 0.69410000 0.02300000 0.71950000
vn 0.69460000 0.02290000 0.71900000
vn -0.00000000 1.00000000 -0.00000000
vn 0.66990000 -0.02310000 0.74210000
vn 0.76270000 -0.02320000 0.64630000
vn 0.59230000 0.02330000 0.80540000
vn -0.00000000 1.00000000 -0.00000000
vn 0.59210000 0.02330000 0.80550000
vn 0.56490000 -0.02310000 0.82480000
vn 0.66990000 -0.02310000 0.74210000
vn -0.74070000 0.02310000 -0.67140000
vn -0.80420000 -0.02310000 -0.59390000
vn -0.74080000 0.02310000 -0.67130000
vn -0.71790000 -0.02300000 -0.69570000
vn -0.00000000 1.00000000 -0.00000000
vn -0.64460000 0.02310000 -0.76420000
vn -0.61870000 -0.02320000 -0.78530000
vn -0.64500000 0.02310000 -0.76380000
vn -0.00000000 1.00000000 -0.00000000
vn -0.71790000 -0.02300000 -0.69570000
vn -0.93270000 -0.02310000 -0.36000000
vn -0.97240000 -0.02320000 -0.23220000
vn -0.94420000 0.02310000 -0.32860000
vn -0.00000000 1.00000000 -0.00000000
vn -0.00000000 1.00000000 -0.00000000
vn -0.89190000 0.02320000 -0.45160000
vn -0.87630000 -0.02320000 -0.48120000
vn -0.93270000 -0.02310000 -0.36000000
vn -0.98580000 -0.02310000 0.16660000
vn -0.00000000 1.00000000 -0.00000000
vn -0.97960000 0.02320000 0.19950000
vn -0.95470000 -0.02320000 0.29680000
vn -0.97960000 0.02320000 0.19940000
vn -0.00000000 1.00000000 -0.00000000
vn -0.89190000 0.02300000 0.45160000
vn -0.84220000 -0.02320000 0.53870000
vn -0.90650000 -0.02300000 0.42160000
vn -0.89190000 0.02310000 0.45160000
vn -0.94420000 0.02320000 0.32860000
vn -0.95470000 -0.02320000 0.29680000
vn -0.94410000 0.02310000 0.32880000
vn -0.00000000 1.00000000 -0.00000000
vn -0.90650000 -0.02300000 0.42160000
vn -0.00000000 1.00000000 -0.00000000
vn 0.78400000 0.02320000 0.62030000
vn 0.76270000 -0.02320000 0.64630000
vn 0.84220000 -0.02300000 0.53870000
vn 0.78390000 0.02310000 0.62040000
vn 0.78420000 0.02320000 -0.62010000
vn 0.78390000 0.02320000 -0.62040000
vn 0.71790000 -0.02320000 -0.69580000
vn -0.00000000 1.00000000 -0.00000000
vn 0.80420000 -0.02310000 -0.59390000
vn -0.00000000 1.00000000 -0.00000000
vn 0.87630000 -0.02330000 -0.48120000
vn 0.80420000 -0.02310000 -0.59390000
vn 0.85960000 0.02320000 -0.51040000
vn 0.85970000 0.02330000 -0.51020000
vn -0.42000000 0.02300000 -0.90730000
vn -0.38960000 -0.02320000 -0.92070000
vn -0.42040000 0.02300000 -0.90710000
vn -0.00000000 1.00000000 -0.00000000
vn -0.50880000 -0.02310000 -0.86060000
vn -0.00000000 1.00000000 -0.00000000
vn -0.80420000 -0.02310000 -0.59390000
vn -0.82370000 0.02320000 -0.56660000
vn -0.82350000 0.02320000 -0.56690000
vn -0.87630000 -0.02320000 -0.48120000
vn -0.97240000 -0.02320000 -0.23220000
vn -0.99470000 -0.02320000 -0.10030000
vn -0.97960000 0.02310000 -0.19950000
vn -0.00000000 1.00000000 -0.00000000
vn -0.00000000 1.00000000 -0.00000000
vn 0.45010000 -0.02330000 0.89270000
vn 0.47970000 0.02320000 0.87710000
vn 0.56490000 -0.02310000 0.82480000
vn 0.47950000 0.02330000 0.87730000
vn 0.85970000 0.02310000 0.51030000
vn 0.84220000 -0.02300000 0.53870000
vn 0.85980000 0.02310000 0.51020000
vn 0.90650000 -0.02310000 0.42160000
vn -0.00000000 1.00000000 -0.00000000
vn 0.93260000 -0.02310000 -0.36010000
vn 0.87630000 -0.02330000 -0.48120000
vn 0.92010000 0.02300000 -0.39100000
vn -0.00000000 1.00000000 -0.00000000
vn 0.96410000 0.02330000 -0.26470000
vn 0.97240000 -0.02320000 -0.23220000
vn -0.00000000 1.00000000 -0.00000000
vn 0.93260000 -0.02310000 -0.36010000
vn 0.96410000 0.02320000 -0.26450000
vn -0.00000000 1.00000000 -0.00000000
vn 0.71790000 -0.02320000 -0.69580000
vn 0.69420000 0.02320000 -0.71940000
vn 0.69450000 0.02330000 -0.71920000
vn 0.61880000 -0.02320000 -0.78520000
vn 0.50870000 -0.02330000 -0.86060000
vn -0.00000000 1.00000000 -0.00000000
vn 0.48000000 0.02320000 -0.87700000
vn 0.47950000 0.02330000 -0.87720000
vn 0.38950000 -0.02320000 -0.92070000
vn -0.61870000 -0.02320000 -0.78530000
vn -0.00000000 1.00000000 -0.00000000
vn -0.50880000 -0.02310000 -0.86060000
vn -0.53700000 0.02290000 -0.84330000
vn -0.53740000 0.02290000 -0.84300000
vn -0.56490000 -0.02310000 0.82480000
vn -0.00000000 1.00000000 -0.00000000
vn -0.66990000 -0.02300000 0.74210000
vn -0.64510000 0.02350000 0.76380000
vn -0.64460000 0.02340000 0.76410000
vn -0.74070000 0.02320000 0.67150000
vn -0.00000000 1.00000000 -0.00000000
vn -0.66990000 -0.02300000 0.74210000
vn -0.76270000 -0.02300000 0.64630000
vn -0.74080000 0.02320000 0.67140000
vn 0.95470000 -0.02320000 0.29670000
vn 0.96410000 0.02310000 0.26470000
vn 0.96410000 0.02310000 0.26460000
vn -0.00000000 1.00000000 -0.00000000
vn 0.98580000 -0.02320000 0.16660000
vn 0.92010000 0.02320000 0.39090000
vn 0.92010000 0.02320000 0.39100000
vn 0.90650000 -0.02310000 0.42160000
vn -0.00000000 1.00000000 -0.00000000
vn 0.95470000 -0.02320000 0.29670000
vn 0.26370000 -0.02310000 -0.96430000
vn 0.35880000 0.02310000 -0.93310000
vn 0.38950000 -0.02320000 -0.92070000
vn 0.35860000 0.02310000 -0.93320000
vn -0.00000000 1.00000000 -0.00000000
vn -0.53710000 0.02330000 0.84320000
vn -0.45000000 -0.02320000 0.89270000
vn -0.56490000 -0.02310000 0.82480000
vn -0.00000000 1.00000000 -0.00000000
vn -0.53740000 0.02330000 0.84300000
vn -0.00000000 1.00000000 -0.00000000
vn -0.45000000 -0.02320000 0.89270000
vn -0.42000000 0.02300000 0.90720000
vn -0.42010000 0.02300000 0.90720000
vn -0.32740000 -0.02330000 0.94460000
vn -0.00000000 1.00000000 -0.00000000
vn -0.06670000 -0.02330000 0.99750000
vn -0.19870000 -0.02310000 0.97980000
vn -0.16630000 0.02310000 0.98580000
vn -0.16600000 0.02310000 0.98590000
vn -0.19870000 -0.02310000 0.97980000
vn -0.29560000 0.02300000 0.95500000
vn -0.32740000 -0.02330000 0.94460000
vn -0.00000000 1.00000000 -0.00000000
vn -0.29540000 0.02300000 0.95510000
vn -0.00000000 1.00000000 -0.00000000
vn 0.35870000 0.02320000 0.93320000
vn 0.32730000 -0.02320000 0.94460000
vn 0.35820000 0.02320000 0.93340000
vn 0.45010000 -0.02330000 0.89270000
vn 0.23150000 0.02300000 0.97260000
vn 0.23110000 0.02300000 0.97270000
vn -0.00000000 1.00000000 -0.00000000
vn 0.32730000 -0.02320000 0.94460000
vn 0.19870000 -0.02300000 0.97980000
vn -0.00000000 1.00000000 -0.00000000
vn 0.59230000 0.02300000 -0.80540000
vn 0.61880000 -0.02320000 -0.78520000
vn 0.59220000 0.02290000 -0.80550000
vn 0.50870000 -0.02330000 -0.86060000
vn 0.23120000 0.02340000 -0.97260000
vn 0.26370000 -0.02310000 -0.96430000
vn 0.13290000 -0.02280000 -0.99090000
vn 0.23130000 0.02340000 -0.97260000
vn -0.00000000 1.00000000 -0.00000000
vn -0.13300000 -0.02310000 -0.99090000
vn -0.00000000 -0.02320000 -0.99970000
vn -0.03300000 0.02320000 -0.99920000
vn -0.03340000 0.02320000 -0.99920000
vn -0.00000000 1.00000000 -0.00000000
vn 0.09990000 0.02330000 -0.99470000
vn -0.00000000 -0.02320000 -0.99970000
vn 0.10030000 0.02330000 -0.99470000
vn 0.13290000 -0.02280000 -0.99090000
vn -0.00000000 1.00000000 -0.00000000
vn -0.26380000 -0.02300000 -0.96430000
vn -0.29550000 0.02300000 -0.95510000
vn -0.38960000 -0.02320000 -0.92070000
vn -0.00000000 1.00000000 -0.00000000
vn -0.00000000 1.00000000 -0.00000000
vn -0.13300000 -0.02310000 -0.99090000
vn -0.26380000 -0.02300000 -0.96430000
vn -0.16620000 0.02310000 -0.98580000
vn -0.16590000 0.02310000 -0.98590000
vn -0.82360000 0.02320000 0.56670000
vn -0.84220000 -0.02320000 0.53870000
vn -0.00000000 1.00000000 -0.00000000
vn -0.76270000 -0.02300000 0.64630000
vn 0.06660000 -0.02330000 0.99750000
vn -0.03310000 0.02320000 0.99920000
vn -0.06670000 -0.02330000 0.99750000
vn -0.00000000 1.00000000 -0.00000000
vn -0.03380000 0.02320000 0.99920000
vn 0.99970000 0.02310000 -0.00000000
vn -0.00000000 1.00000000 -0.00000000
vn 0.99920000 -0.02320000 0.03350000
vn 0.99470000 -0.02310000 -0.10030000
vn 0.99970000 0.02300000 -0.00000000
vn 0.98580000 -0.02320000 0.16660000
vn 0.99080000 0.02310000 0.13350000
vn 0.99920000 -0.02320000 0.03350000
vn -0.00000000 1.00000000 -0.00000000
vn 0.99080000 0.02300000 0.13350000
vn -0.00000000 1.00000000 -0.00000000
vn 0.99470000 -0.02310000 -0.10030000
vn 0.99080000 0.02310000 -0.13360000
vn 0.99080000 0.02300000 -0.13350000
vn 0.97240000 -0.02320000 -0.23220000
vn 0.06660000 -0.02330000 0.99750000
vn 0.19870000 -0.02300000 0.97980000
vn -0.00000000 1.00000000 -0.00000000
vn 0.09980000 0.02290000 0.99470000
vn 0.10070000 0.02290000 0.99470000
vn -0.00000000 1.00000000 -0.00000000
vn 0.38200000 -0.00000000 -0.92420000
vn -0.19040000 -0.00000000 -0.98170000
vn -0.03380000 0.02320000 0.99920000
vn -0.03310000 0.02320000 0.99920000
vn -0.00000000 1.00000000 -0.00000000
vn -0.03310000 0.02320000 0.99920000
vn -0.00000000 1.00000000 -0.00000000
vn -0.16630000 0.02310000 0.98580000
vn -0.06670000 -0.02330000 0.99750000
vn -0.16630000 0.02310000 0.98580000
vn -0.00000000 1.00000000 -0.00000000
vn -0.16600000 0.02310000 0.98590000
vn -0.16600000 0.02310000 0.98590000
vn -0.19870000 -0.02310000 0.97980000
vn -0.29540000 0.02300000 0.95510000
vn -0.00000000 1.00000000 -0.00000000
vn -0.00000000 1.00000000 -0.00000000
vn -0.29540000 0.02300000 0.95510000
vn -0.29560000 0.02300000 0.95500000
vn -0.42010000 0.02300000 0.90720000
vn -0.29560000 0.02300000 0.95500000
vn -0.32740000 -0.02330000 0.94460000
vn -0.00000000 1.00000000 -0.00000000
vn -0.42000000 0.02300000 0.90720000
vn -0.00000000 1.00000000 -0.00000000
vn -0.42010000 0.02300000 0.90720000
vn -0.00000000 1.00000000 -0.00000000
vn -0.42000000 0.02300000 0.90720000
vn -0.45000000 -0.02320000 0.89270000
vn -0.53740000 0.02330000 0.84300000
vn -0.00000000 1.00000000 -0.00000000
vn -0.53740000 0.02330000 0.84300000
vn -0.53710000 0.02330000 0.84320000
vn -0.00000000 1.00000000 -0.00000000
vn -0.53710000 0.02330000 0.84320000
vn -0.56490000 -0.02310000 0.82480000
vn -0.64510000 0.02350000 0.76380000
vn -0.64510000 0.02350000 0.76380000
vn -0.64460000 0.02340000 0.76410000
vn -0.00000000 1.00000000 -0.00000000
vn -0.66990000 -0.02300000 0.74210000
vn -0.00000000 1.00000000 -0.00000000
vn -0.74070000 0.02320000 0.67150000
vn -0.64460000 0.02340000 0.76410000
vn -0.74080000 0.02320000 0.67140000
vn -0.00000000 1.00000000 -0.00000000
vn -0.74070000 0.02320000 0.67150000
vn -0.74080000 0.02320000 0.67140000
vn -0.76270000 -0.02300000 0.64630000
vn -0.82360000 0.02320000 0.56670000
vn -0.00000000 1.00000000 -0.00000000
vn -0.82360000 0.02320000 0.56670000
vn -0.00000000 1.00000000 -0.00000000
vn -0.82360000 0.02320000 0.56670000
vn -0.00000000 1.00000000 -0.00000000
vn -0.84220000 -0.02320000 0.53870000
vn -0.89190000 0.02310000 0.45160000
vn -0.89190000 0.02300000 0.45160000
vn -0.89190000 0.02310000 0.45160000
vn -0.00000000 1.00000000 -0.00000000
vn -0.94410000 0.02310000 0.32880000
vn -0.89190000 0.02300000 0.45160000
vn -0.00000000 1.00000000 -0.00000000
vn -0.90650000 -0.02300000 0.42160000
vn -0.00000000 1.00000000 -0.00000000
vn -0.94410000 0.02310000 0.32880000
vn -0.94420000 0.02320000 0.32860000
vn -0.97960000 0.02320000 0.19940000
vn -0.95470000 -0.02320000 0.29680000
vn -0.94420000 0.02320000 0.32860000
vn -0.00000000 1.00000000 -0.00000000
vn -0.97960000 0.02320000 0.19950000
vn -0.97960000 0.02320000 0.19940000
vn -0.00000000 1.00000000 -0.00000000
vn -0.99750000 0.02320000 0.06690000
vn -0.97960000 0.02320000 0.19950000
vn -0.00000000 1.00000000 -0.00000000
vn -0.98580000 -0.02310000 0.16660000
vn -0.99750000 0.02320000 0.06690000
vn -0.00000000 1.00000000 -0.00000000
vn -0.99750000 0.02310000 -0.06690000
vn -0.99750000 0.02320000 0.06690000
vn -0.00000000 1.00000000 -0.00000000
vn -0.99920000 -0.02320000 0.03350000
vn -0.99750000 0.02310000 -0.06690000
vn -0.00000000 1.00000000 -0.00000000
vn -0.97960000 0.02310000 -0.19950000
vn -0.99470000 -0.02320000 -0.10030000
vn -0.99750000 0.02310000 -0.06690000
vn -0.00000000 1.00000000 -0.00000000
vn -0.97960000 0.02310000 -0.19950000
vn -0.00000000 1.00000000 -0.00000000
vn -0.00000000 1.00000000 -0.00000000
vn -0.97240000 -0.02320000 -0.23220000
vn -0.94420000 0.02310000 -0.32860000
vn -0.97960000 0.02310000 -0.19950000
vn -0.94420000 0.02310000 -0.32860000
vn -0.00000000 1.00000000 -0.00000000
vn -0.93270000 -0.02310000 -0.36000000
vn -0.89190000 0.02320000 -0.45160000
vn -0.00000000 1.00000000 -0.00000000
vn -0.94420000 0.02310000 -0.32860000
vn -0.89190000 0.02320000 -0.45160000
vn -0.00000000 1.00000000 -0.00000000
vn -0.87630000 -0.02320000 -0.48120000
vn -0.82350000 0.02320000 -0.56690000
vn -0.00000000 1.00000000 -0.00000000
vn -0.89190000 0.02320000 -0.45160000
vn -0.82370000 0.02320000 -0.56660000
vn -0.00000000 1.00000000 -0.00000000
vn -0.82350000 0.02320000 -0.56690000
vn -0.00000000 1.00000000 -0.00000000
vn -0.74080000 0.02310000 -0.67130000
vn -0.82370000 0.02320000 -0.56660000
vn -0.80420000 -0.02310000 -0.59390000
vn -0.00000000 1.00000000 -0.00000000
vn -0.74070000 0.02310000 -0.67140000
vn -0.74080000 0.02310000 -0.67130000
vn -0.00000000 1.00000000 -0.00000000
vn -0.71790000 -0.02300000 -0.69570000
vn -0.74070000 0.02310000 -0.67140000
vn -0.64500000 0.02310000 -0.76380000
vn -0.64500000 0.02310000 -0.76380000
vn -0.00000000 1.00000000 -0.00000000
vn -0.64460000 0.02310000 -0.76420000
vn -0.64460000 0.02310000 -0.76420000
vn -0.00000000 1.00000000 -0.00000000
vn -0.61870000 -0.02320000 -0.78530000
vn -0.53740000 0.02290000 -0.84300000
vn -0.53740000 0.02290000 -0.84300000
vn -0.53700000 0.02290000 -0.84330000
vn -0.00000000 1.00000000 -0.00000000
vn -0.50880000 -0.02310000 -0.86060000
vn -0.53700000 0.02290000 -0.84330000
vn -0.42040000 0.02300000 -0.90710000
vn -0.00000000 1.00000000 -0.00000000
vn -0.42040000 0.02300000 -0.90710000
vn -0.42000000 0.02300000 -0.90730000
vn -0.00000000 1.00000000 -0.00000000
vn -0.29550000 0.02300000 -0.95510000
vn -0.42000000 0.02300000 -0.90730000
vn -0.38960000 -0.02320000 -0.92070000
vn -0.00000000 1.00000000 -0.00000000
vn -0.00000000 1.00000000 -0.00000000
vn -0.29550000 0.02300000 -0.95510000
vn -0.16620000 0.02310000 -0.98580000
vn -0.26380000 -0.02300000 -0.96430000
vn -0.29550000 0.02300000 -0.95510000
vn -0.00000000 1.00000000 -0.00000000
vn -0.00000000 1.00000000 -0.00000000
vn -0.16620000 0.02310000 -0.98580000
vn -0.16590000 0.02310000 -0.98590000
vn -0.16590000 0.02310000 -0.98590000
vn -0.00000000 1.00000000 -0.00000000
vn -0.03300000 0.02320000 -0.99920000
vn -0.13300000 -0.02310000 -0.99090000
vn -0.03340000 0.02320000 -0.99920000
vn -0.03300000 0.02320000 -0.99920000
vn -0.00000000 1.00000000 -0.00000000
vn -0.03340000 0.02320000 -0.99920000
vn 0.10030000 0.02330000 -0.99470000
vn -0.00000000 1.00000000 -0.00000000
vn -0.00000000 -0.02320000 -0.99970000
vn 0.10030000 0.02330000 -0.99470000
vn -0.00000000 1.00000000 -0.00000000
vn 0.09990000 0.02330000 -0.99470000
vn 0.13290000 -0.02280000 -0.99090000
vn -0.00000000 1.00000000 -0.00000000
vn 0.23130000 0.02340000 -0.97260000
vn 0.09990000 0.02330000 -0.99470000
vn -0.00000000 1.00000000 -0.00000000
vn 0.23120000 0.02340000 -0.97260000
vn 0.23130000 0.02340000 -0.97260000
vn 0.23120000 0.02340000 -0.97260000
vn -0.00000000 1.00000000 -0.00000000
vn 0.35880000 0.02310000 -0.93310000
vn 0.26370000 -0.02310000 -0.96430000
vn 0.35860000 0.02310000 -0.93320000
vn 0.35880000 0.02310000 -0.93310000
vn -0.00000000 1.00000000 -0.00000000
vn 0.35860000 0.02310000 -0.93320000
vn 0.38950000 -0.02320000 -0.92070000
vn -0.00000000 1.00000000 -0.00000000
vn 0.48000000 0.02320000 -0.87700000
vn -0.00000000 1.00000000 -0.00000000
vn 0.48000000 0.02320000 -0.87700000
vn 0.47950000 0.02330000 -0.87720000
vn -0.00000000 1.00000000 -0.00000000
vn 0.50870000 -0.02330000 -0.86060000
vn 0.47950000 0.02330000 -0.87720000
vn 0.59230000 0.02300000 -0.80540000
vn -0.00000000 1.00000000 -0.00000000
vn 0.59230000 0.02300000 -0.80540000
vn 0.59220000 0.02290000 -0.80550000
vn 0.69450000 0.02330000 -0.71920000
vn 0.61880000 -0.02320000 -0.78520000
vn -0.00000000 1.00000000 -0.00000000
vn 0.59220000 0.02290000 -0.80550000
vn 0.69420000 0.02320000 -0.71940000
vn 0.69450000 0.02330000 -0.71920000
vn -0.00000000 1.00000000 -0.00000000
vn 0.69420000 0.02320000 -0.71940000
vn -0.00000000 1.00000000 -0.00000000
vn 0.71790000 -0.02320000 -0.69580000
vn 0.78420000 0.02320000 -0.62010000
vn 0.78420000 0.02320000 -0.62010000
vn 0.78390000 0.02320000 -0.62040000
vn -0.00000000 1.00000000 -0.00000000
vn -0.00000000 1.00000000 -0.00000000
vn 0.85970000 0.02330000 -0.51020000
vn 0.80420000 -0.02310000 -0.59390000
vn 0.78390000 0.02320000 -0.62040000
vn -0.00000000 1.00000000 -0.00000000
vn 0.85960000 0.02320000 -0.51040000
vn 0.85970000 0.02330000 -0.51020000
vn 0.87630000 -0.02330000 -0.48120000
vn -0.00000000 1.00000000 -0.00000000
vn 0.85960000 0.02320000 -0.51040000
vn 0.92010000 0.02300000 -0.39100000
vn -0.00000000 1.00000000 -0.00000000
vn 0.92010000 0.02300000 -0.39100000
vn 0.93260000 -0.02310000 -0.36010000
vn -0.00000000 1.00000000 -0.00000000
vn 0.96410000 0.02320000 -0.26450000
vn 0.92010000 0.02300000 -0.39100000
vn 0.96410000 0.02320000 -0.26450000
vn 0.96410000 0.02330000 -0.26470000
vn -0.00000000 1.00000000 -0.00000000
vn -0.00000000 1.00000000 -0.00000000
vn 0.97240000 -0.02320000 -0.23220000
vn 0.99080000 0.02310000 -0.13360000
vn 0.96410000 0.02330000 -0.26470000
vn 0.99080000 0.02300000 -0.13350000
vn 0.99080000 0.02310000 -0.13360000
vn -0.00000000 1.00000000 -0.00000000
vn 0.99080000 0.02300000 -0.13350000
vn 0.99970000 0.02300000 -0.00000000
vn -0.00000000 1.00000000 -0.00000000
vn 0.99470000 -0.02310000 -0.10030000
vn -0.00000000 1.00000000 -0.00000000
vn 0.99970000 0.02310000 -0.00000000
vn 0.99970000 0.02300000 -0.00000000
vn 0.99080000 0.02310000 0.13350000
vn 0.99920000 -0.02320000 0.03350000
vn 0.99970000 0.02310000 -0.00000000
vn -0.00000000 1.00000000 -0.00000000
vn -0.00000000 1.00000000 -0.00000000
vn 0.99080000 0.02310000 0.13350000
vn 0.99080000 0.02300000 0.13350000
vn 0.96410000 0.02310000 0.26460000
vn -0.00000000 1.00000000 -0.00000000
vn 0.99080000 0.02300000 0.13350000
vn 0.98580000 -0.02320000 0.16660000
vn -0.00000000 1.00000000 -0.00000000
vn 0.96410000 0.02310000 0.26470000
vn 0.96410000 0.02310000 0.26460000
vn 0.92010000 0.02320000 0.39090000
vn 0.96410000 0.02310000 0.26470000
vn -0.00000000 1.00000000 -0.00000000
vn 0.95470000 -0.02320000 0.29670000
vn 0.92010000 0.02320000 0.39100000
vn -0.00000000 1.00000000 -0.00000000
vn 0.92010000 0.02320000 0.39090000
vn 0.85980000 0.02310000 0.51020000
vn -0.00000000 1.00000000 -0.00000000
vn 0.92010000 0.02320000 0.39100000
vn 0.90650000 -0.02310000 0.42160000
vn -0.00000000 1.00000000 -0.00000000
vn 0.85980000 0.02310000 0.51020000
vn 0.85970000 0.02310000 0.51030000
vn 0.85970000 0.02310000 0.51030000
vn 0.84220000 -0.02300000 0.53870000
vn 0.78400000 0.02320000 0.62030000
vn -0.00000000 1.00000000 -0.00000000
vn 0.78400000 0.02320000 0.62030000
vn -0.00000000 1.00000000 -0.00000000
vn 0.78390000 0.02310000 0.62040000
vn 0.69460000 0.02290000 0.71900000
vn -0.00000000 1.00000000 -0.00000000
vn 0.76270000 -0.02320000 0.64630000
vn 0.78390000 0.02310000 0.62040000
vn -0.00000000 1.00000000 -0.00000000
vn 0.69460000 0.02290000 0.71900000
vn 0.69410000 0.02300000 0.71950000
vn 0.66990000 -0.02310000 0.74210000
vn -0.00000000 1.00000000 -0.00000000
vn 0.59210000 0.02330000 0.80550000
vn 0.69410000 0.02300000 0.71950000
vn -0.00000000 1.00000000 -0.00000000
vn 0.59230000 0.02330000 0.80540000
vn 0.59210000 0.02330000 0.80550000
vn 0.47950000 0.02330000 0.87730000
vn -0.00000000 1.00000000 -0.00000000
vn 0.59230000 0.02330000 0.80540000
vn 0.56490000 -0.02310000 0.82480000
vn -0.00000000 1.00000000 -0.00000000
vn 0.47950000 0.02330000 0.87730000
vn 0.47970000 0.02320000 0.87710000
vn 0.35820000 0.02320000 0.93340000
vn 0.47970000 0.02320000 0.87710000
vn -0.00000000 1.00000000 -0.00000000
vn 0.45010000 -0.02330000 0.89270000
vn 0.35820000 0.02320000 0.93340000
vn 0.35870000 0.02320000 0.93320000
vn -0.00000000 1.00000000 -0.00000000
vn 0.32730000 -0.02320000 0.94460000
vn -0.00000000 1.00000000 -0.00000000
vn 0.35870000 0.02320000 0.93320000
vn 0.23150000 0.02300000 0.97260000
vn 0.23150000 0.02300000 0.97260000
vn 0.23110000 0.02300000 0.97270000
vn -0.00000000 1.00000000 -0.00000000
vn 0.19870000 -0.02300000 0.97980000
vn 0.23110000 0.02300000 0.97270000
vn 0.10070000 0.02290000 0.99470000
vn -0.00000000 1.00000000 -0.00000000
vn 0.10070000 0.02290000 0.99470000
vn 0.09980000 0.02290000 0.99470000
vn -0.00000000 1.00000000 -0.00000000
vn 0.09980000 0.02290000 0.99470000
vn 0.06660000 -0.02330000 0.99750000
vn -0.00000000 1.00000000 -0.00000000
vn -0.03380000 0.02320000 0.99920000
vn -0.00000000 -0.20510000 -0.97870000
vn 0.00670000 -0.22660000 -0.97400000
vn 1.00000000 -0.00000000 -0.00000000
vn -0.19040000 -0.00000000 -0.98170000
vn -0.00000000 -0.26030000 -0.96550000
vn -1.00000000 -0.00000000 -0.00000000
vn -0.19040000 -0.00000000 -0.98170000
vn -0.00000000 -1.00000000 -0.00000000
vn 1.00000000 -0.00000000 -0.00000000
vn -0.19040000 -0.00000000 -0.98170000
vn 0.38210000 -0.00000000 -0.92410000
vn 0.38200000 -0.00000000 -0.92420000
vn -0.00000000 -1.00000000 -0.00000000
vn -0.00000000 -0.20510000 -0.97870000
vn -1.00000000 -0.00000000 -0.00000000
vn -0.00000000 -0.11390000 -0.99350000
vn -0.00000000 0.11390000 -0.99350000
vn -1.00000000 -0.00000000 -0.00000000
vn -0.00000000 0.20510000 -0.97870000
vn -0.00000000 -0.00000000 -1.00000000
vn -1.00000000 -0.00000000 -0.00000000
vn -0.00000000 0.11390000 -0.99350000
vn -0.00000000 -0.00000000 -1.00000000
vn -1.00000000 -0.00000000 -0.00000000
vn -0.00000000 -0.11390000 -0.99350000
vn 0.70640000 -0.00000000 -0.70790000
vn -0.00000000 -1.00000000 -0.00000000
vn 0.70630000 -0.00000000 -0.70790000
vn 0.38200000 -0.00000000 -0.92420000
vn 0.38210000 -0.00000000 -0.92410000
vn 0.70630000 -0.00000000 -0.70790000
vn 0.38210000 -0.00000000 -0.92410000
vn -0.00000000 -1.00000000 -0.00000000
vn 0.70630000 -0.00000000 -0.70790000
vn -0.00000000 -1.00000000 -0.00000000
vn 0.70650000 -0.00000000 -0.70770000
vn 0.70640000 -0.00000000 -0.70790000
vn 1.00000000 -0.00000000 -0.00000000
vn 0.70640000 -0.00000000 0.70790000
vn 1.00000000 -0.00000000 -0.00000000
vn 1.00000000 -0.00010000 -0.00000000
vn 1.00000000 -0.00030000 -0.00000000
vn -0.00000000 1.00000000 -0.00000000
vn 1.00000000 -0.00000000 -0.00000000
vn -0.00000000 -0.82550000 0.56440000
vn -0.00000000 -0.88440000 0.46660000
vn -0.00000000 -0.82550000 0.56440000
vn -0.00000000 -0.75570000 0.65490000
vn 1.00000000 -0.00000000 -0.00000000
vn 1.00000000 -0.00010000 -0.00000000
vn 1.00000000 -0.00000000 -0.00000000
vn 0.70650000 -0.00000000 -0.70770000
vn 1.00000000 0.00010000 -0.00000000
vn -0.00000000 1.00000000 -0.00000000
vn -0.00000000 -0.98010000 -0.19860000
vn 1.00000000 -0.00000000 -0.00000000
vn 1.00000000 0.00010000 -0.00000000
vn -0.00000000 -0.95100000 -0.30910000
vn 1.00000000 0.00010000 -0.00000000
vn -0.00000000 -0.99630000 -0.08560000
vn -0.00000000 -0.98010000 -0.19860000
vn 1.00000000 -0.00000000 -0.00000000
vn -0.00000000 -0.93190000 0.36280000
vn -0.00000000 -0.88440000 0.46660000
vn 1.00000000 -0.00000000 -0.00000000
vn -0.00000000 -0.88450000 0.46660000
vn 1.00000000 -0.00000000 -0.00000000
vn -0.00000000 -0.99960000 0.02860000
vn -0.00000000 -0.98980000 0.14230000
vn 1.00000000 -0.00030000 -0.00000000
vn -0.00000000 -0.98980000 0.14230000
vn -0.00000000 -0.96710000 0.25420000
vn 1.00000000 -0.00010000 -0.00000000
vn 1.00000000 -0.00000000 -0.00000000
vn -0.00000000 -0.99960000 0.02860000
vn 1.00000000 -0.00000000 -0.00000000
vn 1.00000000 -0.00030000 -0.00000000
vn -0.00000000 -0.99630000 -0.08560000
vn -0.00000000 -0.95100000 -0.30910000
vn 1.00000000 -0.00000000 -0.00000000
vn -0.00000000 -0.90970000 -0.41540000
vn 1.00000000 -0.00010000 -0.00000000
vn 1.00000000 -0.00000000 -0.00000000
vn -0.00000000 -0.93190000 0.36280000
vn -0.00000000 -0.96710000 0.25420000
vn 1.00000000 -0.00000000 -0.00000000
vn -0.00000000 -0.90970000 -0.41540000
vn -0.00000000 -0.85630000 -0.51640000
vn 1.00000000 -0.00000000 -0.00000000
vn -0.00000000 -0.79190000 -0.61060000
vn -0.00000000 -0.71710000 -0.69700000
vn 1.00000000 -0.00000000 -0.00000000
vn -0.00000000 -0.79190000 -0.61060000
vn -0.00000000 -0.85630000 -0.51640000
vn 1.00000000 -0.00000000 -0.00000000
vn 1.00000000 -0.00010000 -0.00000000
vn -0.00000000 -0.33610000 -0.94180000
vn -0.00000000 -0.44110000 -0.89750000
vn 1.00000000 -0.00000000 -0.00000000
vn -0.00000000 -0.54070000 -0.84120000
vn 1.00000000 -0.00010000 -0.00000000
vn -0.00000000 -0.44110000 -0.89750000
vn -0.00000000 -0.54080000 -0.84120000
vn -0.00000000 -0.54070000 -0.84120000
vn 1.00000000 -0.00000000 -0.00000000
vn -0.00000000 -0.63300000 -0.77410000
vn -0.00000000 -0.63300000 -0.77420000
vn -0.00000000 -0.71710000 -0.69700000
vn 1.00000000 -0.00000000 -0.00000000
vn -0.00000000 -0.63300000 -0.77410000
vn -0.00000000 -0.67630000 0.73670000
vn 1.00000000 -0.00000000 -0.00000000
vn -0.00000000 -0.75570000 0.65490000
vn -0.00000000 -0.67630000 0.73670000
vn -0.00000000 -0.58770000 0.80910000
vn 1.00000000 -0.00000000 -0.00000000
vn 1.00000000 -0.00000000 -0.00000000
vn -0.00000000 -0.33610000 -0.94180000
vn -0.00000000 -0.26030000 -0.96550000
vn 1.00000000 -0.00000000 -0.00000000
vn -0.00000000 -0.49170000 0.87070000
vn -0.00000000 -0.58770000 0.80910000
vn -0.00000000 -0.49170000 0.87070000
vn -0.00000000 -0.38920000 0.92110000
vn 1.00000000 -0.00000000 -0.00000000
vn -0.00000000 -0.28800000 0.95760000
vn -0.00000000 -0.38920000 0.92110000
vn 1.00000000 -0.00000000 -0.00000000
vn 0.92360000 -0.00000000 -0.38340000
vn 0.70650000 -0.00000000 -0.70770000
vn -0.00000000 1.00000000 -0.00000000
vn 0.70640000 -0.00000000 -0.70790000
vn -0.00000000 -1.00000000 -0.00000000
vn 0.92360000 -0.00000000 -0.38340000
vn 0.70650000 -0.00000000 -0.70770000
vn 0.92360000 -0.00000000 0.38340000
vn -0.00000000 -1.00000000 -0.00000000
vn 0.70640000 -0.00000000 0.70790000
vn -0.00000000 1.00000000 -0.00000000
vn 0.70640000 -0.00000000 0.70790000
vn 0.92360000 -0.00000000 0.38340000
vn 0.92360000 -0.00000000 0.38340000
vn -0.00000000 1.00000000 -0.00000000
vn 1.00000000 -0.00000000 -0.00000000
vn 1.00000000 -0.00000000 -0.00000000
vn -0.00000000 1.00000000 -0.00000000
vn 0.92360000 -0.00000000 -0.38340000
vn 1.00000000 -0.00000000 -0.00000000
vn -0.00000000 -1.00000000 -0.00000000
vn 0.92360000 -0.00000000 0.38340000
vn 0.92360000 -0.00000000 -0.38340000
vn -0.00000000 -1.00000000 -0.00000000
vn 1.00000000 -0.00000000 -0.00000000
vn -0.00000000 -0.05720000 0.99840000
vn -0.00000000 -0.17050000 0.98540000
vn 1.00000000 -0.00000000 -0.00000000
vn -0.00000000 0.05720000 0.99840000
vn -0.00000000 -0.05720000 0.99840000
vn 1.00000000 -0.00000000 -0.00000000
vn 0.00280000 -0.28180000 0.95950000
vn -0.00000000 -0.17050000 0.98540000
vn 1.00000000 -0.00000000 -0.00000000
vn -0.00000000 -0.23190000 0.97270000
vn 1.00000000 -0.00000000 -0.00000000
vn 0.00280000 -0.28180000 0.95950000
vn -0.00000000 -0.38920000 0.92110000
vn -0.00000000 -0.28800000 0.95760000
vn 1.00000000 -0.00000000 -0.00000000
vn -0.00000000 -0.38920000 0.92110000
vn -0.00000000 -0.49170000 0.87070000
vn -0.00000000 -0.58770000 0.80910000
vn -0.00000000 -0.49170000 0.87070000
vn 1.00000000 -0.00000000 -0.00000000
vn -0.00000000 -0.67630000 0.73670000
vn 1.00000000 -0.00000000 -0.00000000
vn -0.00000000 -0.58770000 0.80910000
vn 1.00000000 -0.00000000 -0.00000000
vn -0.00000000 -0.75570000 0.65490000
vn -0.00000000 -0.67630000 0.73670000
vn -0.00000000 -0.82550000 0.56440000
vn 1.00000000 -0.00000000 -0.00000000
vn -0.00000000 -0.75570000 0.65490000
vn -0.00000000 -0.88440000 0.46660000
vn -0.00000000 -0.88450000 0.46660000
vn -0.00000000 -0.82550000 0.56440000
vn 1.00000000 -0.00000000 -0.00000000
vn -0.00000000 -0.93190000 0.36280000
vn 1.00000000 -0.00000000 -0.00000000
vn -0.00000000 -0.88450000 0.46660000
vn -0.00000000 -0.96710000 0.25420000
vn -0.00000000 -0.93190000 0.36280000
vn 1.00000000 -0.00000000 -0.00000000
vn -0.00000000 -0.98980000 0.14230000
vn 1.00000000 -0.00000000 -0.00000000
vn -0.00000000 -0.96710000 0.25420000
vn -0.00000000 -0.99960000 0.02860000
vn -0.00000000 -0.98980000 0.14230000
vn 1.00000000 -0.00000000 -0.00000000
vn -0.00000000 -0.99960000 0.02860000
vn 1.00000000 -0.00000000 -0.00000000
vn -0.00000000 -0.99630000 -0.08560000
vn -0.00000000 -0.99630000 -0.08560000
vn 1.00000000 -0.00000000 -0.00000000
vn -0.00000000 -0.98010000 -0.19860000
vn -0.00000000 -0.95100000 -0.30910000
vn 1.00000000 -0.00000000 -0.00000000
vn -0.00000000 -0.98010000 -0.19860000
vn -0.00000000 -0.90970000 -0.41540000
vn -0.00000000 -0.95100000 -0.30910000
vn 1.00000000 -0.00000000 -0.00000000
vn -0.00000000 -0.85630000 -0.51640000
vn 1.00000000 -0.00000000 -0.00000000
vn -0.00000000 -0.90970000 -0.41540000
vn -0.00000000 -0.85630000 -0.51640000
vn -0.00000000 -0.79190000 -0.61060000
vn 1.00000000 -0.00000000 -0.00000000
vn -0.00000000 -0.79190000 -0.61060000
vn 1.00000000 -0.00000000 -0.00000000
vn -0.00000000 -0.71710000 -0.69700000
vn 1.00000000 -0.00000000 -0.00000000
vn -0.00000000 -0.63300000 -0.77420000
vn -0.00000000 -0.71710000 -0.69700000
vn -0.00000000 -0.63300000 -0.77410000
vn -0.00000000 -0.54080000 -0.84120000
vn -0.00000000 -0.54070000 -0.84120000
vn 1.00000000 -0.00000000 -0.00000000
vn -0.00000000 -0.63300000 -0.77420000
vn -0.00000000 -0.44110000 -0.89750000
vn -0.00000000 -0.54080000 -0.84120000
vn 1.00000000 -0.00000000 -0.00000000
vn -0.00000000 -0.44110000 -0.89750000
vn 1.00000000 -0.00000000 -0.00000000
vn -0.00000000 -0.33610000 -0.94180000
vn 0.00670000 -0.22660000 -0.97400000
vn -0.00000000 -0.33610000 -0.94180000
vn -0.00000000 -0.26030000 -0.96550000
vn 1.00000000 -0.00000000 -0.00000000
vn -0.00000000 -0.11390000 -0.99350000
vn 0.00670000 -0.22660000 -0.97400000
vn 1.00000000 -0.00000000 -0.00000000
vn -0.00000000 -0.20510000 -0.97870000
vn 1.00000000 -0.00000000 -0.00000000
vn -0.00000000 -0.11390000 -0.99350000
vn -0.00000000 -0.00000000 -1.00000000
vn -0.00000000 -0.00000000 -1.00000000
vn -0.00000000 0.11390000 -0.99350000
vn 1.00000000 -0.00000000 -0.00000000
vn -0.00000000 0.20510000 -0.97870000
vn 1.00000000 -0.00000000 -0.00000000
vn -0.00000000 0.11390000 -0.99350000
vn 0.00660000 0.22660000 -0.97400000
vn 0.00660000 0.22660000 -0.97400000
vn -0.00000000 0.33610000 -0.94180000
vn 1.00000000 -0.00000000 -0.00000000
vn -0.00000000 0.26030000 -0.96550000
vn 1.00000000 -0.00000000 -0.00000000
vn -0.00000000 0.44110000 -0.89750000
vn -0.00000000 0.33610000 -0.94180000
vn -0.00000000 0.54080000 -0.84120000
vn -0.00000000 0.44110000 -0.89750000
vn 1.00000000 -0.00000000 -0.00000000
vn -0.00000000 0.63300000 -0.77420000
vn -0.00000000 0.54080000 -0.84120000
vn -0.00000000 0.63300000 -0.77410000
vn 1.00000000 -0.00000000 -0.00000000
vn 1.00000000 -0.00000000 -0.00000000
vn -0.00000000 0.63300000 -0.77420000
vn -0.00000000 0.71710000 -0.69700000
vn -0.00000000 0.71710000 -0.69700000
vn -0.00000000 0.79190000 -0.61060000
vn 1.00000000 -0.00000000 -0.00000000
vn 1.00000000 -0.00000000 -0.00000000
vn -0.00000000 0.79190000 -0.61060000
vn -0.00000000 0.85630000 -0.51640000
vn 1.00000000 -0.00000000 -0.00000000
vn -0.00000000 0.90970000 -0.41540000
vn -0.00000000 0.85630000 -0.51640000
vn 1.00000000 -0.00000000 -0.00000000
vn -0.00000000 0.90970000 -0.41540000
vn -0.00000000 0.95100000 -0.30910000
vn 1.00000000 -0.00000000 -0.00000000
vn -0.00000000 0.95100000 -0.30910000
vn -0.00000000 0.98010000 -0.19860000
vn -0.00000000 0.98010000 -0.19860000
vn -0.00000000 0.99630000 -0.08560000
vn 1.00000000 -0.00000000 -0.00000000
vn -0.00000000 0.99630000 -0.08560000
vn -0.00000000 0.99960000 0.02860000
vn 1.00000000 -0.00000000 -0.00000000
vn -0.00000000 0.99960000 0.02860000
vn -0.00000000 0.98980000 0.14230000
vn 1.00000000 -0.00000000 -0.00000000
vn 1.00000000 -0.00000000 -0.00000000
vn -0.00000000 0.98980000 0.14230000
vn -0.00000000 0.96710000 0.25420000
vn -0.00000000 0.96710000 0.25420000
vn -0.00000000 0.93190000 0.36280000
vn 1.00000000 -0.00000000 -0.00000000
vn -0.00000000 0.88440000 0.46660000
vn -0.00000000 0.93190000 0.36280000
vn 1.00000000 -0.00000000 -0.00000000
vn -0.00000000 0.88450000 0.46660000
vn 1.00000000 -0.00000000 -0.00000000
vn -0.00000000 0.82550000 0.56440000
vn -0.00000000 0.88450000 0.46660000
vn -0.00000000 0.82550000 0.56440000
vn -0.00000000 0.75570000 0.65490000
vn 1.00000000 -0.00000000 -0.00000000
vn -0.00000000 0.75570000 0.65490000
vn -0.00000000 0.67630000 0.73670000
vn 1.00000000 -0.00000000 -0.00000000
vn 1.00000000 -0.00000000 -0.00000000
vn -0.00000000 0.58770000 0.80910000
vn -0.00000000 0.67630000 0.73670000
vn -0.00000000 0.58770000 0.80910000
vn 1.00000000 -0.00000000 -0.00000000
vn -0.00000000 0.49170000 0.87070000
vn 1.00000000 -0.00000000 -0.00000000
vn -0.00000000 0.49170000 0.87070000
vn -0.00000000 0.38920000 0.92110000
vn -0.00000000 0.28800000 0.95760000
vn 0.00280000 0.28180000 0.95950000
vn 1.00000000 -0.00000000 -0.00000000
vn -0.00000000 0.38920000 0.92110000
vn 0.00280000 0.28180000 0.95950000
vn -0.00000000 0.17050000 0.98540000
vn -0.00000000 0.23190000 0.97270000
vn 1.00000000 -0.00000000 -0.00000000
vn 1.00000000 -0.00000000 -0.00000000
vn -0.00000000 0.05720000 0.99840000
vn -0.00000000 0.17050000 0.98540000
vn -0.00000000 -0.99950000 -0.03200000
vn 1.00000000 -0.00000000 -0.00000000
vn -0.00000000 -0.98720000 -0.15960000
vn -0.00000000 -0.99950000 -0.03210000
vn -0.00000000 0.91440000 -0.40480000
vn 1.00000000 -0.00000000 -0.00000000
vn -0.00000000 0.95870000 -0.28460000
vn -0.00000000 0.85520000 -0.51830000
vn -0.00000000 0.91440000 -0.40480000
vn 1.00000000 -0.00000000 -0.00000000
vn 1.00000000 -0.00000000 -0.00000000
vn -0.00000000 0.98720000 -0.15960000
vn -0.00000000 0.95870000 -0.28460000
vn -0.00000000 -0.31510000 0.94910000
vn -0.00000000 -0.43390000 0.90100000
vn 1.00000000 -0.00000000 -0.00000000
vn 1.00000000 -0.00000000 -0.00000000
vn -0.00000000 -0.19130000 0.98150000
vn -0.00000000 -0.31510000 0.94910000
vn -0.00000000 -0.54550000 0.83810000
vn 1.00000000 -0.00000000 -0.00000000
vn -0.00000000 -0.43390000 0.90100000
vn 1.00000000 -0.00000000 -0.00000000
vn -0.00000000 -0.99950000 -0.03200000
vn -0.00000000 -0.99540000 0.09600000
vn -0.00000000 -0.98720000 -0.15960000
vn -0.00000000 -0.95870000 -0.28460000
vn 1.00000000 -0.00000000 -0.00000000
vn -0.00000000 0.98720000 -0.15960000
vn -0.00000000 0.99950000 -0.03210000
vn 1.00000000 -0.00000000 -0.00000000
vn -0.00000000 0.99540000 0.09600000
vn -0.00000000 0.99950000 -0.03210000
vn 1.00000000 -0.00000000 -0.00000000
vn -0.00000000 0.99950000 -0.03200000
vn -0.00000000 0.97490000 0.22250000
vn 1.00000000 -0.00000000 -0.00000000
vn -0.00000000 0.99540000 0.09600000
vn -0.00000000 0.97490000 0.22250000
vn 1.00000000 -0.00000000 -0.00000000
vn -0.00000000 0.93850000 0.34540000
vn -0.00000000 0.93850000 0.34540000
vn 1.00000000 -0.00000000 -0.00000000
vn -0.00000000 0.88660000 0.46250000
vn 1.00000000 -0.00000000 -0.00000000
vn -0.00000000 0.88660000 0.46250000
vn -0.00000000 0.82020000 0.57210000
vn 1.00000000 -0.00000000 -0.00000000
vn -0.00000000 0.43390000 0.90100000
vn -0.00000000 0.31510000 0.94910000
vn 1.00000000 -0.00000000 -0.00000000
vn -0.00000000 0.31510000 0.94910000
vn -0.00000000 0.19130000 0.98150000
vn 1.00000000 -0.00000000 -0.00000000
vn -0.00000000 0.06410000 0.99790000
vn -0.00000000 -0.06410000 0.99790000
vn -0.00000000 -0.06410000 0.99790000
vn -0.00000000 -0.19130000 0.98150000
vn 1.00000000 -0.00000000 -0.00000000
vn -0.00000000 -0.95870000 -0.28460000
vn -0.00000000 -0.91440000 -0.40480000
vn 1.00000000 -0.00000000 -0.00000000
vn 1.00000000 -0.00000000 -0.00000000
vn -0.00000000 -0.91440000 -0.40480000
vn -0.00000000 -0.85520000 -0.51830000
vn 1.00000000 -0.00000000 -0.00000000
vn -0.00000000 -0.85520000 -0.51830000
vn -0.00000000 -0.78180000 -0.62360000
vn 1.00000000 -0.00000000 -0.00000000
vn -0.00000000 0.43390000 0.90100000
vn -0.00000000 0.54550000 0.83810000
vn -0.00000000 0.54550000 0.83810000
vn -0.00000000 0.64820000 0.76150000
vn -0.00000000 0.64820000 0.76140000
vn 1.00000000 -0.00000000 -0.00000000
vn -0.00000000 0.06410000 0.99790000
vn -0.00000000 0.19130000 0.98150000
vn 1.00000000 -0.00000000 -0.00000000
vn 1.00000000 -0.00000000 -0.00000000
vn -0.00000000 -0.74030000 0.67230000
vn -0.00000000 -0.82020000 0.57210000
vn -0.00000000 -0.82020000 0.57210000
vn -0.00000000 -0.88660000 0.46250000
vn 1.00000000 -0.00000000 -0.00000000
vn -0.00000000 -0.88660000 0.46250000
vn -0.00000000 -0.93850000 0.34540000
vn 1.00000000 -0.00000000 -0.00000000
vn -0.00000000 -0.97490000 0.22250000
vn -0.00000000 -0.93850000 0.34540000
vn 1.00000000 -0.00000000 -0.00000000
vn 1.00000000 -0.00000000 -0.00000000
vn -0.00000000 -0.99540000 0.09600000
vn -0.00000000 -0.97490000 0.22250000
vn -0.00000000 -0.49070000 -0.87130000
vn -0.00000000 -0.37540000 -0.92690000
vn 1.00000000 -0.00000000 -0.00000000
vn -0.00000000 0.59810000 -0.80140000
vn -0.00000000 0.49070000 -0.87130000
vn 1.00000000 -0.00000000 -0.00000000
vn 1.00000000 -0.00000000 -0.00000000
vn -0.00000000 0.49070000 -0.87130000
vn -0.00000000 0.37540000 -0.92690000
vn 1.00000000 -0.00000000 -0.00000000
vn -0.00000000 0.74030000 0.67230000
vn -0.00000000 0.82020000 0.57210000
vn -0.00000000 0.64820000 0.76150000
vn -0.00000000 0.74030000 0.67230000
vn 1.00000000 -0.00000000 -0.00000000
vn -0.00000000 -0.54550000 0.83810000
vn 1.00000000 -0.00000000 -0.00000000
vn -0.00000000 -0.64820000 0.76150000
vn 1.00000000 -0.00000000 -0.00000000
vn -0.00000000 -0.69570000 -0.71840000
vn -0.00000000 -0.78180000 -0.62360000
vn -0.00000000 -0.69570000 -0.71840000
vn -0.00000000 -0.59810000 -0.80140000
vn 1.00000000 -0.00000000 -0.00000000
vn 1.00000000 -0.00000000 -0.00000000
vn -0.00000000 -0.49070000 -0.87130000
vn -0.00000000 -0.59810000 -0.80140000
vn 1.00000000 -0.00000000 -0.00000000
vn -0.00000000 0.69570000 -0.71840000
vn -0.00000000 0.59810000 -0.80140000
vn -0.00000000 0.78180000 -0.62360000
vn 1.00000000 -0.00000000 -0.00000000
vn -0.00000000 0.85520000 -0.51830000
vn -0.00000000 -0.74030000 0.67230000
vn -0.00000000 -0.64820000 0.76150000
vn 1.00000000 -0.00000000 -0.00000000
vn -0.00000000 -0.64820000 0.76140000
vn -0.00000000 0.78180000 -0.62360000
vn 1.00000000 -0.00000000 -0.00000000
vn -0.00000000 0.69570000 -0.71840000
vn -0.00000000 -0.37540000 -0.92690000
vn 1.00000000 -0.00000000 -0.00000000
vn -0.00000000 -0.25370000 -0.96730000
vn -0.00000000 -0.25370000 -0.96730000
vn 1.00000000 -0.00000000 -0.00000000
vn -0.00000000 -0.12780000 -0.99180000
vn -0.00000000 0.25370000 -0.96730000
vn -0.00000000 0.37540000 -0.92690000
vn 1.00000000 -0.00000000 -0.00000000
vn -0.00000000 0.25370000 -0.96730000
vn 1.00000000 -0.00000000 -0.00000000
vn -0.00000000 0.12780000 -0.99180000
vn -0.00000000 -0.12780000 -0.99180000
vn 1.00000000 -0.00000000 -0.00000000
vn -0.00000000 -0.03200000 -0.99950000
vn -0.00000000 -0.03200000 -0.99950000
vn 1.00000000 -0.00000000 -0.00000000
vn -0.00000000 0.03200000 -0.99950000
vn -0.00000000 0.12780000 -0.99180000
vn -0.00000000 0.03200000 -0.99950000
vn 1.00000000 -0.00000000 -0.00000000
vn 1.00000000 -0.00000000 -0.00000000
vn -0.00000000 -0.19130000 0.98150000
vn -0.00000000 -0.06410000 0.99790000
vn -0.00000000 0.06410000 0.99790000
vn -0.00000000 -0.06410000 0.99790000
vn 1.00000000 -0.00000000 -0.00000000
vn -0.00000000 -0.31510000 0.94910000
vn 1.00000000 -0.00000000 -0.00000000
vn -0.00000000 -0.19130000 0.98150000
vn 1.00000000 -0.00000000 -0.00000000
vn -0.00000000 -0.43390000 0.90100000
vn -0.00000000 -0.31510000 0.94910000
vn -0.00000000 -0.54550000 0.83810000
vn 1.00000000 -0.00000000 -0.00000000
vn -0.00000000 -0.43390000 0.90100000
vn 1.00000000 -0.00010000 -0.00000000
vn 1.00000000 -0.00000000 -0.00000000
vn -0.00000000 -0.54550000 0.83810000
vn -0.00000000 -0.64820000 0.76150000
vn -0.00000000 -0.64820000 0.76140000
vn 1.00000000 -0.00000000 -0.00000000
vn -0.00000000 -0.64820000 0.76140000
vn -0.00000000 -0.74030000 0.67230000
vn 1.00000000 -0.00000000 -0.00000000
vn -0.00000000 -0.74030000 0.67230000
vn -0.00000000 -0.82020000 0.57210000
vn 1.00000000 -0.00010000 -0.00000000
vn 1.00000000 -0.00000000 -0.00000000
vn -0.00000000 -0.82020000 0.57210000
vn -0.00000000 -0.88660000 0.46250000
vn 1.00000000 -0.00010000 -0.00000000
vn -0.00000000 -0.93850000 0.34540000
vn 1.00000000 0.00010000 -0.00000000
vn -0.00000000 -0.88660000 0.46250000
vn -0.00000000 -0.97490000 0.22250000
vn 1.00000000 -0.00000000 -0.00000000
vn -0.00000000 -0.93850000 0.34540000
vn 1.00000000 0.00010000 -0.00000000
vn 1.00000000 -0.00010000 -0.00000000
vn -0.00000000 -0.97490000 0.22250000
vn -0.00000000 -0.99540000 0.09600000
vn 1.00000000 -0.00000000 -0.00000000
vn 1.00000000 -0.00010000 -0.00000000
vn -0.00000000 -0.99950000 -0.03200000
vn -0.00000000 -0.99540000 0.09600000
vn 1.00000000 0.00010000 -0.00000000
vn -0.00000000 -0.99950000 -0.03210000
vn 1.00000000 0.00010000 -0.00000000
vn -0.00000000 -0.99950000 -0.03210000
vn 1.00000000 -0.00010000 -0.00000000
vn -0.00000000 -0.98720000 -0.15960000
vn 1.00000000 -0.00010000 -0.00000000
vn 1.00000000 -0.00000000 -0.00000000
vn -0.00000000 -0.95870000 -0.28460000
vn -0.00000000 -0.98720000 -0.15960000
vn -0.00000000 -0.95870000 -0.28460000
vn 1.00000000 -0.00000000 -0.00000000
vn -0.00000000 -0.91440000 -0.40480000
vn 1.00000000 0.00010000 -0.00000000
vn -0.00000000 -0.85520000 -0.51830000
vn 1.00000000 -0.00010000 -0.00000000
vn -0.00000000 -0.91440000 -0.40480000
vn 1.00000000 -0.00000000 -0.00000000
vn -0.00000000 -0.85520000 -0.51830000
vn 1.00000000 -0.00000000 -0.00000000
vn -0.00000000 -0.78180000 -0.62360000
vn 1.00000000 -0.00000000 -0.00000000
vn -0.00000000 -0.69570000 -0.71840000
vn -0.00000000 -0.78180000 -0.62360000
vn -0.00000000 -0.69570000 -0.71840000
vn -0.00000000 -0.59810000 -0.80140000
vn 1.00000000 -0.00000000 -0.00000000
vn -0.00000000 -0.59810000 -0.80140000
vn -0.00000000 -0.49070000 -0.87130000
vn 1.00000000 -0.00000000 -0.00000000
vn 1.00000000 -0.00010000 -0.00000000
vn -0.00000000 -0.37540000 -0.92690000
vn 1.00000000 -0.00000000 -0.00000000
vn -0.00000000 -0.49070000 -0.87130000
vn 1.00000000 -0.00010000 -0.00000000
vn -0.00000000 -0.37540000 -0.92690000
vn -0.00000000 -0.25370000 -0.96730000
vn 1.00000000 -0.00000000 -0.00000000
vn -0.00000000 -0.12780000 -0.99180000
vn -0.00000000 -0.25370000 -0.96730000
vn 1.00000000 -0.00000000 -0.00000000
vn -0.00000000 -0.03200000 -0.99950000
vn 1.00000000 -0.00000000 -0.00000000
vn -0.00000000 -0.12780000 -0.99180000
vn 1.00000000 -0.00000000 -0.00000000
vn -0.00000000 0.12780000 -0.99180000
vn -0.00000000 0.03200000 -0.99950000
vn 1.00000000 -0.00000000 -0.00000000
vn -0.00000000 0.03200000 -0.99950000
vn -0.00000000 -0.03200000 -0.99950000
vn -0.00000000 0.12780000 -0.99180000
vn -0.00000000 0.25370000 -0.96730000
vn 1.00000000 -0.00000000 -0.00000000
vn 1.00000000 -0.00000000 -0.00000000
vn -0.00000000 0.37540000 -0.92690000
vn -0.00000000 0.25370000 -0.96730000
vn -0.00000000 0.49070000 -0.87130000
vn -0.00000000 0.37540000 -0.92690000
vn 1.00000000 -0.00000000 -0.00000000
vn 1.00000000 0.00010000 -0.00000000
vn -0.00000000 0.59810000 -0.80140000
vn 1.00000000 -0.00010000 -0.00000000
vn 1.00000000 0.00010000 -0.00000000
vn -0.00000000 0.49070000 -0.87130000
vn 1.00000000 -0.00000000 -0.00000000
vn -0.00000000 0.69570000 -0.71840000
vn 1.00000000 -0.00000000 -0.00000000
vn -0.00000000 0.59810000 -0.80140000
vn 1.00000000 -0.00000000 -0.00000000
vn -0.00000000 0.69570000 -0.71840000
vn -0.00000000 0.78180000 -0.62360000
vn 1.00000000 -0.00000000 -0.00000000
vn -0.00000000 0.85520000 -0.51830000
vn -0.00000000 0.78180000 -0.62360000
vn 1.00000000 -0.00000000 -0.00000000
vn -0.00000000 0.85520000 -0.51830000
vn -0.00000000 0.91440000 -0.40480000
vn -0.00000000 0.95870000 -0.28460000
vn 1.00000000 -0.00010000 -0.00000000
vn 1.00000000 -0.00000000 -0.00000000
vn -0.00000000 0.91440000 -0.40480000
vn 1.00000000 0.00010000 -0.00000000
vn -0.00000000 0.98720000 -0.15960000
vn -0.00000000 0.95870000 -0.28460000
vn 1.00000000 -0.00010000 -0.00000000
vn 1.00000000 0.00010000 -0.00000000
vn 1.00000000 -0.00000000 -0.00000000
vn -0.00000000 0.98720000 -0.15960000
vn -0.00000000 0.99950000 -0.03210000
vn -0.00000000 0.99950000 -0.03200000
vn 1.00000000 -0.00000000 -0.00000000
vn -0.00000000 0.99950000 -0.03200000
vn -0.00000000 0.99540000 0.09600000
vn -0.00000000 0.99540000 0.09600000
vn 1.00000000 -0.00000000 -0.00000000
vn -0.00000000 0.97490000 0.22250000
vn 1.00000000 0.00010000 -0.00000000
vn 1.00000000 -0.00010000 -0.00000000
vn -0.00000000 0.97490000 0.22250000
vn 1.00000000 -0.00000000 -0.00000000
vn -0.00000000 0.93850000 0.34540000
vn -0.00000000 0.93850000 0.34540000
vn -0.00000000 0.88660000 0.46250000
vn 1.00000000 -0.00000000 -0.00000000
vn 1.00000000 -0.00000000 -0.00000000
vn -0.00000000 0.88660000 0.46250000
vn -0.00000000 0.82020000 0.57210000
vn -0.00000000 0.82020000 0.57210000
vn 1.00000000 -0.00000000 -0.00000000
vn -0.00000000 0.74030000 0.67230000
vn -0.00000000 0.74030000 0.67230000
vn 1.00000000 -0.00000000 -0.00000000
vn 1.00000000 -0.00010000 -0.00000000
vn -0.00000000 0.64820000 0.76150000
vn -0.00000000 0.64820000 0.76140000
vn -0.00000000 0.64820000 0.76140000
vn -0.00000000 0.54550000 0.83810000
vn 1.00000000 -0.00010000 -0.00000000
vn 1.00000000 -0.00000000 -0.00000000
vn 1.00000000 0.00010000 -0.00000000
vn -0.00000000 0.43390000 0.90100000
vn -0.00000000 0.54550000 0.83810000
vn 1.00000000 -0.00000000 -0.00000000
vn 1.00000000 -0.00000000 -0.00000000
vn -0.00000000 0.31510000 0.94910000
vn -0.00000000 0.43390000 0.90100000
vn 1.00000000 -0.00000000 -0.00000000
vn -0.00000000 0.31510000 0.94910000
vn -0.00000000 0.19130000 0.98150000
vn -0.00000000 0.19130000 0.98150000
vn -0.00000000 0.06410000 0.99790000
vn 1.00000000 -0.00000000 -0.00000000
vn 0.70640000 -0.00000000 0.70780000
vn 0.70650000 -0.00000000 0.70770000
vn -0.00000000 -1.00000000 -0.00000000
vn 0.38200000 -0.00000000 0.92420000
vn 0.19470000 -0.00000000 0.98090000
vn 0.38200000 -0.00000000 0.92420000
vn -0.00000000 -1.00000000 -0.00000000
vn -0.00000000 -1.00000000 -0.00000000
vn 0.19470000 -0.00000000 0.98090000
vn -0.00000000 -0.00000000 1.00000000
vn -0.00000000 -1.00000000 -0.00000000
vn -0.00000000 -0.00000000 1.00000000
vn -0.38200000 -0.00000000 0.92420000
vn -0.70640000 -0.00000000 0.70790000
vn -0.38200000 -0.00000000 0.92420000
vn -0.00000000 -1.00000000 -0.00000000
vn -0.92360000 -0.00000000 0.38340000
vn -0.00000000 -1.00000000 -0.00000000
vn -0.70640000 -0.00000000 0.70790000
vn 0.19470000 -0.00000000 -0.98090000
vn 0.38200000 -0.00000000 -0.92420000
vn -0.00000000 -1.00000000 -0.00000000
vn 0.19470000 -0.00000000 -0.98090000
vn -0.00000000 -0.00000000 -1.00000000
vn -0.00000000 -1.00000000 -0.00000000
vn 0.38200000 -0.00000000 -0.92420000
vn -0.00000000 -1.00000000 -0.00000000
vn 0.70630000 -0.00000000 -0.70790000
vn 0.70640000 -0.00000000 -0.70790000
vn 1.00000000 -0.00000000 -0.00000000
vn -0.00000000 -1.00000000 -0.00000000
vn 0.92360000 -0.00000000 -0.38340000
vn -0.00000000 -1.00000000 -0.00000000
vn 0.70640000 -0.00000000 -0.70780000
vn 0.70640000 -0.00000000 -0.70790000
vn 0.92360000 -0.00000000 -0.38340000
vn 0.92360000 -0.00000000 0.38340000
vn -0.00000000 -1.00000000 -0.00000000
vn 1.00000000 -0.00000000 -0.00000000
vn -1.00000000 -0.00000000 -0.00000000
vn -0.00000000 -1.00000000 -0.00000000
vn -0.92360000 -0.00000000 -0.38340000
vn -0.92360000 -0.00000000 -0.38340000
vn -0.00000000 -1.00000000 -0.00000000
vn -0.70640000 -0.00000000 -0.70790000
vn 0.70640000 -0.00000000 0.70780000
vn 0.92360000 -0.00000000 0.38340000
vn 0.70630000 -0.00000000 0.70790000
vn -0.00000000 -1.00000000 -0.00000000
vn -1.00000000 -0.00000000 -0.00000000
vn -0.00000000 -1.00000000 -0.00000000
vn -0.92360000 -0.00000000 0.38340000
vn -0.38200000 -0.00000000 -0.92420000
vn -0.00000000 -0.00000000 -1.00000000
vn -0.00000000 -1.00000000 -0.00000000
vn -0.38200000 -0.00000000 -0.92420000
vn -0.00000000 -1.00000000 -0.00000000
vn -0.70640000 -0.00000000 -0.70790000
vn -0.25830000 -0.96610000 -0.00000000
vn -1.00000000 -0.00000000 -0.00000000
vn -0.23860000 -0.96600000 -0.09910000
vn -0.92360000 -0.00000000 -0.38340000
vn -0.92360000 -0.00000000 0.38340000
vn -0.25830000 -0.96610000 -0.00000000
vn -0.23860000 -0.96600000 0.09910000
vn -1.00000000 -0.00000000 -0.00000000
vn 0.92360000 -0.00000000 0.38340000
vn 1.00000000 -0.00000000 -0.00000000
vn 0.25830000 -0.96610000 -0.00000000
vn 0.25830000 -0.96610000 -0.00000000
vn 0.92360000 -0.00000000 -0.38340000
vn 1.00000000 -0.00000000 -0.00000000
vn 0.70630000 -0.00000000 0.70790000
vn 0.92360000 -0.00000000 0.38340000
vn 0.25830000 -0.96610000 -0.00000000
vn 0.92360000 -0.00000000 -0.38340000
vn 0.25830000 -0.96610000 -0.00000000
vn 0.70640000 -0.00000000 -0.70780000
vn 0.70630000 -0.00000000 -0.70790000
vn 0.10180000 -0.87150000 -0.47980000
vn 0.38200000 -0.00000000 -0.92420000
vn 0.19470000 -0.00000000 -0.98090000
vn 0.10180000 -0.87150000 -0.47980000
vn 0.38200000 -0.00000000 -0.92420000
vn 0.19470000 -0.00000000 -0.98090000
vn -0.00000000 -0.00000000 -1.00000000
vn 0.10180000 -0.87150000 -0.47980000
vn 0.25830000 -0.96610000 -0.00000000
vn 0.11970000 -0.96140000 -0.24760000
vn 0.70640000 -0.00000000 -0.70780000
vn 0.70640000 -0.00000000 -0.70790000
vn 0.11970000 -0.96140000 -0.24760000
vn 0.70630000 -0.00000000 -0.70790000
vn 0.10180000 -0.87150000 -0.47980000
vn 0.11980000 -0.96140000 -0.24760000
vn 0.70640000 -0.00000000 -0.70790000
vn 0.10180000 -0.87150000 -0.47980000
vn 0.11980000 -0.96140000 -0.24760000
vn -0.00000000 -0.96590000 -0.25880000
vn -0.00000000 -0.00000000 -1.00000000
vn 0.10180000 -0.87150000 -0.47980000
vn -0.00000000 -0.96590000 -0.25880000
vn -0.00000000 -0.96590000 -0.25880000
vn -0.00000000 -0.00000000 -1.00000000
vn -0.09880000 -0.96590000 -0.23910000
vn -0.38200000 -0.00000000 -0.92420000
vn 0.10180000 -0.87150000 0.47980000
vn 0.38200000 -0.00000000 0.92420000
vn 0.19470000 -0.00000000 0.98090000
vn 0.10180000 -0.87150000 0.47980000
vn 0.70650000 -0.00000000 0.70770000
vn 0.38200000 -0.00000000 0.92420000
vn 0.10180000 -0.87150000 0.47970000
vn -0.00000000 -0.00000000 1.00000000
vn 0.19470000 -0.00000000 0.98090000
vn 0.10180000 -0.87150000 0.47980000
vn 0.70640000 -0.00000000 0.70780000
vn 0.11980000 -0.96140000 0.24760000
vn 0.10180000 -0.87150000 0.47970000
vn 0.70650000 -0.00000000 0.70770000
vn 0.25830000 -0.96610000 -0.00000000
vn 0.70640000 -0.00000000 0.70780000
vn 0.70630000 -0.00000000 0.70790000
vn 0.11980000 -0.96140000 0.24760000
vn 0.13030000 -0.99150000 -0.00000000
vn 0.11980000 -0.96140000 0.24760000
vn 0.25830000 -0.96610000 -0.00000000
vn 0.11970000 -0.96140000 -0.24760000
vn 0.25830000 -0.96610000 -0.00000000
vn 0.13030000 -0.99150000 -0.00000000
vn -0.00000000 -0.96590000 0.25880000
vn 0.10180000 -0.87150000 0.47980000
vn 0.10180000 -0.87150000 0.47970000
vn 0.11970000 -0.96140000 0.24760000
vn 0.11980000 -0.96140000 0.24760000
vn -0.00000000 -0.96590000 0.25880000
vn 0.10180000 -0.87150000 0.47980000
vn -0.00000000 -0.00000000 1.00000000
vn -0.00000000 -0.96590000 0.25880000
vn -0.09880000 -0.96590000 0.23910000
vn -0.00000000 -0.00000000 1.00000000
vn -0.38200000 -0.00000000 0.92420000
vn 0.11970000 -0.96140000 -0.24760000
vn 0.11980000 -0.96140000 -0.24760000
vn 0.06580000 -0.98920000 -0.13080000
vn 0.13030000 -0.99150000 -0.00000000
vn 0.11980000 -0.96140000 -0.24760000
vn 0.06580000 -0.98920000 -0.13080000
vn -0.00000000 -0.96590000 -0.25880000
vn 0.13030000 -0.99150000 -0.00000000
vn 0.11980000 -0.96140000 0.24760000
vn 0.11970000 -0.96140000 0.24760000
vn 0.06580000 -0.98920000 0.13080000
vn -0.00000000 -0.96590000 0.25880000
vn 0.11970000 -0.96140000 0.24760000
vn 0.06580000 -0.98920000 0.13080000
vn 0.06580000 -0.98920000 0.13080000
vn -0.00000000 -1.00000000 -0.00000000
vn 0.13030000 -0.99150000 -0.00000000
vn 0.13030000 -0.99150000 -0.00000000
vn 0.06580000 -0.98920000 -0.13080000
vn -0.00000000 -1.00000000 -0.00000000
vn 0.06580000 -0.98920000 -0.13080000
vn -0.00000000 -1.00000000 -0.00000000
vn -0.00000000 -0.96590000 -0.25880000
vn -0.00000000 -0.96590000 0.25880000
vn -0.00000000 -1.00000000 -0.00000000
vn 0.06580000 -0.98920000 0.13080000
vn -0.09880000 -0.96590000 -0.23910000
vn -0.09890000 -0.96590000 -0.23910000
vn -0.00000000 -1.00000000 -0.00000000
vn -0.00000000 -0.96590000 -0.25880000
vn -0.09880000 -0.96590000 -0.23910000
vn -0.70640000 -0.00000000 -0.70790000
vn -0.38200000 -0.00000000 -0.92420000
vn -0.18260000 -0.96600000 -0.18300000
vn -0.09890000 -0.96590000 -0.23910000
vn -0.09880000 -0.96590000 0.23910000
vn -0.00000000 -1.00000000 -0.00000000
vn -0.00000000 -0.96590000 0.25880000
vn -0.70640000 -0.00000000 0.70790000
vn -0.18260000 -0.96600000 0.18300000
vn -0.09880000 -0.96590000 0.23910000
vn -0.38200000 -0.00000000 0.92420000
vn -0.18260000 -0.96600000 -0.18300000
vn -0.92360000 -0.00000000 -0.38340000
vn -0.23860000 -0.96600000 -0.09910000
vn -0.70640000 -0.00000000 -0.70790000
vn -0.18260000 -0.96600000 -0.18300000
vn -0.00000000 -1.00000000 -0.00000000
vn -0.09890000 -0.96590000 -0.23910000
vn -0.18260000 -0.96600000 0.18300000
vn -0.23860000 -0.96600000 0.09910000
vn -0.92360000 -0.00000000 0.38340000
vn -0.70640000 -0.00000000 0.70790000
vn -0.09880000 -0.96590000 0.23910000
vn -0.00000000 -1.00000000 -0.00000000
vn -0.18260000 -0.96600000 0.18300000
vn -0.23860000 -0.96600000 0.09910000
vn -0.25830000 -0.96610000 -0.00000000
vn -0.00000000 -1.00000000 -0.00000000
vn -0.18260000 -0.96600000 0.18300000
vn -0.23860000 -0.96600000 0.09910000
vn -0.00000000 -1.00000000 -0.00000000
vn -0.25830000 -0.96610000 -0.00000000
vn -0.23860000 -0.96600000 -0.09910000
vn -0.00000000 -1.00000000 -0.00000000
vn -0.00000000 -1.00000000 -0.00000000
vn -0.18260000 -0.96600000 -0.18300000
vn -0.23860000 -0.96600000 -0.09910000
f 1//1 6//6 9//9
f 6//6 1//1 12//12
f 1//1 15//15 17//17
f 1//1 21//21 27//27
f 12//12 28//28 6//6
f 27//27 15//15 1//1
f 1//1 34//34 12//12
f 37//37 38//38 43//43
f 37//37 47//47 48//48
f 9//9 21//21 1//1
f 37//37 53//53 58//58
f 48//48 38//38 37//37
f 37//37 61//61 65//65
f 66//66 71//71 75//75
f 66//66 76//76 80//80
f 58//58 1//1 37//37
f 65//65 47//47 37//37
f 37//37 84//84 86//86
f 37//37 89//89 94//94
f 37//37 95//95 98//98
f 37//37 101//101 104//104
f 80//80 71//71 66//66
f 66//66 108//108 114//114
f 43//43 53//53 37//37
f 94//94 84//84 37//37
f 104//104 95//95 37//37
f 37//37 66//66 115//115
f 120//120 123//123 128//128
f 120//120 131//131 134//134
f 136//136 139//139 142//142
f 146//146 148//148 152//152
f 146//146 156//156 158//158
f 66//66 162//162 165//165
f 66//66 169//169 172//172
f 114//114 76//76 66//66
f 66//66 177//177 179//179
f 66//66 183//183 188//188
f 66//66 37//37 191//191
f 86//86 61//61 37//37
f 115//115 101//101 37//37
f 134//134 123//123 120//120
f 120//120 195//195 197//197
f 139//139 136//136 201//201
f 139//139 208//208 142//142
f 158//158 148//148 146//146
f 146//146 209//209 215//215
f 146//146 216//216 222//222
f 146//146 223//223 225//225
f 172//172 162//162 66//66
f 179//179 108//108 66//66
f 191//191 183//183 66//66
f 98//98 89//89 37//37
f 229//229 232//232 236//236
f 229//229 239//239 241//241
f 197//197 131//131 120//120
f 120//120 246//246 251//251
f 120//120 252//252 258//258
f 120//120 259//259 264//264
f 120//120 268//268 271//271
f 120//120 275//275 278//278
f 142//142 281//281 136//136
f 275//275 120//120 287//287
f 215//215 156//156 146//146
f 225//225 216//216 146//146
f 146//146 288//288 293//293
f 146//146 296//296 297//297
f 75//75 169//169 66//66
f 17//17 37//37 1//1
f 302//302 306//306 311//311
f 302//302 312//312 316//316
f 229//229 320//320 323//323
f 229//229 327//327 330//330
f 229//229 334//334 335//335
f 241//241 232//232 229//229
f 251//251 195//195 120//120
f 264//264 252//252 120//120
f 278//278 268//268 120//120
f 287//287 139//139 275//275
f 222//222 209//209 146//146
f 297//297 288//288 146//146
f 146//146 340//340 343//343
f 146//146 229//229 348//348
f 312//312 349//349 354//354
f 312//312 356//356 360//360
f 312//312 362//362 368//368
f 312//312 302//302 370//370
f 188//188 177//177 66//66
f 316//316 306//306 302//302
f 229//229 375//375 378//378
f 330//330 320//320 229//229
f 236//236 334//334 229//229
f 229//229 146//146 381//381
f 258//258 246//246 120//120
f 201//201 275//275 139//139
f 293//293 223//223 146//146
f 348//348 340//340 146//146
f 312//312 384//384 386//386
f 360//360 349//349 312//312
f 370//370 362//362 312//312
f 311//311 66//66 302//302
f 323//323 375//375 229//229
f 381//381 239//239 229//229
f 271//271 259//259 120//120
f 343//343 296//296 146//146
f 354//354 384//384 312//312
f 165//165 302//302 66//66
f 335//335 327//327 229//229
f 152//152 120//120 146//146
f 368//368 356//356 312//312
f 128//128 146//146 120//120
f 378//378 312//312 229//229
f 386//386 229//229 312//312
f 394//394 397//397 269//269
f 399//399 261//261 270//270
f 404//404 392//392 276//276
f 391//391 266//266 277//277
f 407//407 403//403 203//203
f 401//401 274//274 204//204
f 413//413 405//405 283//283
f 408//408 137//137 282//282
f 417//417 414//414 205//205
f 410//410 144//144 206//206
f 420//420 419//419 284//284
f 416//416 141//141 286//286
f 428//428 421//421 154//154
f 423//423 121//121 153//153
f 432//432 429//429 159//159
f 426//426 150//150 160//160
f 438//438 431//431 212//212
f 433//433 157//157 213//213
f 442//442 437//437 221//221
f 435//435 211//211 219//219
f 447//447 441//441 227//227
f 440//440 218//218 228//228
f 452//452 446//446 294//294
f 445//445 224//224 291//291
f 455//455 453//453 299//299
f 449//449 290//290 300//300
f 460//460 457//457 344//344
f 456//456 295//295 342//342
f 464//464 461//461 347//347
f 459//459 339//339 345//345
f 467//467 463//463 387//387
f 465//465 230//230 389//389
f 474//474 468//468 351//351
f 470//470 385//385 352//352
f 478//478 471//471 359//359
f 473//473 350//350 361//361
f 480//480 477//477 366//366
f 476//476 355//355 365//365
f 489//489 481//481 372//372
f 482//482 363//363 371//371
f 494//494 485//485 168//168
f 488//488 301//301 166//166
f 496//496 492//492 175//175
f 491//491 163//163 174//174
f 502//502 497//497 72//72
f 495//495 170//170 74//74
f 506//506 500//500 78//78
f 501//501 69//69 81//81
f 513//513 507//507 111//111
f 505//505 77//77 113//113
f 515//515 510//510 181//181
f 509//509 110//110 180//180
f 520//520 516//516 186//186
f 517//517 176//176 189//189
f 525//525 521//521 193//193
f 522//522 185//185 190//190
f 530//530 524//524 20//20
f 526//526 36//36 18//18
f 533//533 528//528 24//24
f 531//531 14//14 26//26
f 539//539 535//535 7//7
f 534//534 23//23 8//8
f 544//544 540//540 29//29
f 541//541 4//4 30//30
f 548//548 545//545 33//33
f 543//543 11//11 32//32
f 556//556 550//550 56//56
f 552//552 2//2 55//55
f 559//559 555//555 44//44
f 557//557 52//52 41//41
f 565//565 560//560 51//51
f 558//558 39//39 49//49
f 568//568 563//563 64//64
f 567//567 46//46 63//63
f 577//577 572//572 88//88
f 570//570 60//60 87//87
f 579//579 576//576 93//93
f 575//575 83//83 91//91
f 585//585 580//580 99//99
f 578//578 90//90 97//97
f 587//587 583//583 105//105
f 582//582 96//96 106//106
f 593//593 586//586 116//116
f 588//588 102//102 117//117
f 596//596 595//595 310//310
f 594//594 68//68 308//308
f 307//307 601//601 599//599
f 606//606 600//600 314//314
f 603//603 305//305 315//315
f 611//611 604//604 379//379
f 605//605 313//313 377//377
f 614//614 610//610 322//322
f 608//608 374//374 324//324
f 622//622 615//615 329//329
f 613//613 319//319 328//328
f 624//624 620//620 336//336
f 621//621 325//325 337//337
f 629//629 625//625 235//235
f 623//623 333//333 234//234
f 632//632 628//628 242//242
f 630//630 233//233 243//243
f 639//639 636//636 383//383
f 633//633 238//238 382//382
f 644//644 638//638 127//127
f 641//641 145//145 125//125
f 650//650 643//643 132//132
f 642//642 124//124 133//133
f 652//652 649//649 200//200
f 648//648 130//130 198//198
f 661//661 655//655 248//248
f 654//654 196//196 249//249
f 664//664 657//657 256//256
f 658//658 247//247 257//257
f 395//395 665//665 262//262
f 663//663 254//254 263//263
f 265//265 260//260 398//398
f 255//255 253//253 662//662
f 250//250 245//245 659//659
f 199//199 194//194 653//653
f 135//135 129//129 647//647
f 126//126 122//122 645//645
f 380//380 147//147 637//637
f 244//244 240//240 635//635
f 237//237 233//233 630//630
f 338//338 332//332 626//626
f 331//331 326//326 619//619
f 321//321 318//318 616//616
f 376//376 373//373 609//609
f 317//317 313//313 605//605
f 309//309 304//304 598//598
f 118//118 67//67 592//592
f 107//107 103//103 589//589
f 100//100 96//96 582//582
f 92//92 90//90 578//578
f 85//85 82//82 574//574
f 62//62 59//59 569//569
f 50//50 45//45 566//566
f 42//42 40//40 561//561
f 57//57 54//54 553//553
f 35//35 3//3 549//549
f 31//31 13//13 547//547
f 10//10 5//5 538//538
f 25//25 22//22 536//536
f 19//19 16//16 532//532
f 192//192 36//36 526//526
f 187//187 184//184 519//519
f 182//182 178//178 518//518
f 112//112 109//109 511//511
f 79//79 77//77 505//505
f 73//73 70//70 504//504
f 173//173 171//171 499//499
f 167//167 164//164 493//493
f 369//369 303//303 487//487
f 367//367 364//364 484//484
f 358//358 357//357 475//475
f 353//353 350//350 473//473
f 388//388 385//385 470//470
f 346//346 231//231 462//462
f 341//341 339//339 459//459
f 298//298 295//295 456//456
f 292//292 289//289 451//451
f 226//226 224//224 445//445
f 220//220 217//217 444//444
f 214//214 210//210 439//439
f 161//161 155//155 430//430
f 151//151 149//149 425//425
f 285//285 119//119 422//422
f 207//207 140//140 415//415
f 280//280 143//143 411//411
f 202//202 138//138 406//406
f 279//279 273//273 402//402
f 272//272 267//267 390//390
f 668//668 527//527 529//529
f 672//672 673//673 562//562
f 529//529 676//676 668//668
f 679//679 508//508 512//512
f 679//679 498//498 503//503
f 679//679 683//683 490//490
f 683//683 479//479 483//483
f 686//686 472//472 479//479
f 686//686 466//466 469//469
f 673//673 554//554 562//562
f 673//673 676//676 546//546
f 668//668 523//523 527//527
f 512//512 668//668 679//679
f 490//490 498//498 679//679
f 483//483 486//486 683//683
f 469//469 472//472 686//686
f 686//686 689//689 458//458
f 693//693 443//443 448//448
f 673//673 551//551 554//554
f 676//676 542//542 546//546
f 529//529 537//537 676//676
f 503//503 508//508 679//679
f 479//479 683//683 686//686
f 689//689 454//454 458//458
f 689//689 448//448 450//450
f 693//693 436//436 443//443
f 693//693 696//696 427//427
f 700//700 703//703 634//634
f 546//546 551//551 673//673
f 668//668 514//514 523//523
f 486//486 490//490 683//683
f 450//450 454//454 689//689
f 693//693 434//434 436//436
f 696//696 424//424 427//427
f 706//706 666//666 396//396
f 706//706 656//656 660//660
f 634//634 640//640 700//700
f 703//703 627//627 631//631
f 703//703 617//617 618//618
f 672//672 591//591 597//597
f 537//537 542//542 676//676
f 458//458 466//466 686//686
f 427//427 434//434 693//693
f 696//696 412//412 418//418
f 707//707 393//393 400//400
f 660//660 666//666 706//706
f 706//706 700//700 651//651
f 640//640 646//646 700//700
f 618//618 627//627 703//703
f 672//672 590//590 591//591
f 512//512 514//514 668//668
f 418//418 424//424 696//696
f 707//707 409//409 412//412
f 707//707 396//396 393//393
f 651//651 656//656 706//706
f 631//631 634//634 703//703
f 703//703 607//607 612//612
f 703//703 597//597 602//602
f 672//672 584//584 590//590
f 672//672 571//571 573//573
f 448//448 689//689 693//693
f 400//400 409//409 707//707
f 646//646 651//651 700//700
f 602//602 607//607 703//703
f 672//672 581//581 584//584
f 672//672 564//564 571//571
f 412//412 696//696 707//707
f 612//612 617//617 703//703
f 573//573 581//581 672//672
f 396//396 707//707 706//706
f 562//562 564//564 672//672
f 597//597 703//703 672//672
f 700//700 712//712 703//703
f 672//672 718//718 673//673
f 680//680 667//667 721//721
f 721//721 723//723 680//680
f 682//682 681//681 725//725
f 725//725 729//729 682//682
f 729//729 730//730 682//682
f 691//691 688//688 735//735
f 735//735 736//736 691//691
f 740//740 733//733 690//690
f 690//690 685//685 740//740
f 684//684 732//732 741//741
f 741//741 687//687 684//684
f 692//692 742//742 746//746
f 694//694 738//738 743//743
f 746//746 695//695 692//692
f 709//709 697//697 749//749
f 749//749 751//751 709//709
f 754//754 761//761 734//734
f 734//734 739//739 754//754
f 761//761 737//737 734//734
f 761//761 744//744 737//737
f 739//739 731//731 754//754
f 731//731 728//728 754//754
f 724//724 762//762 757//757
f 756//756 727//727 726//726
f 724//724 722//722 762//762
f 669//669 677//677 765//765
f 765//765 719//719 669//669
f 747//747 745//745 759//759
f 769//769 753//753 748//748
f 760//760 769//769 748//748
f 705//705 708//708 752//752
f 752//752 774//774 705//705
f 750//750 771//771 778//778
f 778//778 772//772 750//750
f 699//699 704//704 773//773
f 773//773 782//782 699//699
f 781//781 775//775 776//776
f 783//783 789//789 780//780
f 776//776 786//786 781//781
f 770//770 758//758 755//755
f 777//777 793//793 795//795
f 755//755 763//763 770//770
f 795//795 784//784 777//777
f 777//777 770//770 793//793
f 763//763 793//793 770//770
f 799//799 794//794 791//791
f 791//791 768//768 799//799
f 801//801 802//802 797//797
f 720//720 767//767 792//792
f 792//792 764//764 720//720
f 678//678 674//674 800//800
f 800//800 766//766 678//678
f 713//713 806//806 813//813
f 813//813 701//701 713//713
f 715//715 670//670 819//819
f 816//816 823//823 717//717
f 671//671 702//702 814//814
f 814//814 818//818 671//671
f 817//817 811//811 829//829
f 829//829 833//833 817//817
f 830//830 827//827 836//836
f 836//836 839//839 830//830
f 838//838 834//834 841//841
f 841//841 846//846 838//838
f 850//850 844//844 835//835
f 808//808 850//850 826//826
f 848//848 852//852 842//842
f 837//837 828//828 848//848
f 828//828 812//812 807//807
f 855//855 831//831 840//840
f 840//840 845//845 855//855
f 825//825 815//815 832//832
f 831//831 855//855 822//822
f 845//845 859//859 855//855
f 853//853 858//858 847//847
f 847//847 843//843 853//853
f 862//862 868//868 820//820
f 714//714 821//821 865//865
f 798//798 675//675 714//714
f 865//865 872//872 714//714
f 716//716 870//870 804//804
f 714//714 803//803 798//798
f 824//824 857//857 861//861
f 779//779 788//788 710//710
f 710//710 875//875 881//881
f 883//883 851//851 809//809
f 710//710 698//698 779//779
f 809//809 880//880 883//883
f 881//881 810//810 710//710
f 787//787 877//877 711//711
f 882//882 889//889 893//893
f 873//873 867//867 893//893
f 897//897 902//902 882//882
f 874//874 903//903 888//888
f 891//891 906//906 869//869
f 889//889 882//882 876//876
f 893//893 897//897 882//882
f 867//867 897//897 893//893
f 901//901 909//909 915//915
f 896//896 920//920 923//923
f 900//900 925//925 929//929
f 916//916 932//932 899//899
f 894//894 935//935 940//940
f 923//923 944//944 896//896
f 896//896 946//946 950//950
f 900//900 953//953 956//956
f 900//900 960//960 925//925
f 900//900 941//941 912//912
f 896//896 962//962 934//934
f 950//950 920//920 896//896
f 900//900 966//966 969//969
f 956//956 971//971 900//900
f 930//930 960//960 900//900
f 944//944 962//962 896//896
f 971//971 966//966 900//900
f 941//941 900//900 896//896
f 929//929 953//953 900//900
f 896//896 973//973 978//978
f 896//896 980//980 985//985
f 978//978 946//946 896//896
f 985//985 988//988 896//896
f 988//988 973//973 896//896
f 969//969 995//995 900//900
f 999//999 887//887 905//905
f 905//905 1002//1002 999//999
f 1005//1005 1008//1008 908//908
f 908//908 892//892 1005//1005
f 1003//1003 904//904 878//878
f 785//785 1013//1013 1003//1003
f 1003//1003 790//790 785//785
f 785//785 796//796 1014//1014
f 796//796 805//805 1007//1007
f 1007//1007 805//805 871//871
f 1014//1014 1013//1013 785//785
f 871//871 907//907 1007//1007
f 1007//1007 1014//1014 796//796
f 878//878 790//790 1003//1003
f 1017//1017 1024//1024 1011//1011
f 1011//1011 1016//1016 1017//1017
f 1021//1021 998//998 1000//1000
f 1001//1001 1012//1012 1023//1023
f 1018//1018 1015//1015 1010//1010
f 1009//1009 1006//1006 1020//1020
f 1026//1026 1030//1030 1031//1031
f 1036//1036 1039//1039 1044//1044
f 1044//1044 1031//1031 1036//1036
f 1026//1026 1019//1019 1048//1048
f 1019//1019 1004//1004 1053//1053
f 890//890 1056//1056 1063//1063
f 1022//1022 1019//1019 1065//1065
f 1036//1036 1068//1068 1039//1039
f 1026//1026 1071//1071 1076//1076
f 1019//1019 1078//1078 1048//1048
f 1019//1019 1083//1083 1084//1084
f 1004//1004 1087//1087 1053//1053
f 1063//1063 1004//1004 890//890
f 1019//1019 1090//1090 1065//1065
f 1019//1019 1026//1026 1093//1093
f 1031//1031 1044//1044 1026//1026
f 1048//1048 1071//1071 1026//1026
f 886//886 997//997 1099//1099
f 1022//1022 1100//1100 1105//1105
f 1053//1053 1083//1083 1019//1019
f 890//890 1110//1110 1056//1056
f 890//890 1113//1113 1117//1117
f 1093//1093 1090//1090 1019//1019
f 1076//1076 1030//1030 1026//1026
f 886//886 1120//1120 1122//1122
f 997//997 1126//1126 1099//1099
f 1105//1105 997//997 1022//1022
f 1022//1022 1129//1129 1134//1134
f 1063//1063 1087//1087 1004//1004
f 1117//1117 1137//1137 890//890
f 1138//1138 1143//1143 1113//1113
f 1036//1036 1147//1147 1068//1068
f 886//886 1151//1151 1120//1120
f 1099//1099 1155//1155 886//886
f 1134//1134 1100//1100 1022//1022
f 890//890 1157//1157 1110//1110
f 1113//1113 890//890 1138//1138
f 1065//1065 1129//1129 1022//1022
f 1122//1122 890//890 886//886
f 1105//1105 1126//1126 997//997
f 1137//1137 1157//1157 890//890
f 1143//1143 1138//1138 1068//1068
f 886//886 1160//1160 1151//1151
f 1155//1155 1165//1165 886//886
f 1147//1147 1143//1143 1068//1068
f 1165//1165 1160//1160 886//886
f 1122//1122 1138//1138 890//890
f 1084//1084 1078//1078 1019//1019
f 1171//1171 1174//1174 1118//1118
f 1162//1162 1176//1176 1168//1168
f 1180//1180 1175//1175 1159//1159
f 1152//1152 1185//1185 1181//1181
f 1187//1187 1184//1184 1153//1153
f 1190//1190 1188//1188 1097//1097
f 1107//1107 1193//1193 1191//1191
f 1197//1197 1194//1194 1103//1103
f 1132//1132 1201//1201 1196//1196
f 1206//1206 1202//1202 1133//1133
f 1064//1064 1208//1208 1205//1205
f 1211//1211 1209//1209 1066//1066
f 1094//1094 1214//1214 1210//1210
f 1220//1220 1213//1213 1095//1095
f 1045//1045 1221//1221 1216//1216
f 1041//1041 1226//1226 1223//1223
f 1231//1231 1225//1225 1042//1042
f 1139//1139 1234//1234 1229//1229
f 1235//1235 1232//1232 1140//1140
f 1121//1121 1173//1173 1237//1237
f 1237//1237 1123//1123 1121//1121
f 1140//1140 1124//1124 1235//1235
f 1229//1229 1067//1067 1139//1139
f 1038//1038 1069//1069 1230//1230
f 1224//1224 1043//1043 1040//1040
f 1219//1219 1025//1025 1046//1046
f 1096//1096 1027//1027 1218//1218
f 1210//1210 1091//1091 1094//1094
f 1066//1066 1092//1092 1211//1211
f 1205//1205 1128//1128 1064//1064
f 1133//1133 1130//1130 1206//1206
f 1198//1198 1102//1102 1131//1131
f 1106//1106 1101//1101 1200//1200
f 1192//1192 1125//1125 1104//1104
f 1097//1097 1127//1127 1190//1190
f 1153//1153 1098//1098 1187//1187
f 1179//1179 1166//1166 1154//1154
f 1163//1163 1164//1164 1182//1182
f 1169//1169 1150//1150 1161//1161
f 1119//1119 1149//1149 1170//1170
f 1222//1222 1167//1167 1177//1177
f 1186//1186 1215//1215 1217//1217
f 1186//1186 1207//1207 1212//1212
f 1186//1186 1195//1195 1199//1199
f 1177//1177 1178//1178 1222//1222
f 1236//1236 1227//1227 1228//1228
f 1212//1212 1215//1215 1186//1186
f 1186//1186 1189//1189 1195//1195
f 1178//1178 1183//1183 1222//1222
f 1236//1236 1222//1222 1227//1227
f 1186//1186 1204//1204 1207//1207
f 1199//1199 1203//1203 1186//1186
f 1222//1222 1172//1172 1167//1167
f 1228//1228 1233//1233 1236//1236
f 1203//1203 1204//1204 1186//1186
f 1236//1236 1172//1172 1222//1222
f 1183//1183 1186//1186 1222//1222
f 1217//1217 1222//1222 1186//1186
f 1241//1241 1243//1243 1114//1114
f 1141//1141 1246//1246 1242//1242
f 1249//1249 1247//1247 1142//1142
f 1035//1035 1256//1256 1253//1253
f 1258//1258 1255//1255 1034//1034
f 1262//1262 1259//1259 1033//1033
f 1074//1074 1265//1265 1261//1261
f 1271//1271 1266//1266 1073//1073
f 1049//1049 1272//1272 1269//1269
f 1275//1275 1274//1274 1050//1050
f 1086//1086 1279//1279 1277//1277
f 1282//1282 1280//1280 1085//1085
f 1054//1054 1285//1285 1281//1281
f 1289//1289 1286//1286 1052//1052
f 1061//1061 1292//1292 1290//1290
f 1059//1059 1297//1297 1294//1294
f 1300//1300 1298//1298 1055//1055
f 1158//1158 1303//1303 1302//1302
f 1306//1306 1305//1305 1156//1156
f 1116//1116 1245//1245 1308//1308
f 1308//1308 1136//1136 1116//1116
f 1156//1156 1135//1135 1306//1306
f 1302//1302 1109//1109 1158//1158
f 1058//1058 1108//1108 1299//1299
f 1293//1293 1060//1060 1057//1057
f 1288//1288 1089//1089 1062//1062
f 1051//1051 1088//1088 1291//1291
f 1281//1281 1082//1082 1054//1054
f 1085//1085 1081//1081 1282//1282
f 1277//1277 1079//1079 1086//1086
f 1050//1050 1080//1080 1275//1275
f 1267//1267 1070//1070 1047//1047
f 1077//1077 1072//1072 1270//1270
f 1263//1263 1029//1029 1075//1075
f 1033//1033 1028//1028 1262//1262
f 1034//1034 1032//1032 1258//1258
f 1252//1252 1146//1146 1037//1037
f 1144//1144 1148//1148 1251//1251
f 1240//1240 1111//1111 1145//1145
f 1115//1115 1112//1112 1238//1238
f 1295//1295 1239//1239 1248//1248
f 1257//1257 1284//1284 1287//1287
f 1257//1257 1278//1278 1283//1283
f 1257//1257 1264//1264 1268//1268
f 1248//1248 1250//1250 1295//1295
f 1307//1307 1296//1296 1301//1301
f 1283//1283 1284//1284 1257//1257
f 1257//1257 1260//1260 1264//1264
f 1250//1250 1254//1254 1295//1295
f 1307//1307 1295//1295 1296//1296
f 1257//1257 1276//1276 1278//1278
f 1268//1268 1273//1273 1257//1257
f 1295//1295 1244//1244 1239//1239
f 1301//1301 1304//1304 1307//1307
f 1273//1273 1276//1276 1257//1257
f 1307//1307 1244//1244 1295//1295
f 1254//1254 1257//1257 1295//1295
f 1287//1287 1295//1295 1257//1257
f 866//866 864//864 984//984
f 864//864 1311//1311 1315//1315
f 1319//1319 1315//1315 1311//1311
f 1315//1315 984//984 864//864
f 984//984 895//895 866//866
f 1311//1311 1321//1321 1319//1319
f 1324//1324 1327//1327 1331//1331
f 1334//1334 1338//1338 1324//1324
f 1334//1334 1317//1317 1338//1338
f 1331//1331 1334//1334 1324//1324
f 1334//1334 981//981 1317//1317
f 1320//1320 1323//1323 1339//1339
f 1339//1339 1343//1343 1320//1320
f 1346//1346 1350//1350 1322//1322
f 1351//1351 1341//1341 1322//1322
f 1322//1322 1350//1350 1351//1351
f 1322//1322 1309//1309 1346//1346
f 1355//1355 1357//1357 1348//1348
f 1348//1348 1347//1347 1355//1355
f 1360//1360 1363//1363 1359//1359
f 1359//1359 1356//1356 1360//1360
f 1364//1364 1362//1362 1366//1366
f 1366//1366 1370//1370 1364//1364
f 1374//1374 1375//1375 1369//1369
f 1369//1369 1367//1367 1374//1374
f 1380//1380 1383//1383 1376//1376
f 1376//1376 1372//1372 1380//1380
f 1385//1385 1387//1387 1382//1382
f 1382//1382 1379//1379 1385//1385
f 1384//1384 1391//1391 1393//1393
f 1393//1393 1389//1389 1384//1384
f 1397//1397 1395//1395 1392//1392
f 1392//1392 1399//1399 1397//1397
f 1402//1402 1406//1406 1396//1396
f 1396//1396 1401//1401 1402//1402
f 1407//1407 1404//1404 1408//1408
f 1408//1408 1411//1411 1407//1407
f 1412//1412 1409//1409 1415//1415
f 1415//1415 1417//1417 1412//1412
f 1378//1378 1422//1422 1425//1425
f 860//860 1430//1430 1434//1434
f 1390//1390 1442//1442 1446//1446
f 1386//1386 1451//1451 1452//1452
f 1378//1378 1457//1457 1422//1422
f 1373//1373 1461//1461 1469//1469
f 860//860 1471//1471 1430//1430
f 854//854 1479//1479 1481//1481
f 1403//1403 1400//1400 1489//1489
f 1390//1390 1491//1491 1442//1442
f 1386//1386 1499//1499 1451//1451
f 1425//1425 1386//1386 1378//1378
f 1469//1469 1378//1378 1373//1373
f 1361//1361 860//860 1500//1500
f 860//860 1509//1509 1471//1471
f 854//854 1513//1513 1516//1516
f 854//854 1519//1519 1479//1479
f 854//854 1403//1403 1525//1525
f 1400//1400 1530//1530 1489//1489
f 1446//1446 1400//1400 1390//1390
f 1452//1452 1390//1390 1386//1386
f 1469//1469 1457//1457 1378//1378
f 1368//1368 1535//1535 1540//1540
f 1434//1434 1500//1500 860//860
f 860//860 1547//1547 1552//1552
f 1481//1481 1513//1513 854//854
f 1403//1403 1558//1558 1525//1525
f 1446//1446 1530//1530 1400//1400
f 1425//1425 1499//1499 1386//1386
f 1368//1368 1562//1562 1535//1535
f 1368//1368 1361//1361 1564//1564
f 1361//1361 1569//1569 1577//1577
f 1361//1361 1579//1579 1586//1586
f 1552//1552 1509//1509 860//860
f 854//854 1589//1589 1519//1519
f 1403//1403 1598//1598 1558//1558
f 1403//1403 1603//1603 1608//1608
f 1403//1403 1612//1612 1613//1613
f 1452//1452 1491//1491 1390//1390
f 1373//1373 1540//1540 1620//1620
f 1564//1564 1562//1562 1368//1368
f 1361//1361 1625//1625 1569//1569
f 1500//1500 1579//1579 1361//1361
f 860//860 1628//1628 1635//1635
f 860//860 1516//1516 1637//1637
f 860//860 1354//1354 1345//1345
f 1525//1525 1589//1589 854//854
f 1613//1613 1603//1603 1403//1403
f 1620//1620 1461//1461 1373//1373
f 1577//1577 1564//1564 1361//1361
f 1586//1586 1644//1644 1361//1361
f 1637//1637 1628//1628 860//860
f 860//860 1361//1361 1354//1354
f 1345//1345 1310//1310 863//863
f 854//854 849//849 1416//1416
f 1608//1608 1598//1598 1403//1403
f 1540//1540 1373//1373 1368//1368
f 1635//1635 1547//1547 860//860
f 863//863 856//856 1345//1345
f 1416//1416 849//849 885//885
f 1416//1416 1410//1410 854//854
f 1489//1489 1612//1612 1403//1403
f 1345//1345 856//856 860//860
f 1410//1410 1403//1403 854//854
f 1644//1644 1625//1625 1361//1361
f 1516//1516 860//860 854//854
f 885//885 1647//1647 1416//1416
f 1623//1623 1651//1651 1653//1653
f 1656//1656 1570//1570 1624//1624
f 1573//1573 1659//1659 1660//1660
f 1661//1661 1574//1574 1571//1571
f 1575//1575 1666//1666 1668//1668
f 1669//1669 1568//1568 1576//1576
f 1566//1566 1671//1671 1675//1675
f 1676//1676 1560//1560 1565//1565
f 1559//1559 1680//1680 1682//1682
f 1683//1683 1534//1534 1561//1561
f 1538//1538 1686//1686 1691//1691
f 1688//1688 1541//1541 1536//1536
f 1543//1543 1692//1692 1695//1695
f 1696//1696 1621//1621 1542//1542
f 1618//1618 1699//1699 1701//1701
f 1703//1703 1463//1463 1619//1619
f 1462//1462 1705//1705 1709//1709
f 1711//1711 1470//1470 1464//1464
f 1466//1466 1714//1714 1717//1717
f 1716//1716 1459//1459 1467//1467
f 1458//1458 1719//1719 1723//1723
f 1725//1725 1420//1420 1456//1456
f 1423//1423 1726//1726 1729//1729
f 1731//1731 1426//1426 1421//1421
f 1427//1427 1732//1732 1736//1736
f 1735//1735 1497//1497 1424//1424
f 1498//1498 1738//1738 1743//1743
f 1741//1741 1449//1449 1496//1496
f 1450//1450 1744//1744 1749//1749
f 1746//1746 1455//1455 1448//1448
f 1453//1453 1750//1750 1755//1755
f 1752//1752 1495//1495 1454//1454
f 1493//1493 1756//1756 1761//1761
f 1762//1762 1439//1439 1492//1492
f 1438//1438 1764//1764 1768//1768
f 1767//1767 1447//1447 1441//1441
f 1443//1443 1772//1772 1773//1773
f 1775//1775 1529//1529 1444//1444
f 1532//1532 1778//1778 1781//1781
f 1780//1780 1490//1490 1531//1531
f 1486//1486 1785//1785 1788//1788
f 1789//1789 1611//1611 1487//1487
f 1610//1610 1792//1792 1795//1795
f 1794//1794 1615//1615 1609//1609
f 1617//1617 1799//1799 1800//1800
f 1803//1803 1599//1599 1614//1614
f 1602//1602 1804//1804 1807//1807
f 1810//1810 1605//1605 1600//1600
f 1604//1604 1813//1813 1817//1817
f 1814//1814 1596//1596 1607//1607
f 1594//1594 1819//1819 1821//1821
f 1824//1824 1554//1554 1595//1595
f 1557//1557 1825//1825 1828//1828
f 1829//1829 1528//1528 1556//1556
f 1527//1527 1834//1834 1837//1837
f 1836//1836 1593//1593 1524//1524
f 1592//1592 1841//1841 1845//1845
f 1843//1843 1523//1523 1591//1591
f 1521//1521 1846//1846 1849//1849
f 1851//1851 1478//1478 1520//1520
f 1477//1477 1854//1854 1859//1859
f 1858//1858 1483//1483 1480//1480
f 1484//1484 1861//1861 1865//1865
f 1863//1863 1511//1511 1482//1482
f 1512//1512 1868//1868 1872//1872
f 1869//1869 1517//1517 1510//1510
f 1514//1514 1874//1874 1879//1879
f 1877//1877 1641//1641 1515//1515
f 1640//1640 1880//1880 1883//1883
f 1886//1886 1630//1630 1638//1638
f 1627//1627 1888//1888 1892//1892
f 1891//1891 1634//1634 1629//1629
f 1636//1636 1896//1896 1899//1899
f 1900//1900 1548//1548 1632//1632
f 1545//1545 1902//1902 1905//1905
f 1907//1907 1553//1553 1544//1544
f 1550//1550 1908//1908 1913//1913
f 1914//1914 1508//1508 1551//1551
f 1505//1505 1917//1917 1918//1918
f 1919//1919 1474//1474 1506//1506
f 1475//1475 1924//1924 1928//1928
f 1927//1927 1432//1432 1473//1473
f 1428//1428 1931//1931 1935//1935
f 1932//1932 1437//1437 1431//1431
f 1433//1433 1937//1937 1941//1941
f 1942//1942 1503//1503 1436//1436
f 1502//1502 1945//1945 1947//1947
f 1949//1949 1583//1583 1501//1501
f 1580//1580 1951//1951 1955//1955
f 1953//1953 1587//1587 1581//1581
f 1585//1585 1958//1958 1961//1961
f 1960//1960 1643//1643 1588//1588
f 1645//1645 1965//1965 1967//1967
f 1968//1968 1622//1622 1642//1642
f 1970//1970 1650//1650 1626//1626
f 1962//1962 1964//1964 1646//1646
f 1956//1956 1957//1957 1584//1584
f 1946//1946 1950//1950 1582//1582
f 1939//1939 1944//1944 1504//1504
f 1934//1934 1938//1938 1435//1435
f 1925//1925 1930//1930 1429//1429
f 1920//1920 1922//1922 1472//1472
f 1911//1911 1916//1916 1507//1507
f 1904//1904 1910//1910 1549//1549
f 1897//1897 1903//1903 1546//1546
f 1890//1890 1895//1895 1633//1633
f 1884//1884 1889//1889 1631//1631
f 1878//1878 1881//1881 1639//1639
f 1871//1871 1873//1873 1518//1518
f 1866//1866 1868//1868 1512//1512
f 1857//1857 1862//1862 1485//1485
f 1852//1852 1853//1853 1476//1476
f 1842//1842 1847//1847 1522//1522
f 1838//1838 1840//1840 1590//1590
f 1831//1831 1833//1833 1526//1526
f 1823//1823 1826//1826 1555//1555
f 1816//1816 1820//1820 1597//1597
f 1808//1808 1811//1811 1606//1606
f 1802//1802 1805//1805 1601//1601
f 1793//1793 1798//1798 1616//1616
f 1787//1787 1792//1792 1610//1610
f 1782//1782 1784//1784 1488//1488
f 1776//1776 1777//1777 1533//1533
f 1769//1769 1770//1770 1445//1445
f 1760//1760 1765//1765 1440//1440
f 1753//1753 1758//1758 1494//1494
f 1747//1747 1750//1750 1453//1453
f 1742//1742 1744//1744 1450//1450
f 1734//1734 1738//1738 1498//1498
f 1728//1728 1732//1732 1427//1427
f 1722//1722 1726//1726 1423//1423
f 1715//1715 1720//1720 1460//1460
f 1708//1708 1713//1713 1468//1468
f 1704//1704 1706//1706 1465//1465
f 1697//1697 1699//1699 1618//1618
f 1690//1690 1694//1694 1539//1539
f 1684//1684 1685//1685 1537//1537
f 1677//1677 1679//1679 1563//1563
f 1667//1667 1673//1673 1567//1567
f 1662//1662 1665//1665 1578//1578
f 1655//1655 1657//1657 1572//1572
f 1652//1652 1969//1969 1966//1966
f 1959//1959 1658//1658 1654//1654
f 1959//1959 1664//1664 1663//1663
f 1959//1959 1672//1672 1670//1670
f 1959//1959 1678//1678 1674//1674
f 1959//1959 1687//1687 1681//1681
f 1848//1848 1882//1882 1876//1876
f 1848//1848 1887//1887 1885//1885
f 1654//1654 1652//1652 1959//1959
f 1670//1670 1664//1664 1959//1959
f 1681//1681 1678//1678 1959//1959
f 1909//1909 1818//1818 1815//1815
f 1909//1909 1827//1827 1822//1822
f 1867//1867 1864//1864 1860//1860
f 1885//1885 1882//1882 1848//1848
f 1848//1848 1894//1894 1893//1893
f 1966//1966 1959//1959 1652//1652
f 1674//1674 1672//1672 1959//1959
f 1822//1822 1818//1818 1909//1909
f 1909//1909 1832//1832 1830//1830
f 1860//1860 1855//1855 1867//1867
f 1855//1855 1875//1875 1870//1870
f 1893//1893 1887//1887 1848//1848
f 1848//1848 1901//1901 1898//1898
f 1663//1663 1658//1658 1959//1959
f 1959//1959 1693//1693 1689//1689
f 1952//1952 1707//1707 1702//1702
f 1952//1952 1712//1712 1710//1710
f 1909//1909 1797//1797 1796//1796
f 1909//1909 1806//1806 1801//1801
f 1909//1909 1812//1812 1809//1809
f 1830//1830 1827//1827 1909//1909
f 1875//1875 1855//1855 1850//1850
f 1870//1870 1867//1867 1855//1855
f 1898//1898 1894//1894 1848//1848
f 1848//1848 1909//1909 1906//1906
f 1693//1693 1959//1959 1954//1954
f 1689//1689 1687//1687 1959//1959
f 1952//1952 1700//1700 1698//1698
f 1710//1710 1707//1707 1952//1952
f 1909//1909 1779//1779 1774//1774
f 1909//1909 1786//1786 1783//1783
f 1801//1801 1797//1797 1909//1909
f 1815//1815 1812//1812 1909//1909
f 1860//1860 1856//1856 1855//1855
f 1906//1906 1901//1901 1848//1848
f 1966//1966 1963//1963 1959//1959
f 1702//1702 1700//1700 1952//1952
f 1923//1923 1727//1727 1724//1724
f 1923//1923 1733//1733 1730//1730
f 1923//1923 1739//1739 1737//1737
f 1923//1923 1745//1745 1740//1740
f 1923//1923 1751//1751 1748//1748
f 1923//1923 1757//1757 1754//1754
f 1909//1909 1771//1771 1766//1766
f 1783//1783 1779//1779 1909//1909
f 1809//1809 1806//1806 1909//1909
f 1909//1909 1839//1839 1835//1835
f 1909//1909 1848//1848 1844//1844
f 1876//1876 1875//1875 1848//1848
f 1712//1712 1952//1952 1948//1948
f 1698//1698 1693//1693 1952//1952
f 1730//1730 1727//1727 1923//1923
f 1740//1740 1739//1739 1923//1923
f 1754//1754 1751//1751 1923//1923
f 1923//1923 1763//1763 1759//1759
f 1774//1774 1771//1771 1909//1909
f 1909//1909 1791//1791 1790//1790
f 1835//1835 1832//1832 1909//1909
f 1850//1850 1848//1848 1875//1875
f 1712//1712 1929//1929 1926//1926
f 1712//1712 1936//1936 1933//1933
f 1712//1712 1943//1943 1940//1940
f 1954//1954 1952//1952 1693//1693
f 1737//1737 1733//1733 1923//1923
f 1759//1759 1757//1757 1923//1923
f 1790//1790 1786//1786 1909//1909
f 1844//1844 1839//1839 1909//1909
f 1763//1763 1915//1915 1912//1912
f 1763//1763 1923//1923 1921//1921
f 1933//1933 1929//1929 1712//1712
f 1948//1948 1943//1943 1712//1712
f 1923//1923 1721//1721 1718//1718
f 1748//1748 1745//1745 1923//1923
f 1796//1796 1791//1791 1909//1909
f 1921//1921 1915//1915 1763//1763
f 1940//1940 1936//1936 1712//1712
f 1724//1724 1721//1721 1923//1923
f 1912//1912 1909//1909 1763//1763
f 1718//1718 1712//1712 1923//1923
f 1926//1926 1923//1923 1712//1712
f 1766//1766 1763//1763 1909//1909
f 884//884 993//993 1974//1974
f 879//879 898//898 993//993
f 993//993 884//884 879//879
f 1977//1977 1980//1980 1649//1649
f 1649//1649 1974//1974 1977//1977
f 1974//1974 1649//1649 884//884
f 1985//1985 1988//1988 1991//1991
f 1991//1991 1994//1994 1985//1985
f 1976//1976 992//992 1988//1988
f 1985//1985 1976//1976 1988//1988
f 1999//1999 1418//1418 1982//1982
f 1414//1414 1648//1648 1982//1982
f 1982//1982 1418//1418 1414//1414
f 1981//1981 2002//2002 2000//2000
f 1978//1978 2005//2005 2003//2003
f 2003//2003 1983//1983 1978//1978
f 2010//2010 2014//2014 2019//2019
f 2023//2023 2027//2027 2029//2029
f 2010//2010 2035//2035 2014//2014
f 2010//2010 2037//2037 2044//2044
f 2010//2010 2021//2021 2046//2046
f 2021//2021 2050//2050 2026//2026
f 2010//2010 2053//2053 2035//2035
f 2047//2047 2040//2040 2012//2012
f 2021//2021 2056//2056 2050//2050
f 2021//2021 2059//2059 2062//2062
f 2020//2020 2066//2066 2071//2071
f 2043//2043 2052//2052 2011//2011
f 2062//2062 2056//2056 2021//2021
f 2069//2069 2075//2075 2021//2021
f 2032//2032 2046//2046 2021//2021
f 2075//2075 2079//2079 2021//2021
f 1979//1979 2065//2065 2021//2021
f 2010//2010 2082//2082 2086//2086
f 2079//2079 2059//2059 2021//2021
f 1979//1979 2087//2087 2065//2065
f 2019//2019 2082//2082 2010//2010
f 1318//1318 1342//1342 2010//2010
f 1979//1979 1973//1973 2087//2087
f 2086//2086 2090//2090 2010//2010
f 2010//2010 2095//2095 1318//1318
f 2090//2090 2095//2095 2010//2010
f 2095//2095 2098//2098 1318//1318
f 2098//2098 1312//1312 1318//1318
f 2021//2021 2008//2008 1979//1979
f 2100//2100 2105//2105 2006//2006
f 1998//1998 2001//2001 2004//2004
f 2007//2007 2102//2102 1996//1996
f 2006//2006 2022//2022 2100//2100
f 1353//1353 2108//2108 1344//1344
f 2110//2110 2009//2009 1344//1344
f 1344//1344 2108//2108 2110//2110
f 1344//1344 1340//1340 1353//1353
f 2101//2101 2109//2109 2113//2113
f 2101//2101 2013//2013 2109//2109
f 2113//2113 2116//2116 2101//2101
f 2101//2101 2024//2024 2013//2013
f 2114//2114 2118//2118 2123//2123
f 2123//2123 2115//2115 2114//2114
f 2120//2120 2112//2112 2111//2111
f 2111//2111 2106//2106 2120//2120
f 2117//2117 2121//2121 2104//2104
f 2104//2104 2099//2099 2117//2117
f 1325//1325 2124//2124 2128//2128
f 1337//1337 2131//2131 2125//2125
f 2135//2135 2130//2130 1313//1313
f 2133//2133 1336//1336 1314//1314
f 2094//2094 2139//2139 2136//2136
f 2091//2091 2142//2142 2140//2140
f 2085//2085 2146//2146 2141//2141
f 2081//2081 2149//2149 2144//2144
f 2018//2018 2152//2152 2148//2148
f 2015//2015 2155//2155 2150//2150
f 2036//2036 2159//2159 2154//2154
f 2054//2054 2161//2161 2157//2157
f 2042//2042 2165//2165 2160//2160
f 2039//2039 2167//2167 2163//2163
f 2045//2045 2169//2169 2166//2166
f 2030//2030 2172//2172 2171//2171
f 2025//2025 2177//2177 2174//2174
f 2049//2049 2179//2179 2175//2175
f 2057//2057 2183//2183 2178//2178
f 2064//2064 2184//2184 2181//2181
f 2060//2060 2187//2187 2185//2185
f 2078//2078 2192//2192 2189//2189
f 2077//2077 2197//2197 2191//2191
f 2073//2073 2199//2199 2194//2194
f 2068//2068 2201//2201 2198//2198
f 2088//2088 2205//2205 2203//2203
f 2209//2209 2204//2204 1972//1972
f 2206//2206 2089//2089 1975//1975
f 1995//1995 2213//2213 2208//2208
f 1990//1990 2215//2215 2214//2214
f 1987//1987 2220//2220 2216//2216
f 2218//2218 1989//1989 996//996
f 991//991 2222//2222 2221//2221
f 964//964 2228//2228 2223//2223
f 972//972 2230//2230 2227//2227
f 955//955 2233//2233 2229//2229
f 952//952 2237//2237 2232//2232
f 927//927 2239//2239 2238//2238
f 926//926 2243//2243 2240//2240
f 959//959 2247//2247 2244//2244
f 933//933 2249//2249 2246//2246
f 914//914 2252//2252 2250//2250
f 911//911 2254//2254 2253//2253
f 939//939 2257//2257 2255//2255
f 936//936 2260//2260 2258//2258
f 963//963 2264//2264 2261//2261
f 942//942 2266//2266 2265//2265
f 921//921 2270//2270 2267//2267
f 919//919 2275//2275 2272//2272
f 948//948 2276//2276 2274//2274
f 947//947 2279//2279 2277//2277
f 976//976 2284//2284 2280//2280
f 975//975 2285//2285 2283//2283
f 990//990 2289//2289 2287//2287
f 986//986 2294//2294 2290//2290
f 2291//2291 987//987 979//979
f 983//983 2295//2295 2292//2292
f 1330//1330 2301//2301 2296//2296
f 1328//1328 2127//2127 2300//2300
f 2300//2300 1332//1332 1328//1328
f 2296//2296 1335//1335 1330//1330
f 982//982 1333//1333 2297//2297
f 2290//2290 989//989 986//986
f 2287//2287 974//974 990//990
f 2283//2283 977//977 975//975
f 2280//2280 945//945 976//976
f 2277//2277 949//949 947//947
f 2274//2274 918//918 948//948
f 2269//2269 922//922 917//917
f 2267//2267 943//943 921//921
f 2265//2265 961//961 942//942
f 2261//2261 937//937 963//963
f 2258//2258 938//938 936//936
f 2255//2255 910//910 939//939
f 2253//2253 913//913 911//911
f 2250//2250 931//931 914//914
f 2246//2246 958//958 933//933
f 2244//2244 924//924 959//959
f 2240//2240 928//928 926//926
f 2238//2238 954//954 927//927
f 2234//2234 957//957 951//951
f 2229//2229 970//970 955//955
f 2227//2227 965//965 972//972
f 2223//2223 967//967 964//964
f 994//994 968//968 2225//2225
f 2216//2216 1992//1992 1987//1987
f 2214//2214 1993//1993 1990//1990
f 2208//2208 1986//1986 1995//1995
f 1971//1971 1984//1984 2211//2211
f 2203//2203 2067//2067 2088//2088
f 2198//2198 2072//2072 2068//2068
f 2195//2195 2074//2074 2070//2070
f 2193//2193 2080//2080 2076//2076
f 2189//2189 2061//2061 2078//2078
f 2185//2185 2063//2063 2060//2060
f 2181//2181 2058//2058 2064//2064
f 2178//2178 2051//2051 2057//2057
f 2175//2175 2028//2028 2049//2049
f 2174//2174 2031//2031 2025//2025
f 2171//2171 2048//2048 2030//2030
f 2166//2166 2038//2038 2045//2045
f 2163//2163 2041//2041 2039//2039
f 2160//2160 2055//2055 2042//2042
f 2157//2157 2033//2033 2054//2054
f 2153//2153 2016//2016 2034//2034
f 2150//2150 2017//2017 2015//2015
f 2148//2148 2083//2083 2018//2018
f 2144//2144 2084//2084 2081//2081
f 2141//2141 2092//2092 2085//2085
f 2140//2140 2093//2093 2091//2091
f 2136//2136 2097//2097 2094//2094
f 1316//1316 2096//2096 2137//2137
f 2125//2125 1326//1326 1337//1337
f 2128//2128 1329//1329 1325//1325
f 2170//2170 2173//2173 2303//2303
f 2248//2248 2307//2307 2311//2311
f 2251//2251 2312//2312 2307//2307
f 2134//2134 2317//2317 2318//2318
f 2138//2138 2322//2322 2317//2317
f 2324//2324 2168//2168 2170//2170
f 2173//2173 2176//2176 2329//2329
f 2307//2307 2248//2248 2251//2251
f 2256//2256 2332//2332 2312//2312
f 2259//2259 2335//2335 2332//2332
f 2262//2262 2263//2263 2338//2338
f 2263//2263 2268//2268 2341//2341
f 2268//2268 2271//2271 2344//2344
f 2271//2271 2273//2273 2346//2346
f 2288//2288 2293//2293 2349//2349
f 2293//2293 2298//2298 2352//2352
f 2299//2299 2129//2129 2355//2355
f 2126//2126 2360//2360 2355//2355
f 2132//2132 2318//2318 2360//2360
f 2317//2317 2134//2134 2138//2138
f 2329//2329 2303//2303 2173//2173
f 2176//2176 2180//2180 2363//2363
f 2180//2180 2182//2182 2364//2364
f 2186//2186 2367//2367 2364//2364
f 2312//2312 2251//2251 2256//2256
f 2332//2332 2256//2256 2259//2259
f 2341//2341 2338//2338 2263//2263
f 2346//2346 2344//2344 2271//2271
f 2286//2286 2370//2370 2376//2376
f 2352//2352 2349//2349 2293//2293
f 2298//2298 2299//2299 2379//2379
f 2355//2355 2129//2129 2126//2126
f 2318//2318 2132//2132 2134//2134
f 2147//2147 2151//2151 2380//2380
f 2151//2151 2156//2156 2385//2385
f 2158//2158 2388//2388 2385//2385
f 2162//2162 2391//2391 2388//2388
f 2164//2164 2392//2392 2391//2391
f 2168//2168 2324//2324 2392//2392
f 2363//2363 2329//2329 2176//2176
f 2364//2364 2182//2182 2186//2186
f 2200//2200 2202//2202 2397//2397
f 2231//2231 2400//2400 2401//2401
f 2259//2259 2262//2262 2335//2335
f 2344//2344 2341//2341 2268//2268
f 2278//2278 2404//2404 2346//2346
f 2281//2281 2409//2409 2404//2404
f 2282//2282 2376//2376 2409//2409
f 2376//2376 2282//2282 2286//2286
f 2379//2379 2352//2352 2298//2298
f 2360//2360 2126//2126 2132//2132
f 2143//2143 2145//2145 2411//2411
f 2385//2385 2380//2380 2151//2151
f 2388//2388 2158//2158 2162//2162
f 2392//2392 2164//2164 2168//2168
f 2364//2364 2363//2363 2180//2180
f 2188//2188 2413//2413 2367//2367
f 2190//2190 2418//2418 2413//2413
f 2196//2196 2419//2419 2418//2418
f 2419//2419 2196//2196 2200//2200
f 2401//2401 2226//2226 2231//2231
f 2235//2235 2236//2236 2422//2422
f 2241//2241 2242//2242 2426//2426
f 2242//2242 2245//2245 2311//2311
f 2338//2338 2335//2335 2262//2262
f 2404//2404 2278//2278 2281//2281
f 2286//2286 2288//2288 2370//2370
f 2355//2355 2379//2379 2299//2299
f 2322//2322 2138//2138 2143//2143
f 2145//2145 2147//2147 2430//2430
f 2385//2385 2156//2156 2158//2158
f 2303//2303 2324//2324 2170//2170
f 2413//2413 2188//2188 2190//2190
f 2397//2397 2419//2419 2200//2200
f 2422//2422 2400//2400 2235//2235
f 2236//2236 2241//2241 2433//2433
f 2311//2311 2426//2426 2242//2242
f 2346//2346 2273//2273 2278//2278
f 2349//2349 2370//2370 2288//2288
f 2430//2430 2411//2411 2145//2145
f 2391//2391 2162//2162 2164//2164
f 2418//2418 2190//2190 2196//2196
f 2433//2433 2422//2422 2236//2236
f 2311//2311 2245//2245 2248//2248
f 2411//2411 2322//2322 2143//2143
f 2367//2367 2186//2186 2188//2188
f 2426//2426 2433//2433 2241//2241
f 2380//2380 2430//2430 2147//2147
f 2202//2202 2207//2207 2436//2436
f 2207//2207 2210//2210 2439//2439
f 2224//2224 2443//2443 2445//2445
f 2226//2226 2401//2401 2443//2443
f 2409//2409 2281//2281 2282//2282
f 2439//2439 2436//2436 2207//2207
f 2443//2443 2224//2224 2226//2226
f 2436//2436 2397//2397 2202//2202
f 2210//2210 2212//2212 2448//2448
f 2212//2212 2217//2217 2451//2451
f 2219//2219 2445//2445 2455//2455
f 2231//2231 2235//2235 2400//2400
f 2451//2451 2448//2448 2212//2212
f 2455//2455 2217//2217 2219//2219
f 2448//2448 2439//2439 2210//2210
f 2445//2445 2219//2219 2224//2224
f 2455//2455 2451//2451 2217//2217
f 2358//2358 2458//2458 2460//2460
f 2319//2319 2464//2464 2457//2457
f 2315//2315 2467//2467 2462//2462
f 2323//2323 2470//2470 2466//2466
f 2410//2410 2473//2473 2468//2468
f 2431//2431 2477//2477 2475//2475
f 2381//2381 2480//2480 2478//2478
f 2383//2383 2484//2484 2481//2481
f 2386//2386 2489//2489 2485//2485
f 2390//2390 2492//2492 2487//2487
f 2394//2394 2495//2495 2490//2490
f 2326//2326 2500//2500 2496//2496
f 2305//2305 2504//2504 2502//2502
f 2327//2327 2510//2510 2506//2506
f 2361//2361 2511//2511 2509//2509
f 2365//2365 2517//2517 2513//2513
f 2368//2368 2519//2519 2515//2515
f 2415//2415 2524//2524 2521//2521
f 2416//2416 2525//2525 2523//2523
f 2421//2421 2528//2528 2526//2526
f 2395//2395 2534//2534 2529//2529
f 2435//2435 2536//2536 2532//2532
f 2438//2438 2540//2540 2537//2537
f 2447//2447 2544//2544 2539//2539
f 2454//2454 2547//2547 2549//2549
f 2542//2542 2449//2449 2450//2450
f 2450//2450 2550//2550 2542//2542
f 2446//2446 2551//2551 2546//2546
f 2441//2441 2556//2556 2552//2552
f 2403//2403 2558//2558 2555//2555
f 2399//2399 2564//2564 2557//2557
f 2424//2424 2568//2568 2561//2561
f 2434//2434 2570//2570 2566//2566
f 2425//2425 2574//2574 2571//2571
f 2309//2309 2576//2576 2573//2573
f 2306//2306 2581//2581 2577//2577
f 2314//2314 2584//2584 2578//2578
f 2330//2330 2588//2588 2583//2583
f 2336//2336 2592//2592 2590//2590
f 2339//2339 2594//2594 2593//2593
f 2340//2340 2599//2599 2596//2596
f 2343//2343 2602//2602 2601//2601
f 2347//2347 2606//2606 2603//2603
f 2406//2406 2608//2608 2607//2607
f 2408//2408 2611//2611 2610//2610
f 2375//2375 2616//2616 2615//2615
f 2372//2372 2622//2622 2617//2617
f 2350//2350 2626//2626 2621//2621
f 2353//2353 2628//2628 2625//2625
f 2378//2378 2630//2630 2629//2629
f 2356//2356 2459//2459 2631//2631
f 2631//2631 2377//2377 2356//2356
f 2629//2629 2354//2354 2378//2378
f 2625//2625 2351//2351 2353//2353
f 2621//2621 2371//2371 2350//2350
f 2617//2617 2373//2373 2372//2372
f 2614//2614 2407//2407 2374//2374
f 2610//2610 2405//2405 2408//2408
f 2607//2607 2348//2348 2406//2406
f 2603//2603 2345//2345 2347//2347
f 2601//2601 2342//2342 2343//2343
f 2596//2596 2337//2337 2340//2340
f 2593//2593 2333//2333 2339//2339
f 2589//2589 2331//2331 2334//2334
f 2583//2583 2313//2313 2330//2330
f 2578//2578 2308//2308 2314//2314
f 2577//2577 2310//2310 2306//2306
f 2573//2573 2427//2427 2309//2309
f 2571//2571 2432//2432 2425//2425
f 2566//2566 2423//2423 2434//2434
f 2561//2561 2398//2398 2424//2424
f 2557//2557 2402//2402 2399//2399
f 2555//2555 2442//2442 2403//2403
f 2552//2552 2444//2444 2441//2441
f 2546//2546 2453//2453 2446//2446
f 2549//2549 2452//2452 2454//2454
f 2539//2539 2440//2440 2447//2447
f 2537//2537 2437//2437 2438//2438
f 2532//2532 2396//2396 2435//2435
f 2529//2529 2420//2420 2395//2395
f 2526//2526 2417//2417 2421//2421
f 2523//2523 2414//2414 2416//2416
f 2521//2521 2369//2369 2415//2415
f 2515//2515 2366//2366 2368//2368
f 2513//2513 2362//2362 2365//2365
f 2509//2509 2328//2328 2361//2361
f 2506//2506 2304//2304 2327//2327
f 2499//2499 2325//2325 2302//2302
f 2496//2496 2393//2393 2326//2326
f 2490//2490 2389//2389 2394//2394
f 2487//2487 2387//2387 2390//2390
f 2485//2485 2384//2384 2386//2386
f 2481//2481 2382//2382 2383//2383
f 2478//2478 2428//2428 2381//2381
f 2474//2474 2412//2412 2429//2429
f 2468//2468 2321//2321 2410//2410
f 2466//2466 2316//2316 2323//2323
f 2462//2462 2320//2320 2315//2315
f 2457//2457 2359//2359 2319//2319
f 2460//2460 2357//2357 2358//2358
f 2597//2597 2582//2582 2586//2586
f 2516//2516 2505//2505 2507//2507
f 2516//2516 2494//2494 2498//2498
f 2572//2572 2604//2604 2605//2605
f 2572//2572 2595//2595 2600//2600
f 2598//2598 2579//2579 2585//2585
f 2595//2595 2572//2572 2575//2575
f 2501//2501 2503//2503 2514//2514
f 2514//2514 2488//2488 2493//2493
f 2600//2600 2604//2604 2572//2572
f 2575//2575 2580//2580 2595//2595
f 2491//2491 2497//2497 2518//2518
f 2518//2518 2479//2479 2483//2483
f 2587//2587 2591//2591 2595//2595
f 2609//2609 2567//2567 2569//2569
f 2479//2479 2518//2518 2520//2520
f 2482//2482 2486//2486 2516//2516
f 2569//2569 2572//2572 2609//2609
f 2508//2508 2512//2512 2518//2518
f 2522//2522 2472//2472 2476//2476
f 2554//2554 2627//2627 2632//2632
f 2565//2565 2609//2609 2612//2612
f 2609//2609 2565//2565 2567//2567
f 2472//2472 2522//2522 2527//2527
f 2476//2476 2479//2479 2522//2522
f 2538//2538 2461//2461 2456//2456
f 2554//2554 2624//2624 2627//2627
f 2554//2554 2619//2619 2623//2623
f 2605//2605 2609//2609 2572//2572
f 2619//2619 2554//2554 2559//2559
f 2471//2471 2531//2531 2535//2535
f 2520//2520 2522//2522 2479//2479
f 2538//2538 2465//2465 2469//2469
f 2456//2456 2463//2463 2538//2538
f 2623//2623 2624//2624 2554//2554
f 2560//2560 2563//2563 2620//2620
f 2527//2527 2530//2530 2472//2472
f 2463//2463 2465//2465 2538//2538
f 2613//2613 2618//2618 2562//2562
f 2461//2461 2545//2545 2553//2553
f 2461//2461 2538//2538 2541//2541
f 2469//2469 2472//2472 2538//2538
f 2553//2553 2554//2554 2461//2461
f 2533//2533 2538//2538 2472//2472
f 2461//2461 2548//2548 2545//2545
f 2541//2541 2543//2543 2461//2461
f 2543//2543 2548//2548 2461//2461
f 2632//2632 2461//2461 2554//2554
f 2635//2635 1352//1352 1349//1349
f 2639//2639 1349//1349 1358//1358
f 1358//1358 2640//2640 2639//2639
f 1358//1358 1365//1365 2643//2643
f 2648//2648 2643//2643 1365//1365
f 1371//1371 1377//1377 2650//2650
f 2654//2654 2657//2657 1413//1413
f 2659//2659 2654//2654 1419//1419
f 2122//2122 2663//2663 2665//2665
f 2119//2119 2670//2670 2663//2663
f 2643//2643 2640//2640 1358//1358
f 2650//2650 2648//2648 1371//1371
f 1381//1381 1388//1388 2673//2673
f 2676//2676 2673//2673 1388//1388
f 1419//1419 1997//1997 2659//2659
f 2659//2659 1997//1997 2103//2103
f 2663//2663 2122//2122 2119//2119
f 2119//2119 2107//2107 2681//2681
f 2635//2635 2681//2681 2107//2107
f 1365//1365 1371//1371 2648//2648
f 2650//2650 1377//1377 1381//1381
f 1388//1388 1394//1394 2676//2676
f 2103//2103 2665//2665 2659//2659
f 2681//2681 2670//2670 2119//2119
f 1349//1349 2639//2639 2635//2635
f 2673//2673 2683//2683 1381//1381
f 2676//2676 1394//1394 1398//1398
f 1405//1405 2687//2687 2689//2689
f 2665//2665 2103//2103 2122//2122
f 1381//1381 2683//2683 2650//2650
f 2689//2689 1398//1398 1405//1405
f 1413//1413 2657//2657 2687//2687
f 2107//2107 1352//1352 2635//2635
f 2687//2687 1405//1405 1413//1413
f 1398//1398 2689//2689 2676//2676
f 1413//1413 1419//1419 2654//2654
f 2682//2682 2672//2672 2692//2692
f 2692//2692 2698//2698 2682//2682
f 2662//2662 2671//2671 2700//2700
f 2700//2700 2704//2704 2662//2662
f 2679//2679 2706//2706 2699//2699
f 2699//2699 2669//2669 2679//2679
f 2668//2668 2664//2664 2703//2703
f 2703//2703 2708//2708 2668//2668
f 2658//2658 2713//2713 2716//2716
f 2716//2716 2653//2653 2658//2658
f 2655//2655 2652//2652 2714//2714
f 2714//2714 2717//2717 2655//2655
f 2667//2667 2723//2723 2728//2728
f 2666//2666 2710//2710 2722//2722
f 2728//2728 2661//2661 2667//2667
f 2725//2725 2711//2711 2660//2660
f 2729//2729 2715//2715 2712//2712
f 2729//2729 2719//2719 2715//2715
f 2729//2729 2733//2733 2719//2719
f 2712//2712 2726//2726 2729//2729
f 2656//2656 2718//2718 2732//2732
f 2732//2732 2686//2686 2656//2656
f 2732//2732 2736//2736 2686//2686
f 2636//2636 2638//2638 2740//2740
f 2740//2740 2744//2744 2636//2636
f 2641//2641 2747//2747 2741//2741
f 2741//2741 2637//2637 2641//2641
f 2678//2678 2633//2633 2749//2749
f 2749//2749 2754//2754 2678//2678
f 2634//2634 2743//2743 2752//2752
f 2755//2755 2705//2705 2680//2680
f 2759//2759 2761//2761 2702//2702
f 2702//2702 2701//2701 2759//2759
f 2761//2761 2709//2709 2702//2702
f 2701//2701 2707//2707 2759//2759
f 2761//2761 2720//2720 2709//2709
f 2707//2707 2753//2753 2759//2759
f 2765//2765 2751//2751 2745//2745
f 2742//2742 2739//2739 2764//2764
f 2739//2739 2748//2748 2764//2764
f 2748//2748 2769//2769 2764//2764
f 2642//2642 2644//2644 2770//2770
f 2644//2644 2773//2773 2770//2770
f 2770//2770 2746//2746 2642//2642
f 2730//2730 2727//2727 2776//2776
f 2724//2724 2721//2721 2760//2760
f 2760//2760 2775//2775 2724//2724
f 2776//2776 2779//2779 2730//2730
f 2750//2750 2783//2783 2758//2758
f 2766//2766 2787//2787 2784//2784
f 2783//2783 2750//2750 2767//2767
f 2758//2758 2756//2756 2750//2750
f 2757//2757 2782//2782 2778//2778
f 2778//2778 2782//2782 2791//2791
f 2791//2791 2792//2792 2778//2778
f 2778//2778 2762//2762 2757//2757
f 2793//2793 2795//2795 2780//2780
f 2780//2780 2777//2777 2793//2793
f 2789//2789 2785//2785 2788//2788
f 2788//2788 2800//2800 2789//2789
f 2734//2734 2731//2731 2781//2781
f 2781//2781 2797//2797 2734//2734
f 2804//2804 2735//2735 2734//2734
f 2797//2797 2804//2804 2734//2734
f 2688//2688 2685//2685 2738//2738
f 2738//2738 2807//2807 2688//2688
f 2768//2768 2798//2798 2786//2786
f 2768//2768 2812//2812 2798//2798
f 2786//2786 2763//2763 2768//2768
f 2768//2768 2771//2771 2812//2812
f 2645//2645 2647//2647 2816//2816
f 2816//2816 2774//2774 2645//2645
f 2690//2690 2806//2806 2820//2820
f 2820//2820 2677//2677 2690//2690
f 2805//2805 2737//2737 2801//2801
f 2802//2802 2823//2823 2809//2809
f 2827//2827 2813//2813 2646//2646
f 2646//2646 2651//2651 2827//2827
f 2815//2815 2828//2828 2810//2810
f 2810//2810 2772//2772 2815//2815
f 2649//2649 2684//2684 2695//2695
f 2695//2695 2826//2826 2649//2649
f 2697//2697 2831//2831 2835//2835
f 2835//2835 2825//2825 2697//2697
f 2814//2814 2824//2824 2834//2834
f 2834//2834 2830//2830 2814//2814
f 2796//2796 2794//2794 2790//2790
f 2829//2829 2839//2839 2840//2840
f 2829//2829 2836//2836 2833//2833
f 2799//2799 2803//2803 2796//2796
f 2833//2833 2839//2839 2829//2829
f 2822//2822 2799//2799 2811//2811
f 2799//2799 2822//2822 2803//2803
f 2811//2811 2829//2829 2822//2822
f 2840//2840 2822//2822 2829//2829
f 2790//2790 2799//2799 2796//2796
f 2694//2694 2674//2674 2675//2675
f 2675//2675 2818//2818 2694//2694
f 2808//2808 2821//2821 2841//2841
f 2841//2841 2817//2817 2808//2808
f 2693//2693 2819//2819 2842//2842
f 2842//2842 2838//2838 2693//2693
f 2696//2696 2691//2691 2837//2837
f 2837//2837 2832//2832 2696//2696

