mtllib material.mtl
usemtl JointGrey.005
v -0.01423200 0.05939900 0.05519100
v -0.01423200 0.05939900 0.05519100
v -0.01423200 0.05939900 0.05519100
v -0.00591000 0.05939900 0.05666500
v -0.00591000 0.05939900 0.05666500
v -0.00591000 0.05939900 0.05666500
v 0.00151700 0.05939900 0.05698600
v 0.00151700 0.05939900 0.05698600
v 0.00151700 0.05939900 0.05698600
v 0.01093300 0.05939900 0.05592600
v 0.01093300 0.05939900 0.05592600
v 0.01093300 0.05939900 0.05592600
v 0.01909400 0.05939900 0.05372800
v 0.01909400 0.05939900 0.05372800
v 0.02684800 0.05939900 0.05036500
v 0.02684800 0.05939900 0.05036500
v 0.02684800 0.05939900 0.05036500
v 0.03403000 0.05939900 0.04591000
v 0.03403000 0.05939900 0.04591000
v 0.04048700 0.05939900 0.04045600
v 0.04048700 0.05939900 0.04045600
v 0.04048700 0.05939900 0.04045600
v 0.04627600 0.05941600 0.03389300
v 0.04627600 0.05941600 0.03389300
v 0.04627600 0.05941600 0.03389300
v 0.05072000 0.05940600 0.02700200
v 0.05072000 0.05940600 0.02700200
v 0.05072000 0.05940600 0.02700200
v 0.05426300 0.05940700 0.01930200
v 0.05426300 0.05940700 0.01930200
v 0.05426300 0.05940700 0.01930200
v 0.05661000 0.05939700 0.01121300
v 0.05661000 0.05939700 0.01121300
v 0.05661000 0.05939700 0.01121300
v 0.05777400 0.05940100 0.00296100
v 0.05777400 0.05940100 0.00296100
v 0.05775400 0.05939800 -0.00528600
v 0.05775400 0.05939800 -0.00528600
v 0.05775400 0.05939800 -0.00528600
v 0.05775400 0.05939800 -0.00528600
v 0.05640700 0.05939800 -0.01399000
v 0.05640700 0.05939800 -0.01399000
v 0.05392100 0.05939800 -0.02200600
v 0.05392100 0.05939800 -0.02200600
v 0.05392100 0.05939800 -0.02200600
v 0.05022900 0.05939400 -0.02973800
v 0.05022900 0.05939400 -0.02973800
v 0.05022900 0.05939400 -0.02973800
v 0.05022900 0.05939400 -0.02973800
v 0.04554200 0.05939700 -0.03667200
v 0.04554200 0.05939700 -0.03667200
v 0.03989000 0.05939700 -0.04288700
v 0.03989000 0.05939700 -0.04288700
v 0.03343400 0.05939500 -0.04819800
v 0.03343400 0.05939500 -0.04819800
v 0.03343400 0.05939500 -0.04819800
v 0.02609700 0.05939400 -0.05261100
v 0.02609700 0.05939400 -0.05261100
v 0.02609700 0.05939400 -0.05261100
v 0.01826800 0.05939400 -0.05586600
v 0.01826800 0.05939400 -0.05586600
v 0.01826800 0.05939400 -0.05586600
v 0.01012100 0.05939600 -0.05793000
v 0.01012100 0.05939600 -0.05793000
v 0.00181800 0.05938800 -0.05879900
v 0.00181800 0.05938800 -0.05879900
v 0.00181800 0.05938800 -0.05879900
v -0.00675000 0.05939000 -0.05843400
v -0.00675000 0.05939000 -0.05843400
v -0.01497400 0.05939300 -0.05685500
v -0.01497400 0.05939300 -0.05685500
v -0.01497400 0.05939300 -0.05685500
v -0.02297900 0.05939200 -0.05408100
v -0.02297900 0.05939200 -0.05408100
v -0.02297900 0.05939200 -0.05408100
v -0.03054000 0.05939600 -0.05011100
v -0.03054000 0.05939600 -0.05011100
v -0.03054000 0.05939600 -0.05011100
v -0.03733700 0.05939600 -0.04517300
v -0.03733700 0.05939600 -0.04517300
v -0.04334800 0.05939300 -0.03931800
v -0.04334800 0.05939300 -0.03931800
v -0.04334800 0.05939300 -0.03931800
v -0.04334800 0.05939300 -0.03931800
v -0.04851900 0.05939700 -0.03251400
v -0.04851900 0.05939700 -0.03251400
v -0.05258400 0.05939700 -0.02516100
v -0.05258400 0.05939700 -0.02516100
v -0.05258400 0.05939700 -0.02516100
v -0.05556600 0.05939700 -0.01719400
v -0.05556600 0.05939700 -0.01719400
v -0.05556600 0.05939700 -0.01719400
v -0.05733800 0.05939800 -0.00894300
v -0.05733800 0.05939800 -0.00894300
v -0.05790600 0.05939800 -0.00065300
v -0.05790600 0.05939800 -0.00065300
v -0.05790600 0.05939800 -0.00065300
v -0.05790600 0.05939800 -0.00065300
v -0.05790600 0.05939800 -0.00065300
v -0.05719900 0.05940300 0.00806400
v -0.05719900 0.05940300 0.00806400
v -0.05719900 0.05940300 0.00806400
v -0.05532300 0.05939800 0.01614700
v -0.05532300 0.05939800 0.01614700
v -0.05532300 0.05939800 0.01614700
v -0.05227500 0.05940200 0.02400800
v -0.05227500 0.05940200 0.02400800
v -0.05227500 0.05940200 0.02400800
v -0.04802200 0.05942600 0.03142900
v -0.04802200 0.05942600 0.03142900
v -0.04802200 0.05942600 0.03142900
v -0.04291600 0.05944600 0.03797600
v -0.04291600 0.05944600 0.03797600
v -0.04291600 0.05944600 0.03797600
v -0.04291600 0.05944600 0.03797600
v -0.03670500 0.05939900 0.04384400
v -0.03670500 0.05939900 0.04384400
v -0.02979500 0.05939900 0.04871100
v -0.02979500 0.05939900 0.04871100
v -0.02979500 0.05939900 0.04871100
v -0.02225100 0.05939900 0.05252000
v -0.02225100 0.05939900 0.05252000
v 0.01876500 0.05937300 0.05477200
v 0.01876500 0.05937300 0.05477200
v 0.01876500 0.05937300 0.05477200
v 0.01876500 0.05937300 0.05477200
v 0.01876500 0.05937300 0.05477200
v 0.01876500 0.05937300 0.05477200
v 0.01876500 0.05937300 0.05477200
v 0.01876500 0.05937300 0.05477200
v -0.02449100 0.05936400 0.05235400
v -0.02449100 0.05936400 0.05235400
v -0.02449100 0.05936400 0.05235400
v -0.02449100 0.05936400 0.05235400
v -0.02449100 0.05936400 0.05235400
v -0.02449100 0.05936400 0.05235400
v -0.02449100 0.05936400 0.05235400
v -0.01384600 0.05934400 0.05635500
v -0.01384600 0.05934400 0.05635500
v -0.01384600 0.05934400 0.05635500
v -0.01384600 0.05934400 0.05635500
v -0.01384600 0.05934400 0.05635500
v -0.01384600 0.05934400 0.05635500
v -0.01384600 0.05934400 0.05635500
v -0.01384600 0.05934400 0.05635500
v -0.05786900 0.05939900 0.00316000
v -0.05786900 0.05939900 0.00316000
v -0.05786900 0.05939900 0.00316000
v -0.05786900 0.05939900 0.00316000
v 0.03204500 0.05937700 0.04794300
v 0.03204500 0.05937700 0.04794300
v 0.03204500 0.05937700 0.04794300
v 0.03204500 0.05937700 0.04794300
v 0.03204500 0.05937700 0.04794300
v 0.03204500 0.05937700 0.04794300
v 0.03204500 0.05937700 0.04794300
v -0.03443900 0.05938700 0.04611500
v -0.03443900 0.05938700 0.04611500
v -0.03443900 0.05938700 0.04611500
v -0.03443900 0.05938700 0.04611500
v -0.03443900 0.05938700 0.04611500
v -0.03443900 0.05938700 0.04611500
v 0.04297100 0.05940700 0.03828600
v 0.04297100 0.05940700 0.03828600
v 0.04297100 0.05940700 0.03828600
v 0.04297100 0.05940700 0.03828600
v 0.04297100 0.05940700 0.03828600
v -0.00298900 0.05939500 0.05834800
v -0.00298900 0.05939500 0.05834800
v -0.00298900 0.05939500 0.05834800
v -0.00298900 0.05939500 0.05834800
v -0.00298900 0.05939500 0.05834800
v -0.00298900 0.05939500 0.05834800
v 0.00837600 0.05939800 0.05761700
v 0.00837600 0.05939800 0.05761700
v 0.00837600 0.05939800 0.05761700
v 0.00837600 0.05939800 0.05761700
v 0.00837600 0.05939800 0.05761700
v 0.00837600 0.05939800 0.05761700
v 0.00837600 0.05939800 0.05761700
v -0.01416300 0.01807200 -0.04650000
v -0.01416300 0.01807200 -0.04650000
v -0.01416300 0.01807200 -0.04650000
v -0.01416300 0.01807200 -0.04650000
v -0.01416300 0.01807200 -0.04650000
v -0.01416300 0.01807200 -0.04650000
v -0.02483400 0.01927900 -0.04290300
v -0.02483400 0.01927900 -0.04290300
v -0.02483400 0.01927900 -0.04290300
v -0.02483400 0.01927900 -0.04290300
v -0.02483400 0.01927900 -0.04290300
v -0.02483200 0.02939300 -0.04757100
v -0.02483200 0.02939300 -0.04757100
v -0.02483200 0.02939300 -0.04757100
v -0.02483200 0.02939300 -0.04757100
v -0.02483200 0.02939300 -0.04757100
v -0.02483200 0.02939300 -0.04757100
v -0.01693100 0.03937800 -0.05415500
v -0.01693100 0.03937800 -0.05415500
v -0.01693100 0.03937800 -0.05415500
v -0.01693100 0.03937800 -0.05415500
v -0.01693100 0.03937800 -0.05415500
v -0.01693100 0.03937800 -0.05415500
v -0.01693100 0.03937800 -0.05415500
v -0.01418200 0.02850700 -0.05128200
v -0.01418200 0.02850700 -0.05128200
v -0.01418200 0.02850700 -0.05128200
v -0.01418200 0.02850700 -0.05128200
v -0.01418200 0.02850700 -0.05128200
v -0.03220200 0.05519400 0.04955800
v -0.03220200 0.05519400 0.04955800
v -0.03220200 0.05519400 0.04955800
v -0.03220200 0.05519400 0.04955800
v -0.03220200 0.05519400 0.04955800
v -0.03220200 0.05519400 0.04955800
v -0.01946000 0.05635200 0.05702300
v -0.01946000 0.05635200 0.05702300
v -0.01946000 0.05635200 0.05702300
v -0.01946000 0.05635200 0.05702300
v -0.01946000 0.05635200 0.05702300
v -0.04656300 0.05348100 0.03545300
v -0.04656300 0.05348100 0.03545300
v -0.04656300 0.05348100 0.03545300
v -0.04656300 0.05348100 0.03545300
v -0.04656300 0.05348100 0.03545300
v -0.04656300 0.05348100 0.03545300
v 0.05471600 0.02764400 0.03880400
v 0.05471600 0.02764400 0.03880400
v 0.05471600 0.02764400 0.03880400
v 0.05471600 0.02764400 0.03880400
v 0.05471600 0.02764400 0.03880400
v 0.05471600 0.02764400 0.03880400
v 0.05107100 0.03961000 0.03674300
v 0.05107100 0.03961000 0.03674300
v 0.05107100 0.03961000 0.03674300
v 0.05107100 0.03961000 0.03674300
v 0.05107100 0.03961000 0.03674300
v 0.05107100 0.03961000 0.03674300
v -0.00303700 -0.05658400 0.04594300
v -0.00303700 -0.05658400 0.04594300
v -0.00303700 -0.05658400 0.04594300
v -0.00303700 -0.05658400 0.04594300
v -0.00303700 -0.05658400 0.04594300
v -0.00303700 -0.05658400 0.04594300
v 0.00858700 -0.05539800 0.04335400
v 0.00858700 -0.05539800 0.04335400
v 0.00858700 -0.05539800 0.04335400
v 0.00858700 -0.05539800 0.04335400
v 0.00858700 -0.05539800 0.04335400
v 0.00858700 -0.05539800 0.04335400
v -0.00300400 -0.04466300 0.01460900
v -0.00300400 -0.04466300 0.01460900
v -0.00300400 -0.04466300 0.01460900
v -0.00300400 -0.04466300 0.01460900
v -0.00300400 -0.04466300 0.01460900
v 0.00854700 -0.03987300 0.00725500
v 0.00854700 -0.03987300 0.00725500
v 0.00854700 -0.03987300 0.00725500
v 0.00854700 -0.03987300 0.00725500
v 0.00854700 -0.03987300 0.00725500
v 0.00854700 -0.03987300 0.00725500
v 0.00854700 -0.03987300 0.00725500
v -0.00299900 -0.03849500 0.00427200
v -0.00299900 -0.03849500 0.00427200
v -0.00299900 -0.03849500 0.00427200
v -0.00299900 -0.03849500 0.00427200
v -0.00299900 -0.03849500 0.00427200
v 0.03019500 0.04920200 0.06268000
v 0.03019500 0.04920200 0.06268000
v 0.03019500 0.04920200 0.06268000
v 0.03702400 0.04430900 0.06267600
v 0.03702400 0.04430900 0.06267600
v 0.03702400 0.04430900 0.06267600
v 0.05729400 0.00821700 0.06267000
v 0.05729400 0.00821700 0.06267000
v 0.05729400 0.00821700 0.06267000
v 0.05729400 0.00821700 0.06267000
v 0.05729400 0.00821700 0.06267000
v -0.00002300 -0.05803600 0.05593400
v -0.00002300 -0.05803600 0.05593400
v -0.00002300 -0.05803600 0.05593400
v -0.00002300 -0.05803600 0.05593400
v -0.00002300 -0.05803600 0.05593400
v 0.00854600 -0.05721300 0.05359000
v 0.00854600 -0.05721300 0.05359000
v 0.00854600 -0.05721300 0.05359000
v 0.00854600 -0.05721300 0.05359000
v 0.00854600 -0.05721300 0.05359000
v 0.00854600 -0.05721300 0.05359000
v -0.05775200 0.00400000 0.06267500
v -0.05775200 0.00400000 0.06267500
v -0.05775200 0.00400000 0.06267500
v -0.05775200 0.00400000 0.06267500
v -0.01866100 0.05461200 0.06268200
v -0.01866100 0.05461200 0.06268200
v -0.00319700 0.04978400 -0.05855000
v -0.00319700 0.04978400 -0.05855000
v -0.00319700 0.04978400 -0.05855000
v -0.00319700 0.04978400 -0.05855000
v -0.00319700 0.04978400 -0.05855000
v -0.00319700 0.04978400 -0.05855000
v -0.00319700 0.04978400 -0.05855000
v -0.00319700 0.04978400 -0.05855000
v -0.01392300 0.04989600 -0.05682500
v -0.01392300 0.04989600 -0.05682500
v -0.01392300 0.04989600 -0.05682500
v -0.01392300 0.04989600 -0.05682500
v -0.01392300 0.04989600 -0.05682500
v -0.02471300 0.05027800 -0.05302900
v -0.02471300 0.05027800 -0.05302900
v -0.02471300 0.05027800 -0.05302900
v -0.02471300 0.05027800 -0.05302900
v -0.02471300 0.05027800 -0.05302900
v -0.02471300 0.05027800 -0.05302900
v -0.03459200 0.05064900 -0.04710100
v -0.03459200 0.05064900 -0.04710100
v -0.03459200 0.05064900 -0.04710100
v -0.03459200 0.05064900 -0.04710100
v -0.03459200 0.05064900 -0.04710100
v -0.03459200 0.05064900 -0.04710100
v -0.03459200 0.05064900 -0.04710100
v -0.04494100 0.04805200 -0.03702100
v -0.04494100 0.04805200 -0.03702100
v -0.04494100 0.04805200 -0.03702100
v -0.04494100 0.04805200 -0.03702100
v -0.04494100 0.04805200 -0.03702100
v -0.04494100 0.04805200 -0.03702100
v -0.04993400 0.04977300 -0.02990500
v -0.04993400 0.04977300 -0.02990500
v -0.04993400 0.04977300 -0.02990500
v -0.04993400 0.04977300 -0.02990500
v -0.04993400 0.04977300 -0.02990500
v -0.04993400 0.04977300 -0.02990500
v -0.05460800 0.05008900 -0.01993700
v -0.05460800 0.05008900 -0.01993700
v -0.05460800 0.05008900 -0.01993700
v -0.05460800 0.05008900 -0.01993700
v -0.05460800 0.05008900 -0.01993700
v -0.05460800 0.05008900 -0.01993700
v -0.05742000 0.05110500 -0.00876900
v -0.05742000 0.05110500 -0.00876900
v -0.05742000 0.05110500 -0.00876900
v -0.05742000 0.05110500 -0.00876900
v -0.05742000 0.05110500 -0.00876900
v -0.05742000 0.05110500 -0.00876900
v -0.02474100 0.05659100 0.05377900
v -0.02474100 0.05659100 0.05377900
v -0.02474100 0.05659100 0.05377900
v -0.02474100 0.05659100 0.05377900
v -0.02474100 0.05659100 0.05377900
v 0.02229200 0.05732500 0.05443800
v 0.02229200 0.05732500 0.05443800
v 0.02229200 0.05732500 0.05443800
v 0.02229200 0.05732500 0.05443800
v 0.02981400 0.05654900 0.05057800
v 0.02981400 0.05654900 0.05057800
v 0.02981400 0.05654900 0.05057800
v 0.02981400 0.05654900 0.05057800
v 0.02981400 0.05654900 0.05057800
v 0.02981400 0.05654900 0.05057800
v 0.02981400 0.05654900 0.05057800
v 0.03899800 0.05556600 0.04348400
v 0.03899800 0.05556600 0.04348400
v 0.03899800 0.05556600 0.04348400
v 0.03899800 0.05556600 0.04348400
v 0.03899800 0.05556600 0.04348400
v 0.04661000 0.05282700 0.03560400
v 0.04661000 0.05282700 0.03560400
v 0.04661000 0.05282700 0.03560400
v 0.04661000 0.05282700 0.03560400
v 0.04661000 0.05282700 0.03560400
v 0.04661000 0.05282700 0.03560400
v 0.04661000 0.05282700 0.03560400
v 0.05637300 0.05168100 -0.01429500
v 0.05637300 0.05168100 -0.01429500
v 0.05637300 0.05168100 -0.01429500
v 0.05637300 0.05168100 -0.01429500
v 0.05637300 0.05168100 -0.01429500
v 0.05637300 0.05168100 -0.01429500
v 0.05637300 0.05168100 -0.01429500
v 0.05280300 0.04811500 -0.02399800
v 0.05280300 0.04811500 -0.02399800
v 0.05280300 0.04811500 -0.02399800
v 0.05280300 0.04811500 -0.02399800
v 0.05280300 0.04811500 -0.02399800
v 0.05280300 0.04811500 -0.02399800
v 0.04849100 0.04763900 -0.03202200
v 0.04849100 0.04763900 -0.03202200
v 0.04849100 0.04763900 -0.03202200
v 0.04849100 0.04763900 -0.03202200
v 0.04849100 0.04763900 -0.03202200
v 0.04849100 0.04763900 -0.03202200
v 0.04164600 0.05124600 -0.04109600
v 0.04164600 0.05124600 -0.04109600
v 0.04164600 0.05124600 -0.04109600
v 0.04164600 0.05124600 -0.04109600
v 0.04164600 0.05124600 -0.04109600
v 0.04164600 0.05124600 -0.04109600
v 0.04164600 0.05124600 -0.04109600
v 0.03016800 0.05055400 -0.05010100
v 0.03016800 0.05055400 -0.05010100
v 0.03016800 0.05055400 -0.05010100
v 0.03016800 0.05055400 -0.05010100
v 0.03016800 0.05055400 -0.05010100
v 0.03016800 0.05055400 -0.05010100
v 0.01983900 0.04979800 -0.05499800
v 0.01983900 0.04979800 -0.05499800
v 0.01983900 0.04979800 -0.05499800
v 0.01983900 0.04979800 -0.05499800
v 0.01983900 0.04979800 -0.05499800
v 0.01983900 0.04979800 -0.05499800
v 0.00880200 0.04968100 -0.05785800
v 0.00880200 0.04968100 -0.05785800
v 0.00880200 0.04968100 -0.05785800
v 0.00880200 0.04968100 -0.05785800
v 0.00880200 0.04968100 -0.05785800
v 0.00880200 0.04968100 -0.05785800
v 0.00880200 0.04968100 -0.05785800
v 0.00880200 0.04968100 -0.05785800
v -0.01056100 0.05672400 0.06264600
v -0.01056100 0.05672400 0.06264600
v -0.01056100 0.05672400 0.06264600
v -0.01056100 0.05672400 0.06264600
v -0.02649800 0.05127100 0.06265100
v -0.02649800 0.05127100 0.06265100
v -0.02649800 0.05127100 0.06265100
v -0.02649800 0.05127100 0.06265100
v -0.03365100 0.04691500 0.06268000
v -0.03365100 0.04691500 0.06268000
v -0.04018500 0.04148600 0.06267800
v -0.04018500 0.04148600 0.06267800
v -0.04018500 0.04148600 0.06267800
v -0.04592500 0.03507400 0.06267900
v -0.04592500 0.03507400 0.06267900
v -0.04592500 0.03507400 0.06267900
v -0.04592500 0.03507400 0.06267900
v -0.05049100 0.02812900 0.06267500
v -0.05049100 0.02812900 0.06267500
v -0.05405300 0.02055400 0.06267600
v -0.05405300 0.02055400 0.06267600
v -0.05405300 0.02055400 0.06267600
v -0.05648300 0.01257400 0.06267800
v -0.05648300 0.01257400 0.06267800
v -0.05648300 0.01257400 0.06267800
v -0.05774100 -0.00442900 0.06267400
v -0.05774100 -0.00442900 0.06267400
v -0.05774100 -0.00442900 0.06267400
v -0.05653800 -0.01269700 0.06267000
v -0.05653800 -0.01269700 0.06267000
v -0.05653800 -0.01269700 0.06267000
v -0.05565000 -0.01674900 0.06267100
v -0.05565000 -0.01674900 0.06267100
v -0.05565000 -0.01674900 0.06267100
v -0.05565000 -0.01674900 0.06267100
v -0.05565000 -0.01674900 0.06267100
v -0.05273000 -0.02416600 0.05585800
v -0.05273000 -0.02416600 0.05585800
v -0.05273000 -0.02416600 0.05585800
v -0.05273000 -0.02416600 0.05585800
v -0.05273000 -0.02416600 0.05585800
v -0.05273000 -0.02416600 0.05585800
v -0.05406300 -0.02091700 0.06267200
v -0.05406300 -0.02091700 0.06267200
v -0.05406300 -0.02091700 0.06267200
v -0.05049600 -0.02852100 0.06267200
v -0.05049600 -0.02852100 0.06267200
v -0.05049600 -0.02852100 0.06267200
v -0.04689500 -0.03411900 0.05547700
v -0.04689500 -0.03411900 0.05547700
v -0.04689500 -0.03411900 0.05547700
v -0.04689500 -0.03411900 0.05547700
v -0.04689500 -0.03411900 0.05547700
v -0.04689500 -0.03411900 0.05547700
v -0.04689500 -0.03411900 0.05547700
v -0.04589900 -0.03549500 0.06267000
v -0.04589900 -0.03549500 0.06267000
v -0.03915800 -0.04268100 0.05450900
v -0.03915800 -0.04268100 0.05450900
v -0.03915800 -0.04268100 0.05450900
v -0.03915800 -0.04268100 0.05450900
v -0.03915800 -0.04268100 0.05450900
v -0.03915800 -0.04268100 0.05450900
v -0.04026300 -0.04181200 0.06267000
v -0.04026300 -0.04181200 0.06267000
v -0.04026300 -0.04181200 0.06267000
v -0.02998000 -0.04953200 0.05408300
v -0.02998000 -0.04953200 0.05408300
v -0.02998000 -0.04953200 0.05408300
v -0.02998000 -0.04953200 0.05408300
v -0.02998000 -0.04953200 0.05408300
v -0.02998000 -0.04953200 0.05408300
v -0.02998000 -0.04953200 0.05408300
v -0.03368200 -0.04729500 0.06267000
v -0.03368200 -0.04729500 0.06267000
v -0.03368200 -0.04729500 0.06267000
v -0.01973100 -0.05432900 0.05332400
v -0.01973100 -0.05432900 0.05332400
v -0.01973100 -0.05432900 0.05332400
v -0.01973100 -0.05432900 0.05332400
v -0.01973100 -0.05432900 0.05332400
v -0.02647800 -0.05168500 0.06267200
v -0.02647800 -0.05168500 0.06267200
v -0.01053100 -0.05713100 0.06267000
v -0.01053100 -0.05713100 0.06267000
v -0.00787400 -0.05739600 0.05400600
v -0.00787400 -0.05739600 0.05400600
v -0.00787400 -0.05739600 0.05400600
v -0.00787400 -0.05739600 0.05400600
v -0.00787400 -0.05739600 0.05400600
v -0.00787400 -0.05739600 0.05400600
v -0.00787400 -0.05739600 0.05400600
v -0.01872300 -0.05499300 0.06266800
v -0.01872300 -0.05499300 0.06266800
v -0.01872300 -0.05499300 0.06266800
v -0.01872300 -0.05499300 0.06266800
v -0.00215600 -0.05806300 0.06267100
v -0.00215600 -0.05806300 0.06267100
v -0.00215600 -0.05806300 0.06267100
v 0.00633200 -0.05774800 0.06267200
v 0.00633200 -0.05774800 0.06267200
v 0.00633200 -0.05774800 0.06267200
v 0.01459800 -0.05623100 0.06266800
v 0.01459800 -0.05623100 0.06266800
v 0.01459800 -0.05623100 0.06266800
v 0.01958800 -0.05441600 0.05349600
v 0.01958800 -0.05441600 0.05349600
v 0.01958800 -0.05441600 0.05349600
v 0.01958800 -0.05441600 0.05349600
v 0.01958800 -0.05441600 0.05349600
v 0.01958800 -0.05441600 0.05349600
v 0.01958800 -0.05441600 0.05349600
v 0.02262200 -0.05349300 0.06267100
v 0.02262200 -0.05349300 0.06267100
v 0.03011300 -0.04966000 0.06266700
v 0.03011300 -0.04966000 0.06266700
v 0.03011300 -0.04966000 0.06266700
v 0.03011300 -0.04966000 0.06266700
v 0.02956500 -0.04972200 0.05375300
v 0.02956500 -0.04972200 0.05375300
v 0.02956500 -0.04972200 0.05375300
v 0.02956500 -0.04972200 0.05375300
v 0.02956500 -0.04972200 0.05375300
v 0.03862300 -0.04315000 0.05441400
v 0.03862300 -0.04315000 0.05441400
v 0.03862300 -0.04315000 0.05441400
v 0.03862300 -0.04315000 0.05441400
v 0.03862300 -0.04315000 0.05441400
v 0.03862300 -0.04315000 0.05441400
v 0.03862300 -0.04315000 0.05441400
v 0.03704000 -0.04469700 0.06267200
v 0.03704000 -0.04469700 0.06267200
v 0.04310200 -0.03886100 0.06267100
v 0.04310200 -0.03886100 0.06267100
v 0.04310200 -0.03886100 0.06267100
v 0.04647700 -0.03467600 0.05529800
v 0.04647700 -0.03467600 0.05529800
v 0.04647700 -0.03467600 0.05529800
v 0.04647700 -0.03467600 0.05529800
v 0.04647700 -0.03467600 0.05529800
v 0.04647700 -0.03467600 0.05529800
v 0.04647700 -0.03467600 0.05529800
v 0.04827100 -0.03216700 0.06267200
v 0.04827100 -0.03216700 0.06267200
v 0.05244100 -0.02395200 0.04906100
v 0.05244100 -0.02395200 0.04906100
v 0.05244100 -0.02395200 0.04906100
v 0.05244100 -0.02395200 0.04906100
v 0.05244100 -0.02395200 0.04906100
v 0.05244100 -0.02395200 0.04906100
v 0.05241600 -0.02480900 0.06267000
v 0.05241600 -0.02480900 0.06267000
v 0.05241600 -0.02480900 0.06267000
v 0.05241600 -0.02480900 0.06267000
v 0.05540100 -0.01635400 0.05050800
v 0.05540100 -0.01635400 0.05050800
v 0.05540100 -0.01635400 0.05050800
v 0.05540100 -0.01635400 0.05050800
v 0.05540100 -0.01635400 0.05050800
v 0.05540100 -0.01635400 0.05050800
v 0.05770800 -0.00770300 0.06267400
v 0.05770800 -0.00770300 0.06267400
v 0.05770800 -0.00770300 0.06267400
v 0.05770800 -0.00770300 0.06267400
v 0.05770800 -0.00770300 0.06267400
v 0.05544200 -0.01687600 0.06267300
v 0.05544200 -0.01687600 0.06267300
v 0.05544200 -0.01687600 0.06267300
v 0.05790000 -0.00016200 0.06267000
v 0.05790000 -0.00016200 0.06267000
v 0.05790000 -0.00016200 0.06267000
v 0.05790000 -0.00016200 0.06267000
v 0.05544000 0.01647900 0.06267400
v 0.05544000 0.01647900 0.06267400
v 0.05241400 0.02440300 0.06267800
v 0.05241400 0.02440300 0.06267800
v 0.04836600 0.03163200 0.06266500
v 0.04836600 0.03163200 0.06266500
v 0.04836600 0.03163200 0.06266500
v 0.04836600 0.03163200 0.06266500
v 0.04836600 0.03163200 0.06266500
v 0.04309000 0.03847300 0.06267900
v 0.04309000 0.03847300 0.06267900
v 0.04277800 0.03947500 0.05862400
v 0.04277800 0.03947500 0.05862400
v 0.04277800 0.03947500 0.05862400
v 0.04277800 0.03947500 0.05862400
v 0.04277800 0.03947500 0.05862400
v 0.04277800 0.03947500 0.05862400
v 0.02265000 0.05308000 0.06267700
v 0.02265000 0.05308000 0.06267700
v 0.01453700 0.05585400 0.06267400
v 0.01453700 0.05585400 0.06267400
v 0.01453700 0.05585400 0.06267400
v 0.01453700 0.05585400 0.06267400
v 0.00633000 0.05734800 0.06267300
v 0.00633000 0.05734800 0.06267300
v -0.00213900 0.05766000 0.06267600
v -0.00213900 0.05766000 0.06267600
v -0.00213900 0.05766000 0.06267600
v -0.00213900 0.05766000 0.06267600
v 0.05744600 0.01945000 0.03173900
v 0.05744600 0.01945000 0.03173900
v 0.05744600 0.01945000 0.03173900
v 0.05744600 0.01945000 0.03173900
v 0.05744600 0.01945000 0.03173900
v 0.05744600 0.01945000 0.03173900
v 0.05744600 0.01945000 0.03173900
v 0.05799700 0.00900900 0.02796000
v 0.05799700 0.00900900 0.02796000
v 0.05799700 0.00900900 0.02796000
v 0.05799700 0.00900900 0.02796000
v 0.05799700 0.00900900 0.02796000
v 0.05799700 0.00900900 0.02796000
v 0.05799700 0.00900900 0.02796000
v 0.05634500 0.00660700 0.01354700
v 0.05634500 0.00660700 0.01354700
v 0.05634500 0.00660700 0.01354700
v 0.05634500 0.00660700 0.01354700
v 0.05634500 0.00660700 0.01354700
v 0.05634500 0.00660700 0.01354700
v 0.05634500 0.00660700 0.01354700
v 0.05251300 0.00505800 0.00058000
v 0.05251300 0.00505800 0.00058000
v 0.05251300 0.00505800 0.00058000
v 0.05251300 0.00505800 0.00058000
v 0.05251300 0.00505800 0.00058000
v 0.05251200 -0.00681300 0.01435400
v 0.05251200 -0.00681300 0.01435400
v 0.05251200 -0.00681300 0.01435400
v 0.05251200 -0.00681300 0.01435400
v 0.05251200 -0.00681300 0.01435400
v 0.05251200 -0.00681300 0.01435400
v 0.04667700 -0.00138800 -0.00620000
v 0.04667700 -0.00138800 -0.00620000
v 0.04667700 -0.00138800 -0.00620000
v 0.04667700 -0.00138800 -0.00620000
v 0.04667700 -0.00138800 -0.00620000
v 0.04667700 -0.00138800 -0.00620000
v 0.04667700 -0.00138800 -0.00620000
v 0.04667300 -0.01458600 0.00912000
v 0.04667300 -0.01458600 0.00912000
v 0.04667300 -0.01458600 0.00912000
v 0.04667300 -0.01458600 0.00912000
v 0.04667300 -0.01458600 0.00912000
v 0.03904700 -0.00692900 -0.01209300
v 0.03904700 -0.00692900 -0.01209300
v 0.03904700 -0.00692900 -0.01209300
v 0.03904700 -0.00692900 -0.01209300
v 0.03904700 -0.00692900 -0.01209300
v 0.03904100 -0.02127800 0.00455900
v 0.03904100 -0.02127800 0.00455900
v 0.03904100 -0.02127800 0.00455900
v 0.03904100 -0.02127800 0.00455900
v 0.03904100 -0.02127800 0.00455900
v 0.02991100 -0.01138400 -0.01684400
v 0.02991100 -0.01138400 -0.01684400
v 0.02991100 -0.01138400 -0.01684400
v 0.02991100 -0.01138400 -0.01684400
v 0.02991100 -0.01138400 -0.01684400
v 0.02990400 -0.02666300 0.00088500
v 0.02990400 -0.02666300 0.00088500
v 0.02990400 -0.02666300 0.00088500
v 0.02990400 -0.02666300 0.00088500
v 0.02990400 -0.02666300 0.00088500
v 0.02990400 -0.02666300 0.00088500
v 0.01961400 -0.01459100 -0.02025700
v 0.01961400 -0.01459100 -0.02025700
v 0.01961400 -0.01459100 -0.02025700
v 0.01961400 -0.01459100 -0.02025700
v 0.01961400 -0.01459100 -0.02025700
v 0.01961400 -0.01459100 -0.02025700
v 0.01960600 -0.03053600 -0.00175100
v 0.01960600 -0.03053600 -0.00175100
v 0.01960600 -0.03053600 -0.00175100
v 0.01960600 -0.03053600 -0.00175100
v 0.01960600 -0.03053600 -0.00175100
v 0.00866000 -0.02533300 -0.01253000
v 0.00866000 -0.02533300 -0.01253000
v 0.00866000 -0.02533300 -0.01253000
v 0.00866000 -0.02533300 -0.01253000
v 0.00866000 -0.02533300 -0.01253000
v 0.00866000 -0.02533300 -0.01253000
v -0.00332700 -0.02800400 -0.01019100
v -0.00332700 -0.02800400 -0.01019100
v -0.00332700 -0.02800400 -0.01019100
v -0.00332700 -0.02800400 -0.01019100
v -0.00332700 -0.02800400 -0.01019100
v -0.00332700 -0.02800400 -0.01019100
v 0.05687200 0.01362100 0.04838300
v 0.05687200 0.01362100 0.04838300
v 0.05687200 0.01362100 0.04838300
v 0.05687200 0.01362100 0.04838300
v 0.05745200 -0.00541900 0.04323900
v 0.05745200 -0.00541900 0.04323900
v 0.05745200 -0.00541900 0.04323900
v 0.05745200 -0.00541900 0.04323900
v 0.05745200 -0.00541900 0.04323900
v 0.05745200 -0.00541900 0.04323900
v 0.05468400 -0.01142400 0.03124200
v 0.05468400 -0.01142400 0.03124200
v 0.05468400 -0.01142400 0.03124200
v 0.05468400 -0.01142400 0.03124200
v 0.05468400 -0.01142400 0.03124200
v 0.05468400 -0.01142400 0.03124200
v 0.04982600 -0.02074300 0.02754600
v 0.04982600 -0.02074300 0.02754600
v 0.04982600 -0.02074300 0.02754600
v 0.04982600 -0.02074300 0.02754600
v 0.04982600 -0.02074300 0.02754600
v 0.04982600 -0.02074300 0.02754600
v 0.04487400 -0.02700600 0.02503800
v 0.04487400 -0.02700600 0.02503800
v 0.04487400 -0.02700600 0.02503800
v 0.04487400 -0.02700600 0.02503800
v 0.04487400 -0.02700600 0.02503800
v 0.03903600 -0.03261000 0.02269100
v 0.03903600 -0.03261000 0.02269100
v 0.03903600 -0.03261000 0.02269100
v 0.03903600 -0.03261000 0.02269100
v 0.03903600 -0.03261000 0.02269100
v 0.03903600 -0.03261000 0.02269100
v 0.02989800 -0.03872600 0.02018200
v 0.02989800 -0.03872600 0.02018200
v 0.02989800 -0.03872600 0.02018200
v 0.02989800 -0.03872600 0.02018200
v 0.02989800 -0.03872600 0.02018200
v 0.01959900 -0.04312600 0.01838600
v 0.01959900 -0.04312600 0.01838600
v 0.01959900 -0.04312600 0.01838600
v 0.01959900 -0.04312600 0.01838600
v 0.01959900 -0.04312600 0.01838600
v 0.01959900 -0.04312600 0.01838600
v 0.05471600 0.02009500 0.05418500
v 0.05471600 0.02009500 0.05418500
v 0.05471600 0.02009500 0.05418500
v 0.05471600 0.02009500 0.05418500
v 0.05471600 0.02009500 0.05418500
v 0.05471600 0.02009500 0.05418500
v 0.05471600 0.02009500 0.05418500
v 0.00856100 -0.05064100 0.02822900
v 0.00856100 -0.05064100 0.02822900
v 0.00856100 -0.05064100 0.02822900
v 0.00856100 -0.05064100 0.02822900
v 0.00856100 -0.05064100 0.02822900
v 0.00856100 -0.05064100 0.02822900
v 0.00856100 -0.05064100 0.02822900
v 0.00856100 -0.05064100 0.02822900
v 0.02500700 0.05437400 0.05600100
v 0.02500700 0.05437400 0.05600100
v 0.02500700 0.05437400 0.05600100
v 0.02500700 0.05437400 0.05600100
v 0.02500700 0.05437400 0.05600100
v 0.02500700 0.05437400 0.05600100
v 0.02500700 0.05437400 0.05600100
v 0.03189200 0.05157500 0.05339700
v 0.03189200 0.05157500 0.05339700
v 0.03189200 0.05157500 0.05339700
v 0.03189200 0.05157500 0.05339700
v 0.03189200 0.05157500 0.05339700
v 0.03896700 0.04946900 0.04801800
v 0.03896700 0.04946900 0.04801800
v 0.03896700 0.04946900 0.04801800
v 0.03896700 0.04946900 0.04801800
v 0.03896700 0.04946900 0.04801800
v 0.03896700 0.04946900 0.04801800
v 0.05105100 0.03105400 0.04823800
v 0.05105100 0.03105400 0.04823800
v 0.05105100 0.03105400 0.04823800
v 0.05105100 0.03105400 0.04823800
v 0.05105100 0.03105400 0.04823800
v 0.04651200 0.03758500 0.05092800
v 0.04651200 0.03758500 0.05092800
v 0.04651200 0.03758500 0.05092800
v 0.04651200 0.03758500 0.05092800
v 0.04651200 0.03758500 0.05092800
v 0.04651200 0.03758500 0.05092800
v 0.03873400 0.04517800 0.05422300
v 0.03873400 0.04517800 0.05422300
v 0.03873400 0.04517800 0.05422300
v 0.03873400 0.04517800 0.05422300
v 0.03873400 0.04517800 0.05422300
v 0.03873400 0.04517800 0.05422300
v 0.04666700 -0.03197800 0.04288700
v 0.04666700 -0.03197800 0.04288700
v 0.04666700 -0.03197800 0.04288700
v 0.04666700 -0.03197800 0.04288700
v 0.04666700 -0.03197800 0.04288700
v 0.04666700 -0.03197800 0.04288700
v 0.03903300 -0.04018500 0.04124300
v 0.03903300 -0.04018500 0.04124300
v 0.03903300 -0.04018500 0.04124300
v 0.03903300 -0.04018500 0.04124300
v 0.03903300 -0.04018500 0.04124300
v 0.03903300 -0.04018500 0.04124300
v 0.02989300 -0.04679000 0.03991900
v 0.02989300 -0.04679000 0.03991900
v 0.02989300 -0.04679000 0.03991900
v 0.02989300 -0.04679000 0.03991900
v 0.02989300 -0.04679000 0.03991900
v 0.02989300 -0.04679000 0.03991900
v 0.02989300 -0.04679000 0.03991900
v 0.01957700 -0.04960500 0.03348300
v 0.01957700 -0.04960500 0.03348300
v 0.01957700 -0.04960500 0.03348300
v 0.01957700 -0.04960500 0.03348300
v 0.01957400 -0.05264700 0.04361100
v 0.01957400 -0.05264700 0.04361100
v 0.01957400 -0.05264700 0.04361100
v 0.01957400 -0.05264700 0.04361100
v 0.01957400 -0.05264700 0.04361100
v 0.01957400 -0.05264700 0.04361100
v -0.00302200 -0.05380600 0.03558800
v -0.00302200 -0.05380600 0.03558800
v -0.00302200 -0.05380600 0.03558800
v -0.00302200 -0.05380600 0.03558800
v -0.00302200 -0.05380600 0.03558800
v -0.00302200 -0.05380600 0.03558800
v -0.01413000 -0.03131100 -0.00338000
v -0.01413000 -0.03131100 -0.00338000
v -0.01413000 -0.03131100 -0.00338000
v -0.01413000 -0.03131100 -0.00338000
v -0.01413000 -0.03131100 -0.00338000
v -0.01413000 -0.03131100 -0.00338000
v -0.01412700 -0.04422400 0.01701300
v -0.01412700 -0.04422400 0.01701300
v -0.01412700 -0.04422400 0.01701300
v -0.01412700 -0.04422400 0.01701300
v -0.01412700 -0.04422400 0.01701300
v -0.01412700 -0.04422400 0.01701300
v -0.01412700 -0.04422400 0.01701300
v -0.02487300 -0.02887900 -0.00046500
v -0.02487300 -0.02887900 -0.00046500
v -0.02487300 -0.02887900 -0.00046500
v -0.02487300 -0.02887900 -0.00046500
v -0.02487300 -0.02887900 -0.00046500
v -0.02487300 -0.02887900 -0.00046500
v -0.02488200 -0.04120600 0.01930400
v -0.02488200 -0.04120600 0.01930400
v -0.02488200 -0.04120600 0.01930400
v -0.02488200 -0.04120600 0.01930400
v -0.02488200 -0.04120600 0.01930400
v -0.02488200 -0.04120600 0.01930400
v -0.03463700 -0.02427100 0.00276300
v -0.03463700 -0.02427100 0.00276300
v -0.03463700 -0.02427100 0.00276300
v -0.03463700 -0.02427100 0.00276300
v -0.03463700 -0.02427100 0.00276300
v -0.03463700 -0.02427100 0.00276300
v -0.03464300 -0.03595300 0.02152800
v -0.03464300 -0.03595300 0.02152800
v -0.03464300 -0.03595300 0.02152800
v -0.03464300 -0.03595300 0.02152800
v -0.03464300 -0.03595300 0.02152800
v -0.03464300 -0.03595300 0.02152800
v -0.04107300 -0.01980900 0.00585600
v -0.04107300 -0.01980900 0.00585600
v -0.04107300 -0.01980900 0.00585600
v -0.04107300 -0.01980900 0.00585600
v -0.04107300 -0.01980900 0.00585600
v -0.04107300 -0.01980900 0.00585600
v -0.04306500 -0.02910400 0.02443400
v -0.04306500 -0.02910400 0.02443400
v -0.04306500 -0.02910400 0.02443400
v -0.04306500 -0.02910400 0.02443400
v -0.04306500 -0.02910400 0.02443400
v -0.04306500 -0.02910400 0.02443400
v -0.04667400 -0.01480100 0.00941500
v -0.04667400 -0.01480100 0.00941500
v -0.04667400 -0.01480100 0.00941500
v -0.04667400 -0.01480100 0.00941500
v -0.04667400 -0.01480100 0.00941500
v -0.04667400 -0.01480100 0.00941500
v -0.04983000 -0.02093200 0.02793100
v -0.04983000 -0.02093200 0.02793100
v -0.04983000 -0.02093200 0.02793100
v -0.04983000 -0.02093200 0.02793100
v -0.04983000 -0.02093200 0.02793100
v -0.04983000 -0.02093200 0.02793100
v -0.05251200 -0.00717100 0.01484200
v -0.05251200 -0.00717100 0.01484200
v -0.05251200 -0.00717100 0.01484200
v -0.05251200 -0.00717100 0.01484200
v -0.05251200 -0.00717100 0.01484200
v -0.05468500 -0.01178300 0.03195300
v -0.05468500 -0.01178300 0.03195300
v -0.05468500 -0.01178300 0.03195300
v -0.05468500 -0.01178300 0.03195300
v -0.05468500 -0.01178300 0.03195300
v -0.05468500 -0.01178300 0.03195300
v -0.05749500 -0.00565700 0.04460800
v -0.05749500 -0.00565700 0.04460800
v -0.05749500 -0.00565700 0.04460800
v -0.05749500 -0.00565700 0.04460800
v -0.05749500 -0.00565700 0.04460800
v -0.05749500 -0.00565700 0.04460800
v -0.05749500 -0.00565700 0.04460800
v -0.05749500 -0.00565700 0.04460800
v -0.05632200 0.01638800 0.04875100
v -0.05632200 0.01638800 0.04875100
v -0.05632200 0.01638800 0.04875100
v -0.05632200 0.01638800 0.04875100
v -0.05632200 0.01638800 0.04875100
v -0.05632200 0.01638800 0.04875100
v -0.05354100 0.02412100 0.05103900
v -0.05354100 0.02412100 0.05103900
v -0.05354100 0.02412100 0.05103900
v -0.05354100 0.02412100 0.05103900
v -0.05354100 0.02412100 0.05103900
v -0.05354100 0.02412100 0.05103900
v -0.05103500 0.02829900 0.05440500
v -0.05103500 0.02829900 0.05440500
v -0.05103500 0.02829900 0.05440500
v -0.05103500 0.02829900 0.05440500
v -0.05103500 0.02829900 0.05440500
v -0.05103500 0.02829900 0.05440500
v -0.05103500 0.02829900 0.05440500
v -0.04814200 0.03360000 0.05394700
v -0.04814200 0.03360000 0.05394700
v -0.04814200 0.03360000 0.05394700
v -0.04814200 0.03360000 0.05394700
v -0.04297400 0.03992800 0.05589100
v -0.04297400 0.03992800 0.05589100
v -0.04297400 0.03992800 0.05589100
v -0.04297400 0.03992800 0.05589100
v -0.04297400 0.03992800 0.05589100
v -0.04297400 0.03992800 0.05589100
v -0.03458500 0.04696500 0.05848400
v -0.03458500 0.04696500 0.05848400
v -0.03458500 0.04696500 0.05848400
v -0.03458500 0.04696500 0.05848400
v -0.03458500 0.04696500 0.05848400
v -0.03458500 0.04696500 0.05848400
v -0.02974200 0.05134400 0.05619800
v -0.02974200 0.05134400 0.05619800
v -0.02974200 0.05134400 0.05619800
v -0.02974200 0.05134400 0.05619800
v -0.02974200 0.05134400 0.05619800
v -0.02974200 0.05134400 0.05619800
v -0.02974200 0.05134400 0.05619800
v -0.01954100 0.05479200 0.05996300
v -0.01954100 0.05479200 0.05996300
v -0.01954100 0.05479200 0.05996300
v -0.01954100 0.05479200 0.05996300
v -0.01954100 0.05479200 0.05996300
v -0.01954100 0.05479200 0.05996300
v -0.01130200 0.05738000 0.05924900
v -0.01130200 0.05738000 0.05924900
v -0.01130200 0.05738000 0.05924900
v -0.01130200 0.05738000 0.05924900
v -0.01130200 0.05738000 0.05924900
v 0.01410700 0.05631300 0.06045900
v 0.01410700 0.05631300 0.06045900
v 0.01410700 0.05631300 0.06045900
v 0.01410700 0.05631300 0.06045900
v 0.01410700 0.05631300 0.06045900
v 0.02477000 0.05261800 0.05983400
v 0.02477000 0.05261800 0.05983400
v 0.02477000 0.05261800 0.05983400
v 0.02477000 0.05261800 0.05983400
v 0.02477000 0.05261800 0.05983400
v 0.02477000 0.05261800 0.05983400
v 0.03439800 0.04705500 0.05869000
v 0.03439800 0.04705500 0.05869000
v 0.03439800 0.04705500 0.05869000
v 0.03439800 0.04705500 0.05869000
v 0.03439800 0.04705500 0.05869000
v 0.03439800 0.04705500 0.05869000
v 0.03439800 0.04705500 0.05869000
v -0.00301100 -0.04979900 0.02509500
v -0.00301100 -0.04979900 0.02509500
v -0.00301100 -0.04979900 0.02509500
v -0.00301100 -0.04979900 0.02509500
v -0.00301100 -0.04979900 0.02509500
v -0.01410400 -0.05107400 0.03275600
v -0.01410400 -0.05107400 0.03275600
v -0.01410400 -0.05107400 0.03275600
v -0.01410400 -0.05107400 0.03275600
v -0.01410400 -0.05107400 0.03275600
v -0.01410400 -0.05107400 0.03275600
v -0.05468600 -0.01752800 0.04638800
v -0.05468600 -0.01752800 0.04638800
v -0.05468600 -0.01752800 0.04638800
v -0.05468600 -0.01752800 0.04638800
v -0.05468600 -0.01752800 0.04638800
v -0.04983300 -0.02746700 0.04417400
v -0.04983300 -0.02746700 0.04417400
v -0.04983300 -0.02746700 0.04417400
v -0.04983300 -0.02746700 0.04417400
v -0.04983300 -0.02746700 0.04417400
v -0.04983300 -0.02746700 0.04417400
v -0.04307200 -0.03632100 0.04227900
v -0.04307200 -0.03632100 0.04227900
v -0.04307200 -0.03632100 0.04227900
v -0.04307200 -0.03632100 0.04227900
v -0.04307200 -0.03632100 0.04227900
v -0.04307200 -0.03632100 0.04227900
v -0.03465600 -0.04373800 0.04071300
v -0.03465600 -0.04373800 0.04071300
v -0.03465600 -0.04373800 0.04071300
v -0.03465600 -0.04373800 0.04071300
v -0.03465600 -0.04373800 0.04071300
v -0.03465600 -0.04373800 0.04071300
v -0.02489800 -0.04942900 0.03951600
v -0.02489800 -0.04942900 0.03951600
v -0.02489800 -0.04942900 0.03951600
v -0.02489800 -0.04942900 0.03951600
v -0.02489800 -0.04942900 0.03951600
v -0.02489800 -0.04942900 0.03951600
v -0.02489800 -0.04942900 0.03951600
v -0.01410800 -0.05420500 0.04307200
v -0.01410800 -0.05420500 0.04307200
v -0.01410800 -0.05420500 0.04307200
v -0.01410800 -0.05420500 0.04307200
v -0.01410800 -0.05420500 0.04307200
v -0.01410800 -0.05420500 0.04307200
v 0.04661700 0.04416700 0.04187800
v 0.04661700 0.04416700 0.04187800
v 0.04661700 0.04416700 0.04187800
v 0.04661700 0.04416700 0.04187800
v 0.04661700 0.04416700 0.04187800
v 0.04661700 0.04416700 0.04187800
v -0.03877700 0.05337400 0.04495500
v -0.03877700 0.05337400 0.04495500
v -0.03877700 0.05337400 0.04495500
v -0.03877700 0.05337400 0.04495500
v -0.03877700 0.05337400 0.04495500
v -0.03877700 0.05337400 0.04495500
v -0.03877700 0.05337400 0.04495500
v -0.05093400 0.03825900 0.03815300
v -0.05093400 0.03825900 0.03815300
v -0.05093400 0.03825900 0.03815300
v -0.05093400 0.03825900 0.03815300
v -0.05093400 0.03825900 0.03815300
v -0.05093400 0.03825900 0.03815300
v -0.05093400 0.03825900 0.03815300
v -0.05093400 0.03825900 0.03815300
v -0.04659600 0.04677000 0.03970900
v -0.04659600 0.04677000 0.03970900
v -0.04659600 0.04677000 0.03970900
v -0.04659600 0.04677000 0.03970900
v -0.04663000 0.04096600 0.04545900
v -0.04663000 0.04096600 0.04545900
v -0.04663000 0.04096600 0.04545900
v -0.04663000 0.04096600 0.04545900
v -0.04663000 0.04096600 0.04545900
v -0.04663000 0.04096600 0.04545900
v -0.04663000 0.04096600 0.04545900
v -0.03896100 0.04725100 0.05059600
v -0.03896100 0.04725100 0.05059600
v -0.03896100 0.04725100 0.05059600
v -0.03896100 0.04725100 0.05059600
v -0.03896100 0.04725100 0.05059600
v -0.03896100 0.04725100 0.05059600
v -0.05110100 0.05173600 0.02840200
v -0.05110100 0.05173600 0.02840200
v -0.05110100 0.05173600 0.02840200
v -0.05110100 0.05173600 0.02840200
v -0.05110100 0.05173600 0.02840200
v -0.03900700 0.04148000 -0.04166000
v -0.03900700 0.04148000 -0.04166000
v -0.03900700 0.04148000 -0.04166000
v -0.03900700 0.04148000 -0.04166000
v -0.03900700 0.04148000 -0.04166000
v -0.02986300 0.04020100 -0.04832100
v -0.02986300 0.04020100 -0.04832100
v -0.02986300 0.04020100 -0.04832100
v -0.02986300 0.04020100 -0.04832100
v -0.02986300 0.04020100 -0.04832100
v -0.02986300 0.04020100 -0.04832100
v -0.05471300 0.04421200 0.02327000
v -0.05471300 0.04421200 0.02327000
v -0.05471300 0.04421200 0.02327000
v -0.05471300 0.04421200 0.02327000
v -0.05471300 0.04421200 0.02327000
v -0.05471300 0.04421200 0.02327000
v -0.05471300 0.04421200 0.02327000
v -0.05743700 0.03988600 0.01343400
v -0.05743700 0.03988600 0.01343400
v -0.05743700 0.03988600 0.01343400
v -0.05743700 0.03988600 0.01343400
v -0.05743700 0.03988600 0.01343400
v -0.05743700 0.03988600 0.01343400
v -0.05743700 0.03988600 0.01343400
v -0.05743700 0.03988600 0.01343400
v -0.05744600 0.03221700 -0.00140900
v -0.05744600 0.03221700 -0.00140900
v -0.05744600 0.03221700 -0.00140900
v -0.05744600 0.03221700 -0.00140900
v -0.05744600 0.03221700 -0.00140900
v -0.05744600 0.03221700 -0.00140900
v -0.05468400 0.03493800 -0.01471000
v -0.05468400 0.03493800 -0.01471000
v -0.05468400 0.03493800 -0.01471000
v -0.05468400 0.03493800 -0.01471000
v -0.05468400 0.03493800 -0.01471000
v -0.05468400 0.03493800 -0.01471000
v -0.04982800 0.03177600 -0.02440300
v -0.04982800 0.03177600 -0.02440300
v -0.04982800 0.03177600 -0.02440300
v -0.04982800 0.03177600 -0.02440300
v -0.04982800 0.03177600 -0.02440300
v -0.04982800 0.03177600 -0.02440300
v -0.04982800 0.03177600 -0.02440300
v -0.04306200 0.02890300 -0.03298900
v -0.04306200 0.02890300 -0.03298900
v -0.04306200 0.02890300 -0.03298900
v -0.04306200 0.02890300 -0.03298900
v -0.04306200 0.02890300 -0.03298900
v -0.04306200 0.02890300 -0.03298900
v -0.03463800 0.02648700 -0.04017300
v -0.03463800 0.02648700 -0.04017300
v -0.03463800 0.02648700 -0.04017300
v -0.03463800 0.02648700 -0.04017300
v -0.03463800 0.02648700 -0.04017300
v -0.03463800 0.02648700 -0.04017300
v -0.03463800 0.02648700 -0.04017300
v -0.00266000 0.01214700 -0.04518400
v -0.00266000 0.01214700 -0.04518400
v -0.00266000 0.01214700 -0.04518400
v -0.00266000 0.01214700 -0.04518400
v -0.00266000 0.01214700 -0.04518400
v -0.00266000 0.01214700 -0.04518400
v -0.05468400 0.02083700 -0.00631600
v -0.05468400 0.02083700 -0.00631600
v -0.05468400 0.02083700 -0.00631600
v -0.05468400 0.02083700 -0.00631600
v -0.05468400 0.02083700 -0.00631600
v -0.04982800 0.01590700 -0.01502500
v -0.04982800 0.01590700 -0.01502500
v -0.04982800 0.01590700 -0.01502500
v -0.04982800 0.01590700 -0.01502500
v -0.04982800 0.01590700 -0.01502500
v -0.04982800 0.01590700 -0.01502500
v -0.04305900 0.01145800 -0.02271900
v -0.04305900 0.01145800 -0.02271900
v -0.04305900 0.01145800 -0.02271900
v -0.04305900 0.01145800 -0.02271900
v -0.04305900 0.01145800 -0.02271900
v -0.04305900 0.01145800 -0.02271900
v -0.04305900 0.01145800 -0.02271900
v -0.03463300 0.00772300 -0.02915100
v -0.03463300 0.00772300 -0.02915100
v -0.03463300 0.00772300 -0.02915100
v -0.03463300 0.00772300 -0.02915100
v -0.03463300 0.00772300 -0.02915100
v -0.03463300 0.00772300 -0.02915100
v -0.02486600 0.00485900 -0.03408300
v -0.02486600 0.00485900 -0.03408300
v -0.02486600 0.00485900 -0.03408300
v -0.02486600 0.00485900 -0.03408300
v -0.02486600 0.00485900 -0.03408300
v -0.02486600 0.00485900 -0.03408300
v -0.01415400 0.00327900 -0.03752700
v -0.01415400 0.00327900 -0.03752700
v -0.01415400 0.00327900 -0.03752700
v -0.01415400 0.00327900 -0.03752700
v -0.01415400 0.00327900 -0.03752700
v -0.01415400 0.00327900 -0.03752700
v -0.01415400 0.00327900 -0.03752700
v -0.00267400 0.00198900 -0.03853700
v -0.00267400 0.00198900 -0.03853700
v -0.00267400 0.00198900 -0.03853700
v -0.00267400 0.00198900 -0.03853700
v -0.00267400 0.00198900 -0.03853700
v -0.01425400 -0.01529800 -0.02175400
v -0.01425400 -0.01529800 -0.02175400
v -0.01425400 -0.01529800 -0.02175400
v -0.01425400 -0.01529800 -0.02175400
v -0.01425400 -0.01529800 -0.02175400
v -0.01425400 -0.01529800 -0.02175400
v -0.01425400 -0.01529800 -0.02175400
v -0.02486800 -0.01325300 -0.01863800
v -0.02486800 -0.01325300 -0.01863800
v -0.02486800 -0.01325300 -0.01863800
v -0.02486800 -0.01325300 -0.01863800
v -0.02486800 -0.01325300 -0.01863800
v -0.02486800 -0.01325300 -0.01863800
v -0.03463300 -0.00945500 -0.01448700
v -0.03463300 -0.00945500 -0.01448700
v -0.03463300 -0.00945500 -0.01448700
v -0.03463300 -0.00945500 -0.01448700
v -0.03463300 -0.00945500 -0.01448700
v -0.03463300 -0.00945500 -0.01448700
v -0.04106700 -0.00577300 -0.01050600
v -0.04106700 -0.00577300 -0.01050600
v -0.04106700 -0.00577300 -0.01050600
v -0.04106700 -0.00577300 -0.01050600
v -0.04106700 -0.00577300 -0.01050600
v -0.04667200 -0.00165100 -0.00594400
v -0.04667200 -0.00165100 -0.00594400
v -0.04667200 -0.00165100 -0.00594400
v -0.04667200 -0.00165100 -0.00594400
v -0.04667200 -0.00165100 -0.00594400
v -0.04667200 -0.00165100 -0.00594400
v -0.05251100 0.00462700 0.00100600
v -0.05251100 0.00462700 0.00100600
v -0.05251100 0.00462700 0.00100600
v -0.05251100 0.00462700 0.00100600
v -0.05251100 0.00462700 0.00100600
v -0.05251100 0.00462700 0.00100600
v -0.05634400 0.00586900 0.01440800
v -0.05634400 0.00586900 0.01440800
v -0.05634400 0.00586900 0.01440800
v -0.05634400 0.00586900 0.01440800
v -0.05634400 0.00586900 0.01440800
v -0.05634400 0.00586900 0.01440800
v -0.05634400 0.00586900 0.01440800
v -0.05794100 0.01601700 0.01758700
v -0.05794100 0.01601700 0.01758700
v -0.05794100 0.01601700 0.01758700
v -0.05794100 0.01601700 0.01758700
v -0.05794100 0.01601700 0.01758700
v -0.05794100 0.01601700 0.01758700
v -0.05794100 0.01601700 0.01758700
v -0.05799700 0.00418300 0.03848900
v -0.05799700 0.00418300 0.03848900
v -0.05799700 0.00418300 0.03848900
v -0.05799700 0.00418300 0.03848900
v -0.05799700 0.00418300 0.03848900
v -0.05799700 0.00418300 0.03848900
v -0.05770400 0.01276400 0.03578100
v -0.05770400 0.01276400 0.03578100
v -0.05770400 0.01276400 0.03578100
v -0.05770400 0.01276400 0.03578100
v -0.05770400 0.01276400 0.03578100
v -0.05632400 0.02671800 0.03170200
v -0.05632400 0.02671800 0.03170200
v -0.05632400 0.02671800 0.03170200
v -0.05632400 0.02671800 0.03170200
v -0.05632400 0.02671800 0.03170200
v -0.05352900 0.03255500 0.03702700
v -0.05352900 0.03255500 0.03702700
v -0.05352900 0.03255500 0.03702700
v -0.05352900 0.03255500 0.03702700
v -0.05352900 0.03255500 0.03702700
v -0.00264200 0.02264500 -0.05069600
v -0.00264200 0.02264500 -0.05069600
v -0.00264200 0.02264500 -0.05069600
v -0.00264200 0.02264500 -0.05069600
v -0.00264200 0.02264500 -0.05069600
v -0.00264200 0.02264500 -0.05069600
v -0.00262000 0.03337700 -0.05492900
v -0.00262000 0.03337700 -0.05492900
v -0.00262000 0.03337700 -0.05492900
v -0.00262000 0.03337700 -0.05492900
v -0.00262000 0.03337700 -0.05492900
v -0.00262000 0.03337700 -0.05492900
v -0.00262000 0.03337700 -0.05492900
v -0.00037800 0.04101300 -0.05698500
v -0.00037800 0.04101300 -0.05698500
v -0.00037800 0.04101300 -0.05698500
v -0.00037800 0.04101300 -0.05698500
v 0.00854200 0.03856400 -0.05576400
v 0.00854200 0.03856400 -0.05576400
v 0.00854200 0.03856400 -0.05576400
v 0.00854200 0.03856400 -0.05576400
v 0.00854200 0.03856400 -0.05576400
v 0.00854200 0.03856400 -0.05576400
v 0.05105300 0.05047500 0.02894200
v 0.05105300 0.05047500 0.02894200
v 0.05105300 0.05047500 0.02894200
v 0.05105300 0.05047500 0.02894200
v 0.05105300 0.05047500 0.02894200
v 0.05105300 0.05047500 0.02894200
v 0.05105300 0.05047500 0.02894200
v 0.05467500 0.05173000 0.02015800
v 0.05467500 0.05173000 0.02015800
v 0.05467500 0.05173000 0.02015800
v 0.05467500 0.05173000 0.02015800
v 0.05467500 0.05173000 0.02015800
v 0.05798100 0.04891000 -0.00267000
v 0.05798100 0.04891000 -0.00267000
v 0.05798100 0.04891000 -0.00267000
v 0.05798100 0.04891000 -0.00267000
v 0.05798100 0.04891000 -0.00267000
v 0.05798100 0.04891000 -0.00267000
v 0.03900400 0.04156900 -0.04168600
v 0.03900400 0.04156900 -0.04168600
v 0.03900400 0.04156900 -0.04168600
v 0.03900400 0.04156900 -0.04168600
v 0.03900400 0.04156900 -0.04168600
v 0.03900400 0.04156900 -0.04168600
v 0.02985900 0.04025200 -0.04833700
v 0.02985900 0.04025200 -0.04833700
v 0.02985900 0.04025200 -0.04833700
v 0.02985900 0.04025200 -0.04833700
v 0.02985900 0.04025200 -0.04833700
v 0.02985900 0.04025200 -0.04833700
v 0.01956600 0.03930800 -0.05311200
v 0.01956600 0.03930800 -0.05311200
v 0.01956600 0.03930800 -0.05311200
v 0.01956600 0.03930800 -0.05311200
v 0.01956600 0.03930800 -0.05311200
v 0.01956600 0.03930800 -0.05311200
v 0.05743800 0.03967600 0.01355300
v 0.05743800 0.03967600 0.01355300
v 0.05743800 0.03967600 0.01355300
v 0.05743800 0.03967600 0.01355300
v 0.05743800 0.03967600 0.01355300
v 0.05743800 0.03967600 0.01355300
v 0.05743800 0.03967600 0.01355300
v 0.05747700 0.03312900 -0.00182300
v 0.05747700 0.03312900 -0.00182300
v 0.05747700 0.03312900 -0.00182300
v 0.05747700 0.03312900 -0.00182300
v 0.05747700 0.03312900 -0.00182300
v 0.05747700 0.03312900 -0.00182300
v 0.05468800 0.03559200 -0.01499900
v 0.05468800 0.03559200 -0.01499900
v 0.05468800 0.03559200 -0.01499900
v 0.05468800 0.03559200 -0.01499900
v 0.05468800 0.03559200 -0.01499900
v 0.04983800 0.03214600 -0.02455400
v 0.04983800 0.03214600 -0.02455400
v 0.04983800 0.03214600 -0.02455400
v 0.04983800 0.03214600 -0.02455400
v 0.04983800 0.03214600 -0.02455400
v 0.04983800 0.03214600 -0.02455400
v 0.04492800 0.02987000 -0.03096400
v 0.04492800 0.02987000 -0.03096400
v 0.04492800 0.02987000 -0.03096400
v 0.04492800 0.02987000 -0.03096400
v 0.04492800 0.02987000 -0.03096400
v 0.04492800 0.02987000 -0.03096400
v 0.03906800 0.02784700 -0.03684500
v 0.03906800 0.02784700 -0.03684500
v 0.03906800 0.02784700 -0.03684500
v 0.03906800 0.02784700 -0.03684500
v 0.03906800 0.02784700 -0.03684500
v 0.02994000 0.02563900 -0.04319700
v 0.02994000 0.02563900 -0.04319700
v 0.02994000 0.02563900 -0.04319700
v 0.02994000 0.02563900 -0.04319700
v 0.02994000 0.02563900 -0.04319700
v 0.02994000 0.02563900 -0.04319700
v 0.02994000 0.02563900 -0.04319700
v 0.01956700 0.02881500 -0.04966400
v 0.01956700 0.02881500 -0.04966400
v 0.01956700 0.02881500 -0.04966400
v 0.01956700 0.02881500 -0.04966400
v 0.01956700 0.02881500 -0.04966400
v 0.00853700 0.02778200 -0.05219300
v 0.00853700 0.02778200 -0.05219300
v 0.00853700 0.02778200 -0.05219300
v 0.00853700 0.02778200 -0.05219300
v 0.00853700 0.02778200 -0.05219300
v 0.00853700 0.02778200 -0.05219300
v 0.05465900 0.04048300 0.02594800
v 0.05465900 0.04048300 0.02594800
v 0.05465900 0.04048300 0.02594800
v 0.05465900 0.04048300 0.02594800
v 0.05465900 0.04048300 0.02594800
v 0.05465900 0.04048300 0.02594800
v 0.01956800 0.01851100 -0.04491400
v 0.01956800 0.01851100 -0.04491400
v 0.01956800 0.01851100 -0.04491400
v 0.01956800 0.01851100 -0.04491400
v 0.01956800 0.01851100 -0.04491400
v 0.01956800 0.01851100 -0.04491400
v 0.00853100 0.01719800 -0.04728200
v 0.00853100 0.01719800 -0.04728200
v 0.00853100 0.01719800 -0.04728200
v 0.00853100 0.01719800 -0.04728200
v 0.00853100 0.01719800 -0.04728200
v 0.00853100 0.01719800 -0.04728200
v -0.00268500 -0.00772800 -0.03089600
v -0.00268500 -0.00772800 -0.03089600
v -0.00268500 -0.00772800 -0.03089600
v -0.00268500 -0.00772800 -0.03089600
v -0.00268500 -0.00772800 -0.03089600
v 0.00852600 0.00691400 -0.04117600
v 0.00852600 0.00691400 -0.04117600
v 0.00852600 0.00691400 -0.04117600
v 0.00852600 0.00691400 -0.04117600
v 0.00852600 0.00691400 -0.04117600
v -0.00269200 -0.01689900 -0.02240700
v -0.00269200 -0.01689900 -0.02240700
v -0.00269200 -0.01689900 -0.02240700
v -0.00269200 -0.01689900 -0.02240700
v -0.00269200 -0.01689900 -0.02240700
v 0.00853900 -0.00796900 -0.03004200
v 0.00853900 -0.00796900 -0.03004200
v 0.00853900 -0.00796900 -0.03004200
v 0.00853900 -0.00796900 -0.03004200
v 0.00853900 -0.00796900 -0.03004200
v 0.00853900 -0.00796900 -0.03004200
v 0.00853900 -0.00796900 -0.03004200
v 0.05468700 0.02149100 -0.00677800
v 0.05468700 0.02149100 -0.00677800
v 0.05468700 0.02149100 -0.00677800
v 0.05468700 0.02149100 -0.00677800
v 0.05468700 0.02149100 -0.00677800
v 0.05468700 0.02149100 -0.00677800
v 0.04983400 0.01626700 -0.01527200
v 0.04983400 0.01626700 -0.01527200
v 0.04983400 0.01626700 -0.01527200
v 0.04983400 0.01626700 -0.01527200
v 0.04983400 0.01626700 -0.01527200
v 0.04983400 0.01626700 -0.01527200
v 0.04490300 0.01278700 -0.02099200
v 0.04490300 0.01278700 -0.02099200
v 0.04490300 0.01278700 -0.02099200
v 0.04490300 0.01278700 -0.02099200
v 0.03905500 0.00969500 -0.02623400
v 0.03905500 0.00969500 -0.02623400
v 0.03905500 0.00969500 -0.02623400
v 0.03905500 0.00969500 -0.02623400
v 0.03905500 0.00969500 -0.02623400
v 0.03905500 0.00969500 -0.02623400
v 0.02992300 0.00631600 -0.03190000
v 0.02992300 0.00631600 -0.03190000
v 0.02992300 0.00631600 -0.03190000
v 0.02992300 0.00631600 -0.03190000
v 0.02992300 0.00631600 -0.03190000
v 0.02992300 0.00631600 -0.03190000
v 0.01962600 0.00388100 -0.03597500
v 0.01962600 0.00388100 -0.03597500
v 0.01962600 0.00388100 -0.03597500
v 0.01962600 0.00388100 -0.03597500
v 0.01962600 0.00388100 -0.03597500
v 0.01962600 0.00388100 -0.03597500
v 0.01962600 0.00388100 -0.03597500
v 0.01411600 0.05766300 0.05784500
v 0.01411600 0.05766300 0.05784500
v 0.01411600 0.05766300 0.05784500
v 0.01411600 0.05766300 0.05784500
v 0.01411600 0.05766300 0.05784500
v 0.01411600 0.05766300 0.05784500
v -0.00559300 0.05773500 0.06017800
v -0.00559300 0.05773500 0.06017800
v -0.00559300 0.05773500 0.06017800
v -0.00559300 0.05773500 0.06017800
v -0.00559300 0.05773500 0.06017800
v -0.00559300 0.05773500 0.06017800
v 0.00002300 0.05798900 0.06026100
v 0.00002300 0.05798900 0.06026100
v 0.00002300 0.05798900 0.06026100
v 0.00002300 0.05798900 0.06026100
v 0.00002300 0.05798900 0.06026100
v 0.00550000 0.05775500 0.06015700
v 0.00550000 0.05775500 0.06015700
v 0.00550000 0.05775500 0.06015700
v 0.00550000 0.05775500 0.06015700
v 0.00550000 0.05775500 0.06015700
v 0.00550000 0.05775500 0.06015700
v 0.00550000 0.05775500 0.06015700
v 0.05727600 -0.00863000 0.06267400
v 0.05727600 -0.00863000 0.06267400
v -0.01804900 0.05665700 0.52943900
v -0.01804900 0.05665700 0.52943900
v -0.01804900 0.05665700 0.52943900
v -0.01804900 0.05665700 0.52943900
v -0.01804900 0.05665700 0.52943900
v -0.01804900 0.05665700 0.52943900
v -0.02436100 0.05664800 0.53280900
v -0.02436100 0.05664800 0.53280900
v -0.02436100 0.05664800 0.53280900
v -0.02436100 0.05664800 0.53280900
v -0.02436100 0.05664800 0.53280900
v -0.02436100 0.05664800 0.53280900
v -0.01805400 0.05666400 0.61178900
v -0.01805400 0.05666400 0.61178900
v -0.01805400 0.05666400 0.61178900
v -0.01805400 0.05666400 0.61178900
v -0.01805400 0.05666400 0.61178900
v -0.01805400 0.05666400 0.61178900
v -0.01805400 0.05666400 0.61178900
v -0.01805400 0.05666400 0.61178900
v -0.01805400 0.05666400 0.61178900
v -0.01805400 0.05666400 0.61178900
v -0.01079700 0.05665000 0.61427400
v -0.01079700 0.05665000 0.61427400
v -0.01079700 0.05665000 0.61427400
v -0.01079700 0.05665000 0.61427400
v -0.01079700 0.05665000 0.61427400
v -0.01079700 0.05665000 0.61427400
v -0.00366400 0.05665400 0.61543300
v -0.00366400 0.05665400 0.61543300
v -0.00366400 0.05665400 0.61543300
v -0.00366400 0.05665400 0.61543300
v -0.00366400 0.05665400 0.61543300
v -0.00352300 0.05666200 0.52578900
v -0.00352300 0.05666200 0.52578900
v -0.00352300 0.05666200 0.52578900
v -0.00352300 0.05666200 0.52578900
v -0.00352300 0.05666200 0.52578900
v -0.00352300 0.05666200 0.52578900
v -0.00352300 0.05666200 0.52578900
v -0.00352300 0.05666200 0.52578900
v -0.00352300 0.05666200 0.52578900
v -0.00352300 0.05666200 0.52578900
v -0.00352300 0.05666200 0.52578900
v -0.00352300 0.05666200 0.52578900
v -0.00352300 0.05666200 0.52578900
v 0.00370800 0.05665700 0.61542400
v 0.00370800 0.05665700 0.61542400
v 0.00370800 0.05665700 0.61542400
v 0.00370800 0.05665700 0.61542400
v 0.00370800 0.05665700 0.61542400
v 0.00370800 0.05665700 0.61542400
v 0.01102300 0.05665700 0.61420500
v 0.01102300 0.05665700 0.61420500
v 0.01102300 0.05665700 0.61420500
v 0.01102300 0.05665700 0.61420500
v 0.01102300 0.05665700 0.61420500
v 0.01788500 0.05665200 0.61187600
v 0.01788500 0.05665200 0.61187600
v 0.01788500 0.05665200 0.61187600
v 0.01788500 0.05665200 0.61187600
v 0.01788500 0.05665200 0.61187600
v 0.01788500 0.05665200 0.61187600
v -0.01092300 0.05665100 0.52699200
v -0.01092300 0.05665100 0.52699200
v -0.01092300 0.05665100 0.52699200
v -0.01092300 0.05665100 0.52699200
v -0.01092300 0.05665100 0.52699200
v -0.01092300 0.05665100 0.52699200
v -0.01092300 0.05665100 0.52699200
v 0.03038300 0.05666000 0.53747600
v 0.03038300 0.05666000 0.53747600
v 0.03038300 0.05666000 0.53747600
v 0.03038300 0.05666000 0.53747600
v 0.03038300 0.05666000 0.53747600
v 0.03038300 0.05666000 0.53747600
v 0.03038300 0.05666000 0.53747600
v 0.03038300 0.05666000 0.53747600
v 0.02434200 0.05664900 0.53279800
v 0.02434200 0.05664900 0.53279800
v 0.02434200 0.05664900 0.53279800
v 0.02434200 0.05664900 0.53279800
v 0.02434200 0.05664900 0.53279800
v 0.02434200 0.05664900 0.53279800
v 0.03033800 0.05666200 0.60380000
v 0.03033800 0.05666200 0.60380000
v 0.03033800 0.05666200 0.60380000
v 0.03033800 0.05666200 0.60380000
v 0.03033800 0.05666200 0.60380000
v 0.03033800 0.05666200 0.60380000
v 0.03033800 0.05666200 0.60380000
v 0.03033800 0.05666200 0.60380000
v 0.03033800 0.05666200 0.60380000
v 0.03033800 0.05666200 0.60380000
v 0.03033800 0.05666200 0.60380000
v 0.01785000 0.05665000 0.52933800
v 0.01785000 0.05665000 0.52933800
v 0.01785000 0.05665000 0.52933800
v 0.01785000 0.05665000 0.52933800
v 0.01785000 0.05665000 0.52933800
v 0.01785000 0.05665000 0.52933800
v 0.01103500 0.05665700 0.52703200
v 0.01103500 0.05665700 0.52703200
v 0.01103500 0.05665700 0.52703200
v 0.01103500 0.05665700 0.52703200
v 0.01103500 0.05665700 0.52703200
v 0.02441700 0.05665100 0.60838200
v 0.02441700 0.05665100 0.60838200
v 0.02441700 0.05665100 0.60838200
v 0.02441700 0.05665100 0.60838200
v 0.02441700 0.05665100 0.60838200
v 0.00371500 0.05665800 0.52581300
v 0.00371500 0.05665800 0.52581300
v 0.00371500 0.05665800 0.52581300
v 0.00371500 0.05665800 0.52581300
v 0.00371500 0.05665800 0.52581300
v -0.03945000 0.05665900 0.59217700
v -0.03945000 0.05665900 0.59217700
v -0.03945000 0.05665900 0.59217700
v -0.03945000 0.05665900 0.59217700
v -0.03945000 0.05665900 0.59217700
v -0.03945000 0.05665900 0.59217700
v -0.03945000 0.05665900 0.59217700
v -0.03544000 0.05665700 0.59829100
v -0.03544000 0.05665700 0.59829100
v -0.03544000 0.05665700 0.59829100
v -0.03544000 0.05665700 0.59829100
v -0.03544000 0.05665700 0.59829100
v -0.03544000 0.05665700 0.59829100
v -0.03544000 0.05665700 0.59829100
v -0.04249500 0.05666000 0.55592000
v -0.04249500 0.05666000 0.55592000
v -0.04249500 0.05666000 0.55592000
v -0.04249500 0.05666000 0.55592000
v -0.04249500 0.05666000 0.55592000
v -0.04249500 0.05666000 0.55592000
v -0.04249500 0.05666000 0.55592000
v -0.04249500 0.05666000 0.55592000
v -0.04249500 0.05666000 0.55592000
v -0.04249500 0.05666000 0.55592000
v -0.03027200 0.05665500 0.53737000
v -0.03027200 0.05665500 0.53737000
v -0.03027200 0.05665500 0.53737000
v -0.03027200 0.05665500 0.53737000
v -0.03027200 0.05665500 0.53737000
v -0.03027200 0.05665500 0.53737000
v -0.03544600 0.05665900 0.54295400
v -0.03544600 0.05665900 0.54295400
v -0.03544600 0.05665900 0.54295400
v -0.03544600 0.05665900 0.54295400
v -0.03544600 0.05665900 0.54295400
v -0.03544600 0.05665900 0.54295400
v -0.03544600 0.05665900 0.54295400
v -0.03544600 0.05665900 0.54295400
v -0.02453600 0.05665300 0.60829900
v -0.02453600 0.05665300 0.60829900
v -0.02453600 0.05665300 0.60829900
v -0.02453600 0.05665300 0.60829900
v -0.02453600 0.05665300 0.60829900
v -0.03033400 0.05665400 0.60381000
v -0.03033400 0.05665400 0.60381000
v -0.03033400 0.05665400 0.60381000
v -0.03033400 0.05665400 0.60381000
v -0.03033400 0.05665400 0.60381000
v -0.03033400 0.05665400 0.60381000
v 0.03544700 0.05665400 0.59828300
v 0.03544700 0.05665400 0.59828300
v 0.03544700 0.05665400 0.59828300
v 0.03544700 0.05665400 0.59828300
v 0.03544700 0.05665400 0.59828300
v 0.03949200 0.05665600 0.59211800
v 0.03949200 0.05665600 0.59211800
v 0.03949200 0.05665600 0.59211800
v 0.03949200 0.05665600 0.59211800
v 0.03949200 0.05665600 0.59211800
v 0.03949200 0.05665600 0.59211800
v 0.03949200 0.05665600 0.59211800
v 0.03949200 0.05665600 0.59211800
v 0.03544500 0.05665400 0.54294700
v 0.03544500 0.05665400 0.54294700
v 0.03544500 0.05665400 0.54294700
v 0.03544500 0.05665400 0.54294700
v 0.03544500 0.05665400 0.54294700
v 0.03948700 0.05665700 0.54911100
v 0.03948700 0.05665700 0.54911100
v 0.03948700 0.05665700 0.54911100
v 0.03948700 0.05665700 0.54911100
v 0.03948700 0.05665700 0.54911100
v 0.03948700 0.05665700 0.54911100
v 0.03948700 0.05665700 0.54911100
v 0.03948700 0.05665700 0.54911100
v -0.03949400 0.05665600 0.54912700
v -0.03949400 0.05665600 0.54912700
v -0.03949400 0.05665600 0.54912700
v -0.03949400 0.05665600 0.54912700
v -0.03949400 0.05665600 0.54912700
v -0.04433700 0.05665100 0.56311600
v -0.04433700 0.05665100 0.56311600
v -0.04433700 0.05665100 0.56311600
v -0.04433700 0.05665100 0.56311600
v -0.04497300 0.05665000 0.57058100
v -0.04497300 0.05665000 0.57058100
v -0.04497300 0.05665000 0.57058100
v -0.04497300 0.05665000 0.57058100
v -0.04497300 0.05665000 0.57058100
v -0.04497300 0.05665000 0.57058100
v -0.04497300 0.05665000 0.57058100
v -0.04497300 0.05665000 0.57058100
v -0.04497300 0.05665000 0.57058100
v 0.04249400 0.05665300 0.58532700
v 0.04249400 0.05665300 0.58532700
v 0.04249400 0.05665300 0.58532700
v 0.04249400 0.05665300 0.58532700
v 0.04249400 0.05665300 0.58532700
v 0.04433900 0.05665500 0.57810100
v 0.04433900 0.05665500 0.57810100
v 0.04433900 0.05665500 0.57810100
v 0.04433900 0.05665500 0.57810100
v 0.04433900 0.05665500 0.57810100
v 0.04433900 0.05665500 0.57810100
v 0.04249600 0.05665700 0.55593200
v 0.04249600 0.05665700 0.55593200
v 0.04249600 0.05665700 0.55593200
v 0.04249600 0.05665700 0.55593200
v 0.04249600 0.05665700 0.55593200
v 0.04249600 0.05665700 0.55593200
v 0.04497400 0.05664900 0.57060700
v 0.04497400 0.05664900 0.57060700
v 0.04497400 0.05664900 0.57060700
v 0.04497400 0.05664900 0.57060700
v 0.04497400 0.05664900 0.57060700
v 0.04497400 0.05664900 0.57060700
v 0.04497400 0.05664900 0.57060700
v 0.04497400 0.05664900 0.57060700
v 0.04434300 0.05665100 0.56314700
v 0.04434300 0.05665100 0.56314700
v 0.04434300 0.05665100 0.56314700
v 0.04434300 0.05665100 0.56314700
v 0.04434300 0.05665100 0.56314700
v -0.04434100 0.05665400 0.57808600
v -0.04434100 0.05665400 0.57808600
v -0.04434100 0.05665400 0.57808600
v -0.04434100 0.05665400 0.57808600
v -0.04434100 0.05665400 0.57808600
v -0.04434100 0.05665400 0.57808600
v -0.04251600 0.05665400 0.58525700
v -0.04251600 0.05665400 0.58525700
v -0.04251600 0.05665400 0.58525700
v -0.04251600 0.05665400 0.58525700
v 0.00989900 -0.01217900 0.61451400
v 0.00989900 -0.01217900 0.61451400
v 0.00989900 -0.01217900 0.61451400
v 0.00989900 -0.01217900 0.61451400
v 0.00490600 -0.01184400 0.61533600
v 0.00490600 -0.01184400 0.61533600
v 0.00490600 -0.01184400 0.61533600
v -0.00032900 -0.01173200 0.61562100
v -0.00032900 -0.01173200 0.61562100
v -0.00032900 -0.01173200 0.61562100
v 0.02805800 -0.01568700 0.60578300
v 0.02805800 -0.01568700 0.60578300
v 0.02397100 -0.01451700 0.60870300
v 0.02397100 -0.01451700 0.60870300
v 0.02397100 -0.01451700 0.60870300
v 0.01945500 -0.01351800 0.61115200
v 0.01945500 -0.01351800 0.61115200
v 0.01945500 -0.01351800 0.61115200
v 0.01484200 -0.01274800 0.61309300
v 0.01484200 -0.01274800 0.61309300
v 0.03807500 -0.02018800 0.59460200
v 0.03807500 -0.02018800 0.59460200
v 0.03506600 -0.01849200 0.59882000
v 0.03506600 -0.01849200 0.59882000
v 0.03506600 -0.01849200 0.59882000
v 0.04239900 -0.02377200 0.58569300
v 0.04239900 -0.02377200 0.58569300
v 0.04239900 -0.02377200 0.58569300
v 0.04400300 -0.02609500 0.57991600
v 0.04400300 -0.02609500 0.57991600
v 0.04400300 -0.02609500 0.57991600
v 0.04468500 -0.02770000 0.57592500
v 0.04468500 -0.02770000 0.57592500
v 0.04012000 -0.02165300 0.59096200
v 0.04012000 -0.02165300 0.59096200
v 0.04012000 -0.02165300 0.59096200
v 0.03181900 -0.01703700 0.60243600
v 0.03181900 -0.01703700 0.60243600
v 0.03181900 -0.01703700 0.60243600
v 0.04375600 -0.03406100 0.56011000
v 0.04375600 -0.03406100 0.56011000
v 0.04375600 -0.03406100 0.56011000
v 0.04459100 -0.03229600 0.56449300
v 0.04459100 -0.03229600 0.56449300
v 0.04459100 -0.03229600 0.56449300
v 0.04228400 -0.03602700 0.55522300
v 0.04228400 -0.03602700 0.55522300
v 0.04228400 -0.03602700 0.55522300
v 0.04228400 -0.03602700 0.55522300
v 0.04016500 -0.03799700 0.55032500
v 0.04016500 -0.03799700 0.55032500
v 0.03763100 -0.03975400 0.54596600
v 0.03763100 -0.03975400 0.54596600
v 0.03763100 -0.03975400 0.54596600
v 0.03763100 -0.03975400 0.54596600
v 0.03154200 -0.04274500 0.53852300
v 0.03154200 -0.04274500 0.53852300
v 0.03154200 -0.04274500 0.53852300
v 0.01928500 -0.04618600 0.52999500
v 0.01928500 -0.04618600 0.52999500
v 0.02360800 -0.04524400 0.53230900
v 0.02360800 -0.04524400 0.53230900
v 0.02360800 -0.04524400 0.53230900
v 0.02762900 -0.04412100 0.53510600
v 0.02762900 -0.04412100 0.53510600
v 0.02762900 -0.04412100 0.53510600
v 0.01470200 -0.04694200 0.52808400
v 0.01470200 -0.04694200 0.52808400
v 0.01470200 -0.04694200 0.52808400
v 0.01470200 -0.04694200 0.52808400
v 0.00996500 -0.04748500 0.52674700
v 0.00996500 -0.04748500 0.52674700
v 0.00996500 -0.04748500 0.52674700
v 0.03478600 -0.04131500 0.54207800
v 0.03478600 -0.04131500 0.54207800
v 0.03478600 -0.04131500 0.54207800
v 0.00027600 -0.04793900 0.52561700
v 0.00027600 -0.04793900 0.52561700
v 0.00027600 -0.04793900 0.52561700
v 0.00531800 -0.04780800 0.52593100
v 0.00531800 -0.04780800 0.52593100
v 0.00531800 -0.04780800 0.52593100
v 0.04499900 -0.02983500 0.57061700
v 0.04499900 -0.02983500 0.57061700
v 0.04499900 -0.02983500 0.57061700
v 0.04499900 -0.02983500 0.57061700
v 0.04499900 -0.02983500 0.57061700
v -0.02764700 -0.01555800 0.60610400
v -0.02764700 -0.01555800 0.60610400
v -0.00492800 -0.04782700 0.52589100
v -0.00492800 -0.04782700 0.52589100
v -0.00492800 -0.04782700 0.52589100
v -0.00989600 -0.04749200 0.52673000
v -0.00989600 -0.04749200 0.52673000
v -0.00989600 -0.04749200 0.52673000
v -0.00989600 -0.04749200 0.52673000
v -0.01952000 -0.04614400 0.53006900
v -0.01952000 -0.04614400 0.53006900
v -0.02396800 -0.04515500 0.53252900
v -0.02396800 -0.04515500 0.53252900
v -0.02396800 -0.04515500 0.53252900
v -0.02804300 -0.04399000 0.53542700
v -0.02804300 -0.04399000 0.53542700
v -0.02804300 -0.04399000 0.53542700
v -0.01484400 -0.04692200 0.52813900
v -0.01484400 -0.04692200 0.52813900
v -0.01484400 -0.04692200 0.52813900
v -0.01484400 -0.04692200 0.52813900
v -0.03807300 -0.03948400 0.54663000
v -0.03807300 -0.03948400 0.54663000
v -0.03807300 -0.03948400 0.54663000
v -0.03506600 -0.04117900 0.54241500
v -0.03506600 -0.04117900 0.54241500
v -0.03506600 -0.04117900 0.54241500
v -0.04238300 -0.03591300 0.55550700
v -0.04238300 -0.03591300 0.55550700
v -0.04238300 -0.03591300 0.55550700
v -0.04388800 -0.03375600 0.56087600
v -0.04388800 -0.03375600 0.56087600
v -0.04388800 -0.03375600 0.56087600
v -0.04471000 -0.03179800 0.56573900
v -0.04471000 -0.03179800 0.56573900
v -0.04471000 -0.03179800 0.56573900
v -0.04042900 -0.03778300 0.55085800
v -0.04042900 -0.03778300 0.55085800
v -0.04042900 -0.03778300 0.55085800
v -0.03181900 -0.04263400 0.53879800
v -0.03181900 -0.04263400 0.53879800
v -0.03181900 -0.04263400 0.53879800
v -0.04375500 -0.02560900 0.58112500
v -0.04375500 -0.02560900 0.58112500
v -0.04232900 -0.02368200 0.58591900
v -0.04232900 -0.02368200 0.58591900
v -0.04232900 -0.02368200 0.58591900
v -0.04232900 -0.02368200 0.58591900
v -0.04016400 -0.02167300 0.59090900
v -0.04016400 -0.02167300 0.59090900
v -0.03482600 -0.01837300 0.59911500
v -0.03482600 -0.01837300 0.59911500
v -0.03482600 -0.01837300 0.59911500
v -0.03766800 -0.01993300 0.59523500
v -0.03766800 -0.01993300 0.59523500
v -0.00988900 -0.01218000 0.61448800
v -0.00988900 -0.01218000 0.61448800
v -0.00988900 -0.01218000 0.61448800
v -0.03154200 -0.01692600 0.60271100
v -0.03154200 -0.01692600 0.60271100
v -0.03154200 -0.01692600 0.60271100
v -0.02361400 -0.01442800 0.60892300
v -0.02361400 -0.01442800 0.60892300
v -0.02361400 -0.01442800 0.60892300
v -0.01473000 -0.01273200 0.61313700
v -0.01473000 -0.01273200 0.61313700
v -0.00530900 -0.01186200 0.61528300
v -0.00530900 -0.01186200 0.61528300
v -0.00530900 -0.01186200 0.61528300
v -0.01917800 -0.01346100 0.61134500
v -0.01917800 -0.01346100 0.61134500
v -0.01917800 -0.01346100 0.61134500
v -0.01917800 -0.01346100 0.61134500
v -0.04469300 -0.02772800 0.57585700
v -0.04469300 -0.02772800 0.57585700
v -0.04469300 -0.02772800 0.57585700
v -0.04499900 -0.02983500 0.57061700
v -0.04499900 -0.02983500 0.57061700
v -0.04499900 -0.02983500 0.57061700
v -0.04499900 -0.02983500 0.57061700
v -0.01534300 0.05649900 0.52847000
v -0.01534300 0.05649900 0.52847000
v -0.01534300 0.05649900 0.52847000
v -0.01534300 0.05649900 0.52847000
v 0.00778900 0.05649900 0.61478300
v 0.00778900 0.05649900 0.61478300
v 0.00778900 0.05649900 0.61478300
v 0.00778900 0.05649900 0.61478300
v -0.01534300 0.05649900 0.61276400
v -0.01534300 0.05649900 0.61276400
v -0.01534300 0.05649900 0.61276400
v -0.01534300 0.05649900 0.61276400
v -0.01534300 0.05649900 0.61276400
v 0.04191800 -0.02296800 0.55420600
v 0.04191800 -0.02296800 0.55420600
v 0.04191800 -0.02296800 0.55420600
v 0.04191800 -0.02296800 0.55420600
v 0.04191800 -0.02296800 0.55420600
v 0.04487800 -0.01387500 0.56706200
v 0.04487800 -0.01387500 0.56706200
v 0.04487800 -0.01387500 0.56706200
v 0.04487800 -0.01387500 0.56706200
v 0.04487800 -0.01387500 0.56706200
v 0.04424800 -0.01735800 0.56251200
v 0.04424800 -0.01735800 0.56251200
v 0.04424800 -0.01735800 0.56251200
v 0.04424800 -0.01735800 0.56251200
v 0.04424800 -0.01735800 0.56251200
v 0.04424800 -0.01735800 0.56251200
v 0.04499400 0.00589500 0.57019800
v 0.04499400 0.00589500 0.57019800
v 0.04499400 0.00589500 0.57019800
v 0.04499400 0.00589500 0.57019800
v 0.04499400 0.00589500 0.57019800
v 0.04499400 0.00589500 0.57019800
v 0.04499400 0.00589500 0.57019800
v 0.04493300 -0.00059900 0.56763700
v 0.04493300 -0.00059900 0.56763700
v 0.04493300 -0.00059900 0.56763700
v 0.04493300 -0.00059900 0.56763700
v 0.04477100 0.01262700 0.56544400
v 0.04477100 0.01262700 0.56544400
v 0.04477100 0.01262700 0.56544400
v 0.04477100 0.01262700 0.56544400
v 0.04477100 0.01262700 0.56544400
v 0.04477100 0.01262700 0.56544400
v 0.04274500 -0.02083100 0.55646100
v 0.04274500 -0.02083100 0.55646100
v 0.04274500 -0.02083100 0.55646100
v 0.04274500 -0.02083100 0.55646100
v 0.04274500 -0.02083100 0.55646100
v 0.04274500 -0.02083100 0.55646100
v 0.04274500 -0.02083100 0.55646100
v 0.03956900 -0.02699000 0.54920600
v 0.03956900 -0.02699000 0.54920600
v 0.03956900 -0.02699000 0.54920600
v 0.03956900 -0.02699000 0.54920600
v 0.03956900 -0.02699000 0.54920600
v 0.03956900 -0.02699000 0.54920600
v 0.04072100 -0.02518600 0.55162900
v 0.04072100 -0.02518600 0.55162900
v 0.04072100 -0.02518600 0.55162900
v 0.04072100 -0.02518600 0.55162900
v 0.04072100 -0.02518600 0.55162900
v 0.03445400 -0.03264700 0.54167800
v 0.03445400 -0.03264700 0.54167800
v 0.03445400 -0.03264700 0.54167800
v 0.03445400 -0.03264700 0.54167800
v 0.03445400 -0.03264700 0.54167800
v 0.03704800 -0.02992500 0.54506200
v 0.03704800 -0.02992500 0.54506200
v 0.03704800 -0.02992500 0.54506200
v 0.03704800 -0.02992500 0.54506200
v 0.03704800 -0.02992500 0.54506200
v 0.03173000 -0.03490400 0.53870800
v 0.03173000 -0.03490400 0.53870800
v 0.03173000 -0.03490400 0.53870800
v 0.03173000 -0.03490400 0.53870800
v 0.03173000 -0.03490400 0.53870800
v 0.03173000 -0.03490400 0.53870800
v 0.03173000 -0.03490400 0.53870800
v 0.02762400 -0.03801400 0.53510400
v 0.02762400 -0.03801400 0.53510400
v 0.02762400 -0.03801400 0.53510400
v 0.02762400 -0.03801400 0.53510400
v 0.02762400 -0.03801400 0.53510400
v 0.01900300 -0.04261000 0.52982200
v 0.01900300 -0.04261000 0.52982200
v 0.01900300 -0.04261000 0.52982200
v 0.01900300 -0.04261000 0.52982200
v 0.01900300 -0.04261000 0.52982200
v 0.01900300 -0.04261000 0.52982200
v 0.01900300 -0.04261000 0.52982200
v 0.01900300 -0.04261000 0.52982200
v 0.02366500 -0.04031500 0.53232600
v 0.02366500 -0.04031500 0.53232600
v 0.02366500 -0.04031500 0.53232600
v 0.02366500 -0.04031500 0.53232600
v 0.02366500 -0.04031500 0.53232600
v 0.02366500 -0.04031500 0.53232600
v 0.01086600 -0.04530000 0.52694500
v 0.01086600 -0.04530000 0.52694500
v 0.01086600 -0.04530000 0.52694500
v 0.01086600 -0.04530000 0.52694500
v 0.01086600 -0.04530000 0.52694500
v 0.01086600 -0.04530000 0.52694500
v 0.01086600 -0.04530000 0.52694500
v 0.01510100 -0.04409300 0.52822500
v 0.01510100 -0.04409300 0.52822500
v 0.01510100 -0.04409300 0.52822500
v 0.01510100 -0.04409300 0.52822500
v 0.01510100 -0.04409300 0.52822500
v 0.00652900 -0.04624200 0.52608900
v 0.00652900 -0.04624200 0.52608900
v 0.00652900 -0.04624200 0.52608900
v 0.00652900 -0.04624200 0.52608900
v 0.00652900 -0.04624200 0.52608900
v 0.00652900 -0.04624200 0.52608900
v -0.00077500 -0.04662800 0.52563400
v -0.00077500 -0.04662800 0.52563400
v -0.00077500 -0.04662800 0.52563400
v -0.00077500 -0.04662800 0.52563400
v -0.00077500 -0.04662800 0.52563400
v -0.00077500 -0.04662800 0.52563400
v -0.00077500 -0.04662800 0.52563400
v 0.00251700 -0.04657200 0.52568300
v 0.00251700 -0.04657200 0.52568300
v 0.00251700 -0.04657200 0.52568300
v 0.00251700 -0.04657200 0.52568300
v 0.00251700 -0.04657200 0.52568300
v 0.00251700 -0.04657200 0.52568300
v -0.01468700 -0.04424300 0.52808300
v -0.01468700 -0.04424300 0.52808300
v -0.01468700 -0.04424300 0.52808300
v -0.01468700 -0.04424300 0.52808300
v -0.01100100 -0.04536600 0.52698000
v -0.01100100 -0.04536600 0.52698000
v -0.01100100 -0.04536600 0.52698000
v -0.01100100 -0.04536600 0.52698000
v -0.01100100 -0.04536600 0.52698000
v -0.01100100 -0.04536600 0.52698000
v -0.02793000 -0.03780400 0.53534300
v -0.02793000 -0.03780400 0.53534300
v -0.02793000 -0.03780400 0.53534300
v -0.02793000 -0.03780400 0.53534300
v -0.02793000 -0.03780400 0.53534300
v -0.02398100 -0.04009900 0.53252500
v -0.02398100 -0.04009900 0.53252500
v -0.02398100 -0.04009900 0.53252500
v -0.02398100 -0.04009900 0.53252500
v -0.02398100 -0.04009900 0.53252500
v -0.02398100 -0.04009900 0.53252500
v -0.02398100 -0.04009900 0.53252500
v -0.01925400 -0.04248200 0.52994100
v -0.01925400 -0.04248200 0.52994100
v -0.01925400 -0.04248200 0.52994100
v -0.01925400 -0.04248200 0.52994100
v -0.01925400 -0.04248200 0.52994100
v -0.01925400 -0.04248200 0.52994100
v -0.01925400 -0.04248200 0.52994100
v -0.03513400 -0.03199400 0.54250000
v -0.03513400 -0.03199400 0.54250000
v -0.03513400 -0.03199400 0.54250000
v -0.03513400 -0.03199400 0.54250000
v -0.03513400 -0.03199400 0.54250000
v -0.03513400 -0.03199400 0.54250000
v -0.03187000 -0.03484900 0.53884500
v -0.03187000 -0.03484900 0.53884500
v -0.03187000 -0.03484900 0.53884500
v -0.03187000 -0.03484900 0.53884500
v -0.03187000 -0.03484900 0.53884500
v -0.03187000 -0.03484900 0.53884500
v -0.03828200 -0.02850000 0.54697000
v -0.03828200 -0.02850000 0.54697000
v -0.03828200 -0.02850000 0.54697000
v -0.03828200 -0.02850000 0.54697000
v -0.03828200 -0.02850000 0.54697000
v -0.03828200 -0.02850000 0.54697000
v -0.04058500 -0.02518700 0.55118000
v -0.04058500 -0.02518700 0.55118000
v -0.04058500 -0.02518700 0.55118000
v -0.04058500 -0.02518700 0.55118000
v -0.04058500 -0.02518700 0.55118000
v -0.04058500 -0.02518700 0.55118000
v -0.04058500 -0.02518700 0.55118000
v -0.04393400 -0.01881900 0.56098800
v -0.04393400 -0.01881900 0.56098800
v -0.04393400 -0.01881900 0.56098800
v -0.04393400 -0.01881900 0.56098800
v -0.04393400 -0.01881900 0.56098800
v -0.04251300 -0.02210400 0.55586800
v -0.04251300 -0.02210400 0.55586800
v -0.04251300 -0.02210400 0.55586800
v -0.04251300 -0.02210400 0.55586800
v -0.04251300 -0.02210400 0.55586800
v -0.04251300 -0.02210400 0.55586800
v -0.04499400 0.00573800 0.56995000
v -0.04499400 0.00573800 0.56995000
v -0.04499400 0.00573800 0.56995000
v -0.04499400 0.00573800 0.56995000
v -0.04499400 0.00573800 0.56995000
v -0.04499500 -0.00650200 0.56992900
v -0.04499500 -0.00650200 0.56992900
v -0.04499500 -0.00650200 0.56992900
v -0.04499500 -0.00650200 0.56992900
v -0.04499500 -0.00650200 0.56992900
v -0.04482700 0.01247700 0.56617600
v -0.04482700 0.01247700 0.56617600
v -0.04482700 0.01247700 0.56617600
v -0.04482700 0.01247700 0.56617600
v -0.04482700 0.01247700 0.56617600
v -0.04408000 0.01735900 0.56156500
v -0.04408000 0.01735900 0.56156500
v -0.04408000 0.01735900 0.56156500
v -0.04408000 0.01735900 0.56156500
v -0.04408000 0.01735900 0.56156500
v -0.04408000 0.01735900 0.56156500
v -0.04479800 -0.01050300 0.56549800
v -0.04479800 -0.01050300 0.56549800
v -0.04479800 -0.01050300 0.56549800
v -0.04479800 -0.01050300 0.56549800
v -0.04479800 -0.01050300 0.56549800
v -0.04479800 -0.01050300 0.56549800
v -0.04479800 -0.01050300 0.56549800
v -0.04082400 0.02437600 0.55162500
v -0.04082400 0.02437600 0.55162500
v -0.04082400 0.02437600 0.55162500
v -0.04082400 0.02437600 0.55162500
v -0.04082400 0.02437600 0.55162500
v -0.03850000 0.02794300 0.54734600
v -0.03850000 0.02794300 0.54734600
v -0.03850000 0.02794300 0.54734600
v -0.03850000 0.02794300 0.54734600
v -0.03850000 0.02794300 0.54734600
v -0.04269500 0.02096500 0.55634500
v -0.04269500 0.02096500 0.55634500
v -0.04269500 0.02096500 0.55634500
v -0.04269500 0.02096500 0.55634500
v -0.04269500 0.02096500 0.55634500
v -0.04269500 0.02096500 0.55634500
v -0.03544000 0.03128000 0.54287700
v -0.03544000 0.03128000 0.54287700
v -0.03544000 0.03128000 0.54287700
v -0.03544000 0.03128000 0.54287700
v -0.03544000 0.03128000 0.54287700
v -0.03544000 0.03128000 0.54287700
v -0.02057500 0.04147600 0.53059800
v -0.02057500 0.04147600 0.53059800
v -0.02057500 0.04147600 0.53059800
v -0.02057500 0.04147600 0.53059800
v -0.02057500 0.04147600 0.53059800
v -0.02431700 0.03958500 0.53275500
v -0.02431700 0.03958500 0.53275500
v -0.02431700 0.03958500 0.53275500
v -0.02431700 0.03958500 0.53275500
v -0.02431700 0.03958500 0.53275500
v -0.02431700 0.03958500 0.53275500
v -0.02839000 0.03711700 0.53571500
v -0.02839000 0.03711700 0.53571500
v -0.02839000 0.03711700 0.53571500
v -0.02839000 0.03711700 0.53571500
v -0.03206100 0.03424100 0.53902600
v -0.03206100 0.03424100 0.53902600
v -0.03206100 0.03424100 0.53902600
v -0.03206100 0.03424100 0.53902600
v -0.03206100 0.03424100 0.53902600
v -0.03206100 0.03424100 0.53902600
v -0.03206100 0.03424100 0.53902600
v -0.00790400 0.04546000 0.52630400
v -0.00790400 0.04546000 0.52630400
v -0.00790400 0.04546000 0.52630400
v -0.00790400 0.04546000 0.52630400
v 0.00006700 0.04617700 0.52560000
v 0.00006700 0.04617700 0.52560000
v 0.00006700 0.04617700 0.52560000
v 0.00006700 0.04617700 0.52560000
v 0.00006700 0.04617700 0.52560000
v 0.00367800 0.04614100 0.52576600
v 0.00367800 0.04614100 0.52576600
v 0.00367800 0.04614100 0.52576600
v 0.00367800 0.04614100 0.52576600
v 0.00367800 0.04614100 0.52576600
v 0.00367800 0.04614100 0.52576600
v 0.00367800 0.04614100 0.52576600
v 0.01270900 0.04437200 0.52745200
v 0.01270900 0.04437200 0.52745200
v 0.01270900 0.04437200 0.52745200
v 0.01270900 0.04437200 0.52745200
v 0.01270900 0.04437200 0.52745200
v 0.01008700 0.04505600 0.52678200
v 0.01008700 0.04505600 0.52678200
v 0.01008700 0.04505600 0.52678200
v 0.01008700 0.04505600 0.52678200
v 0.01008700 0.04505600 0.52678200
v 0.01008700 0.04505600 0.52678200
v 0.00768500 0.04558700 0.52627700
v 0.00768500 0.04558700 0.52627700
v 0.00768500 0.04558700 0.52627700
v 0.00768500 0.04558700 0.52627700
v 0.00768500 0.04558700 0.52627700
v 0.00768500 0.04558700 0.52627700
v 0.02428600 0.03961300 0.53272900
v 0.02428600 0.03961300 0.53272900
v 0.02428600 0.03961300 0.53272900
v 0.02428600 0.03961300 0.53272900
v 0.02428600 0.03961300 0.53272900
v 0.02013800 0.04162900 0.53037500
v 0.02013800 0.04162900 0.53037500
v 0.02013800 0.04162900 0.53037500
v 0.02013800 0.04162900 0.53037500
v 0.02013800 0.04162900 0.53037500
v 0.01643400 0.04317900 0.52871300
v 0.01643400 0.04317900 0.52871300
v 0.01643400 0.04317900 0.52871300
v 0.01643400 0.04317900 0.52871300
v 0.01643400 0.04317900 0.52871300
v 0.01643400 0.04317900 0.52871300
v 0.02819800 0.03721400 0.53555400
v 0.02819800 0.03721400 0.53555400
v 0.02819800 0.03721400 0.53555400
v 0.02819800 0.03721400 0.53555400
v 0.02819800 0.03721400 0.53555400
v 0.03488600 0.03182300 0.54219300
v 0.03488600 0.03182300 0.54219300
v 0.03488600 0.03182300 0.54219300
v 0.03488600 0.03182300 0.54219300
v 0.03488600 0.03182300 0.54219300
v 0.03488600 0.03182300 0.54219300
v 0.03174100 0.03458000 0.53871400
v 0.03174100 0.03458000 0.53871400
v 0.03174100 0.03458000 0.53871400
v 0.03174100 0.03458000 0.53871400
v 0.03174100 0.03458000 0.53871400
v 0.03174100 0.03458000 0.53871400
v 0.03773500 0.02881700 0.54609400
v 0.03773500 0.02881700 0.54609400
v 0.03773500 0.02881700 0.54609400
v 0.03773500 0.02881700 0.54609400
v 0.03773500 0.02881700 0.54609400
v 0.04237500 0.02202800 0.55550000
v 0.04237500 0.02202800 0.55550000
v 0.04237500 0.02202800 0.55550000
v 0.04237500 0.02202800 0.55550000
v 0.04237500 0.02202800 0.55550000
v 0.04237500 0.02202800 0.55550000
v 0.04017700 0.02560500 0.55033100
v 0.04017700 0.02560500 0.55033100
v 0.04017700 0.02560500 0.55033100
v 0.04017700 0.02560500 0.55033100
v 0.04017700 0.02560500 0.55033100
v 0.04017700 0.02560500 0.55033100
v 0.04385800 0.01741100 0.56042500
v 0.04385800 0.01741100 0.56042500
v 0.04385800 0.01741100 0.56042500
v 0.04385800 0.01741100 0.56042500
v 0.04385800 0.01741100 0.56042500
v -0.01579400 -0.04311300 0.52811000
v -0.01579400 -0.04311300 0.52811000
v -0.01579400 -0.04311300 0.52811000
v -0.01579400 -0.04311300 0.52811000
v -0.01579400 -0.04311300 0.52811000
v -0.01579400 -0.04311300 0.52811000
v -0.01976100 -0.04104800 0.52941300
v -0.01976100 -0.04104800 0.52941300
v -0.01976100 -0.04104800 0.52941300
v -0.01976100 -0.04104800 0.52941300
v -0.01976100 -0.04104800 0.52941300
v -0.01976100 -0.04104800 0.52941300
v -0.01976100 -0.04104800 0.52941300
v -0.01976100 -0.04104800 0.52941300
v -0.03840300 -0.02340800 0.54098800
v -0.03840300 -0.02340800 0.54098800
v -0.03840300 -0.02340800 0.54098800
v -0.03840300 -0.02340800 0.54098800
v -0.03840300 -0.02340800 0.54098800
v -0.04081600 -0.01898300 0.54520900
v -0.04081600 -0.01898300 0.54520900
v -0.04081600 -0.01898300 0.54520900
v -0.04081600 -0.01898300 0.54520900
v -0.04081600 -0.01898300 0.54520900
v -0.04081600 -0.01898300 0.54520900
v 0.04011200 -0.02055000 0.54438700
v 0.04011200 -0.02055000 0.54438700
v 0.04011200 -0.02055000 0.54438700
v 0.04011200 -0.02055000 0.54438700
v 0.04114000 -0.01835000 0.54532300
v 0.04114000 -0.01835000 0.54532300
v 0.04114000 -0.01835000 0.54532300
v 0.04114000 -0.01835000 0.54532300
v 0.04114000 -0.01835000 0.54532300
v 0.04114000 -0.01835000 0.54532300
v 0.04114000 -0.01835000 0.54532300
v 0.03791400 -0.02592100 0.54451400
v 0.03791400 -0.02592100 0.54451400
v 0.03791400 -0.02592100 0.54451400
v 0.03791400 -0.02592100 0.54451400
v 0.03791400 -0.02592100 0.54451400
v 0.03791400 -0.02592100 0.54451400
v 0.03791400 -0.02592100 0.54451400
v 0.04066500 -0.02129300 0.54909800
v 0.04066500 -0.02129300 0.54909800
v 0.04066500 -0.02129300 0.54909800
v 0.04066500 -0.02129300 0.54909800
v 0.04066500 -0.02129300 0.54909800
v 0.04066500 -0.02129300 0.54909800
v 0.04066500 -0.02129300 0.54909800
v 0.01000000 -0.04402000 0.52470900
v 0.01000000 -0.04402000 0.52470900
v 0.01000000 -0.04402000 0.52470900
v 0.01000000 -0.04402000 0.52470900
v 0.01000000 -0.04402000 0.52470900
v 0.01000000 -0.04402000 0.52470900
v 0.01460700 -0.04267600 0.52551100
v 0.01460700 -0.04267600 0.52551100
v 0.01460700 -0.04267600 0.52551100
v 0.01460700 -0.04267600 0.52551100
v 0.01460700 -0.04267600 0.52551100
v 0.01460700 -0.04267600 0.52551100
v 0.03826500 -0.02369800 0.54161100
v 0.03826500 -0.02369800 0.54161100
v 0.03826500 -0.02369800 0.54161100
v 0.03826500 -0.02369800 0.54161100
v 0.03826500 -0.02369800 0.54161100
v 0.03826500 -0.02369800 0.54161100
v 0.03826500 -0.02369800 0.54161100
v 0.03826500 -0.02369800 0.54161100
v 0.03553100 -0.02814700 0.54009400
v 0.03553100 -0.02814700 0.54009400
v 0.03553100 -0.02814700 0.54009400
v 0.03553100 -0.02814700 0.54009400
v 0.03553100 -0.02814700 0.54009400
v 0.03550800 -0.02759000 0.53798900
v 0.03550800 -0.02759000 0.53798900
v 0.03550800 -0.02759000 0.53798900
v 0.03550800 -0.02759000 0.53798900
v 0.03550800 -0.02759000 0.53798900
v 0.03218600 -0.03142000 0.53536000
v 0.03218600 -0.03142000 0.53536000
v 0.03218600 -0.03142000 0.53536000
v 0.03218600 -0.03142000 0.53536000
v 0.03218600 -0.03142000 0.53536000
v 0.03218600 -0.03142000 0.53536000
v -0.04499800 -0.00016300 0.51771800
v -0.04499800 -0.00016300 0.51771800
v -0.04499800 -0.00016300 0.51771800
v -0.04499800 -0.00016300 0.51771800
v -0.04476200 -0.00492500 0.51771800
v -0.04476200 -0.00492500 0.51771800
v -0.04476200 -0.00492500 0.51771800
v -0.04476200 -0.00492500 0.51771800
v -0.04476200 -0.00492500 0.51771800
v -0.04476200 -0.00492500 0.51771800
v -0.04476200 -0.00492500 0.51771800
v -0.04479300 -0.00451900 0.55659200
v -0.04479300 -0.00451900 0.55659200
v -0.04479300 -0.00451900 0.55659200
v -0.04479300 -0.00451900 0.55659200
v -0.04479300 -0.00451900 0.55659200
v -0.04496600 -0.00014100 0.56464000
v -0.04496600 -0.00014100 0.56464000
v -0.04496600 -0.00014100 0.56464000
v -0.04496600 -0.00014100 0.56464000
v -0.04496600 -0.00014100 0.56464000
v -0.04496600 -0.00014100 0.56464000
v -0.04496600 -0.00014100 0.56464000
v -0.04496600 -0.00014100 0.56464000
v 0.04478600 -0.00775900 0.56277400
v 0.04478600 -0.00775900 0.56277400
v 0.04478600 -0.00775900 0.56277400
v 0.04478600 -0.00775900 0.56277400
v 0.04478600 -0.00775900 0.56277400
v 0.04478600 -0.00775900 0.56277400
v 0.04480800 -0.00442000 0.55681500
v 0.04480800 -0.00442000 0.55681500
v 0.04480800 -0.00442000 0.55681500
v 0.04480800 -0.00442000 0.55681500
v 0.04480800 -0.00442000 0.55681500
v 0.04480800 -0.00442000 0.55681500
v 0.04480800 -0.00442000 0.55681500
v 0.04498400 -0.00019400 0.56273500
v 0.04498400 -0.00019400 0.56273500
v 0.04498400 -0.00019400 0.56273500
v 0.04498400 -0.00019400 0.56273500
v 0.04498400 -0.00019400 0.56273500
v 0.04498400 -0.00019400 0.56273500
v 0.04498400 -0.00019400 0.56273500
v 0.04499600 -0.00018700 0.51771800
v 0.04499600 -0.00018700 0.51771800
v 0.04499600 -0.00018700 0.51771800
v 0.04499600 -0.00018700 0.51771800
v 0.04499600 -0.00018700 0.51771800
v 0.04474900 -0.00493700 0.51771800
v 0.04474900 -0.00493700 0.51771800
v 0.04474900 -0.00493700 0.51771800
v 0.04474900 -0.00493700 0.51771800
v 0.04400100 -0.00967100 0.51771800
v 0.04400100 -0.00967100 0.51771800
v 0.04400100 -0.00967100 0.51771800
v 0.04400100 -0.00967100 0.51771800
v 0.04400100 -0.00967100 0.51771800
v 0.04261300 -0.01474400 0.51771800
v 0.04261300 -0.01474400 0.51771800
v 0.04261300 -0.01474400 0.51771800
v 0.04261300 -0.01474400 0.51771800
v 0.04261300 -0.01474400 0.51771800
v 0.04261300 -0.01474400 0.51771800
v 0.04072500 -0.01941700 0.51771800
v 0.04072500 -0.01941700 0.51771800
v 0.04072500 -0.01941700 0.51771800
v 0.04072500 -0.01941700 0.51771800
v 0.04072500 -0.01941700 0.51771800
v 0.03832800 -0.02386000 0.51771800
v 0.03832800 -0.02386000 0.51771800
v 0.03832800 -0.02386000 0.51771800
v 0.03832800 -0.02386000 0.51771800
v 0.03832800 -0.02386000 0.51771800
v 0.03534200 -0.02817200 0.51771800
v 0.03534200 -0.02817200 0.51771800
v 0.03534200 -0.02817200 0.51771800
v 0.03534200 -0.02817200 0.51771800
v 0.03534200 -0.02817200 0.51771800
v 0.03199900 -0.03196200 0.51771800
v 0.03199900 -0.03196200 0.51771800
v 0.03199900 -0.03196200 0.51771800
v 0.03199900 -0.03196200 0.51771800
v 0.03199900 -0.03196200 0.51771800
v 0.02829900 -0.03532400 0.51771800
v 0.02829900 -0.03532400 0.51771800
v 0.02829900 -0.03532400 0.51771800
v 0.02829900 -0.03532400 0.51771800
v 0.02829900 -0.03532400 0.51771800
v 0.02829900 -0.03532400 0.51771800
v 0.02416500 -0.03831200 0.51771800
v 0.02416500 -0.03831200 0.51771800
v 0.02416500 -0.03831200 0.51771800
v 0.02416500 -0.03831200 0.51771800
v 0.02416500 -0.03831200 0.51771800
v 0.02416500 -0.03831200 0.51771800
v 0.02416500 -0.03831200 0.51771800
v 0.01790900 -0.04170600 0.51771700
v 0.01790900 -0.04170600 0.51771700
v 0.01790900 -0.04170600 0.51771700
v 0.01790900 -0.04170600 0.51771700
v 0.01790900 -0.04170600 0.51771700
v 0.01790900 -0.04170600 0.51771700
v 0.01020300 -0.04413300 0.51771800
v 0.01020300 -0.04413300 0.51771800
v 0.01020300 -0.04413300 0.51771800
v 0.01020300 -0.04413300 0.51771800
v 0.01020300 -0.04413300 0.51771800
v 0.01020300 -0.04413300 0.51771800
v 0.00503700 -0.04490100 0.52420900
v 0.00503700 -0.04490100 0.52420900
v 0.00503700 -0.04490100 0.52420900
v 0.00503700 -0.04490100 0.52420900
v 0.00503700 -0.04490100 0.52420900
v 0.00503700 -0.04490100 0.52420900
v 0.00503700 -0.04490100 0.52420900
v -0.00262100 -0.04522900 0.51771700
v -0.00262100 -0.04522900 0.51771700
v -0.00262100 -0.04522900 0.51771700
v -0.00262100 -0.04522900 0.51771700
v -0.00262100 -0.04522900 0.51771700
v -0.00262100 -0.04522900 0.51771700
v 0.00480200 -0.04497300 0.51771800
v 0.00480200 -0.04497300 0.51771800
v 0.00480200 -0.04497300 0.51771800
v 0.00480200 -0.04497300 0.51771800
v 0.00480200 -0.04497300 0.51771800
v 0.00480200 -0.04497300 0.51771800
v -0.01225500 -0.04367700 0.51771800
v -0.01225500 -0.04367700 0.51771800
v -0.01225500 -0.04367700 0.51771800
v -0.01225500 -0.04367700 0.51771800
v -0.01225500 -0.04367700 0.51771800
v -0.01225500 -0.04367700 0.51771800
v -0.01225500 -0.04367700 0.51771800
v -0.01498900 -0.04252700 0.52608000
v -0.01498900 -0.04252700 0.52608000
v -0.01498900 -0.04252700 0.52608000
v -0.01498900 -0.04252700 0.52608000
v -0.01498900 -0.04252700 0.52608000
v -0.01498900 -0.04252700 0.52608000
v -0.01498900 -0.04252700 0.52608000
v -0.01967000 -0.04084000 0.51771800
v -0.01967000 -0.04084000 0.51771800
v -0.01967000 -0.04084000 0.51771800
v -0.01967000 -0.04084000 0.51771800
v -0.01967000 -0.04084000 0.51771800
v -0.02430000 -0.03821600 0.51771800
v -0.02430000 -0.03821600 0.51771800
v -0.02430000 -0.03821600 0.51771800
v -0.02430000 -0.03821600 0.51771800
v -0.02430000 -0.03821600 0.51771800
v -0.02430000 -0.03821600 0.51771800
v -0.02838000 -0.03524900 0.51771800
v -0.02838000 -0.03524900 0.51771800
v -0.02838000 -0.03524900 0.51771800
v -0.02838000 -0.03524900 0.51771800
v -0.02838000 -0.03524900 0.51771800
v -0.02838000 -0.03524900 0.51771800
v -0.03214800 -0.03180800 0.51771800
v -0.03214800 -0.03180800 0.51771800
v -0.03214800 -0.03180800 0.51771800
v -0.03214800 -0.03180800 0.51771800
v -0.03545000 -0.02801900 0.51771800
v -0.03545000 -0.02801900 0.51771800
v -0.03545000 -0.02801900 0.51771800
v -0.03545000 -0.02801900 0.51771800
v -0.03545000 -0.02801900 0.51771800
v -0.03545000 -0.02801900 0.51771800
v -0.03827700 -0.02393800 0.51771800
v -0.03827700 -0.02393800 0.51771800
v -0.03827700 -0.02393800 0.51771800
v -0.03827700 -0.02393800 0.51771800
v -0.04076600 -0.01931700 0.51771800
v -0.04076600 -0.01931700 0.51771800
v -0.04076600 -0.01931700 0.51771800
v -0.04076600 -0.01931700 0.51771800
v -0.04076600 -0.01931700 0.51771800
v -0.04265500 -0.01459200 0.51771900
v -0.04265500 -0.01459200 0.51771900
v -0.04265500 -0.01459200 0.51771900
v -0.04265500 -0.01459200 0.51771900
v -0.04265500 -0.01459200 0.51771900
v -0.04397900 -0.00980000 0.51771800
v -0.04397900 -0.00980000 0.51771800
v -0.04397900 -0.00980000 0.51771800
v -0.04397900 -0.00980000 0.51771800
v -0.04397900 -0.00980000 0.51771800
v 0.00509800 -0.04567900 0.52565700
v 0.00509800 -0.04567900 0.52565700
v 0.00509800 -0.04567900 0.52565700
v 0.00509800 -0.04567900 0.52565700
v 0.00509800 -0.04567900 0.52565700
v 0.00509800 -0.04567900 0.52565700
v 0.00766300 -0.04533900 0.52602600
v 0.00766300 -0.04533900 0.52602600
v 0.00766300 -0.04533900 0.52602600
v 0.00766300 -0.04533900 0.52602600
v 0.00766300 -0.04533900 0.52602600
v 0.01258500 -0.04425500 0.52715500
v 0.01258500 -0.04425500 0.52715500
v 0.01258500 -0.04425500 0.52715500
v 0.01258500 -0.04425500 0.52715500
v 0.01258500 -0.04425500 0.52715500
v 0.01493100 -0.04324900 0.52771000
v 0.01493100 -0.04324900 0.52771000
v 0.01493100 -0.04324900 0.52771000
v 0.01493100 -0.04324900 0.52771000
v 0.01493100 -0.04324900 0.52771000
v 0.01493100 -0.04324900 0.52771000
v 0.00253800 -0.04581900 0.52537200
v 0.00253800 -0.04581900 0.52537200
v 0.00253800 -0.04581900 0.52537200
v 0.00253800 -0.04581900 0.52537200
v 0.00253800 -0.04581900 0.52537200
v 0.00253800 -0.04581900 0.52537200
v 0.00000100 -0.04587100 0.52528400
v 0.00000100 -0.04587100 0.52528400
v 0.00000100 -0.04587100 0.52528400
v 0.00000100 -0.04587100 0.52528400
v 0.00000100 -0.04587100 0.52528400
v 0.00000100 -0.04587100 0.52528400
v 0.00506800 -0.04509200 0.52495600
v 0.00506800 -0.04509200 0.52495600
v 0.00506800 -0.04509200 0.52495600
v 0.00506800 -0.04509200 0.52495600
v 0.00506800 -0.04509200 0.52495600
v 0.00258200 -0.04519300 0.52452500
v 0.00258200 -0.04519300 0.52452500
v 0.00258200 -0.04519300 0.52452500
v 0.00258200 -0.04519300 0.52452500
v 0.00258200 -0.04519300 0.52452500
v 0.00003100 -0.04521900 0.52432700
v 0.00003100 -0.04521900 0.52432700
v 0.00003100 -0.04521900 0.52432700
v 0.00003100 -0.04521900 0.52432700
v 0.00003100 -0.04521900 0.52432700
v 0.00003100 -0.04521900 0.52432700
v 0.00003100 -0.04521900 0.52432700
v 0.00999200 -0.04435600 0.52602200
v 0.00999200 -0.04435600 0.52602200
v 0.00999200 -0.04435600 0.52602200
v 0.00999200 -0.04435600 0.52602200
v 0.00999200 -0.04435600 0.52602200
v 0.00999200 -0.04435600 0.52602200
v 0.00750300 -0.04464300 0.52512100
v 0.00750300 -0.04464300 0.52512100
v 0.00750300 -0.04464300 0.52512100
v 0.00750300 -0.04464300 0.52512100
v 0.00750300 -0.04464300 0.52512100
v 0.00750300 -0.04464300 0.52512100
v 0.01243400 -0.04355000 0.52630600
v 0.01243400 -0.04355000 0.52630600
v 0.01243400 -0.04355000 0.52630600
v 0.01243400 -0.04355000 0.52630600
v 0.01243400 -0.04355000 0.52630600
v 0.01243400 -0.04355000 0.52630600
v 0.01981100 -0.04120800 0.52961600
v 0.01981100 -0.04120800 0.52961600
v 0.01981100 -0.04120800 0.52961600
v 0.01981100 -0.04120800 0.52961600
v 0.01981100 -0.04120800 0.52961600
v 0.01981100 -0.04120800 0.52961600
v 0.02419800 -0.03896600 0.53205900
v 0.02419800 -0.03896600 0.53205900
v 0.02419800 -0.03896600 0.53205900
v 0.02419800 -0.03896600 0.53205900
v 0.02419800 -0.03896600 0.53205900
v 0.02419800 -0.03896600 0.53205900
v 0.02834100 -0.03617900 0.53491300
v 0.02834100 -0.03617900 0.53491300
v 0.02834100 -0.03617900 0.53491300
v 0.02834100 -0.03617900 0.53491300
v 0.02834100 -0.03617900 0.53491300
v 0.02834100 -0.03617900 0.53491300
v 0.03531100 -0.02974400 0.54163000
v 0.03531100 -0.02974400 0.54163000
v 0.03531100 -0.02974400 0.54163000
v 0.03531100 -0.02974400 0.54163000
v 0.03531100 -0.02974400 0.54163000
v 0.03531100 -0.02974400 0.54163000
v 0.03531100 -0.02974400 0.54163000
v 0.03212100 -0.03249900 0.53764100
v 0.03212100 -0.03249900 0.53764100
v 0.03212100 -0.03249900 0.53764100
v 0.03212100 -0.03249900 0.53764100
v 0.03212100 -0.03249900 0.53764100
v 0.03212100 -0.03249900 0.53764100
v 0.02841000 -0.03492400 0.53293300
v 0.02841000 -0.03492400 0.53293300
v 0.02841000 -0.03492400 0.53293300
v 0.02841000 -0.03492400 0.53293300
v 0.02841000 -0.03492400 0.53293300
v 0.02841000 -0.03492400 0.53293300
v 0.02841000 -0.03492400 0.53293300
v 0.02421800 -0.03801200 0.53050900
v 0.02421800 -0.03801200 0.53050900
v 0.02421800 -0.03801200 0.53050900
v 0.02421800 -0.03801200 0.53050900
v 0.02421800 -0.03801200 0.53050900
v 0.02421800 -0.03801200 0.53050900
v 0.01972800 -0.04062800 0.52852100
v 0.01972800 -0.04062800 0.52852100
v 0.01972800 -0.04062800 0.52852100
v 0.01972800 -0.04062800 0.52852100
v 0.01621300 -0.04224600 0.52726700
v 0.01621300 -0.04224600 0.52726700
v 0.01621300 -0.04224600 0.52726700
v 0.01621300 -0.04224600 0.52726700
v 0.01621300 -0.04224600 0.52726700
v 0.01621300 -0.04224600 0.52726700
v 0.01976700 -0.04046300 0.52718700
v 0.01976700 -0.04046300 0.52718700
v 0.01976700 -0.04046300 0.52718700
v 0.01976700 -0.04046300 0.52718700
v 0.01976700 -0.04046300 0.52718700
v 0.01976700 -0.04046300 0.52718700
v 0.04270000 -0.01647600 0.55346400
v 0.04270000 -0.01647600 0.55346400
v 0.04270000 -0.01647600 0.55346400
v 0.04270000 -0.01647600 0.55346400
v 0.04270000 -0.01647600 0.55346400
v 0.04270000 -0.01647600 0.55346400
v 0.04268200 -0.01437200 0.54869400
v 0.04268200 -0.01437200 0.54869400
v 0.04268200 -0.01437200 0.54869400
v 0.04268200 -0.01437200 0.54869400
v 0.04268200 -0.01437200 0.54869400
v 0.04403100 -0.01231400 0.55829000
v 0.04403100 -0.01231400 0.55829000
v 0.04403100 -0.01231400 0.55829000
v 0.04403100 -0.01231400 0.55829000
v 0.04403100 -0.01231400 0.55829000
v 0.04403100 -0.01231400 0.55829000
v 0.04404800 -0.00938300 0.55278600
v 0.04404800 -0.00938300 0.55278600
v 0.04404800 -0.00938300 0.55278600
v 0.04404800 -0.00938300 0.55278600
v 0.04404800 -0.00938300 0.55278600
v 0.04404800 -0.00938300 0.55278600
v -0.03840800 -0.02628600 0.54615400
v -0.03840800 -0.02628600 0.54615400
v -0.03840800 -0.02628600 0.54615400
v -0.03840800 -0.02628600 0.54615400
v -0.03840800 -0.02628600 0.54615400
v -0.03840800 -0.02628600 0.54615400
v -0.04403600 -0.00944800 0.55279700
v -0.04403600 -0.00944800 0.55279700
v -0.04403600 -0.00944800 0.55279700
v -0.04403600 -0.00944800 0.55279700
v -0.04403600 -0.00944800 0.55279700
v -0.04403600 -0.00944800 0.55279700
v -0.04269800 -0.01430500 0.54895200
v -0.04269800 -0.01430500 0.54895200
v -0.04269800 -0.01430500 0.54895200
v -0.04269800 -0.01430500 0.54895200
v -0.04269800 -0.01430500 0.54895200
v -0.04403100 -0.01231400 0.55829000
v -0.04403100 -0.01231400 0.55829000
v -0.04403100 -0.01231400 0.55829000
v -0.04403100 -0.01231400 0.55829000
v -0.04403100 -0.01231400 0.55829000
v -0.04403100 -0.01231400 0.55829000
v -0.04269200 -0.01680100 0.55377300
v -0.04269200 -0.01680100 0.55377300
v -0.04269200 -0.01680100 0.55377300
v -0.04269200 -0.01680100 0.55377300
v -0.04269200 -0.01680100 0.55377300
v -0.04269200 -0.01680100 0.55377300
v -0.03550500 -0.03015400 0.54226700
v -0.03550500 -0.03015400 0.54226700
v -0.03550500 -0.03015400 0.54226700
v -0.03550500 -0.03015400 0.54226700
v -0.03550500 -0.03015400 0.54226700
v -0.03212100 -0.03298400 0.53815300
v -0.03212100 -0.03298400 0.53815300
v -0.03212100 -0.03298400 0.53815300
v -0.03212100 -0.03298400 0.53815300
v -0.03212100 -0.03298400 0.53815300
v -0.03212100 -0.03298400 0.53815300
v -0.03212100 -0.03298400 0.53815300
v -0.02834100 -0.03617100 0.53490600
v -0.02834100 -0.03617100 0.53490600
v -0.02834100 -0.03617100 0.53490600
v -0.02834100 -0.03617100 0.53490600
v -0.02834100 -0.03617100 0.53490600
v -0.02834100 -0.03617100 0.53490600
v -0.02419800 -0.03865800 0.53173500
v -0.02419800 -0.03865800 0.53173500
v -0.02419800 -0.03865800 0.53173500
v -0.02419800 -0.03865800 0.53173500
v -0.02419800 -0.03865800 0.53173500
v -0.02416600 -0.03800200 0.53019000
v -0.02416600 -0.03800200 0.53019000
v -0.02416600 -0.03800200 0.53019000
v -0.02416600 -0.03800200 0.53019000
v -0.02416600 -0.03800200 0.53019000
v -0.02416600 -0.03800200 0.53019000
v -0.01964100 -0.04053100 0.52767100
v -0.01964100 -0.04053100 0.52767100
v -0.01964100 -0.04053100 0.52767100
v -0.01964100 -0.04053100 0.52767100
v -0.01964100 -0.04053100 0.52767100
v -0.01964100 -0.04053100 0.52767100
v -0.03549800 -0.02757400 0.53766500
v -0.03549800 -0.02757400 0.53766500
v -0.03549800 -0.02757400 0.53766500
v -0.03549800 -0.02757400 0.53766500
v -0.03549800 -0.02757400 0.53766500
v -0.03549800 -0.02757400 0.53766500
v -0.04079700 -0.02102500 0.54925900
v -0.04079700 -0.02102500 0.54925900
v -0.04079700 -0.02102500 0.54925900
v -0.04079700 -0.02102500 0.54925900
v -0.04079700 -0.02102500 0.54925900
v -0.04079700 -0.02102500 0.54925900
v -0.03843800 -0.02405000 0.54372100
v -0.03843800 -0.02405000 0.54372100
v -0.03843800 -0.02405000 0.54372100
v -0.03843800 -0.02405000 0.54372100
v -0.03843800 -0.02405000 0.54372100
v -0.03843800 -0.02405000 0.54372100
v -0.03550200 -0.02829100 0.54035400
v -0.03550200 -0.02829100 0.54035400
v -0.03550200 -0.02829100 0.54035400
v -0.03550200 -0.02829100 0.54035400
v -0.03550200 -0.02829100 0.54035400
v -0.03550200 -0.02829100 0.54035400
v -0.03206000 -0.03153400 0.53546900
v -0.03206000 -0.03153400 0.53546900
v -0.03206000 -0.03153400 0.53546900
v -0.03206000 -0.03153400 0.53546900
v -0.03206000 -0.03153400 0.53546900
v -0.03206000 -0.03153400 0.53546900
v -0.03206000 -0.03153400 0.53546900
v -0.02826000 -0.03504800 0.53283800
v -0.02826000 -0.03504800 0.53283800
v -0.02826000 -0.03504800 0.53283800
v -0.02826000 -0.03504800 0.53283800
v -0.02826000 -0.03504800 0.53283800
v -0.02826000 -0.03504800 0.53283800
v -0.01511900 -0.04270800 0.52711200
v -0.01511900 -0.04270800 0.52711200
v -0.01511900 -0.04270800 0.52711200
v -0.01511900 -0.04270800 0.52711200
v -0.01511900 -0.04270800 0.52711200
v -0.01511900 -0.04270800 0.52711200
v -0.01733600 -0.04176700 0.52766800
v -0.01733600 -0.04176700 0.52766800
v -0.01733600 -0.04176700 0.52766800
v -0.01733600 -0.04176700 0.52766800
v -0.01134100 -0.04455800 0.52677500
v -0.01134100 -0.04455800 0.52677500
v -0.01134100 -0.04455800 0.52677500
v -0.01134100 -0.04455800 0.52677500
v -0.01134100 -0.04455800 0.52677500
v -0.01134100 -0.04455800 0.52677500
v -0.01134100 -0.04455800 0.52677500
v -0.01014000 -0.04424700 0.52589100
v -0.01014000 -0.04424700 0.52589100
v -0.01014000 -0.04424700 0.52589100
v -0.01014000 -0.04424700 0.52589100
v -0.01014000 -0.04424700 0.52589100
v -0.01252800 -0.04355200 0.52632000
v -0.01252800 -0.04355200 0.52632000
v -0.01252800 -0.04355200 0.52632000
v -0.01252800 -0.04355200 0.52632000
v -0.01252800 -0.04355200 0.52632000
v -0.01005600 -0.04401300 0.52500100
v -0.01005600 -0.04401300 0.52500100
v -0.01005600 -0.04401300 0.52500100
v -0.01005600 -0.04401300 0.52500100
v -0.01005600 -0.04401300 0.52500100
v -0.01005600 -0.04401300 0.52500100
v -0.00506100 -0.04490500 0.52438000
v -0.00506100 -0.04490500 0.52438000
v -0.00506100 -0.04490500 0.52438000
v -0.00506100 -0.04490500 0.52438000
v -0.00506100 -0.04490500 0.52438000
v -0.00506100 -0.04490500 0.52438000
v -0.00506100 -0.04490500 0.52438000
v -0.00510600 -0.04514900 0.52511700
v -0.00510600 -0.04514900 0.52511700
v -0.00510600 -0.04514900 0.52511700
v -0.00510600 -0.04514900 0.52511700
v -0.00510600 -0.04514900 0.52511700
v -0.00510600 -0.04514900 0.52511700
v -0.00758800 -0.04465900 0.52513700
v -0.00758800 -0.04465900 0.52513700
v -0.00758800 -0.04465900 0.52513700
v -0.00758800 -0.04465900 0.52513700
v -0.00758800 -0.04465900 0.52513700
v -0.00762100 -0.04508900 0.52580200
v -0.00762100 -0.04508900 0.52580200
v -0.00762100 -0.04508900 0.52580200
v -0.00762100 -0.04508900 0.52580200
v -0.00762100 -0.04508900 0.52580200
v -0.00762100 -0.04508900 0.52580200
v -0.00508600 -0.04620900 0.52590400
v -0.00508600 -0.04620900 0.52590400
v -0.00508600 -0.04620900 0.52590400
v -0.00508600 -0.04620900 0.52590400
v -0.00508600 -0.04620900 0.52590400
v -0.00508600 -0.04620900 0.52590400
v -0.00508600 -0.04620900 0.52590400
v -0.00759700 -0.04597900 0.52630400
v -0.00759700 -0.04597900 0.52630400
v -0.00759700 -0.04597900 0.52630400
v -0.00759700 -0.04597900 0.52630400
v -0.00759700 -0.04597900 0.52630400
v -0.00248400 -0.04619600 0.52557000
v -0.00248400 -0.04619600 0.52557000
v -0.00248400 -0.04619600 0.52557000
v -0.00248400 -0.04619600 0.52557000
v -0.00248400 -0.04619600 0.52557000
v -0.00254400 -0.04535900 0.52487000
v -0.00254400 -0.04535900 0.52487000
v -0.00254400 -0.04535900 0.52487000
v -0.00254400 -0.04535900 0.52487000
v -0.00254400 -0.04535900 0.52487000
v -0.01128000 0.04349200 0.52590900
v -0.01128000 0.04349200 0.52590900
v -0.01128000 0.04349200 0.52590900
v -0.01128000 0.04349200 0.52590900
v -0.01128000 0.04349200 0.52590900
v -0.01128000 0.04349200 0.52590900
v -0.01622000 0.04184400 0.52727400
v -0.01622000 0.04184400 0.52727400
v -0.01622000 0.04184400 0.52727400
v -0.01622000 0.04184400 0.52727400
v -0.01622000 0.04184400 0.52727400
v -0.01622000 0.04184400 0.52727400
v -0.01622000 0.04184400 0.52727400
v -0.01976100 0.04022000 0.52856000
v -0.01976100 0.04022000 0.52856000
v -0.01976100 0.04022000 0.52856000
v -0.01976100 0.04022000 0.52856000
v -0.03552200 0.02721500 0.53873300
v -0.03552200 0.02721500 0.53873300
v -0.03552200 0.02721500 0.53873300
v -0.03552200 0.02721500 0.53873300
v -0.03552200 0.02721500 0.53873300
v -0.03552200 0.02721500 0.53873300
v -0.03552200 0.02721500 0.53873300
v -0.03552200 0.02721500 0.53873300
v -0.03547400 0.02909300 0.54177200
v -0.03547400 0.02909300 0.54177200
v -0.03547400 0.02909300 0.54177200
v -0.03547400 0.02909300 0.54177200
v -0.03547400 0.02909300 0.54177200
v -0.03547400 0.02909300 0.54177200
v -0.04401000 0.00926200 0.55387500
v -0.04401000 0.00926200 0.55387500
v -0.04401000 0.00926200 0.55387500
v -0.04401000 0.00926200 0.55387500
v -0.04401000 0.00926200 0.55387500
v -0.04401000 0.00926200 0.55387500
v -0.04079700 0.02083300 0.54948100
v -0.04079700 0.02083300 0.54948100
v -0.04079700 0.02083300 0.54948100
v -0.04079700 0.02083300 0.54948100
v -0.04079700 0.02083300 0.54948100
v -0.04079700 0.02083300 0.54948100
v 0.04066700 0.02099800 0.54921700
v 0.04066700 0.02099800 0.54921700
v 0.04066700 0.02099800 0.54921700
v 0.04066700 0.02099800 0.54921700
v 0.04066700 0.02099800 0.54921700
v 0.04066700 0.02099800 0.54921700
v 0.04270600 0.01743000 0.55462400
v 0.04270600 0.01743000 0.55462400
v 0.04270600 0.01743000 0.55462400
v 0.04270600 0.01743000 0.55462400
v 0.04270600 0.01743000 0.55462400
v 0.04037600 0.01954400 0.54406800
v 0.04037600 0.01954400 0.54406800
v 0.04037600 0.01954400 0.54406800
v 0.04037600 0.01954400 0.54406800
v 0.04037600 0.01954400 0.54406800
v 0.04037600 0.01954400 0.54406800
v 0.03819600 0.02340100 0.54153900
v 0.03819600 0.02340100 0.54153900
v 0.03819600 0.02340100 0.54153900
v 0.03819600 0.02340100 0.54153900
v 0.03819600 0.02340100 0.54153900
v 0.03819600 0.02340100 0.54153900
v 0.03819600 0.02340100 0.54153900
v 0.02826100 0.03464300 0.53282800
v 0.02826100 0.03464300 0.53282800
v 0.02826100 0.03464300 0.53282800
v 0.02826100 0.03464300 0.53282800
v 0.02826100 0.03464300 0.53282800
v 0.02826100 0.03464300 0.53282800
v 0.02826100 0.03464300 0.53282800
v 0.00756100 0.04467600 0.52581500
v 0.00756100 0.04467600 0.52581500
v 0.00756100 0.04467600 0.52581500
v 0.00756100 0.04467600 0.52581500
v 0.00756100 0.04467600 0.52581500
v 0.00756100 0.04467600 0.52581500
v 0.00756100 0.04467600 0.52581500
v 0.00503800 0.04523700 0.52561700
v 0.00503800 0.04523700 0.52561700
v 0.00503800 0.04523700 0.52561700
v 0.00503800 0.04523700 0.52561700
v 0.00503800 0.04523700 0.52561700
v 0.00259500 0.04530400 0.52528500
v 0.00259500 0.04530400 0.52528500
v 0.00259500 0.04530400 0.52528500
v 0.00259500 0.04530400 0.52528500
v 0.00259500 0.04530400 0.52528500
v 0.00259500 0.04530400 0.52528500
v -0.00002800 0.04561100 0.52538000
v -0.00002800 0.04561100 0.52538000
v -0.00002800 0.04561100 0.52538000
v -0.00002800 0.04561100 0.52538000
v -0.00002800 0.04561100 0.52538000
v -0.04478300 0.00452500 0.55958200
v -0.04478300 0.00452500 0.55958200
v -0.04478300 0.00452500 0.55958200
v -0.04478300 0.00452500 0.55958200
v -0.04478300 0.00452500 0.55958200
v -0.04478300 0.00452500 0.55958200
v -0.04478300 0.00452500 0.55958200
v -0.04476200 0.00445000 0.51771800
v -0.04476200 0.00445000 0.51771800
v -0.04476200 0.00445000 0.51771800
v -0.04476200 0.00445000 0.51771800
v -0.04400100 0.00927000 0.51771800
v -0.04400100 0.00927000 0.51771800
v -0.04400100 0.00927000 0.51771800
v -0.04400100 0.00927000 0.51771800
v -0.04400100 0.00927000 0.51771800
v -0.04400100 0.00927000 0.51771800
v -0.04261300 0.01434400 0.51771800
v -0.04261300 0.01434400 0.51771800
v -0.04261300 0.01434400 0.51771800
v -0.04261300 0.01434400 0.51771800
v -0.04261300 0.01434400 0.51771800
v -0.04261300 0.01434400 0.51771800
v -0.04072500 0.01901700 0.51771800
v -0.04072500 0.01901700 0.51771800
v -0.04072500 0.01901700 0.51771800
v -0.04072500 0.01901700 0.51771800
v -0.04072500 0.01901700 0.51771800
v -0.03834200 0.02343400 0.51771800
v -0.03834200 0.02343400 0.51771800
v -0.03834200 0.02343400 0.51771800
v -0.03834200 0.02343400 0.51771800
v -0.03834200 0.02343400 0.51771800
v -0.03834200 0.02343400 0.51771800
v -0.03834200 0.02343400 0.51771800
v -0.03199400 0.03155600 0.51771800
v -0.03199400 0.03155600 0.51771800
v -0.03199400 0.03155600 0.51771800
v -0.03199400 0.03155600 0.51771800
v -0.03199400 0.03155600 0.51771800
v -0.03199400 0.03155600 0.51771800
v -0.03541300 0.02767100 0.51771800
v -0.03541300 0.02767100 0.51771800
v -0.03541300 0.02767100 0.51771800
v -0.03541300 0.02767100 0.51771800
v -0.03541300 0.02767100 0.51771800
v -0.02830500 0.03492200 0.51771800
v -0.02830500 0.03492200 0.51771800
v -0.02830500 0.03492200 0.51771800
v -0.02830500 0.03492200 0.51771800
v -0.02830500 0.03492200 0.51771800
v -0.02422500 0.03785900 0.51771800
v -0.02422500 0.03785900 0.51771800
v -0.02422500 0.03785900 0.51771800
v -0.02422500 0.03785900 0.51771800
v -0.02422500 0.03785900 0.51771800
v -0.02422500 0.03785900 0.51771800
v -0.02422500 0.03785900 0.51771800
v -0.01518100 0.04229800 0.51771800
v -0.01518100 0.04229800 0.51771800
v -0.01518100 0.04229800 0.51771800
v -0.01518100 0.04229800 0.51771800
v -0.01518100 0.04229800 0.51771800
v -0.01518100 0.04229800 0.51771800
v -0.01953000 0.04049000 0.51771800
v -0.01953000 0.04049000 0.51771800
v -0.01953000 0.04049000 0.51771800
v -0.01953000 0.04049000 0.51771800
v -0.01020300 0.04373200 0.51771800
v -0.01020300 0.04373200 0.51771800
v -0.01020300 0.04373200 0.51771800
v -0.01020300 0.04373200 0.51771800
v 0.00262100 0.04482900 0.51771700
v 0.00262100 0.04482900 0.51771700
v 0.00262100 0.04482900 0.51771700
v 0.00262100 0.04482900 0.51771700
v 0.00262100 0.04482900 0.51771700
v 0.00007400 0.04480700 0.52417300
v 0.00007400 0.04480700 0.52417300
v 0.00007400 0.04480700 0.52417300
v 0.00007400 0.04480700 0.52417300
v 0.00007400 0.04480700 0.52417300
v 0.00007400 0.04480700 0.52417300
v 0.00007400 0.04480700 0.52417300
v -0.00480200 0.04457200 0.51771800
v -0.00480200 0.04457200 0.51771800
v -0.00480200 0.04457200 0.51771800
v -0.00480200 0.04457200 0.51771800
v -0.00480200 0.04457200 0.51771800
v 0.01225500 0.04327600 0.51771800
v 0.01225500 0.04327600 0.51771800
v 0.01225500 0.04327600 0.51771800
v 0.01225500 0.04327600 0.51771800
v 0.01225500 0.04327600 0.51771800
v 0.01225500 0.04327600 0.51771800
v 0.01225500 0.04327600 0.51771800
v 0.01955800 0.04050100 0.51771800
v 0.01955800 0.04050100 0.51771800
v 0.01955800 0.04050100 0.51771800
v 0.01955800 0.04050100 0.51771800
v 0.01955800 0.04050100 0.51771800
v 0.01955800 0.04050100 0.51771800
v 0.02439600 0.03776100 0.51771800
v 0.02439600 0.03776100 0.51771800
v 0.02439600 0.03776100 0.51771800
v 0.02439600 0.03776100 0.51771800
v 0.02439600 0.03776100 0.51771800
v 0.02839200 0.03485000 0.51771800
v 0.02839200 0.03485000 0.51771800
v 0.02839200 0.03485000 0.51771800
v 0.02839200 0.03485000 0.51771800
v 0.02839200 0.03485000 0.51771800
v 0.03215100 0.03140200 0.51771800
v 0.03215100 0.03140200 0.51771800
v 0.03215100 0.03140200 0.51771800
v 0.03215100 0.03140200 0.51771800
v 0.03545600 0.02760800 0.51771800
v 0.03545600 0.02760800 0.51771800
v 0.03545600 0.02760800 0.51771800
v 0.03545600 0.02760800 0.51771800
v 0.03545600 0.02760800 0.51771800
v 0.03545600 0.02760800 0.51771800
v 0.03828100 0.02353100 0.51771800
v 0.03828100 0.02353100 0.51771800
v 0.03828100 0.02353100 0.51771800
v 0.03828100 0.02353100 0.51771800
v 0.03828100 0.02353100 0.51771800
v 0.04076600 0.01891600 0.51771800
v 0.04076600 0.01891600 0.51771800
v 0.04076600 0.01891600 0.51771800
v 0.04076600 0.01891600 0.51771800
v 0.04076600 0.01891600 0.51771800
v 0.04076600 0.01891600 0.51771800
v 0.04265500 0.01419100 0.51771900
v 0.04265500 0.01419100 0.51771900
v 0.04265500 0.01419100 0.51771900
v 0.04265500 0.01419100 0.51771900
v 0.04265500 0.01419100 0.51771900
v 0.04397900 0.00939900 0.51771800
v 0.04397900 0.00939900 0.51771800
v 0.04397900 0.00939900 0.51771800
v 0.04397900 0.00939900 0.51771800
v 0.04397900 0.00939900 0.51771800
v 0.04397900 0.00939900 0.51771800
v 0.04476200 0.00452400 0.51771800
v 0.04476200 0.00452400 0.51771800
v 0.04476200 0.00452400 0.51771800
v 0.04476200 0.00452400 0.51771800
v 0.04476200 0.00452400 0.51771800
v 0.04476200 0.00452400 0.51771800
v 0.04476200 0.00452400 0.51771800
v 0.04478200 0.00465300 0.55981200
v 0.04478200 0.00465300 0.55981200
v 0.04478200 0.00465300 0.55981200
v 0.04478200 0.00465300 0.55981200
v 0.04478200 0.00465300 0.55981200
v 0.04478200 0.00465300 0.55981200
v -0.01655800 0.04312900 0.52875300
v -0.01655800 0.04312900 0.52875300
v -0.01655800 0.04312900 0.52875300
v -0.01655800 0.04312900 0.52875300
v -0.01655800 0.04312900 0.52875300
v -0.01655800 0.04312900 0.52875300
v 0.01510400 0.04296800 0.52789500
v 0.01510400 0.04296800 0.52789500
v 0.01510400 0.04296800 0.52789500
v 0.01510400 0.04296800 0.52789500
v 0.01510400 0.04296800 0.52789500
v 0.01140400 0.04374700 0.52645100
v 0.01140400 0.04374700 0.52645100
v 0.01140400 0.04374700 0.52645100
v 0.01140400 0.04374700 0.52645100
v 0.01140400 0.04374700 0.52645100
v 0.01140400 0.04374700 0.52645100
v -0.00000000 0.04507900 0.52484000
v -0.00000000 0.04507900 0.52484000
v -0.00000000 0.04507900 0.52484000
v -0.00000000 0.04507900 0.52484000
v -0.00000000 0.04507900 0.52484000
v -0.00000000 0.04507900 0.52484000
v 0.00498200 0.04453500 0.52457800
v 0.00498200 0.04453500 0.52457800
v 0.00498200 0.04453500 0.52457800
v 0.00498200 0.04453500 0.52457800
v 0.00498200 0.04453500 0.52457800
v 0.00498200 0.04453500 0.52457800
v 0.00498200 0.04453500 0.52457800
v 0.00498200 0.04453500 0.52457800
v 0.00498200 0.04453500 0.52457800
v 0.01511700 0.04230300 0.52710100
v 0.01511700 0.04230300 0.52710100
v 0.01511700 0.04230300 0.52710100
v 0.01511700 0.04230300 0.52710100
v 0.01511700 0.04230300 0.52710100
v 0.01511700 0.04230300 0.52710100
v 0.00250700 0.04477900 0.52444400
v 0.00250700 0.04477900 0.52444400
v 0.00250700 0.04477900 0.52444400
v 0.00250700 0.04477900 0.52444400
v 0.01111400 0.04348500 0.52577400
v 0.01111400 0.04348500 0.52577400
v 0.01111400 0.04348500 0.52577400
v 0.01111400 0.04348500 0.52577400
v 0.01111400 0.04348500 0.52577400
v 0.01111400 0.04348500 0.52577400
v 0.01736900 0.04134900 0.52767400
v 0.01736900 0.04134900 0.52767400
v 0.01736900 0.04134900 0.52767400
v 0.01736900 0.04134900 0.52767400
v 0.01976100 0.04064700 0.52941300
v 0.01976100 0.04064700 0.52941300
v 0.01976100 0.04064700 0.52941300
v 0.01976100 0.04064700 0.52941300
v 0.01976100 0.04064700 0.52941300
v 0.01976100 0.04064700 0.52941300
v 0.01976100 0.04064700 0.52941300
v 0.01976100 0.04064700 0.52941300
v 0.02417800 0.03840000 0.53190600
v 0.02417800 0.03840000 0.53190600
v 0.02417800 0.03840000 0.53190600
v 0.02417800 0.03840000 0.53190600
v 0.02417800 0.03840000 0.53190600
v 0.02417800 0.03840000 0.53190600
v 0.02417800 0.03840000 0.53190600
v 0.01477400 0.04221100 0.52568600
v 0.01477400 0.04221100 0.52568600
v 0.01477400 0.04221100 0.52568600
v 0.01477400 0.04221100 0.52568600
v 0.01477400 0.04221100 0.52568600
v 0.01477400 0.04221100 0.52568600
v 0.01477400 0.04221100 0.52568600
v 0.00997500 0.04362700 0.52463700
v 0.00997500 0.04362700 0.52463700
v 0.00997500 0.04362700 0.52463700
v 0.00997500 0.04362700 0.52463700
v 0.00997500 0.04362700 0.52463700
v 0.03212100 0.03258300 0.53815300
v 0.03212100 0.03258300 0.53815300
v 0.03212100 0.03258300 0.53815300
v 0.03212100 0.03258300 0.53815300
v 0.03212100 0.03258300 0.53815300
v 0.03212100 0.03258300 0.53815300
v 0.03212100 0.03258300 0.53815300
v 0.03535900 0.02920900 0.54160700
v 0.03535900 0.02920900 0.54160700
v 0.03535900 0.02920900 0.54160700
v 0.03535900 0.02920900 0.54160700
v 0.03535900 0.02920900 0.54160700
v 0.03535900 0.02920900 0.54160700
v 0.02834100 0.03577000 0.53490600
v 0.02834100 0.03577000 0.53490600
v 0.02834100 0.03577000 0.53490600
v 0.02834100 0.03577000 0.53490600
v 0.02834100 0.03577000 0.53490600
v 0.01970900 0.04008500 0.52766900
v 0.01970900 0.04008500 0.52766900
v 0.01970900 0.04008500 0.52766900
v 0.01970900 0.04008500 0.52766900
v 0.01970900 0.04008500 0.52766900
v 0.01970900 0.04008500 0.52766900
v 0.02417500 0.03758900 0.53017200
v 0.02417500 0.03758900 0.53017200
v 0.02417500 0.03758900 0.53017200
v 0.02417500 0.03758900 0.53017200
v 0.02417500 0.03758900 0.53017200
v 0.02417500 0.03758900 0.53017200
v 0.03204800 0.03118900 0.53558600
v 0.03204800 0.03118900 0.53558600
v 0.03204800 0.03118900 0.53558600
v 0.03204800 0.03118900 0.53558600
v 0.03204800 0.03118900 0.53558600
v 0.03204800 0.03118900 0.53558600
v 0.03552300 0.02793900 0.54037200
v 0.03552300 0.02793900 0.54037200
v 0.03552300 0.02793900 0.54037200
v 0.03552300 0.02793900 0.54037200
v 0.03552300 0.02793900 0.54037200
v 0.03803900 0.02527800 0.54466400
v 0.03803900 0.02527800 0.54466400
v 0.03803900 0.02527800 0.54466400
v 0.03803900 0.02527800 0.54466400
v 0.03803900 0.02527800 0.54466400
v 0.03803900 0.02527800 0.54466400
v 0.03803900 0.02527800 0.54466400
v 0.00765100 0.04415800 0.52485200
v 0.00765100 0.04415800 0.52485200
v 0.00765100 0.04415800 0.52485200
v 0.00765100 0.04415800 0.52485200
v 0.03542000 0.02733000 0.53837800
v 0.03542000 0.02733000 0.53837800
v 0.03542000 0.02733000 0.53837800
v 0.03542000 0.02733000 0.53837800
v 0.03542000 0.02733000 0.53837800
v 0.04262400 0.01405400 0.54615700
v 0.04262400 0.01405400 0.54615700
v 0.04262400 0.01405400 0.54615700
v 0.04262400 0.01405400 0.54615700
v 0.04262400 0.01405400 0.54615700
v 0.04262400 0.01405400 0.54615700
v 0.04126700 0.01792200 0.54678400
v 0.04126700 0.01792200 0.54678400
v 0.04126700 0.01792200 0.54678400
v 0.04126700 0.01792200 0.54678400
v 0.04126700 0.01792200 0.54678400
v 0.04268100 0.01472800 0.55131200
v 0.04268100 0.01472800 0.55131200
v 0.04268100 0.01472800 0.55131200
v 0.04268100 0.01472800 0.55131200
v 0.04268100 0.01472800 0.55131200
v 0.04268100 0.01472800 0.55131200
v 0.04402600 0.00908800 0.55263500
v 0.04402600 0.00908800 0.55263500
v 0.04402600 0.00908800 0.55263500
v 0.04402600 0.00908800 0.55263500
v 0.04402600 0.00908800 0.55263500
v 0.04402600 0.00908800 0.55263500
v 0.04403000 0.01170900 0.55807100
v 0.04403000 0.01170900 0.55807100
v 0.04403000 0.01170900 0.55807100
v 0.04403000 0.01170900 0.55807100
v 0.04403000 0.01170900 0.55807100
v 0.04403000 0.01170900 0.55807100
v -0.03841000 0.02598900 0.54624200
v -0.03841000 0.02598900 0.54624200
v -0.03841000 0.02598900 0.54624200
v -0.03841000 0.02598900 0.54624200
v -0.03841000 0.02598900 0.54624200
v -0.03841000 0.02598900 0.54624200
v -0.03838400 0.02381400 0.54382700
v -0.03838400 0.02381400 0.54382700
v -0.03838400 0.02381400 0.54382700
v -0.03838400 0.02381400 0.54382700
v -0.03838400 0.02381400 0.54382700
v -0.03838400 0.02381400 0.54382700
v -0.04269100 0.01627800 0.55363900
v -0.04269100 0.01627800 0.55363900
v -0.04269100 0.01627800 0.55363900
v -0.04269100 0.01627800 0.55363900
v -0.04269100 0.01627800 0.55363900
v -0.04269100 0.01627800 0.55363900
v -0.04269100 0.01627800 0.55363900
v -0.04403700 0.01307300 0.55921500
v -0.04403700 0.01307300 0.55921500
v -0.04403700 0.01307300 0.55921500
v -0.04403700 0.01307300 0.55921500
v -0.04403700 0.01307300 0.55921500
v -0.04270100 0.01388400 0.54884300
v -0.04270100 0.01388400 0.54884300
v -0.04270100 0.01388400 0.54884300
v -0.04270100 0.01388400 0.54884300
v -0.04270100 0.01388400 0.54884300
v -0.04084700 0.01852200 0.54540700
v -0.04084700 0.01852200 0.54540700
v -0.04084700 0.01852200 0.54540700
v -0.04084700 0.01852200 0.54540700
v -0.04084700 0.01852200 0.54540700
v -0.04084700 0.01852200 0.54540700
v -0.04084700 0.01852200 0.54540700
v -0.03842000 0.02299300 0.54112100
v -0.03842000 0.02299300 0.54112100
v -0.03842000 0.02299300 0.54112100
v -0.03842000 0.02299300 0.54112100
v -0.01492000 0.04285700 0.52771300
v -0.01492000 0.04285700 0.52771300
v -0.01492000 0.04285700 0.52771300
v -0.01492000 0.04285700 0.52771300
v -0.01492000 0.04285700 0.52771300
v -0.02834100 0.03577800 0.53491300
v -0.02834100 0.03577800 0.53491300
v -0.02834100 0.03577800 0.53491300
v -0.02834100 0.03577800 0.53491300
v -0.02834100 0.03577800 0.53491300
v -0.02834100 0.03577800 0.53491300
v -0.02419800 0.03856500 0.53205900
v -0.02419800 0.03856500 0.53205900
v -0.02419800 0.03856500 0.53205900
v -0.02419800 0.03856500 0.53205900
v -0.02419800 0.03856500 0.53205900
v -0.02419800 0.03856500 0.53205900
v -0.01981100 0.04080700 0.52961600
v -0.01981100 0.04080700 0.52961600
v -0.01981100 0.04080700 0.52961600
v -0.01981100 0.04080700 0.52961600
v -0.01981100 0.04080700 0.52961600
v -0.01981100 0.04080700 0.52961600
v -0.01981100 0.04080700 0.52961600
v -0.02841100 0.03447600 0.53280300
v -0.02841100 0.03447600 0.53280300
v -0.02841100 0.03447600 0.53280300
v -0.02841100 0.03447600 0.53280300
v -0.02841100 0.03447600 0.53280300
v -0.02841100 0.03447600 0.53280300
v -0.02841100 0.03447600 0.53280300
v -0.02841100 0.03447600 0.53280300
v -0.03212100 0.03209800 0.53764100
v -0.03212100 0.03209800 0.53764100
v -0.03212100 0.03209800 0.53764100
v -0.03212100 0.03209800 0.53764100
v -0.03212100 0.03209800 0.53764100
v -0.03212100 0.03209800 0.53764100
v -0.03218900 0.03101700 0.53536500
v -0.03218900 0.03101700 0.53536500
v -0.03218900 0.03101700 0.53536500
v -0.03218900 0.03101700 0.53536500
v -0.02422500 0.03760500 0.53051000
v -0.02422500 0.03760500 0.53051000
v -0.02422500 0.03760500 0.53051000
v -0.02422500 0.03760500 0.53051000
v -0.02422500 0.03760500 0.53051000
v -0.02422500 0.03760500 0.53051000
v -0.01259300 0.04342300 0.52679400
v -0.01259300 0.04342300 0.52679400
v -0.01259300 0.04342300 0.52679400
v -0.01259300 0.04342300 0.52679400
v -0.01259300 0.04342300 0.52679400
v -0.01298700 0.04427800 0.52752700
v -0.01298700 0.04427800 0.52752700
v -0.01298700 0.04427800 0.52752700
v -0.01298700 0.04427800 0.52752700
v -0.01298700 0.04427800 0.52752700
v -0.01298700 0.04427800 0.52752700
v -0.01298700 0.04427800 0.52752700
v -0.00884900 0.04448700 0.52601900
v -0.00884900 0.04448700 0.52601900
v -0.00884900 0.04448700 0.52601900
v -0.00884900 0.04448700 0.52601900
v -0.00884900 0.04448700 0.52601900
v -0.00884900 0.04448700 0.52601900
v -0.00884900 0.04448700 0.52601900
v -0.00884900 0.04448700 0.52601900
v -0.01017200 0.04506800 0.52681800
v -0.01017200 0.04506800 0.52681800
v -0.01017200 0.04506800 0.52681800
v -0.01017200 0.04506800 0.52681800
v -0.01017200 0.04506800 0.52681800
v -0.01493500 0.04215600 0.52608800
v -0.01493500 0.04215600 0.52608800
v -0.01493500 0.04215600 0.52608800
v -0.01493500 0.04215600 0.52608800
v -0.01493500 0.04215600 0.52608800
v -0.01978100 0.04005200 0.52716700
v -0.01978100 0.04005200 0.52716700
v -0.01978100 0.04005200 0.52716700
v -0.01978100 0.04005200 0.52716700
v -0.01978100 0.04005200 0.52716700
v -0.01978100 0.04005200 0.52716700
v -0.01978100 0.04005200 0.52716700
v -0.00749700 0.04426900 0.52511300
v -0.00749700 0.04426900 0.52511300
v -0.00749700 0.04426900 0.52511300
v -0.00749700 0.04426900 0.52511300
v -0.00749700 0.04426900 0.52511300
v -0.00502900 0.04475600 0.52510800
v -0.00502900 0.04475600 0.52510800
v -0.00502900 0.04475600 0.52510800
v -0.00502900 0.04475600 0.52510800
v -0.00502900 0.04475600 0.52510800
v -0.00502900 0.04475600 0.52510800
v -0.00490700 0.04581200 0.52587200
v -0.00490700 0.04581200 0.52587200
v -0.00490700 0.04581200 0.52587200
v -0.00490700 0.04581200 0.52587200
v -0.00490700 0.04581200 0.52587200
v -0.00490700 0.04581200 0.52587200
v -0.00490700 0.04581200 0.52587200
v -0.00257800 0.04550700 0.52543700
v -0.00257800 0.04550700 0.52543700
v -0.00257800 0.04550700 0.52543700
v -0.00257800 0.04550700 0.52543700
v -0.00257800 0.04550700 0.52543700
v -0.00257800 0.04550700 0.52543700
v -0.00248400 0.04484700 0.52460600
v -0.00248400 0.04484700 0.52460600
v -0.00248400 0.04484700 0.52460600
v -0.00248400 0.04484700 0.52460600
v -0.00248400 0.04484700 0.52460600
v -0.00506200 0.04450300 0.52437700
v -0.00506200 0.04450300 0.52437700
v -0.00506200 0.04450300 0.52437700
v -0.00506200 0.04450300 0.52437700
v -0.00506200 0.04450300 0.52437700
v -0.00506200 0.04450300 0.52437700
v -0.00506200 0.04450300 0.52437700
v -0.01007600 0.04360600 0.52499900
v -0.01007600 0.04360600 0.52499900
v -0.01007600 0.04360600 0.52499900
v -0.01007600 0.04360600 0.52499900
v -0.01007600 0.04360600 0.52499900
v -0.01007600 0.04360600 0.52499900
v -0.00765700 0.04322700 0.51771800
v -0.00765700 0.04322700 0.51771800
v -0.00765700 0.04322700 0.51771800
v -0.02834500 0.03358000 0.51771800
v -0.02834500 0.03358000 0.51771800
v -0.02834500 0.03358000 0.51771800
v -0.02834500 0.03358000 0.51771800
v -0.03378000 0.02814500 0.51771800
v -0.03378000 0.02814500 0.51771800
v -0.04342700 -0.00785800 0.51771800
v -0.04342700 -0.00785800 0.51771800
v -0.04342700 -0.00785800 0.51771800
v 0.00765700 -0.04362800 0.51771800
v 0.00765700 -0.04362800 0.51771800
v 0.00765700 -0.04362800 0.51771800
v -0.01508200 0.04123700 0.51771800
v -0.01508200 0.04123700 0.51771800
v -0.01508200 0.04123700 0.51771800
v -0.02204900 0.03798900 0.51771800
v -0.02204900 0.03798900 0.51771800
v -0.02204900 0.03798900 0.51771800
v -0.03818900 -0.02224900 0.51771800
v -0.03818900 -0.02224900 0.51771800
v -0.04143800 -0.01528300 0.51771800
v -0.04143800 -0.01528300 0.51771800
v -0.04143800 -0.01528300 0.51771800
v -0.04143800 -0.01528300 0.51771800
v -0.02204800 -0.03839000 0.51771800
v -0.02204800 -0.03839000 0.51771800
v -0.02204800 -0.03839000 0.51771800
v -0.02834500 -0.03398100 0.51771800
v -0.02834500 -0.03398100 0.51771800
v -0.03378000 -0.02854500 0.51771800
v -0.03378000 -0.02854500 0.51771800
v -0.03378000 -0.02854500 0.51771800
v -0.03378000 -0.02854500 0.51771800
v -0.03818900 0.02184800 0.51771800
v -0.03818900 0.02184800 0.51771800
v -0.03818900 0.02184800 0.51771800
v -0.04409700 -0.00020000 0.51771800
v -0.04409700 -0.00020000 0.51771800
v -0.04342700 0.00745700 0.51771800
v -0.04342700 0.00745700 0.51771800
v -0.04342700 0.00745700 0.51771800
v -0.01508200 -0.04163800 0.51771800
v -0.01508200 -0.04163800 0.51771800
v 0.01508200 -0.04163800 0.51771800
v 0.01508200 -0.04163800 0.51771800
v 0.01508200 -0.04163800 0.51771800
v 0.02204900 -0.03839000 0.51771800
v 0.02204900 -0.03839000 0.51771800
v 0.02204900 -0.03839000 0.51771800
v 0.03378000 -0.02854500 0.51771800
v 0.02834500 -0.03398100 0.51771800
v 0.02834500 -0.03398100 0.51771800
v 0.02834500 -0.03398100 0.51771800
v 0.02834500 -0.03398100 0.51771800
v 0.04143800 -0.01528200 0.51771800
v 0.04143800 -0.01528200 0.51771800
v 0.04143800 -0.01528200 0.51771800
v 0.03818900 -0.02224900 0.51771800
v 0.03818900 -0.02224900 0.51771800
v 0.03818900 -0.02224900 0.51771800
v 0.03818900 -0.02224900 0.51771800
v -0.04143800 0.01488200 0.51771800
v -0.04143800 0.01488200 0.51771800
v -0.04143800 0.01488200 0.51771800
v 0.00000000 -0.04429700 0.51771800
v 0.00000000 -0.04429700 0.51771800
v 0.00000000 -0.04429700 0.51771800
v -0.00000000 0.04389700 0.51771800
v -0.00000000 0.04389700 0.51771800
v -0.00765700 -0.04362800 0.51771800
v -0.00765700 -0.04362800 0.51771800
v -0.00765700 -0.04362800 0.51771800
v 0.04342700 -0.00785800 0.51771800
v 0.04342700 -0.00785800 0.51771800
v 0.04342700 0.00745700 0.51771800
v 0.04342700 0.00745700 0.51771800
v 0.04342700 0.00745700 0.51771800
v 0.04409700 -0.00020000 0.51771800
v 0.04409700 -0.00020000 0.51771800
v 0.04409700 -0.00020000 0.51771800
v 0.00765700 0.04322700 0.51771800
v 0.00765700 0.04322700 0.51771800
v 0.04143800 0.01488200 0.51771800
v 0.04143800 0.01488200 0.51771800
v 0.04143800 0.01488200 0.51771800
v 0.04143800 0.01488200 0.51771800
v 0.03818900 0.02184800 0.51771800
v 0.03818900 0.02184800 0.51771800
v 0.03818900 0.02184800 0.51771800
v 0.03818900 0.02184800 0.51771800
v 0.02204800 0.03798900 0.51771800
v 0.02204800 0.03798900 0.51771800
v 0.02834500 0.03358000 0.51771800
v 0.02834500 0.03358000 0.51771800
v 0.03378000 0.02814500 0.51771800
v 0.03378000 0.02814500 0.51771800
v 0.01508200 0.04123700 0.51771800
v 0.01508200 0.04123700 0.51771800
vn -0.00890000 0.99870000 0.05020000
vn -0.01810000 0.99840000 0.05330000
vn -0.02000000 0.99800000 0.05990000
vn -0.00760000 0.99980000 0.01560000
vn -0.00010000 1.00000000 0.00270000
vn -0.00890000 0.99870000 0.05020000
vn -0.00010000 1.00000000 0.00260000
vn -0.00010000 1.00000000 0.00270000
vn 0.00010000 1.00000000 0.00060000
vn 0.00010000 1.00000000 0.00060000
vn 0.00430000 1.00000000 0.00690000
vn 0.00720000 0.99960000 0.02670000
vn 0.00720000 0.99960000 0.02670000
vn 0.01230000 0.99950000 0.02830000
vn 0.01700000 0.99950000 0.02750000
vn 0.04750000 0.99450000 0.09290000
vn 0.01230000 0.99950000 0.02830000
vn 0.01700000 0.99950000 0.02750000
vn 0.05200000 0.99680000 0.06150000
vn -0.05530000 0.99670000 -0.05980000
vn -0.00470000 1.00000000 -0.00150000
vn 0.05200000 0.99680000 0.06150000
vn 0.82680000 0.18010000 0.53280000
vn 0.78380000 0.19290000 0.59030000
vn -0.00470000 1.00000000 -0.00150000
vn 0.90150000 0.12380000 0.41480000
vn 0.84600000 0.14320000 0.51370000
vn 0.82680000 0.18010000 0.53280000
vn 0.90150000 0.12380000 0.41480000
vn 0.91580000 0.09280000 0.39090000
vn 0.95710000 0.08240000 0.27770000
vn 0.96020000 0.07230000 0.26970000
vn 0.95710000 0.08240000 0.27770000
vn 0.98850000 0.05800000 0.13950000
vn 0.99980000 -0.01840000 -0.00250000
vn 0.98850000 0.05800000 0.13950000
vn 0.99800000 0.03480000 0.05320000
vn 0.99980000 -0.01840000 -0.00250000
vn 0.98820000 0.00170000 -0.15290000
vn 0.99000000 -0.01360000 -0.14010000
vn 0.98820000 0.00170000 -0.15290000
vn 0.95510000 0.00750000 -0.29620000
vn 0.95510000 0.00750000 -0.29620000
vn 0.90230000 -0.01330000 -0.43090000
vn 0.94200000 -0.03440000 -0.33400000
vn 0.90230000 -0.01330000 -0.43090000
vn 0.79820000 -0.00100000 -0.60240000
vn 0.88110000 -0.03870000 -0.47130000
vn 0.82500000 -0.09170000 -0.55760000
vn 0.73970000 0.01160000 -0.67280000
vn 0.82500000 -0.09170000 -0.55760000
vn 0.63500000 -0.03270000 -0.77180000
vn 0.73970000 0.01160000 -0.67280000
vn 0.63500000 -0.03270000 -0.77180000
vn 0.61840000 -0.05980000 -0.78360000
vn 0.51550000 -0.00590000 -0.85690000
vn 0.38380000 -0.02070000 -0.92320000
vn 0.43100000 -0.05720000 -0.90050000
vn 0.51550000 -0.00590000 -0.85690000
vn 0.25100000 -0.04640000 -0.96690000
vn 0.24530000 -0.04050000 -0.96860000
vn 0.38380000 -0.02070000 -0.92320000
vn 0.10410000 -0.02150000 -0.99430000
vn 0.24530000 -0.04050000 -0.96860000
vn 0.10410000 -0.02150000 -0.99430000
vn 0.05700000 -0.05560000 -0.99680000
vn -0.04250000 -0.00370000 -0.99910000
vn -0.18840000 -0.05790000 -0.98040000
vn -0.04250000 -0.00370000 -0.99910000
vn -0.15900000 -0.02070000 -0.98710000
vn -0.32710000 -0.03920000 -0.94420000
vn -0.18840000 -0.05790000 -0.98040000
vn -0.46490000 -0.01380000 -0.88530000
vn -0.33290000 -0.04550000 -0.94180000
vn -0.32710000 -0.03920000 -0.94420000
vn -0.46490000 -0.01380000 -0.88530000
vn -0.51520000 -0.05560000 -0.85520000
vn -0.58780000 -0.00610000 -0.80900000
vn -0.58780000 -0.00610000 -0.80900000
vn -0.69640000 -0.06100000 -0.71500000
vn -0.69050000 -0.04920000 -0.72160000
vn -0.81870000 -0.00130000 -0.57420000
vn -0.69640000 -0.06100000 -0.71500000
vn -0.79540000 -0.04680000 -0.60430000
vn -0.79540000 -0.04680000 -0.60430000
vn -0.87520000 -0.00240000 -0.48380000
vn -0.87520000 -0.00240000 -0.48380000
vn -0.93650000 0.00690000 -0.35050000
vn -0.90520000 -0.04060000 -0.42310000
vn -0.93650000 0.00690000 -0.35050000
vn -0.96990000 -0.02860000 -0.24160000
vn -0.97770000 0.00530000 -0.21000000
vn -0.99760000 0.00850000 -0.06840000
vn -0.97770000 0.00530000 -0.21000000
vn -0.99760000 0.00850000 -0.06840000
vn -0.99990000 0.00490000 0.00960000
vn -0.99910000 -0.01580000 -0.03960000
vn -0.99890000 -0.01570000 -0.04380000
vn -0.00430000 1.00000000 -0.00020000
vn -0.97140000 0.07390000 0.22560000
vn -0.00430000 1.00000000 -0.00020000
vn -0.98960000 0.04930000 0.13530000
vn -0.92440000 0.13090000 0.35830000
vn -0.96890000 0.07210000 0.23670000
vn -0.97140000 0.07390000 0.22560000
vn -0.88630000 0.12050000 0.44710000
vn -0.85800000 0.15020000 0.49120000
vn -0.92440000 0.13090000 0.35830000
vn -0.77000000 0.21710000 0.59990000
vn -0.84800000 0.13820000 0.51160000
vn -0.85800000 0.15020000 0.49120000
vn -0.77000000 0.21710000 0.59990000
vn 0.04440000 0.99830000 -0.03900000
vn -0.65050000 0.33820000 0.68000000
vn -0.75680000 0.19950000 0.62240000
vn 0.04440000 0.99830000 -0.03900000
vn -0.01280000 0.99980000 0.01810000
vn -0.01820000 0.99920000 0.03600000
vn -0.04270000 0.99650000 0.07180000
vn -0.01280000 0.99980000 0.01810000
vn -0.01820000 0.99920000 0.03600000
vn -0.02000000 0.99800000 0.05990000
vn 0.35450000 0.47920000 0.80300000
vn 0.00720000 0.99960000 0.02670000
vn 0.04750000 0.99450000 0.09290000
vn 0.01230000 0.99950000 0.02830000
vn 0.41340000 0.59980000 0.68510000
vn 0.41410000 0.42400000 0.80540000
vn 0.00430000 1.00000000 0.00690000
vn 0.18750000 0.71000000 0.67880000
vn -0.31230000 0.45630000 0.83320000
vn -0.02000000 0.99800000 0.05990000
vn -0.04270000 0.99650000 0.07180000
vn -0.50420000 0.43020000 0.74880000
vn -0.49050000 0.38170000 0.78340000
vn -0.01820000 0.99920000 0.03600000
vn -0.01810000 0.99840000 0.05330000
vn -0.27320000 0.66720000 0.69300000
vn -0.15120000 0.75110000 0.64270000
vn -0.00890000 0.99870000 0.05020000
vn -0.00760000 0.99980000 0.01560000
vn -0.31230000 0.45630000 0.83320000
vn -0.10980000 0.80890000 0.57760000
vn -0.01810000 0.99840000 0.05330000
vn -0.32600000 0.74230000 0.58540000
vn -0.99990000 0.00490000 0.00960000
vn -0.00430000 1.00000000 -0.00020000
vn -0.98960000 0.04930000 0.13530000
vn -0.99170000 0.04210000 0.12170000
vn 0.04750000 0.99450000 0.09290000
vn 0.05200000 0.99680000 0.06150000
vn -0.05530000 0.99670000 -0.05980000
vn 0.01700000 0.99950000 0.02750000
vn 0.61060000 0.22580000 0.75910000
vn 0.62840000 0.31340000 0.71200000
vn 0.41410000 0.42400000 0.80540000
vn -0.60150000 0.29040000 0.74430000
vn 0.04440000 0.99830000 -0.03900000
vn -0.49050000 0.38170000 0.78340000
vn -0.65050000 0.33820000 0.68000000
vn -0.01280000 0.99980000 0.01810000
vn -0.04270000 0.99650000 0.07180000
vn 0.62840000 0.31340000 0.71200000
vn 0.73580000 0.13650000 0.66330000
vn 0.78380000 0.19290000 0.59030000
vn -0.00470000 1.00000000 -0.00150000
vn -0.05530000 0.99670000 -0.05980000
vn -0.10980000 0.80890000 0.57760000
vn 0.03550000 0.83120000 0.55480000
vn -0.04440000 0.77050000 0.63590000
vn -0.00010000 1.00000000 0.00270000
vn -0.00010000 1.00000000 0.00260000
vn -0.00760000 0.99980000 0.01560000
vn 0.00010000 1.00000000 0.00060000
vn 0.18870000 0.71330000 0.67490000
vn 0.00430000 1.00000000 0.00690000
vn 0.18750000 0.71000000 0.67880000
vn -0.00010000 1.00000000 0.00260000
vn 0.04580000 0.81440000 0.57850000
vn 0.03550000 0.83120000 0.55480000
vn -0.33150000 -0.39350000 -0.85750000
vn -0.33320000 -0.39510000 -0.85610000
vn -0.16700000 -0.51140000 -0.84290000
vn -0.32770000 -0.49020000 -0.80770000
vn -0.16340000 -0.41120000 -0.89680000
vn -0.13670000 -0.46030000 -0.87720000
vn -0.52730000 -0.44250000 -0.72530000
vn -0.33140000 -0.49180000 -0.80520000
vn -0.33320000 -0.39510000 -0.85610000
vn -0.32770000 -0.49020000 -0.80770000
vn -0.48920000 -0.36540000 -0.79190000
vn -0.33150000 -0.39350000 -0.85750000
vn -0.51760000 -0.29660000 -0.80260000
vn -0.41120000 -0.25210000 -0.87600000
vn -0.33530000 -0.31910000 -0.88640000
vn -0.33320000 -0.39510000 -0.85610000
vn -0.48920000 -0.36540000 -0.79190000
vn -0.15760000 -0.20030000 -0.96700000
vn -0.33530000 -0.31910000 -0.88640000
vn -0.33300000 -0.14140000 -0.93230000
vn -0.17350000 -0.29240000 -0.94040000
vn -0.14370000 -0.21810000 -0.96530000
vn -0.41340000 -0.20340000 -0.88760000
vn -0.41120000 -0.25210000 -0.87600000
vn -0.33530000 -0.31910000 -0.88640000
vn -0.33150000 -0.39350000 -0.85750000
vn -0.17350000 -0.29240000 -0.94040000
vn -0.13770000 -0.36320000 -0.92150000
vn -0.16340000 -0.41120000 -0.89680000
vn -0.60150000 0.29040000 0.74430000
vn -0.44990000 0.69010000 0.56690000
vn -0.49050000 0.38170000 0.78340000
vn -0.50420000 0.43020000 0.74880000
vn -0.57250000 0.56480000 0.59440000
vn -0.59550000 0.57940000 0.55660000
vn -0.42510000 0.80440000 0.41510000
vn -0.37270000 0.65720000 0.65510000
vn -0.23170000 0.86190000 0.45100000
vn -0.27320000 0.66720000 0.69300000
vn -0.32600000 0.74230000 0.58540000
vn -0.84800000 0.13820000 0.51160000
vn -0.71420000 0.37730000 0.58950000
vn -0.80600000 0.31980000 0.49810000
vn -0.83090000 0.31940000 0.45570000
vn -0.75680000 0.19950000 0.62240000
vn -0.77000000 0.21710000 0.59990000
vn 0.89170000 0.40640000 0.19940000
vn 0.96840000 0.22400000 0.10990000
vn 0.88890000 0.32610000 0.32180000
vn 0.96950000 0.17560000 0.17110000
vn 0.96770000 0.22560000 0.11240000
vn 0.91630000 0.32040000 0.24010000
vn 0.83370000 0.44190000 0.33100000
vn 0.83330000 0.44280000 0.33100000
vn 0.88890000 0.32610000 0.32180000
vn 0.91630000 0.32040000 0.24010000
vn 0.83760000 0.31950000 0.44300000
vn 0.91680000 0.23390000 0.32360000
vn 0.06150000 -0.98280000 -0.17400000
vn 0.05130000 -0.98600000 -0.15880000
vn -0.04900000 -0.99040000 -0.12920000
vn -0.13890000 -0.95640000 -0.25680000
vn 0.04080000 -0.96510000 -0.25880000
vn -0.15820000 -0.96850000 -0.19250000
vn 0.23870000 -0.92620000 -0.29170000
vn 0.06150000 -0.98280000 -0.17400000
vn 0.24310000 -0.95480000 -0.17120000
vn 0.24060000 -0.95590000 -0.16850000
vn 0.06980000 -0.95160000 -0.29940000
vn 0.04080000 -0.96510000 -0.25880000
vn 0.05370000 -0.89680000 -0.43920000
vn -0.14310000 -0.84990000 -0.50720000
vn 0.07790000 -0.88690000 -0.45540000
vn -0.12940000 -0.89050000 -0.43630000
vn 0.02990000 -0.85840000 -0.51220000
vn 0.19450000 -0.87260000 -0.44810000
vn 0.02990000 -0.85840000 -0.51220000
vn 0.27340000 -0.81570000 -0.50990000
vn 0.07790000 -0.88690000 -0.45540000
vn 0.06400000 -0.80430000 -0.59070000
vn 0.19530000 -0.79080000 -0.58000000
vn 0.05530000 -0.80760000 -0.58710000
vn -0.14310000 -0.84990000 -0.50720000
vn -0.17480000 -0.83190000 -0.52670000
vn 0.02990000 -0.85840000 -0.51220000
vn -0.12000000 -0.80490000 -0.58110000
vn 0.05530000 -0.80760000 -0.58710000
vn 0.50520000 0.86020000 0.06940000
vn 0.44850000 0.87280000 0.19260000
vn 0.57370000 0.80040000 0.17370000
vn 0.66950000 0.73960000 0.06860000
vn 0.57370000 0.80040000 0.17370000
vn 0.68790000 0.71520000 0.12370000
vn 0.97570000 0.21900000 0.01010000
vn 0.37980000 0.86890000 0.31740000
vn 0.99720000 0.07210000 0.02180000
vn 0.99880000 0.04500000 0.02120000
vn 0.96350000 0.25870000 0.06940000
vn -0.07440000 -0.99680000 -0.02760000
vn 0.05130000 -0.98600000 -0.15880000
vn 0.03710000 -0.99930000 0.00770000
vn 0.08530000 -0.99560000 -0.03790000
vn -0.04900000 -0.99040000 -0.12920000
vn 0.18050000 -0.98350000 -0.01400000
vn 0.08530000 -0.99560000 -0.03790000
vn 0.24460000 -0.96790000 -0.05840000
vn 0.06150000 -0.98280000 -0.17400000
vn 0.05130000 -0.98600000 -0.15880000
vn 0.24060000 -0.95590000 -0.16850000
vn -0.99920000 0.03750000 0.01040000
vn -0.98880000 0.14630000 0.02860000
vn -0.99990000 -0.00130000 0.01010000
vn -0.98280000 0.17590000 0.05560000
vn -0.38600000 0.90380000 0.18470000
vn -0.24910000 0.95770000 0.14390000
vn -0.14370000 -0.21810000 -0.96530000
vn -0.15760000 -0.20030000 -0.96700000
vn -0.18840000 -0.05790000 -0.98040000
vn -0.15900000 -0.02070000 -0.98710000
vn -0.04250000 -0.00370000 -0.99910000
vn 0.05700000 -0.05560000 -0.99680000
vn -0.14230000 -0.21810000 -0.96550000
vn 0.05550000 -0.15810000 -0.98590000
vn -0.15900000 -0.02070000 -0.98710000
vn -0.32710000 -0.03920000 -0.94420000
vn -0.33300000 -0.14140000 -0.93230000
vn -0.15760000 -0.20030000 -0.96700000
vn -0.33290000 -0.04550000 -0.94180000
vn -0.51360000 -0.13350000 -0.84760000
vn -0.51520000 -0.05560000 -0.85520000
vn -0.33300000 -0.14140000 -0.93230000
vn -0.46490000 -0.01380000 -0.88530000
vn -0.33290000 -0.04550000 -0.94180000
vn -0.41340000 -0.20340000 -0.88760000
vn -0.68070000 -0.10260000 -0.72530000
vn -0.58780000 -0.00610000 -0.80900000
vn -0.59550000 -0.17810000 -0.78330000
vn -0.51520000 -0.05560000 -0.85520000
vn -0.51360000 -0.13350000 -0.84760000
vn -0.69640000 -0.06100000 -0.71500000
vn -0.69050000 -0.04920000 -0.72160000
vn -0.69050000 -0.04920000 -0.72160000
vn -0.81870000 -0.00130000 -0.57420000
vn -0.68070000 -0.10260000 -0.72530000
vn -0.73500000 -0.20800000 -0.64540000
vn -0.82550000 -0.16940000 -0.53830000
vn -0.80100000 -0.19760000 -0.56510000
vn -0.89900000 -0.13290000 -0.41730000
vn -0.82550000 -0.16940000 -0.53830000
vn -0.81870000 -0.00130000 -0.57420000
vn -0.87520000 -0.00240000 -0.48380000
vn -0.90520000 -0.04060000 -0.42310000
vn -0.79540000 -0.04680000 -0.60430000
vn -0.90520000 -0.04060000 -0.42310000
vn -0.96990000 -0.02860000 -0.24160000
vn -0.90280000 -0.13620000 -0.40790000
vn -0.93650000 0.00690000 -0.35050000
vn -0.89900000 -0.13290000 -0.41730000
vn -0.96850000 -0.07680000 -0.23690000
vn -0.99760000 0.00850000 -0.06840000
vn -0.97210000 -0.08400000 -0.21900000
vn -0.96850000 -0.07680000 -0.23690000
vn -0.99890000 -0.01570000 -0.04380000
vn -0.96990000 -0.02860000 -0.24160000
vn -0.97770000 0.00530000 -0.21000000
vn -0.32600000 0.74230000 0.58540000
vn -0.37270000 0.65720000 0.65510000
vn -0.44990000 0.69010000 0.56690000
vn -0.31230000 0.45630000 0.83320000
vn -0.50420000 0.43020000 0.74880000
vn 0.35450000 0.47920000 0.80300000
vn 0.41340000 0.59980000 0.68510000
vn 0.38760000 0.68400000 0.61800000
vn 0.31400000 0.65370000 0.68850000
vn 0.59820000 0.56940000 0.56390000
vn 0.38760000 0.68400000 0.61800000
vn 0.41410000 0.42400000 0.80540000
vn 0.41340000 0.59980000 0.68510000
vn 0.56500000 0.49050000 0.66340000
vn 0.61060000 0.22580000 0.75910000
vn 0.48340000 0.57560000 0.65950000
vn 0.73580000 0.13650000 0.66330000
vn 0.72310000 0.40990000 0.55600000
vn 0.56500000 0.49050000 0.66340000
vn 0.61060000 0.22580000 0.75910000
vn 0.62840000 0.31340000 0.71200000
vn 0.83610000 0.32230000 0.44390000
vn 0.78380000 0.19290000 0.59030000
vn 0.72310000 0.40990000 0.55600000
vn 0.84600000 0.14320000 0.51370000
vn 0.72630000 0.40370000 0.55630000
vn 0.73580000 0.13650000 0.66330000
vn 0.82680000 0.18010000 0.53280000
vn 0.97060000 -0.09190000 -0.22260000
vn 0.99000000 -0.01360000 -0.14010000
vn 0.94480000 -0.08510000 -0.31640000
vn 0.95510000 0.00750000 -0.29620000
vn 0.98850000 -0.03940000 -0.14610000
vn 0.98820000 0.00170000 -0.15290000
vn 0.94200000 -0.03440000 -0.33400000
vn 0.87500000 -0.14640000 -0.46150000
vn 0.94480000 -0.08510000 -0.31640000
vn 0.94200000 -0.03440000 -0.33400000
vn 0.90230000 -0.01330000 -0.43090000
vn 0.90240000 -0.15350000 -0.40260000
vn 0.88110000 -0.03870000 -0.47130000
vn 0.87500000 -0.14640000 -0.46150000
vn 0.75750000 -0.18910000 -0.62480000
vn 0.88110000 -0.03870000 -0.47130000
vn 0.79820000 -0.00100000 -0.60240000
vn 0.81080000 -0.19540000 -0.55170000
vn 0.75400000 -0.16720000 -0.63520000
vn 0.63500000 -0.03270000 -0.77180000
vn 0.79820000 -0.00100000 -0.60240000
vn 0.61720000 -0.12110000 -0.77740000
vn 0.75400000 -0.16720000 -0.63520000
vn 0.61840000 -0.05980000 -0.78360000
vn 0.82500000 -0.09170000 -0.55760000
vn 0.73970000 0.01160000 -0.67280000
vn 0.59560000 -0.15300000 -0.78860000
vn 0.43230000 -0.16480000 -0.88650000
vn 0.61720000 -0.12110000 -0.77740000
vn 0.61840000 -0.05980000 -0.78360000
vn 0.43100000 -0.05720000 -0.90050000
vn 0.51550000 -0.00590000 -0.85690000
vn 0.43100000 -0.05720000 -0.90050000
vn 0.24860000 -0.17770000 -0.95220000
vn 0.25100000 -0.04640000 -0.96690000
vn 0.38380000 -0.02070000 -0.92320000
vn 0.42750000 -0.17070000 -0.88770000
vn 0.43230000 -0.16480000 -0.88650000
vn 0.05550000 -0.15810000 -0.98590000
vn 0.24860000 -0.17770000 -0.95220000
vn 0.10410000 -0.02150000 -0.99430000
vn 0.05700000 -0.05560000 -0.99680000
vn 0.08280000 -0.18630000 -0.97900000
vn 0.24530000 -0.04050000 -0.96860000
vn 0.24160000 -0.18510000 -0.95260000
vn 0.25100000 -0.04640000 -0.96690000
vn -0.10930000 0.97750000 0.18030000
vn -0.27200000 0.93210000 0.23930000
vn -0.09440000 0.97340000 0.20860000
vn -0.24910000 0.95770000 0.14390000
vn -0.37940000 0.90320000 0.20080000
vn -0.51580000 0.84760000 0.12490000
vn -0.56230000 0.77400000 0.29130000
vn -0.38600000 0.90380000 0.18470000
vn -0.63190000 0.76050000 0.14980000
vn -0.51580000 0.84760000 0.12490000
vn -0.73650000 0.65930000 0.15130000
vn -0.63190000 0.76050000 0.14980000
vn -0.65720000 0.74720000 0.09860000
vn -0.73650000 0.65930000 0.15130000
vn -0.86440000 0.48360000 0.13780000
vn -0.78520000 0.61170000 0.09600000
vn -0.83380000 0.54810000 0.06610000
vn -0.90280000 0.42460000 0.06810000
vn -0.83380000 0.54810000 0.06610000
vn -0.90280000 0.42460000 0.06810000
vn -0.88660000 0.45170000 0.09940000
vn -0.95560000 0.29090000 0.04710000
vn -0.98880000 0.14630000 0.02860000
vn -0.95560000 0.29090000 0.04710000
vn -0.94520000 0.31750000 0.07600000
vn -0.99990000 -0.00130000 0.01010000
vn -0.98960000 -0.14400000 -0.00370000
vn -0.99830000 -0.05700000 -0.00970000
vn -0.97640000 -0.21380000 -0.03160000
vn 0.00060000 0.00040000 1.00000000
vn -0.98960000 -0.14400000 -0.00370000
vn -0.94170000 -0.33420000 -0.03980000
vn 0.00060000 0.00040000 1.00000000
vn -0.93440000 -0.35590000 -0.01310000
vn -0.97050000 -0.23660000 -0.04620000
vn -0.97640000 -0.21380000 -0.03160000
vn -0.86160000 -0.50240000 -0.07170000
vn -0.93440000 -0.35590000 -0.01310000
vn -0.90270000 -0.41710000 -0.10590000
vn -0.90510000 -0.42450000 0.02540000
vn -0.86270000 -0.50430000 -0.03950000
vn -0.94170000 -0.33420000 -0.03980000
vn 0.00060000 0.00040000 1.00000000
vn -0.90510000 -0.42450000 0.02540000
vn -0.93440000 -0.35590000 -0.01310000
vn -0.90510000 -0.42450000 0.02540000
vn -0.83490000 -0.55030000 0.01020000
vn -0.86270000 -0.50430000 -0.03950000
vn -0.86270000 -0.50430000 -0.03950000
vn -0.74380000 -0.66010000 -0.10530000
vn -0.80120000 -0.58300000 -0.13480000
vn -0.86160000 -0.50240000 -0.07170000
vn -0.83490000 -0.55030000 0.01020000
vn -0.74330000 -0.66830000 -0.02940000
vn -0.74600000 -0.66560000 -0.02410000
vn -0.83490000 -0.55030000 0.01020000
vn -0.74600000 -0.66560000 -0.02410000
vn -0.74380000 -0.66010000 -0.10530000
vn -0.59670000 -0.79120000 -0.13410000
vn -0.64010000 -0.76830000 -0.00480000
vn -0.74330000 -0.66830000 -0.02940000
vn -0.59890000 -0.79930000 -0.05000000
vn -0.66920000 -0.72500000 -0.16290000
vn -0.74600000 -0.66560000 -0.02410000
vn -0.64010000 -0.76830000 -0.00480000
vn -0.74330000 -0.66830000 -0.02940000
vn -0.51200000 -0.83900000 -0.18450000
vn -0.42820000 -0.89020000 -0.15560000
vn -0.52030000 -0.85400000 -0.00190000
vn -0.59890000 -0.79930000 -0.05000000
vn -0.59670000 -0.79120000 -0.13410000
vn -0.42500000 -0.90500000 -0.01840000
vn -0.39140000 -0.91750000 -0.07040000
vn -0.64010000 -0.76830000 -0.00480000
vn -0.59890000 -0.79930000 -0.05000000
vn -0.52030000 -0.85400000 -0.00190000
vn -0.34130000 -0.91880000 -0.19830000
vn -0.24010000 -0.96010000 -0.14330000
vn -0.42820000 -0.89020000 -0.15560000
vn -0.42500000 -0.90500000 -0.01840000
vn -0.24790000 -0.96790000 -0.04200000
vn -0.52030000 -0.85400000 -0.00190000
vn -0.39140000 -0.91750000 -0.07040000
vn -0.11060000 -0.99390000 -0.00350000
vn -0.25220000 -0.96650000 -0.04770000
vn -0.04900000 -0.99040000 -0.12920000
vn -0.11060000 -0.99390000 -0.00350000
vn -0.24010000 -0.96010000 -0.14330000
vn -0.25220000 -0.96650000 -0.04770000
vn -0.24790000 -0.96790000 -0.04200000
vn -0.07440000 -0.99680000 -0.02760000
vn -0.15820000 -0.96850000 -0.19250000
vn -0.42500000 -0.90500000 -0.01840000
vn -0.24790000 -0.96790000 -0.04200000
vn -0.25220000 -0.96650000 -0.04770000
vn -0.39140000 -0.91750000 -0.07040000
vn -0.11060000 -0.99390000 -0.00350000
vn -0.07440000 -0.99680000 -0.02760000
vn 0.03710000 -0.99930000 0.00770000
vn 0.18050000 -0.98350000 -0.01400000
vn 0.08530000 -0.99560000 -0.03790000
vn 0.03710000 -0.99930000 0.00770000
vn 0.32280000 -0.94640000 -0.01160000
vn 0.24460000 -0.96790000 -0.05840000
vn 0.18050000 -0.98350000 -0.01400000
vn 0.42360000 -0.89160000 -0.16020000
vn 0.24060000 -0.95590000 -0.16850000
vn 0.24310000 -0.95480000 -0.17120000
vn 0.32280000 -0.94640000 -0.01160000
vn 0.42610000 -0.90450000 -0.01990000
vn 0.45470000 -0.88860000 -0.06100000
vn 0.24460000 -0.96790000 -0.05840000
vn 0.45470000 -0.88860000 -0.06100000
vn 0.32280000 -0.94640000 -0.01160000
vn 0.58840000 -0.80800000 -0.03050000
vn 0.58200000 -0.81220000 -0.04050000
vn 0.45470000 -0.88860000 -0.06100000
vn 0.42610000 -0.90450000 -0.01990000
vn 0.42610000 -0.90450000 -0.01990000
vn 0.58840000 -0.80800000 -0.03050000
vn 0.58760000 -0.79430000 -0.15440000
vn 0.42360000 -0.89160000 -0.16020000
vn 0.43730000 -0.88180000 -0.17650000
vn 0.73410000 -0.66700000 -0.12730000
vn 0.58760000 -0.79430000 -0.15440000
vn 0.59330000 -0.78910000 -0.15920000
vn 0.69350000 -0.72040000 -0.00190000
vn 0.73510000 -0.67630000 -0.04740000
vn 0.58840000 -0.80800000 -0.03050000
vn 0.58200000 -0.81220000 -0.04050000
vn 0.69350000 -0.72040000 -0.00190000
vn 0.58200000 -0.81220000 -0.04050000
vn 0.79140000 -0.61110000 0.01540000
vn 0.73510000 -0.67630000 -0.04740000
vn 0.69350000 -0.72040000 -0.00190000
vn 0.73410000 -0.66700000 -0.12730000
vn 0.84300000 -0.52810000 -0.10190000
vn 0.87040000 -0.49040000 -0.04490000
vn 0.86610000 -0.49900000 -0.02980000
vn 0.79140000 -0.61110000 0.01540000
vn 0.73880000 -0.66080000 -0.13230000
vn 0.73510000 -0.67630000 -0.04740000
vn 0.87040000 -0.49040000 -0.04490000
vn 0.79140000 -0.61110000 0.01540000
vn 0.93290000 -0.35950000 -0.02090000
vn 0.84300000 -0.52810000 -0.10190000
vn 0.85830000 -0.48190000 -0.17620000
vn 0.89990000 -0.40190000 -0.16930000
vn 0.86610000 -0.49900000 -0.02980000
vn 0.93250000 -0.34010000 -0.12180000
vn 0.93420000 -0.35630000 -0.01840000
vn 0.86610000 -0.49900000 -0.02980000
vn 0.87040000 -0.49040000 -0.04490000
vn 0.93290000 -0.35950000 -0.02090000
vn 0.96400000 -0.24660000 -0.09900000
vn 0.93290000 -0.35950000 -0.02090000
vn 0.97070000 -0.23980000 -0.01350000
vn 0.93420000 -0.35630000 -0.01840000
vn 0.97740000 -0.20810000 -0.03730000
vn 0.93250000 -0.34010000 -0.12180000
vn 0.97070000 -0.23980000 -0.01350000
vn -0.00120000 0.00060000 1.00000000
vn 0.99950000 -0.02550000 -0.01610000
vn 0.97740000 -0.20810000 -0.03730000
vn 0.00030000 -0.00010000 1.00000000
vn 0.97070000 -0.23980000 -0.01350000
vn 0.00030000 -0.00010000 1.00000000
vn 0.93420000 -0.35630000 -0.01840000
vn 0.99880000 -0.04820000 -0.01000000
vn -0.00120000 0.00060000 1.00000000
vn 0.99720000 0.07210000 0.02180000
vn 0.99950000 -0.02550000 -0.01610000
vn 0.93180000 0.35580000 0.07210000
vn 0.97570000 0.21900000 0.01010000
vn 0.87250000 0.48850000 -0.01130000
vn 0.93180000 0.35580000 0.07210000
vn 0.74420000 0.63580000 0.20500000
vn 0.90900000 0.38740000 0.15370000
vn 0.78880000 0.60810000 0.08950000
vn 0.87250000 0.48850000 -0.01130000
vn 0.83890000 0.52730000 0.13500000
vn 0.78880000 0.60810000 0.08950000
vn 0.68790000 0.71520000 0.12370000
vn 0.68790000 0.71520000 0.12370000
vn 0.66950000 0.73960000 0.06860000
vn 0.78880000 0.60810000 0.08950000
vn 0.74420000 0.63580000 0.20500000
vn 0.72580000 0.66120000 0.18980000
vn 0.63630000 0.70060000 0.32310000
vn 0.32220000 0.94270000 0.08700000
vn 0.44850000 0.87280000 0.19260000
vn 0.32220000 0.94270000 0.08700000
vn 0.33150000 0.93450000 0.12970000
vn 0.15690000 0.97260000 0.17150000
vn 0.17820000 0.97890000 0.09990000
vn 0.17820000 0.97890000 0.09990000
vn 0.03650000 0.98830000 0.14810000
vn 0.04530000 0.98360000 0.17470000
vn -0.04650000 0.99450000 0.09400000
vn 0.03650000 0.98830000 0.14810000
vn -0.10930000 0.97750000 0.18030000
vn 0.96770000 0.22560000 0.11240000
vn 0.96950000 0.17560000 0.17110000
vn 0.96170000 0.18350000 0.20370000
vn 0.99570000 0.06220000 0.06870000
vn 0.37980000 0.86890000 0.31740000
vn 0.99830000 0.03590000 0.04620000
vn 0.99880000 0.04500000 0.02120000
vn 0.99830000 0.03590000 0.04620000
vn 0.99880000 0.04500000 0.02120000
vn 0.99040000 -0.09850000 -0.09710000
vn 0.99880000 -0.04820000 -0.01000000
vn 0.99720000 0.07210000 0.02180000
vn 0.99840000 -0.03430000 -0.04520000
vn 0.98690000 -0.13350000 -0.09090000
vn 0.98690000 -0.13350000 -0.09090000
vn 0.92930000 -0.27990000 -0.24110000
vn 0.93950000 -0.28020000 -0.19730000
vn 0.99040000 -0.09850000 -0.09710000
vn 0.93930000 -0.23590000 -0.24930000
vn 0.97000000 -0.15160000 -0.19010000
vn 0.97080000 -0.20740000 -0.12020000
vn 0.89800000 -0.27320000 -0.34500000
vn 0.92930000 -0.27990000 -0.24110000
vn 0.84720000 -0.40250000 -0.34670000
vn 0.84830000 -0.35400000 -0.39370000
vn 0.93930000 -0.23590000 -0.24930000
vn 0.92930000 -0.27990000 -0.24110000
vn 0.93950000 -0.28020000 -0.19730000
vn 0.84720000 -0.40250000 -0.34670000
vn 0.84710000 -0.40280000 -0.34680000
vn 0.84870000 -0.44060000 -0.29250000
vn 0.89810000 -0.38110000 -0.21950000
vn 0.84830000 -0.35400000 -0.39370000
vn 0.72710000 -0.44500000 -0.52280000
vn 0.84710000 -0.40280000 -0.34680000
vn 0.72560000 -0.52140000 -0.44900000
vn 0.71500000 -0.46000000 -0.52650000
vn 0.80230000 -0.38000000 -0.46030000
vn 0.84720000 -0.40250000 -0.34670000
vn 0.80240000 -0.51110000 -0.30810000
vn 0.84870000 -0.44060000 -0.29250000
vn 0.72760000 -0.57830000 -0.36900000
vn 0.84710000 -0.40280000 -0.34680000
vn 0.72560000 -0.52140000 -0.44900000
vn 0.72560000 -0.52140000 -0.44900000
vn 0.58020000 -0.52790000 -0.62030000
vn 0.72710000 -0.44500000 -0.52280000
vn 0.58010000 -0.52800000 -0.62030000
vn 0.57830000 -0.61810000 -0.53240000
vn 0.57830000 -0.61810000 -0.53240000
vn 0.72560000 -0.52140000 -0.44900000
vn 0.58040000 -0.69060000 -0.43150000
vn 0.71660000 -0.59160000 -0.36950000
vn 0.72760000 -0.57830000 -0.36900000
vn 0.41380000 -0.59000000 -0.69330000
vn 0.58010000 -0.52800000 -0.62030000
vn 0.41360000 -0.59020000 -0.69330000
vn 0.41210000 -0.69030000 -0.59470000
vn 0.57830000 -0.61810000 -0.53240000
vn 0.41210000 -0.69030000 -0.59470000
vn 0.57830000 -0.61810000 -0.53240000
vn 0.41390000 -0.77200000 -0.48250000
vn 0.58060000 -0.69050000 -0.43150000
vn 0.58040000 -0.69060000 -0.43150000
vn 0.41190000 -0.69040000 -0.59470000
vn 0.27440000 -0.62330000 -0.73230000
vn 0.41210000 -0.69030000 -0.59470000
vn 0.41190000 -0.69040000 -0.59470000
vn 0.27200000 -0.72910000 -0.62810000
vn 0.41360000 -0.59020000 -0.69330000
vn 0.19480000 -0.69580000 -0.69130000
vn 0.27340000 -0.81570000 -0.50990000
vn 0.27200000 -0.72910000 -0.62810000
vn 0.41190000 -0.69040000 -0.59470000
vn 0.41390000 -0.77200000 -0.48250000
vn 0.19530000 -0.79080000 -0.58000000
vn 0.19530000 -0.79080000 -0.58000000
vn 0.06400000 -0.80430000 -0.59070000
vn 0.03400000 -0.74040000 -0.67130000
vn 0.08520000 -0.70720000 -0.70180000
vn 0.19480000 -0.69580000 -0.69130000
vn 0.27200000 -0.72910000 -0.62810000
vn 0.03400000 -0.74040000 -0.67130000
vn -0.12000000 -0.80490000 -0.58110000
vn 0.06400000 -0.80430000 -0.59070000
vn -0.17990000 -0.74220000 -0.64560000
vn 0.05530000 -0.80760000 -0.58710000
vn -0.13880000 -0.72920000 -0.67010000
vn 0.37980000 0.86890000 0.31740000
vn 0.96350000 0.25870000 0.06940000
vn 0.96840000 0.22400000 0.10990000
vn 0.96770000 0.22560000 0.11240000
vn 0.98690000 -0.13350000 -0.09090000
vn 0.97080000 -0.20740000 -0.12020000
vn 0.99950000 -0.02550000 -0.01610000
vn 0.97740000 -0.20810000 -0.03730000
vn 0.99880000 -0.04820000 -0.01000000
vn 0.96400000 -0.24660000 -0.09900000
vn 0.96400000 -0.24660000 -0.09900000
vn 0.89990000 -0.40190000 -0.16930000
vn 0.93250000 -0.34010000 -0.12180000
vn 0.97080000 -0.20740000 -0.12020000
vn 0.93950000 -0.28020000 -0.19730000
vn 0.89810000 -0.38110000 -0.21950000
vn 0.89810000 -0.38110000 -0.21950000
vn 0.85830000 -0.48190000 -0.17620000
vn 0.89990000 -0.40190000 -0.16930000
vn 0.80610000 -0.54420000 -0.23260000
vn 0.80240000 -0.51110000 -0.30810000
vn 0.84870000 -0.44060000 -0.29250000
vn 0.71660000 -0.59160000 -0.36950000
vn 0.72760000 -0.57830000 -0.36900000
vn 0.80610000 -0.54420000 -0.23260000
vn 0.72100000 -0.64540000 -0.25220000
vn 0.80240000 -0.51110000 -0.30810000
vn 0.58060000 -0.69050000 -0.43150000
vn 0.72100000 -0.64540000 -0.25220000
vn 0.71660000 -0.59160000 -0.36950000
vn 0.73270000 -0.63010000 -0.25710000
vn 0.58610000 -0.75010000 -0.30620000
vn 0.58040000 -0.69060000 -0.43150000
vn 0.58610000 -0.75010000 -0.30620000
vn 0.41390000 -0.77200000 -0.48250000
vn 0.58060000 -0.69050000 -0.43150000
vn 0.41900000 -0.84060000 -0.34330000
vn 0.58630000 -0.74990000 -0.30630000
vn 0.19450000 -0.87260000 -0.44810000
vn 0.27340000 -0.81570000 -0.50990000
vn 0.26460000 -0.88630000 -0.38000000
vn 0.41900000 -0.84060000 -0.34330000
vn 0.44470000 -0.82330000 -0.35270000
vn 0.41390000 -0.77200000 -0.48250000
vn 0.96350000 0.25870000 0.06940000
vn 0.89170000 0.40640000 0.19940000
vn 0.96840000 0.22400000 0.10990000
vn 0.97570000 0.21900000 0.01010000
vn 0.93180000 0.35580000 0.07210000
vn 0.87250000 0.48850000 -0.01130000
vn 0.90900000 0.38740000 0.15370000
vn 0.26460000 -0.88630000 -0.38000000
vn 0.22160000 -0.93390000 -0.28040000
vn 0.07790000 -0.88690000 -0.45540000
vn 0.19450000 -0.87260000 -0.44810000
vn 0.02860000 -0.93380000 -0.35650000
vn 0.05370000 -0.89680000 -0.43920000
vn 0.06980000 -0.95160000 -0.29940000
vn 0.23870000 -0.92620000 -0.29170000
vn 0.31400000 0.65370000 0.68850000
vn 0.38760000 0.68400000 0.61800000
vn 0.49530000 0.77770000 0.38700000
vn 0.48340000 0.57560000 0.65950000
vn 0.32700000 0.83920000 0.43460000
vn 0.31990000 0.85370000 0.41090000
vn 0.47490000 0.76750000 0.43060000
vn 0.48340000 0.57560000 0.65950000
vn 0.59820000 0.56940000 0.56390000
vn 0.47490000 0.76750000 0.43060000
vn 0.62890000 0.71270000 0.31080000
vn 0.56610000 0.66790000 0.48320000
vn 0.59820000 0.56940000 0.56390000
vn 0.71900000 0.55870000 0.41340000
vn 0.56610000 0.66790000 0.48320000
vn 0.72310000 0.40990000 0.55600000
vn 0.72630000 0.40370000 0.55630000
vn 0.56500000 0.49050000 0.66340000
vn 0.90900000 0.38740000 0.15370000
vn 0.83890000 0.52730000 0.13500000
vn 0.89170000 0.40640000 0.19940000
vn 0.91630000 0.32040000 0.24010000
vn 0.83330000 0.44280000 0.33100000
vn 0.83370000 0.44190000 0.33100000
vn 0.71960000 0.55760000 0.41380000
vn 0.83330000 0.44280000 0.33100000
vn 0.74420000 0.63580000 0.20500000
vn 0.83890000 0.52730000 0.13500000
vn 0.72580000 0.66120000 0.18980000
vn 0.56610000 0.66790000 0.48320000
vn 0.71900000 0.55870000 0.41340000
vn 0.71960000 0.55760000 0.41380000
vn 0.72580000 0.66120000 0.18980000
vn 0.62890000 0.71270000 0.31080000
vn 0.63630000 0.70060000 0.32310000
vn 0.85830000 -0.48190000 -0.17620000
vn 0.72100000 -0.64540000 -0.25220000
vn 0.80610000 -0.54420000 -0.23260000
vn 0.84300000 -0.52810000 -0.10190000
vn 0.73880000 -0.66080000 -0.13230000
vn 0.73270000 -0.63010000 -0.25710000
vn 0.73270000 -0.63010000 -0.25710000
vn 0.73880000 -0.66080000 -0.13230000
vn 0.73410000 -0.66700000 -0.12730000
vn 0.58610000 -0.75010000 -0.30620000
vn 0.59330000 -0.78910000 -0.15920000
vn 0.58630000 -0.74990000 -0.30630000
vn 0.40330000 -0.87640000 -0.26310000
vn 0.44470000 -0.82330000 -0.35270000
vn 0.58760000 -0.79430000 -0.15440000
vn 0.41900000 -0.84060000 -0.34330000
vn 0.59330000 -0.78910000 -0.15920000
vn 0.58630000 -0.74990000 -0.30630000
vn 0.43730000 -0.88180000 -0.17650000
vn 0.44470000 -0.82330000 -0.35270000
vn 0.40330000 -0.87640000 -0.26310000
vn 0.26460000 -0.88630000 -0.38000000
vn 0.22160000 -0.93390000 -0.28040000
vn 0.42360000 -0.89160000 -0.16020000
vn 0.40330000 -0.87640000 -0.26310000
vn 0.24310000 -0.95480000 -0.17120000
vn 0.23870000 -0.92620000 -0.29170000
vn 0.22160000 -0.93390000 -0.28040000
vn 0.43730000 -0.88180000 -0.17650000
vn 0.02860000 -0.93380000 -0.35650000
vn -0.13890000 -0.95640000 -0.25680000
vn -0.13780000 -0.92520000 -0.35340000
vn 0.06980000 -0.95160000 -0.29940000
vn 0.04080000 -0.96510000 -0.25880000
vn -0.15960000 -0.94460000 -0.28680000
vn -0.32910000 -0.71600000 -0.61570000
vn -0.12000000 -0.80490000 -0.58110000
vn -0.31880000 -0.80080000 -0.50700000
vn -0.17990000 -0.74220000 -0.64560000
vn -0.32020000 -0.71530000 -0.62120000
vn -0.17480000 -0.83190000 -0.52670000
vn -0.32380000 -0.86770000 -0.37700000
vn -0.31880000 -0.80080000 -0.50700000
vn -0.17480000 -0.83190000 -0.52670000
vn -0.33110000 -0.80060000 -0.49940000
vn -0.16760000 -0.90410000 -0.39310000
vn -0.12940000 -0.89050000 -0.43630000
vn -0.14310000 -0.84990000 -0.50720000
vn -0.33110000 -0.80060000 -0.49940000
vn -0.49650000 -0.65810000 -0.56600000
vn -0.31880000 -0.80080000 -0.50700000
vn -0.49880000 -0.73540000 -0.45880000
vn -0.32910000 -0.71600000 -0.61570000
vn -0.49750000 -0.65800000 -0.56530000
vn -0.33110000 -0.80060000 -0.49940000
vn -0.49990000 -0.73510000 -0.45790000
vn -0.49880000 -0.73540000 -0.45880000
vn -0.32380000 -0.86770000 -0.37700000
vn -0.35300000 -0.86660000 -0.35280000
vn -0.50450000 -0.79960000 -0.32570000
vn -0.64430000 -0.64910000 -0.40440000
vn -0.49880000 -0.73540000 -0.45880000
vn -0.49990000 -0.73510000 -0.45790000
vn -0.49750000 -0.65800000 -0.56530000
vn -0.64280000 -0.58130000 -0.49890000
vn -0.64200000 -0.58160000 -0.49960000
vn -0.66200000 -0.69430000 -0.28220000
vn -0.50450000 -0.79960000 -0.32570000
vn -0.49990000 -0.73510000 -0.45790000
vn -0.50590000 -0.79920000 -0.32460000
vn -0.64430000 -0.64910000 -0.40440000
vn -0.65810000 -0.64280000 -0.39220000
vn -0.64280000 -0.58130000 -0.49890000
vn -0.73630000 -0.51350000 -0.44070000
vn -0.73860000 -0.56790000 -0.36330000
vn -0.73760000 -0.51290000 -0.43920000
vn -0.65810000 -0.64280000 -0.39220000
vn -0.64430000 -0.64910000 -0.40440000
vn -0.66200000 -0.69430000 -0.28220000
vn -0.79570000 -0.56140000 -0.22740000
vn -0.66350000 -0.69350000 -0.28070000
vn -0.65810000 -0.64280000 -0.39220000
vn -0.73860000 -0.56790000 -0.36330000
vn -0.79330000 -0.52460000 -0.30890000
vn -0.73760000 -0.51290000 -0.43920000
vn -0.84840000 -0.44210000 -0.29100000
vn -0.84770000 -0.40370000 -0.34420000
vn -0.79330000 -0.52460000 -0.30890000
vn -0.84660000 -0.40420000 -0.34620000
vn -0.73860000 -0.56790000 -0.36330000
vn -0.79330000 -0.52460000 -0.30890000
vn -0.79700000 -0.56030000 -0.22550000
vn -0.89940000 -0.40540000 -0.16330000
vn -0.79570000 -0.56140000 -0.22740000
vn -0.84840000 -0.44210000 -0.29100000
vn -0.89860000 -0.38140000 -0.21690000
vn -0.92930000 -0.28110000 -0.23970000
vn -0.84840000 -0.44210000 -0.29100000
vn -0.84770000 -0.40370000 -0.34420000
vn -0.93910000 -0.28250000 -0.19540000
vn -0.89860000 -0.38140000 -0.21690000
vn -0.89940000 -0.40540000 -0.16330000
vn -0.97160000 -0.20640000 -0.11580000
vn -0.93910000 -0.28250000 -0.19540000
vn -0.90060000 -0.40390000 -0.16080000
vn -0.96520000 -0.24290000 -0.09670000
vn -0.89860000 -0.38140000 -0.21690000
vn -0.97050000 -0.23660000 -0.04620000
vn -0.97640000 -0.21380000 -0.03160000
vn -0.98790000 -0.12830000 -0.08660000
vn -0.99550000 -0.08100000 -0.04850000
vn -0.99830000 -0.05700000 -0.00970000
vn -0.97160000 -0.20640000 -0.11580000
vn -0.98960000 -0.14400000 -0.00370000
vn -0.96520000 -0.24290000 -0.09670000
vn -0.94520000 0.31750000 0.07600000
vn -0.98880000 0.14630000 0.02860000
vn -0.98280000 0.17590000 0.05560000
vn -0.94200000 0.28780000 0.17250000
vn -0.94070000 0.29000000 0.17590000
vn -0.99030000 0.11900000 0.07230000
vn -0.90350000 0.36760000 0.22050000
vn -0.90450000 0.36620000 0.21880000
vn -0.94520000 0.31750000 0.07600000
vn -0.88660000 0.45170000 0.09940000
vn -0.95560000 0.29090000 0.04710000
vn -0.94200000 0.28780000 0.17250000
vn -0.86440000 0.48360000 0.13780000
vn -0.90450000 0.36620000 0.21880000
vn -0.88660000 0.45170000 0.09940000
vn -0.90280000 0.42460000 0.06810000
vn -0.83600000 0.47930000 0.26700000
vn -0.81660000 0.49440000 0.29790000
vn -0.83380000 0.54810000 0.06610000
vn -0.77880000 0.53580000 0.32620000
vn -0.83600000 0.47930000 0.26700000
vn -0.78520000 0.61170000 0.09600000
vn -0.86440000 0.48360000 0.13780000
vn -0.78520000 0.61170000 0.09600000
vn -0.65720000 0.74720000 0.09860000
vn -0.73650000 0.65930000 0.15130000
vn -0.71870000 0.62060000 0.31360000
vn -0.77880000 0.53580000 0.32620000
vn -0.65960000 0.64300000 0.38920000
vn -0.54300000 0.77250000 0.32920000
vn -0.65960000 0.64300000 0.38920000
vn -0.56230000 0.77400000 0.29130000
vn -0.65720000 0.74720000 0.09860000
vn -0.51580000 0.84760000 0.12490000
vn -0.63190000 0.76050000 0.14980000
vn -0.37270000 0.65720000 0.65510000
vn -0.42510000 0.80440000 0.41510000
vn -0.54300000 0.77250000 0.32920000
vn -0.37940000 0.90320000 0.20080000
vn -0.44990000 0.69010000 0.56690000
vn -0.59550000 0.57940000 0.55660000
vn -0.56230000 0.77400000 0.29130000
vn -0.23170000 0.86190000 0.45100000
vn -0.42510000 0.80440000 0.41510000
vn -0.37940000 0.90320000 0.20080000
vn -0.24910000 0.95770000 0.14390000
vn -0.38600000 0.90380000 0.18470000
vn -0.27200000 0.93210000 0.23930000
vn -0.27320000 0.66720000 0.69300000
vn -0.23170000 0.86190000 0.45100000
vn -0.15120000 0.75110000 0.64270000
vn -0.27200000 0.93210000 0.23930000
vn -0.09440000 0.97340000 0.20860000
vn 0.33150000 0.93450000 0.12970000
vn 0.13160000 0.88060000 0.45530000
vn 0.15690000 0.97260000 0.17150000
vn 0.32700000 0.83920000 0.43460000
vn 0.31990000 0.85370000 0.41090000
vn 0.49530000 0.77770000 0.38700000
vn 0.31990000 0.85370000 0.41090000
vn 0.44850000 0.87280000 0.19260000
vn 0.32220000 0.94270000 0.08700000
vn 0.33150000 0.93450000 0.12970000
vn 0.50520000 0.86020000 0.06940000
vn 0.50520000 0.86020000 0.06940000
vn 0.47490000 0.76750000 0.43060000
vn 0.62890000 0.71270000 0.31080000
vn 0.66950000 0.73960000 0.06860000
vn 0.63630000 0.70060000 0.32310000
vn 0.49530000 0.77770000 0.38700000
vn 0.57370000 0.80040000 0.17370000
vn 0.02860000 -0.93380000 -0.35650000
vn -0.12940000 -0.89050000 -0.43630000
vn -0.16760000 -0.90410000 -0.39310000
vn -0.13780000 -0.92520000 -0.35340000
vn 0.05370000 -0.89680000 -0.43920000
vn -0.16760000 -0.90410000 -0.39310000
vn -0.35300000 -0.86660000 -0.35280000
vn -0.32380000 -0.86770000 -0.37700000
vn -0.15960000 -0.94460000 -0.28680000
vn -0.31140000 -0.90930000 -0.27610000
vn -0.13780000 -0.92520000 -0.35340000
vn -0.90060000 -0.40390000 -0.16080000
vn -0.90270000 -0.41710000 -0.10590000
vn -0.96520000 -0.24290000 -0.09670000
vn -0.97050000 -0.23660000 -0.04620000
vn -0.94170000 -0.33420000 -0.03980000
vn -0.79700000 -0.56030000 -0.22550000
vn -0.80120000 -0.58300000 -0.13480000
vn -0.90060000 -0.40390000 -0.16080000
vn -0.89940000 -0.40540000 -0.16330000
vn -0.90270000 -0.41710000 -0.10590000
vn -0.86160000 -0.50240000 -0.07170000
vn -0.80120000 -0.58300000 -0.13480000
vn -0.66350000 -0.69350000 -0.28070000
vn -0.66920000 -0.72500000 -0.16290000
vn -0.74380000 -0.66010000 -0.10530000
vn -0.79570000 -0.56140000 -0.22740000
vn -0.79700000 -0.56030000 -0.22550000
vn -0.51200000 -0.83900000 -0.18450000
vn -0.50590000 -0.79920000 -0.32460000
vn -0.66920000 -0.72500000 -0.16290000
vn -0.59670000 -0.79120000 -0.13410000
vn -0.66200000 -0.69430000 -0.28220000
vn -0.66350000 -0.69350000 -0.28070000
vn -0.50590000 -0.79920000 -0.32460000
vn -0.50450000 -0.79960000 -0.32570000
vn -0.34130000 -0.91880000 -0.19830000
vn -0.51200000 -0.83900000 -0.18450000
vn -0.42820000 -0.89020000 -0.15560000
vn -0.31140000 -0.90930000 -0.27610000
vn -0.35300000 -0.86660000 -0.35280000
vn -0.24010000 -0.96010000 -0.14330000
vn -0.31140000 -0.90930000 -0.27610000
vn -0.15820000 -0.96850000 -0.19250000
vn -0.34130000 -0.91880000 -0.19830000
vn -0.15960000 -0.94460000 -0.28680000
vn -0.13890000 -0.95640000 -0.25680000
vn 0.71960000 0.55760000 0.41380000
vn 0.83610000 0.32230000 0.44390000
vn 0.83370000 0.44190000 0.33100000
vn 0.71900000 0.55870000 0.41340000
vn 0.72630000 0.40370000 0.55630000
vn 0.83760000 0.31950000 0.44300000
vn -0.72450000 0.47860000 0.49600000
vn -0.71420000 0.37730000 0.58950000
vn -0.60150000 0.29040000 0.74430000
vn -0.73110000 0.48230000 0.48250000
vn -0.75680000 0.19950000 0.62240000
vn -0.57250000 0.56480000 0.59440000
vn -0.65050000 0.33820000 0.68000000
vn -0.85430000 0.36840000 0.36680000
vn -0.92020000 0.22190000 0.32240000
vn -0.90450000 0.36620000 0.21880000
vn -0.90350000 0.36760000 0.22050000
vn -0.80600000 0.31980000 0.49810000
vn -0.83090000 0.31940000 0.45570000
vn -0.81660000 0.49440000 0.29790000
vn -0.87570000 0.32860000 0.35380000
vn -0.71420000 0.37730000 0.58950000
vn -0.85430000 0.36840000 0.36680000
vn -0.73110000 0.48230000 0.48250000
vn -0.80600000 0.31980000 0.49810000
vn -0.85430000 0.36840000 0.36680000
vn -0.71870000 0.62060000 0.31360000
vn -0.73110000 0.48230000 0.48250000
vn -0.72450000 0.47860000 0.49600000
vn -0.77880000 0.53580000 0.32620000
vn -0.81660000 0.49440000 0.29790000
vn -0.83600000 0.47930000 0.26700000
vn -0.57250000 0.56480000 0.59440000
vn -0.72450000 0.47860000 0.49600000
vn -0.71870000 0.62060000 0.31360000
vn -0.65960000 0.64300000 0.38920000
vn -0.54300000 0.77250000 0.32920000
vn -0.59550000 0.57940000 0.55660000
vn -0.83090000 0.31940000 0.45570000
vn -0.88630000 0.12050000 0.44710000
vn -0.92020000 0.22190000 0.32240000
vn -0.85800000 0.15020000 0.49120000
vn -0.84800000 0.13820000 0.51160000
vn -0.59280000 -0.24870000 -0.76600000
vn -0.73500000 -0.20800000 -0.64540000
vn -0.68070000 -0.10260000 -0.72530000
vn -0.66860000 -0.26380000 -0.69530000
vn -0.59550000 -0.17810000 -0.78330000
vn -0.41340000 -0.20340000 -0.88760000
vn -0.59550000 -0.17810000 -0.78330000
vn -0.51760000 -0.29660000 -0.80260000
vn -0.59280000 -0.24870000 -0.76600000
vn -0.51360000 -0.13350000 -0.84760000
vn -0.41120000 -0.25210000 -0.87600000
vn -0.92440000 0.13090000 0.35830000
vn -0.88630000 0.12050000 0.44710000
vn -0.96890000 0.07210000 0.23670000
vn -0.92020000 0.22190000 0.32240000
vn -0.87570000 0.32860000 0.35380000
vn -0.94160000 0.21260000 0.26120000
vn -0.96550000 0.17970000 0.18840000
vn -0.96550000 0.17970000 0.18840000
vn -0.98960000 0.04930000 0.13530000
vn -0.99170000 0.04210000 0.12170000
vn -0.96890000 0.07210000 0.23670000
vn -0.97140000 0.07390000 0.22560000
vn -0.97600000 0.14420000 0.16340000
vn -0.99760000 0.04920000 0.04790000
vn -0.99970000 0.02290000 0.01030000
vn -0.97210000 -0.08400000 -0.21900000
vn -0.99890000 -0.01570000 -0.04380000
vn -0.99910000 -0.01580000 -0.03960000
vn -0.96990000 -0.15390000 -0.18890000
vn -0.98540000 -0.11600000 -0.12460000
vn -0.96420000 -0.13570000 -0.22790000
vn -0.89870000 -0.22310000 -0.37750000
vn -0.90280000 -0.13620000 -0.40790000
vn -0.96850000 -0.07680000 -0.23690000
vn -0.89960000 -0.22340000 -0.37520000
vn -0.96420000 -0.13570000 -0.22790000
vn -0.97210000 -0.08400000 -0.21900000
vn -0.89870000 -0.22310000 -0.37750000
vn -0.79550000 -0.30830000 -0.52160000
vn -0.89900000 -0.13290000 -0.41730000
vn -0.79460000 -0.30810000 -0.52310000
vn -0.90280000 -0.13620000 -0.40790000
vn -0.82550000 -0.16940000 -0.53830000
vn -0.80100000 -0.19760000 -0.56510000
vn -0.66180000 -0.38040000 -0.64600000
vn -0.66090000 -0.38020000 -0.64710000
vn -0.66860000 -0.26380000 -0.69530000
vn -0.80100000 -0.19760000 -0.56510000
vn -0.73500000 -0.20800000 -0.64540000
vn -0.79460000 -0.30810000 -0.52310000
vn -0.59280000 -0.24870000 -0.76600000
vn -0.52730000 -0.44250000 -0.72530000
vn -0.66090000 -0.38020000 -0.64710000
vn -0.48920000 -0.36540000 -0.79190000
vn -0.50420000 -0.43750000 -0.74450000
vn -0.51760000 -0.29660000 -0.80260000
vn -0.66860000 -0.26380000 -0.69530000
vn 0.04360000 -0.54710000 -0.83590000
vn -0.13670000 -0.46030000 -0.87720000
vn 0.06910000 -0.50930000 -0.85780000
vn -0.16700000 -0.51140000 -0.84290000
vn -0.13390000 -0.54250000 -0.82930000
vn 0.04380000 -0.46450000 -0.88450000
vn -0.89740000 -0.27580000 -0.34430000
vn -0.89960000 -0.22340000 -0.37520000
vn -0.93960000 -0.23740000 -0.24670000
vn -0.96420000 -0.13570000 -0.22790000
vn -0.96990000 -0.15390000 -0.18890000
vn -0.79170000 -0.38680000 -0.47280000
vn -0.89740000 -0.27580000 -0.34430000
vn -0.89870000 -0.22310000 -0.37750000
vn -0.89960000 -0.22340000 -0.37520000
vn -0.84860000 -0.35520000 -0.39200000
vn -0.79550000 -0.30830000 -0.52160000
vn -0.73890000 -0.44440000 -0.50650000
vn -0.79170000 -0.38680000 -0.47280000
vn -0.65570000 -0.49020000 -0.57430000
vn -0.64400000 -0.49050000 -0.58710000
vn -0.66180000 -0.38040000 -0.64600000
vn -0.79550000 -0.30830000 -0.52160000
vn -0.79460000 -0.30810000 -0.52310000
vn -0.66090000 -0.38020000 -0.64710000
vn -0.65570000 -0.49020000 -0.57430000
vn -0.50420000 -0.43750000 -0.74450000
vn -0.49810000 -0.56260000 -0.65980000
vn -0.49900000 -0.56260000 -0.65910000
vn -0.66180000 -0.38040000 -0.64600000
vn -0.32900000 -0.61270000 -0.71860000
vn -0.52730000 -0.44250000 -0.72530000
vn -0.49810000 -0.56260000 -0.65980000
vn -0.33140000 -0.49180000 -0.80520000
vn -0.32240000 -0.61160000 -0.72240000
vn -0.50420000 -0.43750000 -0.74450000
vn -0.32240000 -0.61160000 -0.72240000
vn -0.13390000 -0.54250000 -0.82930000
vn -0.33140000 -0.49180000 -0.80520000
vn -0.16700000 -0.51140000 -0.84290000
vn -0.17680000 -0.63650000 -0.75080000
vn -0.13730000 -0.61220000 -0.77870000
vn -0.32770000 -0.49020000 -0.80770000
vn -0.13390000 -0.54250000 -0.82930000
vn 0.04640000 -0.61750000 -0.78520000
vn -0.13730000 -0.61220000 -0.77870000
vn 0.07450000 -0.59730000 -0.79860000
vn 0.04360000 -0.54710000 -0.83590000
vn -0.13430000 -0.67310000 -0.72730000
vn -0.13880000 -0.72920000 -0.67010000
vn -0.17990000 -0.74220000 -0.64560000
vn -0.32020000 -0.71530000 -0.62120000
vn -0.32240000 -0.61160000 -0.72240000
vn -0.32900000 -0.61270000 -0.71860000
vn -0.17680000 -0.63650000 -0.75080000
vn -0.49650000 -0.65810000 -0.56600000
vn -0.32020000 -0.71530000 -0.62120000
vn -0.49900000 -0.56260000 -0.65910000
vn -0.32910000 -0.71600000 -0.61570000
vn -0.32900000 -0.61270000 -0.71860000
vn -0.49810000 -0.56260000 -0.65980000
vn -0.64200000 -0.58160000 -0.49960000
vn -0.49900000 -0.56260000 -0.65910000
vn -0.65570000 -0.49020000 -0.57430000
vn -0.64400000 -0.49050000 -0.58710000
vn -0.49650000 -0.65810000 -0.56600000
vn -0.49750000 -0.65800000 -0.56530000
vn -0.64200000 -0.58160000 -0.49960000
vn -0.64280000 -0.58130000 -0.49890000
vn -0.73630000 -0.51350000 -0.44070000
vn -0.73890000 -0.44440000 -0.50650000
vn -0.64400000 -0.49050000 -0.58710000
vn -0.79170000 -0.38680000 -0.47280000
vn -0.73890000 -0.44440000 -0.50650000
vn -0.84860000 -0.35520000 -0.39200000
vn -0.73630000 -0.51350000 -0.44070000
vn -0.73760000 -0.51290000 -0.43920000
vn -0.84660000 -0.40420000 -0.34620000
vn -0.89740000 -0.27580000 -0.34430000
vn -0.93960000 -0.23740000 -0.24670000
vn -0.84860000 -0.35520000 -0.39200000
vn -0.84770000 -0.40370000 -0.34420000
vn -0.92930000 -0.28110000 -0.23970000
vn -0.84660000 -0.40420000 -0.34620000
vn -0.98790000 -0.12830000 -0.08660000
vn -0.97160000 -0.20640000 -0.11580000
vn -0.98540000 -0.11600000 -0.12460000
vn -0.96990000 -0.15390000 -0.18890000
vn -0.93960000 -0.23740000 -0.24670000
vn -0.92930000 -0.28110000 -0.23970000
vn -0.93910000 -0.28250000 -0.19540000
vn -0.99970000 0.02290000 0.01030000
vn -0.99550000 -0.08100000 -0.04850000
vn -0.98790000 -0.12830000 -0.08660000
vn -0.98540000 -0.11600000 -0.12460000
vn -0.99990000 0.00490000 0.00960000
vn -0.99170000 0.04210000 0.12170000
vn -0.99910000 -0.01580000 -0.03960000
vn -0.99550000 -0.08100000 -0.04850000
vn -0.99970000 0.02290000 0.01030000
vn -0.99760000 0.04920000 0.04790000
vn -0.99990000 -0.00130000 0.01010000
vn -0.99830000 -0.05700000 -0.00970000
vn -0.99920000 0.03750000 0.01040000
vn -0.99030000 0.11900000 0.07230000
vn -0.98280000 0.17590000 0.05560000
vn -0.99920000 0.03750000 0.01040000
vn -0.97600000 0.14420000 0.16340000
vn -0.99760000 0.04920000 0.04790000
vn -0.99030000 0.11900000 0.07230000
vn -0.96550000 0.17970000 0.18840000
vn -0.97600000 0.14420000 0.16340000
vn -0.94160000 0.21260000 0.26120000
vn -0.94070000 0.29000000 0.17590000
vn -0.94160000 0.21260000 0.26120000
vn -0.94070000 0.29000000 0.17590000
vn -0.87570000 0.32860000 0.35380000
vn -0.90350000 0.36760000 0.22050000
vn -0.94200000 0.28780000 0.17250000
vn -0.16340000 -0.41120000 -0.89680000
vn -0.13670000 -0.46030000 -0.87720000
vn 0.04380000 -0.46450000 -0.88450000
vn 0.07180000 -0.41980000 -0.90480000
vn 0.04410000 -0.36670000 -0.92930000
vn -0.13770000 -0.36320000 -0.92150000
vn -0.14370000 -0.21810000 -0.96530000
vn -0.13770000 -0.36320000 -0.92150000
vn 0.04410000 -0.36670000 -0.92930000
vn -0.17350000 -0.29240000 -0.94040000
vn 0.05590000 -0.27480000 -0.95990000
vn -0.14230000 -0.21810000 -0.96550000
vn 0.07490000 -0.31360000 -0.94660000
vn -0.14230000 -0.21810000 -0.96550000
vn 0.05550000 -0.15810000 -0.98590000
vn 0.05590000 -0.27480000 -0.95990000
vn 0.08280000 -0.18630000 -0.97900000
vn 0.24160000 -0.18510000 -0.95260000
vn 0.05590000 -0.27480000 -0.95990000
vn 0.23990000 -0.30530000 -0.92150000
vn 0.24220000 -0.30290000 -0.92170000
vn 0.07490000 -0.31360000 -0.94660000
vn 0.08280000 -0.18630000 -0.97900000
vn 0.89450000 0.20360000 0.39790000
vn 0.83760000 0.31950000 0.44300000
vn 0.83610000 0.32230000 0.44390000
vn 0.84600000 0.14320000 0.51370000
vn 0.90150000 0.12380000 0.41480000
vn 0.91680000 0.23390000 0.32360000
vn 0.91580000 0.09280000 0.39090000
vn 0.96020000 0.07230000 0.26970000
vn 0.95710000 0.08240000 0.27770000
vn 0.91580000 0.09280000 0.39090000
vn 0.89450000 0.20360000 0.39790000
vn 0.97160000 0.10720000 0.21090000
vn 0.99800000 0.03480000 0.05320000
vn 0.99000000 -0.01360000 -0.14010000
vn 0.99840000 -0.03430000 -0.04520000
vn 0.98850000 -0.03940000 -0.14610000
vn 0.99830000 0.03590000 0.04620000
vn 0.99570000 0.06220000 0.06870000
vn 0.75750000 -0.18910000 -0.62480000
vn 0.72780000 -0.22510000 -0.64780000
vn 0.59170000 -0.26570000 -0.76110000
vn 0.75400000 -0.16720000 -0.63520000
vn 0.61720000 -0.12110000 -0.77740000
vn 0.59560000 -0.15300000 -0.78860000
vn 0.42750000 -0.17070000 -0.88770000
vn 0.42410000 -0.29840000 -0.85510000
vn 0.59320000 -0.26420000 -0.76050000
vn 0.43230000 -0.16480000 -0.88650000
vn 0.59170000 -0.26570000 -0.76110000
vn 0.59560000 -0.15300000 -0.78860000
vn 0.44480000 -0.27960000 -0.85090000
vn 0.42410000 -0.29840000 -0.85510000
vn 0.24160000 -0.18510000 -0.95260000
vn 0.42750000 -0.17070000 -0.88770000
vn 0.24220000 -0.30290000 -0.92170000
vn 0.24860000 -0.17770000 -0.95220000
vn 0.96170000 0.18350000 0.20370000
vn 0.99980000 -0.01840000 -0.00250000
vn 0.99570000 0.06220000 0.06870000
vn 0.99800000 0.03480000 0.05320000
vn 0.98850000 0.05800000 0.13950000
vn 0.97160000 0.10720000 0.21090000
vn 0.96020000 0.07230000 0.26970000
vn 0.99840000 -0.03430000 -0.04520000
vn 0.97000000 -0.15160000 -0.19010000
vn 0.98850000 -0.03940000 -0.14610000
vn 0.97060000 -0.09190000 -0.22260000
vn 0.96420000 -0.13360000 -0.22900000
vn 0.99040000 -0.09850000 -0.09710000
vn 0.94480000 -0.08510000 -0.31640000
vn 0.97060000 -0.09190000 -0.22260000
vn 0.96420000 -0.13360000 -0.22900000
vn 0.89960000 -0.22000000 -0.37720000
vn 0.90240000 -0.15350000 -0.40260000
vn 0.81080000 -0.19540000 -0.55170000
vn 0.87500000 -0.14640000 -0.46150000
vn 0.80580000 -0.29900000 -0.51110000
vn 0.89910000 -0.22110000 -0.37780000
vn 0.89960000 -0.22000000 -0.37720000
vn 0.90240000 -0.15350000 -0.40260000
vn 0.75750000 -0.18910000 -0.62480000
vn 0.72780000 -0.22510000 -0.64780000
vn 0.72100000 -0.35010000 -0.59800000
vn 0.80580000 -0.29900000 -0.51110000
vn 0.80520000 -0.29980000 -0.51160000
vn 0.81080000 -0.19540000 -0.55170000
vn 0.59320000 -0.26420000 -0.76050000
vn 0.72780000 -0.22510000 -0.64780000
vn 0.58580000 -0.40930000 -0.69950000
vn 0.72100000 -0.35010000 -0.59800000
vn 0.59170000 -0.26570000 -0.76110000
vn 0.44480000 -0.27960000 -0.85090000
vn 0.40120000 -0.38340000 -0.83190000
vn 0.42410000 -0.29840000 -0.85510000
vn 0.59320000 -0.26420000 -0.76050000
vn 0.58580000 -0.40930000 -0.69950000
vn 0.58560000 -0.40950000 -0.69960000
vn 0.44000000 -0.45350000 -0.77510000
vn 0.44480000 -0.27960000 -0.85090000
vn 0.23990000 -0.30530000 -0.92150000
vn 0.40120000 -0.38340000 -0.83190000
vn 0.24020000 -0.40630000 -0.88160000
vn 0.24220000 -0.30290000 -0.92170000
vn 0.24020000 -0.40630000 -0.88160000
vn 0.23770000 -0.40890000 -0.88110000
vn 0.07490000 -0.31360000 -0.94660000
vn 0.04410000 -0.36670000 -0.92930000
vn 0.23990000 -0.30530000 -0.92150000
vn 0.07180000 -0.41980000 -0.90480000
vn 0.88890000 0.32610000 0.32180000
vn 0.96950000 0.17560000 0.17110000
vn 0.96170000 0.18350000 0.20370000
vn 0.97160000 0.10720000 0.21090000
vn 0.91680000 0.23390000 0.32360000
vn 0.89450000 0.20360000 0.39790000
vn 0.41860000 -0.47230000 -0.77570000
vn 0.44000000 -0.45350000 -0.77510000
vn 0.23810000 -0.50570000 -0.82920000
vn 0.24020000 -0.40630000 -0.88160000
vn 0.23770000 -0.40890000 -0.88110000
vn 0.40120000 -0.38340000 -0.83190000
vn 0.07180000 -0.41980000 -0.90480000
vn 0.23770000 -0.40890000 -0.88110000
vn 0.23810000 -0.50570000 -0.82920000
vn 0.25470000 -0.49380000 -0.83140000
vn 0.04380000 -0.46450000 -0.88450000
vn 0.06910000 -0.50930000 -0.85780000
vn 0.04640000 -0.61750000 -0.78520000
vn 0.04120000 -0.67870000 -0.73320000
vn -0.17680000 -0.63650000 -0.75080000
vn -0.13430000 -0.67310000 -0.72730000
vn -0.13730000 -0.61220000 -0.77870000
vn 0.25470000 -0.49380000 -0.83140000
vn 0.07450000 -0.59730000 -0.79860000
vn 0.04360000 -0.54710000 -0.83590000
vn 0.06910000 -0.50930000 -0.85780000
vn 0.20710000 -0.58590000 -0.78350000
vn 0.03400000 -0.74040000 -0.67130000
vn 0.08520000 -0.70720000 -0.70180000
vn -0.13880000 -0.72920000 -0.67010000
vn -0.13430000 -0.67310000 -0.72730000
vn 0.04120000 -0.67870000 -0.73320000
vn 0.07450000 -0.59730000 -0.79860000
vn 0.27440000 -0.62330000 -0.73230000
vn 0.20710000 -0.58590000 -0.78350000
vn 0.04120000 -0.67870000 -0.73320000
vn 0.08520000 -0.70720000 -0.70180000
vn 0.19480000 -0.69580000 -0.69130000
vn 0.04640000 -0.61750000 -0.78520000
vn 0.89800000 -0.27320000 -0.34500000
vn 0.97000000 -0.15160000 -0.19010000
vn 0.96420000 -0.13360000 -0.22900000
vn 0.89910000 -0.22110000 -0.37780000
vn 0.89960000 -0.22000000 -0.37720000
vn 0.93930000 -0.23590000 -0.24930000
vn 0.80580000 -0.29900000 -0.51110000
vn 0.89800000 -0.27320000 -0.34500000
vn 0.80230000 -0.38000000 -0.46030000
vn 0.80520000 -0.29980000 -0.51160000
vn 0.89910000 -0.22110000 -0.37780000
vn 0.84830000 -0.35400000 -0.39370000
vn 0.80520000 -0.29980000 -0.51160000
vn 0.80230000 -0.38000000 -0.46030000
vn 0.71500000 -0.46000000 -0.52650000
vn 0.72100000 -0.35010000 -0.59800000
vn 0.71500000 -0.46000000 -0.52650000
vn 0.72710000 -0.44500000 -0.52280000
vn 0.58560000 -0.40950000 -0.69960000
vn 0.58020000 -0.52790000 -0.62030000
vn 0.72100000 -0.35010000 -0.59800000
vn 0.58580000 -0.40930000 -0.69950000
vn 0.41860000 -0.47230000 -0.77570000
vn 0.44000000 -0.45350000 -0.77510000
vn 0.41380000 -0.59000000 -0.69330000
vn 0.58010000 -0.52800000 -0.62030000
vn 0.58020000 -0.52790000 -0.62030000
vn 0.58560000 -0.40950000 -0.69960000
vn 0.27440000 -0.62330000 -0.73230000
vn 0.41860000 -0.47230000 -0.77570000
vn 0.41380000 -0.59000000 -0.69330000
vn 0.41360000 -0.59020000 -0.69330000
vn 0.20710000 -0.58590000 -0.78350000
vn 0.25470000 -0.49380000 -0.83140000
vn 0.23810000 -0.50570000 -0.82920000
vn 0.13160000 0.88060000 0.45530000
vn 0.32700000 0.83920000 0.43460000
vn 0.18870000 0.71330000 0.67490000
vn 0.18750000 0.71000000 0.67880000
vn 0.35450000 0.47920000 0.80300000
vn 0.31400000 0.65370000 0.68850000
vn -0.09440000 0.97340000 0.20860000
vn -0.10980000 0.80890000 0.57760000
vn -0.10930000 0.97750000 0.18030000
vn -0.15120000 0.75110000 0.64270000
vn -0.04650000 0.99450000 0.09400000
vn -0.04440000 0.77050000 0.63590000
vn -0.04440000 0.77050000 0.63590000
vn 0.03550000 0.83120000 0.55480000
vn 0.04580000 0.81440000 0.57850000
vn 0.04530000 0.98360000 0.17470000
vn -0.04650000 0.99450000 0.09400000
vn 0.17820000 0.97890000 0.09990000
vn 0.13160000 0.88060000 0.45530000
vn 0.18870000 0.71330000 0.67490000
vn 0.15690000 0.97260000 0.17150000
vn 0.04580000 0.81440000 0.57850000
vn 0.04530000 0.98360000 0.17470000
vn 0.03650000 0.98830000 0.14810000
vn -0.00120000 0.00060000 1.00000000
vn 0.00030000 -0.00010000 1.00000000
vn -0.33690000 0.00770000 -0.94150000
vn -0.47100000 -0.00720000 -0.88210000
vn -0.00140000 1.00000000 -0.00010000
vn -0.31530000 0.23740000 -0.91880000
vn -0.32810000 0.01180000 -0.94460000
vn 0.00080000 1.00000000 -0.00010000
vn -0.00140000 1.00000000 -0.00010000
vn 0.00090000 1.00000000 -0.00030000
vn -0.49990000 0.00140000 -0.86610000
vn -0.47100000 -0.00720000 -0.88210000
vn -0.61090000 0.00090000 -0.79170000
vn -0.42590000 0.02550000 -0.90440000
vn -0.31170000 0.26880000 0.91140000
vn -0.47390000 0.00200000 0.88060000
vn -0.33880000 -0.00050000 0.94090000
vn -0.00200000 1.00000000 0.00040000
vn -0.00140000 1.00000000 -0.00010000
vn -0.00160000 1.00000000 -0.00030000
vn 0.00190000 1.00000000 0.00030000
vn 0.00050000 1.00000000 -0.00020000
vn 0.00090000 1.00000000 -0.00030000
vn 0.00080000 1.00000000 -0.00010000
vn 0.00190000 1.00000000 0.00030000
vn -0.31170000 0.26880000 0.91140000
vn -0.00050000 1.00000000 0.00010000
vn -0.16030000 0.00170000 0.98710000
vn -0.17100000 0.00080000 0.98530000
vn -0.31520000 -0.00120000 0.94900000
vn -0.00050000 1.00000000 0.00010000
vn -0.16030000 0.00170000 0.98710000
vn -0.06770000 -0.00060000 0.99770000
vn 0.00120000 0.00280000 1.00000000
vn -0.00040000 1.00000000 0.00010000
vn -0.00140000 1.00000000 0.00060000
vn -0.00000000 1.00000000 0.00010000
vn -0.00160000 1.00000000 -0.00030000
vn 0.00020000 1.00000000 0.00010000
vn 0.00070000 1.00000000 -0.00010000
vn -0.00050000 1.00000000 0.00010000
vn -0.00040000 1.00000000 0.00010000
vn 0.00340000 0.00450000 -1.00000000
vn -0.16050000 0.01290000 -0.98700000
vn 0.00050000 1.00000000 -0.00020000
vn 0.00190000 1.00000000 0.00030000
vn -0.05460000 -0.00070000 -0.99850000
vn 0.04620000 0.03380000 -0.99840000
vn 0.00120000 0.00280000 1.00000000
vn 0.15510000 0.00150000 0.98790000
vn 0.15960000 0.23800000 0.95810000
vn 0.05430000 -0.00030000 0.99850000
vn -0.00000000 1.00000000 0.00010000
vn -0.00040000 1.00000000 0.00010000
vn 0.17590000 0.00160000 0.98440000
vn 0.32130000 -0.00100000 0.94700000
vn -0.00000000 1.00000000 0.00010000
vn 0.15960000 0.23800000 0.95810000
vn 0.00070000 1.00000000 -0.00010000
vn 0.27680000 0.00470000 0.96090000
vn 0.32130000 -0.00100000 0.94700000
vn 0.00020000 1.00000000 0.00010000
vn 0.00070000 1.00000000 -0.00010000
vn 0.47170000 0.00140000 0.88170000
vn 0.38770000 -0.00080000 0.92180000
vn -0.31530000 0.23740000 -0.91880000
vn -0.00160000 1.00000000 -0.00030000
vn -0.22100000 0.00040000 -0.97530000
vn -0.16050000 0.01290000 -0.98700000
vn -0.14500000 0.02170000 -0.98920000
vn 0.00080000 1.00000000 -0.00010000
vn -0.31680000 -0.00620000 -0.94850000
vn 0.00140000 1.00000000 -0.00020000
vn -0.00040000 1.00000000 0.00010000
vn 0.61240000 0.00120000 -0.79060000
vn 0.73390000 0.00710000 -0.67920000
vn 0.59080000 0.01340000 -0.80670000
vn -0.00170000 1.00000000 -0.00000000
vn 0.00160000 1.00000000 -0.00000000
vn 0.66520000 -0.00090000 -0.74670000
vn 0.61240000 0.00120000 -0.79060000
vn 0.47030000 -0.00850000 -0.88250000
vn 0.41920000 0.02900000 -0.90740000
vn -0.00170000 1.00000000 -0.00000000
vn 0.49430000 0.00190000 -0.86930000
vn 0.00030000 1.00000000 -0.00020000
vn 0.00030000 1.00000000 -0.00020000
vn -0.00170000 1.00000000 -0.00000000
vn 0.00110000 1.00000000 -0.00030000
vn -0.00140000 1.00000000 0.00060000
vn 0.58200000 0.00400000 0.81320000
vn 0.66470000 -0.00050000 0.74710000
vn 0.73370000 0.00220000 0.67950000
vn 0.61200000 -0.00030000 0.79080000
vn 0.00030000 1.00000000 -0.00010000
vn 0.00050000 1.00000000 -0.00020000
vn 0.00160000 1.00000000 -0.00000000
vn 0.32050000 -0.00570000 -0.94720000
vn 0.47030000 -0.00850000 -0.88250000
vn 0.00110000 1.00000000 -0.00030000
vn 0.25740000 0.04050000 -0.96550000
vn 0.32350000 0.00990000 -0.94620000
vn 0.00030000 1.00000000 -0.00020000
vn 0.00030000 1.00000000 -0.00010000
vn 0.00110000 1.00000000 -0.00030000
vn 0.16420000 0.01760000 -0.98630000
vn 0.20660000 0.00420000 -0.97840000
vn 0.32050000 -0.00570000 -0.94720000
vn -0.00140000 1.00000000 0.00060000
vn 0.00020000 1.00000000 0.00010000
vn 0.47690000 0.00100000 0.87900000
vn 0.47170000 0.00140000 0.88170000
vn 0.61200000 -0.00030000 0.79080000
vn 0.00340000 0.00450000 -1.00000000
vn 0.00050000 1.00000000 -0.00020000
vn 0.00030000 1.00000000 -0.00010000
vn 0.12700000 0.00410000 -0.99190000
vn 0.16420000 0.01760000 -0.98630000
vn -0.91430000 0.00120000 0.40510000
vn -0.83620000 -0.00080000 0.54840000
vn -0.00210000 1.00000000 0.00020000
vn 0.00050000 1.00000000 -0.00000000
vn -0.80760000 0.00480000 0.58970000
vn -0.91770000 0.00190000 0.39740000
vn -0.86610000 -0.00020000 0.49980000
vn -0.83620000 -0.00080000 0.54840000
vn -0.00080000 1.00000000 -0.00000000
vn 0.00060000 1.00000000 -0.00000000
vn -0.73870000 0.00140000 0.67400000
vn -0.73410000 0.00190000 0.67910000
vn 0.00110000 1.00000000 -0.00010000
vn 0.00050000 1.00000000 -0.00000000
vn -0.91470000 -0.00660000 -0.40400000
vn -0.88430000 0.01630000 -0.46660000
vn -0.00510000 1.00000000 -0.00020000
vn -0.00210000 1.00000000 0.00020000
vn 0.00050000 1.00000000 -0.00000000
vn 0.00110000 1.00000000 -0.00010000
vn -0.00090000 1.00000000 0.00020000
vn -0.92980000 0.00090000 -0.36810000
vn -0.96870000 0.00250000 -0.24810000
vn -0.00480000 1.00000000 -0.00010000
vn -0.59220000 0.01120000 -0.80570000
vn 0.00050000 1.00000000 -0.00020000
vn -0.61090000 0.00090000 -0.79170000
vn -0.73350000 0.00830000 -0.67960000
vn 0.00090000 1.00000000 -0.00030000
vn -0.66910000 -0.00150000 -0.74320000
vn 0.00060000 1.00000000 -0.00000000
vn -0.00080000 1.00000000 -0.00000000
vn 0.00050000 1.00000000 -0.00020000
vn -0.73350000 0.00830000 -0.67960000
vn -0.83620000 0.00150000 -0.54840000
vn -0.75240000 0.00180000 -0.65870000
vn -0.00000000 1.00000000 0.00010000
vn -0.00200000 1.00000000 0.00040000
vn -0.00000000 1.00000000 0.00010000
vn -0.61220000 -0.00100000 0.79070000
vn -0.00200000 1.00000000 0.00040000
vn -0.47390000 0.00200000 0.88060000
vn -0.47950000 0.00150000 0.87750000
vn -0.00000000 1.00000000 0.00010000
vn -0.73410000 0.00190000 0.67910000
vn -0.61220000 -0.00100000 0.79070000
vn -0.57380000 0.00470000 0.81900000
vn 0.00060000 1.00000000 -0.00000000
vn -0.65670000 -0.00050000 0.75410000
vn 0.00160000 1.00000000 -0.00000000
vn 0.83610000 -0.00030000 0.54860000
vn -0.00040000 1.00000000 0.00010000
vn 0.73370000 0.00220000 0.67950000
vn 0.74440000 0.00100000 0.66780000
vn 0.00140000 1.00000000 -0.00020000
vn -0.00100000 1.00000000 -0.00000000
vn 0.87180000 -0.00020000 0.48990000
vn 0.81480000 0.00370000 0.57970000
vn 0.91460000 0.00140000 0.40430000
vn -0.00040000 1.00000000 0.00010000
vn 0.83610000 -0.00030000 0.54860000
vn 0.00140000 1.00000000 -0.00000000
vn 0.83620000 -0.00220000 -0.54840000
vn 0.73390000 0.00710000 -0.67920000
vn 0.00140000 1.00000000 -0.00020000
vn -0.00100000 1.00000000 -0.00000000
vn 0.74320000 0.00360000 -0.66900000
vn -0.00100000 1.00000000 -0.00000000
vn 0.00140000 1.00000000 -0.00000000
vn -0.00070000 1.00000000 0.00020000
vn 0.81200000 0.01210000 -0.58350000
vn -0.00030000 1.00000000 0.00010000
vn 0.86620000 -0.00040000 -0.49970000
vn 0.83620000 -0.00220000 -0.54840000
vn 0.91490000 0.00450000 -0.40360000
vn -0.00080000 1.00000000 -0.00000000
vn 0.00110000 1.00000000 -0.00010000
vn -0.83620000 0.00150000 -0.54840000
vn -0.91470000 -0.00660000 -0.40400000
vn -0.82720000 0.00620000 -0.56180000
vn -0.99640000 -0.00320000 -0.08480000
vn -0.96720000 0.00370000 -0.25400000
vn -0.96870000 0.00250000 -0.24810000
vn -0.00510000 1.00000000 -0.00020000
vn -1.00000000 0.00030000 0.00380000
vn -0.99830000 0.00030000 0.05820000
vn -0.99950000 -0.00000000 0.03160000
vn -0.99640000 -0.00320000 -0.08480000
vn -0.98890000 0.01150000 -0.14810000
vn -0.00510000 1.00000000 -0.00020000
vn -0.99650000 0.00190000 0.08390000
vn -0.99910000 0.00090000 -0.04250000
vn -0.00480000 1.00000000 -0.00010000
vn 0.91460000 0.00140000 0.40430000
vn 0.91790000 0.00070000 0.39680000
vn 0.96890000 -0.00000000 0.24730000
vn 0.00140000 1.00000000 -0.00000000
vn -0.00070000 1.00000000 0.00020000
vn -0.00030000 1.00000000 0.00010000
vn 0.00540000 1.00000000 -0.00030000
vn 0.99640000 -0.00220000 0.08450000
vn 0.96370000 0.00190000 0.26680000
vn 0.96890000 -0.00000000 0.24730000
vn -0.00070000 1.00000000 0.00020000
vn 0.91490000 0.00450000 -0.40360000
vn 0.00360000 1.00000000 -0.00000000
vn -0.00030000 1.00000000 0.00010000
vn 0.92070000 0.00160000 -0.39030000
vn 0.00540000 1.00000000 -0.00030000
vn 0.96870000 -0.00030000 -0.24800000
vn 0.99640000 -0.00220000 0.08450000
vn 0.99900000 0.00080000 -0.04570000
vn 0.00360000 1.00000000 -0.00000000
vn 0.00540000 1.00000000 -0.00030000
vn 0.98620000 0.00710000 0.16560000
vn 0.99830000 0.00030000 0.05900000
vn 0.99640000 0.00530000 -0.08430000
vn 0.99990000 0.00030000 0.01220000
vn 0.00360000 1.00000000 -0.00000000
vn 0.98390000 0.00020000 -0.17870000
vn 0.96870000 -0.00030000 -0.24800000
vn 0.99640000 0.00530000 -0.08430000
vn 0.95940000 0.00770000 -0.28180000
vn -0.99650000 0.00190000 0.08390000
vn -0.00480000 1.00000000 -0.00010000
vn -0.96910000 -0.00020000 0.24670000
vn -0.98450000 -0.00050000 0.17550000
vn -0.95890000 0.00370000 0.28370000
vn -0.00090000 1.00000000 0.00020000
vn -0.96910000 -0.00020000 0.24670000
vn -0.00090000 1.00000000 0.00020000
vn -0.91430000 0.00120000 0.40510000
vn -0.00210000 1.00000000 0.00020000
vn 0.32130000 -0.00100000 0.94700000
vn 0.17590000 0.00160000 0.98440000
vn 0.27680000 0.00470000 0.96090000
vn 0.16250000 0.00110000 0.98670000
vn 0.05430000 -0.00030000 0.99850000
vn 0.16250000 0.00110000 0.98670000
vn 0.15510000 0.00150000 0.98790000
vn -0.06770000 -0.00060000 0.99770000
vn 0.00120000 0.00280000 1.00000000
vn 0.05430000 -0.00030000 0.99850000
vn 0.66470000 -0.00050000 0.74710000
vn 0.58200000 0.00400000 0.81320000
vn 0.61200000 -0.00030000 0.79080000
vn 0.58200000 0.00400000 0.81320000
vn 0.47690000 0.00100000 0.87900000
vn 0.47170000 0.00140000 0.88170000
vn 0.38770000 -0.00080000 0.92180000
vn 0.47690000 0.00100000 0.87900000
vn 0.38770000 -0.00080000 0.92180000
vn 0.27680000 0.00470000 0.96090000
vn 0.87180000 -0.00020000 0.48990000
vn 0.81480000 0.00370000 0.57970000
vn 0.81480000 0.00370000 0.57970000
vn 0.74440000 0.00100000 0.66780000
vn 0.83610000 -0.00030000 0.54860000
vn 0.96890000 -0.00000000 0.24730000
vn 0.96370000 0.00190000 0.26680000
vn 0.91790000 0.00070000 0.39680000
vn 0.98620000 0.00710000 0.16560000
vn 0.96370000 0.00190000 0.26680000
vn 0.99640000 -0.00220000 0.08450000
vn 0.98620000 0.00710000 0.16560000
vn 0.99830000 0.00030000 0.05900000
vn 0.91790000 0.00070000 0.39680000
vn 0.91460000 0.00140000 0.40430000
vn 0.87180000 -0.00020000 0.48990000
vn 0.66470000 -0.00050000 0.74710000
vn 0.74440000 0.00100000 0.66780000
vn 0.73370000 0.00220000 0.67950000
vn 0.94430000 -0.01850000 -0.32860000
vn 0.98050000 0.02110000 -0.19530000
vn 0.95710000 0.00430000 -0.28980000
vn 0.98050000 0.02110000 -0.19530000
vn 0.99730000 0.01330000 -0.07190000
vn 0.97170000 -0.00910000 -0.23620000
vn 0.91640000 0.00890000 -0.40020000
vn 0.95710000 0.00430000 -0.28980000
vn 0.90590000 -0.00970000 -0.42330000
vn 0.90910000 -0.00700000 -0.41660000
vn 0.86530000 -0.00410000 -0.50120000
vn 0.91640000 0.00890000 -0.40020000
vn 0.85350000 0.00270000 -0.52110000
vn 0.79680000 -0.00830000 -0.60420000
vn 0.80630000 0.00360000 -0.59150000
vn 0.86530000 -0.00410000 -0.50120000
vn 0.65880000 0.00200000 -0.75230000
vn 0.73910000 -0.00180000 -0.67360000
vn 0.65760000 0.00020000 -0.75340000
vn 0.38680000 -0.01420000 -0.92210000
vn 0.47290000 -0.00540000 -0.88110000
vn 0.47420000 -0.00240000 -0.88040000
vn 0.47290000 -0.00540000 -0.88110000
vn 0.57180000 -0.00380000 -0.82040000
vn 0.65760000 0.00020000 -0.75340000
vn 0.57180000 -0.00380000 -0.82040000
vn 0.57430000 0.00010000 -0.81870000
vn 0.27430000 -0.02620000 -0.96130000
vn 0.38680000 -0.01420000 -0.92210000
vn 0.28760000 0.00720000 -0.95770000
vn 0.38110000 -0.00750000 -0.92450000
vn 0.27430000 -0.02620000 -0.96130000
vn 0.19140000 0.00990000 -0.98150000
vn 0.17530000 -0.03600000 -0.98390000
vn 0.80630000 0.00360000 -0.59150000
vn 0.73810000 -0.00280000 -0.67470000
vn 0.73910000 -0.00180000 -0.67360000
vn 0.06350000 -0.05580000 -0.99640000
vn 0.01460000 0.02450000 -0.99960000
vn -0.05320000 -0.02990000 -0.99810000
vn 0.17530000 -0.03600000 -0.98390000
vn 0.09870000 0.02440000 -0.99480000
vn 0.06350000 -0.05580000 -0.99640000
vn 0.99990000 0.00030000 0.01220000
vn 0.99830000 0.00030000 0.05900000
vn 0.99940000 -0.00030000 -0.03540000
vn 0.99730000 0.01330000 -0.07190000
vn 0.99230000 -0.01970000 -0.12220000
vn -0.65670000 -0.00050000 0.75410000
vn -0.57380000 0.00470000 0.81900000
vn -0.05320000 -0.02990000 -0.99810000
vn -0.16710000 -0.00860000 -0.98590000
vn -0.06240000 0.00180000 -0.99810000
vn -0.19200000 0.01540000 -0.98130000
vn -0.27700000 -0.03120000 -0.96040000
vn -0.16710000 -0.00860000 -0.98590000
vn -0.16040000 -0.03400000 -0.98650000
vn -0.48320000 0.00450000 -0.87550000
vn -0.38220000 -0.00460000 -0.92410000
vn -0.57990000 -0.00220000 -0.81470000
vn -0.48320000 0.00450000 -0.87550000
vn -0.48040000 -0.00200000 -0.87700000
vn -0.58100000 -0.00040000 -0.81390000
vn -0.66550000 0.00200000 -0.74640000
vn -0.57990000 -0.00220000 -0.81470000
vn -0.37600000 0.00260000 -0.92660000
vn -0.38220000 -0.00460000 -0.92410000
vn -0.27700000 -0.03120000 -0.96040000
vn -0.28760000 -0.00320000 -0.95780000
vn -0.87370000 -0.00160000 -0.48640000
vn -0.81670000 0.00230000 -0.57700000
vn -0.81430000 -0.00060000 -0.58050000
vn -0.81430000 -0.00060000 -0.58050000
vn -0.74570000 0.00070000 -0.66630000
vn -0.74430000 -0.00080000 -0.66780000
vn -0.96310000 -0.00200000 -0.26910000
vn -0.92210000 -0.00150000 -0.38690000
vn -0.92460000 0.00130000 -0.38110000
vn -0.96310000 -0.00200000 -0.26910000
vn -0.96380000 -0.00090000 -0.26680000
vn -0.98610000 -0.00180000 -0.16600000
vn -0.98410000 -0.00610000 -0.17740000
vn -0.99830000 -0.00480000 -0.05730000
vn -0.98610000 -0.00180000 -0.16600000
vn -0.92210000 -0.00150000 -0.38690000
vn -0.87370000 -0.00160000 -0.48640000
vn -0.87690000 0.00150000 -0.48070000
vn -0.66420000 0.00020000 -0.74760000
vn -0.66550000 0.00200000 -0.74640000
vn -0.74430000 -0.00080000 -0.66780000
vn -0.98450000 -0.00050000 0.17550000
vn -0.95890000 0.00370000 0.28370000
vn -0.91770000 0.00190000 0.39740000
vn -0.96910000 -0.00020000 0.24670000
vn -0.91430000 0.00120000 0.40510000
vn -0.95890000 0.00370000 0.28370000
vn -0.91770000 0.00190000 0.39740000
vn -0.86610000 -0.00020000 0.49980000
vn -0.73870000 0.00140000 0.67400000
vn -0.80760000 0.00480000 0.58970000
vn -0.83620000 -0.00080000 0.54840000
vn -0.86610000 -0.00020000 0.49980000
vn -0.80760000 0.00480000 0.58970000
vn -0.26910000 0.00280000 0.96310000
vn -0.17100000 0.00080000 0.98530000
vn -0.31520000 -0.00120000 0.94900000
vn -0.73870000 0.00140000 0.67400000
vn -0.73410000 0.00190000 0.67910000
vn -0.65670000 -0.00050000 0.75410000
vn -0.57380000 0.00470000 0.81900000
vn -0.61220000 -0.00100000 0.79070000
vn -0.47950000 0.00150000 0.87750000
vn -0.26910000 0.00280000 0.96310000
vn -0.37390000 0.00170000 0.92750000
vn -0.17100000 0.00080000 0.98530000
vn -0.06770000 -0.00060000 0.99770000
vn -0.16030000 0.00170000 0.98710000
vn -0.37390000 0.00170000 0.92750000
vn -0.47390000 0.00200000 0.88060000
vn -0.47950000 0.00150000 0.87750000
vn -0.33880000 -0.00050000 0.94090000
vn -0.99830000 0.00030000 0.05820000
vn -0.98450000 -0.00050000 0.17550000
vn -0.99650000 0.00190000 0.08390000
vn -1.00000000 0.00030000 0.00380000
vn -0.99830000 -0.00480000 -0.05730000
vn -0.99830000 0.00030000 0.05820000
vn -0.99910000 -0.00110000 -0.04340000
vn -0.25120000 0.02620000 -0.96760000
vn -0.31680000 -0.00620000 -0.94850000
vn -0.33690000 0.00770000 -0.94150000
vn -0.31530000 0.23740000 -0.91880000
vn 0.16250000 0.00110000 0.98670000
vn 0.17590000 0.00160000 0.98440000
vn 0.15960000 0.23800000 0.95810000
vn 0.15510000 0.00150000 0.98790000
vn -0.33880000 -0.00050000 0.94090000
vn -0.31520000 -0.00120000 0.94900000
vn -0.26910000 0.00280000 0.96310000
vn -0.37390000 0.00170000 0.92750000
vn -0.31170000 0.26880000 0.91140000
vn 0.95980000 -0.09110000 -0.26540000
vn 0.90910000 -0.00700000 -0.41660000
vn 0.94170000 -0.17390000 -0.28810000
vn 0.95710000 0.00430000 -0.28980000
vn 0.94430000 -0.01850000 -0.32860000
vn 0.99970000 -0.00300000 -0.02580000
vn 0.99230000 -0.01970000 -0.12220000
vn 0.99940000 -0.00030000 -0.03540000
vn 0.99390000 -0.05300000 -0.09690000
vn 0.99990000 -0.00350000 -0.01490000
vn 0.97750000 -0.10880000 -0.18040000
vn 0.99210000 -0.05240000 -0.11380000
vn 0.99390000 -0.05300000 -0.09690000
vn 0.99730000 0.01330000 -0.07190000
vn 0.97170000 -0.00910000 -0.23620000
vn 0.99230000 -0.01970000 -0.12220000
vn 0.99990000 0.00030000 0.01220000
vn 0.99900000 0.00080000 -0.04570000
vn 0.99940000 -0.00030000 -0.03540000
vn 0.99990000 -0.01310000 0.00940000
vn 0.99930000 0.02740000 -0.02370000
vn 0.99990000 -0.00350000 -0.01490000
vn 0.99960000 0.01720000 -0.02240000
vn 0.99990000 -0.00350000 -0.01490000
vn 0.99990000 -0.01310000 0.00940000
vn 0.99960000 -0.02620000 0.00830000
vn 0.99970000 -0.00300000 -0.02580000
vn 0.99960000 0.01720000 -0.02240000
vn 0.98390000 0.00020000 -0.17870000
vn 0.99120000 0.07490000 -0.10890000
vn 0.99640000 0.00530000 -0.08430000
vn 0.99900000 0.00080000 -0.04570000
vn 0.99090000 0.07860000 -0.10940000
vn 0.95980000 -0.09110000 -0.26540000
vn 0.95140000 -0.16800000 -0.25820000
vn 0.97750000 -0.10880000 -0.18040000
vn 0.98050000 0.02110000 -0.19530000
vn 0.97170000 -0.00910000 -0.23620000
vn 0.94430000 -0.01850000 -0.32860000
vn 0.97840000 -0.11020000 -0.17470000
vn 0.86530000 -0.00410000 -0.50120000
vn 0.91640000 0.00890000 -0.40020000
vn 0.90590000 -0.00970000 -0.42330000
vn 0.92790000 -0.11690000 -0.35390000
vn 0.85350000 0.00270000 -0.52110000
vn 0.89560000 -0.24460000 -0.37160000
vn 0.92790000 -0.11690000 -0.35390000
vn 0.90910000 -0.00700000 -0.41660000
vn 0.91700000 -0.20820000 -0.34020000
vn 0.94170000 -0.17390000 -0.28810000
vn 0.90590000 -0.00970000 -0.42330000
vn 0.79680000 -0.00830000 -0.60420000
vn 0.73810000 -0.00280000 -0.67470000
vn 0.85600000 -0.26030000 -0.44680000
vn 0.80010000 -0.24550000 -0.54730000
vn 0.80630000 0.00360000 -0.59150000
vn 0.85930000 -0.24720000 -0.44780000
vn 0.85600000 -0.26030000 -0.44680000
vn 0.89560000 -0.24460000 -0.37160000
vn 0.85350000 0.00270000 -0.52110000
vn 0.79680000 -0.00830000 -0.60420000
vn 0.80010000 -0.24550000 -0.54730000
vn 0.65880000 0.00200000 -0.75230000
vn 0.73910000 -0.00180000 -0.67360000
vn 0.83510000 -0.33070000 -0.43960000
vn 0.75380000 -0.35240000 -0.55460000
vn 0.75200000 -0.36550000 -0.54860000
vn 0.73810000 -0.00280000 -0.67470000
vn 0.57430000 0.00010000 -0.81870000
vn 0.65880000 0.00200000 -0.75230000
vn 0.75380000 -0.35240000 -0.55460000
vn 0.66300000 -0.32930000 -0.67230000
vn 0.65760000 0.00020000 -0.75340000
vn 0.47150000 -0.38840000 -0.79170000
vn 0.59830000 -0.44270000 -0.66780000
vn 0.47150000 -0.38800000 -0.79190000
vn 0.38680000 -0.01420000 -0.92210000
vn 0.47290000 -0.00540000 -0.88110000
vn 0.47420000 -0.00240000 -0.88040000
vn 0.38110000 -0.00750000 -0.92450000
vn 0.57460000 -0.37120000 -0.72940000
vn 0.57180000 -0.00380000 -0.82040000
vn 0.57430000 0.00010000 -0.81870000
vn 0.57460000 -0.37120000 -0.72940000
vn 0.66300000 -0.32930000 -0.67230000
vn 0.68590000 -0.39200000 -0.61310000
vn 0.47420000 -0.00240000 -0.88040000
vn 0.23470000 -0.55960000 -0.79480000
vn 0.37220000 -0.44920000 -0.81220000
vn 0.19140000 0.00990000 -0.98150000
vn 0.27430000 -0.02620000 -0.96130000
vn 0.37370000 -0.45220000 -0.80980000
vn 0.25860000 -0.38620000 -0.88540000
vn 0.28760000 0.00720000 -0.95770000
vn 0.38110000 -0.00750000 -0.92450000
vn 0.28760000 0.00720000 -0.95770000
vn 0.37740000 -0.42600000 -0.82230000
vn 0.47150000 -0.38840000 -0.79170000
vn 0.37370000 -0.45220000 -0.80980000
vn 0.12430000 -0.38590000 -0.91410000
vn 0.25860000 -0.38620000 -0.88540000
vn 0.17340000 -0.28350000 -0.94320000
vn 0.19140000 0.00990000 -0.98150000
vn 0.09870000 0.02440000 -0.99480000
vn 0.17530000 -0.03600000 -0.98390000
vn -0.06240000 0.00180000 -0.99810000
vn -0.05320000 -0.02990000 -0.99810000
vn 0.04050000 -0.45380000 -0.89020000
vn 0.02030000 -0.38190000 -0.92400000
vn 0.01460000 0.02450000 -0.99960000
vn -0.10460000 -0.53740000 -0.83680000
vn -0.05860000 -0.36910000 -0.92750000
vn 0.09870000 0.02440000 -0.99480000
vn 0.01460000 0.02450000 -0.99960000
vn 0.02030000 -0.38190000 -0.92400000
vn 0.12430000 -0.38590000 -0.91410000
vn 0.06350000 -0.05580000 -0.99640000
vn 0.12270000 -0.38130000 -0.91630000
vn -0.36210000 -0.33340000 -0.87050000
vn -0.37600000 0.00260000 -0.92660000
vn -0.28760000 -0.00320000 -0.95780000
vn -0.48010000 -0.45220000 -0.75170000
vn -0.37530000 -0.37280000 -0.84860000
vn -0.19200000 0.01540000 -0.98130000
vn -0.28760000 -0.00320000 -0.95780000
vn -0.36210000 -0.33340000 -0.87050000
vn -0.24080000 -0.33220000 -0.91200000
vn -0.27700000 -0.03120000 -0.96040000
vn -0.75420000 -0.34030000 -0.56150000
vn -0.66970000 -0.34470000 -0.65780000
vn -0.58100000 -0.00040000 -0.81390000
vn -0.66420000 0.00020000 -0.74760000
vn -0.66550000 0.00200000 -0.74640000
vn -0.58100000 -0.00040000 -0.81390000
vn -0.57990000 -0.00220000 -0.81470000
vn -0.66970000 -0.34470000 -0.65780000
vn -0.69690000 -0.42240000 -0.57950000
vn -0.48040000 -0.00200000 -0.87700000
vn -0.59270000 -0.45370000 -0.66540000
vn -0.59260000 -0.45420000 -0.66520000
vn -0.59260000 -0.45420000 -0.66520000
vn -0.48060000 -0.44730000 -0.75430000
vn -0.37600000 0.00260000 -0.92660000
vn -0.48320000 0.00450000 -0.87550000
vn -0.38220000 -0.00460000 -0.92410000
vn -0.48040000 -0.00200000 -0.87700000
vn -0.48010000 -0.45220000 -0.75170000
vn -0.81430000 -0.00060000 -0.58050000
vn -0.87120000 -0.23030000 -0.43360000
vn -0.82340000 -0.23140000 -0.51820000
vn -0.81550000 -0.29420000 -0.49840000
vn -0.81670000 0.00230000 -0.57700000
vn -0.74570000 0.00070000 -0.66630000
vn -0.74570000 0.00070000 -0.66630000
vn -0.74430000 -0.00080000 -0.66780000
vn -0.75710000 -0.31400000 -0.57290000
vn -0.66420000 0.00020000 -0.74760000
vn -0.81550000 -0.29420000 -0.49840000
vn -0.75420000 -0.34030000 -0.56150000
vn -0.91600000 -0.18330000 -0.35680000
vn -0.81670000 0.00230000 -0.57700000
vn -0.87370000 -0.00160000 -0.48640000
vn -0.87690000 0.00150000 -0.48070000
vn -0.87120000 -0.23030000 -0.43360000
vn -0.87230000 -0.21170000 -0.44080000
vn -0.91330000 -0.20800000 -0.35020000
vn -0.87690000 0.00150000 -0.48070000
vn -0.92460000 0.00130000 -0.38110000
vn -0.94510000 -0.14720000 -0.29190000
vn -0.91600000 -0.18330000 -0.35680000
vn -0.95490000 -0.16310000 -0.24830000
vn -0.92210000 -0.00150000 -0.38690000
vn -0.97340000 -0.10000000 -0.20590000
vn -0.96380000 -0.00090000 -0.26680000
vn -0.98410000 -0.00610000 -0.17740000
vn -0.98610000 -0.00180000 -0.16600000
vn -0.99430000 -0.05320000 -0.09250000
vn -0.92460000 0.00130000 -0.38110000
vn -0.96380000 -0.00090000 -0.26680000
vn -0.94510000 -0.14720000 -0.29190000
vn -0.97710000 -0.10590000 -0.18450000
vn -0.97340000 -0.10000000 -0.20590000
vn -0.96310000 -0.00200000 -0.26910000
vn -1.00000000 0.00010000 -0.00530000
vn -0.99970000 0.01250000 -0.02180000
vn -0.99950000 -0.00000000 0.03160000
vn -0.99910000 0.00090000 -0.04250000
vn -0.99960000 0.01520000 -0.02210000
vn -0.99910000 -0.00110000 -0.04340000
vn -1.00000000 0.00030000 0.00380000
vn -0.99940000 -0.01850000 -0.02770000
vn -1.00000000 0.00010000 -0.00530000
vn -0.99950000 -0.00000000 0.03160000
vn -0.99290000 0.04950000 -0.10840000
vn -0.99100000 0.08200000 -0.10550000
vn -0.99910000 0.00090000 -0.04250000
vn -0.98890000 0.01150000 -0.14810000
vn -0.99970000 0.01250000 -0.02180000
vn -0.96720000 0.00370000 -0.25400000
vn -0.97870000 0.09110000 -0.18390000
vn -0.97680000 0.10630000 -0.18570000
vn -0.98890000 0.01150000 -0.14810000
vn -0.99640000 -0.00320000 -0.08480000
vn -0.99290000 0.04950000 -0.10840000
vn -0.98410000 -0.00610000 -0.17740000
vn -0.99910000 -0.00110000 -0.04340000
vn -0.99830000 -0.00480000 -0.05730000
vn -0.99060000 -0.11360000 -0.07690000
vn -0.99980000 -0.01730000 -0.01220000
vn -0.99430000 -0.05320000 -0.09250000
vn -0.99940000 -0.01850000 -0.02770000
vn -0.95160000 0.15380000 -0.26620000
vn -0.88430000 0.01630000 -0.46660000
vn -0.91760000 0.16270000 -0.36260000
vn -0.92980000 0.00090000 -0.36810000
vn -0.91470000 0.20420000 -0.34890000
vn -0.82720000 0.00620000 -0.56180000
vn -0.87260000 0.20920000 -0.44130000
vn -0.91470000 -0.00660000 -0.40400000
vn -0.88430000 0.01630000 -0.46660000
vn -0.91760000 0.16270000 -0.36260000
vn -0.97680000 0.10630000 -0.18570000
vn -0.96870000 0.00250000 -0.24810000
vn -0.95160000 0.15380000 -0.26620000
vn -0.96720000 0.00370000 -0.25400000
vn -0.92980000 0.00090000 -0.36810000
vn -0.95170000 0.15280000 -0.26620000
vn -0.87260000 0.20920000 -0.44130000
vn -0.87880000 0.22610000 -0.42020000
vn -0.83620000 0.00150000 -0.54840000
vn -0.75240000 0.00180000 -0.65870000
vn -0.82720000 0.00620000 -0.56180000
vn -0.81710000 0.27010000 -0.50930000
vn -0.49990000 0.00140000 -0.86610000
vn -0.42590000 0.02550000 -0.90440000
vn -0.52010000 0.46160000 -0.71870000
vn -0.60110000 0.40110000 -0.69120000
vn -0.59010000 0.37570000 -0.71460000
vn -0.59220000 0.01120000 -0.80570000
vn -0.68100000 0.35780000 -0.63890000
vn -0.49990000 0.00140000 -0.86610000
vn -0.60110000 0.40110000 -0.69120000
vn -0.68060000 0.35680000 -0.63990000
vn -0.61090000 0.00090000 -0.79170000
vn -0.68100000 0.35780000 -0.63890000
vn -0.59220000 0.01120000 -0.80570000
vn -0.75960000 0.31350000 -0.56980000
vn -0.66910000 -0.00150000 -0.74320000
vn -0.75960000 0.31350000 -0.56980000
vn -0.75240000 0.00180000 -0.65870000
vn -0.73350000 0.00830000 -0.67960000
vn -0.75340000 0.37150000 -0.54250000
vn -0.66910000 -0.00150000 -0.74320000
vn -0.83590000 0.31420000 -0.45010000
vn -0.81710000 0.27010000 -0.50930000
vn -0.22100000 0.00040000 -0.97530000
vn -0.27260000 0.50480000 -0.81910000
vn -0.14500000 0.02170000 -0.98920000
vn -0.17810000 0.43220000 -0.88400000
vn 0.04640000 0.35600000 -0.93330000
vn -0.08540000 0.54100000 -0.83670000
vn -0.05460000 -0.00070000 -0.99850000
vn -0.03610000 0.36820000 -0.92900000
vn 0.04620000 0.03380000 -0.99840000
vn 0.17050000 0.40460000 -0.89850000
vn 0.04640000 0.35600000 -0.93330000
vn 0.00340000 0.00450000 -1.00000000
vn 0.04620000 0.03380000 -0.99840000
vn 0.13510000 0.35570000 -0.92480000
vn 0.12700000 0.00410000 -0.99190000
vn 0.02400000 0.47410000 -0.88020000
vn 0.40530000 0.43840000 -0.80220000
vn 0.33760000 0.53500000 -0.77450000
vn 0.41310000 0.45590000 -0.78840000
vn 0.32350000 0.00990000 -0.94620000
vn 0.25740000 0.04050000 -0.96550000
vn 0.20660000 0.00420000 -0.97840000
vn 0.25740000 0.04050000 -0.96550000
vn 0.25330000 0.46850000 -0.84640000
vn 0.32050000 -0.00570000 -0.94720000
vn 0.27290000 0.40500000 -0.87260000
vn 0.33760000 0.53500000 -0.77450000
vn 0.27290000 0.40500000 -0.87260000
vn 0.17050000 0.40460000 -0.89850000
vn 0.12700000 0.00410000 -0.99190000
vn 0.16500000 0.42780000 -0.88870000
vn 0.20660000 0.00420000 -0.97840000
vn 0.16420000 0.01760000 -0.98630000
vn 0.49430000 0.00190000 -0.86930000
vn 0.59330000 0.41510000 -0.68980000
vn 0.61240000 0.00120000 -0.79060000
vn 0.59080000 0.01340000 -0.80670000
vn 0.68210000 0.36790000 -0.63200000
vn 0.41920000 0.02900000 -0.90740000
vn 0.59330000 0.41510000 -0.68980000
vn 0.59970000 0.43020000 -0.67480000
vn 0.49430000 0.00190000 -0.86930000
vn 0.51890000 0.48790000 -0.70200000
vn 0.51890000 0.48790000 -0.70200000
vn 0.41920000 0.02900000 -0.90740000
vn 0.32350000 0.00990000 -0.94620000
vn 0.47030000 -0.00850000 -0.88250000
vn 0.44680000 0.36080000 -0.81870000
vn 0.41310000 0.45590000 -0.78840000
vn 0.75300000 0.33040000 -0.56900000
vn 0.68360000 0.35450000 -0.63800000
vn 0.59080000 0.01340000 -0.80670000
vn 0.66520000 -0.00090000 -0.74670000
vn 0.68210000 0.36790000 -0.63200000
vn 0.81850000 0.26270000 -0.51090000
vn 0.81340000 0.29540000 -0.50120000
vn 0.81200000 0.01210000 -0.58350000
vn 0.83620000 -0.00220000 -0.54840000
vn 0.74320000 0.00360000 -0.66900000
vn 0.86380000 0.25390000 -0.43510000
vn 0.75300000 0.33040000 -0.56900000
vn 0.74320000 0.00360000 -0.66900000
vn 0.73390000 0.00710000 -0.67920000
vn 0.66520000 -0.00090000 -0.74670000
vn 0.75570000 0.30620000 -0.57890000
vn 0.81340000 0.29540000 -0.50120000
vn 0.86450000 0.25050000 -0.43580000
vn 0.90800000 0.22170000 -0.35540000
vn 0.81200000 0.01210000 -0.58350000
vn 0.86380000 0.25390000 -0.43510000
vn 0.86620000 -0.00040000 -0.49970000
vn 0.95940000 0.00770000 -0.28180000
vn 0.97530000 0.10700000 -0.19350000
vn 0.96870000 -0.00030000 -0.24800000
vn 0.94370000 0.16900000 -0.28430000
vn 0.95260000 0.12170000 -0.27890000
vn 0.92070000 0.00160000 -0.39030000
vn 0.90800000 0.22170000 -0.35540000
vn 0.91490000 0.00450000 -0.40360000
vn 0.86620000 -0.00040000 -0.49970000
vn 0.91620000 0.18350000 -0.35630000
vn 0.92070000 0.00160000 -0.39030000
vn 0.94370000 0.16900000 -0.28430000
vn 0.95940000 0.00770000 -0.28180000
vn 0.97500000 0.10920000 -0.19340000
vn 0.99120000 0.07490000 -0.10890000
vn 0.98390000 0.00020000 -0.17870000
vn 0.97530000 0.10700000 -0.19350000
vn -0.36210000 -0.33340000 -0.87050000
vn -0.37530000 -0.37280000 -0.84860000
vn -0.40300000 -0.72040000 -0.56450000
vn -0.51580000 -0.61380000 -0.59760000
vn -0.48010000 -0.45220000 -0.75170000
vn -0.48060000 -0.44730000 -0.75430000
vn -0.45360000 -0.84540000 -0.28190000
vn -0.42940000 -0.87130000 -0.23770000
vn -0.57560000 -0.74850000 -0.32940000
vn -0.59270000 -0.45370000 -0.66540000
vn -0.59260000 -0.45420000 -0.66520000
vn -0.51580000 -0.61380000 -0.59760000
vn -0.57940000 -0.76960000 -0.26820000
vn -0.48060000 -0.44730000 -0.75430000
vn -0.91170000 -0.39720000 -0.10480000
vn -0.88040000 -0.47410000 0.00610000
vn -0.81700000 -0.57660000 0.00870000
vn -0.85840000 -0.49680000 -0.12750000
vn -0.87620000 -0.48190000 0.00430000
vn -0.92850000 -0.37120000 0.00280000
vn -0.92710000 -0.37470000 0.00220000
vn -0.95190000 -0.27550000 -0.13430000
vn -0.90950000 -0.37300000 -0.18370000
vn -0.91170000 -0.39720000 -0.10480000
vn -0.87620000 -0.48190000 0.00430000
vn 0.91470000 -0.32620000 -0.23850000
vn 0.91850000 -0.35950000 -0.16460000
vn 0.90920000 -0.37630000 -0.17810000
vn 0.91120000 -0.37680000 -0.16650000
vn 0.87910000 -0.47660000 0.00560000
vn 0.93250000 -0.36120000 -0.00010000
vn 0.88010000 -0.47480000 0.00510000
vn 0.95590000 -0.26730000 -0.12160000
vn 0.91470000 -0.32620000 -0.23850000
vn 0.94780000 -0.29810000 -0.11300000
vn 0.91850000 -0.35950000 -0.16460000
vn 0.90920000 -0.37630000 -0.17810000
vn 0.92790000 -0.11690000 -0.35390000
vn 0.87580000 -0.42850000 -0.22220000
vn 0.85930000 -0.24720000 -0.44780000
vn 0.91700000 -0.20820000 -0.34020000
vn 0.89560000 -0.24460000 -0.37160000
vn 0.91120000 -0.37680000 -0.16650000
vn 0.94170000 -0.17390000 -0.28810000
vn 0.91120000 -0.37680000 -0.16650000
vn 0.94780000 -0.29810000 -0.11300000
vn 0.95980000 -0.09110000 -0.26540000
vn 0.95140000 -0.16800000 -0.25820000
vn 0.91850000 -0.35950000 -0.16460000
vn 0.91700000 -0.20820000 -0.34020000
vn 0.27600000 -0.96090000 0.02370000
vn 0.32930000 -0.91510000 -0.23260000
vn 0.19720000 -0.94990000 -0.24230000
vn 0.17280000 -0.98470000 0.02100000
vn 0.19400000 -0.94680000 -0.25670000
vn 0.30520000 -0.93300000 -0.19060000
vn 0.27600000 -0.96090000 0.02370000
vn 0.30520000 -0.93300000 -0.19060000
vn 0.30040000 -0.95380000 0.00850000
vn 0.43750000 -0.88010000 -0.18430000
vn 0.38110000 -0.92340000 0.04650000
vn 0.34430000 -0.93490000 -0.08560000
vn 0.90920000 -0.37630000 -0.17810000
vn 0.87910000 -0.47660000 0.00560000
vn 0.81160000 -0.58420000 0.01010000
vn 0.87580000 -0.42850000 -0.22220000
vn 0.86410000 -0.48430000 -0.13720000
vn 0.85310000 -0.41770000 -0.31270000
vn 0.91470000 -0.32620000 -0.23850000
vn 0.82210000 -0.56930000 0.00600000
vn 0.85310000 -0.41770000 -0.31270000
vn 0.86410000 -0.48430000 -0.13720000
vn 0.79780000 -0.58070000 -0.16200000
vn 0.82310000 -0.44830000 -0.34880000
vn 0.82440000 -0.52060000 -0.22240000
vn 0.81160000 -0.58420000 0.01010000
vn 0.79780000 -0.58070000 -0.16200000
vn 0.86410000 -0.48430000 -0.13720000
vn 0.74990000 -0.66150000 0.01280000
vn 0.75120000 -0.66000000 0.01230000
vn 0.67240000 -0.74000000 0.01560000
vn 0.67510000 -0.73760000 0.01450000
vn 0.75120000 -0.66000000 0.01230000
vn 0.79780000 -0.58070000 -0.16200000
vn 0.82440000 -0.52060000 -0.22240000
vn 0.74230000 -0.61380000 -0.26890000
vn -0.99880000 -0.04960000 0.00070000
vn -0.00060000 0.00010000 -1.00000000
vn -0.00010000 -0.00000000 -1.00000000
vn -0.99870000 0.05120000 0.00070000
vn -0.98740000 -0.15850000 -0.00000000
vn -0.99880000 -0.04960000 0.00070000
vn -0.00000000 -0.00000000 -1.00000000
vn -0.00060000 -0.00030000 -1.00000000
vn -0.00010000 -0.00000000 -1.00000000
vn -0.98830000 -0.15240000 0.00080000
vn -0.99920000 -0.03890000 -0.00040000
vn -0.98830000 -0.15240000 0.00080000
vn -0.99920000 -0.03890000 -0.00040000
vn -0.99060000 -0.11360000 -0.07690000
vn -0.99980000 -0.01730000 -0.01220000
vn -0.99240000 -0.10920000 -0.05600000
vn -0.99960000 0.01520000 -0.02210000
vn -0.99920000 -0.03890000 -0.00040000
vn -0.99880000 -0.04960000 0.00070000
vn -0.99940000 -0.01850000 -0.02770000
vn -0.99870000 0.05120000 0.00070000
vn -0.99930000 0.03850000 -0.00060000
vn -0.99980000 -0.01730000 -0.01220000
vn -1.00000000 0.00010000 -0.00530000
vn 0.99960000 -0.02630000 -0.01100000
vn 0.99390000 -0.05300000 -0.09690000
vn 0.99960000 -0.02620000 0.00830000
vn 0.99250000 -0.10840000 -0.05700000
vn 0.99210000 -0.05240000 -0.11380000
vn 0.99970000 -0.00300000 -0.02580000
vn 0.98770000 -0.15610000 0.00060000
vn 0.99870000 -0.05180000 -0.00080000
vn 0.99960000 -0.02630000 -0.01100000
vn 0.99250000 -0.10840000 -0.05700000
vn 0.99270000 -0.10790000 -0.05440000
vn 0.99910000 -0.04200000 0.00020000
vn 0.98850000 -0.15140000 -0.00010000
vn 0.99960000 -0.02630000 -0.01100000
vn 0.99880000 0.04950000 0.00030000
vn 0.99910000 0.04130000 -0.00060000
vn 0.99910000 -0.04200000 0.00020000
vn 0.99930000 0.02740000 -0.02370000
vn 0.99960000 -0.02620000 0.00830000
vn 0.99990000 -0.01310000 0.00940000
vn 0.99880000 0.04950000 0.00030000
vn 0.00030000 -0.00010000 -1.00000000
vn 0.00030000 -0.00000000 -1.00000000
vn 0.99910000 -0.04200000 0.00020000
vn 0.99870000 -0.05180000 -0.00080000
vn 0.99870000 -0.05180000 -0.00080000
vn 0.00030000 -0.00000000 -1.00000000
vn 0.98770000 -0.15610000 0.00060000
vn 0.00050000 -0.00010000 -1.00000000
vn 0.96450000 -0.26390000 0.00090000
vn 0.98850000 -0.15140000 -0.00010000
vn 0.98770000 -0.15610000 0.00060000
vn 0.00050000 -0.00010000 -1.00000000
vn -0.00000000 -0.00000000 -1.00000000
vn 0.96430000 -0.26480000 0.00100000
vn 0.00100000 -0.00050000 -1.00000000
vn 0.00010000 -0.00000000 -1.00000000
vn -0.00000000 -0.00000000 -1.00000000
vn 0.96450000 -0.26390000 0.00090000
vn 0.92720000 -0.37460000 0.00240000
vn 0.00030000 -0.00000000 -1.00000000
vn 0.93250000 -0.36120000 -0.00010000
vn 0.88010000 -0.47480000 0.00510000
vn 0.92720000 -0.37460000 0.00240000
vn 0.00100000 -0.00050000 -1.00000000
vn 0.82210000 -0.56930000 0.00600000
vn -0.00000000 -0.00000000 -1.00000000
vn 0.00030000 -0.00000000 -1.00000000
vn 0.88010000 -0.47480000 0.00510000
vn 0.87910000 -0.47660000 0.00560000
vn 0.74990000 -0.66150000 0.01280000
vn 0.00030000 -0.00040000 -1.00000000
vn 0.81160000 -0.58420000 0.01010000
vn -0.00000000 -0.00000000 -1.00000000
vn 0.82210000 -0.56930000 0.00600000
vn 0.67240000 -0.74000000 0.01560000
vn 0.75120000 -0.66000000 0.01230000
vn 0.00030000 -0.00040000 -1.00000000
vn 0.74990000 -0.66150000 0.01280000
vn 0.00010000 -0.00000000 -1.00000000
vn 0.58570000 -0.81040000 0.01700000
vn 0.00010000 -0.00000000 -1.00000000
vn -0.00000000 -0.00010000 -1.00000000
vn -0.00000000 -0.00000000 -1.00000000
vn 0.67510000 -0.73760000 0.01450000
vn 0.67240000 -0.74000000 0.01560000
vn 0.47140000 -0.88170000 0.01870000
vn 0.58680000 -0.80950000 0.01650000
vn -0.00000000 -0.00020000 -1.00000000
vn -0.00010000 0.00030000 -1.00000000
vn 0.58570000 -0.81040000 0.01700000
vn -0.00000000 -0.00000000 -1.00000000
vn 0.47680000 -0.87870000 0.02180000
vn -0.00010000 0.00020000 -1.00000000
vn 0.38110000 -0.92340000 0.04650000
vn 0.30040000 -0.95380000 0.00850000
vn -0.00010000 0.00030000 -1.00000000
vn 0.47680000 -0.87870000 0.02180000
vn -0.00000000 -0.00000000 -1.00000000
vn -0.00000000 0.00010000 -1.00000000
vn 0.30040000 -0.95380000 0.00850000
vn 0.15370000 -0.98810000 0.00540000
vn 0.17280000 -0.98470000 0.02100000
vn 0.27600000 -0.96090000 0.02370000
vn -0.00000000 -0.00000000 -1.00000000
vn 0.08250000 -0.96470000 -0.24990000
vn 0.06370000 -0.99790000 0.00880000
vn 0.15370000 -0.98810000 0.00540000
vn 0.19400000 -0.94680000 -0.25670000
vn 0.17280000 -0.98470000 0.02100000
vn 0.19190000 -0.94890000 -0.25040000
vn 0.04520000 -0.88420000 -0.46500000
vn -0.00000000 0.00030000 -1.00000000
vn -0.06140000 -0.99780000 0.02620000
vn -0.15910000 -0.98720000 -0.01010000
vn -0.00000000 0.00020000 -1.00000000
vn 0.03450000 -0.99930000 -0.01230000
vn -0.00000000 0.00010000 -1.00000000
vn -0.00000000 0.00030000 -1.00000000
vn 0.15370000 -0.98810000 0.00540000
vn 0.03450000 -0.99930000 -0.01230000
vn 0.06370000 -0.99790000 0.00880000
vn -0.00000000 -0.00000000 -1.00000000
vn -0.00000000 0.00010000 -1.00000000
vn -0.28010000 -0.95910000 0.04030000
vn -0.17490000 -0.98460000 0.00730000
vn -0.00000000 0.00010000 -1.00000000
vn -0.00000000 -0.00000000 -1.00000000
vn -0.15910000 -0.98720000 -0.01010000
vn -0.35730000 -0.93390000 0.01160000
vn -0.00000000 -0.00010000 -1.00000000
vn -0.35730000 -0.93390000 0.01160000
vn -0.38550000 -0.92220000 0.02970000
vn -0.42590000 -0.88050000 -0.20810000
vn -0.33690000 -0.88480000 -0.32190000
vn -0.45570000 -0.84920000 -0.26700000
vn -0.35910000 -0.91050000 -0.20500000
vn -0.28010000 -0.95910000 0.04030000
vn -0.35730000 -0.93390000 0.01160000
vn -0.00000000 -0.00010000 -1.00000000
vn -0.00020000 -0.00010000 -1.00000000
vn -0.38550000 -0.92220000 0.02970000
vn -0.49290000 -0.86960000 0.02840000
vn -0.00020000 -0.00030000 -1.00000000
vn -0.58800000 -0.80860000 0.02020000
vn -0.47920000 -0.87750000 0.02020000
vn -0.49290000 -0.86960000 0.02840000
vn -0.00020000 -0.00010000 -1.00000000
vn -0.00020000 -0.00020000 -1.00000000
vn -0.58800000 -0.80860000 0.02020000
vn -0.00020000 -0.00020000 -1.00000000
vn -0.57840000 -0.81560000 0.01540000
vn 0.00010000 0.00010000 -1.00000000
vn -0.67320000 -0.73930000 0.01510000
vn -0.67420000 -0.73840000 0.01470000
vn -0.00000000 -0.00000000 -1.00000000
vn -0.67420000 -0.73840000 0.01470000
vn 0.00010000 0.00010000 -1.00000000
vn -0.75390000 -0.65690000 0.01390000
vn -0.75150000 -0.65960000 0.01290000
vn -0.00020000 -0.00010000 -1.00000000
vn -0.00000000 -0.00000000 -1.00000000
vn -0.00000000 -0.00010000 -1.00000000
vn -0.75390000 -0.65690000 0.01390000
vn -0.82190000 -0.56950000 0.01070000
vn -0.88040000 -0.47410000 0.00610000
vn -0.82190000 -0.56950000 0.01070000
vn -0.00020000 -0.00010000 -1.00000000
vn -0.81700000 -0.57660000 0.00870000
vn -0.87620000 -0.48190000 0.00430000
vn -0.92850000 -0.37120000 0.00280000
vn -0.88040000 -0.47410000 0.00610000
vn -0.00020000 -0.00010000 -1.00000000
vn -0.00100000 -0.00030000 -1.00000000
vn -0.00100000 -0.00030000 -1.00000000
vn -0.00110000 -0.00030000 -1.00000000
vn -0.92710000 -0.37470000 0.00220000
vn -0.96390000 -0.26640000 0.00110000
vn -0.92850000 -0.37120000 0.00280000
vn -0.98740000 -0.15850000 -0.00000000
vn -0.00110000 -0.00030000 -1.00000000
vn -0.96390000 -0.26640000 0.00110000
vn -0.00060000 -0.00030000 -1.00000000
vn -0.00080000 -0.00020000 -1.00000000
vn 0.12430000 -0.38590000 -0.91410000
vn 0.11270000 -0.75920000 -0.64100000
vn 0.17340000 -0.28350000 -0.94320000
vn 0.12270000 -0.38130000 -0.91630000
vn 0.18140000 -0.74990000 -0.63620000
vn 0.19020000 -0.76170000 -0.61940000
vn 0.23470000 -0.55960000 -0.79480000
vn 0.25860000 -0.38620000 -0.88540000
vn 0.17340000 -0.28350000 -0.94320000
vn 0.30610000 -0.72770000 -0.61380000
vn 0.19020000 -0.76170000 -0.61940000
vn 0.37220000 -0.44920000 -0.81220000
vn 0.42830000 -0.65590000 -0.62160000
vn 0.30710000 -0.70410000 -0.64030000
vn 0.37740000 -0.42600000 -0.82230000
vn 0.37370000 -0.45220000 -0.80980000
vn 0.48070000 -0.78580000 -0.38910000
vn 0.37740000 -0.42600000 -0.82230000
vn 0.42830000 -0.65590000 -0.62160000
vn 0.47150000 -0.38800000 -0.79190000
vn 0.39390000 -0.74250000 -0.54180000
vn 0.47150000 -0.38840000 -0.79170000
vn 0.02030000 -0.38190000 -0.92400000
vn 0.12270000 -0.38130000 -0.91630000
vn 0.11270000 -0.75920000 -0.64100000
vn 0.03740000 -0.80460000 -0.59270000
vn 0.04050000 -0.45380000 -0.89020000
vn 0.13380000 -0.80040000 -0.58440000
vn 0.04050000 -0.45380000 -0.89020000
vn 0.05210000 -0.82580000 -0.56150000
vn 0.03740000 -0.80460000 -0.59270000
vn -0.00450000 -0.64200000 -0.76670000
vn -0.07400000 -0.82290000 -0.56340000
vn -0.05860000 -0.36910000 -0.92750000
vn 0.18140000 -0.74990000 -0.63620000
vn 0.19190000 -0.94890000 -0.25040000
vn 0.11270000 -0.75920000 -0.64100000
vn 0.13380000 -0.80040000 -0.58440000
vn 0.08250000 -0.96470000 -0.24990000
vn 0.04520000 -0.88420000 -0.46500000
vn 0.08250000 -0.96470000 -0.24990000
vn 0.03740000 -0.80460000 -0.59270000
vn 0.05210000 -0.82580000 -0.56150000
vn 0.13380000 -0.80040000 -0.58440000
vn 0.05210000 -0.82580000 -0.56150000
vn -0.06140000 -0.99780000 0.02620000
vn -0.05860000 -0.86360000 -0.50070000
vn 0.06370000 -0.99790000 0.00880000
vn 0.03450000 -0.99930000 -0.01230000
vn 0.04520000 -0.88420000 -0.46500000
vn -0.07400000 -0.82290000 -0.56340000
vn 0.19720000 -0.94990000 -0.24230000
vn 0.32930000 -0.91510000 -0.23260000
vn 0.37220000 -0.44920000 -0.81220000
vn 0.23470000 -0.55960000 -0.79480000
vn 0.30610000 -0.72770000 -0.61380000
vn 0.30710000 -0.70410000 -0.64030000
vn 0.19020000 -0.76170000 -0.61940000
vn 0.30610000 -0.72770000 -0.61380000
vn 0.18140000 -0.74990000 -0.63620000
vn 0.19400000 -0.94680000 -0.25670000
vn 0.19190000 -0.94890000 -0.25040000
vn 0.19720000 -0.94990000 -0.24230000
vn 0.39390000 -0.74250000 -0.54180000
vn 0.30520000 -0.93300000 -0.19060000
vn 0.30710000 -0.70410000 -0.64030000
vn 0.42830000 -0.65590000 -0.62160000
vn 0.34430000 -0.93490000 -0.08560000
vn 0.32930000 -0.91510000 -0.23260000
vn 0.59830000 -0.44270000 -0.66780000
vn 0.49990000 -0.74900000 -0.43490000
vn 0.58730000 -0.69290000 -0.41840000
vn 0.58800000 -0.69540000 -0.41320000
vn 0.48070000 -0.78580000 -0.38910000
vn 0.47150000 -0.38800000 -0.79190000
vn 0.57460000 -0.37120000 -0.72940000
vn 0.59830000 -0.44270000 -0.66780000
vn 0.68120000 -0.62880000 -0.37500000
vn 0.68590000 -0.39200000 -0.61310000
vn 0.68070000 -0.62800000 -0.37720000
vn 0.58730000 -0.69290000 -0.41840000
vn 0.75200000 -0.36550000 -0.54860000
vn 0.66300000 -0.32930000 -0.67230000
vn 0.68590000 -0.39200000 -0.61310000
vn 0.76950000 -0.55110000 -0.32270000
vn 0.68120000 -0.62880000 -0.37500000
vn 0.75380000 -0.35240000 -0.55460000
vn 0.85930000 -0.24720000 -0.44780000
vn 0.85600000 -0.26030000 -0.44680000
vn 0.83510000 -0.33070000 -0.43960000
vn 0.87580000 -0.42850000 -0.22220000
vn 0.82310000 -0.44830000 -0.34880000
vn 0.80010000 -0.24550000 -0.54730000
vn 0.85310000 -0.41770000 -0.31270000
vn 0.76950000 -0.55110000 -0.32270000
vn 0.83510000 -0.33070000 -0.43960000
vn 0.75200000 -0.36550000 -0.54860000
vn 0.82440000 -0.52060000 -0.22240000
vn 0.74230000 -0.61380000 -0.26890000
vn 0.82310000 -0.44830000 -0.34880000
vn 0.74230000 -0.61380000 -0.26890000
vn 0.68070000 -0.62800000 -0.37720000
vn 0.58570000 -0.81040000 0.01700000
vn 0.58680000 -0.80950000 0.01650000
vn 0.68120000 -0.62880000 -0.37500000
vn 0.76950000 -0.55110000 -0.32270000
vn 0.67510000 -0.73760000 0.01450000
vn 0.53050000 -0.84300000 -0.08890000
vn 0.58680000 -0.80950000 0.01650000
vn 0.47140000 -0.88170000 0.01870000
vn 0.58800000 -0.69540000 -0.41320000
vn 0.68070000 -0.62800000 -0.37720000
vn 0.58730000 -0.69290000 -0.41840000
vn 0.49990000 -0.74900000 -0.43490000
vn 0.44460000 -0.89040000 -0.09730000
vn 0.53050000 -0.84300000 -0.08890000
vn 0.58800000 -0.69540000 -0.41320000
vn 0.48070000 -0.78580000 -0.38910000
vn 0.34430000 -0.93490000 -0.08560000
vn 0.49990000 -0.74900000 -0.43490000
vn 0.44460000 -0.89040000 -0.09730000
vn 0.43750000 -0.88010000 -0.18430000
vn 0.39390000 -0.74250000 -0.54180000
vn 0.47140000 -0.88170000 0.01870000
vn 0.53050000 -0.84300000 -0.08890000
vn 0.38110000 -0.92340000 0.04650000
vn 0.44460000 -0.89040000 -0.09730000
vn 0.43750000 -0.88010000 -0.18430000
vn 0.47680000 -0.87870000 0.02180000
vn 0.97560000 -0.19500000 -0.10080000
vn 0.94780000 -0.29810000 -0.11300000
vn 0.97840000 -0.11020000 -0.17470000
vn 0.97690000 -0.19410000 -0.08940000
vn 0.95590000 -0.26730000 -0.12160000
vn 0.95140000 -0.16800000 -0.25820000
vn 0.95590000 -0.26730000 -0.12160000
vn 0.92720000 -0.37460000 0.00240000
vn 0.97690000 -0.19410000 -0.08940000
vn 0.96430000 -0.26480000 0.00100000
vn 0.93250000 -0.36120000 -0.00010000
vn 0.99270000 -0.10790000 -0.05440000
vn 0.97750000 -0.10880000 -0.18040000
vn 0.97560000 -0.19500000 -0.10080000
vn 0.99250000 -0.10840000 -0.05700000
vn 0.97840000 -0.11020000 -0.17470000
vn 0.99210000 -0.05240000 -0.11380000
vn 0.99270000 -0.10790000 -0.05440000
vn 0.96450000 -0.26390000 0.00090000
vn 0.96430000 -0.26480000 0.00100000
vn 0.97560000 -0.19500000 -0.10080000
vn 0.98850000 -0.15140000 -0.00010000
vn 0.97690000 -0.19410000 -0.08940000
vn -0.91600000 -0.18330000 -0.35680000
vn -0.91330000 -0.20800000 -0.35020000
vn -0.92910000 -0.27790000 -0.24400000
vn -0.88380000 -0.33470000 -0.32700000
vn -0.87230000 -0.21170000 -0.44080000
vn -0.87890000 -0.35660000 -0.31690000
vn -0.98830000 -0.15240000 0.00080000
vn -0.98740000 -0.15850000 -0.00000000
vn -0.96390000 -0.26640000 0.00110000
vn -0.99240000 -0.10920000 -0.05600000
vn -0.97660000 -0.19150000 -0.09790000
vn -0.97650000 -0.19160000 -0.09910000
vn -0.95190000 -0.27550000 -0.13430000
vn -0.92710000 -0.37470000 0.00220000
vn -0.96390000 -0.26640000 0.00110000
vn -0.95080000 -0.27550000 -0.14140000
vn -0.97660000 -0.19150000 -0.09790000
vn -0.97340000 -0.10000000 -0.20590000
vn -0.97710000 -0.10590000 -0.18450000
vn -0.97650000 -0.19160000 -0.09910000
vn -0.99240000 -0.10920000 -0.05600000
vn -0.99430000 -0.05320000 -0.09250000
vn -0.99060000 -0.11360000 -0.07690000
vn -0.94510000 -0.14720000 -0.29190000
vn -0.97650000 -0.19160000 -0.09910000
vn -0.97660000 -0.19150000 -0.09790000
vn -0.95080000 -0.27550000 -0.14140000
vn -0.97710000 -0.10590000 -0.18450000
vn -0.95490000 -0.16310000 -0.24830000
vn -0.87120000 -0.23030000 -0.43360000
vn -0.88380000 -0.33470000 -0.32700000
vn -0.82280000 -0.40670000 -0.39700000
vn -0.82340000 -0.23140000 -0.51820000
vn -0.87230000 -0.21170000 -0.44080000
vn -0.75350000 -0.57120000 -0.32550000
vn -0.82280000 -0.40670000 -0.39700000
vn -0.75860000 -0.55960000 -0.33360000
vn -0.75710000 -0.31400000 -0.57290000
vn -0.83660000 -0.47390000 -0.27480000
vn -0.82340000 -0.23140000 -0.51820000
vn -0.81550000 -0.29420000 -0.49840000
vn -0.67070000 -0.64050000 -0.37410000
vn -0.75860000 -0.55960000 -0.33360000
vn -0.66970000 -0.34470000 -0.65780000
vn -0.69690000 -0.42240000 -0.57950000
vn -0.75420000 -0.34030000 -0.56150000
vn -0.75710000 -0.31400000 -0.57290000
vn -0.67070000 -0.64050000 -0.37410000
vn -0.67790000 -0.67160000 -0.29890000
vn -0.59270000 -0.45370000 -0.66540000
vn -0.69690000 -0.42240000 -0.57950000
vn -0.57560000 -0.74850000 -0.32940000
vn -0.47920000 -0.87750000 0.02020000
vn -0.57840000 -0.81560000 0.01540000
vn -0.58800000 -0.80860000 0.02020000
vn -0.67790000 -0.67160000 -0.29890000
vn -0.57940000 -0.76960000 -0.26820000
vn -0.57560000 -0.74850000 -0.32940000
vn -0.47920000 -0.87750000 0.02020000
vn -0.38550000 -0.92220000 0.02970000
vn -0.57940000 -0.76960000 -0.26820000
vn -0.49290000 -0.86960000 0.02840000
vn -0.45360000 -0.84540000 -0.28190000
vn -0.45570000 -0.84920000 -0.26700000
vn -0.81700000 -0.57660000 0.00870000
vn -0.82190000 -0.56950000 0.01070000
vn -0.75150000 -0.65960000 0.01290000
vn -0.86100000 -0.49110000 -0.13210000
vn -0.85840000 -0.49680000 -0.12750000
vn -0.78760000 -0.59510000 -0.15980000
vn -0.90950000 -0.37300000 -0.18370000
vn -0.95190000 -0.27550000 -0.13430000
vn -0.95080000 -0.27550000 -0.14140000
vn -0.95490000 -0.16310000 -0.24830000
vn -0.92910000 -0.27790000 -0.24400000
vn -0.91330000 -0.20800000 -0.35020000
vn -0.86100000 -0.49110000 -0.13210000
vn -0.92910000 -0.27790000 -0.24400000
vn -0.91170000 -0.39720000 -0.10480000
vn -0.85840000 -0.49680000 -0.12750000
vn -0.87890000 -0.35660000 -0.31690000
vn -0.90950000 -0.37300000 -0.18370000
vn -0.88380000 -0.33470000 -0.32700000
vn -0.87890000 -0.35660000 -0.31690000
vn -0.86100000 -0.49110000 -0.13210000
vn -0.82280000 -0.40670000 -0.39700000
vn -0.78760000 -0.59510000 -0.15980000
vn -0.83660000 -0.47390000 -0.27480000
vn -0.67420000 -0.73840000 0.01470000
vn -0.67320000 -0.73930000 0.01510000
vn -0.75390000 -0.65690000 0.01390000
vn -0.75150000 -0.65960000 0.01290000
vn -0.75350000 -0.57120000 -0.32550000
vn -0.78760000 -0.59510000 -0.15980000
vn -0.83660000 -0.47390000 -0.27480000
vn -0.75350000 -0.57120000 -0.32550000
vn -0.75860000 -0.55960000 -0.33360000
vn -0.57840000 -0.81560000 0.01540000
vn -0.67790000 -0.67160000 -0.29890000
vn -0.67070000 -0.64050000 -0.37410000
vn -0.67320000 -0.73930000 0.01510000
vn -0.40300000 -0.72040000 -0.56450000
vn -0.40580000 -0.72840000 -0.55200000
vn -0.51580000 -0.61380000 -0.59760000
vn -0.42590000 -0.88050000 -0.20810000
vn -0.42940000 -0.87130000 -0.23770000
vn -0.35910000 -0.91050000 -0.20500000
vn -0.42590000 -0.88050000 -0.20810000
vn -0.45360000 -0.84540000 -0.28190000
vn -0.42940000 -0.87130000 -0.23770000
vn -0.45570000 -0.84920000 -0.26700000
vn -0.37530000 -0.37280000 -0.84860000
vn -0.40300000 -0.72040000 -0.56450000
vn -0.28550000 -0.47670000 -0.83140000
vn -0.24080000 -0.33220000 -0.91200000
vn -0.26780000 -0.73540000 -0.62250000
vn -0.40580000 -0.72840000 -0.55200000
vn -0.31630000 -0.67470000 -0.66690000
vn -0.31330000 -0.91090000 -0.26860000
vn -0.31630000 -0.67470000 -0.66690000
vn -0.26780000 -0.73540000 -0.62250000
vn -0.23010000 -0.93570000 -0.26740000
vn -0.28560000 -0.79820000 -0.53040000
vn -0.33690000 -0.88480000 -0.32190000
vn -0.31630000 -0.67470000 -0.66690000
vn -0.40580000 -0.72840000 -0.55200000
vn -0.35910000 -0.91050000 -0.20500000
vn -0.31330000 -0.91090000 -0.26860000
vn -0.33690000 -0.88480000 -0.32190000
vn -0.31330000 -0.91090000 -0.26860000
vn -0.17490000 -0.98460000 0.00730000
vn -0.28010000 -0.95910000 0.04030000
vn -0.20950000 -0.88730000 -0.41090000
vn -0.23010000 -0.93570000 -0.26740000
vn -0.18620000 -0.92910000 -0.31970000
vn -0.17490000 -0.98460000 0.00730000
vn -0.05860000 -0.86360000 -0.50070000
vn -0.20950000 -0.88730000 -0.41090000
vn -0.15910000 -0.98720000 -0.01010000
vn -0.10810000 -0.94160000 -0.31900000
vn -0.06140000 -0.99780000 0.02620000
vn -0.09930000 -0.59420000 -0.79820000
vn -0.12570000 -0.64200000 -0.75630000
vn -0.10810000 -0.94160000 -0.31900000
vn -0.18620000 -0.92910000 -0.31970000
vn -0.16720000 -0.82410000 -0.54120000
vn -0.22650000 -0.58320000 -0.78010000
vn -0.28560000 -0.79820000 -0.53040000
vn -0.18620000 -0.92910000 -0.31970000
vn -0.16720000 -0.82410000 -0.54120000
vn -0.20950000 -0.88730000 -0.41090000
vn -0.23010000 -0.93570000 -0.26740000
vn -0.16720000 -0.82410000 -0.54120000
vn -0.26780000 -0.73540000 -0.62250000
vn -0.18100000 -0.48700000 -0.85450000
vn -0.22650000 -0.58320000 -0.78010000
vn -0.28560000 -0.79820000 -0.53040000
vn -0.28550000 -0.47670000 -0.83140000
vn -0.09930000 -0.59420000 -0.79820000
vn -0.06240000 0.00180000 -0.99810000
vn -0.16710000 -0.00860000 -0.98590000
vn -0.16040000 -0.03400000 -0.98650000
vn -0.18100000 -0.48700000 -0.85450000
vn -0.10460000 -0.53740000 -0.83680000
vn -0.22650000 -0.58320000 -0.78010000
vn -0.18100000 -0.48700000 -0.85450000
vn -0.19200000 0.01540000 -0.98130000
vn -0.16040000 -0.03400000 -0.98650000
vn -0.24080000 -0.33220000 -0.91200000
vn -0.28550000 -0.47670000 -0.83140000
vn -0.10460000 -0.53740000 -0.83680000
vn -0.09930000 -0.59420000 -0.79820000
vn -0.05860000 -0.36910000 -0.92750000
vn -0.00450000 -0.64200000 -0.76670000
vn -0.12570000 -0.64200000 -0.75630000
vn -0.12570000 -0.64200000 -0.75630000
vn -0.07400000 -0.82290000 -0.56340000
vn -0.00450000 -0.64200000 -0.76670000
vn -0.05860000 -0.86360000 -0.50070000
vn -0.10810000 -0.94160000 -0.31900000
vn -0.28000000 0.75020000 -0.59900000
vn -0.23610000 0.95250000 -0.19250000
vn -0.39650000 0.74910000 -0.53070000
vn -0.33790000 0.87900000 -0.33630000
vn -0.32740000 0.84610000 -0.42060000
vn -0.34600000 0.92910000 -0.13060000
vn -0.39650000 0.74910000 -0.53070000
vn -0.39480000 0.74130000 -0.54280000
vn -0.48080000 0.78550000 -0.38960000
vn -0.50140000 0.74580000 -0.43870000
vn -0.44480000 0.89000000 -0.10080000
vn -0.43090000 0.87050000 -0.23800000
vn -0.34600000 0.92910000 -0.13060000
vn -0.44480000 0.89000000 -0.10080000
vn -0.50140000 0.74580000 -0.43870000
vn -0.53330000 0.84070000 -0.09360000
vn -0.58790000 0.69480000 -0.41440000
vn -0.82230000 0.56900000 0.00800000
vn -0.82250000 0.52290000 -0.22370000
vn -0.88720000 0.39860000 -0.23250000
vn -0.81350000 0.50030000 -0.29650000
vn -0.85170000 0.50440000 -0.14180000
vn -0.75070000 0.66050000 0.01040000
vn -0.82260000 0.56860000 0.00810000
vn -0.74660000 0.66520000 0.01210000
vn -0.88720000 0.39860000 -0.23250000
vn -0.81710000 0.27010000 -0.50930000
vn -0.83590000 0.31420000 -0.45010000
vn -0.87880000 0.22610000 -0.42020000
vn -0.81350000 0.50030000 -0.29650000
vn -0.87540000 0.35450000 -0.32870000
vn -0.99430000 0.08400000 -0.06490000
vn -0.96180000 0.27390000 0.00130000
vn -0.97490000 0.17890000 -0.13250000
vn -0.98700000 0.16080000 -0.00020000
vn -0.96450000 0.26390000 -0.00020000
vn -0.97950000 0.18120000 -0.08840000
vn -0.92870000 0.27050000 -0.25360000
vn -0.91470000 0.20420000 -0.34890000
vn -0.95170000 0.15280000 -0.26620000
vn -0.91010000 0.36510000 -0.19590000
vn -0.95310000 0.26820000 -0.14040000
vn -0.95160000 0.15380000 -0.26620000
vn 0.95020000 0.23800000 -0.20120000
vn 0.95650000 0.27140000 -0.10720000
vn 0.95260000 0.12170000 -0.27890000
vn 0.94370000 0.16900000 -0.28430000
vn 0.91620000 0.18350000 -0.35630000
vn 0.91640000 0.34250000 -0.20700000
vn 0.98030000 0.14930000 -0.12900000
vn 0.95260000 0.12170000 -0.27890000
vn 0.95020000 0.23800000 -0.20120000
vn 0.97530000 0.10700000 -0.19350000
vn 0.97500000 0.10920000 -0.19340000
vn 0.92850000 0.37120000 0.00490000
vn 0.87030000 0.49250000 0.00120000
vn 0.93360000 0.34390000 -0.10090000
vn 0.90270000 0.38740000 -0.18720000
vn 0.92500000 0.37990000 0.00280000
vn 0.92090000 0.38290000 -0.07340000
vn 0.85040000 0.41920000 -0.31810000
vn 0.87660000 0.43080000 -0.21450000
vn 0.87030000 0.49250000 0.00120000
vn 0.90270000 0.38740000 -0.18720000
vn 0.81430000 0.58040000 0.00610000
vn 0.88040000 0.47410000 0.00570000
vn 0.86670000 0.46270000 -0.18620000
vn 0.67250000 0.63940000 -0.37280000
vn 0.66870000 0.74340000 0.01270000
vn 0.68060000 0.66320000 -0.31130000
vn 0.67580000 0.73690000 0.01590000
vn 0.75850000 0.56000000 -0.33320000
vn 0.57780000 0.81600000 0.01620000
vn 0.75580000 0.56620000 -0.32880000
vn 0.17040000 0.87410000 -0.45480000
vn 0.27290000 0.40500000 -0.87260000
vn 0.16500000 0.42780000 -0.88870000
vn 0.25330000 0.46850000 -0.84640000
vn 0.28180000 0.85550000 -0.43440000
vn 0.22200000 0.80230000 -0.55410000
vn 0.27960000 0.84930000 -0.44790000
vn 0.16500000 0.42780000 -0.88870000
vn 0.17050000 0.40460000 -0.89850000
vn 0.22200000 0.80230000 -0.55410000
vn 0.09840000 0.82210000 -0.56080000
vn 0.13510000 0.35570000 -0.92480000
vn 0.01770000 0.84750000 -0.53050000
vn 0.05840000 0.71230000 -0.69950000
vn 0.13510000 0.35570000 -0.92480000
vn 0.02400000 0.47410000 -0.88020000
vn 0.09840000 0.82210000 -0.56080000
vn 0.11140000 0.83800000 -0.53420000
vn 0.02400000 0.47410000 -0.88020000
vn 0.05840000 0.71230000 -0.69950000
vn -0.03610000 0.36820000 -0.92900000
vn 0.04640000 0.35600000 -0.93330000
vn -0.04490000 0.71000000 -0.70270000
vn -0.99970000 0.01250000 -0.02180000
vn -0.99930000 0.03850000 -0.00060000
vn -0.99100000 0.08200000 -0.10550000
vn -0.99430000 0.08400000 -0.06490000
vn -0.98780000 0.15590000 -0.00080000
vn -0.98700000 0.16080000 -0.00020000
vn -0.99960000 0.01520000 -0.02210000
vn -0.99870000 0.05120000 0.00070000
vn -0.98780000 0.15590000 -0.00080000
vn -0.99930000 0.03850000 -0.00060000
vn -0.00060000 0.00010000 -1.00000000
vn -0.00060000 0.00010000 -1.00000000
vn -0.00000000 -0.00000000 -1.00000000
vn -0.96450000 0.26390000 -0.00020000
vn -0.98780000 0.15590000 -0.00080000
vn -0.00050000 0.00010000 -1.00000000
vn -0.98700000 0.16080000 -0.00020000
vn -0.00010000 0.00010000 -1.00000000
vn -0.96180000 0.27390000 0.00130000
vn -0.96450000 0.26390000 -0.00020000
vn -0.00100000 0.00050000 -1.00000000
vn -0.92720000 0.37460000 0.00290000
vn -0.00000000 -0.00000000 -1.00000000
vn -0.92790000 0.37280000 0.00260000
vn -0.00040000 0.00010000 -1.00000000
vn -0.00100000 0.00050000 -1.00000000
vn -0.88010000 0.47480000 0.00460000
vn -0.92720000 0.37460000 0.00290000
vn -0.00010000 0.00010000 -1.00000000
vn -0.82260000 0.56860000 0.00810000
vn -0.00000000 -0.00000000 -1.00000000
vn -0.87630000 0.48170000 0.00620000
vn -0.82230000 0.56900000 0.00800000
vn -0.88010000 0.47480000 0.00460000
vn -0.00040000 0.00010000 -1.00000000
vn -0.74660000 0.66520000 0.01210000
vn -0.66950000 0.74260000 0.01530000
vn -0.75070000 0.66050000 0.01040000
vn -0.00010000 -0.00000000 -1.00000000
vn -0.67380000 0.73870000 0.01710000
vn -0.00020000 0.00030000 -1.00000000
vn -0.00000000 -0.00000000 -1.00000000
vn -0.75070000 0.66050000 0.01040000
vn -0.82260000 0.56860000 0.00810000
vn -0.00010000 0.00010000 -1.00000000
vn -0.00020000 0.00030000 -1.00000000
vn -0.00000000 0.00010000 -1.00000000
vn -0.00040000 0.00070000 -1.00000000
vn -0.67380000 0.73870000 0.01710000
vn -0.00010000 -0.00000000 -1.00000000
vn -0.58430000 0.81130000 0.01990000
vn -0.00040000 0.00090000 -1.00000000
vn -0.47210000 0.88140000 0.01750000
vn 0.00010000 -0.00050000 -1.00000000
vn -0.00040000 0.00070000 -1.00000000
vn -0.58430000 0.81130000 0.01990000
vn -0.48860000 0.87210000 0.02740000
vn -0.59300000 0.80500000 0.01600000
vn -0.00000000 -0.00000000 -1.00000000
vn -0.38380000 0.92280000 0.03260000
vn -0.28090000 0.95940000 0.02460000
vn -0.00000000 0.00010000 -1.00000000
vn -0.27670000 0.96070000 0.02140000
vn -0.39290000 0.91920000 0.02730000
vn -0.38380000 0.92280000 0.03260000
vn -0.48860000 0.87210000 0.02740000
vn 0.00010000 -0.00050000 -1.00000000
vn -0.00000000 0.00010000 -1.00000000
vn -0.15370000 0.98810000 0.00430000
vn -0.27670000 0.96070000 0.02140000
vn -0.17350000 0.98460000 0.02010000
vn -0.00000000 -0.00000000 -1.00000000
vn 0.05320000 0.99830000 0.02440000
vn 0.15910000 0.98720000 -0.01250000
vn -0.03450000 0.99940000 -0.01020000
vn -0.00000000 -0.00010000 -1.00000000
vn -0.00000000 -0.00030000 -1.00000000
vn 0.09880000 0.54790000 -0.83070000
vn 0.05320000 0.99830000 0.02440000
vn -0.03450000 0.99940000 -0.01020000
vn -0.05030000 0.92250000 -0.38280000
vn -0.05870000 0.99820000 0.00810000
vn 0.05200000 0.92630000 -0.37310000
vn -0.07090000 0.86380000 -0.49890000
vn -0.00000000 -0.00010000 -1.00000000
vn -0.15370000 0.98810000 0.00430000
vn -0.03450000 0.99940000 -0.01020000
vn -0.05870000 0.99820000 0.00810000
vn -0.00000000 -0.00000000 -1.00000000
vn 0.17880000 0.98380000 0.00900000
vn 0.27430000 0.96070000 0.04160000
vn 0.15910000 0.98720000 -0.01250000
vn -0.00000000 -0.00030000 -1.00000000
vn 0.35510000 0.93470000 0.01260000
vn -0.00000000 0.00010000 -1.00000000
vn -0.00000000 -0.00000000 -1.00000000
vn 0.38430000 0.92260000 0.03270000
vn -0.00000000 0.00010000 -1.00000000
vn 0.00010000 0.00010000 -1.00000000
vn -0.00000000 -0.00000000 -1.00000000
vn 0.35510000 0.93470000 0.01260000
vn 0.49260000 0.86980000 0.02890000
vn 0.58880000 0.80800000 0.02160000
vn 0.49260000 0.86980000 0.02890000
vn 0.47900000 0.87760000 0.02060000
vn 0.00010000 0.00010000 -1.00000000
vn -0.00000000 0.00010000 -1.00000000
vn -0.00000000 0.00010000 -1.00000000
vn 0.57780000 0.81600000 0.01620000
vn 0.58880000 0.80800000 0.02160000
vn 0.67580000 0.73690000 0.01590000
vn -0.00000000 -0.00000000 -1.00000000
vn 0.75400000 0.65680000 0.01220000
vn 0.66870000 0.74340000 0.01270000
vn -0.00000000 -0.00000000 -1.00000000
vn 0.67580000 0.73690000 0.01590000
vn 0.82200000 0.56950000 0.00910000
vn 0.00020000 0.00010000 -1.00000000
vn -0.00000000 0.00010000 -1.00000000
vn 0.74930000 0.66210000 0.01020000
vn 0.75400000 0.65680000 0.01220000
vn -0.00000000 -0.00000000 -1.00000000
vn 0.00020000 0.00020000 -1.00000000
vn 0.82200000 0.56950000 0.00910000
vn 0.81430000 0.58040000 0.00610000
vn 0.00020000 0.00010000 -1.00000000
vn 0.88040000 0.47410000 0.00570000
vn 0.87030000 0.49250000 0.00120000
vn 0.00020000 -0.00000000 -1.00000000
vn 0.00020000 0.00020000 -1.00000000
vn 0.00100000 0.00020000 -1.00000000
vn 0.92850000 0.37120000 0.00490000
vn 0.88040000 0.47410000 0.00570000
vn 0.96390000 0.26640000 0.00230000
vn 0.00100000 0.00020000 -1.00000000
vn 0.92500000 0.37990000 0.00280000
vn 0.92850000 0.37120000 0.00490000
vn 0.00110000 0.00030000 -1.00000000
vn 0.00110000 0.00030000 -1.00000000
vn 0.00080000 0.00020000 -1.00000000
vn 0.00060000 0.00030000 -1.00000000
vn 0.98740000 0.15850000 0.00010000
vn 0.96200000 0.27310000 0.00110000
vn 0.96390000 0.26640000 0.00230000
vn 0.99910000 0.04130000 -0.00060000
vn 0.00060000 0.00030000 -1.00000000
vn 0.99880000 0.04950000 0.00030000
vn 0.00030000 -0.00010000 -1.00000000
vn -0.00000000 -0.00000000 -1.00000000
vn 0.98740000 0.15850000 0.00010000
vn 0.98600000 0.16650000 -0.00100000
vn 0.99930000 0.02740000 -0.02370000
vn 0.98600000 0.16650000 -0.00100000
vn 0.99960000 0.01720000 -0.02240000
vn 0.99440000 0.09450000 -0.04640000
vn 0.99910000 0.04130000 -0.00060000
vn 0.99090000 0.07860000 -0.10940000
vn -0.41780000 0.46680000 -0.77950000
vn -0.52010000 0.46160000 -0.71870000
vn -0.46230000 0.34380000 -0.81740000
vn -0.47100000 -0.00720000 -0.88210000
vn -0.32810000 0.01180000 -0.94460000
vn -0.42590000 0.02550000 -0.90440000
vn 0.41310000 0.45590000 -0.78840000
vn 0.44680000 0.36080000 -0.81870000
vn 0.50940000 0.66340000 -0.54810000
vn 0.40530000 0.43840000 -0.80220000
vn 0.38020000 0.71170000 -0.59070000
vn 0.38020000 0.71170000 -0.59070000
vn 0.33760000 0.53500000 -0.77450000
vn 0.27960000 0.84930000 -0.44790000
vn 0.40530000 0.43840000 -0.80220000
vn 0.39000000 0.79030000 -0.47250000
vn 0.25330000 0.46850000 -0.84640000
vn -0.05030000 0.92250000 -0.38280000
vn 0.05200000 0.92630000 -0.37310000
vn 0.05840000 0.71230000 -0.69950000
vn -0.04490000 0.71000000 -0.70270000
vn 0.01770000 0.84750000 -0.53050000
vn -0.01450000 0.78200000 -0.62310000
vn 0.09880000 0.54790000 -0.83070000
vn 0.11140000 0.83800000 -0.53420000
vn 0.16860000 0.90060000 -0.40060000
vn 0.17040000 0.87410000 -0.45480000
vn 0.17880000 0.98380000 0.00900000
vn 0.05320000 0.99830000 0.02440000
vn 0.22200000 0.80230000 -0.55410000
vn 0.15910000 0.98720000 -0.01250000
vn 0.09840000 0.82210000 -0.56080000
vn 0.42970000 0.87050000 -0.23980000
vn 0.39000000 0.79030000 -0.47250000
vn 0.41920000 0.89380000 -0.15940000
vn 0.38020000 0.71170000 -0.59070000
vn 0.32260000 0.93630000 -0.13870000
vn 0.50940000 0.66340000 -0.54810000
vn 0.05200000 0.92630000 -0.37310000
vn 0.09880000 0.54790000 -0.83070000
vn 0.01770000 0.84750000 -0.53050000
vn 0.11140000 0.83800000 -0.53420000
vn 0.39000000 0.79030000 -0.47250000
vn 0.21350000 0.97250000 -0.09270000
vn 0.32260000 0.93630000 -0.13870000
vn 0.31750000 0.92630000 -0.20270000
vn 0.28180000 0.85550000 -0.43440000
vn 0.27960000 0.84930000 -0.44790000
vn 0.42970000 0.87050000 -0.23980000
vn 0.45490000 0.84360000 -0.28520000
vn 0.41920000 0.89380000 -0.15940000
vn 0.46190000 0.85620000 -0.23140000
vn 0.42970000 0.87050000 -0.23980000
vn 0.59970000 0.43020000 -0.67480000
vn 0.51890000 0.48790000 -0.70200000
vn 0.45490000 0.84360000 -0.28520000
vn 0.44680000 0.36080000 -0.81870000
vn 0.57950000 0.77060000 -0.26540000
vn 0.50940000 0.66340000 -0.54810000
vn 0.57360000 0.74170000 -0.34780000
vn 0.59330000 0.41510000 -0.68980000
vn 0.68210000 0.36790000 -0.63200000
vn 0.67250000 0.63940000 -0.37280000
vn 0.68060000 0.66320000 -0.31130000
vn 0.68360000 0.35450000 -0.63800000
vn 0.57360000 0.74170000 -0.34780000
vn 0.59970000 0.43020000 -0.67480000
vn 0.27430000 0.96070000 0.04160000
vn 0.46190000 0.85620000 -0.23140000
vn 0.35510000 0.93470000 0.01260000
vn 0.32260000 0.93630000 -0.13870000
vn 0.41920000 0.89380000 -0.15940000
vn 0.31750000 0.92630000 -0.20270000
vn 0.38430000 0.92260000 0.03270000
vn 0.31750000 0.92630000 -0.20270000
vn 0.17880000 0.98380000 0.00900000
vn 0.21350000 0.97250000 -0.09270000
vn 0.27430000 0.96070000 0.04160000
vn 0.16860000 0.90060000 -0.40060000
vn 0.83320000 0.47570000 -0.28190000
vn 0.75850000 0.56000000 -0.33320000
vn 0.75580000 0.56620000 -0.32880000
vn 0.82810000 0.44210000 -0.34460000
vn 0.75570000 0.30620000 -0.57890000
vn 0.81340000 0.29540000 -0.50120000
vn 0.81850000 0.26270000 -0.51090000
vn 0.81850000 0.26270000 -0.51090000
vn 0.86380000 0.25390000 -0.43510000
vn 0.86450000 0.25050000 -0.43580000
vn 0.87660000 0.43080000 -0.21450000
vn 0.82810000 0.44210000 -0.34460000
vn 0.85040000 0.41920000 -0.31810000
vn 0.75850000 0.56000000 -0.33320000
vn 0.75300000 0.33040000 -0.56900000
vn 0.68360000 0.35450000 -0.63800000
vn 0.75570000 0.30620000 -0.57890000
vn 0.67250000 0.63940000 -0.37280000
vn 0.46190000 0.85620000 -0.23140000
vn 0.45490000 0.84360000 -0.28520000
vn 0.49260000 0.86980000 0.02890000
vn 0.38430000 0.92260000 0.03270000
vn 0.47900000 0.87760000 0.02060000
vn 0.57950000 0.77060000 -0.26540000
vn 0.47900000 0.87760000 0.02060000
vn 0.57950000 0.77060000 -0.26540000
vn 0.68060000 0.66320000 -0.31130000
vn 0.57360000 0.74170000 -0.34780000
vn 0.58880000 0.80800000 0.02160000
vn 0.57780000 0.81600000 0.01620000
vn 0.75400000 0.65680000 0.01220000
vn 0.74930000 0.66210000 0.01020000
vn 0.66870000 0.74340000 0.01270000
vn 0.75580000 0.56620000 -0.32880000
vn 0.80650000 0.55240000 -0.21050000
vn 0.83320000 0.47570000 -0.28190000
vn 0.83320000 0.47570000 -0.28190000
vn 0.80650000 0.55240000 -0.21050000
vn 0.82810000 0.44210000 -0.34460000
vn 0.85040000 0.41920000 -0.31810000
vn 0.86670000 0.46270000 -0.18620000
vn 0.91640000 0.34250000 -0.20700000
vn 0.91620000 0.18350000 -0.35630000
vn 0.86450000 0.25050000 -0.43580000
vn 0.87660000 0.43080000 -0.21450000
vn 0.90800000 0.22170000 -0.35540000
vn 0.90270000 0.38740000 -0.18720000
vn 0.92090000 0.38290000 -0.07340000
vn 0.21350000 0.97250000 -0.09270000
vn 0.16860000 0.90060000 -0.40060000
vn 0.28180000 0.85550000 -0.43440000
vn 0.17040000 0.87410000 -0.45480000
vn 0.82200000 0.56950000 0.00910000
vn 0.80650000 0.55240000 -0.21050000
vn 0.74930000 0.66210000 0.01020000
vn 0.81430000 0.58040000 0.00610000
vn 0.86670000 0.46270000 -0.18620000
vn 0.96390000 0.26640000 0.00230000
vn 0.96200000 0.27310000 0.00110000
vn 0.93360000 0.34390000 -0.10090000
vn 0.97400000 0.22290000 -0.03990000
vn 0.92500000 0.37990000 0.00280000
vn 0.93940000 0.33850000 -0.05460000
vn 0.91640000 0.34250000 -0.20700000
vn 0.92090000 0.38290000 -0.07340000
vn 0.93360000 0.34390000 -0.10090000
vn 0.95650000 0.27140000 -0.10720000
vn 0.93940000 0.33850000 -0.05460000
vn 0.97280000 0.20830000 -0.10120000
vn 0.95020000 0.23800000 -0.20120000
vn 0.95650000 0.27140000 -0.10720000
vn 0.93940000 0.33850000 -0.05460000
vn 0.98030000 0.14930000 -0.12900000
vn 0.97400000 0.22290000 -0.03990000
vn 0.97400000 0.22290000 -0.03990000
vn 0.98600000 0.16650000 -0.00100000
vn 0.96200000 0.27310000 0.00110000
vn 0.99440000 0.09450000 -0.04640000
vn 0.98740000 0.15850000 0.00010000
vn 0.97280000 0.20830000 -0.10120000
vn 0.98030000 0.14930000 -0.12900000
vn 0.99440000 0.09450000 -0.04640000
vn 0.97500000 0.10920000 -0.19340000
vn 0.99090000 0.07860000 -0.10940000
vn 0.99120000 0.07490000 -0.10890000
vn 0.97280000 0.20830000 -0.10120000
vn -0.91760000 0.16270000 -0.36260000
vn -0.92870000 0.27050000 -0.25360000
vn -0.87880000 0.22610000 -0.42020000
vn -0.87260000 0.20920000 -0.44130000
vn -0.91470000 0.20420000 -0.34890000
vn -0.87540000 0.35450000 -0.32870000
vn -0.92870000 0.27050000 -0.25360000
vn -0.85170000 0.50440000 -0.14180000
vn -0.88720000 0.39860000 -0.23250000
vn -0.91330000 0.39300000 -0.10720000
vn -0.91010000 0.36510000 -0.19590000
vn -0.87540000 0.35450000 -0.32870000
vn -0.97680000 0.10630000 -0.18570000
vn -0.95170000 0.15280000 -0.26620000
vn -0.95310000 0.26820000 -0.14040000
vn -0.97870000 0.09110000 -0.18390000
vn -0.97490000 0.17890000 -0.13250000
vn -0.97950000 0.18120000 -0.08840000
vn -0.95060000 0.27850000 -0.13700000
vn -0.97490000 0.17890000 -0.13250000
vn -0.97870000 0.09110000 -0.18390000
vn -0.99430000 0.08400000 -0.06490000
vn -0.99290000 0.04950000 -0.10840000
vn -0.99100000 0.08200000 -0.10550000
vn -0.96180000 0.27390000 0.00130000
vn -0.92790000 0.37280000 0.00260000
vn -0.97950000 0.18120000 -0.08840000
vn -0.95060000 0.27850000 -0.13700000
vn -0.92720000 0.37460000 0.00290000
vn -0.91330000 0.39300000 -0.10720000
vn -0.95310000 0.26820000 -0.14040000
vn -0.88010000 0.47480000 0.00460000
vn -0.87630000 0.48170000 0.00620000
vn -0.92790000 0.37280000 0.00260000
vn -0.91010000 0.36510000 -0.19590000
vn -0.95060000 0.27850000 -0.13700000
vn -0.91330000 0.39300000 -0.10720000
vn -0.85170000 0.50440000 -0.14180000
vn -0.87630000 0.48170000 0.00620000
vn -0.82230000 0.56900000 0.00800000
vn -0.41780000 0.46680000 -0.77950000
vn -0.46230000 0.34380000 -0.81740000
vn -0.48080000 0.78550000 -0.38960000
vn -0.42080000 0.47160000 -0.77500000
vn -0.39480000 0.74130000 -0.54280000
vn -0.76910000 0.55490000 -0.31710000
vn -0.68060000 0.35680000 -0.63990000
vn -0.75960000 0.31350000 -0.56980000
vn -0.68100000 0.35780000 -0.63890000
vn -0.75340000 0.37150000 -0.54250000
vn -0.68010000 0.63370000 -0.36870000
vn -0.58730000 0.69260000 -0.41870000
vn -0.67820000 0.63010000 -0.37820000
vn -0.68010000 0.63370000 -0.36870000
vn -0.60110000 0.40110000 -0.69120000
vn -0.59010000 0.37570000 -0.71460000
vn -0.68060000 0.35680000 -0.63990000
vn -0.50140000 0.74580000 -0.43870000
vn -0.59010000 0.37570000 -0.71460000
vn -0.46230000 0.34380000 -0.81740000
vn -0.48080000 0.78550000 -0.38960000
vn -0.52010000 0.46160000 -0.71870000
vn -0.58790000 0.69480000 -0.41440000
vn -0.58730000 0.69260000 -0.41870000
vn -0.67380000 0.73870000 0.01710000
vn -0.67820000 0.63010000 -0.37820000
vn -0.76910000 0.55490000 -0.31710000
vn -0.58430000 0.81130000 0.01990000
vn -0.59300000 0.80500000 0.01600000
vn -0.66950000 0.74260000 0.01530000
vn -0.74320000 0.61270000 -0.26870000
vn -0.68010000 0.63370000 -0.36870000
vn -0.82250000 0.52290000 -0.22370000
vn -0.83590000 0.31420000 -0.45010000
vn -0.74320000 0.61270000 -0.26870000
vn -0.81350000 0.50030000 -0.29650000
vn -0.75340000 0.37150000 -0.54250000
vn -0.76910000 0.55490000 -0.31710000
vn -0.74660000 0.66520000 0.01210000
vn -0.74320000 0.61270000 -0.26870000
vn -0.82250000 0.52290000 -0.22370000
vn -0.66950000 0.74260000 0.01530000
vn -0.59300000 0.80500000 0.01600000
vn -0.47210000 0.88140000 0.01750000
vn -0.53330000 0.84070000 -0.09360000
vn -0.67820000 0.63010000 -0.37820000
vn -0.58730000 0.69260000 -0.41870000
vn -0.58790000 0.69480000 -0.41440000
vn -0.39480000 0.74130000 -0.54280000
vn -0.42080000 0.47160000 -0.77500000
vn -0.39650000 0.74910000 -0.53070000
vn -0.31380000 0.53110000 -0.78700000
vn -0.32740000 0.84610000 -0.42060000
vn -0.33690000 0.00770000 -0.94150000
vn -0.32810000 0.01180000 -0.94460000
vn -0.41780000 0.46680000 -0.77950000
vn -0.25120000 0.02620000 -0.96760000
vn -0.42080000 0.47160000 -0.77500000
vn -0.31380000 0.53110000 -0.78700000
vn -0.33010000 0.41410000 -0.84820000
vn -0.28000000 0.75020000 -0.59900000
vn -0.27260000 0.50480000 -0.81910000
vn -0.22650000 0.58790000 -0.77660000
vn -0.17230000 0.86760000 -0.46660000
vn -0.17810000 0.43220000 -0.88400000
vn -0.32740000 0.84610000 -0.42060000
vn -0.33010000 0.41410000 -0.84820000
vn -0.31380000 0.53110000 -0.78700000
vn -0.22100000 0.00040000 -0.97530000
vn -0.33010000 0.41410000 -0.84820000
vn -0.27260000 0.50480000 -0.81910000
vn -0.31680000 -0.00620000 -0.94850000
vn -0.25120000 0.02620000 -0.96760000
vn -0.34600000 0.92910000 -0.13060000
vn -0.43090000 0.87050000 -0.23800000
vn -0.39290000 0.91920000 0.02730000
vn -0.28090000 0.95940000 0.02460000
vn -0.33790000 0.87900000 -0.33630000
vn -0.44480000 0.89000000 -0.10080000
vn -0.38380000 0.92280000 0.03260000
vn -0.48860000 0.87210000 0.02740000
vn -0.43090000 0.87050000 -0.23800000
vn -0.47210000 0.88140000 0.01750000
vn -0.39290000 0.91920000 0.02730000
vn -0.53330000 0.84070000 -0.09360000
vn -0.18450000 0.93130000 -0.31400000
vn -0.23610000 0.95250000 -0.19250000
vn -0.20960000 0.88720000 -0.41110000
vn -0.28000000 0.75020000 -0.59900000
vn -0.17230000 0.86760000 -0.46660000
vn -0.07290000 0.59000000 -0.80410000
vn -0.18450000 0.93130000 -0.31400000
vn -0.09710000 0.94190000 -0.32160000
vn -0.17230000 0.86760000 -0.46660000
vn -0.22650000 0.58790000 -0.77660000
vn -0.15070000 0.76560000 -0.62540000
vn -0.22650000 0.58790000 -0.77660000
vn -0.05460000 -0.00070000 -0.99850000
vn -0.08540000 0.54100000 -0.83670000
vn -0.16050000 0.01290000 -0.98700000
vn -0.14500000 0.02170000 -0.98920000
vn -0.17810000 0.43220000 -0.88400000
vn -0.07290000 0.59000000 -0.80410000
vn -0.08540000 0.54100000 -0.83670000
vn -0.15070000 0.76560000 -0.62540000
vn -0.03610000 0.36820000 -0.92900000
vn -0.01450000 0.78200000 -0.62310000
vn -0.04490000 0.71000000 -0.70270000
vn -0.07290000 0.59000000 -0.80410000
vn -0.07090000 0.86380000 -0.49890000
vn -0.05030000 0.92250000 -0.38280000
vn -0.15070000 0.76560000 -0.62540000
vn -0.09710000 0.94190000 -0.32160000
vn -0.01450000 0.78200000 -0.62310000
vn -0.07090000 0.86380000 -0.49890000
vn -0.20960000 0.88720000 -0.41110000
vn -0.05870000 0.99820000 0.00810000
vn -0.18450000 0.93130000 -0.31400000
vn -0.09710000 0.94190000 -0.32160000
vn -0.15370000 0.98810000 0.00430000
vn -0.17350000 0.98460000 0.02010000
vn -0.28090000 0.95940000 0.02460000
vn -0.27670000 0.96070000 0.02140000
vn -0.23610000 0.95250000 -0.19250000
vn -0.33790000 0.87900000 -0.33630000
vn -0.17350000 0.98460000 0.02010000
vn -0.20960000 0.88720000 -0.41110000
vn -0.00000000 -0.00010000 -1.00000000
vn -0.00000000 0.00010000 -1.00000000
vn -0.00000000 -0.00000000 -1.00000000
vn -0.00020000 0.00030000 -1.00000000
vn -0.00000000 0.00010000 -1.00000000
vn -0.00010000 -0.00000000 -1.00000000
vn -0.00010000 0.00010000 -1.00000000
vn -0.00000000 -0.00000000 -1.00000000
vn -0.00010000 0.00010000 -1.00000000
vn -0.00060000 -0.00030000 -1.00000000
vn -0.00080000 -0.00020000 -1.00000000
vn -0.00000000 -0.00000000 -1.00000000
vn -0.00000000 -0.00000000 -1.00000000
vn -0.00000000 0.00010000 -1.00000000
vn -0.00010000 0.00020000 -1.00000000
vn 0.00010000 -0.00050000 -1.00000000
vn -0.00040000 0.00090000 -1.00000000
vn -0.00000000 0.00010000 -1.00000000
vn -0.00040000 0.00090000 -1.00000000
vn -0.00000000 0.00010000 -1.00000000
vn -0.00040000 0.00070000 -1.00000000
vn -0.00020000 -0.00010000 -1.00000000
vn -0.00000000 -0.00010000 -1.00000000
vn -0.00080000 -0.00020000 -1.00000000
vn -0.00110000 -0.00030000 -1.00000000
vn -0.00100000 -0.00030000 -1.00000000
vn -0.00020000 -0.00010000 -1.00000000
vn -0.00020000 -0.00010000 -1.00000000
vn -0.00020000 -0.00030000 -1.00000000
vn -0.00000000 -0.00010000 -1.00000000
vn -0.00020000 -0.00030000 -1.00000000
vn -0.00020000 -0.00020000 -1.00000000
vn -0.00000000 -0.00010000 -1.00000000
vn -0.00020000 -0.00020000 -1.00000000
vn -0.00000000 -0.00000000 -1.00000000
vn 0.00010000 0.00010000 -1.00000000
vn -0.00040000 0.00010000 -1.00000000
vn -0.00100000 0.00050000 -1.00000000
vn -0.00010000 0.00010000 -1.00000000
vn -0.00010000 -0.00000000 -1.00000000
vn -0.00000000 -0.00000000 -1.00000000
vn -0.00060000 0.00010000 -1.00000000
vn -0.00010000 -0.00000000 -1.00000000
vn -0.00050000 0.00010000 -1.00000000
vn -0.00000000 -0.00010000 -1.00000000
vn -0.00000000 -0.00000000 -1.00000000
vn -0.00010000 0.00030000 -1.00000000
vn -0.00010000 0.00020000 -1.00000000
vn -0.00000000 -0.00020000 -1.00000000
vn -0.00000000 -0.00010000 -1.00000000
vn -0.00000000 -0.00000000 -1.00000000
vn -0.00000000 -0.00020000 -1.00000000
vn -0.00000000 -0.00000000 -1.00000000
vn -0.00000000 -0.00000000 -1.00000000
vn 0.00010000 -0.00000000 -1.00000000
vn 0.00030000 -0.00040000 -1.00000000
vn -0.00000000 -0.00010000 -1.00000000
vn -0.00000000 -0.00000000 -1.00000000
vn 0.00050000 -0.00010000 -1.00000000
vn 0.00010000 -0.00000000 -1.00000000
vn 0.00010000 -0.00000000 -1.00000000
vn 0.00100000 -0.00050000 -1.00000000
vn 0.00030000 -0.00000000 -1.00000000
vn -0.00000000 -0.00000000 -1.00000000
vn -0.00010000 0.00010000 -1.00000000
vn -0.00050000 0.00010000 -1.00000000
vn -0.00000000 -0.00000000 -1.00000000
vn -0.00000000 -0.00000000 -1.00000000
vn -0.00000000 0.00030000 -1.00000000
vn -0.00000000 0.00020000 -1.00000000
vn -0.00000000 -0.00010000 -1.00000000
vn -0.00000000 -0.00030000 -1.00000000
vn -0.00000000 0.00020000 -1.00000000
vn -0.00000000 0.00010000 -1.00000000
vn -0.00000000 -0.00000000 -1.00000000
vn 0.00030000 -0.00000000 -1.00000000
vn 0.00050000 -0.00010000 -1.00000000
vn -0.00000000 -0.00000000 -1.00000000
vn 0.00060000 0.00030000 -1.00000000
vn 0.00080000 0.00020000 -1.00000000
vn 0.00030000 -0.00010000 -1.00000000
vn -0.00000000 -0.00000000 -1.00000000
vn 0.00030000 -0.00000000 -1.00000000
vn -0.00000000 -0.00030000 -1.00000000
vn -0.00000000 -0.00000000 -1.00000000
vn 0.00110000 0.00030000 -1.00000000
vn 0.00020000 -0.00000000 -1.00000000
vn 0.00080000 0.00020000 -1.00000000
vn 0.00100000 0.00020000 -1.00000000
vn -0.00000000 0.00010000 -1.00000000
vn 0.00020000 0.00020000 -1.00000000
vn 0.00020000 -0.00000000 -1.00000000
vn 0.00020000 0.00010000 -1.00000000
vn 0.00010000 0.00010000 -1.00000000
vn -0.00000000 -0.00000000 -1.00000000
vn 0.00010000 0.00010000 -1.00000000
vn -0.00000000 0.00010000 -1.00000000
vn -0.00000000 -0.00000000 -1.00000000
vn -0.00000000 0.00010000 -1.00000000
vn -0.00000000 0.00010000 -1.00000000
vn -0.00000000 -0.00000000 -1.00000000
f 147//147 101//101 99//99
f 11//11 176//176 129//129
f 122//122 132//132 3//3
f 2//2 137//137 144//144
f 118//118 136//136 121//121
f 15//15 153//153 18//18
f 113//113 158//158 116//116
f 117//117 161//161 120//120
f 119//119 162//162 133//133
f 14//14 126//126 17//17
f 16//16 125//125 150//150
f 12//12 124//124 13//13
f 5//5 171//171 8//8
f 7//7 172//172 178//178
f 1//1 140//140 6//6
f 4//4 141//141 173//173
f 21//21 166//166 25//25
f 19//19 151//151 22//22
f 20//20 152//152 167//167
f 9//9 174//174 10//10
f 182//182 189//189 196//196
f 211//211 957//957 348//348
f 69//69 67//67 300//300
f 68//68 298//298 72//72
f 70//70 299//299 304//304
f 313//313 74//74 308//308
f 305//305 75//75 71//71
f 76//76 73//73 312//312
f 78//78 316//316 79//79
f 80//80 320//320 83//83
f 81//81 321//321 322//322
f 82//82 323//323 330//330
f 84//84 333//333 85//85
f 86//86 331//331 87//87
f 89//89 332//332 334//334
f 337//337 90//90 88//88
f 344//344 91//91 335//335
f 345//345 94//94 92//92
f 340//340 95//95 93//93
f 349//349 142//142 131//131
f 128//128 357//357 156//156
f 366//366 163//163 155//155
f 372//372 164//164 362//362
f 379//379 41//41 39//39
f 42//42 377//377 43//43
f 45//45 380//380 383//383
f 44//44 384//384 46//46
f 48//48 386//386 389//389
f 47//47 390//390 394//394
f 49//49 398//398 51//51
f 50//50 399//399 53//53
f 52//52 393//393 54//54
f 55//55 397//397 403//403
f 405//405 59//59 56//56
f 406//406 58//58 404//404
f 409//409 62//62 57//57
f 419//419 60//60 408//408
f 417//417 64//64 61//61
f 294//294 964//964 427//427
f 429//429 425//425 951//951
f 428//428 952//952 431//431
f 438//438 436//436 936//936
f 437//437 933//933 439//439
f 292//292 1238//1238 445//445
f 447//447 1239//1239 914//914
f 446//446 916//916 450//450
f 453//453 457//457 464//464
f 463//463 459//459 465//465
f 467//467 460//460 468//468
f 466//466 472//472 475//475
f 480//480 485//485 473//473
f 474//474 483//483 476//476
f 489//489 494//494 481//481
f 479//479 493//493 484//484
f 499//499 512//512 491//491
f 492//492 515//515 502//502
f 488//488 501//501 495//495
f 508//508 504//504 514//514
f 509//509 513//513 500//500
f 518//518 281//281 521//521
f 520//520 282//282 285//285
f 519//519 284//284 524//524
f 523//523 286//286 531//531
f 522//522 528//528 533//533
f 532//532 530//530 536//536
f 537//537 529//529 538//538
f 534//534 539//539 548//548
f 535//535 549//549 551//551
f 550//550 546//546 554//554
f 553//553 547//547 561//561
f 559//559 563//563 552//552
f 568//568 571//571 558//558
f 557//557 572//572 562//562
f 575//575 573//573 564//564
f 580//580 585//585 576//576
f 577//577 587//587 570//570
f 591//591 582//582 715//715
f 593//593 274//274 756//756
f 592//592 757//757 595//595
f 594//594 758//758 599//599
f 605//605 601//601 598//598
f 268//268 982//982 981//981
f 269//269 978//978 610//610
f 609//609 979//979 611//611
f 612//612 980//980 971//971
f 614//614 1460//1460 615//615
f 420//420 620//620 1451//1451
f 1453//1453 618//618 1459//1459
f 1458//1458 617//617 1465//1465
f 1466//1466 619//619 616//616
f 643//643 636//636 647//647
f 644//644 649//649 659//659
f 655//655 650//650 663//663
f 656//656 664//664 665//665
f 665//665 664//664 671//671
f 669//669 670//670 679//679
f 679//679 670//670 681//681
f 678//678 680//680 687//687
f 688//688 685//685 694//694
f 689//689 693//693 702//702
f 621//621 231//231 712//712
f 635//635 634//634 713//713
f 641//641 714//714 722//722
f 637//637 723//723 648//648
f 652//652 724//724 725//725
f 651//651 730//730 661//661
f 660//660 729//729 735//735
f 662//662 732//732 674//674
f 673//673 731//731 738//738
f 672//672 741//741 684//684
f 683//683 736//736 744//744
f 682//682 743//743 695//695
f 695//695 743//743 752//752
f 692//692 748//748 258//258
f 265//265 257//257 255//255
f 228//228 755//755 711//711
f 256//256 747//747 763//763
f 259//259 762//762 253//253
f 779//779 797//797 782//782
f 227//227 788//788 754//754
f 625//625 709//709 275//275
f 627//627 277//277 629//629
f 719//719 718//718 574//574
f 721//721 579//579 569//569
f 720//720 567//567 727//727
f 726//726 566//566 803//803
f 728//728 805//805 733//733
f 734//734 804//804 737//737
f 739//739 808//808 809//809
f 740//740 812//812 742//742
f 746//746 814//814 820//820
f 745//745 818//818 750//750
f 751//751 816//816 822//822
f 749//749 824//824 760//760
f 280//280 240//240 288//288
f 287//287 239//239 246//246
f 289//289 248//248 526//526
f 527//527 247//247 828//828
f 525//525 826//826 541//541
f 542//542 831//831 821//821
f 540//540 817//817 544//544
f 545//545 819//819 813//813
f 543//543 811//811 555//555
f 560//560 810//810 807//807
f 556//556 806//806 565//565
f 583//583 578//578 716//716
f 588//588 717//717 631//631
f 590//590 632//632 276//276
f 278//278 710//710 753//753
f 800//800 607//607 796//796
f 794//794 606//606 596//596
f 795//795 600//600 787//787
f 786//786 597//597 759//759
f 823//823 815//815 827//827
f 825//825 830//830 761//761
f 767//767 829//829 245//245
f 766//766 249//249 835//835
f 836//836 250//250 243//243
f 704//704 266//266 839//839
f 843//843 264//264 846//846
f 840//840 845//845 853//853
f 851//851 847//847 857//857
f 854//854 859//859 864//864
f 865//865 858//858 871//871
f 863//863 873//873 880//880
f 879//879 874//874 884//884
f 877//877 885//885 892//892
f 890//890 886//886 893//893
f 888//888 897//897 900//900
f 903//903 898//898 909//909
f 902//902 906//906 1227//1227
f 1222//1222 905//905 915//915
f 1221//1221 912//912 1230//1230
f 1229//1229 913//913 1235//1235
f 1246//1246 1241//1241 923//923
f 1250//1250 922//922 1252//1252
f 1255//1255 921//921 929//929
f 1254//1254 924//924 1052//1052
f 1051//1051 925//925 931//931
f 1055//1055 935//935 1066//1066
f 1067//1067 934//934 938//938
f 1065//1065 937//937 945//945
f 1062//1062 944//944 1070//1070
f 1071//1071 946//946 948//948
f 1072//1072 947//947 955//955
f 216//216 954//954 961//961
f 773//773 975//975 977//977
f 969//969 965//965 421//421
f 970//970 422//422 1449//1449
f 424//424 962//962 956//956
f 426//426 959//959 949//949
f 1002//1002 917//917 908//908
f 1000//1000 907//907 1007//1007
f 1008//1008 904//904 895//895
f 1005//1005 894//894 1016//1016
f 1015//1015 896//896 882//882
f 1012//1012 883//883 1022//1022
f 1021//1021 881//881 869//869
f 1018//1018 872//872 1023//1023
f 1024//1024 870//870 862//862
f 1029//1029 861//861 995//995
f 996//996 860//860 844//844
f 994//994 848//848 991//991
f 992//992 834//834 999//999
f 997//997 837//837 1034//1034
f 998//998 1031//1031 1028//1028
f 963//963 295//295 423//423
f 973//973 1463//1463 613//613
f 506//506 516//516 503//503
f 279//279 517//517 510//510
f 283//283 505//505 241//241
f 781//781 798//798 1039//1039
f 1036//1036 799//799 792//792
f 1038//1038 791//791 233//233
f 234//234 793//793 790//790
f 236//236 789//789 232//232
f 697//697 696//696 261//261
f 698//698 260//260 705//705
f 707//707 262//262 267//267
f 850//850 263//263 252//252
f 849//849 254//254 990//990
f 993//993 251//251 765//765
f 989//989 764//764 832//832
f 833//833 242//242 1035//1035
f 1032//1032 244//244 511//511
f 1030//1030 507//507 497//497
f 1033//1033 496//496 1025//1025
f 1027//1027 498//498 487//487
f 1026//1026 486//486 1017//1017
f 1020//1020 490//490 478//478
f 1019//1019 482//482 1013//1013
f 1014//1014 477//477 469//469
f 1011//1011 470//470 1006//1006
f 1010//1010 471//471 456//456
f 1009//1009 458//458 1001//1001
f 1004//1004 461//461 451//451
f 1003//1003 454//454 910//910
f 911//911 455//455 448//448
f 1243//1243 1240//1240 290//290
f 1242//1242 293//293 920//920
f 919//919 291//291 442//442
f 918//918 444//444 926//926
f 928//928 443//443 441//441
f 927//927 440//440 932//932
f 940//940 930//930 434//434
f 939//939 435//435 941//941
f 943//943 433//433 430//430
f 942//942 432//432 950//950
f 1046//1046 115//115 225//225
f 220//220 145//145 346//346
f 213//213 350//350 134//134
f 212//212 135//135 159//159
f 1058//1058 1049//1049 1061//1061
f 1059//1059 1063//1063 1045//1045
f 1042//1042 1064//1064 1069//1069
f 958//958 215//215 1073//1073
f 1068//1068 214//214 1047//1047
f 226//226 112//112 109//109
f 221//221 110//110 1078//1078
f 1077//1077 111//111 107//107
f 1081//1081 324//324 315//315
f 1083//1083 317//317 1085//1085
f 307//307 297//297 198//198
f 306//306 200//200 311//311
f 1091//1091 1075//1075 106//106
f 1090//1090 108//108 103//103
f 1092//1092 104//104 1100//1100
f 1101//1101 105//105 100//100
f 1098//1098 102//102 148//148
f 1099//1099 149//149 1233//1233
f 1232//1232 146//146 96//96
f 1234//1234 97//97 1107//1107
f 1106//1106 98//98 343//343
f 1105//1105 341//341 1116//1116
f 1113//1113 342//342 339//339
f 1112//1112 336//336 1121//1121
f 1119//1119 338//338 328//328
f 1122//1122 329//329 326//326
f 1123//1123 327//327 1127//1127
f 1128//1128 325//325 1080//1080
f 1126//1126 1082//1082 1136//1136
f 1130//1130 1079//1079 1087//1087
f 1135//1135 1086//1086 193//193
f 197//197 191//191 1133//1133
f 1057//1057 1043//1043 222//222
f 1060//1060 223//223 1053//1053
f 1054//1054 224//224 1074//1074
f 1050//1050 1076//1076 1093//1093
f 1146//1146 1110//1110 1115//1115
f 1144//1144 1114//1114 1151//1151
f 1150//1150 1111//1111 1117//1117
f 1153//1153 1118//1118 1159//1159
f 1160//1160 1120//1120 1129//1129
f 1158//1158 1124//1124 1166//1166
f 1161//1161 1125//1125 1132//1132
f 1163//1163 1134//1134 1172//1172
f 1168//1168 1131//1131 187//187
f 1170//1170 188//188 1175//1175
f 1179//1179 190//190 184//184
f 318//318 77//77 310//310
f 319//319 309//309 1088//1088
f 1084//1084 314//314 203//203
f 1089//1089 204//204 194//194
f 195//195 199//199 205//205
f 192//192 206//206 181//181
f 1176//1176 183//183 1140//1140
f 1174//1174 1141//1141 1180//1180
f 1173//1173 1189//1189 1171//1171
f 1167//1167 1190//1190 1196//1196
f 1169//1169 1197//1197 1164//1164
f 1165//1165 1194//1194 1199//1199
f 1162//1162 1200//1200 1156//1156
f 1157//1157 1201//1201 1208//1208
f 1154//1154 1207//1207 1210//1210
f 1155//1155 1209//1209 1148//1148
f 1152//1152 1211//1211 1217//1217
f 1149//1149 1215//1215 1143//1143
f 1145//1145 1216//1216 1225//1225
f 1147//1147 1224//1224 1108//1108
f 1109//1109 1223//1223 1231//1231
f 1228//1228 1236//1236 1104//1104
f 1103//1103 1237//1237 1245//1245
f 1102//1102 1244//1244 1248//1248
f 1097//1097 1247//1247 1096//1096
f 1095//1095 1249//1249 1251//1251
f 185//185 209//209 1256//1256
f 186//186 1257//1257 1138//1138
f 165//165 368//368 24//24
f 23//23 373//373 28//28
f 27//27 370//370 1282//1282
f 26//26 1283//1283 29//29
f 30//30 1285//1285 1288//1288
f 31//31 1287//1287 33//33
f 40//40 1292//1292 375//375
f 396//396 392//392 1300//1300
f 395//395 1301//1301 402//402
f 400//400 1302//1302 1308//1308
f 401//401 1306//1306 411//411
f 410//410 1303//1303 1312//1312
f 407//407 1314//1314 413//413
f 418//418 1311//1311 1273//1273
f 416//416 1278//1278 1272//1272
f 1271//1271 1274//1274 1266//1266
f 154//154 360//360 365//365
f 32//32 1286//1286 1321//1321
f 34//34 1319//1319 36//36
f 35//35 1316//1316 38//38
f 37//37 1318//1318 1291//1291
f 378//378 1294//1294 1324//1324
f 374//374 1325//1325 1329//1329
f 376//376 1328//1328 382//382
f 385//385 1332//1332 1338//1338
f 381//381 1334//1334 387//387
f 391//391 1333//1333 1344//1344
f 388//388 1339//1339 1297//1297
f 1298//1298 1340//1340 1346//1346
f 1299//1299 1349//1349 1307//1307
f 1305//1305 1345//1345 1353//1353
f 1304//1304 1352//1352 1310//1310
f 1309//1309 1350//1350 1357//1357
f 1313//1313 1361//1361 1276//1276
f 1275//1275 1358//1358 1366//1366
f 1277//1277 1364//1364 1268//1268
f 127//127 352//352 358//358
f 1289//1289 1279//1279 1373//1373
f 1290//1290 1371//1371 1320//1320
f 1359//1359 1351//1351 1379//1379
f 1360//1360 1377//1377 1362//1362
f 1363//1363 1378//1378 1381//1381
f 1253//1253 1056//1056 1094//1094
f 1384//1384 1142//1142 1258//1258
f 1380//1380 1259//1259 1367//1367
f 1365//1365 1260//1260 1264//1264
f 1261//1261 208//208 1263//1263
f 1265//1265 207//207 201//201
f 1262//1262 202//202 296//296
f 1267//1267 302//302 1269//1269
f 1270//1270 303//303 412//412
f 415//415 301//301 66//66
f 414//414 65//65 63//63
f 1330//1330 1326//1326 1410//1410
f 1331//1331 1412//1412 1337//1337
f 1336//1336 1411//1411 1418//1418
f 1335//1335 1414//1414 1342//1342
f 1343//1343 1417//1417 1420//1420
f 1341//1341 1423//1423 1348//1348
f 1348//1348 1423//1423 1428//1428
f 1347//1347 1429//1429 1354//1354
f 1355//1355 1426//1426 1435//1435
f 1356//1356 1431//1431 1375//1375
f 1374//1374 1430//1430 1437//1437
f 1376//1376 1442//1442 1382//1382
f 1383//1383 1441//1441 1391//1391
f 1385//1385 1394//1394 1139//1139
f 1137//1137 1393//1393 1184//1184
f 1182//1182 1390//1390 1178//1178
f 1177//1177 1388//1388 1191//1191
f 177//177 1446//1446 130//130
f 123//123 1447//1447 351//351
f 364//364 359//359 785//785
f 363//363 783//783 369//369
f 371//371 784//784 1040//1040
f 367//367 1037//1037 1281//1281
f 1280//1280 1041//1041 237//237
f 1284//1284 238//238 1372//1372
f 1395//1395 1440//1440 1403//1403
f 1392//1392 1401//1401 1183//1183
f 1181//1181 1407//1407 1386//1386
f 1389//1389 1399//1399 1185//1185
f 210//210 157//157 1044//1044
f 168//168 143//143 1450//1450
f 170//170 1454//1454 1455//1455
f 169//169 1456//1456 180//180
f 179//179 1457//1457 1464//1464
f 175//175 1462//1462 1445//1445
f 356//356 353//353 769//769
f 361//361 771//771 775//775
f 355//355 776//776 780//780
f 1315//1315 1370//1370 623//623
f 1317//1317 624//624 1296//1296
f 1295//1295 626//626 628//628
f 1293//1293 633//633 1322//1322
f 1323//1323 640//640 1409//1409
f 1413//1413 639//639 646//646
f 1408//1408 642//642 1415//1415
f 1419//1419 645//645 653//653
f 1416//1416 658//658 1421//1421
f 1422//1422 657//657 1424//1424
f 1425//1425 654//654 667//667
f 1427//1427 666//666 1434//1434
f 1433//1433 668//668 676//676
f 1432//1432 675//675 1438//1438
f 1439//1439 677//677 690//690
f 1436//1436 686//686 1402//1402
f 1387//1387 1404//1404 1400//1400
f 1398//1398 708//708 1186//1186
f 1187//1187 706//706 841//841
f 1188//1188 842//842 1193//1193
f 1195//1195 838//838 855//855
f 1192//1192 852//852 1202//1202
f 1203//1203 856//856 866//866
f 1198//1198 868//868 1204//1204
f 1205//1205 867//867 875//875
f 1206//1206 876//876 1212//1212
f 1213//1213 878//878 887//887
f 1214//1214 891//891 1220//1220
f 1218//1218 889//889 901//901
f 1219//1219 899//899 1226//1226
f 347//347 953//953 217//217
f 777//777 774//774 983//983
f 778//778 984//984 801//801
f 802//802 986//986 608//608
f 604//604 985//985 271//271
f 603//603 273//273 602//602
f 160//160 114//114 1048//1048
f 138//138 219//219 966//966
f 139//139 968//968 1452//1452
f 354//354 1448//1448 768//768
f 1368//1368 235//235 229//229
f 1369//1369 230//230 622//622
f 1327//1327 630//630 638//638
f 1406//1406 691//691 701//701
f 1405//1405 700//700 1397//1397
f 1396//1396 699//699 703//703
f 218//218 960//960 967//967
f 1443//1443 1461//1461 972//972
f 1444//1444 974//974 772//772
f 770//770 976//976 987//987
f 988//988 270//270 272//272
f 586//586 584//584 1468//1468
f 452//452 462//462 449//449
f 1467//1467 581//581 589//589
f 1471//1471 1475//1475 1485//1485
f 1493//1493 1497//1497 1507//1507
f 1501//1501 1520//1520 1508//1508
f 1503//1503 1519//1519 1523//1523
f 1506//1506 1525//1525 1529//1529
f 1491//1491 1512//1512 1487//1487
f 1486//1486 1504//1504 1533//1533
f 1490//1490 1537//1537 1474//1474
f 1544//1544 1550//1550 1554//1554
f 1553//1553 1552//1552 1569//1569
f 1555//1555 1566//1566 1571//1571
f 1528//1528 1576//1576 1505//1505
f 1502//1502 1575//1575 1556//1556
f 1511//1511 1562//1562 1581//1581
f 1582//1582 1561//1561 1570//1570
f 1588//1588 1598//1598 1603//1603
f 1476//1476 1613//1613 1489//1489
f 1488//1488 1610//1610 1617//1617
f 1484//1484 1622//1622 1625//1625
f 1623//1623 1621//1621 1628//1628
f 1563//1563 1634//1634 1545//1545
f 1540//1540 1636//1636 1644//1644
f 1539//1539 1639//1639 1649//1649
f 1650//1650 1640//1640 1652//1652
f 1632//1632 1615//1615 1594//1594
f 1593//1593 1616//1616 1660//1660
f 1597//1597 1661//1661 1604//1604
f 1601//1601 1668//1668 1674//1674
f 1646//1646 1681//1681 1653//1653
f 1654//1654 1682//1682 1688//1688
f 1656//1656 1683//1683 1691//1691
f 1693//1693 1684//1684 1698//1698
f 1690//1690 1697//1697 1703//1703
f 1677//1677 1709//1709 1608//1608
f 1605//1605 1713//1713 1715//1715
f 1602//1602 1717//1717 1587//1587
f 1532//1532 1888//1888 1472//1472
f 1517//1517 1891//1891 1524//1524
f 1481//1481 1897//1897 1492//1492
f 1761//1761 1911//1911 1803//1803
f 1804//1804 1913//1913 1904//1904
f 1802//1802 1905//1905 1916//1916
f 1915//1915 1929//1929 1696//1696
f 1764//1764 1901//1901 1759//1759
f 1757//1757 1902//1902 1936//1936
f 1758//1758 1934//1934 1760//1760
f 1762//1762 1935//1935 1912//1912
f 1939//1939 1763//1763 1768//1768
f 1938//1938 1767//1767 1772//1772
f 1765//1765 1940//1940 1948//1948
f 1766//1766 1945//1945 1899//1899
f 1791//1791 1953//1953 1771//1771
f 1770//1770 1949//1949 1958//1958
f 1769//1769 1957//1957 1942//1942
f 1792//1792 1965//1965 1950//1950
f 1793//1793 1774//1774 1961//1961
f 1960//1960 1773//1773 1967//1967
f 1970//1970 1775//1775 1781//1781
f 1787//1787 1992//1992 1977//1977
f 1785//1785 1974//1974 1776//1776
f 1966//1966 1783//1783 1980//1980
f 1979//1979 1782//1782 1780//1780
f 1984//1984 1778//1778 1976//1976
f 1975//1975 1779//1779 1777//1777
f 1991//1991 1993//1993 1786//1786
f 1797//1797 2002//2002 1790//1790
f 1784//1784 1788//1788 1988//1988
f 1987//1987 1789//1789 2000//2000
f 2004//2004 1796//1796 1807//1807
f 2003//2003 1809//1809 2826//2826
f 2827//2827 1808//1808 1812//1812
f 1795//1795 2007//2007 2011//2011
f 1794//1794 2014//2014 1799//1799
f 1798//1798 2010//2010 2001//2001
f 1825//1825 2018//2018 2022//2022
f 1824//1824 2025//2025 1811//1811
f 1810//1810 2021//2021 2833//2833
f 1813//1813 2834//2834 2828//2828
f 1819//1819 2028//2028 2031//2031
f 1821//1821 2032//2032 1816//1816
f 1818//1818 2035//2035 2043//2043
f 1817//1817 2041//2041 1814//1814
f 1815//1815 2042//2042 1823//1823
f 1822//1822 2040//2040 2017//2017
f 2050//2050 2051//2051 1830//1830
f 1831//1831 2052//2052 1846//1846
f 1844//1844 2054//2054 2029//2029
f 1845//1845 2030//2030 1820//1820
f 1827//1827 2058//2058 2049//2049
f 1828//1828 2045//2045 1829//1829
f 2065//2065 1834//1834 2075//2075
f 2059//2059 1826//1826 1842//1842
f 2060//2060 1843//1843 2064//2064
f 2069//2069 1841//1841 1833//1833
f 1836//1836 2071//2071 2076//2076
f 2080//2080 1832//1832 1835//1835
f 2094//2094 1673//1673 2099//2099
f 2093//2093 2084//2084 1676//1676
f 2089//2089 2081//2081 2350//2350
f 2090//2090 1671//1671 2083//2083
f 2086//2086 2103//2103 1884//1884
f 1882//1882 2104//2104 1839//1839
f 1838//1838 2102//2102 2072//2072
f 1840//1840 2073//2073 1837//1837
f 1672//1672 1665//1665 2100//2100
f 2110//2110 1600//1600 2117//2117
f 2112//2112 2123//2123 1606//1606
f 1607//1607 2120//2120 1667//1667
f 1666//1666 2122//2122 2096//2096
f 1619//1619 2127//2127 1662//1662
f 1664//1664 2129//2129 2114//2114
f 1599//1599 1663//1663 2116//2116
f 1477//1477 2131//2131 2138//2138
f 1479//1479 2141//2141 1611//1611
f 1609//1609 2136//2136 2143//2143
f 1614//1614 2145//2145 2150//2150
f 1612//1612 2148//2148 1618//1618
f 1620//1620 2147//2147 2128//2128
f 3106//3106 2132//2132 1480//1480
f 1887//1887 3359//3359 1469//1469
f 1473//1473 3360//3360 3105//3105
f 1470//1470 3104//3104 1478//1478
f 1534//1534 2153//2153 3374//3374
f 1538//1538 3377//3377 1886//1886
f 1885//1885 3378//3378 3362//3362
f 1513//1513 2159//2159 3403//3403
f 1510//1510 3405//3405 1535//1535
f 1536//1536 3406//3406 2155//2155
f 2167//2167 1583//1583 2182//2182
f 1580//1580 2164//2164 1509//1509
f 1514//1514 2165//2165 2161//2161
f 1567//1567 2173//2173 2175//2175
f 1564//1564 2177//2177 1574//1574
f 1573//1573 2174//2174 2184//2184
f 1572//1572 2185//2185 1584//1584
f 2186//2186 2194//2194 1551//1551
f 2191//2191 2197//2197 1549//1549
f 1548//1548 2199//2199 1565//1565
f 1568//1568 2198//2198 2172//2172
f 2188//2188 1547//1547 1541//1541
f 2189//2189 1543//1543 2204//2204
f 2211//2211 2214//2214 1651//1651
f 1648//1648 2215//2215 1542//1542
f 1546//1546 2216//2216 2205//2205
f 1655//1655 2221//2221 2209//2209
f 2210//2210 1647//1647 1658//1658
f 2229//2229 2234//2234 1692//1692
f 1689//1689 2231//2231 1659//1659
f 1657//1657 2232//2232 2223//2223
f 2236//2236 2224//2224 1707//1707
f 1701//1701 1928//1928 1706//1706
f 1704//1704 1926//1926 2239//2239
f 2226//2226 1694//1694 1705//1705
f 1869//1869 1860//1860 1895//1895
f 1894//1894 1862//1862 1496//1496
f 1626//1626 1875//1875 1482//1482
f 1483//1483 1877//1877 1893//1893
f 1896//1896 1874//1874 1870//1870
f 1806//1806 1866//1866 1631//1631
f 1630//1630 1867//1867 1624//1624
f 1627//1627 1868//1868 1876//1876
f 1596//1596 1864//1864 1629//1629
f 1633//1633 1865//1865 1805//1805
f 1589//1589 1859//1859 1856//1856
f 1586//1586 1857//1857 1592//1592
f 1595//1595 1855//1855 1863//1863
f 1590//1590 1849//1849 1853//1853
f 1591//1591 1854//1854 1858//1858
f 1712//1712 1848//1848 1852//1852
f 1710//1710 1850//1850 1714//1714
f 1716//1716 1851//1851 1585//1585
f 2087//2087 1881//1881 1669//1669
f 1670//1670 1883//1883 1878//1878
f 1847//1847 1711//1711 1879//1879
f 1880//1880 1708//1708 1675//1675
f 1749//1749 1699//1699 1746//1746
f 1800//1800 1914//1914 1702//1702
f 1801//1801 1700//1700 1750//1750
f 1695//1695 1685//1685 1748//1748
f 1752//1752 1678//1678 1643//1643
f 1753//1753 1641//1641 1738//1738
f 1751//1751 1745//1745 1679//1679
f 1680//1680 1743//1743 1687//1687
f 1686//1686 1744//1744 1747//1747
f 1635//1635 1742//1742 1645//1645
f 1642//1642 1740//1740 1739//1739
f 1558//1558 1728//1728 1754//1754
f 1559//1559 1756//1756 1637//1637
f 1638//1638 1755//1755 1741//1741
f 1733//1733 1578//1578 1530//1530
f 1734//1734 1531//1531 1736//1736
f 1577//1577 1735//1735 1732//1732
f 1579//1579 1730//1730 1560//1560
f 1557//1557 1731//1731 1729//1729
f 1890//1890 1719//1719 1521//1521
f 1522//1522 1718//1718 1527//1527
f 1526//1526 1720//1720 1737//1737
f 1861//1861 1871//1871 1495//1495
f 1494//1494 1873//1873 1498//1498
f 1499//1499 1872//1872 1725//1725
f 1500//1500 1726//1726 1515//1515
f 1518//1518 1727//1727 1722//1722
f 1516//1516 1724//1724 1892//1892
f 1889//1889 1723//1723 1721//1721
f 2255//2255 2745//2745 2264//2264
f 1900//1900 1947//1947 2284//2284
f 2307//2307 2312//2312 2318//2318
f 2317//2317 2313//2313 2324//2324
f 2327//2327 2332//2332 2345//2345
f 1919//1919 1907//1907 1921//1921
f 1924//1924 1903//1903 2356//2356
f 2359//2359 2364//2364 2351//2351
f 2374//2374 2367//2367 2362//2362
f 2301//2301 2425//2425 2640//2640
f 2643//2643 2428//2428 2423//2423
f 2291//2291 2434//2434 2297//2297
f 2299//2299 2431//2431 2426//2426
f 2440//2440 2433//2433 2294//2294
f 2563//2563 2447//2447 2451//2451
f 2562//2562 2452//2452 2437//2437
f 2438//2438 2450//2450 2432//2432
f 2444//2444 2560//2560 2807//2807
f 2445//2445 2805//2805 2459//2459
f 2456//2456 2802//2802 2797//2797
f 2455//2455 2798//2798 2468//2468
f 2460//2460 2462//2462 2469//2469
f 1997//1997 2013//2013 2515//2515
f 1999//1999 2517//2517 2523//2523
f 1998//1998 2522//2522 1990//1990
f 1989//1989 2530//2530 1996//1996
f 1994//1994 2529//2529 2532//2532
f 1995//1995 2536//2536 1971//1971
f 2012//2012 2006//2006 2537//2537
f 2015//2015 2538//2538 2518//2518
f 1985//1985 2521//2521 2569//2569
f 1986//1986 2568//2568 2526//2526
f 2574//2574 2519//2519 2549//2549
f 2551//2551 2516//2516 2539//2539
f 2552//2552 2542//2542 2558//2558
f 2556//2556 2540//2540 2545//2545
f 2557//2557 2544//2544 2559//2559
f 2525//2525 2520//2520 2572//2572
f 2524//2524 2573//2573 2570//2570
f 2528//2528 2571//2571 2580//2580
f 2527//2527 2581//2581 2533//2533
f 2578//2578 2637//2637 2535//2535
f 2531//2531 2632//2632 2588//2588
f 1972//1972 2584//2584 2591//2591
f 1978//1978 2590//2590 1981//1981
f 1983//1983 2593//2593 2598//2598
f 1982//1982 2597//2597 1969//1969
f 1968//1968 2601//2601 1963//1963
f 2604//2604 1962//1962 2610//2610
f 2611//2611 1964//1964 2596//2596
f 2589//2589 1973//1973 2534//2534
f 2543//2543 2541//2541 2005//2005
f 2636//2636 2300//2300 2642//2642
f 2633//2633 2582//2582 2302//2302
f 2280//2280 1954//1954 2602//2602
f 2603//2603 1955//1955 1951//1951
f 2607//2607 1952//1952 1959//1959
f 2288//2288 2649//2649 1932//1932
f 2287//2287 1931//1931 1898//1898
f 2555//2555 2436//2436 2553//2553
f 2550//2550 2441//2441 2576//2576
f 2577//2577 2293//2293 2566//2566
f 2567//2567 2292//2292 2583//2583
f 2634//2634 2628//2628 2585//2585
f 2587//2587 2631//2631 2625//2625
f 2586//2586 2627//2627 2595//2595
f 2594//2594 2626//2626 2616//2616
f 2592//2592 2619//2619 2600//2600
f 2599//2599 2620//2620 2609//2609
f 2311//2311 2308//2308 2608//2608
f 2314//2314 2606//2606 2614//2614
f 2303//2303 2268//2268 2277//2277
f 2289//2289 2267//2267 2276//2276
f 1944//1944 1941//1941 2278//2278
f 1946//1946 2281//2281 2290//2290
f 2645//2645 2286//2286 2275//2275
f 2648//2648 2273//2273 2650//2650
f 2274//2274 2266//2266 2309//2309
f 1908//1908 1933//1933 2656//2656
f 2659//2659 1937//1937 2646//2646
f 2657//2657 2644//2644 2664//2664
f 2666//2666 2647//2647 2652//2652
f 1923//1923 2353//2353 2369//2369
f 1906//1906 1910//1910 2352//2352
f 2355//2355 1909//1909 2660//2660
f 2354//2354 2658//2658 2360//2360
f 2361//2361 2655//2655 2661//2661
f 1943//1943 1956//1956 2282//2282
f 2285//2285 2283//2283 2269//2269
f 2376//2376 2375//2375 2358//2358
f 2378//2378 2357//2357 2382//2382
f 2381//2381 2363//2363 2665//2665
f 2380//2380 2662//2662 2389//2389
f 2385//2385 2663//2663 2653//2653
f 2390//2390 2651//2651 2394//2394
f 2392//2392 2654//2654 2271//2271
f 2393//2393 2272//2272 2399//2399
f 2400//2400 2270//2270 2304//2304
f 2396//2396 2310//2310 2405//2405
f 2403//2403 2305//2305 2316//2316
f 2401//2401 2319//2319 2409//2409
f 2407//2407 2320//2320 2323//2323
f 2406//2406 2321//2321 2416//2416
f 2415//2415 2322//2322 2621//2621
f 2411//2411 2617//2617 2421//2421
f 2418//2418 2618//2618 2623//2623
f 2417//2417 2624//2624 2638//2638
f 2639//2639 2622//2622 2630//2630
f 2641//2641 2629//2629 2635//2635
f 2057//2057 2067//2067 2667//2667
f 2349//2349 2341//2341 2106//2106
f 2346//2346 2108//2108 2088//2088
f 2079//2079 2070//2070 2684//2684
f 2078//2078 2685//2685 2694//2694
f 2691//2691 2686//2686 2678//2678
f 2692//2692 2677//2677 2683//2683
f 2074//2074 2107//2107 2688//2688
f 2689//2689 2105//2105 2340//2340
f 2687//2687 2342//2342 2676//2676
f 2019//2019 2044//2044 2245//2245
f 2038//2038 2037//2037 2251//2251
f 2039//2039 2254//2254 2246//2246
f 2698//2698 2752//2752 2702//2702
f 2709//2709 2703//2703 2763//2763
f 2708//2708 2766//2766 2714//2714
f 2715//2715 2765//2765 2722//2722
f 2718//2718 2724//2724 2249//2249
f 2253//2253 2723//2723 2727//2727
f 2746//2746 2258//2258 2735//2735
f 2063//2063 2742//2742 2668//2668
f 2669//2669 2741//2741 2744//2744
f 2705//2705 2754//2754 2761//2761
f 2701//2701 2759//2759 2762//2762
f 2737//2737 2263//2263 2748//2748
f 2751//2751 2743//2743 2734//2734
f 2753//2753 2736//2736 2760//2760
f 2770//2770 2244//2244 2252//2252
f 2716//2716 2250//2250 2036//2036
f 2717//2717 2034//2034 2711//2711
f 2710//2710 2033//2033 2027//2027
f 2712//2712 2026//2026 2056//2056
f 2464//2464 2771//2771 2774//2774
f 2776//2776 2772//2772 2248//2248
f 2704//2704 2713//2713 2053//2053
f 2707//2707 2055//2055 2048//2048
f 2786//2786 2784//2784 2791//2791
f 2785//2785 2794//2794 2796//2796
f 2801//2801 2811//2811 2815//2815
f 2816//2816 2812//2812 2819//2819
f 2822//2822 2813//2813 2831//2831
f 2821//2821 2829//2829 2832//2832
f 2465//2465 2795//2795 2790//2790
f 2467//2467 2793//2793 2773//2773
f 2769//2769 2792//2792 2783//2783
f 2768//2768 2779//2779 2243//2243
f 2242//2242 2778//2778 2020//2020
f 2241//2241 2023//2023 2016//2016
f 2835//2835 2024//2024 2781//2781
f 2836//2836 2780//2780 2824//2824
f 2820//2820 2782//2782 2787//2787
f 2823//2823 2789//2789 2814//2814
f 2818//2818 2788//2788 2800//2800
f 2817//2817 2799//2799 2804//2804
f 2554//2554 2564//2564 2442//2442
f 2747//2747 2750//2750 2672//2672
f 2670//2670 2749//2749 2697//2697
f 2671//2671 2700//2700 2062//2062
f 2046//2046 2061//2061 2696//2696
f 2047//2047 2699//2699 2706//2706
f 2775//2775 2247//2247 2729//2729
f 2777//2777 2730//2730 2466//2466
f 2476//2476 2725//2725 2719//2719
f 2475//2475 2721//2721 2480//2480
f 2482//2482 2720//2720 2764//2764
f 2484//2484 2767//2767 2756//2756
f 2679//2679 2262//2262 2738//2738
f 2682//2682 2739//2739 2693//2693
f 2695//2695 2740//2740 2068//2068
f 2690//2690 2066//2066 2077//2077
f 2008//2008 2830//2830 2837//2837
f 2009//2009 2839//2839 2548//2548
f 2546//2546 2840//2840 2844//2844
f 2547//2547 2843//2843 2565//2565
f 2279//2279 2605//2605 2306//2306
f 2315//2315 2612//2612 2325//2325
f 2326//2326 2613//2613 2615//2615
f 2579//2579 2296//2296 2298//2298
f 2295//2295 2575//2575 2439//2439
f 2803//2803 2561//2561 2845//2845
f 2806//2806 2846//2846 2810//2810
f 2809//2809 2842//2842 2841//2841
f 2808//2808 2838//2838 2825//2825
f 2339//2339 2344//2344 2337//2337
f 2338//2338 2336//2336 2673//2673
f 2674//2674 2331//2331 2510//2510
f 2675//2675 2512//2512 2681//2681
f 2681//2681 2512//2512 2508//2508
f 2680//2680 2507//2507 2261//2261
f 2260//2260 2509//2509 2501//2501
f 2265//2265 2500//2500 2259//2259
f 2256//2256 2502//2502 2496//2496
f 2257//2257 2499//2499 2731//2731
f 2732//2732 2497//2497 2495//2495
f 2733//2733 2490//2490 2758//2758
f 2757//2757 2494//2494 2489//2489
f 2755//2755 2487//2487 2485//2485
f 2728//2728 2477//2477 2473//2473
f 2726//2726 2472//2472 2463//2463
f 2856//2856 2861//2861 3323//3323
f 2121//2121 2109//2109 2889//2889
f 3003//3003 3008//3008 3385//3385
f 3386//3386 3009//3009 3000//3000
f 3428//3428 3013//3013 3006//3006
f 3426//3426 3014//3014 3431//3431
f 3023//3023 3018//3018 3030//3030
f 3025//3025 3031//3031 3422//3422
f 3425//3425 3029//3029 3012//3012
f 3016//3016 3022//3022 3129//3129
f 3017//3017 3131//3131 3035//3035
f 3033//3033 3128//3128 3176//3176
f 3034//3034 3178//3178 3168//3168
f 3037//3037 3170//3170 3044//3044
f 3040//3040 3174//3174 3201//3201
f 3045//3045 3200//3200 3047//3047
f 2371//2371 3090//3090 2365//2365
f 1922//1922 2370//2370 1917//1917
f 3097//3097 1925//1925 1920//1920
f 2082//2082 2095//2095 2944//2944
f 2940//2940 2934//2934 3120//3120
f 3141//3141 3122//3122 2933//2933
f 3142//3142 2938//2938 3125//3125
f 3132//3132 2937//2937 2931//2931
f 3130//3130 2930//2930 2926//2926
f 3148//3148 2927//2927 3114//3114
f 3149//3149 3133//3133 3153//3153
f 2162//2162 2181//2181 2929//2929
f 2928//2928 2183//2183 2923//2923
f 2922//2922 2180//2180 2178//2178
f 3108//3108 2200//2200 3157//3157
f 2192//2192 2187//2187 3161//3161
f 3162//3162 2190//2190 2206//2206
f 3165//3165 2203//2203 3195//3195
f 3194//3194 2202//2202 2213//2213
f 3196//3196 2217//2217 3184//3184
f 3185//3185 2218//2218 2208//2208
f 3186//3186 2207//2207 3187//3187
f 3110//3110 3115//3115 2169//2169
f 2170//2170 3113//3113 2179//2179
f 2176//2176 3117//3117 2924//2924
f 3159//3159 3138//3138 3109//3109
f 3111//3111 3136//3136 3112//3112
f 2932//2932 2935//2935 2166//2166
f 2168//2168 2936//2936 2939//2939
f 2171//2171 2201//2201 3107//3107
f 2196//2196 2195//2195 3155//3155
f 3154//3154 2193//2193 3167//3167
f 3145//3145 3137//3137 3171//3171
f 3172//3172 3135//3135 3151//3151
f 3169//3169 3152//3152 3198//3198
f 3140//3140 3124//3124 3021//3021
f 3229//3229 3179//3179 3126//3126
f 2219//2219 3223//3223 3189//3189
f 2212//2212 2222//2222 3188//3188
f 3119//3119 3139//3139 3026//3026
f 2228//2228 2897//2897 2892//2892
f 2227//2227 2893//2893 2235//2235
f 3192//3192 2907//2907 3219//3219
f 3220//3220 2913//2913 3236//3236
f 3217//3217 3233//3233 3214//3214
f 3231//3231 3127//3127 2921//2921
f 3230//3230 2925//2925 3147//3147
f 3143//3143 3116//3116 3134//3134
f 3199//3199 3150//3150 3156//3156
f 3203//3203 3158//3158 3205//3205
f 3207//3207 3160//3160 3166//3166
f 3206//3206 3164//3164 2916//2916
f 2914//2914 3163//3163 3197//3197
f 2918//2918 3193//3193 3181//3181
f 3242//3242 3247//3247 3251//3251
f 3250//3250 3246//3246 2891//2891
f 3249//3249 2890//2890 2898//2898
f 2903//2903 3245//3245 3239//3239
f 2910//2910 3226//3226 2904//2904
f 2906//2906 3227//3227 3244//3244
f 3254//3254 3240//3240 3253//3253
f 3259//3259 3248//3248 3265//3265
f 3260//3260 3252//3252 2896//2896
f 3262//3262 2900//2900 2237//2237
f 2240//2240 2899//2899 2225//2225
f 3095//3095 1918//1918 2368//2368
f 2238//2238 1927//1927 3264//3264
f 3263//3263 1930//1930 3100//3100
f 3261//3261 3098//3098 3257//3257
f 2220//2220 2230//2230 3225//3225
f 3222//3222 2233//2233 2894//2894
f 3221//3221 2895//2895 3243//3243
f 2085//2085 2950//2950 2343//2343
f 2113//2113 3270//3270 2885//2885
f 2884//2884 3267//3267 3272//3272
f 2097//2097 3281//3281 3286//3286
f 3285//3285 3282//3282 2880//2880
f 2883//2883 3283//3283 3292//3292
f 3302//3302 3295//3295 3275//3275
f 3303//3303 3273//3273 2868//2868
f 3280//3280 2888//2888 3296//3296
f 3284//3284 3301//3301 3293//3293
f 2091//2091 2101//2101 3288//3288
f 2092//2092 3289//3289 2946//2946
f 2947//2947 3287//3287 2878//2878
f 2874//2874 2151//2151 3339//3339
f 3342//3342 2149//2149 3315//3315
f 3319//3319 3337//3337 3316//3316
f 3311//3311 3332//3332 3343//3343
f 3341//3341 2867//2867 2876//2876
f 2872//2872 2866//2866 3274//3274
f 3271//3271 2877//2877 3277//3277
f 2098//2098 2119//2119 3278//3278
f 3279//3279 2124//2124 2886//2886
f 2887//2887 3276//3276 3300//3300
f 2865//2865 3338//3338 3346//3346
f 3345//3345 3340//3340 3336//3336
f 3328//3328 2863//2863 3353//3353
f 2849//2849 2853//2853 3356//3356
f 3354//3354 2854//2854 3310//3310
f 3355//3355 3309//3309 3363//3363
f 3361//3361 3306//3306 3101//3101
f 2851//2851 3358//3358 3371//3371
f 3373//3373 3357//3357 3364//3364
f 3372//3372 3365//3365 3375//3375
f 3379//3379 2859//2859 2852//2852
f 2858//2858 3380//3380 3387//3387
f 2857//2857 3384//3384 2860//2860
f 3394//3394 2847//2847 3366//3366
f 3367//3367 3376//3376 2154//2154
f 3399//3399 3395//3395 3369//3369
f 3400//3400 3368//3368 3402//3402
f 3407//3407 3370//3370 2156//2156
f 3404//3404 2158//2158 3409//3409
f 3408//3408 3414//3414 3396//3396
f 3401//3401 3410//3410 3417//3417
f 3393//3393 3421//3421 3432//3432
f 2850//2850 3430//3430 3383//3383
f 2157//2157 2163//2163 2942//2942
f 2160//2160 2941//2941 3411//3411
f 3413//3413 2943//2943 3121//3121
f 3412//3412 3123//3123 3419//3419
f 3416//3416 3118//3118 3024//3024
f 2848//2848 3392//3392 3429//3429
f 3228//3228 3144//3144 3177//3177
f 3175//3175 3146//3146 3173//3173
f 3317//3317 3329//3329 3352//3352
f 3318//3318 3351//3351 3331//3331
f 3305//3305 2864//2864 2976//2976
f 3304//3304 2975//2975 3298//3298
f 3297//3297 2977//2977 2970//2970
f 3299//3299 2967//2967 3291//3291
f 3294//3294 2971//2971 2965//2965
f 3290//3290 2962//2962 2879//2879
f 2882//2882 2963//2963 2957//2957
f 2881//2881 2960//2960 2949//2949
f 2948//2948 2958//2958 2952//2952
f 2945//2945 2953//2953 2348//2348
f 2347//2347 2951//2951 2330//2330
f 3350//3350 2862//2862 3390//3390
f 3349//3349 3388//3388 2996//2996
f 3348//3348 3001//3001 3334//3334
f 3347//3347 3335//3335 2980//2980
f 3344//3344 2979//2979 2871//2871
f 2869//2869 2981//2981 2986//2986
f 2870//2870 2987//2987 2973//2973
f 2111//2111 2118//2118 3266//3266
f 3269//3269 2115//2115 2125//2125
f 3268//3268 2126//2126 2875//2875
f 2873//2873 2130//2130 2152//2152
f 2146//2146 2144//2144 3313//3313
f 3314//3314 2142//2142 2137//2137
f 3312//3312 2140//2140 3322//3322
f 3320//3320 2139//2139 2134//2134
f 3321//3321 2135//2135 3324//3324
f 3327//3327 2133//2133 3102//3102
f 3325//3325 3103//3103 3307//3307
f 3326//3326 3308//3308 2855//2855
f 3391//3391 3397//3397 3423//3423
f 3424//3424 3398//3398 3418//3418
f 3420//3420 3415//3415 3027//3027
f 3213//3213 2920//2920 3182//3182
f 3215//3215 3180//3180 3216//3216
f 3218//3218 3183//3183 3191//3191
f 3190//3190 3224//3224 2908//2908
f 3099//3099 2366//2366 3088//3088
f 3096//3096 3094//3094 3255//3255
f 3258//3258 3093//3093 3085//3085
f 3256//3256 3086//3086 3238//3238
f 3237//3237 3087//3087 3077//3077
f 3241//3241 3079//3079 2905//2905
f 2901//2901 3080//3080 3075//3075
f 2902//2902 3071//3071 2909//2909
f 2912//2912 3076//3076 3070//3070
f 2911//2911 3068//3068 3235//3235
f 3232//3232 3067//3067 3060//3060
f 3234//3234 3063//3063 3211//3211
f 3210//3210 3064//3064 3056//3056
f 3212//3212 3057//3057 2915//2915
f 2917//2917 3059//3059 3054//3054
f 2919//2919 3052//3052 3209//3209
f 3208//3208 3053//3053 3046//3046
f 3204//3204 3048//3048 3202//3202
f 3382//3382 3427//3427 3004//3004
f 3381//3381 3007//3007 3389//3389
f 3333//3333 2999//2999 2994//2994
f 3330//3330 2992//2992 2983//2983
f 2984//2984 3436//3436 2989//2989
f 2988//2988 3439//3439 3441//3441
f 3010//3010 3448//3448 2997//2997
f 2995//2995 3449//3449 3451//3451
f 3438//3438 2982//2982 2993//2993
f 3437//3437 2990//2990 3452//3452
f 3453//3453 2991//2991 2998//2998
f 2498//2498 2503//2503 3454//3454
f 3454//3454 2503//2503 3459//3459
f 3461//3461 2474//2474 3463//3463
f 3464//3464 2479//2479 2481//2481
f 3464//3464 2481//2481 3466//3466
f 3468//3468 2483//2483 2488//2488
f 3460//3460 2471//2471 2478//2478
f 3450//3450 3011//3011 3005//3005
f 3450//3450 3005//3005 3434//3434
f 3435//3435 3002//3002 3015//3015
f 2985//2985 3440//3440 2974//2974
f 2972//2972 3441//3441 3471//3471
f 3444//3444 2333//2333 3473//3473
f 3472//3472 2335//2335 2329//2329
f 3472//3472 2329//2329 3475//3475
f 3474//3474 2328//2328 2954//2954
f 2504//2504 2505//2505 3458//3458
f 3457//3457 2506//2506 2511//2511
f 3456//3456 2514//2514 3443//3443
f 3442//3442 2513//2513 2334//2334
f 2486//2486 2492//2492 3467//3467
f 3465//3465 2493//2493 3455//3455
f 3454//3454 2491//2491 2498//2498
f 2470//2470 3462//3462 3477//3477
f 2470//2470 3477//3477 2461//2461
f 2427//2427 3479//3479 2420//2420
f 2419//2419 3481//3481 3484//3484
f 3485//3485 2404//2404 3486//3486
f 3492//3492 2387//2387 3493//3493
f 3494//3494 2386//2386 2395//2395
f 3497//3497 2961//2961 3471//3471
f 3470//3470 2964//2964 2969//2969
f 3469//3469 2968//2968 2978//2978
f 2430//2430 2454//2454 3446//3446
f 3445//3445 2453//2453 3500//3500
f 3480//3480 2424//2424 3447//3447
f 3445//3445 2429//2429 2435//2435
f 2402//2402 2408//2408 3488//3488
f 3487//3487 2410//2410 2412//2412
f 3489//3489 2413//2413 3482//3482
f 3483//3483 2414//2414 2422//2422
f 2391//2391 2398//2398 3495//3495
f 3496//3496 2397//2397 3485//3485
f 3485//3485 2397//2397 2404//2404
f 3015//3015 3032//3032 3435//3435
f 3433//3433 3028//3028 3503//3503
f 2954//2954 2955//2955 3474//3474
f 3476//3476 2959//2959 3498//3498
f 3499//3499 2956//2956 2966//2966
f 2448//2448 2457//2457 3506//3506
f 3507//3507 2458//2458 3478//3478
f 2379//2379 2383//2383 3509//3509
f 3509//3509 2383//2383 3491//3491
f 3490//3490 2384//2384 2388//2388
f 3510//3510 3092//3092 3514//3514
f 3513//3513 3091//3091 2372//2372
f 3515//3515 2373//2373 3508//3508
f 3508//3508 2373//2373 2377//2377
f 3028//3028 3019//3019 3503//3503
f 3504//3504 3020//3020 3516//3516
f 2449//2449 2443//2443 3501//3501
f 3502//3502 2446//2446 3505//3505
f 3520//3520 3083//3083 3512//3512
f 3511//3511 3084//3084 3089//3089
f 3066//3066 3073//3073 3523//3523
f 3524//3524 3072//3072 3519//3519
f 3521//3521 3074//3074 3078//3078
f 3518//3518 3081//3081 3082//3082
f 3042//3042 3049//3049 3526//3526
f 3526//3526 3049//3049 3528//3528
f 3529//3529 3050//3050 3051//3051
f 3529//3529 3051//3051 3531//3531
f 3530//3530 3055//3055 3058//3058
f 3020//3020 3036//3036 3516//3516
f 3517//3517 3039//3039 3533//3533
f 3058//3058 3065//3065 3530//3530
f 3531//3531 3062//3062 3522//3522
f 3525//3525 3061//3061 3069//3069
f 3532//3532 3038//3038 3041//3041
f 3533//3533 3043//3043 3527//3527

