mtllib material.mtl
usemtl SWMaterial-2_001
v -0.01982900 -0.07586200 0.02030300
v -0.01982900 -0.07586200 0.02030300
v -0.01982900 -0.07586200 0.02030300
v -0.01982900 -0.07586200 0.02030300
v -0.01982900 -0.07586200 0.02030300
v -0.01982900 -0.07586200 0.02030300
v -0.01329200 -0.07600000 0.01836800
v -0.01329200 -0.07600000 0.01836800
v -0.01329200 -0.07600000 0.01836800
v -0.01329200 -0.07600000 0.01836800
v -0.01329200 -0.07600000 0.01836800
v -0.01469300 -0.07400000 0.01735100
v -0.01469300 -0.07400000 0.01735100
v -0.01469300 -0.07400000 0.01735100
v -0.01469300 -0.07400000 0.01735100
v -0.01469300 -0.07400000 0.01735100
v -0.01469300 -0.07400000 0.01735100
v -0.00900000 -0.07650000 0.00800000
v -0.00900000 -0.07650000 0.00800000
v -0.00900000 -0.07650000 0.00800000
v -0.00900000 -0.07650000 0.00800000
v 0.01021000 -0.07600100 0.00838200
v 0.01021000 -0.07600100 0.00838200
v 0.01021000 -0.07600100 0.00838200
v 0.01021000 -0.07600100 0.00838200
v 0.01021000 -0.07600100 0.00838200
v 0.01021000 -0.07600100 0.00838200
v 0.01021000 -0.07600100 0.00838200
v 0.01021000 -0.07600100 0.00838200
v 0.01021000 -0.07600100 0.00838200
v 0.00951800 -0.07650000 0.00806800
v 0.00951800 -0.07650000 0.00806800
v 0.00951800 -0.07650000 0.00806800
v 0.00951800 -0.07650000 0.00806800
v -0.01073200 -0.07650000 0.02900000
v -0.01073200 -0.07650000 0.02900000
v -0.01073200 -0.07650000 0.02900000
v -0.01041700 -0.07634600 0.02941200
v -0.01041700 -0.07634600 0.02941200
v -0.01041700 -0.07634600 0.02941200
v -0.01041700 -0.07634600 0.02941200
v -0.01041700 -0.07634600 0.02941200
v -0.01041700 -0.07634600 0.02941200
v -0.01041700 -0.07634600 0.02941200
v -0.00900000 -0.07650000 0.03000000
v -0.00900000 -0.07650000 0.03000000
v -0.00900000 -0.07650000 0.03000000
v -0.00900000 -0.07650000 0.03000000
v -0.00900000 -0.07650000 0.03000000
v -0.01100000 -0.09150000 0.02800000
v -0.01100000 -0.09150000 0.02800000
v -0.01100000 -0.09150000 0.02800000
v -0.01100000 -0.09150000 0.02800000
v -0.01100000 -0.09150000 0.01000000
v -0.01100000 -0.09150000 0.01000000
v -0.01100000 -0.09150000 0.01000000
v -0.01100000 -0.09150000 0.01000000
v -0.01100000 -0.09150000 0.01000000
v -0.01100000 -0.09150000 0.01000000
v -0.01100000 -0.09150000 0.01000000
v -0.01100000 -0.09150000 0.01000000
v -0.01000000 -0.07650000 0.00826800
v -0.01000000 -0.07650000 0.00826800
v -0.01000000 -0.07650000 0.00826800
v -0.01093200 -0.07650000 0.00948200
v -0.01093200 -0.07650000 0.00948200
v -0.01093200 -0.07650000 0.00948200
v -0.01041200 -0.09200000 0.00858400
v -0.01041200 -0.09200000 0.00858400
v -0.01041200 -0.09200000 0.00858400
v -0.01041200 -0.09200000 0.00858400
v -0.01041200 -0.09200000 0.00858400
v -0.01041200 -0.09200000 0.00858400
v -0.01041200 -0.09200000 0.00858400
v -0.01041200 -0.09200000 0.00858400
v -0.01041200 -0.09200000 0.00858400
v -0.01041200 -0.09200000 0.00858400
v -0.00900000 -0.09150000 0.00800000
v -0.00900000 -0.09150000 0.00800000
v -0.00900000 -0.09150000 0.00800000
v -0.00900000 -0.09150000 0.00800000
v -0.00900000 -0.09150000 0.00800000
v 0.00900000 -0.09169000 0.00804200
v 0.00900000 -0.09169000 0.00804200
v 0.00900000 -0.09169000 0.00804200
v 0.00900000 -0.09169000 0.00804200
v 0.00900000 -0.09150000 0.00800000
v 0.00900000 -0.09150000 0.00800000
v 0.00900000 -0.09150000 0.00800000
v 0.00900000 -0.09150000 0.00800000
v 0.00900000 -0.09150000 0.00800000
v 0.01019000 -0.09200100 0.00837300
v 0.01019000 -0.09200100 0.00837300
v 0.01019000 -0.09200100 0.00837300
v 0.01019000 -0.09200100 0.00837300
v 0.01019000 -0.09200100 0.00837300
v 0.01019000 -0.09200100 0.00837300
v 0.01019000 -0.09200100 0.00837300
v 0.01019000 -0.09200100 0.00837300
v 0.01019000 -0.09200100 0.00837300
v 0.01019000 -0.09200100 0.00837300
v 0.01019000 -0.09200100 0.00837300
v 0.01019000 -0.09200100 0.00837300
v 0.01019000 -0.09200100 0.00837300
v 0.01019000 -0.09200100 0.00837300
v 0.01019000 -0.09200100 0.00837300
v 0.01073200 -0.07650000 0.00900000
v 0.01073200 -0.07650000 0.00900000
v 0.01073200 -0.07650000 0.00900000
v 0.01073200 -0.07650000 0.00900000
v 0.01073200 -0.07650000 0.00900000
v 0.01073200 -0.07650000 0.00900000
v 0.01093200 -0.07650000 0.00948200
v 0.01093200 -0.07650000 0.00948200
v 0.01093200 -0.07650000 0.00948200
v 0.01093200 -0.07650000 0.00948200
v 0.01100000 -0.09150000 0.01000000
v 0.01100000 -0.09150000 0.01000000
v 0.01100000 -0.09150000 0.01000000
v 0.01100000 -0.09150000 0.01000000
v 0.01100000 -0.09150000 0.01000000
v 0.01100000 -0.09150000 0.02800000
v 0.01100000 -0.09150000 0.02800000
v 0.01100000 -0.09150000 0.02800000
v 0.01100000 -0.09150000 0.02800000
v 0.01100000 -0.09150000 0.02800000
v 0.01000000 -0.07650000 0.02973200
v 0.01000000 -0.07650000 0.02973200
v 0.01000000 -0.07650000 0.02973200
v 0.00900000 -0.09150000 0.03000000
v 0.00900000 -0.09150000 0.03000000
v 0.00900000 -0.09150000 0.03000000
v 0.01092600 -0.09174600 0.01900000
v 0.01092600 -0.09174600 0.01900000
v 0.01092600 -0.09174600 0.01900000
v 0.01092600 -0.09174600 0.01900000
v -0.00900000 -0.09150000 0.03000000
v -0.00900000 -0.09150000 0.03000000
v -0.00900000 -0.09150000 0.03000000
v -0.00900000 -0.09150000 0.03000000
v -0.00900000 -0.09150000 0.03000000
v -0.00951800 -0.07650000 0.02993200
v -0.00951800 -0.07650000 0.02993200
v -0.00951800 -0.07650000 0.02993200
v -0.00951800 -0.07650000 0.02993200
v -0.00951800 -0.07650000 0.00806800
v -0.00951800 -0.07650000 0.00806800
v -0.00951800 -0.07650000 0.00806800
v -0.00951800 -0.07650000 0.00806800
v -0.00951800 -0.07650000 0.00806800
v 0.00900000 -0.07610700 0.00780200
v 0.00900000 -0.07610700 0.00780200
v 0.00900000 -0.07610700 0.00780200
v 0.00900000 -0.07610700 0.00780200
v -0.01064300 -0.07600200 0.00884200
v -0.01064300 -0.07600200 0.00884200
v -0.01064300 -0.07600200 0.00884200
v -0.01064300 -0.07600200 0.00884200
v -0.01064300 -0.07600200 0.00884200
v -0.01064300 -0.07600200 0.00884200
v -0.01064300 -0.07600200 0.00884200
v -0.01064300 -0.07600200 0.00884200
v -0.01064300 -0.07600200 0.00884200
v -0.01064300 -0.07600200 0.00884200
v -0.01064300 -0.07600200 0.00884200
v -0.01064300 -0.07600200 0.00884200
v -0.01064300 -0.07600200 0.00884200
v 0.00900000 -0.07650000 0.00800000
v 0.00900000 -0.07650000 0.00800000
v 0.00900000 -0.07650000 0.00800000
v 0.00900000 -0.07650000 0.00800000
v 0.00900000 -0.07650000 0.00800000
v 0.00900000 -0.07650000 0.00800000
v -0.00900000 -0.07600000 0.00750000
v -0.00900000 -0.07600000 0.00750000
v -0.00900000 -0.07600000 0.00750000
v -0.00900000 -0.07600000 0.00750000
v -0.00900000 -0.07600000 0.00750000
v 0.01100000 -0.07650000 0.01000000
v 0.01100000 -0.07650000 0.01000000
v 0.01100000 -0.07650000 0.01000000
v 0.01100000 -0.07650000 0.01000000
v 0.01100000 -0.07650000 0.01000000
v 0.01150000 -0.07600000 0.01900000
v 0.01150000 -0.07600000 0.01900000
v 0.01150000 -0.07600000 0.01900000
v 0.01150000 -0.07600000 0.01900000
v 0.01150000 -0.07600000 0.01900000
v 0.01150000 -0.07600000 0.01900000
v 0.00950600 -0.09175900 0.02993600
v 0.00950600 -0.09175900 0.02993600
v 0.00950600 -0.09175900 0.02993600
v 0.00950600 -0.09175900 0.02993600
v 0.00950600 -0.09175900 0.02993600
v 0.00950600 -0.09175900 0.02993600
v 0.00950600 -0.09175900 0.02993600
v 0.00950600 -0.09175900 0.02993600
v 0.01041500 -0.07600200 0.02941400
v 0.01041500 -0.07600200 0.02941400
v 0.01041500 -0.07600200 0.02941400
v 0.01041500 -0.07600200 0.02941400
v 0.01041500 -0.07600200 0.02941400
v 0.01041500 -0.07600200 0.02941400
v 0.01041500 -0.07600200 0.02941400
v 0.01041500 -0.07600200 0.02941400
v 0.01041500 -0.07600200 0.02941400
v 0.01041500 -0.07600200 0.02941400
v 0.01041500 -0.07600200 0.02941400
v 0.01041500 -0.07600200 0.02941400
v 0.01100000 -0.07650000 0.02800000
v 0.01100000 -0.07650000 0.02800000
v 0.01100000 -0.07650000 0.02800000
v 0.01100000 -0.07650000 0.02800000
v 0.01100000 -0.07650000 0.02800000
v 0.01093200 -0.07650000 0.02851800
v 0.01093200 -0.07650000 0.02851800
v 0.01093200 -0.07650000 0.02851800
v 0.01093200 -0.07650000 0.02851800
v 0.01114900 -0.07617100 0.01900000
v 0.01114900 -0.07617100 0.01900000
v 0.01114900 -0.07617100 0.01900000
v 0.01114900 -0.07617100 0.01900000
v 0.01114900 -0.07617100 0.01900000
v 0.00900000 -0.07650000 0.03000000
v 0.00900000 -0.07650000 0.03000000
v 0.00900000 -0.07650000 0.03000000
v 0.00900000 -0.07650000 0.03000000
v 0.00900000 -0.07650000 0.03000000
v 0.01070400 -0.09199100 0.02904500
v 0.01070400 -0.09199100 0.02904500
v 0.01070400 -0.09199100 0.02904500
v 0.01070400 -0.09199100 0.02904500
v 0.01070400 -0.09199100 0.02904500
v 0.01070400 -0.09199100 0.02904500
v 0.01070400 -0.09199100 0.02904500
v 0.01070400 -0.09199100 0.02904500
v 0.01070400 -0.09199100 0.02904500
v 0.01070400 -0.09199100 0.02904500
v 0.01070400 -0.09199100 0.02904500
v -0.01142000 -0.07600000 0.03032700
v -0.01142000 -0.07600000 0.03032700
v -0.01142000 -0.07600000 0.03032700
v -0.01142000 -0.07600000 0.03032700
v -0.01142000 -0.07600000 0.03032700
v -0.01142000 -0.07600000 0.03032700
v -0.01142000 -0.07600000 0.03032700
v -0.01142000 -0.07600000 0.03032700
v -0.01142000 -0.07600000 0.03032700
v -0.01142000 -0.07600000 0.03032700
v -0.01142000 -0.07600000 0.03032700
v -0.01142000 -0.07600000 0.03032700
v -0.00900000 -0.07631000 0.03004200
v -0.00900000 -0.07631000 0.03004200
v -0.00900000 -0.07631000 0.03004200
v -0.00900000 -0.07631000 0.03004200
v -0.01093200 -0.07650000 0.02851800
v -0.01093200 -0.07650000 0.02851800
v -0.01093200 -0.07650000 0.02851800
v -0.01093200 -0.07650000 0.02851800
v -0.01093200 -0.07650000 0.02851800
v -0.01004400 -0.09199500 0.02970400
v -0.01004400 -0.09199500 0.02970400
v -0.01004400 -0.09199500 0.02970400
v -0.01004400 -0.09199500 0.02970400
v -0.01004400 -0.09199500 0.02970400
v -0.01004400 -0.09199500 0.02970400
v -0.01004400 -0.09199500 0.02970400
v -0.01004400 -0.09199500 0.02970400
v -0.01004400 -0.09199500 0.02970400
v -0.01004400 -0.09199500 0.02970400
v -0.01100000 -0.07650000 0.01000000
v -0.01100000 -0.07650000 0.01000000
v -0.01100000 -0.07650000 0.01000000
v -0.01100000 -0.07650000 0.01000000
v -0.01100000 -0.07650000 0.01000000
v -0.01100000 -0.07650000 0.02800000
v -0.01100000 -0.07650000 0.02800000
v -0.01100000 -0.07650000 0.02800000
v -0.01100000 -0.07650000 0.02800000
v -0.01100000 -0.07650000 0.02800000
v -0.01114900 -0.07617100 0.01900000
v -0.01114900 -0.07617100 0.01900000
v -0.01114900 -0.07617100 0.01900000
v -0.01114900 -0.07617100 0.01900000
v -0.01114900 -0.07617100 0.01900000
v 0.00962200 -0.07400000 0.02810700
v 0.00962200 -0.07400000 0.02810700
v 0.00962200 -0.07400000 0.02810700
v 0.00962200 -0.07400000 0.02810700
v 0.00920800 -0.07400000 0.02858000
v 0.00920800 -0.07400000 0.02858000
v 0.00920800 -0.07400000 0.02858000
v 0.00920800 -0.07400000 0.02858000
v 0.00920800 -0.07400000 0.02858000
v 0.00920800 -0.07400000 0.02858000
v -0.00956700 -0.07400000 0.02824000
v -0.00956700 -0.07400000 0.02824000
v -0.00956700 -0.07400000 0.02824000
v -0.00956700 -0.07400000 0.02824000
v -0.00963400 -0.09200000 0.02808700
v -0.00963400 -0.09200000 0.02808700
v -0.00963400 -0.09200000 0.02808700
v -0.00963400 -0.09200000 0.02808700
v -0.00963400 -0.09200000 0.02808700
v -0.00963400 -0.09200000 0.02808700
v 0.00870000 -0.07400000 0.00930000
v 0.00870000 -0.07400000 0.00930000
v 0.00870000 -0.07400000 0.00930000
v 0.00950200 -0.07400000 0.00968500
v 0.00950200 -0.07400000 0.00968500
v 0.00950200 -0.07400000 0.00968500
v 0.00950200 -0.07400000 0.00968500
v 0.00958000 -0.09200000 0.00979200
v 0.00958000 -0.09200000 0.00979200
v 0.00958000 -0.09200000 0.00979200
v 0.00958000 -0.09200000 0.00979200
v 0.00958000 -0.09200000 0.00979200
v 0.00970000 -0.09200000 0.01030000
v 0.00970000 -0.09200000 0.01030000
v 0.00970000 -0.09200000 0.01030000
v 0.00970000 -0.09200000 0.01030000
v -0.00920800 -0.09200000 0.02858000
v -0.00920800 -0.09200000 0.02858000
v -0.00920800 -0.09200000 0.02858000
v -0.00920800 -0.09200000 0.02858000
v -0.00920800 -0.09200000 0.02858000
v -0.01050000 -0.09200000 0.01000000
v -0.01050000 -0.09200000 0.01000000
v -0.01050000 -0.09200000 0.01000000
v -0.01050000 -0.09200000 0.01000000
v -0.01050000 -0.09200000 0.01000000
v 0.00870000 -0.09200000 0.00930000
v 0.00870000 -0.09200000 0.00930000
v 0.00870000 -0.09200000 0.00930000
v 0.00870000 -0.09200000 0.00930000
v 0.00870000 -0.09200000 0.00930000
v 0.00870000 -0.09200000 0.00930000
v 0.00870000 -0.09200000 0.02870000
v 0.00870000 -0.09200000 0.02870000
v 0.00870000 -0.09200000 0.02870000
v 0.00870000 -0.09200000 0.02870000
v 0.00870000 -0.09200000 0.02870000
v 0.00870000 -0.09200000 0.02870000
v 0.00870000 -0.09200000 0.02870000
v -0.01069300 -0.09199300 0.02907000
v -0.01069300 -0.09199300 0.02907000
v -0.01069300 -0.09199300 0.02907000
v -0.01069300 -0.09199300 0.02907000
v -0.01069300 -0.09199300 0.02907000
v -0.01069300 -0.09199300 0.02907000
v -0.01069300 -0.09199300 0.02907000
v -0.01069300 -0.09199300 0.02907000
v -0.01069300 -0.09199300 0.02907000
v 0.00933200 -0.09200000 0.02848500
v 0.00933200 -0.09200000 0.02848500
v 0.00933200 -0.09200000 0.02848500
v 0.00933200 -0.09200000 0.02848500
v 0.00933200 -0.09200000 0.02848500
v 0.00910700 -0.09200000 0.00937800
v 0.00910700 -0.09200000 0.00937800
v 0.00910700 -0.09200000 0.00937800
v 0.00910700 -0.09200000 0.00937800
v 0.00910700 -0.09200000 0.00937800
v 0.00964000 -0.09200000 0.02806300
v 0.00964000 -0.09200000 0.02806300
v 0.00964000 -0.09200000 0.02806300
v 0.00964000 -0.09200000 0.02806300
v 0.00964000 -0.09200000 0.02806300
v -0.00970000 -0.09200000 0.01030000
v -0.00970000 -0.09200000 0.01030000
v -0.00970000 -0.09200000 0.01030000
v -0.00963400 -0.09200000 0.00991300
v -0.00963400 -0.09200000 0.00991300
v -0.00963400 -0.09200000 0.00991300
v -0.00963400 -0.09200000 0.00991300
v -0.00963400 -0.09200000 0.00991300
v -0.00963400 -0.09200000 0.00991300
v -0.00924000 -0.07400000 0.00943300
v -0.00924000 -0.07400000 0.00943300
v -0.00924000 -0.07400000 0.00943300
v -0.00924000 -0.07400000 0.00943300
v -0.00924000 -0.07400000 0.00943300
v -0.00929400 -0.09200000 0.00948600
v -0.00929400 -0.09200000 0.00948600
v -0.00929400 -0.09200000 0.00948600
v -0.00929400 -0.09200000 0.00948600
v -0.00929400 -0.09200000 0.00948600
v -0.00929400 -0.09200000 0.00948600
v -0.00870000 -0.09200000 0.00930000
v -0.00870000 -0.09200000 0.00930000
v -0.00870000 -0.09200000 0.00930000
v -0.00870000 -0.09200000 0.00930000
v -0.00870000 -0.09200000 0.00930000
v 0.01056500 -0.07568300 0.03399900
v 0.01056500 -0.07568300 0.03399900
v 0.01056500 -0.07568300 0.03399900
v 0.01056500 -0.07568300 0.03399900
v 0.01056500 -0.07568300 0.03399900
v 0.01056500 -0.07568300 0.03399900
v 0.01056500 -0.07568300 0.03399900
v 0.01282100 -0.07576000 0.03274900
v 0.01282100 -0.07576000 0.03274900
v 0.01282100 -0.07576000 0.03274900
v 0.01282100 -0.07576000 0.03274900
v 0.01969800 -0.07578600 0.02075200
v 0.01969800 -0.07578600 0.02075200
v 0.01969800 -0.07578600 0.02075200
v 0.01969800 -0.07578600 0.02075200
v 0.01969800 -0.07578600 0.02075200
v 0.01969800 -0.07578600 0.02075200
v 0.01979400 -0.07582000 0.01760000
v 0.01979400 -0.07582000 0.01760000
v 0.01979400 -0.07582000 0.01760000
v 0.01979400 -0.07582000 0.01760000
v 0.01979400 -0.07582000 0.01760000
v 0.01979400 -0.07582000 0.01760000
v 0.01102000 -0.07586800 0.00414600
v 0.01102000 -0.07586800 0.00414600
v 0.01102000 -0.07586800 0.00414600
v 0.01102000 -0.07586800 0.00414600
v 0.01102000 -0.07586800 0.00414600
v 0.01102000 -0.07586800 0.00414600
v 0.01000000 -0.07550000 0.00400000
v 0.01000000 -0.07550000 0.00400000
v 0.01000000 -0.07550000 0.00400000
v -0.01276500 -0.07400000 0.00502800
v -0.01276500 -0.07400000 0.00502800
v -0.01276500 -0.07400000 0.00502800
v -0.01276500 -0.07400000 0.00502800
v -0.01276500 -0.07400000 0.00502800
v -0.01057300 -0.07572200 0.00400100
v -0.01057300 -0.07572200 0.00400100
v -0.01057300 -0.07572200 0.00400100
v -0.01057300 -0.07572200 0.00400100
v -0.01057300 -0.07572200 0.00400100
v -0.01057300 -0.07572200 0.00400100
v -0.01057300 -0.07572200 0.00400100
v -0.01057300 -0.07572200 0.00400100
v -0.01281100 -0.07576100 0.00523500
v -0.01281100 -0.07576100 0.00523500
v -0.01281100 -0.07576100 0.00523500
v -0.01281100 -0.07576100 0.00523500
v 0.01000000 -0.07600000 0.00450000
v 0.01000000 -0.07600000 0.00450000
v 0.01000000 -0.07600000 0.00450000
v 0.01000000 -0.07600000 0.00450000
v 0.01000000 -0.07600000 0.00450000
v 0.01000000 -0.07600000 0.00450000
v 0.01000000 -0.07600000 0.00450000
v -0.01157400 -0.07600000 0.03370200
v -0.01157400 -0.07600000 0.03370200
v -0.01157400 -0.07600000 0.03370200
v -0.01157400 -0.07600000 0.03370200
v -0.01157400 -0.07600000 0.03370200
v -0.01157400 -0.07600000 0.03370200
v -0.01157400 -0.07600000 0.03370200
v -0.01157400 -0.07600000 0.03370200
v -0.01157400 -0.07600000 0.03370200
v 0.01589200 -0.07600000 0.01154600
v 0.01589200 -0.07600000 0.01154600
v 0.01589200 -0.07600000 0.01154600
v 0.01589200 -0.07600000 0.01154600
v 0.01589200 -0.07600000 0.01154600
v 0.01589200 -0.07600000 0.01154600
v 0.01578600 -0.07600000 0.01710300
v 0.01578600 -0.07600000 0.01710300
v 0.01578600 -0.07600000 0.01710300
v 0.01578600 -0.07600000 0.01710300
v 0.01578600 -0.07600000 0.01710300
v 0.01578600 -0.07600000 0.01710300
v 0.01303100 -0.07600000 0.01908300
v 0.01303100 -0.07600000 0.01908300
v 0.01303100 -0.07600000 0.01908300
v 0.01303100 -0.07600000 0.01908300
v 0.01603600 -0.07600000 0.02079400
v 0.01603600 -0.07600000 0.02079400
v 0.01603600 -0.07600000 0.02079400
v 0.01603600 -0.07600000 0.02079400
v 0.01603600 -0.07600000 0.02079400
v 0.01589200 -0.07600000 0.02645400
v 0.01589200 -0.07600000 0.02645400
v 0.01589200 -0.07600000 0.02645400
v 0.01589200 -0.07600000 0.02645400
v 0.01589200 -0.07600000 0.02645400
v 0.01589200 -0.07600000 0.02645400
v 0.01589200 -0.07600000 0.02645400
v 0.01589200 -0.07600000 0.02645400
v 0.01589200 -0.07600000 0.02645400
v 0.01589200 -0.07600000 0.02645400
v 0.00000000 -0.07600000 0.03050000
v 0.00000000 -0.07600000 0.03050000
v 0.00000000 -0.07600000 0.03050000
v -0.01469400 -0.07600000 0.01720500
v -0.01469400 -0.07600000 0.01720500
v -0.01469400 -0.07600000 0.01720500
v -0.01469400 -0.07600000 0.01720500
v -0.01469400 -0.07600000 0.01720500
v -0.01589200 -0.07600000 0.01154600
v -0.01589200 -0.07600000 0.01154600
v -0.01589200 -0.07600000 0.01154600
v -0.01589200 -0.07600000 0.01154600
v -0.01589200 -0.07600000 0.01154600
v -0.01589200 -0.07600000 0.01154600
v -0.01589200 -0.07600000 0.01154600
v -0.01589200 -0.07600000 0.01154600
v -0.01589200 -0.07600000 0.01154600
v -0.01589200 -0.07600000 0.01154600
v -0.01662800 -0.07600000 0.01806000
v -0.01662800 -0.07600000 0.01806000
v -0.01662800 -0.07600000 0.01806000
v -0.01662800 -0.07600000 0.01806000
v -0.01662800 -0.07600000 0.01806000
v -0.01662800 -0.07600000 0.01806000
v 0.00000000 -0.07600000 0.03350000
v 0.00000000 -0.07600000 0.03350000
v 0.00000000 -0.07600000 0.03350000
v 0.00970000 -0.09200000 0.02770000
v 0.00970000 -0.09200000 0.02770000
v 0.00970000 -0.09200000 0.02770000
v 0.00970000 -0.09200000 0.02770000
v 0.00970000 -0.09200000 0.02770000
v -0.00870000 -0.07400000 0.02870000
v -0.00870000 -0.07400000 0.02870000
v -0.00870000 -0.07400000 0.02870000
v -0.00870000 -0.09200000 0.02870000
v -0.00870000 -0.09200000 0.02870000
v -0.00870000 -0.09200000 0.02870000
v -0.00870000 -0.09200000 0.02870000
v -0.00870000 -0.09200000 0.02870000
v -0.00970000 -0.09200000 0.02770000
v -0.00970000 -0.09200000 0.02770000
v -0.00970000 -0.09200000 0.02770000
v -0.00970000 -0.09200000 0.02770000
v -0.00970000 -0.09200000 0.02770000
v -0.01643500 -0.07600000 0.02010100
v -0.01643500 -0.07600000 0.02010100
v -0.01643500 -0.07600000 0.02010100
v -0.01643500 -0.07600000 0.02010100
v -0.01408800 -0.07600000 0.02074700
v -0.01408800 -0.07600000 0.02074700
v -0.01408800 -0.07600000 0.02074700
v -0.01408800 -0.07600000 0.02074700
v -0.01326000 -0.07400000 0.03210200
v -0.01326000 -0.07400000 0.03210200
v -0.01326000 -0.07400000 0.03210200
v -0.01000000 -0.07550000 0.03400000
v -0.01000000 -0.07550000 0.03400000
v -0.01000000 -0.07550000 0.03400000
v 0.01225000 -0.07400200 0.03329600
v 0.01225000 -0.07400200 0.03329600
v 0.01225000 -0.07400200 0.03329600
v 0.01225000 -0.07400200 0.03329600
v 0.01225000 -0.07400200 0.03329600
v 0.01225000 -0.07400200 0.03329600
v 0.02006600 -0.07400100 0.01915600
v 0.02006600 -0.07400100 0.01915600
v 0.02006600 -0.07400100 0.01915600
v 0.02006600 -0.07400100 0.01915600
v 0.02006600 -0.07400100 0.01915600
v 0.02006600 -0.07400100 0.01915600
v 0.01297100 -0.07574200 0.00539500
v 0.01297100 -0.07574200 0.00539500
v 0.01297100 -0.07574200 0.00539500
v 0.01297100 -0.07574200 0.00539500
v 0.01297100 -0.07574200 0.00539500
v 0.01297100 -0.07574200 0.00539500
v -0.01962600 -0.07568800 0.01711400
v -0.01962600 -0.07568800 0.01711400
v -0.01962600 -0.07568800 0.01711400
v -0.01962600 -0.07568800 0.01711400
v -0.01962600 -0.07568800 0.01711400
v -0.01297600 -0.07567100 0.03259900
v -0.01297600 -0.07567100 0.03259900
v -0.01297600 -0.07567100 0.03259900
v -0.01297600 -0.07567100 0.03259900
v -0.01297600 -0.07567100 0.03259900
v 0.01275900 -0.07400000 0.00501900
v 0.01275900 -0.07400000 0.00501900
v 0.01275900 -0.07400000 0.00501900
v 0.01275900 -0.07400000 0.00501900
v 0.00906300 -0.07400000 0.00936000
v 0.00906300 -0.07400000 0.00936000
v 0.00906300 -0.07400000 0.00936000
v 0.00906300 -0.07400000 0.00936000
v 0.01939300 -0.07400000 0.01670000
v 0.01939300 -0.07400000 0.01670000
v 0.01939300 -0.07400000 0.01670000
v 0.01939300 -0.07400000 0.01670000
v 0.01939300 -0.07400000 0.01670000
v 0.01610100 -0.07400000 0.01743400
v 0.01610100 -0.07400000 0.01743400
v 0.01610100 -0.07400000 0.01743400
v 0.01610100 -0.07400000 0.01743400
v 0.01610100 -0.07400000 0.01743400
v 0.01939300 -0.07400000 0.02130000
v 0.01939300 -0.07400000 0.02130000
v 0.01939300 -0.07400000 0.02130000
v 0.01939300 -0.07400000 0.02130000
v 0.01665100 -0.07400000 0.01986300
v 0.01665100 -0.07400000 0.01986300
v 0.01665100 -0.07400000 0.01986300
v 0.01665100 -0.07400000 0.01986300
v 0.01665100 -0.07400000 0.01986300
v 0.01665100 -0.07400000 0.01986300
v 0.01665100 -0.07400000 0.01986300
v 0.01665100 -0.07400000 0.01986300
v 0.01665100 -0.07400000 0.01986300
v 0.01665100 -0.07400000 0.01986300
v 0.01665100 -0.07400000 0.01986300
v 0.01665100 -0.07400000 0.01986300
v 0.01000000 -0.07400000 0.00400000
v 0.01000000 -0.07400000 0.00400000
v 0.01000000 -0.07400000 0.00400000
v 0.01000000 -0.07400000 0.00400000
v 0.01000000 -0.07400000 0.00400000
v 0.00970000 -0.07400000 0.02770000
v 0.00970000 -0.07400000 0.02770000
v 0.00970000 -0.07400000 0.02770000
v 0.00970000 -0.07400000 0.02770000
v 0.00970000 -0.07400000 0.01030000
v 0.00970000 -0.07400000 0.01030000
v 0.00970000 -0.07400000 0.01030000
v 0.00970000 -0.07400000 0.01030000
v -0.00870000 -0.07400000 0.00930000
v -0.00870000 -0.07400000 0.00930000
v -0.00870000 -0.07400000 0.00930000
v -0.01000000 -0.07400000 0.00400000
v -0.01000000 -0.07400000 0.00400000
v -0.01000000 -0.07400000 0.00400000
v 0.01326000 -0.07400000 0.03210200
v 0.01326000 -0.07400000 0.03210200
v 0.01326000 -0.07400000 0.03210200
v 0.01326000 -0.07400000 0.03210200
v 0.01326000 -0.07400000 0.03210200
v 0.01466400 -0.07400000 0.02063800
v 0.01466400 -0.07400000 0.02063800
v 0.01466400 -0.07400000 0.02063800
v 0.01466400 -0.07400000 0.02063800
v -0.00962800 -0.07400000 0.00991500
v -0.00962800 -0.07400000 0.00991500
v -0.00962800 -0.07400000 0.00991500
v 0.01000000 -0.07400000 0.03400000
v 0.01000000 -0.07400000 0.03400000
v 0.01000000 -0.07400000 0.03400000
v 0.01000000 -0.07400000 0.03400000
v -0.02015100 -0.07400000 0.01804400
v -0.02015100 -0.07400000 0.01804400
v -0.02015100 -0.07400000 0.01804400
v -0.02015100 -0.07400000 0.01804400
v -0.02015100 -0.07400000 0.01804400
v -0.02015100 -0.07400000 0.01804400
v -0.00970000 -0.07400000 0.01030000
v -0.00970000 -0.07400000 0.01030000
v -0.00970000 -0.07400000 0.01030000
v -0.00970000 -0.07400000 0.01030000
v -0.00970000 -0.07400000 0.02770000
v -0.00970000 -0.07400000 0.02770000
v -0.00970000 -0.07400000 0.02770000
v -0.00970000 -0.07400000 0.02770000
v 0.00870000 -0.07400000 0.02870000
v 0.00870000 -0.07400000 0.02870000
v 0.00870000 -0.07400000 0.02870000
v -0.00906300 -0.07400000 0.02864000
v -0.00906300 -0.07400000 0.02864000
v -0.00906300 -0.07400000 0.02864000
v -0.00906300 -0.07400000 0.02864000
v -0.01000000 -0.07400000 0.03400000
v -0.01000000 -0.07400000 0.03400000
v -0.01000000 -0.07400000 0.03400000
v -0.01000000 -0.07400000 0.03400000
v -0.01000000 -0.07400000 0.03400000
v -0.01939300 -0.07400000 0.02130000
v -0.01939300 -0.07400000 0.02130000
v -0.01939300 -0.07400000 0.02130000
v -0.01939300 -0.07400000 0.02130000
v -0.01617700 -0.07400000 0.02053300
v -0.01617700 -0.07400000 0.02053300
v -0.01617700 -0.07400000 0.02053300
v -0.01617700 -0.07400000 0.02053300
v -0.01617700 -0.07400000 0.02053300
v -0.01617700 -0.07400000 0.02053300
v -0.01224200 -0.07400000 0.03329200
v -0.01224200 -0.07400000 0.03329200
v -0.01224200 -0.07400000 0.03329200
v -0.01224200 -0.07400000 0.03329200
v 0.00049200 0.06910000 0.03595300
v 0.00049200 0.06910000 0.03595300
v 0.00049200 0.06910000 0.03595300
v 0.00049200 0.06910000 0.03595300
v 0.00049200 0.06910000 0.03595300
v 0.00102000 0.07340900 0.03556600
v 0.00102000 0.07340900 0.03556600
v 0.00102000 0.07340900 0.03556600
v 0.00102000 0.07340900 0.03556600
v 0.00102000 0.07340900 0.03556600
v -0.00068000 0.07506000 0.03557200
v -0.00068000 0.07506000 0.03557200
v -0.00068000 0.07506000 0.03557200
v -0.00068000 0.07506000 0.03557200
v -0.00068000 0.07506000 0.03557200
v -0.00068000 0.07506000 0.03557200
v 0.00104600 0.07427000 0.03440000
v 0.00104600 0.07427000 0.03440000
v 0.00104600 0.07427000 0.03440000
v 0.00104600 0.07427000 0.03440000
v -0.00118600 0.07427000 0.03410600
v -0.00118600 0.07427000 0.03410600
v -0.00118600 0.07427000 0.03410600
v 0.00162900 0.07480500 0.03390000
v 0.00162900 0.07480500 0.03390000
v 0.00162900 0.07480500 0.03390000
v 0.00162900 0.07480500 0.03390000
v 0.00162900 0.07480500 0.03390000
v 0.00162900 0.07480500 0.03390000
v 0.00131300 0.07509100 0.03161100
v 0.00131300 0.07509100 0.03161100
v 0.00131300 0.07509100 0.03161100
v 0.00131300 0.07509100 0.03161100
v 0.00101800 0.07510000 0.03462100
v 0.00101800 0.07510000 0.03462100
v 0.00101800 0.07510000 0.03462100
v 0.00101800 0.07510000 0.03462100
v 0.00101800 0.07510000 0.03462100
v 0.00101800 0.07510000 0.03462100
v -0.00221400 0.07508800 0.03639800
v -0.00221400 0.07508800 0.03639800
v -0.00221400 0.07508800 0.03639800
v -0.00221400 0.07508800 0.03639800
v -0.00179300 0.07504800 0.03358400
v -0.00179300 0.07504800 0.03358400
v -0.00179300 0.07504800 0.03358400
v -0.00179300 0.07504800 0.03358400
v -0.00179300 0.07504800 0.03358400
v -0.00179300 0.07504800 0.03358400
v -0.00179300 0.07504800 0.03358400
v -0.00179300 0.07504800 0.03358400
v -0.00179300 0.07504800 0.03358400
v -0.00062400 0.07344100 0.03587200
v -0.00062400 0.07344100 0.03587200
v -0.00062400 0.07344100 0.03587200
v -0.00062400 0.07344100 0.03587200
v -0.00062400 0.07344100 0.03587200
v -0.00062400 0.07344100 0.03587200
v 0.00141400 0.07507500 0.03720700
v 0.00141400 0.07507500 0.03720700
v 0.00141400 0.07507500 0.03720700
v 0.00141400 0.07507500 0.03720700
v 0.00141400 0.07507500 0.03720700
v 0.00141400 0.07507500 0.03720700
v 0.00152900 0.06910000 0.03357900
v 0.00152900 0.06910000 0.03357900
v 0.00152900 0.06910000 0.03357900
v 0.00152900 0.06910000 0.03357900
v 0.00152900 0.06910000 0.03357900
v -0.00102000 0.06910000 0.03313000
v -0.00102000 0.06910000 0.03313000
v -0.00102000 0.06910000 0.03313000
v -0.00102000 0.06910000 0.03313000
v -0.00144200 0.06914400 0.03507800
v -0.00144200 0.06914400 0.03507800
v -0.00144200 0.06914400 0.03507800
v -0.00144200 0.06914400 0.03507800
v -0.00144200 0.06914400 0.03507800
v -0.00072200 0.07347900 0.03284700
v -0.00072200 0.07347900 0.03284700
v -0.00072200 0.07347900 0.03284700
v -0.00072200 0.07347900 0.03284700
v -0.00072200 0.07347900 0.03284700
v -0.00072200 0.07347900 0.03284700
v 0.03862900 0.06661400 0.01400000
v 0.03862900 0.06661400 0.01400000
v 0.03862900 0.06661400 0.01400000
v 0.03862900 0.06661400 0.01400000
v 0.04385500 0.06142300 0.01468500
v 0.04385500 0.06142300 0.01468500
v 0.04385500 0.06142300 0.01468500
v 0.04385500 0.06142300 0.01468500
v 0.04385500 0.06142300 0.01468500
v 0.04385500 0.06142300 0.01468500
v 0.04385500 0.06142300 0.01468500
v 0.04692300 0.06105100 0.01400000
v 0.04692300 0.06105100 0.01400000
v 0.04692300 0.06105100 0.01400000
v 0.04692300 0.06105100 0.01400000
v 0.04692300 0.06105100 0.01400000
v 0.04794600 0.05882200 0.01436300
v 0.04794600 0.05882200 0.01436300
v 0.04794600 0.05882200 0.01436300
v 0.04794600 0.05882200 0.01436300
v 0.04794600 0.05882200 0.01436300
v 0.03506200 0.06738700 0.01434400
v 0.03506200 0.06738700 0.01434400
v 0.03506200 0.06738700 0.01434400
v 0.03506200 0.06738700 0.01434400
v 0.03506200 0.06738700 0.01434400
v 0.03506200 0.06738700 0.01434400
v -0.06406400 0.05904300 0.00040000
v -0.06406400 0.05904300 0.00040000
v -0.06406400 0.05904300 0.00040000
v -0.06406400 0.05904300 0.00040000
v -0.06420400 0.06010400 0.00040000
v -0.06420400 0.06010400 0.00040000
v -0.06420400 0.06010400 0.00040000
v -0.06420400 0.06010400 0.00040000
v -0.06420400 0.06010400 0.00040000
v -0.06406700 0.06116100 0.00000200
v -0.06406700 0.06116100 0.00000200
v -0.06406700 0.06116100 0.00000200
v -0.06406700 0.06116100 0.00000200
v -0.06406700 0.06116100 0.00000200
v -0.06406700 0.06116100 0.00000200
v -0.06406700 0.06116100 0.00000200
v -0.06406700 0.06116100 0.00000200
v -0.06365500 0.06215400 0.00040000
v -0.06365500 0.06215400 0.00040000
v -0.06365500 0.06215400 0.00040000
v -0.06365500 0.06215400 0.00040000
v -0.06117000 0.06406400 0.00000100
v -0.06117000 0.06406400 0.00000100
v -0.06117000 0.06406400 0.00000100
v -0.06117000 0.06406400 0.00000100
v -0.06117000 0.06406400 0.00000100
v -0.06117000 0.06406400 0.00000100
v -0.06117000 0.06406400 0.00000100
v -0.06117000 0.06406400 0.00000100
v -0.06010400 0.06420400 0.00040000
v -0.06010400 0.06420400 0.00040000
v -0.06010400 0.06420400 0.00040000
v -0.06010400 0.06420400 0.00040000
v -0.05903900 0.06406500 0.00000100
v -0.05903900 0.06406500 0.00000100
v -0.05903900 0.06406500 0.00000100
v -0.05903900 0.06406500 0.00000100
v -0.05903900 0.06406500 0.00000100
v -0.05903900 0.06406500 0.00000100
v -0.05903900 0.06406500 0.00000100
v -0.05903900 0.06406500 0.00000100
v -0.05805400 0.06365500 0.00040000
v -0.05805400 0.06365500 0.00040000
v -0.05805400 0.06365500 0.00040000
v -0.05805400 0.06365500 0.00040000
v -0.05805400 0.06365500 0.00040000
v 0.05655300 0.05805400 0.00040000
v 0.05655300 0.05805400 0.00040000
v 0.05655300 0.05805400 0.00040000
v 0.05655300 0.05805400 0.00040000
v 0.05614600 0.05902700 0.00000000
v 0.05614600 0.05902700 0.00000000
v 0.05614600 0.05902700 0.00000000
v 0.05614600 0.05902700 0.00000000
v 0.05614600 0.05902700 0.00000000
v 0.05614600 0.05902700 0.00000000
v 0.05614600 0.05902700 0.00000000
v 0.05614600 0.05902700 0.00000000
v 0.05614100 0.06115700 0.00000000
v 0.05614100 0.06115700 0.00000000
v 0.05614100 0.06115700 0.00000000
v 0.05614100 0.06115700 0.00000000
v 0.05614100 0.06115700 0.00000000
v 0.05614100 0.06115700 0.00000000
v 0.05720500 0.06300300 0.00040000
v 0.05720500 0.06300300 0.00040000
v 0.05720500 0.06300300 0.00040000
v 0.05720500 0.06300300 0.00040000
v 0.06116500 0.06406400 0.00040000
v 0.06116500 0.06406400 0.00040000
v 0.06116500 0.06406400 0.00040000
v 0.06116500 0.06406400 0.00040000
v 0.06116500 0.06406400 0.00040000
v 0.06300100 0.06300900 0.00000100
v 0.06300100 0.06300900 0.00000100
v 0.06300100 0.06300900 0.00000100
v 0.06300100 0.06300900 0.00000100
v 0.06300100 0.06300900 0.00000100
v 0.06300100 0.06300900 0.00000100
v 0.06300100 0.06300900 0.00000100
v 0.06300100 0.06300900 0.00000100
v 0.06300100 0.06300900 0.00000100
v 0.06300100 0.06300900 0.00000100
v 0.06300100 0.06300900 0.00000100
v 0.05655700 -0.06216200 0.00000000
v 0.05655700 -0.06216200 0.00000000
v 0.05655700 -0.06216200 0.00000000
v 0.05655700 -0.06216200 0.00000000
v 0.05655700 -0.06216200 0.00000000
v 0.05655700 -0.06216200 0.00000000
v 0.05655700 -0.06216200 0.00000000
v 0.05655700 -0.06216200 0.00000000
v 0.05613800 -0.06115000 0.00000000
v 0.05613800 -0.06115000 0.00000000
v 0.05613800 -0.06115000 0.00000000
v 0.05613800 -0.06115000 0.00000000
v 0.05613800 -0.06115000 0.00000000
v 0.05613800 -0.06115000 0.00000000
v 0.05655300 -0.05805400 0.00040000
v 0.05655300 -0.05805400 0.00040000
v 0.05655300 -0.05805400 0.00040000
v 0.05655300 -0.05805400 0.00040000
v 0.05655300 -0.05805400 0.00040000
v 0.05805400 -0.05655300 0.00040000
v 0.05805400 -0.05655300 0.00040000
v 0.05805400 -0.05655300 0.00040000
v 0.05805400 -0.05655300 0.00040000
v 0.06114800 -0.05613700 0.00000000
v 0.06114800 -0.05613700 0.00000000
v 0.06114800 -0.05613700 0.00000000
v 0.06114800 -0.05613700 0.00000000
v 0.06114800 -0.05613700 0.00000000
v 0.06114800 -0.05613700 0.00000000
v 0.06114800 -0.05613700 0.00000000
v 0.06114800 -0.05613700 0.00000000
v 0.06114800 -0.05613700 0.00000000
v -0.06420400 -0.06010400 0.00040000
v -0.06420400 -0.06010400 0.00040000
v -0.06420400 -0.06010400 0.00040000
v -0.06420400 -0.06010400 0.00040000
v -0.06420400 -0.06010400 0.00040000
v -0.06420400 -0.06010400 0.00040000
v -0.06406400 -0.05904300 0.00040000
v -0.06406400 -0.05904300 0.00040000
v -0.06406400 -0.05904300 0.00040000
v -0.06406400 -0.05904300 0.00040000
v -0.06300300 -0.05720500 0.00040000
v -0.06300300 -0.05720500 0.00040000
v -0.06300300 -0.05720500 0.00040000
v -0.06300300 -0.05720500 0.00040000
v -0.06366600 -0.05807100 0.00000100
v -0.06366600 -0.05807100 0.00000100
v -0.06366600 -0.05807100 0.00000100
v -0.06366600 -0.05807100 0.00000100
v -0.06366600 -0.05807100 0.00000100
v -0.06366600 -0.05807100 0.00000100
v -0.06366600 -0.05807100 0.00000100
v -0.06366600 -0.05807100 0.00000100
v -0.06366600 -0.05807100 0.00000100
v -0.06214400 -0.05654600 0.00000000
v -0.06214400 -0.05654600 0.00000000
v -0.06214400 -0.05654600 0.00000000
v -0.06214400 -0.05654600 0.00000000
v -0.06214400 -0.05654600 0.00000000
v -0.06214400 -0.05654600 0.00000000
v -0.06214400 -0.05654600 0.00000000
v -0.06116500 -0.05614400 0.00040000
v -0.06116500 -0.05614400 0.00040000
v -0.06116500 -0.05614400 0.00040000
v -0.06116500 -0.05614400 0.00040000
v -0.05904300 -0.05614400 0.00040000
v -0.05904300 -0.05614400 0.00040000
v -0.05904300 -0.05614400 0.00040000
v -0.05904300 -0.05614400 0.00040000
v -0.05904300 -0.05614400 0.00040000
v 0.05508500 -0.00935300 0.00000000
v 0.05508500 -0.00935300 0.00000000
v 0.05508500 -0.00935300 0.00000000
v 0.05508500 -0.00935300 0.00000000
v 0.05508500 -0.00935300 0.00000000
v 0.05698200 -0.00606700 0.00000000
v 0.05698200 -0.00606700 0.00000000
v 0.05698200 -0.00606700 0.00000000
v 0.05698200 -0.00606700 0.00000000
v 0.05698200 -0.00606700 0.00000000
v 0.06246600 -0.00679200 0.00099000
v 0.06246600 -0.00679200 0.00099000
v 0.06246600 -0.00679200 0.00099000
v 0.06246600 -0.00679200 0.00099000
v 0.06246600 -0.00679200 0.00099000
v 0.06246600 -0.00679200 0.00099000
v 0.06189700 -0.00542000 0.00000000
v 0.06189700 -0.00542000 0.00000000
v 0.06189700 -0.00542000 0.00000000
v 0.06189700 -0.00542000 0.00000000
v -0.05503800 -0.00900900 0.00100600
v -0.05503800 -0.00900900 0.00100600
v -0.05503800 -0.00900900 0.00100600
v -0.05503800 -0.00900900 0.00100600
v -0.05503800 -0.00900900 0.00100600
v -0.05503800 -0.00900900 0.00100600
v -0.05503800 -0.00900900 0.00100600
v -0.05417000 -0.01129400 0.00000000
v -0.05417000 -0.01129400 0.00000000
v -0.05417000 -0.01129400 0.00000000
v -0.05417000 -0.01129400 0.00000000
v -0.05770600 -0.01483000 0.00000000
v -0.05770600 -0.01483000 0.00000000
v -0.05770600 -0.01483000 0.00000000
v -0.05770600 -0.01483000 0.00000000
v -0.05770600 -0.01483000 0.00000000
v -0.02412500 -0.07229900 0.00000000
v -0.02412500 -0.07229900 0.00000000
v -0.02412500 -0.07229900 0.00000000
v -0.02412500 -0.07229900 0.03800000
v -0.02412500 -0.07229900 0.03800000
v -0.02412500 -0.07229900 0.03800000
v -0.02312100 -0.07394900 0.03800000
v -0.02312100 -0.07394900 0.03800000
v -0.02312100 -0.07394900 0.03800000
v -0.02312100 -0.07394900 0.00000000
v -0.02312100 -0.07394900 0.00000000
v -0.02312100 -0.07394900 0.00000000
v -0.07184100 -0.05065800 0.01200000
v -0.07184100 -0.05065800 0.01200000
v -0.07184100 -0.05065800 0.01200000
v -0.07184100 -0.05065800 0.01200000
v -0.07228600 -0.05361000 0.01200000
v -0.07228600 -0.05361000 0.01200000
v -0.07228600 -0.05361000 0.01200000
v -0.07228600 -0.05361000 0.01200000
v -0.07228600 -0.05361000 0.00000000
v -0.07228600 -0.05361000 0.00000000
v -0.07228600 -0.05361000 0.00000000
v -0.07222600 -0.05659400 0.01200000
v -0.07222600 -0.05659400 0.01200000
v -0.07222600 -0.05659400 0.01200000
v -0.07222600 -0.05659400 0.01200000
v -0.07222600 -0.05659400 0.01200000
v -0.07166100 -0.05952500 0.00000000
v -0.07166100 -0.05952500 0.00000000
v -0.07166100 -0.05952500 0.00000000
v -0.06909900 -0.06489300 0.01200000
v -0.06909900 -0.06489300 0.01200000
v -0.06909900 -0.06489300 0.01200000
v -0.06909900 -0.06489300 0.01200000
v -0.02696900 -0.07001000 0.01553400
v -0.02696900 -0.07001000 0.01553400
v -0.02696900 -0.07001000 0.01553400
v -0.02696900 -0.07001000 0.01553400
v -0.02696900 -0.07001000 0.01553400
v -0.02696900 -0.07001000 0.01553400
v -0.02696900 -0.07001000 0.01553400
v -0.02696900 -0.07001000 0.01553400
v -0.02696900 -0.07001000 0.01553400
v -0.03314000 -0.06728100 0.01600000
v -0.03314000 -0.06728100 0.01600000
v -0.03314000 -0.06728100 0.01600000
v -0.03314000 -0.06728100 0.01600000
v -0.03314000 -0.06728100 0.01600000
v -0.03736700 -0.06502800 0.03800000
v -0.03736700 -0.06502800 0.03800000
v -0.03736700 -0.06502800 0.03800000
v -0.03736700 -0.06502800 0.03800000
v -0.03853500 -0.06434300 0.01600000
v -0.03853500 -0.06434300 0.01600000
v -0.03853500 -0.06434300 0.01600000
v -0.03853500 -0.06434300 0.01600000
v -0.03853500 -0.06434300 0.01600000
v -0.03853500 -0.06434300 0.01600000
v -0.04961200 -0.05624600 0.03800000
v -0.04961200 -0.05624600 0.03800000
v -0.04961200 -0.05624600 0.03800000
v -0.04961200 -0.05624600 0.03800000
v -0.05303300 -0.05303300 0.03800000
v -0.05303300 -0.05303300 0.03800000
v -0.05303300 -0.05303300 0.03800000
v -0.05675500 -0.04902900 0.03800000
v -0.05675500 -0.04902900 0.03800000
v -0.05675500 -0.04902900 0.03800000
v -0.05675500 -0.04902900 0.03800000
v -0.05303500 -0.05303000 0.01519100
v -0.05303500 -0.05303000 0.01519100
v -0.05303500 -0.05303000 0.01519100
v -0.05303500 -0.05303000 0.01519100
v -0.05303500 -0.05303000 0.01519100
v -0.05303500 -0.05303000 0.01519100
v -0.05303500 -0.05303000 0.01519100
v -0.05303500 -0.05303000 0.01519100
v -0.06135100 -0.04314000 0.01600000
v -0.06135100 -0.04314000 0.01600000
v -0.06135100 -0.04314000 0.01600000
v -0.06135100 -0.04314000 0.01600000
v -0.06135100 -0.04314000 0.01600000
v -0.06578700 -0.03601400 0.03800000
v -0.06578700 -0.03601400 0.03800000
v -0.06578700 -0.03601400 0.03800000
v -0.06578700 -0.03601400 0.03800000
v -0.06801200 -0.03161200 0.03800000
v -0.06801200 -0.03161200 0.03800000
v -0.06801200 -0.03161200 0.03800000
v -0.06994200 -0.02707600 0.03800000
v -0.06994200 -0.02707600 0.03800000
v -0.06994200 -0.02707600 0.03800000
v -0.06994200 -0.02707600 0.03800000
v -0.07301500 -0.01714200 0.03800000
v -0.07301500 -0.01714200 0.03800000
v -0.07301500 -0.01714200 0.03800000
v -0.07301500 -0.01714200 0.03800000
v -0.07217500 -0.02039100 0.00000000
v -0.07217500 -0.02039100 0.00000000
v -0.07217500 -0.02039100 0.00000000
v -0.07217500 -0.02039100 0.00000000
v -0.07217500 -0.02039100 0.00000000
v -0.07034900 -0.02600000 0.01600000
v -0.07034900 -0.02600000 0.01600000
v -0.07034900 -0.02600000 0.01600000
v -0.07034900 -0.02600000 0.01600000
v -0.07034900 -0.02600000 0.01600000
v -0.07034900 -0.02600000 0.01600000
v -0.07034900 -0.02600000 0.01600000
v -0.07447800 -0.00883000 0.00000000
v -0.07447800 -0.00883000 0.00000000
v -0.07447800 -0.00883000 0.00000000
v -0.07447800 -0.00883000 0.00000000
v -0.07468300 -0.00688100 0.03800000
v -0.07468300 -0.00688100 0.03800000
v -0.07468300 -0.00688100 0.03800000
v -0.07468300 -0.00688100 0.03800000
v -0.07497400 -0.00195700 0.03800000
v -0.07497400 -0.00195700 0.03800000
v -0.07497400 -0.00195700 0.03800000
v -0.07497400 -0.00195700 0.03800000
v -0.07452500 0.00842900 0.03800000
v -0.07452500 0.00842900 0.03800000
v -0.07452500 0.00842900 0.03800000
v -0.07452500 0.00842900 0.03800000
v -0.07264300 0.01865500 0.03800000
v -0.07264300 0.01865500 0.03800000
v -0.07264300 0.01865500 0.03800000
v -0.07264300 0.01865500 0.03800000
v -0.07217500 0.02039100 0.00000000
v -0.07217500 0.02039100 0.00000000
v -0.07217500 0.02039100 0.00000000
v -0.07217500 0.02039100 0.00000000
v -0.07217500 0.02039100 0.00000000
v -0.06542300 0.03667100 0.01600000
v -0.06542300 0.03667100 0.01600000
v -0.06542300 0.03667100 0.01600000
v -0.06542300 0.03667100 0.01600000
v -0.06542300 0.03667100 0.01600000
v -0.06542300 0.03667100 0.01600000
v -0.06447500 0.03831400 0.03800000
v -0.06447500 0.03831400 0.03800000
v -0.06447500 0.03831400 0.03800000
v -0.06447500 0.03831400 0.03800000
v -0.06234900 0.04168400 0.01600000
v -0.06234900 0.04168400 0.01600000
v -0.06234900 0.04168400 0.01600000
v -0.06234900 0.04168400 0.01600000
v -0.06234900 0.04168400 0.01600000
v -0.06181800 0.04246800 0.03800000
v -0.06181800 0.04246800 0.03800000
v -0.06181800 0.04246800 0.03800000
v -0.06181800 0.04246800 0.03800000
v -0.05855800 0.04686100 0.03800000
v -0.05855800 0.04686100 0.03800000
v -0.05855800 0.04686100 0.03800000
v -0.05855800 0.04686100 0.03800000
v -0.05535100 0.05060800 0.03800000
v -0.05535100 0.05060800 0.03800000
v -0.05535100 0.05060800 0.03800000
v -0.04392100 0.06079400 0.03800000
v -0.04392100 0.06079400 0.03800000
v -0.04392100 0.06079400 0.03800000
v -0.04392100 0.06079400 0.03800000
v -0.03983400 0.06354700 0.03800000
v -0.03983400 0.06354700 0.03800000
v -0.03983400 0.06354700 0.03800000
v -0.03983400 0.06354700 0.03800000
v -0.03509300 0.06628300 0.03800000
v -0.03509300 0.06628300 0.03800000
v -0.03509300 0.06628300 0.03800000
v -0.03509300 0.06628300 0.03800000
v -0.03066000 0.06844700 0.03800000
v -0.03066000 0.06844700 0.03800000
v -0.03066000 0.06844700 0.03800000
v -0.03066000 0.06844700 0.03800000
v -0.02039100 0.07217500 0.00000000
v -0.02039100 0.07217500 0.00000000
v -0.02039100 0.07217500 0.00000000
v -0.02039100 0.07217500 0.00000000
v -0.02039100 0.07217500 0.00000000
v -0.01612200 0.07324700 0.03800000
v -0.01612200 0.07324700 0.03800000
v -0.01612200 0.07324700 0.03800000
v -0.01612200 0.07324700 0.03800000
v -0.00583900 0.07477200 0.03800000
v -0.00583900 0.07477200 0.03800000
v -0.00583900 0.07477200 0.03800000
v -0.00583900 0.07477200 0.03800000
v -0.00583900 0.07477200 0.03800000
v -0.00583900 0.07477200 0.03800000
v -0.00274600 0.07494800 0.03608500
v -0.00274600 0.07494800 0.03608500
v -0.00274600 0.07494800 0.03608500
v -0.00274600 0.07494800 0.03608500
v -0.00274600 0.07494800 0.03608500
v -0.00091200 0.07499400 0.03800000
v -0.00091200 0.07499400 0.03800000
v -0.00091200 0.07499400 0.03800000
v -0.00091200 0.07499400 0.03800000
v 0.00023700 0.07499800 0.03752100
v 0.00023700 0.07499800 0.03752100
v 0.00023700 0.07499800 0.03752100
v 0.00023700 0.07499800 0.03752100
v 0.00023700 0.07499800 0.03752100
v 0.00023700 0.07499800 0.03752100
v 0.00455700 0.07486100 0.03800000
v 0.00455700 0.07486100 0.03800000
v 0.00455700 0.07486100 0.03800000
v 0.00455700 0.07486100 0.03800000
v 0.00455700 0.07486100 0.03800000
v 0.00455700 0.07486100 0.03800000
v 0.00455700 0.07486100 0.03800000
v 0.00284600 0.07494400 0.03582200
v 0.00284600 0.07494400 0.03582200
v 0.00284600 0.07494400 0.03582200
v 0.00284600 0.07494400 0.03582200
v 0.00294900 0.07494200 0.00000000
v 0.00294900 0.07494200 0.00000000
v 0.00294900 0.07494200 0.00000000
v 0.00294900 0.07494200 0.00000000
v 0.00294900 0.07494200 0.00000000
v 0.00294900 0.07494200 0.00000000
v 0.00266600 0.07495200 0.03307900
v 0.00266600 0.07495200 0.03307900
v 0.00266600 0.07495200 0.03307900
v 0.00266600 0.07495200 0.03307900
v 0.00266600 0.07495200 0.03307900
v 0.01001000 0.07432900 0.03800000
v 0.01001000 0.07432900 0.03800000
v 0.01001000 0.07432900 0.03800000
v 0.01001000 0.07432900 0.03800000
v 0.02039100 0.07217500 0.00000000
v 0.02039100 0.07217500 0.00000000
v 0.02039100 0.07217500 0.00000000
v 0.02039100 0.07217500 0.00000000
v 0.02039100 0.07217500 0.00000000
v 0.02540900 0.07056500 0.03800000
v 0.02540900 0.07056500 0.03800000
v 0.02540900 0.07056500 0.03800000
v 0.02600000 0.07034900 0.00000000
v 0.02600000 0.07034900 0.00000000
v 0.02600000 0.07034900 0.00000000
v 0.02600000 0.07034900 0.00000000
v 0.02998900 0.06874300 0.03800000
v 0.02998900 0.06874300 0.03800000
v 0.02998900 0.06874300 0.03800000
v 0.02998900 0.06874300 0.03800000
v 0.03769300 0.06484000 0.01600000
v 0.03769300 0.06484000 0.01600000
v 0.03769300 0.06484000 0.01600000
v 0.03769300 0.06484000 0.01600000
v 0.03769300 0.06484000 0.01600000
v 0.03769300 0.06484000 0.01600000
v 0.03769300 0.06484000 0.01600000
v 0.03196500 0.06784700 0.01600000
v 0.03196500 0.06784700 0.01600000
v 0.03196500 0.06784700 0.01600000
v 0.03196500 0.06784700 0.01600000
v 0.03196500 0.06784700 0.01600000
v 0.03492100 0.06637400 0.03800000
v 0.03492100 0.06637400 0.03800000
v 0.03492100 0.06637400 0.03800000
v 0.03492100 0.06637400 0.03800000
v 0.04314000 0.06135100 0.01600000
v 0.04314000 0.06135100 0.01600000
v 0.04314000 0.06135100 0.01600000
v 0.04314000 0.06135100 0.01600000
v 0.04314000 0.06135100 0.01600000
v 0.04314000 0.06135100 0.01600000
v 0.05303300 0.05303300 0.03800000
v 0.05303300 0.05303300 0.03800000
v 0.05303300 0.05303300 0.03800000
v 0.04826600 0.05740600 0.01600000
v 0.04826600 0.05740600 0.01600000
v 0.04826600 0.05740600 0.01600000
v 0.04826600 0.05740600 0.01600000
v 0.04826600 0.05740600 0.01600000
v 0.04826600 0.05740600 0.01600000
v 0.04826600 0.05740600 0.01600000
v -0.05719800 0.06299900 0.01399900
v -0.05719800 0.06299900 0.01399900
v -0.05719800 0.06299900 0.01399900
v -0.05719800 0.06299900 0.01399900
v -0.05719800 0.06299900 0.01399900
v -0.05719800 0.06299900 0.01399900
v -0.05719800 0.06299900 0.01399900
v -0.05904300 0.06406400 0.01360000
v -0.05904300 0.06406400 0.01360000
v -0.05904300 0.06406400 0.01360000
v -0.05904300 0.06406400 0.01360000
v -0.06116500 0.06406400 0.01360000
v -0.06116500 0.06406400 0.01360000
v -0.06116500 0.06406400 0.01360000
v -0.06116500 0.06406400 0.01360000
v -0.06116500 0.06406400 0.01360000
v -0.06215400 0.06365500 0.00040000
v -0.06215400 0.06365500 0.00040000
v -0.06215400 0.06365500 0.00040000
v -0.06215400 0.06365500 0.00040000
v -0.06299900 0.06301000 0.01399500
v -0.06299900 0.06301000 0.01399500
v -0.06299900 0.06301000 0.01399500
v -0.06299900 0.06301000 0.01399500
v -0.06299900 0.06301000 0.01399500
v -0.06299900 0.06301000 0.01399500
v -0.06299900 0.06301000 0.01399500
v -0.06299900 0.06301000 0.01399500
v -0.06299900 0.06301000 0.01399500
v -0.06300700 0.06300000 0.00000100
v -0.06300700 0.06300000 0.00000100
v -0.06300700 0.06300000 0.00000100
v -0.06300700 0.06300000 0.00000100
v -0.06300700 0.06300000 0.00000100
v -0.06300700 0.06300000 0.00000100
v -0.06300700 0.06300000 0.00000100
v -0.06300700 0.06300000 0.00000100
v -0.06300700 0.06300000 0.00000100
v -0.06365500 0.06215400 0.01360000
v -0.06365500 0.06215400 0.01360000
v -0.06365500 0.06215400 0.01360000
v -0.06365500 0.06215400 0.01360000
v -0.06365500 0.06215400 0.01360000
v -0.06406400 0.06116500 0.01360000
v -0.06406400 0.06116500 0.01360000
v -0.06406400 0.06116500 0.01360000
v -0.06406400 0.06116500 0.01360000
v -0.06406400 0.05904300 0.01360000
v -0.06406400 0.05904300 0.01360000
v -0.06406400 0.05904300 0.01360000
v -0.06406400 0.05904300 0.01360000
v -0.06366500 0.05806700 0.00000000
v -0.06366500 0.05806700 0.00000000
v -0.06366500 0.05806700 0.00000000
v -0.06366500 0.05806700 0.00000000
v -0.06366500 0.05806700 0.00000000
v -0.06366500 0.05806700 0.00000000
v -0.06366500 0.05806700 0.00000000
v -0.06366500 0.05806700 0.00000000
v -0.06366500 0.05806700 0.00000000
v 0.06300300 0.06300300 0.01360000
v 0.06300300 0.06300300 0.01360000
v 0.06300300 0.06300300 0.01360000
v 0.06300300 0.06300300 0.01360000
v 0.06215400 0.06365500 0.00040000
v 0.06215400 0.06365500 0.00040000
v 0.06215400 0.06365500 0.00040000
v 0.06215400 0.06365500 0.00040000
v 0.06010900 0.06420500 0.00000200
v 0.06010900 0.06420500 0.00000200
v 0.06010900 0.06420500 0.00000200
v 0.06010900 0.06420500 0.00000200
v 0.06010900 0.06420500 0.00000200
v 0.06010900 0.06420500 0.00000200
v 0.06010900 0.06420500 0.00000200
v 0.06010900 0.06420500 0.00000200
v 0.06116500 0.06406400 0.01360000
v 0.06116500 0.06406400 0.01360000
v 0.06116500 0.06406400 0.01360000
v 0.06116500 0.06406400 0.01360000
v 0.05904300 0.06406400 0.00040000
v 0.05904300 0.06406400 0.00040000
v 0.05904300 0.06406400 0.00040000
v 0.05904300 0.06406400 0.00040000
v 0.05805900 0.06365900 0.00000000
v 0.05805900 0.06365900 0.00000000
v 0.05805900 0.06365900 0.00000000
v 0.05805900 0.06365900 0.00000000
v 0.05805900 0.06365900 0.00000000
v 0.05805900 0.06365900 0.00000000
v 0.05805900 0.06365900 0.00000000
v 0.05805900 0.06365900 0.00000000
v 0.05805900 0.06365900 0.00000000
v 0.05805400 0.06365500 0.01360000
v 0.05805400 0.06365500 0.01360000
v 0.05805400 0.06365500 0.01360000
v 0.05655800 0.06216600 0.00000000
v 0.05655800 0.06216600 0.00000000
v 0.05655800 0.06216600 0.00000000
v 0.05655800 0.06216600 0.00000000
v 0.05655800 0.06216600 0.00000000
v 0.05655800 0.06216600 0.00000000
v 0.05655800 0.06216600 0.00000000
v 0.05600400 0.06010400 0.00040000
v 0.05600400 0.06010400 0.00040000
v 0.05600400 0.06010400 0.00040000
v 0.05613900 0.06115800 0.01400000
v 0.05613900 0.06115800 0.01400000
v 0.05613900 0.06115800 0.01400000
v 0.05613900 0.06115800 0.01400000
v 0.05613900 0.06115800 0.01400000
v 0.05613900 0.06115800 0.01400000
v 0.05613900 0.06115800 0.01400000
v 0.05613900 0.06115800 0.01400000
v 0.05613900 0.06115800 0.01400000
v 0.05613900 0.06115800 0.01400000
v 0.05613900 0.06115800 0.01400000
v 0.05600400 0.06010400 0.01360000
v 0.05600400 0.06010400 0.01360000
v 0.05600400 0.06010400 0.01360000
v 0.05600400 0.06010400 0.01360000
v 0.05600400 0.06010400 0.01360000
v 0.05720500 0.05720500 0.00040000
v 0.05720500 0.05720500 0.00040000
v 0.05720500 0.05720500 0.00040000
v 0.05720500 0.05720500 0.00040000
v 0.05720500 0.05720500 0.00040000
v 0.05720500 0.05720500 0.00040000
v 0.05654800 0.05806000 0.01399800
v 0.05654800 0.05806000 0.01399800
v 0.05654800 0.05806000 0.01399800
v 0.05654800 0.05806000 0.01399800
v 0.05654800 0.05806000 0.01399800
v 0.05654800 0.05806000 0.01399800
v 0.05654800 0.05806000 0.01399800
v 0.05614400 0.05904300 0.01360000
v 0.05614400 0.05904300 0.01360000
v 0.05614400 0.05904300 0.01360000
v 0.05614400 0.05904300 0.01360000
v 0.05614400 0.05904300 0.01360000
v 0.06215400 -0.05655300 0.00040000
v 0.06215400 -0.05655300 0.00040000
v 0.06215400 -0.05655300 0.00040000
v 0.06215400 -0.05655300 0.00040000
v 0.06301100 -0.05721000 0.01399900
v 0.06301100 -0.05721000 0.01399900
v 0.06301100 -0.05721000 0.01399900
v 0.06301100 -0.05721000 0.01399900
v 0.06301100 -0.05721000 0.01399900
v 0.06301100 -0.05721000 0.01399900
v 0.06301100 -0.05721000 0.01399900
v 0.06301100 -0.05721000 0.01399900
v 0.06010400 -0.05600400 0.00040000
v 0.06010400 -0.05600400 0.00040000
v 0.06010400 -0.05600400 0.00040000
v 0.06010400 -0.05600400 0.00040000
v 0.05904300 -0.05614400 0.00040000
v 0.05904300 -0.05614400 0.00040000
v 0.05904300 -0.05614400 0.00040000
v 0.05904300 -0.05614400 0.00040000
v 0.05904300 -0.05614400 0.00040000
v 0.05904300 -0.05614400 0.00040000
v 0.05904300 -0.05614400 0.01360000
v 0.05904300 -0.05614400 0.01360000
v 0.05904300 -0.05614400 0.01360000
v 0.05904300 -0.05614400 0.01360000
v 0.05720500 -0.05720500 0.00040000
v 0.05720500 -0.05720500 0.00040000
v 0.05720500 -0.05720500 0.00040000
v 0.05720500 -0.05720500 0.00040000
v 0.05720500 -0.05720500 0.00040000
v 0.05600200 -0.06010800 0.01400000
v 0.05600200 -0.06010800 0.01400000
v 0.05600200 -0.06010800 0.01400000
v 0.05600200 -0.06010800 0.01400000
v 0.05600200 -0.06010800 0.01400000
v 0.05600200 -0.06010800 0.01400000
v 0.05600200 -0.06010800 0.01400000
v 0.05600200 -0.06010800 0.01400000
v 0.05600200 -0.06010800 0.01400000
v 0.05600200 -0.06010800 0.01400000
v 0.05614400 -0.05903700 0.00000000
v 0.05614400 -0.05903700 0.00000000
v 0.05614400 -0.05903700 0.00000000
v 0.05614400 -0.05903700 0.00000000
v 0.05614400 -0.05903700 0.00000000
v 0.05614400 -0.05903700 0.00000000
v 0.05614400 -0.05903700 0.00000000
v 0.05614400 -0.05903700 0.00000000
v 0.05614400 -0.05904300 0.01360000
v 0.05614400 -0.05904300 0.01360000
v 0.05614400 -0.05904300 0.01360000
v 0.05600400 -0.06010400 0.00040000
v 0.05600400 -0.06010400 0.00040000
v 0.05600400 -0.06010400 0.00040000
v 0.05600400 -0.06010400 0.00040000
v 0.05614400 -0.06116500 0.01360000
v 0.05614400 -0.06116500 0.01360000
v 0.05614400 -0.06116500 0.01360000
v 0.05614400 -0.06116500 0.01360000
v -0.05720500 -0.05720500 0.01360000
v -0.05720500 -0.05720500 0.01360000
v -0.05720500 -0.05720500 0.01360000
v -0.05720500 -0.05720500 0.01360000
v -0.05720500 -0.05720500 0.01360000
v -0.05805400 -0.05655300 0.00040000
v -0.05805400 -0.05655300 0.00040000
v -0.05805400 -0.05655300 0.00040000
v -0.05805400 -0.05655300 0.00040000
v -0.05805400 -0.05655300 0.00040000
v -0.06009200 -0.05600200 0.00000000
v -0.06009200 -0.05600200 0.00000000
v -0.06009200 -0.05600200 0.00000000
v -0.06009200 -0.05600200 0.00000000
v -0.06009200 -0.05600200 0.00000000
v -0.06009200 -0.05600200 0.00000000
v -0.06009200 -0.05600200 0.00000000
v -0.06010400 -0.05600400 0.01360000
v -0.06010400 -0.05600400 0.01360000
v -0.06010400 -0.05600400 0.01360000
v -0.06010400 -0.05600400 0.01360000
v -0.06215400 -0.05655300 0.01360000
v -0.06215400 -0.05655300 0.01360000
v -0.06215400 -0.05655300 0.01360000
v -0.06215400 -0.05655300 0.01360000
v -0.06365500 -0.05805400 0.01360000
v -0.06365500 -0.05805400 0.01360000
v -0.06365500 -0.05805400 0.01360000
v -0.06365500 -0.05805400 0.01360000
v -0.06406300 -0.06117900 0.01399600
v -0.06406300 -0.06117900 0.01399600
v -0.06406300 -0.06117900 0.01399600
v -0.06406300 -0.06117900 0.01399600
v -0.06406300 -0.06117900 0.01399600
v -0.06406300 -0.06117900 0.01399600
v -0.06406300 -0.06117900 0.01399600
v -0.06406300 -0.06117900 0.01399600
v -0.06406300 -0.06117900 0.01399600
v -0.06406400 -0.06116500 0.00040000
v -0.06406400 -0.06116500 0.00040000
v -0.06406400 -0.06116500 0.00040000
v -0.06406400 -0.06116500 0.00040000
v -0.06366500 -0.06214100 0.00000100
v -0.06366500 -0.06214100 0.00000100
v -0.06366500 -0.06214100 0.00000100
v -0.06366500 -0.06214100 0.00000100
v -0.06366500 -0.06214100 0.00000100
v -0.06366500 -0.06214100 0.00000100
v -0.06366500 -0.06214100 0.00000100
v -0.06366500 -0.06214100 0.00000100
v -0.06365500 -0.06215400 0.01360000
v -0.06365500 -0.06215400 0.01360000
v -0.06365500 -0.06215400 0.01360000
v -0.06365500 -0.06215400 0.01360000
v -0.06300300 -0.06300300 0.01360000
v -0.06300300 -0.06300300 0.01360000
v -0.06300300 -0.06300300 0.01360000
v -0.06300300 -0.06300300 0.01360000
v 0.05625900 -0.01149800 0.00100200
v 0.05625900 -0.01149800 0.00100200
v 0.05625900 -0.01149800 0.00100200
v 0.05625900 -0.01149800 0.00100200
v 0.05625900 -0.01149800 0.00100200
v 0.05625900 -0.01149800 0.00100200
v 0.05625900 -0.01149800 0.00100200
v 0.05600500 -0.00946800 0.00100400
v 0.05600500 -0.00946800 0.00100400
v 0.05600500 -0.00946800 0.00100400
v 0.05600500 -0.00946800 0.00100400
v 0.05600500 -0.00946800 0.00100400
v 0.05672200 -0.00753500 0.00500000
v 0.05672200 -0.00753500 0.00500000
v 0.05672200 -0.00753500 0.00500000
v 0.05672200 -0.00753500 0.00500000
v 0.05672200 -0.00753500 0.00500000
v 0.05672200 -0.00753500 0.00500000
v 0.05679100 -0.00755000 0.00099800
v 0.05679100 -0.00755000 0.00099800
v 0.05679100 -0.00755000 0.00099800
v 0.05679100 -0.00755000 0.00099800
v 0.05679100 -0.00755000 0.00099800
v 0.05846300 -0.00627400 0.00100300
v 0.05846300 -0.00627400 0.00100300
v 0.05846300 -0.00627400 0.00100300
v 0.05846300 -0.00627400 0.00100300
v 0.05846300 -0.00627400 0.00100300
v 0.05846300 -0.00627400 0.00100300
v 0.06049900 -0.00600000 0.00100600
v 0.06049900 -0.00600000 0.00100600
v 0.06049900 -0.00600000 0.00100600
v 0.06049900 -0.00600000 0.00100600
v 0.06049900 -0.00600000 0.00100600
v 0.06049900 -0.00600000 0.00100600
v -0.05528100 -0.01155500 0.00100200
v -0.05528100 -0.01155500 0.00100200
v -0.05528100 -0.01155500 0.00100200
v -0.05528100 -0.01155500 0.00100200
v -0.05528100 -0.01155500 0.00100200
v -0.05528100 -0.01155500 0.00100200
v -0.05653200 -0.01318800 0.00100400
v -0.05653200 -0.01318800 0.00100400
v -0.05653200 -0.01318800 0.00100400
v -0.05653200 -0.01318800 0.00100400
v -0.05653200 -0.01318800 0.00100400
v -0.05653200 -0.01318800 0.00100400
v 0.02026500 -0.07599900 0.02080900
v 0.02026500 -0.07599900 0.02080900
v 0.02026500 -0.07599900 0.02080900
v 0.02026500 -0.07599900 0.02080900
v 0.02026500 -0.07599900 0.02080900
v 0.02026500 -0.07599900 0.02080900
v 0.00138100 0.07297900 0.03480100
v 0.00138100 0.07297900 0.03480100
v 0.00138100 0.07297900 0.03480100
v 0.00138100 0.07297900 0.03480100
v 0.00138100 0.07297900 0.03480100
v 0.00138100 0.07297900 0.03480100
v 0.00135600 0.07498900 0.03164000
v 0.00135600 0.07498900 0.03164000
v 0.00135600 0.07498900 0.03164000
v 0.00135600 0.07498900 0.03164000
v 0.00135600 0.07498900 0.03164000
v 0.00022200 0.07500000 0.03135800
v 0.00022200 0.07500000 0.03135800
v 0.00022200 0.07500000 0.03135800
v 0.00022200 0.07500000 0.03135800
v 0.00022200 0.07500000 0.03135800
v 0.00037300 0.07299700 0.03303600
v 0.00037300 0.07299700 0.03303600
v 0.00037300 0.07299700 0.03303600
v 0.00037300 0.07299700 0.03303600
v 0.00037300 0.07299700 0.03303600
v -0.00144000 0.07498900 0.03161500
v -0.00144000 0.07498900 0.03161500
v -0.00144000 0.07498900 0.03161500
v -0.00144000 0.07498900 0.03161500
v -0.00144000 0.07498900 0.03161500
v -0.00290400 0.07494400 0.03366800
v -0.00290400 0.07494400 0.03366800
v -0.00290400 0.07494400 0.03366800
v -0.00290400 0.07494400 0.03366800
v -0.00290400 0.07494400 0.03366800
v 0.05096700 0.06985700 0.01400000
v 0.05096700 0.06985700 0.01400000
v 0.05096700 0.06985700 0.01400000
v 0.05096700 0.06985700 0.01400000
v 0.05096700 0.06985700 0.01400000
v 0.05659400 0.07222600 0.01200000
v 0.05659400 0.07222600 0.01200000
v 0.05659400 0.07222600 0.01200000
v 0.05659400 0.07222600 0.01200000
v 0.05659400 0.07222600 0.01200000
v 0.05952500 0.07166100 0.01200000
v 0.05952500 0.07166100 0.01200000
v 0.05952500 0.07166100 0.01200000
v 0.05952500 0.07166100 0.01200000
v 0.05952500 0.07166100 0.01200000
v 0.05952500 0.07166100 0.01200000
v 0.06489300 0.06909900 0.01200000
v 0.06489300 0.06909900 0.01200000
v 0.06489300 0.06909900 0.01200000
v 0.06489300 0.06909900 0.01200000
v 0.06489300 0.06909900 0.01200000
v 0.06489300 0.06909900 0.01200000
v -0.05805400 0.06365500 0.01360000
v -0.05805400 0.06365500 0.01360000
v -0.05805400 0.06365500 0.01360000
v -0.05805400 0.06365500 0.01360000
v -0.05805400 0.06365500 0.01360000
v -0.06009500 0.06420500 0.01399800
v -0.06009500 0.06420500 0.01399800
v -0.06009500 0.06420500 0.01399800
v -0.06009500 0.06420500 0.01399800
v -0.06009500 0.06420500 0.01399800
v -0.06009500 0.06420500 0.01399800
v -0.06009500 0.06420500 0.01399800
v -0.06009500 0.06420500 0.01399800
v -0.06009500 0.06420500 0.01399800
v -0.06215400 0.06365500 0.01360000
v -0.06215400 0.06365500 0.01360000
v -0.06215400 0.06365500 0.01360000
v -0.06215400 0.06365500 0.01360000
v -0.06420600 0.06010000 0.01399700
v -0.06420600 0.06010000 0.01399700
v -0.06420600 0.06010000 0.01399700
v -0.06420600 0.06010000 0.01399700
v -0.06420600 0.06010000 0.01399700
v -0.06420600 0.06010000 0.01399700
v -0.06420600 0.06010000 0.01399700
v -0.06420600 0.06010000 0.01399700
v -0.06420600 0.06010000 0.01399700
v -0.06420600 0.06010000 0.01399700
v -0.06420600 0.06010000 0.01399700
v -0.06365500 0.05805400 0.01360000
v -0.06365500 0.05805400 0.01360000
v -0.06365500 0.05805400 0.01360000
v -0.06365500 0.05805400 0.01360000
v -0.06365500 0.05805400 0.01360000
v 0.06365500 0.05805400 0.01360000
v 0.06365500 0.05805400 0.01360000
v 0.06365500 0.05805400 0.01360000
v 0.06365500 0.05805400 0.01360000
v 0.06406300 0.05902900 0.01399800
v 0.06406300 0.05902900 0.01399800
v 0.06406300 0.05902900 0.01399800
v 0.06406300 0.05902900 0.01399800
v 0.06406300 0.05902900 0.01399800
v 0.06406300 0.05902900 0.01399800
v 0.06406300 0.05902900 0.01399800
v 0.06406300 0.05902900 0.01399800
v 0.06406300 0.05902900 0.01399800
v 0.06406800 0.06115900 0.01399800
v 0.06406800 0.06115900 0.01399800
v 0.06406800 0.06115900 0.01399800
v 0.06406800 0.06115900 0.01399800
v 0.06406800 0.06115900 0.01399800
v 0.06406800 0.06115900 0.01399800
v 0.06406800 0.06115900 0.01399800
v 0.06406800 0.06115900 0.01399800
v 0.06365500 0.06215400 0.01360000
v 0.06365500 0.06215400 0.01360000
v 0.06365500 0.06215400 0.01360000
v 0.06365500 0.06215400 0.01360000
v 0.06365500 0.06215400 0.01360000
v 0.06217500 0.06364700 0.01399600
v 0.06217500 0.06364700 0.01399600
v 0.06217500 0.06364700 0.01399600
v 0.06217500 0.06364700 0.01399600
v 0.06217500 0.06364700 0.01399600
v 0.06217500 0.06364700 0.01399600
v 0.06217500 0.06364700 0.01399600
v 0.06217500 0.06364700 0.01399600
v 0.06217500 0.06364700 0.01399600
v 0.06217500 0.06364700 0.01399600
v 0.06217500 0.06364700 0.01399600
v 0.06010400 0.06420400 0.01360000
v 0.06010400 0.06420400 0.01360000
v 0.06010400 0.06420400 0.01360000
v 0.06010400 0.06420400 0.01360000
v 0.06010400 0.06420400 0.01360000
v 0.05903200 0.06406300 0.01399900
v 0.05903200 0.06406300 0.01399900
v 0.05903200 0.06406300 0.01399900
v 0.05903200 0.06406300 0.01399900
v 0.05903200 0.06406300 0.01399900
v 0.05903200 0.06406300 0.01399900
v 0.05903200 0.06406300 0.01399900
v 0.05903200 0.06406300 0.01399900
v 0.05903200 0.06406300 0.01399900
v 0.05720500 0.06300300 0.01360000
v 0.05720500 0.06300300 0.01360000
v 0.05720500 0.06300300 0.01360000
v 0.05720500 0.06300300 0.01360000
v 0.05720500 0.06300300 0.01360000
v 0.05720500 0.06300300 0.01360000
v 0.06215400 -0.05655300 0.01360000
v 0.06215400 -0.05655300 0.01360000
v 0.06215400 -0.05655300 0.01360000
v 0.06215400 -0.05655300 0.01360000
v 0.06215400 -0.05655300 0.01360000
v 0.06116500 -0.05614400 0.01360000
v 0.06116500 -0.05614400 0.01360000
v 0.06116500 -0.05614400 0.01360000
v 0.06116500 -0.05614400 0.01360000
v 0.06012400 -0.05600100 0.01400000
v 0.06012400 -0.05600100 0.01400000
v 0.06012400 -0.05600100 0.01400000
v 0.06012400 -0.05600100 0.01400000
v 0.06012400 -0.05600100 0.01400000
v 0.06012400 -0.05600100 0.01400000
v 0.06012400 -0.05600100 0.01400000
v 0.06012400 -0.05600100 0.01400000
v 0.06012400 -0.05600100 0.01400000
v 0.06012400 -0.05600100 0.01400000
v 0.06012400 -0.05600100 0.01400000
v 0.05805400 -0.05655300 0.01360000
v 0.05805400 -0.05655300 0.01360000
v 0.05805400 -0.05655300 0.01360000
v 0.05805400 -0.05655300 0.01360000
v 0.05721500 -0.05719100 0.01399800
v 0.05721500 -0.05719100 0.01399800
v 0.05721500 -0.05719100 0.01399800
v 0.05721500 -0.05719100 0.01399800
v 0.05721500 -0.05719100 0.01399800
v 0.05721500 -0.05719100 0.01399800
v 0.05721500 -0.05719100 0.01399800
v 0.05721500 -0.05719100 0.01399800
v 0.05655300 -0.05805400 0.01360000
v 0.05655300 -0.05805400 0.01360000
v 0.05655300 -0.05805400 0.01360000
v 0.05655300 -0.05805400 0.01360000
v 0.05655300 -0.05805400 0.01360000
v 0.05655300 -0.06215400 0.01360000
v 0.05655300 -0.06215400 0.01360000
v 0.05655300 -0.06215400 0.01360000
v 0.05655300 -0.06215400 0.01360000
v 0.05655300 -0.06215400 0.01360000
v -0.05805400 -0.05655300 0.01360000
v -0.05805400 -0.05655300 0.01360000
v -0.05805400 -0.05655300 0.01360000
v -0.05904100 -0.05614200 0.01399700
v -0.05904100 -0.05614200 0.01399700
v -0.05904100 -0.05614200 0.01399700
v -0.05904100 -0.05614200 0.01399700
v -0.05904100 -0.05614200 0.01399700
v -0.05904100 -0.05614200 0.01399700
v -0.05904100 -0.05614200 0.01399700
v -0.05904100 -0.05614200 0.01399700
v -0.05904100 -0.05614200 0.01399700
v -0.05904100 -0.05614200 0.01399700
v -0.06116500 -0.05614400 0.01360000
v -0.06116500 -0.05614400 0.01360000
v -0.06116500 -0.05614400 0.01360000
v -0.06116500 -0.05614400 0.01360000
v -0.06116500 -0.05614400 0.01360000
v -0.06116500 -0.05614400 0.01360000
v -0.06299900 -0.05719800 0.01400000
v -0.06299900 -0.05719800 0.01400000
v -0.06299900 -0.05719800 0.01400000
v -0.06299900 -0.05719800 0.01400000
v -0.06299900 -0.05719800 0.01400000
v -0.06299900 -0.05719800 0.01400000
v -0.06299900 -0.05719800 0.01400000
v -0.06299900 -0.05719800 0.01400000
v -0.06299900 -0.05719800 0.01400000
v -0.06299900 -0.05719800 0.01400000
v -0.06406600 -0.05904500 0.01399800
v -0.06406600 -0.05904500 0.01399800
v -0.06406600 -0.05904500 0.01399800
v -0.06406600 -0.05904500 0.01399800
v -0.06406600 -0.05904500 0.01399800
v -0.06406600 -0.05904500 0.01399800
v -0.06420400 -0.06010400 0.01360000
v -0.06420400 -0.06010400 0.01360000
v -0.06420400 -0.06010400 0.01360000
v -0.06420400 -0.06010400 0.01360000
v -0.01451000 -0.07265100 0.01769700
v -0.01451000 -0.07265100 0.01769700
v -0.01451000 -0.07265100 0.01769700
v -0.01451000 -0.07265100 0.01769700
v 0.01608100 -0.07241200 0.01835300
v 0.01608100 -0.07241200 0.01835300
v 0.01608100 -0.07241200 0.01835300
v 0.01608100 -0.07241200 0.01835300
v -0.01590300 -0.07235600 0.01996400
v -0.01590300 -0.07235600 0.01996400
v -0.01590300 -0.07235600 0.01996400
v -0.01100000 -0.07300000 0.01110000
v -0.01100000 -0.07300000 0.01110000
v -0.01100000 -0.07300000 0.01110000
v -0.01100000 -0.07300000 0.01110000
v -0.01100000 -0.07300000 0.01110000
v -0.01067600 -0.07300000 0.02847200
v -0.01067600 -0.07300000 0.02847200
v -0.01067600 -0.07300000 0.02847200
v -0.01100000 -0.07300000 0.02999700
v -0.01100000 -0.07300000 0.02999700
v -0.01100000 -0.07300000 0.02999700
v -0.01100000 -0.07300000 0.02999700
v -0.01100000 -0.07300000 0.02999700
v -0.01100000 -0.07300000 0.02999700
v 0.01100000 -0.07300000 0.00800100
v 0.01100000 -0.07300000 0.00800100
v 0.01100000 -0.07300000 0.00800100
v 0.01100000 -0.07300000 0.00800100
v 0.01100000 -0.07300000 0.00800100
v 0.01100000 -0.07300000 0.00800100
v 0.01100000 -0.07300000 0.00800100
v 0.01100000 -0.07300000 0.00800100
v 0.01549300 -0.07248900 0.02020900
v 0.01549300 -0.07248900 0.02020900
v 0.01549300 -0.07248900 0.02020900
v 0.01362000 -0.07278300 0.01901300
v 0.01362000 -0.07278300 0.01901300
v 0.01362000 -0.07278300 0.01901300
v 0.01362000 -0.07278300 0.01901300
v 0.01362000 -0.07278300 0.01901300
v 0.00947200 -0.07300000 0.02967600
v 0.00947200 -0.07300000 0.02967600
v 0.00947200 -0.07300000 0.02967600
v 0.01036300 -0.07399900 0.02911600
v 0.01036300 -0.07399900 0.02911600
v 0.01036300 -0.07399900 0.02911600
v 0.01036300 -0.07399900 0.02911600
v 0.01036300 -0.07399900 0.02911600
v 0.01036300 -0.07399900 0.02911600
v 0.01099800 -0.07300000 0.02999900
v 0.01099800 -0.07300000 0.02999900
v 0.01099800 -0.07300000 0.02999900
v 0.01099800 -0.07300000 0.02999900
v 0.01099800 -0.07300000 0.02999900
v 0.01099800 -0.07300000 0.02999900
v 0.01099800 -0.07300000 0.02999900
v 0.00790000 -0.07400000 0.03000000
v 0.00790000 -0.07400000 0.03000000
v 0.00790000 -0.07400000 0.03000000
v 0.00790000 -0.07400000 0.03000000
v 0.00790000 -0.07400000 0.03000000
v -0.00790000 -0.07400000 0.03000000
v -0.00790000 -0.07400000 0.03000000
v -0.00790000 -0.07400000 0.03000000
v -0.00790000 -0.07400000 0.03000000
v -0.00790000 -0.07400000 0.03000000
v -0.00947200 -0.07300000 0.00832400
v -0.00947200 -0.07300000 0.00832400
v -0.00947200 -0.07300000 0.00832400
v -0.00947200 -0.07300000 0.00832400
v -0.00790000 -0.07400000 0.00800000
v -0.00790000 -0.07400000 0.00800000
v -0.00790000 -0.07400000 0.00800000
v -0.00790000 -0.07400000 0.00800000
v -0.00790000 -0.07400000 0.00800000
v 0.01067600 -0.07300000 0.00952800
v 0.01067600 -0.07300000 0.00952800
v 0.01067600 -0.07300000 0.00952800
v 0.04373200 -0.06737000 0.01400000
v 0.04373200 -0.06737000 0.01400000
v 0.04373200 -0.06737000 0.01400000
v 0.04373200 -0.06737000 0.01400000
v 0.04373200 -0.06737000 0.01400000
v 0.04373200 -0.06737000 0.01400000
v 0.04373200 -0.06737000 0.01400000
v 0.06706300 -0.04203400 0.01400000
v 0.06706300 -0.04203400 0.01400000
v 0.06706300 -0.04203400 0.01400000
v 0.06706300 -0.04203400 0.01400000
v 0.06623100 -0.06534200 0.01400000
v 0.06623100 -0.06534200 0.01400000
v 0.06623100 -0.06534200 0.01400000
v 0.06623100 -0.06534200 0.01400000
v 0.06623100 -0.06534200 0.01400000
v 0.06623100 -0.06534200 0.01400000
v 0.06623100 -0.06534200 0.01400000
v 0.06788400 -0.04537900 0.01400000
v 0.06788400 -0.04537900 0.01400000
v 0.06788400 -0.04537900 0.01400000
v 0.06788400 -0.04537900 0.01400000
v 0.06788400 -0.04537900 0.01400000
v 0.06788400 -0.04537900 0.01400000
v 0.06660400 -0.03854400 0.01400100
v 0.06660400 -0.03854400 0.01400100
v 0.06660400 -0.03854400 0.01400100
v 0.06660400 -0.03854400 0.01400100
v 0.06660400 -0.03854400 0.01400100
v 0.06660400 -0.03854400 0.01400100
v 0.06660400 -0.03854400 0.01400100
v 0.06660400 -0.03854400 0.01400100
v 0.04383100 0.06738900 0.01400000
v 0.04383100 0.06738900 0.01400000
v 0.04383100 0.06738900 0.01400000
v 0.04383100 0.06738900 0.01400000
v 0.04383100 0.06738900 0.01400000
v 0.04383100 0.06738900 0.01400000
v 0.05555600 0.07043500 0.01400000
v 0.05555600 0.07043500 0.01400000
v 0.05555600 0.07043500 0.01400000
v 0.05555600 0.07043500 0.01400000
v 0.05555600 0.07043500 0.01400000
v 0.05555600 0.07043500 0.01400000
v 0.05555600 0.07043500 0.01400000
v 0.05555600 0.07043500 0.01400000
v 0.07030600 0.05262700 0.01400000
v 0.07030600 0.05262700 0.01400000
v 0.07030600 0.05262700 0.01400000
v 0.07030600 0.05262700 0.01400000
v 0.07030600 0.05262700 0.01400000
v 0.07030600 0.05262700 0.01400000
v 0.07030600 0.05262700 0.01400000
v 0.07030600 0.05262700 0.01400000
v 0.06142800 0.06887000 0.01400000
v 0.06142800 0.06887000 0.01400000
v 0.06142800 0.06887000 0.01400000
v 0.06142800 0.06887000 0.01400000
v 0.06142800 0.06887000 0.01400000
v 0.06142800 0.06887000 0.01400000
v 0.06142800 0.06887000 0.01400000
v -0.06019400 0.04783800 0.01400000
v -0.06019400 0.04783800 0.01400000
v -0.06019400 0.04783800 0.01400000
v -0.06019400 0.04783800 0.01400000
v -0.06019400 0.04783800 0.01400000
v -0.06019400 0.04783800 0.01400000
v -0.06019400 0.04783800 0.01400000
v -0.06019400 0.04783800 0.01400000
v -0.05802600 0.07002600 0.01400000
v -0.05802600 0.07002600 0.01400000
v -0.05802600 0.07002600 0.01400000
v -0.05802600 0.07002600 0.01400000
v -0.05802600 0.07002600 0.01400000
v -0.05802600 0.07002600 0.01400000
v -0.05802600 0.07002600 0.01400000
v -0.05040400 0.05821100 0.01400000
v -0.05040400 0.05821100 0.01400000
v -0.05040400 0.05821100 0.01400000
v -0.05040400 0.05821100 0.01400000
v -0.05040400 0.05821100 0.01400000
v -0.05040400 0.05821100 0.01400000
v -0.05040400 0.05821100 0.01400000
v -0.05207500 0.07023600 0.01400000
v -0.05207500 0.07023600 0.01400000
v -0.05207500 0.07023600 0.01400000
v -0.05207500 0.07023600 0.01400000
v -0.05207500 0.07023600 0.01400000
v -0.05207500 0.07023600 0.01400000
v -0.05207500 0.07023600 0.01400000
v -0.06249300 0.06831800 0.01400000
v -0.06249300 0.06831800 0.01400000
v -0.06249300 0.06831800 0.01400000
v -0.06249300 0.06831800 0.01400000
v -0.06249300 0.06831800 0.01400000
v -0.06249300 0.06831800 0.01400000
v -0.06249300 0.06831800 0.01400000
v -0.04373200 0.06737000 0.01400000
v -0.04373200 0.06737000 0.01400000
v -0.04373200 0.06737000 0.01400000
v -0.04373200 0.06737000 0.01400000
v -0.04373200 0.06737000 0.01400000
v -0.04373200 0.06737000 0.01400000
v -0.04373200 0.06737000 0.01400000
v -0.04489200 -0.06251000 0.01400000
v -0.04489200 -0.06251000 0.01400000
v -0.04489200 -0.06251000 0.01400000
v -0.04489200 -0.06251000 0.01400000
v -0.04489200 -0.06251000 0.01400000
v -0.04489200 -0.06251000 0.01400000
v -0.06261300 -0.06834300 0.01400000
v -0.06261300 -0.06834300 0.01400000
v -0.06261300 -0.06834300 0.01400000
v -0.06261300 -0.06834300 0.01400000
v -0.06261300 -0.06834300 0.01400000
v -0.06261300 -0.06834300 0.01400000
v -0.06261300 -0.06834300 0.01400000
v -0.06261300 -0.06834300 0.01400000
v 0.01404500 -0.07400000 0.00697600
v 0.01404500 -0.07400000 0.00697600
v 0.01404500 -0.07400000 0.00697600
v 0.01404500 -0.07400000 0.00697600
v 0.01404500 -0.07400000 0.00697600
v 0.01404500 -0.07400000 0.00697600
v 0.01011600 -0.07399900 0.00863700
v 0.01011600 -0.07399900 0.00863700
v 0.01011600 -0.07399900 0.00863700
v 0.01011600 -0.07399900 0.00863700
v 0.01011600 -0.07399900 0.00863700
v 0.01011600 -0.07399900 0.00863700
v 0.01509300 -0.07399800 0.01764800
v 0.01509300 -0.07399800 0.01764800
v 0.01509300 -0.07399800 0.01764800
v 0.01509300 -0.07399800 0.01764800
v 0.01509300 -0.07399800 0.01764800
v 0.01509300 -0.07399800 0.01764800
v 0.01509300 -0.07399800 0.01764800
v 0.01100000 -0.07400000 0.01110000
v 0.01100000 -0.07400000 0.01110000
v 0.01100000 -0.07400000 0.01110000
v 0.01100000 -0.07400000 0.01110000
v 0.01100000 -0.07400000 0.01110000
v 0.01100000 -0.07400000 0.01110000
v 0.01100000 -0.07400000 0.01110000
v 0.01994300 -0.07400000 0.02134100
v 0.01994300 -0.07400000 0.02134100
v 0.01994300 -0.07400000 0.02134100
v 0.01994300 -0.07400000 0.02134100
v 0.01314500 -0.07400000 0.01823000
v 0.01314500 -0.07400000 0.01823000
v 0.01314500 -0.07400000 0.01823000
v 0.01314500 -0.07400000 0.01823000
v 0.01314500 -0.07400000 0.01823000
v 0.01314500 -0.07400000 0.01823000
v 0.01314500 -0.07400000 0.01823000
v 0.01314500 -0.07400000 0.01823000
v 0.00790000 -0.07400000 0.00800000
v 0.00790000 -0.07400000 0.00800000
v 0.00790000 -0.07400000 0.00800000
v 0.00790000 -0.07400000 0.00800000
v 0.01100000 -0.07400000 0.02690000
v 0.01100000 -0.07400000 0.02690000
v 0.01100000 -0.07400000 0.02690000
v 0.01100000 -0.07400000 0.02690000
v 0.01100000 -0.07400000 0.02690000
v -0.01036300 -0.07399900 0.00888400
v -0.01036300 -0.07399900 0.00888400
v -0.01036300 -0.07399900 0.00888400
v -0.01036300 -0.07399900 0.00888400
v -0.01036300 -0.07399900 0.00888400
v -0.01036300 -0.07399900 0.00888400
v -0.01035000 -0.07400000 0.00490000
v -0.01035000 -0.07400000 0.00490000
v -0.01035000 -0.07400000 0.00490000
v -0.01035000 -0.07400000 0.00490000
v -0.01035000 -0.07400000 0.00490000
v -0.01035000 -0.07400000 0.00490000
v 0.01356600 -0.07400000 0.03180200
v 0.01356600 -0.07400000 0.03180200
v 0.01356600 -0.07400000 0.03180200
v 0.01356600 -0.07400000 0.03180200
v 0.01356600 -0.07400000 0.03180200
v 0.01109500 -0.07400000 0.03309900
v 0.01109500 -0.07400000 0.03309900
v 0.01109500 -0.07400000 0.03309900
v 0.01109500 -0.07400000 0.03309900
v 0.01109500 -0.07400000 0.03309900
v 0.01109500 -0.07400000 0.03309900
v -0.01100000 -0.07400000 0.01110000
v -0.01100000 -0.07400000 0.01110000
v -0.01100000 -0.07400000 0.01110000
v -0.01100000 -0.07400000 0.01110000
v -0.01309300 -0.07400000 0.01969500
v -0.01309300 -0.07400000 0.01969500
v -0.01309300 -0.07400000 0.01969500
v -0.01309300 -0.07400000 0.01969500
v -0.01309300 -0.07400000 0.01969500
v -0.01309300 -0.07400000 0.01969500
v -0.01309300 -0.07400000 0.01969500
v -0.01660400 -0.07400000 0.01808200
v -0.01660400 -0.07400000 0.01808200
v -0.01660400 -0.07400000 0.01808200
v -0.01660400 -0.07400000 0.01808200
v -0.01660400 -0.07400000 0.01808200
v -0.01660400 -0.07400000 0.01808200
v -0.01660400 -0.07400000 0.01808200
v -0.01660400 -0.07400000 0.01808200
v -0.01358600 -0.07400000 0.00623300
v -0.01358600 -0.07400000 0.00623300
v -0.01358600 -0.07400000 0.00623300
v -0.01358600 -0.07400000 0.00623300
v -0.01358600 -0.07400000 0.00623300
v -0.01100000 -0.07400000 0.02690000
v -0.01100000 -0.07400000 0.02690000
v -0.01100000 -0.07400000 0.02690000
v -0.01100000 -0.07400000 0.02690000
v -0.01100000 -0.07400000 0.02690000
v -0.01100000 -0.07400000 0.02690000
v -0.01492400 -0.07400000 0.02039400
v -0.01492400 -0.07400000 0.02039400
v -0.01492400 -0.07400000 0.02039400
v -0.01492400 -0.07400000 0.02039400
v -0.01011600 -0.07399900 0.02936300
v -0.01011600 -0.07399900 0.02936300
v -0.01011600 -0.07399900 0.02936300
v -0.01011600 -0.07399900 0.02936300
v -0.01011600 -0.07399900 0.02936300
v -0.01011600 -0.07399900 0.02936300
v -0.01324400 -0.07400000 0.03231300
v -0.01324400 -0.07400000 0.03231300
v -0.01324400 -0.07400000 0.03231300
v -0.01324400 -0.07400000 0.03231300
v -0.01324400 -0.07400000 0.03231300
v -0.01324400 -0.07400000 0.03231300
v 0.01325800 -0.07600000 0.03230600
v 0.01325800 -0.07600000 0.03230600
v 0.01325800 -0.07600000 0.03230600
v 0.01325800 -0.07600000 0.03230600
v 0.01325800 -0.07600000 0.03230600
v -0.02045000 -0.07400000 0.02049900
v -0.02045000 -0.07400000 0.02049900
v -0.02045000 -0.07400000 0.02049900
v -0.02045000 -0.07400000 0.02049900
v -0.02045000 -0.07400000 0.02049900
v -0.01240800 -0.07600000 0.03271300
v -0.01240800 -0.07600000 0.03271300
v -0.01240800 -0.07600000 0.03271300
v -0.01240800 -0.07600000 0.03271300
v 0.01035000 -0.07600000 0.03310000
v 0.01035000 -0.07600000 0.03310000
v 0.01035000 -0.07600000 0.03310000
v 0.01035000 -0.07600000 0.03310000
v -0.01035000 -0.07600000 0.03310000
v -0.01035000 -0.07600000 0.03310000
v -0.01035000 -0.07600000 0.03310000
v -0.01035000 -0.07400000 0.03310000
v -0.01035000 -0.07400000 0.03310000
v -0.01035000 -0.07400000 0.03310000
v -0.01035000 -0.07400000 0.03310000
v -0.01035000 -0.07400000 0.03310000
v -0.01035000 -0.07400000 0.03310000
v -0.01035000 -0.07400000 0.03310000
v -0.05497300 -0.01012700 0.00500000
v -0.05497300 -0.01012700 0.00500000
v -0.05497300 -0.01012700 0.00500000
v -0.05497300 -0.01012700 0.00500000
v -0.05550100 -0.01200000 0.00500000
v -0.05550100 -0.01200000 0.00500000
v -0.05550100 -0.01200000 0.00500000
v -0.05550100 -0.01200000 0.00500000
v -0.05766600 -0.01393500 0.00500000
v -0.05766600 -0.01393500 0.00500000
v -0.05766600 -0.01393500 0.00500000
v -0.05766600 -0.01393500 0.00500000
v -0.05766600 -0.01393500 0.00500000
v -0.06194500 -0.01395100 0.00500000
v -0.06194500 -0.01395100 0.00500000
v -0.06194500 -0.01395100 0.00500000
v -0.06194500 -0.01395100 0.00500000
v -0.06194500 -0.01395100 0.00500000
v -0.06478300 -0.00847300 0.00500000
v -0.06478300 -0.00847300 0.00500000
v -0.06478300 -0.00847300 0.00500000
v -0.06478300 -0.00847300 0.00500000
v -0.06478300 -0.00847300 0.00500000
v -0.06478300 -0.00847300 0.00500000
v -0.06478300 -0.00847300 0.00500000
v -0.06478300 -0.00847300 0.00500000
v 0.05646000 -0.01194100 0.00500000
v 0.05646000 -0.01194100 0.00500000
v 0.05646000 -0.01194100 0.00500000
v 0.05646000 -0.01194100 0.00500000
v 0.05646000 -0.01194100 0.00500000
v 0.05597300 -0.00998300 0.00500000
v 0.05597300 -0.00998300 0.00500000
v 0.05597300 -0.00998300 0.00500000
v 0.05597300 -0.00998300 0.00500000
v 0.05597300 -0.00998300 0.00500000
v 0.05888500 -0.00612800 0.00500000
v 0.05888500 -0.00612800 0.00500000
v 0.05888500 -0.00612800 0.00500000
v 0.05888500 -0.00612800 0.00500000
v 0.05888500 -0.00612800 0.00500000
v 0.06135200 -0.00614700 0.00500000
v 0.06135200 -0.00614700 0.00500000
v 0.06135200 -0.00614700 0.00500000
v 0.06135200 -0.00614700 0.00500000
v 0.06402700 -0.01001700 0.00500000
v 0.06402700 -0.01001700 0.00500000
v 0.06402700 -0.01001700 0.00500000
v 0.06402700 -0.01001700 0.00500000
v 0.06402700 -0.01001700 0.00500000
v -0.06116500 -0.06406400 0.01360000
v -0.06116500 -0.06406400 0.01360000
v -0.06116500 -0.06406400 0.01360000
v -0.06116500 -0.06406400 0.01360000
v -0.05805400 -0.06365500 0.01360000
v -0.05805400 -0.06365500 0.01360000
v -0.05805400 -0.06365500 0.01360000
v -0.05805400 -0.06365500 0.01360000
v -0.05903900 -0.06406500 0.01399800
v -0.05903900 -0.06406500 0.01399800
v -0.05903900 -0.06406500 0.01399800
v -0.05903900 -0.06406500 0.01399800
v -0.05903900 -0.06406500 0.01399800
v -0.05903900 -0.06406500 0.01399800
v -0.05903900 -0.06406500 0.01399800
v -0.05903900 -0.06406500 0.01399800
v -0.05614400 -0.05904300 0.01360000
v -0.05614400 -0.05904300 0.01360000
v -0.05614400 -0.05904300 0.01360000
v -0.05614400 -0.05904300 0.01360000
v 0.05904300 -0.06406400 0.01360000
v 0.05904300 -0.06406400 0.01360000
v 0.05904300 -0.06406400 0.01360000
v 0.05904300 -0.06406400 0.01360000
v 0.06009500 -0.06420500 0.01399800
v 0.06009500 -0.06420500 0.01399800
v 0.06009500 -0.06420500 0.01399800
v 0.06009500 -0.06420500 0.01399800
v 0.06009500 -0.06420500 0.01399800
v 0.06009500 -0.06420500 0.01399800
v 0.06009500 -0.06420500 0.01399800
v 0.06009500 -0.06420500 0.01399800
v 0.06009500 -0.06420500 0.01399800
v 0.06116500 -0.06406400 0.01360000
v 0.06116500 -0.06406400 0.01360000
v 0.06116500 -0.06406400 0.01360000
v 0.06116500 -0.06406400 0.01360000
v 0.06116500 -0.06406400 0.01360000
v 0.06215400 -0.06365500 0.01360000
v 0.06215400 -0.06365500 0.01360000
v 0.06215400 -0.06365500 0.01360000
v 0.06215400 -0.06365500 0.01360000
v 0.06299900 -0.06301000 0.01399500
v 0.06299900 -0.06301000 0.01399500
v 0.06299900 -0.06301000 0.01399500
v 0.06299900 -0.06301000 0.01399500
v 0.06299900 -0.06301000 0.01399500
v 0.06299900 -0.06301000 0.01399500
v 0.06299900 -0.06301000 0.01399500
v 0.06299900 -0.06301000 0.01399500
v 0.06299900 -0.06301000 0.01399500
v 0.06406400 -0.06116500 0.01360000
v 0.06406400 -0.06116500 0.01360000
v 0.06406400 -0.06116500 0.01360000
v 0.06406400 -0.05904300 0.01360000
v 0.06406400 -0.05904300 0.01360000
v 0.06406400 -0.05904300 0.01360000
v 0.06365500 -0.05805400 0.01360000
v 0.06365500 -0.05805400 0.01360000
v 0.06365500 -0.05805400 0.01360000
v 0.06365500 -0.05805400 0.01360000
v 0.06365500 -0.05805400 0.01360000
v 0.05655300 0.06215400 0.01360000
v 0.05655300 0.06215400 0.01360000
v 0.05655300 0.06215400 0.01360000
v 0.05655300 0.06215400 0.01360000
v 0.05720500 0.05720500 0.01360000
v 0.05720500 0.05720500 0.01360000
v 0.05720500 0.05720500 0.01360000
v 0.05720500 0.05720500 0.01360000
v 0.05904000 0.05614200 0.01399800
v 0.05904000 0.05614200 0.01399800
v 0.05904000 0.05614200 0.01399800
v 0.05904000 0.05614200 0.01399800
v 0.05904000 0.05614200 0.01399800
v 0.05904000 0.05614200 0.01399800
v 0.05904000 0.05614200 0.01399800
v 0.05904000 0.05614200 0.01399800
v 0.05904000 0.05614200 0.01399800
v 0.06010400 0.05600400 0.01360000
v 0.06010400 0.05600400 0.01360000
v 0.06010400 0.05600400 0.01360000
v 0.06010400 0.05600400 0.01360000
v 0.06116500 0.05614400 0.01360000
v 0.06116500 0.05614400 0.01360000
v 0.06116500 0.05614400 0.01360000
v 0.06116500 0.05614400 0.01360000
v 0.06116500 0.05614400 0.01360000
v 0.06300300 0.05720500 0.01360000
v 0.06300300 0.05720500 0.01360000
v 0.06300300 0.05720500 0.01360000
v 0.06300300 0.05720500 0.01360000
v 0.06300300 0.05720500 0.01360000
v -0.06116500 0.05614400 0.01360000
v -0.06116500 0.05614400 0.01360000
v -0.06116500 0.05614400 0.01360000
v -0.06116500 0.05614400 0.01360000
v -0.05805400 0.05655300 0.01360000
v -0.05805400 0.05655300 0.01360000
v -0.05805400 0.05655300 0.01360000
v -0.05805400 0.05655300 0.01360000
v -0.05655300 0.05805400 0.01360000
v -0.05655300 0.05805400 0.01360000
v -0.05655300 0.05805400 0.01360000
v -0.05655300 0.05805400 0.01360000
v -0.05655300 0.05805400 0.01360000
v -0.05614400 0.05904300 0.01360000
v -0.05614400 0.05904300 0.01360000
v -0.05614400 0.05904300 0.01360000
v -0.05600200 0.06010800 0.01400000
v -0.05600200 0.06010800 0.01400000
v -0.05600200 0.06010800 0.01400000
v -0.05600200 0.06010800 0.01400000
v -0.05600200 0.06010800 0.01400000
v -0.05600200 0.06010800 0.01400000
v -0.05600200 0.06010800 0.01400000
v -0.05600200 0.06010800 0.01400000
v -0.05600200 0.06010800 0.01400000
v -0.05600200 0.06010800 0.01400000
v 0.04479600 -0.06979700 0.01200000
v 0.04479600 -0.06979700 0.01200000
v 0.04479600 -0.06979700 0.01200000
v 0.04479600 -0.06979700 0.01200000
v 0.04479600 -0.06979700 0.01200000
v 0.04166500 -0.06902900 0.01200000
v 0.04166500 -0.06902900 0.01200000
v 0.04166500 -0.06902900 0.01200000
v 0.04166500 -0.06902900 0.01200000
v 0.04166500 -0.06902900 0.01200000
v 0.03571600 -0.06851900 0.01245300
v 0.03571600 -0.06851900 0.01245300
v 0.03571600 -0.06851900 0.01245300
v 0.03571600 -0.06851900 0.01245300
v 0.03571600 -0.06851900 0.01245300
v 0.03571600 -0.06851900 0.01245300
v 0.03306500 -0.06869000 0.01300100
v 0.03306500 -0.06869000 0.01300100
v 0.03306500 -0.06869000 0.01300100
v 0.03306500 -0.06869000 0.01300100
v 0.03306500 -0.06869000 0.01300100
v 0.03015500 -0.06915100 0.01409200
v 0.03015500 -0.06915100 0.01409200
v 0.03015500 -0.06915100 0.01409200
v 0.03015500 -0.06915100 0.01409200
v 0.03015500 -0.06915100 0.01409200
v 0.03015500 -0.06915100 0.01409200
v 0.03371700 -0.06755200 0.01482800
v 0.03371700 -0.06755200 0.01482800
v 0.03371700 -0.06755200 0.01482800
v 0.03371700 -0.06755200 0.01482800
v 0.03371700 -0.06755200 0.01482800
v 0.03371700 -0.06755200 0.01482800
v 0.06985700 -0.05096700 0.01400000
v 0.06985700 -0.05096700 0.01400000
v 0.06985700 -0.05096700 0.01400000
v 0.06985700 -0.05096700 0.01400000
v 0.06985700 -0.05096700 0.01400000
v 0.06985700 -0.05096700 0.01400000
v 0.07227900 -0.05599900 0.01200000
v 0.07227900 -0.05599900 0.01200000
v 0.07227900 -0.05599900 0.01200000
v 0.07227900 -0.05599900 0.01200000
v 0.07037700 -0.05582900 0.01400000
v 0.07037700 -0.05582900 0.01400000
v 0.07037700 -0.05582900 0.01400000
v 0.07037700 -0.05582900 0.01400000
v 0.07037700 -0.05582900 0.01400000
v 0.07037700 -0.05582900 0.01400000
v 0.07037700 -0.05582900 0.01400000
v 0.07101200 -0.06140700 0.01200000
v 0.07101200 -0.06140700 0.01200000
v 0.07101200 -0.06140700 0.01200000
v 0.07101200 -0.06140700 0.01200000
v 0.06889300 -0.06137800 0.01400000
v 0.06889300 -0.06137800 0.01400000
v 0.06889300 -0.06137800 0.01400000
v 0.06889300 -0.06137800 0.01400000
v 0.06889300 -0.06137800 0.01400000
v 0.06889300 -0.06137800 0.01400000
v 0.06812100 -0.06615100 0.01200000
v 0.06812100 -0.06615100 0.01200000
v 0.06812100 -0.06615100 0.01200000
v 0.06812100 -0.06615100 0.01200000
v 0.06249300 -0.06831800 0.01400000
v 0.06249300 -0.06831800 0.01400000
v 0.06249300 -0.06831800 0.01400000
v 0.06249300 -0.06831800 0.01400000
v 0.06249300 -0.06831800 0.01400000
v 0.06249300 -0.06831800 0.01400000
v 0.06249300 -0.06831800 0.01400000
v 0.06389400 -0.06975500 0.01200000
v 0.06389400 -0.06975500 0.01200000
v 0.06389400 -0.06975500 0.01200000
v 0.06389400 -0.06975500 0.01200000
v 0.06140700 -0.07101200 0.01200000
v 0.06140700 -0.07101200 0.01200000
v 0.06140700 -0.07101200 0.01200000
v 0.06140700 -0.07101200 0.01200000
v 0.06140700 -0.07101200 0.01200000
v 0.05875300 -0.07186000 0.01200000
v 0.05875300 -0.07186000 0.01200000
v 0.05875300 -0.07186000 0.01200000
v 0.05875300 -0.07186000 0.01200000
v 0.05875300 -0.07186000 0.01200000
v 0.05802600 -0.07002600 0.01400000
v 0.05802600 -0.07002600 0.01400000
v 0.05802600 -0.07002600 0.01400000
v 0.05802600 -0.07002600 0.01400000
v 0.05802600 -0.07002600 0.01400000
v 0.05802600 -0.07002600 0.01400000
v 0.05802600 -0.07002600 0.01400000
v 0.05321200 -0.07225600 0.01200000
v 0.05321200 -0.07225600 0.01200000
v 0.05321200 -0.07225600 0.01200000
v 0.05321200 -0.07225600 0.01200000
v 0.05207500 -0.07023600 0.01400000
v 0.05207500 -0.07023600 0.01400000
v 0.05207500 -0.07023600 0.01400000
v 0.05207500 -0.07023600 0.01400000
v 0.05207500 -0.07023600 0.01400000
v 0.05207500 -0.07023600 0.01400000
v 0.05207500 -0.07023600 0.01400000
v 0.06860800 -0.03846900 0.01200000
v 0.06860800 -0.03846900 0.01200000
v 0.06860800 -0.03846900 0.01200000
v 0.06860800 -0.03846900 0.01200000
v 0.06860800 -0.03846900 0.01200000
v 0.06860800 -0.03846900 0.01200000
v 0.06860800 -0.03846900 0.01200000
v 0.06745700 -0.03507600 0.01423200
v 0.06745700 -0.03507600 0.01423200
v 0.06745700 -0.03507600 0.01423200
v 0.06745700 -0.03507600 0.01423200
v 0.06745700 -0.03507600 0.01423200
v 0.06745700 -0.03507600 0.01423200
v 0.06745700 -0.03507600 0.01423200
v 0.06861200 -0.03390400 0.01274000
v 0.06861200 -0.03390400 0.01274000
v 0.06861200 -0.03390400 0.01274000
v 0.06861200 -0.03390400 0.01274000
v 0.06952700 -0.02858000 0.01478000
v 0.06952700 -0.02858000 0.01478000
v 0.06952700 -0.02858000 0.01478000
v 0.06952700 -0.02858000 0.01478000
v 0.06952700 -0.02858000 0.01478000
v 0.04363000 -0.06137500 0.01499100
v 0.04363000 -0.06137500 0.01499100
v 0.04363000 -0.06137500 0.01499100
v 0.04363000 -0.06137500 0.01499100
v 0.04363000 -0.06137500 0.01499100
v 0.04363000 -0.06137500 0.01499100
v 0.04363000 -0.06137500 0.01499100
v 0.06815800 -0.03129800 0.01600000
v 0.06815800 -0.03129800 0.01600000
v 0.06815800 -0.03129800 0.01600000
v 0.06815800 -0.03129800 0.01600000
v 0.06815800 -0.03129800 0.01600000
v 0.06815800 -0.03129800 0.01600000
v 0.06815800 -0.03129800 0.01600000
v 0.06815800 -0.03129800 0.01600000
v 0.04824600 -0.05994700 0.01400000
v 0.04824600 -0.05994700 0.01400000
v 0.04824600 -0.05994700 0.01400000
v 0.04824600 -0.05994700 0.01400000
v 0.04824600 -0.05994700 0.01400000
v 0.04612900 -0.06065200 0.01419700
v 0.04612900 -0.06065200 0.01419700
v 0.04612900 -0.06065200 0.01419700
v 0.04612900 -0.06065200 0.01419700
v 0.04612900 -0.06065200 0.01419700
v 0.04612900 -0.06065200 0.01419700
v 0.06419200 -0.04083300 0.01422600
v 0.06419200 -0.04083300 0.01422600
v 0.06419200 -0.04083300 0.01422600
v 0.06419200 -0.04083300 0.01422600
v 0.06419200 -0.04083300 0.01422600
v 0.06419200 -0.04083300 0.01422600
v 0.06689100 -0.03730700 0.01404200
v 0.06689100 -0.03730700 0.01404200
v 0.06689100 -0.03730700 0.01404200
v 0.06689100 -0.03730700 0.01404200
v 0.06689100 -0.03730700 0.01404200
v 0.03856000 -0.06661000 0.01399900
v 0.03856000 -0.06661000 0.01399900
v 0.03856000 -0.06661000 0.01399900
v 0.03856000 -0.06661000 0.01399900
v 0.03856000 -0.06661000 0.01399900
v 0.03856000 -0.06661000 0.01399900
v 0.03576500 -0.06725400 0.01418900
v 0.03576500 -0.06725400 0.01418900
v 0.03576500 -0.06725400 0.01418900
v 0.03576500 -0.06725400 0.01418900
v 0.03576500 -0.06725400 0.01418900
v 0.03576500 -0.06725400 0.01418900
v 0.03576500 -0.06725400 0.01418900
v 0.03782800 -0.06476100 0.01600000
v 0.03782800 -0.06476100 0.01600000
v 0.03782800 -0.06476100 0.01600000
v 0.03782800 -0.06476100 0.01600000
v 0.03782800 -0.06476100 0.01600000
v 0.03782800 -0.06476100 0.01600000
v 0.06282400 -0.04145300 0.01496100
v 0.06282400 -0.04145300 0.01496100
v 0.06282400 -0.04145300 0.01496100
v 0.06282400 -0.04145300 0.01496100
v 0.06282400 -0.04145300 0.01496100
v 0.06282400 -0.04145300 0.01496100
v 0.03277100 -0.06746200 0.01600000
v 0.03277100 -0.06746200 0.01600000
v 0.03277100 -0.06746200 0.01600000
v 0.03277100 -0.06746200 0.01600000
v 0.03277100 -0.06746200 0.01600000
v 0.06691900 -0.03456600 0.01490000
v 0.06691900 -0.03456600 0.01490000
v 0.06691900 -0.03456600 0.01490000
v 0.06691900 -0.03456600 0.01490000
v 0.06691900 -0.03456600 0.01490000
v 0.06020100 -0.04648000 0.01422700
v 0.06020100 -0.04648000 0.01422700
v 0.06020100 -0.04648000 0.01422700
v 0.06020100 -0.04648000 0.01422700
v 0.06020100 -0.04648000 0.01422700
v 0.06020100 -0.04648000 0.01422700
v 0.05925600 -0.04597500 0.01600000
v 0.05925600 -0.04597500 0.01600000
v 0.05925600 -0.04597500 0.01600000
v 0.05925600 -0.04597500 0.01600000
v 0.05925600 -0.04597500 0.01600000
v 0.05597600 -0.05280200 0.01400000
v 0.05597600 -0.05280200 0.01400000
v 0.05597600 -0.05280200 0.01400000
v 0.05597600 -0.05280200 0.01400000
v 0.05597600 -0.05280200 0.01400000
v 0.05597600 -0.05280200 0.01400000
v 0.05597600 -0.05280200 0.01400000
v 0.05807100 -0.04798700 0.01493200
v 0.05807100 -0.04798700 0.01493200
v 0.05807100 -0.04798700 0.01493200
v 0.05807100 -0.04798700 0.01493200
v 0.05807100 -0.04798700 0.01493200
v 0.05807100 -0.04798700 0.01493200
v 0.05807100 -0.04798700 0.01493200
v 0.05156200 -0.05446400 0.01600000
v 0.05156200 -0.05446400 0.01600000
v 0.05156200 -0.05446400 0.01600000
v 0.05156200 -0.05446400 0.01600000
v 0.05156200 -0.05446400 0.01600000
v 0.05219700 -0.05422500 0.01498000
v 0.05219700 -0.05422500 0.01498000
v 0.05219700 -0.05422500 0.01498000
v 0.05219700 -0.05422500 0.01498000
v 0.05219700 -0.05422500 0.01498000
v 0.05219700 -0.05422500 0.01498000
v 0.05219700 -0.05422500 0.01498000
v 0.05505500 -0.05268300 0.01414900
v 0.05505500 -0.05268300 0.01414900
v 0.05505500 -0.05268300 0.01414900
v 0.05505500 -0.05268300 0.01414900
v 0.05505500 -0.05268300 0.01414900
v 0.05505500 -0.05268300 0.01414900
v 0.04725100 -0.05824400 0.01600000
v 0.04725100 -0.05824400 0.01600000
v 0.04725100 -0.05824400 0.01600000
v 0.04725100 -0.05824400 0.01600000
v 0.04725100 -0.05824400 0.01600000
v 0.04725100 -0.05824400 0.01600000
v 0.04725100 -0.05824400 0.01600000
v 0.06663400 0.03872700 0.01400000
v 0.06663400 0.03872700 0.01400000
v 0.06663400 0.03872700 0.01400000
v 0.06663400 0.03872700 0.01400000
v 0.06663400 0.03872700 0.01400000
v 0.06663400 0.03872700 0.01400000
v 0.06941600 0.02900600 0.01458800
v 0.06941600 0.02900600 0.01458800
v 0.06941600 0.02900600 0.01458800
v 0.06941600 0.02900600 0.01458800
v 0.06941600 0.02900600 0.01458800
v 0.06788400 0.04537900 0.01400000
v 0.06788400 0.04537900 0.01400000
v 0.06788400 0.04537900 0.01400000
v 0.06788400 0.04537900 0.01400000
v 0.06788400 0.04537900 0.01400000
v 0.06979700 0.04479600 0.01200000
v 0.06979700 0.04479600 0.01200000
v 0.06979700 0.04479600 0.01200000
v 0.06979700 0.04479600 0.01200000
v 0.06979700 0.04479600 0.01200000
v 0.06706300 0.04203400 0.01400000
v 0.06706300 0.04203400 0.01400000
v 0.06706300 0.04203400 0.01400000
v 0.06706300 0.04203400 0.01400000
v 0.06717500 0.06717500 0.01200000
v 0.06717500 0.06717500 0.01200000
v 0.06717500 0.06717500 0.01200000
v 0.06717500 0.06717500 0.01200000
v 0.06717500 0.06717500 0.01200000
v 0.06717500 0.06717500 0.01200000
v 0.06520400 0.06632600 0.01400000
v 0.06520400 0.06632600 0.01400000
v 0.06520400 0.06632600 0.01400000
v 0.06520400 0.06632600 0.01400000
v 0.06520400 0.06632600 0.01400000
v 0.06795500 0.06309000 0.01400000
v 0.06795500 0.06309000 0.01400000
v 0.06795500 0.06309000 0.01400000
v 0.06795500 0.06309000 0.01400000
v 0.06795500 0.06309000 0.01400000
v 0.06795500 0.06309000 0.01400000
v 0.06795500 0.06309000 0.01400000
v 0.07060900 0.06231800 0.01200000
v 0.07060900 0.06231800 0.01200000
v 0.07060900 0.06231800 0.01200000
v 0.07060900 0.06231800 0.01200000
v 0.07060900 0.06231800 0.01200000
v 0.07060900 0.06231800 0.01200000
v 0.07166100 0.05952500 0.01200000
v 0.07166100 0.05952500 0.01200000
v 0.07166100 0.05952500 0.01200000
v 0.07166100 0.05952500 0.01200000
v 0.07166100 0.05952500 0.01200000
v 0.06991000 0.05852800 0.01400000
v 0.06991000 0.05852800 0.01400000
v 0.06991000 0.05852800 0.01400000
v 0.06991000 0.05852800 0.01400000
v 0.06991000 0.05852800 0.01400000
v 0.06991000 0.05852800 0.01400000
v 0.06991000 0.05852800 0.01400000
v 0.07228600 0.05361000 0.01200000
v 0.07228600 0.05361000 0.01200000
v 0.07228600 0.05361000 0.01200000
v 0.07228600 0.05361000 0.01200000
v 0.07228600 0.05361000 0.01200000
v 0.07090300 0.04782500 0.01200000
v 0.07090300 0.04782500 0.01200000
v 0.07090300 0.04782500 0.01200000
v 0.07090300 0.04782500 0.01200000
v 0.07090300 0.04782500 0.01200000
v 0.07090300 0.04782500 0.01200000
v 0.07184100 0.05065800 0.01200000
v 0.07184100 0.05065800 0.01200000
v 0.07184100 0.05065800 0.01200000
v 0.07184100 0.05065800 0.01200000
v 0.07184100 0.05065800 0.01200000
v 0.03846900 0.06860800 0.01200000
v 0.03846900 0.06860800 0.01200000
v 0.03846900 0.06860800 0.01200000
v 0.03846900 0.06860800 0.01200000
v 0.03846900 0.06860800 0.01200000
v 0.03846900 0.06860800 0.01200000
v 0.03846900 0.06860800 0.01200000
v 0.03634200 0.06852200 0.01218100
v 0.03634200 0.06852200 0.01218100
v 0.03634200 0.06852200 0.01218100
v 0.03634200 0.06852200 0.01218100
v 0.03634200 0.06852200 0.01218100
v 0.03634200 0.06852200 0.01218100
v 0.03390400 0.06861200 0.01274000
v 0.03390400 0.06861200 0.01274000
v 0.03390400 0.06861200 0.01274000
v 0.03390400 0.06861200 0.01274000
v 0.03390400 0.06861200 0.01274000
v 0.03724700 0.06688200 0.01405600
v 0.03724700 0.06688200 0.01405600
v 0.03724700 0.06688200 0.01405600
v 0.03724700 0.06688200 0.01405600
v 0.03724700 0.06688200 0.01405600
v 0.03724700 0.06688200 0.01405600
v 0.03219800 0.06814800 0.01486000
v 0.03219800 0.06814800 0.01486000
v 0.03219800 0.06814800 0.01486000
v 0.03219800 0.06814800 0.01486000
v 0.03219800 0.06814800 0.01486000
v 0.03219800 0.06814800 0.01486000
v 0.03219800 0.06814800 0.01486000
v 0.02858000 0.06952700 0.01478000
v 0.02858000 0.06952700 0.01478000
v 0.02858000 0.06952700 0.01478000
v 0.02858000 0.06952700 0.01478000
v 0.02858000 0.06952700 0.01478000
v 0.02600000 0.07034900 0.01600000
v 0.02600000 0.07034900 0.01600000
v 0.02600000 0.07034900 0.01600000
v 0.02600000 0.07034900 0.01600000
v 0.02600000 0.07034900 0.01600000
v 0.02600000 0.07034900 0.01600000
v 0.02600000 0.07034900 0.01600000
v 0.02600000 0.07034900 0.01600000
v -0.03860200 0.06664500 0.01398500
v -0.03860200 0.06664500 0.01398500
v -0.03860200 0.06664500 0.01398500
v -0.03860200 0.06664500 0.01398500
v -0.03860200 0.06664500 0.01398500
v -0.03860200 0.06664500 0.01398500
v -0.03523500 0.06852500 0.01242100
v -0.03523500 0.06852500 0.01242100
v -0.03523500 0.06852500 0.01242100
v -0.03523500 0.06852500 0.01242100
v -0.03523500 0.06852500 0.01242100
v -0.03523500 0.06852500 0.01242100
v -0.02900600 0.06941600 0.01458800
v -0.02900600 0.06941600 0.01458800
v -0.02900600 0.06941600 0.01458800
v -0.02900600 0.06941600 0.01458800
v -0.02900600 0.06941600 0.01458800
v -0.03846900 0.06860800 0.01200000
v -0.03846900 0.06860800 0.01200000
v -0.03846900 0.06860800 0.01200000
v -0.03846900 0.06860800 0.01200000
v -0.03846900 0.06860800 0.01200000
v -0.03846900 0.06860800 0.01200000
v -0.06985700 0.05096700 0.01400000
v -0.06985700 0.05096700 0.01400000
v -0.06985700 0.05096700 0.01400000
v -0.06985700 0.05096700 0.01400000
v -0.06985700 0.05096700 0.01400000
v -0.06985700 0.05096700 0.01400000
v -0.07227900 0.05599900 0.01200000
v -0.07227900 0.05599900 0.01200000
v -0.07227900 0.05599900 0.01200000
v -0.07227900 0.05599900 0.01200000
v -0.07225600 0.05321200 0.01200000
v -0.07225600 0.05321200 0.01200000
v -0.07225600 0.05321200 0.01200000
v -0.07225600 0.05321200 0.01200000
v -0.07225600 0.05321200 0.01200000
v -0.07037700 0.05582900 0.01400000
v -0.07037700 0.05582900 0.01400000
v -0.07037700 0.05582900 0.01400000
v -0.07037700 0.05582900 0.01400000
v -0.07037700 0.05582900 0.01400000
v -0.07037700 0.05582900 0.01400000
v -0.07037700 0.05582900 0.01400000
v -0.06889300 0.06137800 0.01400000
v -0.06889300 0.06137800 0.01400000
v -0.06889300 0.06137800 0.01400000
v -0.06889300 0.06137800 0.01400000
v -0.06889300 0.06137800 0.01400000
v -0.06889300 0.06137800 0.01400000
v -0.07101200 0.06140700 0.01200000
v -0.07101200 0.06140700 0.01200000
v -0.07101200 0.06140700 0.01200000
v -0.07101200 0.06140700 0.01200000
v -0.06975500 0.06389400 0.01200000
v -0.06975500 0.06389400 0.01200000
v -0.06975500 0.06389400 0.01200000
v -0.06975500 0.06389400 0.01200000
v -0.06975500 0.06389400 0.01200000
v -0.06615100 0.06812100 0.01200000
v -0.06615100 0.06812100 0.01200000
v -0.06615100 0.06812100 0.01200000
v -0.06615100 0.06812100 0.01200000
v -0.06615100 0.06812100 0.01200000
v -0.06812100 0.06615100 0.01200000
v -0.06812100 0.06615100 0.01200000
v -0.06812100 0.06615100 0.01200000
v -0.06812100 0.06615100 0.01200000
v -0.06623100 0.06534200 0.01400000
v -0.06623100 0.06534200 0.01400000
v -0.06623100 0.06534200 0.01400000
v -0.06623100 0.06534200 0.01400000
v -0.06623100 0.06534200 0.01400000
v -0.06623100 0.06534200 0.01400000
v -0.06623100 0.06534200 0.01400000
v -0.06140700 0.07101200 0.01200000
v -0.06140700 0.07101200 0.01200000
v -0.06140700 0.07101200 0.01200000
v -0.06140700 0.07101200 0.01200000
v -0.06140700 0.07101200 0.01200000
v -0.05875300 0.07186000 0.01200000
v -0.05875300 0.07186000 0.01200000
v -0.05875300 0.07186000 0.01200000
v -0.05875300 0.07186000 0.01200000
v -0.05875300 0.07186000 0.01200000
v -0.05321200 0.07225600 0.01200000
v -0.05321200 0.07225600 0.01200000
v -0.05321200 0.07225600 0.01200000
v -0.05321200 0.07225600 0.01200000
v -0.06706300 0.04203400 0.01400000
v -0.06706300 0.04203400 0.01400000
v -0.06706300 0.04203400 0.01400000
v -0.06706300 0.04203400 0.01400000
v -0.06979700 0.04479600 0.01200000
v -0.06979700 0.04479600 0.01200000
v -0.06979700 0.04479600 0.01200000
v -0.06979700 0.04479600 0.01200000
v -0.06979700 0.04479600 0.01200000
v -0.06788400 0.04537900 0.01400000
v -0.06788400 0.04537900 0.01400000
v -0.06788400 0.04537900 0.01400000
v -0.06788400 0.04537900 0.01400000
v -0.06788400 0.04537900 0.01400000
v -0.06852200 0.03634200 0.01218100
v -0.06852200 0.03634200 0.01218100
v -0.06852200 0.03634200 0.01218100
v -0.06852200 0.03634200 0.01218100
v -0.06852200 0.03634200 0.01218100
v -0.06852200 0.03634200 0.01218100
v -0.06861200 0.03390400 0.01274000
v -0.06861200 0.03390400 0.01274000
v -0.06861200 0.03390400 0.01274000
v -0.06861200 0.03390400 0.01274000
v -0.06894300 0.03124800 0.01365100
v -0.06894300 0.03124800 0.01365100
v -0.06894300 0.03124800 0.01365100
v -0.06894300 0.03124800 0.01365100
v -0.06894300 0.03124800 0.01365100
v -0.06745300 0.03508300 0.01423500
v -0.06745300 0.03508300 0.01423500
v -0.06745300 0.03508300 0.01423500
v -0.06745300 0.03508300 0.01423500
v -0.06745300 0.03508300 0.01423500
v -0.06952900 0.02857200 0.01506300
v -0.06952900 0.02857200 0.01506300
v -0.06952900 0.02857200 0.01506300
v -0.06952900 0.02857200 0.01506300
v -0.06952900 0.02857200 0.01506300
v -0.06952900 0.02857200 0.01506300
v -0.06952900 0.02857200 0.01506300
v -0.07034900 0.02600000 0.01600000
v -0.07034900 0.02600000 0.01600000
v -0.07034900 0.02600000 0.01600000
v -0.07034900 0.02600000 0.01600000
v -0.07034900 0.02600000 0.01600000
v -0.07034900 0.02600000 0.01600000
v 0.06734300 0.03527400 0.01429800
v 0.06734300 0.03527400 0.01429800
v 0.06734300 0.03527400 0.01429800
v 0.06734300 0.03527400 0.01429800
v 0.06734300 0.03527400 0.01429800
v 0.06734300 0.03527400 0.01429800
v 0.06734300 0.03527400 0.01429800
v 0.06096000 0.04461900 0.01453300
v 0.06096000 0.04461900 0.01453300
v 0.06096000 0.04461900 0.01453300
v 0.06096000 0.04461900 0.01453300
v 0.06096000 0.04461900 0.01453300
v 0.06096000 0.04461900 0.01453300
v 0.06784700 0.03196500 0.01600000
v 0.06784700 0.03196500 0.01600000
v 0.06784700 0.03196500 0.01600000
v 0.06784700 0.03196500 0.01600000
v 0.06784700 0.03196500 0.01600000
v 0.06784700 0.03196500 0.01600000
v 0.06103900 0.04693800 0.01400000
v 0.06103900 0.04693800 0.01400000
v 0.06103900 0.04693800 0.01400000
v 0.06103900 0.04693800 0.01400000
v 0.06103900 0.04693800 0.01400000
v 0.06103900 0.04693800 0.01400000
v 0.05740600 0.04826600 0.01600000
v 0.05740600 0.04826600 0.01600000
v 0.05740600 0.04826600 0.01600000
v 0.05740600 0.04826600 0.01600000
v 0.05740600 0.04826600 0.01600000
v 0.05740600 0.04826600 0.01600000
v 0.05740600 0.04826600 0.01600000
v 0.06135100 0.04314000 0.01600000
v 0.06135100 0.04314000 0.01600000
v 0.06135100 0.04314000 0.01600000
v 0.06135100 0.04314000 0.01600000
v 0.06135100 0.04314000 0.01600000
v 0.06484000 0.03769300 0.01600000
v 0.06484000 0.03769300 0.01600000
v 0.06484000 0.03769300 0.01600000
v 0.06484000 0.03769300 0.01600000
v 0.06484000 0.03769300 0.01600000
v 0.06484000 0.03769300 0.01600000
v 0.06484000 0.03769300 0.01600000
v 0.05303300 0.05303300 0.01600000
v 0.05303300 0.05303300 0.01600000
v 0.05303300 0.05303300 0.01600000
v 0.05303300 0.05303300 0.01600000
v 0.05303300 0.05303300 0.01600000
v 0.05303300 0.05303300 0.01600000
v 0.06824000 0.03195500 0.01493700
v 0.06824000 0.03195500 0.01493700
v 0.06824000 0.03195500 0.01493700
v 0.06824000 0.03195500 0.01493700
v 0.06824000 0.03195500 0.01493700
v 0.06824000 0.03195500 0.01493700
v 0.05371600 0.05311300 0.01459200
v 0.05371600 0.05311300 0.01459200
v 0.05371600 0.05311300 0.01459200
v 0.05371600 0.05311300 0.01459200
v 0.05371600 0.05311300 0.01459200
v 0.05371600 0.05311300 0.01459200
v 0.05371600 0.05311300 0.01459200
v 0.05524300 0.05348000 0.01400000
v 0.05524300 0.05348000 0.01400000
v 0.05524300 0.05348000 0.01400000
v 0.05524300 0.05348000 0.01400000
v 0.05524300 0.05348000 0.01400000
v 0.05524300 0.05348000 0.01400000
v 0.05524300 0.05348000 0.01400000
v 0.05889500 0.04766600 0.01438300
v 0.05889500 0.04766600 0.01438300
v 0.05889500 0.04766600 0.01438300
v 0.05889500 0.04766600 0.01438300
v -0.03667100 0.06542300 0.01600000
v -0.03667100 0.06542300 0.01600000
v -0.03667100 0.06542300 0.01600000
v -0.03667100 0.06542300 0.01600000
v -0.03667100 0.06542300 0.01600000
v -0.05567900 0.05078000 0.01490800
v -0.05567900 0.05078000 0.01490800
v -0.05567900 0.05078000 0.01490800
v -0.05567900 0.05078000 0.01490800
v -0.05567900 0.05078000 0.01490800
v -0.06809600 0.03143200 0.01600000
v -0.06809600 0.03143200 0.01600000
v -0.06809600 0.03143200 0.01600000
v -0.06809600 0.03143200 0.01600000
v -0.06809600 0.03143200 0.01600000
v -0.06809600 0.03143200 0.01600000
v -0.06257300 0.04172300 0.01503300
v -0.06257300 0.04172300 0.01503300
v -0.06257300 0.04172300 0.01503300
v -0.06257300 0.04172300 0.01503300
v -0.06257300 0.04172300 0.01503300
v -0.06257300 0.04172300 0.01503300
v -0.06661300 0.03862200 0.01400000
v -0.06661300 0.03862200 0.01400000
v -0.06661300 0.03862200 0.01400000
v -0.06661300 0.03862200 0.01400000
v -0.05889100 0.04644100 0.01600000
v -0.05889100 0.04644100 0.01600000
v -0.05889100 0.04644100 0.01600000
v -0.05889100 0.04644100 0.01600000
v -0.05889100 0.04644100 0.01600000
v -0.05889100 0.04644100 0.01600000
v -0.05889100 0.04644100 0.01600000
v -0.05955300 0.04747900 0.01415400
v -0.05955300 0.04747900 0.01415400
v -0.05955300 0.04747900 0.01415400
v -0.05955300 0.04747900 0.01415400
v -0.05955300 0.04747900 0.01415400
v -0.04644100 0.05889100 0.01600000
v -0.04644100 0.05889100 0.01600000
v -0.04644100 0.05889100 0.01600000
v -0.04644100 0.05889100 0.01600000
v -0.04644100 0.05889100 0.01600000
v -0.04644100 0.05889100 0.01600000
v -0.04590000 0.05971200 0.01495100
v -0.04590000 0.05971200 0.01495100
v -0.04590000 0.05971200 0.01495100
v -0.04590000 0.05971200 0.01495100
v -0.04590000 0.05971200 0.01495100
v -0.04168400 0.06234900 0.01600000
v -0.04168400 0.06234900 0.01600000
v -0.04168400 0.06234900 0.01600000
v -0.04168400 0.06234900 0.01600000
v -0.04168400 0.06234900 0.01600000
v -0.04168400 0.06234900 0.01600000
v -0.04168400 0.06234900 0.01600000
v -0.04352600 0.06237100 0.01423400
v -0.04352600 0.06237100 0.01423400
v -0.04352600 0.06237100 0.01423400
v -0.04352600 0.06237100 0.01423400
v -0.04352600 0.06237100 0.01423400
v -0.04352600 0.06237100 0.01423400
v -0.04352600 0.06237100 0.01423400
v -0.03571400 0.06728700 0.01419200
v -0.03571400 0.06728700 0.01419200
v -0.03571400 0.06728700 0.01419200
v -0.03571400 0.06728700 0.01419200
v -0.03571400 0.06728700 0.01419200
v -0.03571400 0.06728700 0.01419200
v -0.03589600 0.06625800 0.01492500
v -0.03589600 0.06625800 0.01492500
v -0.03589600 0.06625800 0.01492500
v -0.03589600 0.06625800 0.01492500
v -0.03589600 0.06625800 0.01492500
v -0.03143200 0.06809600 0.01600000
v -0.03143200 0.06809600 0.01600000
v -0.03143200 0.06809600 0.01600000
v -0.03143200 0.06809600 0.01600000
v -0.03143200 0.06809600 0.01600000
v -0.03143200 0.06809600 0.01600000
v -0.03143200 0.06809600 0.01600000
v -0.03143200 0.06809600 0.01600000
v -0.05507100 0.05091300 0.01600000
v -0.05507100 0.05091300 0.01600000
v -0.05507100 0.05091300 0.01600000
v -0.05507100 0.05091300 0.01600000
v -0.05507100 0.05091300 0.01600000
v -0.05507100 0.05091300 0.01600000
v -0.05507100 0.05091300 0.01600000
v -0.05119400 0.05520300 0.01495200
v -0.05119400 0.05520300 0.01495200
v -0.05119400 0.05520300 0.01495200
v -0.05119400 0.05520300 0.01495200
v -0.05119400 0.05520300 0.01495200
v -0.05119400 0.05520300 0.01495200
v -0.05091300 0.05507100 0.01600000
v -0.05091300 0.05507100 0.01600000
v -0.05091300 0.05507100 0.01600000
v -0.05091300 0.05507100 0.01600000
v -0.05091300 0.05507100 0.01600000
v -0.06630400 0.03594500 0.01482200
v -0.06630400 0.03594500 0.01482200
v -0.06630400 0.03594500 0.01482200
v -0.06630400 0.03594500 0.01482200
v -0.06630400 0.03594500 0.01482200
v -0.06630400 0.03594500 0.01482200
v -0.06630400 0.03594500 0.01482200
v -0.06630400 0.03594500 0.01482200
v -0.06630400 0.03594500 0.01482200
v -0.05138800 0.05598900 0.01425700
v -0.05138800 0.05598900 0.01425700
v -0.05138800 0.05598900 0.01425700
v -0.05138800 0.05598900 0.01425700
v -0.05138800 0.05598900 0.01425700
v -0.05138800 0.05598900 0.01425700
v -0.05138800 0.05598900 0.01425700
v -0.06548400 -0.03707900 0.01495200
v -0.06548400 -0.03707900 0.01495200
v -0.06548400 -0.03707900 0.01495200
v -0.06548400 -0.03707900 0.01495200
v -0.06548400 -0.03707900 0.01495200
v -0.06484000 -0.03769300 0.01600000
v -0.06484000 -0.03769300 0.01600000
v -0.06484000 -0.03769300 0.01600000
v -0.06484000 -0.03769300 0.01600000
v -0.06484000 -0.03769300 0.01600000
v -0.06484000 -0.03769300 0.01600000
v -0.03558400 -0.06642900 0.01489400
v -0.03558400 -0.06642900 0.01489400
v -0.03558400 -0.06642900 0.01489400
v -0.03558400 -0.06642900 0.01489400
v -0.03558400 -0.06642900 0.01489400
v -0.03558400 -0.06642900 0.01489400
v -0.06784700 -0.03196500 0.01600000
v -0.06784700 -0.03196500 0.01600000
v -0.06784700 -0.03196500 0.01600000
v -0.06784700 -0.03196500 0.01600000
v -0.06784700 -0.03196500 0.01600000
v -0.06784700 -0.03196500 0.01600000
v -0.06784700 -0.03196500 0.01600000
v -0.03862200 -0.06661300 0.01400000
v -0.03862200 -0.06661300 0.01400000
v -0.03862200 -0.06661300 0.01400000
v -0.03862200 -0.06661300 0.01400000
v -0.04367100 -0.06097400 0.01600000
v -0.04367100 -0.06097400 0.01600000
v -0.04367100 -0.06097400 0.01600000
v -0.04367100 -0.06097400 0.01600000
v -0.04367100 -0.06097400 0.01600000
v -0.03676700 -0.06691400 0.01410800
v -0.03676700 -0.06691400 0.01410800
v -0.03676700 -0.06691400 0.01410800
v -0.03676700 -0.06691400 0.01410800
v -0.03676700 -0.06691400 0.01410800
v -0.03676700 -0.06691400 0.01410800
v -0.03676700 -0.06691400 0.01410800
v -0.03676700 -0.06691400 0.01410800
v -0.03676700 -0.06691400 0.01410800
v -0.04381500 -0.06123100 0.01495400
v -0.04381500 -0.06123100 0.01495400
v -0.04381500 -0.06123100 0.01495400
v -0.04381500 -0.06123100 0.01495400
v -0.04381500 -0.06123100 0.01495400
v -0.04381500 -0.06123100 0.01495400
v -0.04381500 -0.06123100 0.01495400
v -0.04851500 -0.05719500 0.01600000
v -0.04851500 -0.05719500 0.01600000
v -0.04851500 -0.05719500 0.01600000
v -0.04851500 -0.05719500 0.01600000
v -0.04851500 -0.05719500 0.01600000
v -0.04851500 -0.05719500 0.01600000
v -0.04457400 -0.06178800 0.01418800
v -0.04457400 -0.06178800 0.01418800
v -0.04457400 -0.06178800 0.01418800
v -0.04457400 -0.06178800 0.01418800
v -0.04457400 -0.06178800 0.01418800
v -0.04923900 -0.05692900 0.01493100
v -0.04923900 -0.05692900 0.01493100
v -0.04923900 -0.05692900 0.01493100
v -0.04923900 -0.05692900 0.01493100
v -0.04923900 -0.05692900 0.01493100
v -0.04923900 -0.05692900 0.01493100
v -0.05078400 -0.05787900 0.01400000
v -0.05078400 -0.05787900 0.01400000
v -0.05078400 -0.05787900 0.01400000
v -0.05078400 -0.05787900 0.01400000
v -0.05078400 -0.05787900 0.01400000
v -0.05078400 -0.05787900 0.01400000
v -0.05078400 -0.05787900 0.01400000
v -0.05078400 -0.05787900 0.01400000
v -0.05387200 -0.05387200 0.01417300
v -0.05387200 -0.05387200 0.01417300
v -0.05387200 -0.05387200 0.01417300
v -0.05387200 -0.05387200 0.01417300
v -0.05387200 -0.05387200 0.01417300
v -0.05387200 -0.05387200 0.01417300
v -0.05740600 -0.04826600 0.01600000
v -0.05740600 -0.04826600 0.01600000
v -0.05740600 -0.04826600 0.01600000
v -0.05740600 -0.04826600 0.01600000
v -0.05740600 -0.04826600 0.01600000
v -0.05740600 -0.04826600 0.01600000
v -0.05721300 -0.04896100 0.01489900
v -0.05721300 -0.04896100 0.01489900
v -0.05721300 -0.04896100 0.01489900
v -0.05721300 -0.04896100 0.01489900
v -0.05721300 -0.04896100 0.01489900
v -0.06190300 -0.04297900 0.01488900
v -0.06190300 -0.04297900 0.01488900
v -0.06190300 -0.04297900 0.01488900
v -0.06190300 -0.04297900 0.01488900
v -0.06190300 -0.04297900 0.01488900
v -0.06190300 -0.04297900 0.01488900
v -0.06190300 -0.04297900 0.01488900
v -0.06100100 -0.04557900 0.01419100
v -0.06100100 -0.04557900 0.01419100
v -0.06100100 -0.04557900 0.01419100
v -0.06100100 -0.04557900 0.01419100
v -0.06100100 -0.04557900 0.01419100
v -0.06168300 -0.04608900 0.01400000
v -0.06168300 -0.04608900 0.01400000
v -0.06168300 -0.04608900 0.01400000
v -0.06168300 -0.04608900 0.01400000
v -0.06168300 -0.04608900 0.01400000
v -0.06168300 -0.04608900 0.01400000
v -0.06168300 -0.04608900 0.01400000
v -0.06730400 -0.03548400 0.01424500
v -0.06730400 -0.03548400 0.01424500
v -0.06730400 -0.03548400 0.01424500
v -0.06730400 -0.03548400 0.01424500
v -0.06730400 -0.03548400 0.01424500
v -0.06730400 -0.03548400 0.01424500
v -0.06730400 -0.03548400 0.01424500
v -0.06730400 -0.03548400 0.01424500
v -0.00136500 0.07299500 0.03487900
v -0.00136500 0.07299500 0.03487900
v -0.00136500 0.07299500 0.03487900
v -0.00136500 0.07299500 0.03487900
v -0.00136500 0.07299500 0.03487900
v -0.00136500 0.07299500 0.03487900
v -0.06852500 -0.03523500 0.01242100
v -0.06852500 -0.03523500 0.01242100
v -0.06852500 -0.03523500 0.01242100
v -0.06852500 -0.03523500 0.01242100
v -0.06852500 -0.03523500 0.01242100
v -0.06852500 -0.03523500 0.01242100
v -0.06852500 -0.03523500 0.01242100
v -0.06661300 -0.03862200 0.01400000
v -0.06661300 -0.03862200 0.01400000
v -0.06661300 -0.03862200 0.01400000
v -0.06661300 -0.03862200 0.01400000
v -0.06661300 -0.03862200 0.01400000
v -0.06767500 -0.03759700 0.01303200
v -0.06767500 -0.03759700 0.01303200
v -0.06767500 -0.03759700 0.01303200
v -0.06767500 -0.03759700 0.01303200
v -0.06845500 -0.03143100 0.01486600
v -0.06845500 -0.03143100 0.01486600
v -0.06845500 -0.03143100 0.01486600
v -0.06845500 -0.03143100 0.01486600
v -0.06845500 -0.03143100 0.01486600
v -0.06845500 -0.03143100 0.01486600
v -0.06845500 -0.03143100 0.01486600
v -0.06941600 -0.02900600 0.01458800
v -0.06941600 -0.02900600 0.01458800
v -0.06941600 -0.02900600 0.01458800
v -0.06941600 -0.02900600 0.01458800
v -0.06941600 -0.02900600 0.01458800
v -0.06788400 -0.04537900 0.01400000
v -0.06788400 -0.04537900 0.01400000
v -0.06788400 -0.04537900 0.01400000
v -0.06788400 -0.04537900 0.01400000
v -0.06902900 -0.04166500 0.01200000
v -0.06902900 -0.04166500 0.01200000
v -0.06902900 -0.04166500 0.01200000
v -0.06902900 -0.04166500 0.01200000
v -0.06902900 -0.04166500 0.01200000
v -0.06706300 -0.04203400 0.01400000
v -0.06706300 -0.04203400 0.01400000
v -0.06706300 -0.04203400 0.01400000
v -0.06706300 -0.04203400 0.01400000
v -0.06860800 -0.03846900 0.01200000
v -0.06860800 -0.03846900 0.01200000
v -0.06860800 -0.03846900 0.01200000
v -0.06860800 -0.03846900 0.01200000
v -0.06860800 -0.03846900 0.01200000
v -0.06860800 -0.03846900 0.01200000
v -0.06860800 -0.03846900 0.01200000
v -0.05160800 -0.07007300 0.01400000
v -0.05160800 -0.07007300 0.01400000
v -0.05160800 -0.07007300 0.01400000
v -0.05160800 -0.07007300 0.01400000
v -0.05160800 -0.07007300 0.01400000
v -0.05065800 -0.07184100 0.01200000
v -0.05065800 -0.07184100 0.01200000
v -0.05065800 -0.07184100 0.01200000
v -0.05065800 -0.07184100 0.01200000
v -0.05686900 -0.07023000 0.01400000
v -0.05686900 -0.07023000 0.01400000
v -0.05686900 -0.07023000 0.01400000
v -0.05686900 -0.07023000 0.01400000
v -0.05686900 -0.07023000 0.01400000
v -0.05686900 -0.07023000 0.01400000
v -0.05686900 -0.07023000 0.01400000
v -0.05659400 -0.07222600 0.01200000
v -0.05659400 -0.07222600 0.01200000
v -0.05659400 -0.07222600 0.01200000
v -0.05659400 -0.07222600 0.01200000
v -0.06489300 -0.06909900 0.01200000
v -0.06489300 -0.06909900 0.01200000
v -0.06489300 -0.06909900 0.01200000
v -0.06489300 -0.06909900 0.01200000
v -0.06717500 -0.06717500 0.01200000
v -0.06717500 -0.06717500 0.01200000
v -0.06717500 -0.06717500 0.01200000
v -0.06717500 -0.06717500 0.01200000
v -0.06717500 -0.06717500 0.01200000
v -0.06721400 -0.06415200 0.01400000
v -0.06721400 -0.06415200 0.01400000
v -0.06721400 -0.06415200 0.01400000
v -0.06721400 -0.06415200 0.01400000
v -0.06721400 -0.06415200 0.01400000
v -0.06721400 -0.06415200 0.01400000
v -0.06721400 -0.06415200 0.01400000
v -0.07060900 -0.06231800 0.01200000
v -0.07060900 -0.06231800 0.01200000
v -0.07060900 -0.06231800 0.01200000
v -0.07060900 -0.06231800 0.01200000
v -0.07060900 -0.06231800 0.01200000
v -0.06982200 -0.05898600 0.01400000
v -0.06982200 -0.05898600 0.01400000
v -0.06982200 -0.05898600 0.01400000
v -0.06982200 -0.05898600 0.01400000
v -0.06982200 -0.05898600 0.01400000
v -0.06982200 -0.05898600 0.01400000
v -0.06982200 -0.05898600 0.01400000
v -0.07166100 -0.05952500 0.01200000
v -0.07166100 -0.05952500 0.01200000
v -0.07166100 -0.05952500 0.01200000
v -0.07166100 -0.05952500 0.01200000
v -0.07027500 -0.05246800 0.01400000
v -0.07027500 -0.05246800 0.01400000
v -0.07027500 -0.05246800 0.01400000
v -0.07027500 -0.05246800 0.01400000
v -0.07027500 -0.05246800 0.01400000
v -0.07027500 -0.05246800 0.01400000
v -0.07027500 -0.05246800 0.01400000
v -0.04166500 -0.06902900 0.01200000
v -0.04166500 -0.06902900 0.01200000
v -0.04166500 -0.06902900 0.01200000
v -0.04166500 -0.06902900 0.01200000
v -0.04166500 -0.06902900 0.01200000
v -0.04373200 -0.06737000 0.01400000
v -0.04373200 -0.06737000 0.01400000
v -0.04373200 -0.06737000 0.01400000
v -0.04373200 -0.06737000 0.01400000
v -0.04373200 -0.06737000 0.01400000
v -0.04373200 -0.06737000 0.01400000
v -0.04782500 -0.07090300 0.01200000
v -0.04782500 -0.07090300 0.01200000
v -0.04782500 -0.07090300 0.01200000
v -0.04782500 -0.07090300 0.01200000
v -0.04782500 -0.07090300 0.01200000
v -0.03399800 -0.06860500 0.01267300
v -0.03399800 -0.06860500 0.01267300
v -0.03399800 -0.06860500 0.01267300
v -0.03399800 -0.06860500 0.01267300
v -0.03399800 -0.06860500 0.01267300
v -0.03139500 -0.06891800 0.01359500
v -0.03139500 -0.06891800 0.01359500
v -0.03139500 -0.06891800 0.01359500
v -0.03139500 -0.06891800 0.01359500
v -0.02019600 -0.07600000 0.01707500
v -0.02019600 -0.07600000 0.01707500
v -0.02019600 -0.07600000 0.01707500
v -0.02019600 -0.07600000 0.01707500
v -0.02019600 -0.07600000 0.01707500
v 0.02055900 -0.07400000 0.01768400
v 0.02055900 -0.07400000 0.01768400
v 0.02055900 -0.07400000 0.01768400
v 0.02055900 -0.07400000 0.01768400
v 0.02055900 -0.07400000 0.01768400
v 0.02055900 -0.07400000 0.01768400
v 0.02055900 -0.07400000 0.01768400
v 0.02055900 -0.07400000 0.01768400
v 0.01329000 -0.07600000 0.00574700
v 0.01329000 -0.07600000 0.00574700
v 0.01329000 -0.07600000 0.00574700
v 0.01329000 -0.07600000 0.00574700
v 0.01329000 -0.07600000 0.00574700
v 0.01035000 -0.07600000 0.00490000
v 0.01035000 -0.07600000 0.00490000
v 0.01035000 -0.07600000 0.00490000
v 0.01121000 -0.07400000 0.00490100
v 0.01121000 -0.07400000 0.00490100
v 0.01121000 -0.07400000 0.00490100
v 0.01121000 -0.07400000 0.00490100
v 0.01121000 -0.07400000 0.00490100
v 0.01121000 -0.07400000 0.00490100
v 0.01121000 -0.07400000 0.00490100
v -0.01035000 -0.07600000 0.00490000
v -0.01035000 -0.07600000 0.00490000
v -0.01035000 -0.07600000 0.00490000
v -0.01035000 -0.07600000 0.00490000
v -0.02039100 -0.07400000 0.01739800
v -0.02039100 -0.07400000 0.01739800
v -0.02039100 -0.07400000 0.01739800
v -0.02039100 -0.07400000 0.01739800
v -0.02039100 -0.07400000 0.01739800
v -0.01328200 -0.07600000 0.00573500
v -0.01328200 -0.07600000 0.00573500
v -0.01328200 -0.07600000 0.00573500
v -0.01328200 -0.07600000 0.00573500
v -0.01328200 -0.07600000 0.00573500
v 0.02022500 -0.07600000 0.01712400
v 0.02022500 -0.07600000 0.01712400
v 0.02022500 -0.07600000 0.01712400
v 0.02022500 -0.07600000 0.01712400
v 0.02022500 -0.07600000 0.01712400
v -0.01404500 -0.07600000 0.03102400
v -0.01404500 -0.07600000 0.03102400
v -0.01404500 -0.07600000 0.03102400
v -0.01404500 -0.07600000 0.03102400
v -0.01993500 -0.07600000 0.03800000
v -0.01993500 -0.07600000 0.03800000
v -0.01993500 -0.07600000 0.03800000
v 0.02421100 -0.07219100 0.03800000
v 0.02421100 -0.07219100 0.03800000
v 0.02421100 -0.07219100 0.03800000
v 0.02421100 -0.07219100 0.03800000
v 0.01993500 -0.07600000 0.03800000
v 0.01993500 -0.07600000 0.03800000
v 0.01993500 -0.07600000 0.03800000
v 0.02312100 -0.07394900 0.03800000
v 0.02312100 -0.07394900 0.03800000
v 0.02312100 -0.07394900 0.03800000
v 0.02312100 -0.07394900 0.03800000
v -0.02476700 -0.07157500 0.03800000
v -0.02476700 -0.07157500 0.03800000
v -0.02476700 -0.07157500 0.03800000
v -0.02476700 -0.07157500 0.03800000
v 0.02571100 -0.07076600 0.03800000
v 0.02571100 -0.07076600 0.03800000
v 0.02571100 -0.07076600 0.03800000
v 0.02571100 -0.07076600 0.03800000
v 0.05675200 0.04903200 0.03800000
v 0.05675200 0.04903200 0.03800000
v 0.05675200 0.04903200 0.03800000
v 0.05675200 0.04903200 0.03800000
v 0.06800600 0.03162300 0.03800000
v 0.06800600 0.03162300 0.03800000
v 0.06800600 0.03162300 0.03800000
v 0.07313400 0.01662400 0.03800000
v 0.07313400 0.01662400 0.03800000
v 0.07313400 0.01662400 0.03800000
v 0.07313400 0.01662400 0.03800000
v 0.07415200 0.01124100 0.03800000
v 0.07415200 0.01124100 0.03800000
v 0.07415200 0.01124100 0.03800000
v 0.07415200 0.01124100 0.03800000
v 0.07360900 -0.01437700 0.03800000
v 0.07360900 -0.01437700 0.03800000
v 0.07360900 -0.01437700 0.03800000
v 0.07439400 -0.00950800 0.03800000
v 0.07439400 -0.00950800 0.03800000
v 0.07439400 -0.00950800 0.03800000
v 0.07439400 -0.00950800 0.03800000
v 0.07236600 -0.01970000 0.03800000
v 0.07236600 -0.01970000 0.03800000
v 0.07236600 -0.01970000 0.03800000
v 0.07236600 -0.01970000 0.03800000
v 0.07236600 -0.01970000 0.03800000
v 0.06894300 -0.02952700 0.03800000
v 0.06894300 -0.02952700 0.03800000
v 0.06894300 -0.02952700 0.03800000
v 0.06894300 -0.02952700 0.03800000
v -0.02258300 -0.07478900 0.03800000
v -0.02258300 -0.07478900 0.03800000
v -0.02258300 -0.07478900 0.03800000
v 0.06685500 -0.03399100 0.03800000
v 0.06685500 -0.03399100 0.03800000
v 0.06685500 -0.03399100 0.03800000
v 0.06685500 -0.03399100 0.03800000
v -0.02092300 -0.07585800 0.03800000
v -0.02092300 -0.07585800 0.03800000
v -0.02092300 -0.07585800 0.03800000
v -0.02092300 -0.07585800 0.03800000
v 0.05821500 -0.04728600 0.03800000
v 0.05821500 -0.04728600 0.03800000
v 0.05821500 -0.04728600 0.03800000
v 0.05821500 -0.04728600 0.03800000
v 0.04697600 -0.05846500 0.03800000
v 0.04697600 -0.05846500 0.03800000
v 0.04697600 -0.05846500 0.03800000
v 0.03364100 -0.06703100 0.03800000
v 0.03364100 -0.06703100 0.03800000
v 0.03364100 -0.06703100 0.03800000
v 0.03364100 -0.06703100 0.03800000
v -0.06017600 -0.04476400 0.03800000
v -0.06017600 -0.04476400 0.03800000
v -0.06017600 -0.04476400 0.03800000
v -0.06017600 -0.04476400 0.03800000
v -0.06298700 -0.04071400 0.03800000
v -0.06298700 -0.04071400 0.03800000
v -0.06298700 -0.04071400 0.03800000
v -0.06298700 -0.04071400 0.03800000
v -0.07173000 -0.02190400 0.03800000
v -0.07173000 -0.02190400 0.03800000
v -0.07173000 -0.02190400 0.03800000
v -0.07173000 -0.02190400 0.03800000
v -0.02357400 -0.07309400 0.03800000
v -0.02357400 -0.07309400 0.03800000
v -0.02357400 -0.07309400 0.03800000
v -0.07398300 -0.01231000 0.03800000
v -0.07398300 -0.01231000 0.03800000
v -0.07398300 -0.01231000 0.03800000
v -0.07398300 -0.01231000 0.03800000
v -0.07494100 0.00296900 0.03800000
v -0.07494100 0.00296900 0.03800000
v -0.07494100 0.00296900 0.03800000
v -0.07381000 0.01330900 0.03800000
v -0.07381000 0.01330900 0.03800000
v -0.07381000 0.01330900 0.03800000
v -0.07381000 0.01330900 0.03800000
v -0.07108700 0.02390700 0.03800000
v -0.07108700 0.02390700 0.03800000
v -0.07108700 0.02390700 0.03800000
v -0.07108700 0.02390700 0.03800000
v -0.06710000 0.03350500 0.03800000
v -0.06710000 0.03350500 0.03800000
v -0.06710000 0.03350500 0.03800000
v -0.06710000 0.03350500 0.03800000
v -0.06936300 0.02852700 0.03800000
v -0.06936300 0.02852700 0.03800000
v -0.06936300 0.02852700 0.03800000
v -0.06936300 0.02852700 0.03800000
v -0.05190800 0.05413500 0.03800000
v -0.05190800 0.05413500 0.03800000
v -0.05190800 0.05413500 0.03800000
v -0.05190800 0.05413500 0.03800000
v -0.04782200 0.05777500 0.03800000
v -0.04782200 0.05777500 0.03800000
v -0.04782200 0.05777500 0.03800000
v -0.04782200 0.05777500 0.03800000
v -0.02560000 -0.07084900 0.03800000
v -0.02560000 -0.07084900 0.03800000
v -0.02560000 -0.07084900 0.03800000
v -0.02560000 -0.07084900 0.03800000
v -0.02560000 -0.07084900 0.03800000
v -0.02560000 -0.07084900 0.03800000
v -0.02610000 0.07031200 0.03800000
v -0.02610000 0.07031200 0.03800000
v -0.02610000 0.07031200 0.03800000
v -0.02090100 0.07202800 0.03800000
v -0.02090100 0.07202800 0.03800000
v -0.02090100 0.07202800 0.03800000
v -0.02090100 0.07202800 0.03800000
v -0.01127900 0.07414700 0.03800000
v -0.01127900 0.07414700 0.03800000
v -0.01127900 0.07414700 0.03800000
v -0.01127900 0.07414700 0.03800000
v 0.02018900 0.07223100 0.03800000
v 0.02018900 0.07223100 0.03800000
v 0.02018900 0.07223100 0.03800000
v 0.02018900 0.07223100 0.03800000
v 0.01487200 0.07351100 0.03800000
v 0.01487200 0.07351100 0.03800000
v 0.01487200 0.07351100 0.03800000
v 0.01487200 0.07351100 0.03800000
v 0.03920900 0.06393500 0.03800000
v 0.03920900 0.06393500 0.03800000
v 0.03920900 0.06393500 0.03800000
v 0.03920900 0.06393500 0.03800000
v 0.04767200 0.05789900 0.03800000
v 0.04767200 0.05789900 0.03800000
v 0.04767200 0.05789900 0.03800000
v 0.04767200 0.05789900 0.03800000
v 0.04332300 0.06122200 0.03800000
v 0.04332300 0.06122200 0.03800000
v 0.04332300 0.06122200 0.03800000
v 0.05041100 0.05553100 0.03800000
v 0.05041100 0.05553100 0.03800000
v 0.05041100 0.05553100 0.03800000
v 0.05041100 0.05553100 0.03800000
v -0.03253100 -0.06757700 0.03800000
v -0.03253100 -0.06757700 0.03800000
v -0.03253100 -0.06757700 0.03800000
v -0.03253100 -0.06757700 0.03800000
v -0.03253100 -0.06757700 0.03800000
v -0.04599700 -0.05923900 0.03800000
v -0.04599700 -0.05923900 0.03800000
v -0.04599700 -0.05923900 0.03800000
v -0.04599700 -0.05923900 0.03800000
v -0.04155900 -0.06243300 0.03800000
v -0.04155900 -0.06243300 0.03800000
v -0.04155900 -0.06243300 0.03800000
v -0.04155900 -0.06243300 0.03800000
v -0.02752200 -0.06976800 0.03800000
v -0.02752200 -0.06976800 0.03800000
v -0.02752200 -0.06976800 0.03800000
v 0.02258300 -0.07478900 0.03800000
v 0.02258300 -0.07478900 0.03800000
v 0.02258300 -0.07478900 0.03800000
v -0.05817100 -0.00603800 0.00500000
v -0.05817100 -0.00603800 0.00500000
v -0.05817100 -0.00603800 0.00500000
v -0.05817100 -0.00603800 0.00500000
v -0.05835700 -0.00601700 0.00099700
v -0.05835700 -0.00601700 0.00099700
v -0.05835700 -0.00601700 0.00099700
v -0.05835700 -0.00601700 0.00099700
v -0.05835700 -0.00601700 0.00099700
v -0.05835700 -0.00601700 0.00099700
v -0.05835700 -0.00601700 0.00099700
v -0.05563800 -0.00767200 0.00500000
v -0.05563800 -0.00767200 0.00500000
v -0.05563800 -0.00767200 0.00500000
v -0.05563800 -0.00767200 0.00500000
v -0.05649200 -0.00683700 0.00099600
v -0.05649200 -0.00683700 0.00099600
v -0.05649200 -0.00683700 0.00099600
v -0.05649200 -0.00683700 0.00099600
v -0.05649200 -0.00683700 0.00099600
v -0.05649200 -0.00683700 0.00099600
v -0.06164200 -0.01398300 0.00099700
v -0.06164200 -0.01398300 0.00099700
v -0.06164200 -0.01398300 0.00099700
v -0.06164200 -0.01398300 0.00099700
v -0.06164200 -0.01398300 0.00099700
v -0.06164200 -0.01398300 0.00099700
v -0.06386000 -0.01283600 0.00500000
v -0.06386000 -0.01283600 0.00500000
v -0.06386000 -0.01283600 0.00500000
v -0.06386000 -0.01283600 0.00500000
v -0.06491800 -0.01102400 0.00500000
v -0.06491800 -0.01102400 0.00500000
v -0.06491800 -0.01102400 0.00500000
v -0.06491800 -0.01102400 0.00500000
v -0.06473000 -0.00847100 0.00100200
v -0.06473000 -0.00847100 0.00100200
v -0.06473000 -0.00847100 0.00100200
v -0.06473000 -0.00847100 0.00100200
v -0.06473000 -0.00847100 0.00100200
v -0.06312500 -0.00656800 0.00500000
v -0.06312500 -0.00656800 0.00500000
v -0.06312500 -0.00656800 0.00500000
v -0.06312500 -0.00656800 0.00500000
v -0.06349100 -0.00683100 0.00100200
v -0.06349100 -0.00683100 0.00100200
v -0.06349100 -0.00683100 0.00100200
v -0.06349100 -0.00683100 0.00100200
v -0.06349100 -0.00683100 0.00100200
v -0.06349100 -0.00683100 0.00100200
v -0.06129300 -0.00600100 0.00500000
v -0.06129300 -0.00600100 0.00500000
v -0.06129300 -0.00600100 0.00500000
v -0.06129300 -0.00600100 0.00500000
v -0.06129300 -0.00600100 0.00500000
v 0.06354000 -0.00805900 0.00500000
v 0.06354000 -0.00805900 0.00500000
v 0.06354000 -0.00805900 0.00500000
v 0.06354000 -0.00805900 0.00500000
v 0.06354000 -0.00805900 0.00500000
v 0.06327800 -0.01246500 0.00500000
v 0.06327800 -0.01246500 0.00500000
v 0.06327800 -0.01246500 0.00500000
v 0.06327800 -0.01246500 0.00500000
v 0.06327800 -0.01246500 0.00500000
v 0.06064100 -0.01402600 0.00500000
v 0.06064100 -0.01402600 0.00500000
v 0.06064100 -0.01402600 0.00500000
v 0.06064100 -0.01402600 0.00500000
v 0.06064100 -0.01402600 0.00500000
v 0.06064100 -0.01402600 0.00500000
v 0.06064100 -0.01402600 0.00500000
v 0.06064100 -0.01402600 0.00500000
v 0.06064100 -0.01402600 0.00500000
v 0.06153800 -0.01372600 0.00100300
v 0.06153800 -0.01372600 0.00100300
v 0.06153800 -0.01372600 0.00100300
v 0.06153800 -0.01372600 0.00100300
v 0.06153800 -0.01372600 0.00100300
v 0.06153800 -0.01372600 0.00100300
v 0.05822100 -0.01362500 0.00500000
v 0.05822100 -0.01362500 0.00500000
v 0.05822100 -0.01362500 0.00500000
v 0.05822100 -0.01362500 0.00500000
v -0.06300300 -0.06300300 0.00040000
v -0.06300300 -0.06300300 0.00040000
v -0.06300300 -0.06300300 0.00040000
v -0.06300300 -0.06300300 0.00040000
v -0.06213400 -0.06367000 0.01399600
v -0.06213400 -0.06367000 0.01399600
v -0.06213400 -0.06367000 0.01399600
v -0.06213400 -0.06367000 0.01399600
v -0.06213400 -0.06367000 0.01399600
v -0.06213400 -0.06367000 0.01399600
v -0.06213400 -0.06367000 0.01399600
v -0.06213400 -0.06367000 0.01399600
v -0.06213400 -0.06367000 0.01399600
v -0.06010400 -0.06420400 0.01360000
v -0.06010400 -0.06420400 0.01360000
v -0.06010400 -0.06420400 0.01360000
v -0.06010400 -0.06420400 0.01360000
v -0.06010400 -0.06420400 0.01360000
v -0.05904300 -0.06406400 0.00040000
v -0.05904300 -0.06406400 0.00040000
v -0.05904300 -0.06406400 0.00040000
v -0.05904300 -0.06406400 0.00040000
v -0.05655300 -0.06215400 0.00040000
v -0.05655300 -0.06215400 0.00040000
v -0.05655300 -0.06215400 0.00040000
v -0.05655300 -0.06215400 0.00040000
v -0.05718800 -0.06299000 0.01400000
v -0.05718800 -0.06299000 0.01400000
v -0.05718800 -0.06299000 0.01400000
v -0.05718800 -0.06299000 0.01400000
v -0.05718800 -0.06299000 0.01400000
v -0.05718800 -0.06299000 0.01400000
v -0.05718800 -0.06299000 0.01400000
v -0.05718800 -0.06299000 0.01400000
v -0.05718800 -0.06299000 0.01400000
v -0.05655300 -0.06215400 0.01360000
v -0.05655300 -0.06215400 0.01360000
v -0.05655300 -0.06215400 0.01360000
v -0.05655300 -0.06215400 0.01360000
v -0.05614300 -0.06117100 0.00000000
v -0.05614300 -0.06117100 0.00000000
v -0.05614300 -0.06117100 0.00000000
v -0.05614300 -0.06117100 0.00000000
v -0.05614300 -0.06117100 0.00000000
v -0.05614300 -0.06117100 0.00000000
v -0.05614300 -0.06117100 0.00000000
v -0.05600300 -0.06010300 0.01399900
v -0.05600300 -0.06010300 0.01399900
v -0.05600300 -0.06010300 0.01399900
v -0.05600300 -0.06010300 0.01399900
v -0.05600300 -0.06010300 0.01399900
v -0.05600300 -0.06010300 0.01399900
v -0.05600300 -0.06010300 0.01399900
v -0.05600300 -0.06010300 0.01399900
v -0.05614400 -0.06116500 0.01360000
v -0.05614400 -0.06116500 0.01360000
v -0.05614400 -0.06116500 0.01360000
v -0.05614400 -0.06116500 0.01360000
v -0.05614400 -0.06116500 0.01360000
v -0.05614400 -0.05903800 0.00000000
v -0.05614400 -0.05903800 0.00000000
v -0.05614400 -0.05903800 0.00000000
v -0.05614400 -0.05903800 0.00000000
v -0.05614400 -0.05903800 0.00000000
v -0.05614400 -0.05903800 0.00000000
v -0.05614400 -0.05903800 0.00000000
v -0.05655100 -0.05805600 0.01399900
v -0.05655100 -0.05805600 0.01399900
v -0.05655100 -0.05805600 0.01399900
v -0.05655100 -0.05805600 0.01399900
v -0.05655100 -0.05805600 0.01399900
v -0.05655100 -0.05805600 0.01399900
v -0.05655100 -0.05805600 0.01399900
v -0.05655300 -0.05805400 0.00040000
v -0.05655300 -0.05805400 0.00040000
v -0.05655300 -0.05805400 0.00040000
v -0.05655300 -0.05805400 0.00040000
v -0.05655300 -0.05805400 0.00040000
v 0.05720300 -0.06300300 0.01399900
v 0.05720300 -0.06300300 0.01399900
v 0.05720300 -0.06300300 0.01399900
v 0.05720300 -0.06300300 0.01399900
v 0.05720300 -0.06300300 0.01399900
v 0.05720300 -0.06300300 0.01399900
v 0.05720300 -0.06300300 0.01399900
v 0.05720300 -0.06300300 0.01399900
v 0.05805400 -0.06365500 0.01360000
v 0.05805400 -0.06365500 0.01360000
v 0.05805400 -0.06365500 0.01360000
v 0.05805400 -0.06365500 0.01360000
v 0.05805400 -0.06365500 0.01360000
v 0.05720500 -0.06300300 0.00040000
v 0.05720500 -0.06300300 0.00040000
v 0.05720500 -0.06300300 0.00040000
v 0.05720500 -0.06300300 0.00040000
v 0.05906200 -0.06407100 0.00000100
v 0.05906200 -0.06407100 0.00000100
v 0.05906200 -0.06407100 0.00000100
v 0.05906200 -0.06407100 0.00000100
v 0.05906200 -0.06407100 0.00000100
v 0.05906200 -0.06407100 0.00000100
v 0.05906200 -0.06407100 0.00000100
v 0.05906200 -0.06407100 0.00000100
v 0.05906200 -0.06407100 0.00000100
v 0.06365500 -0.06215400 0.00040000
v 0.06365500 -0.06215400 0.00040000
v 0.06365500 -0.06215400 0.00040000
v 0.06365500 -0.06215400 0.00040000
v 0.06365500 -0.06215400 0.00040000
v 0.06365500 -0.06215400 0.01360000
v 0.06365500 -0.06215400 0.01360000
v 0.06365500 -0.06215400 0.01360000
v 0.06365500 -0.06215400 0.01360000
v 0.06365500 -0.06215400 0.01360000
v 0.06406400 -0.05904300 0.00040000
v 0.06406400 -0.05904300 0.00040000
v 0.06406400 -0.05904300 0.00040000
v 0.06406400 -0.05904300 0.00040000
v 0.06406400 -0.05904300 0.00040000
v 0.06420600 -0.06010500 0.01399700
v 0.06420600 -0.06010500 0.01399700
v 0.06420600 -0.06010500 0.01399700
v 0.06420600 -0.06010500 0.01399700
v 0.06420600 -0.06010500 0.01399700
v 0.06420600 -0.06010500 0.01399700
v 0.06420600 -0.06010500 0.01399700
v 0.06420600 -0.06010500 0.01399700
v 0.06420600 -0.06010500 0.01399700
v 0.06420600 -0.06010500 0.01399700
v 0.06420600 -0.06010500 0.01399700
v 0.06420600 -0.06010500 0.01399700
v 0.06365500 -0.05805400 0.00040000
v 0.06365500 -0.05805400 0.00040000
v 0.06365500 -0.05805400 0.00040000
v 0.06300400 -0.05720300 0.00000000
v 0.06300400 -0.05720300 0.00000000
v 0.06300400 -0.05720300 0.00000000
v 0.06300400 -0.05720300 0.00000000
v 0.06300400 -0.05720300 0.00000000
v 0.06300400 -0.05720300 0.00000000
v 0.06300400 -0.05720300 0.00000000
v 0.06300400 -0.05720300 0.00000000
v 0.06300400 -0.05720300 0.00000000
v 0.05805400 0.05655300 0.01360000
v 0.05805400 0.05655300 0.01360000
v 0.05805400 0.05655300 0.01360000
v 0.05805400 0.05655300 0.01360000
v 0.06214800 0.05654800 0.01400000
v 0.06214800 0.05654800 0.01400000
v 0.06214800 0.05654800 0.01400000
v 0.06214800 0.05654800 0.01400000
v 0.06214800 0.05654800 0.01400000
v 0.06214800 0.05654800 0.01400000
v 0.06214800 0.05654800 0.01400000
v 0.06214800 0.05654800 0.01400000
v 0.06407700 0.05907500 0.00000100
v 0.06407700 0.05907500 0.00000100
v 0.06407700 0.05907500 0.00000100
v 0.06407700 0.05907500 0.00000100
v 0.06407700 0.05907500 0.00000100
v 0.06407700 0.05907500 0.00000100
v 0.06407700 0.05907500 0.00000100
v 0.06407700 0.05907500 0.00000100
v 0.06407700 0.05907500 0.00000100
v 0.06365500 0.05805400 0.00040000
v 0.06365500 0.05805400 0.00040000
v 0.06365500 0.05805400 0.00040000
v 0.06365500 0.05805400 0.00040000
v 0.06365500 0.06215400 0.00040000
v 0.06365500 0.06215400 0.00040000
v 0.06365500 0.06215400 0.00040000
v 0.06365500 0.06215400 0.00040000
v 0.06406400 0.06116500 0.00040000
v 0.06406400 0.06116500 0.00040000
v 0.06406400 0.06116500 0.00040000
v 0.06406400 0.06116500 0.00040000
v 0.06406400 0.06116500 0.00040000
v 0.06406400 0.06116500 0.00040000
v 0.06420400 0.06010400 0.01360000
v 0.06420400 0.06010400 0.01360000
v 0.06420400 0.06010400 0.01360000
v 0.06420400 0.06010400 0.01360000
v -0.06300500 0.05720500 0.01399900
v -0.06300500 0.05720500 0.01399900
v -0.06300500 0.05720500 0.01399900
v -0.06300500 0.05720500 0.01399900
v -0.06300500 0.05720500 0.01399900
v -0.06300500 0.05720500 0.01399900
v -0.06300500 0.05720500 0.01399900
v -0.06300500 0.05720500 0.01399900
v -0.06215400 0.05655300 0.01360000
v -0.06215400 0.05655300 0.01360000
v -0.06215400 0.05655300 0.01360000
v -0.06215400 0.05655300 0.01360000
v -0.06215400 0.05655300 0.01360000
v -0.06011300 0.05600300 0.01400000
v -0.06011300 0.05600300 0.01400000
v -0.06011300 0.05600300 0.01400000
v -0.06011300 0.05600300 0.01400000
v -0.06011300 0.05600300 0.01400000
v -0.06011300 0.05600300 0.01400000
v -0.06011300 0.05600300 0.01400000
v -0.06011300 0.05600300 0.01400000
v -0.06011300 0.05600300 0.01400000
v -0.05904300 0.05614400 0.01360000
v -0.05904300 0.05614400 0.01360000
v -0.05904300 0.05614400 0.01360000
v -0.05904300 0.05614400 0.01360000
v -0.05904300 0.05614400 0.01360000
v -0.05805400 0.05655300 0.00040000
v -0.05805400 0.05655300 0.00040000
v -0.05805400 0.05655300 0.00040000
v -0.05805400 0.05655300 0.00040000
v -0.05805400 0.05655300 0.00040000
v -0.05903800 0.05614400 0.00000000
v -0.05903800 0.05614400 0.00000000
v -0.05903800 0.05614400 0.00000000
v -0.05903800 0.05614400 0.00000000
v -0.05903800 0.05614400 0.00000000
v -0.05903800 0.05614400 0.00000000
v -0.05903800 0.05614400 0.00000000
v -0.05655300 0.05805400 0.00040000
v -0.05655300 0.05805400 0.00040000
v -0.05655300 0.05805400 0.00040000
v -0.05655300 0.05805400 0.00040000
v -0.05655300 0.05805400 0.00040000
v -0.05720500 0.05720500 0.00040000
v -0.05720500 0.05720500 0.00040000
v -0.05720500 0.05720500 0.00040000
v -0.05720500 0.05720500 0.00040000
v -0.05720500 0.05720500 0.00040000
v -0.05720900 0.05719800 0.01399800
v -0.05720900 0.05719800 0.01399800
v -0.05720900 0.05719800 0.01399800
v -0.05720900 0.05719800 0.01399800
v -0.05720900 0.05719800 0.01399800
v -0.05720900 0.05719800 0.01399800
v -0.05720900 0.05719800 0.01399800
v -0.05720900 0.05719800 0.01399800
v -0.05720900 0.05719800 0.01399800
v -0.05614400 0.06116500 0.00040000
v -0.05614400 0.06116500 0.00040000
v -0.05614400 0.06116500 0.00040000
v -0.05600200 0.06008800 0.00000000
v -0.05600200 0.06008800 0.00000000
v -0.05600200 0.06008800 0.00000000
v -0.05600200 0.06008800 0.00000000
v -0.05600200 0.06008800 0.00000000
v -0.05600200 0.06008800 0.00000000
v -0.05600200 0.06008800 0.00000000
v -0.05600200 0.06008800 0.00000000
v -0.05614400 0.06116500 0.01360000
v -0.05614400 0.06116500 0.01360000
v -0.05614400 0.06116500 0.01360000
v -0.05614400 0.06116500 0.01360000
v -0.05614400 0.06116500 0.01360000
v -0.05655300 0.06215400 0.01360000
v -0.05655300 0.06215400 0.01360000
v -0.05655300 0.06215400 0.01360000
v -0.05655300 0.06215400 0.01360000
v -0.05655300 0.06215400 0.01360000
v 0.04782500 -0.07090300 0.00000000
v 0.04782500 -0.07090300 0.00000000
v 0.04782500 -0.07090300 0.00000000
v 0.04782500 -0.07090300 0.00000000
v 0.04782500 -0.07090300 0.00000000
v 0.03747900 -0.06854800 0.00000000
v 0.03747900 -0.06854800 0.00000000
v 0.03747900 -0.06854800 0.00000000
v 0.03747900 -0.06854800 0.00000000
v 0.03846900 -0.06860800 0.01200000
v 0.03846900 -0.06860800 0.01200000
v 0.03846900 -0.06860800 0.01200000
v 0.03846900 -0.06860800 0.01200000
v 0.03846900 -0.06860800 0.01200000
v 0.03846900 -0.06860800 0.01200000
v 0.02696900 -0.07001000 0.00000000
v 0.02696900 -0.07001000 0.00000000
v 0.02696900 -0.07001000 0.00000000
v 0.02696900 -0.07001000 0.00000000
v 0.03040500 -0.06910000 0.00000000
v 0.03040500 -0.06910000 0.00000000
v 0.03040500 -0.06910000 0.00000000
v 0.03040500 -0.06910000 0.00000000
v 0.02696900 -0.07001000 0.01553400
v 0.02696900 -0.07001000 0.01553400
v 0.02696900 -0.07001000 0.01553400
v 0.02696900 -0.07001000 0.01553400
v 0.02696900 -0.07001000 0.01553400
v 0.02696900 -0.07001000 0.01553400
v 0.02696900 -0.07001000 0.01553400
v 0.02696900 -0.07001000 0.01553400
v 0.05029800 -0.07176100 0.01201400
v 0.05029800 -0.07176100 0.01201400
v 0.05029800 -0.07176100 0.01201400
v 0.05029800 -0.07176100 0.01201400
v 0.05029800 -0.07176100 0.01201400
v 0.05029800 -0.07176100 0.01201400
v 0.05029800 -0.07176100 0.01201400
v 0.05321200 -0.07225600 0.00000000
v 0.05321200 -0.07225600 0.00000000
v 0.05321200 -0.07225600 0.00000000
v 0.05321200 -0.07225600 0.00000000
v 0.05321200 -0.07225600 0.00000000
v 0.05321200 -0.07225600 0.00000000
v 0.05599900 -0.07227900 0.01200000
v 0.05599900 -0.07227900 0.01200000
v 0.05599900 -0.07227900 0.01200000
v 0.05599900 -0.07227900 0.01200000
v 0.05599900 -0.07227900 0.01200000
v 0.05875300 -0.07186000 0.00000000
v 0.05875300 -0.07186000 0.00000000
v 0.05875300 -0.07186000 0.00000000
v 0.05599900 -0.07227900 0.00000000
v 0.05599900 -0.07227900 0.00000000
v 0.05599900 -0.07227900 0.00000000
v 0.06615100 -0.06812100 0.01200000
v 0.06615100 -0.06812100 0.01200000
v 0.06615100 -0.06812100 0.01200000
v 0.06615100 -0.06812100 0.01200000
v 0.06615100 -0.06812100 0.01200000
v 0.06975500 -0.06389400 0.01200000
v 0.06975500 -0.06389400 0.01200000
v 0.06975500 -0.06389400 0.01200000
v 0.06975500 -0.06389400 0.01200000
v 0.06975500 -0.06389400 0.01200000
v 0.06812100 -0.06615100 0.00000000
v 0.06812100 -0.06615100 0.00000000
v 0.06812100 -0.06615100 0.00000000
v 0.06812100 -0.06615100 0.00000000
v 0.07186000 -0.05875300 0.01200000
v 0.07186000 -0.05875300 0.01200000
v 0.07186000 -0.05875300 0.01200000
v 0.07186000 -0.05875300 0.01200000
v 0.07186000 -0.05875300 0.01200000
v 0.07186000 -0.05875300 0.00000000
v 0.07186000 -0.05875300 0.00000000
v 0.07186000 -0.05875300 0.00000000
v 0.07186000 -0.05875300 0.00000000
v 0.07186000 -0.05875300 0.00000000
v 0.07227900 -0.05599900 0.00000000
v 0.07227900 -0.05599900 0.00000000
v 0.07227900 -0.05599900 0.00000000
v 0.07225600 -0.05321200 0.01200000
v 0.07225600 -0.05321200 0.01200000
v 0.07225600 -0.05321200 0.01200000
v 0.07225600 -0.05321200 0.01200000
v 0.07225600 -0.05321200 0.01200000
v 0.07176100 -0.05029900 0.01201000
v 0.07176100 -0.05029900 0.01201000
v 0.07176100 -0.05029900 0.01201000
v 0.07176100 -0.05029900 0.01201000
v 0.07176100 -0.05029900 0.01201000
v 0.07176100 -0.05029900 0.01201000
v 0.07176100 -0.05029900 0.01201000
v 0.07034900 -0.02600000 0.00000000
v 0.07034900 -0.02600000 0.00000000
v 0.07034900 -0.02600000 0.00000000
v 0.07034900 -0.02600000 0.00000000
v 0.06928100 -0.02956800 0.00000000
v 0.06928100 -0.02956800 0.00000000
v 0.06928100 -0.02956800 0.00000000
v 0.06928100 -0.02956800 0.00000000
v 0.06894300 -0.03124800 0.01365100
v 0.06894300 -0.03124800 0.01365100
v 0.06894300 -0.03124800 0.01365100
v 0.06894300 -0.03124800 0.01365100
v 0.06894300 -0.03124800 0.01365100
v 0.06894300 -0.03124800 0.01365100
v 0.06853100 -0.03696500 0.00000000
v 0.06853100 -0.03696500 0.00000000
v 0.06853100 -0.03696500 0.00000000
v 0.06853100 -0.03696500 0.00000000
v 0.06867200 -0.03324300 0.00000000
v 0.06867200 -0.03324300 0.00000000
v 0.06867200 -0.03324300 0.00000000
v 0.06867200 -0.03324300 0.00000000
v 0.06867200 -0.03324300 0.00000000
v 0.06852200 -0.03634200 0.01218100
v 0.06852200 -0.03634200 0.01218100
v 0.06852200 -0.03634200 0.01218100
v 0.06852200 -0.03634200 0.01218100
v 0.06852200 -0.03634200 0.01218100
v 0.06852200 -0.03634200 0.01218100
v 0.06902900 -0.04166500 0.01200000
v 0.06902900 -0.04166500 0.01200000
v 0.06902900 -0.04166500 0.01200000
v 0.06902900 -0.04166500 0.01200000
v 0.06902900 -0.04166500 0.01200000
v 0.06979700 -0.04479600 0.01200000
v 0.06979700 -0.04479600 0.01200000
v 0.06979700 -0.04479600 0.01200000
v 0.06979700 -0.04479600 0.01200000
v 0.06979700 -0.04479600 0.01200000
v 0.06965500 0.04431500 0.00000000
v 0.06965500 0.04431500 0.00000000
v 0.06965500 0.04431500 0.00000000
v 0.06965500 0.04431500 0.00000000
v 0.06902900 0.04166500 0.01200000
v 0.06902900 0.04166500 0.01200000
v 0.06902900 0.04166500 0.01200000
v 0.06902900 0.04166500 0.01200000
v 0.06902900 0.04166500 0.01200000
v 0.06886000 0.04067600 0.00000000
v 0.06886000 0.04067600 0.00000000
v 0.06886000 0.04067600 0.00000000
v 0.06886000 0.04067600 0.00000000
v 0.06886000 0.04067600 0.00000000
v 0.06860800 0.03846900 0.01200000
v 0.06860800 0.03846900 0.01200000
v 0.06860800 0.03846900 0.01200000
v 0.06860800 0.03846900 0.01200000
v 0.06860800 0.03846900 0.01200000
v 0.06860800 0.03846900 0.01200000
v 0.06852500 0.03523500 0.01242100
v 0.06852500 0.03523500 0.01242100
v 0.06852500 0.03523500 0.01242100
v 0.06852500 0.03523500 0.01242100
v 0.06852500 0.03523500 0.01242100
v 0.06852500 0.03523500 0.01242100
v 0.06867200 0.03324300 0.00000000
v 0.06867200 0.03324300 0.00000000
v 0.06867200 0.03324300 0.00000000
v 0.06867200 0.03324300 0.00000000
v 0.06885100 0.03181900 0.01343500
v 0.06885100 0.03181900 0.01343500
v 0.06885100 0.03181900 0.01343500
v 0.06885100 0.03181900 0.01343500
v 0.06885100 0.03181900 0.01343500
v 0.06885100 0.03181900 0.01343500
v 0.07090300 0.04782500 0.00000000
v 0.07090300 0.04782500 0.00000000
v 0.07090300 0.04782500 0.00000000
v 0.07090300 0.04782500 0.00000000
v 0.07090300 0.04782500 0.00000000
v 0.07222600 0.05659400 0.01200000
v 0.07222600 0.05659400 0.01200000
v 0.07222600 0.05659400 0.01200000
v 0.07222600 0.05659400 0.01200000
v 0.07222600 0.05659400 0.01200000
v 0.07222600 0.05659400 0.01200000
v 0.07101200 0.06140700 0.00000000
v 0.07101200 0.06140700 0.00000000
v 0.07101200 0.06140700 0.00000000
v 0.07101200 0.06140700 0.00000000
v 0.06909900 0.06489300 0.01200000
v 0.06909900 0.06489300 0.01200000
v 0.06909900 0.06489300 0.01200000
v 0.06909900 0.06489300 0.01200000
v 0.06909900 0.06489300 0.01200000
v 0.06975500 0.06389400 0.00000000
v 0.06975500 0.06389400 0.00000000
v 0.06975500 0.06389400 0.00000000
v 0.06975500 0.06389400 0.00000000
v 0.06975500 0.06389400 0.00000000
v 0.06975500 0.06389400 0.00000000
v 0.06615100 0.06812100 0.00000000
v 0.06615100 0.06812100 0.00000000
v 0.06615100 0.06812100 0.00000000
v 0.06615100 0.06812100 0.00000000
v 0.06615100 0.06812100 0.00000000
v 0.06231800 0.07060900 0.01200000
v 0.06231800 0.07060900 0.01200000
v 0.06231800 0.07060900 0.01200000
v 0.06231800 0.07060900 0.01200000
v 0.06231800 0.07060900 0.01200000
v 0.05361000 0.07228600 0.01200000
v 0.05361000 0.07228600 0.01200000
v 0.05361000 0.07228600 0.01200000
v 0.05361000 0.07228600 0.01200000
v 0.05361000 0.07228600 0.01200000
v 0.05065800 0.07184100 0.01200000
v 0.05065800 0.07184100 0.01200000
v 0.05065800 0.07184100 0.01200000
v 0.05065800 0.07184100 0.01200000
v 0.05065800 0.07184100 0.01200000
v 0.05065800 0.07184100 0.01200000
v 0.02956800 0.06928100 0.00000000
v 0.02956800 0.06928100 0.00000000
v 0.02956800 0.06928100 0.00000000
v 0.02956800 0.06928100 0.00000000
v 0.03324300 0.06867200 0.00000000
v 0.03324300 0.06867200 0.00000000
v 0.03324300 0.06867200 0.00000000
v 0.03324300 0.06867200 0.00000000
v 0.03324300 0.06867200 0.00000000
v 0.03324300 0.06867200 0.00000000
v 0.03124800 0.06894300 0.01365100
v 0.03124800 0.06894300 0.01365100
v 0.03124800 0.06894300 0.01365100
v 0.03124800 0.06894300 0.01365100
v 0.03124800 0.06894300 0.01365100
v 0.03696500 0.06853100 0.00000000
v 0.03696500 0.06853100 0.00000000
v 0.03696500 0.06853100 0.00000000
v 0.03696500 0.06853100 0.00000000
v 0.04782500 0.07090300 0.00000000
v 0.04782500 0.07090300 0.00000000
v 0.04782500 0.07090300 0.00000000
v 0.04782500 0.07090300 0.00000000
v 0.04782500 0.07090300 0.00000000
v 0.04166500 0.06902900 0.01200000
v 0.04166500 0.06902900 0.01200000
v 0.04166500 0.06902900 0.01200000
v 0.04166500 0.06902900 0.01200000
v 0.04166500 0.06902900 0.01200000
v 0.04479600 0.06979700 0.01200000
v 0.04479600 0.06979700 0.01200000
v 0.04479600 0.06979700 0.01200000
v 0.04479600 0.06979700 0.01200000
v 0.04479600 0.06979700 0.01200000
v 0.04782500 0.07090300 0.01200000
v 0.04782500 0.07090300 0.01200000
v 0.04782500 0.07090300 0.01200000
v 0.04782500 0.07090300 0.01200000
v 0.04782500 0.07090300 0.01200000
v 0.04782500 0.07090300 0.01200000
v -0.04479600 0.06979700 0.01200000
v -0.04479600 0.06979700 0.01200000
v -0.04479600 0.06979700 0.01200000
v -0.04479600 0.06979700 0.01200000
v -0.04479600 0.06979700 0.01200000
v -0.04166500 0.06902900 0.01200000
v -0.04166500 0.06902900 0.01200000
v -0.04166500 0.06902900 0.01200000
v -0.04166500 0.06902900 0.01200000
v -0.04166500 0.06902900 0.01200000
v -0.03181900 0.06885100 0.01343500
v -0.03181900 0.06885100 0.01343500
v -0.03181900 0.06885100 0.01343500
v -0.03181900 0.06885100 0.01343500
v -0.03181900 0.06885100 0.01343500
v -0.03181900 0.06885100 0.01343500
v -0.02600000 0.07034900 0.01600000
v -0.02600000 0.07034900 0.01600000
v -0.02600000 0.07034900 0.01600000
v -0.02600000 0.07034900 0.01600000
v -0.02600000 0.07034900 0.01600000
v -0.02600000 0.07034900 0.01600000
v -0.02600000 0.07034900 0.01600000
v -0.05029800 0.07176100 0.01201400
v -0.05029800 0.07176100 0.01201400
v -0.05029800 0.07176100 0.01201400
v -0.05029800 0.07176100 0.01201400
v -0.05029800 0.07176100 0.01201400
v -0.05029800 0.07176100 0.01201400
v -0.05029800 0.07176100 0.01201400
v -0.04782500 0.07090300 0.00000000
v -0.04782500 0.07090300 0.00000000
v -0.04782500 0.07090300 0.00000000
v -0.04782500 0.07090300 0.00000000
v -0.05046500 0.07179400 0.00000000
v -0.05046500 0.07179400 0.00000000
v -0.05046500 0.07179400 0.00000000
v -0.05599900 0.07227900 0.00000000
v -0.05599900 0.07227900 0.00000000
v -0.05599900 0.07227900 0.00000000
v -0.05875300 0.07186000 0.00000000
v -0.05875300 0.07186000 0.00000000
v -0.05875300 0.07186000 0.00000000
v -0.05599900 0.07227900 0.01200000
v -0.05599900 0.07227900 0.01200000
v -0.05599900 0.07227900 0.01200000
v -0.05599900 0.07227900 0.01200000
v -0.05599900 0.07227900 0.01200000
v -0.06140700 0.07101200 0.00000000
v -0.06140700 0.07101200 0.00000000
v -0.06140700 0.07101200 0.00000000
v -0.06140700 0.07101200 0.00000000
v -0.06140700 0.07101200 0.00000000
v -0.06140700 0.07101200 0.00000000
v -0.06389400 0.06975500 0.01200000
v -0.06389400 0.06975500 0.01200000
v -0.06389400 0.06975500 0.01200000
v -0.06389400 0.06975500 0.01200000
v -0.06975500 0.06389400 0.00000000
v -0.06975500 0.06389400 0.00000000
v -0.06975500 0.06389400 0.00000000
v -0.06975500 0.06389400 0.00000000
v -0.07101200 0.06140700 0.00000000
v -0.07101200 0.06140700 0.00000000
v -0.07101200 0.06140700 0.00000000
v -0.07101200 0.06140700 0.00000000
v -0.07101200 0.06140700 0.00000000
v -0.07101200 0.06140700 0.00000000
v -0.07186000 0.05875300 0.01200000
v -0.07186000 0.05875300 0.01200000
v -0.07186000 0.05875300 0.01200000
v -0.07186000 0.05875300 0.01200000
v -0.07186000 0.05875300 0.01200000
v -0.07186000 0.05875300 0.01200000
v -0.07227900 0.05599900 0.00000000
v -0.07227900 0.05599900 0.00000000
v -0.07227900 0.05599900 0.00000000
v -0.07186000 0.05875300 0.00000000
v -0.07186000 0.05875300 0.00000000
v -0.07186000 0.05875300 0.00000000
v -0.07225600 0.05321200 0.00000000
v -0.07225600 0.05321200 0.00000000
v -0.07225600 0.05321200 0.00000000
v -0.07225600 0.05321200 0.00000000
v -0.07225600 0.05321200 0.00000000
v -0.07225600 0.05321200 0.00000000
v -0.07179400 0.05046500 0.00000000
v -0.07179400 0.05046500 0.00000000
v -0.07179400 0.05046500 0.00000000
v -0.07176100 0.05029900 0.01201000
v -0.07176100 0.05029900 0.01201000
v -0.07176100 0.05029900 0.01201000
v -0.07176100 0.05029900 0.01201000
v -0.07176100 0.05029900 0.01201000
v -0.07176100 0.05029900 0.01201000
v -0.07176100 0.05029900 0.01201000
v -0.07034900 0.02600000 0.00000000
v -0.07034900 0.02600000 0.00000000
v -0.07034900 0.02600000 0.00000000
v -0.07034900 0.02600000 0.00000000
v -0.06853100 0.03696500 0.00000000
v -0.06853100 0.03696500 0.00000000
v -0.06853100 0.03696500 0.00000000
v -0.06853100 0.03696500 0.00000000
v -0.06867200 0.03324300 0.00000000
v -0.06867200 0.03324300 0.00000000
v -0.06867200 0.03324300 0.00000000
v -0.06867200 0.03324300 0.00000000
v -0.06867200 0.03324300 0.00000000
v -0.06867200 0.03324300 0.00000000
v -0.06860800 0.03846900 0.01200000
v -0.06860800 0.03846900 0.01200000
v -0.06860800 0.03846900 0.01200000
v -0.06860800 0.03846900 0.01200000
v -0.06860800 0.03846900 0.01200000
v -0.06860800 0.03846900 0.01200000
v -0.06860800 0.03846900 0.01200000
v -0.06902900 0.04166500 0.01200000
v -0.06902900 0.04166500 0.01200000
v -0.06902900 0.04166500 0.01200000
v -0.06902900 0.04166500 0.01200000
v -0.06902900 0.04166500 0.01200000
v -0.06902900 0.04166500 0.01200000
v 0.06119700 -0.04335600 0.03800000
v 0.06119700 -0.04335600 0.03800000
v 0.06119700 -0.04335600 0.03800000
v 0.06119700 -0.04335600 0.03800000
v 0.06017000 0.04477200 0.03800000
v 0.06017000 0.04477200 0.03800000
v 0.06017000 0.04477200 0.03800000
v 0.06017000 0.04477200 0.03800000
v 0.05461600 -0.05140100 0.03800000
v 0.05461600 -0.05140100 0.03800000
v 0.05461600 -0.05140100 0.03800000
v 0.05461600 -0.05140100 0.03800000
v 0.05557200 -0.05036700 0.01600000
v 0.05557200 -0.05036700 0.01600000
v 0.05557200 -0.05036700 0.01600000
v 0.05557200 -0.05036700 0.01600000
v 0.05557200 -0.05036700 0.01600000
v 0.05557200 -0.05036700 0.01600000
v 0.06298400 0.04071900 0.03800000
v 0.06298400 0.04071900 0.03800000
v 0.06298400 0.04071900 0.03800000
v 0.06298400 0.04071900 0.03800000
v 0.05071900 -0.05524900 0.03800000
v 0.05071900 -0.05524900 0.03800000
v 0.05071900 -0.05524900 0.03800000
v 0.05071900 -0.05524900 0.03800000
v 0.04303500 -0.06142500 0.03800000
v 0.04303500 -0.06142500 0.03800000
v 0.04303500 -0.06142500 0.03800000
v 0.04303500 -0.06142500 0.03800000
v 0.03844600 -0.06439600 0.03800000
v 0.03844600 -0.06439600 0.03800000
v 0.03844600 -0.06439600 0.03800000
v 0.03844600 -0.06439600 0.03800000
v 0.04266400 -0.06168300 0.01600000
v 0.04266400 -0.06168300 0.01600000
v 0.04266400 -0.06168300 0.01600000
v 0.04266400 -0.06168300 0.01600000
v 0.04266400 -0.06168300 0.01600000
v 0.06552100 0.03649700 0.03800000
v 0.06552100 0.03649700 0.03800000
v 0.06552100 0.03649700 0.03800000
v 0.06552100 0.03649700 0.03800000
v 0.07034900 0.02600000 0.01600000
v 0.07034900 0.02600000 0.01600000
v 0.07034900 0.02600000 0.01600000
v 0.07034900 0.02600000 0.01600000
v 0.07034900 0.02600000 0.01600000
v 0.07034900 0.02600000 0.01600000
v 0.07034900 0.02600000 0.01600000
v 0.07013500 0.02657100 0.03800000
v 0.07013500 0.02657100 0.03800000
v 0.07013500 0.02657100 0.03800000
v 0.07013500 0.02657100 0.03800000
v 0.07173000 0.02190400 0.03800000
v 0.07173000 0.02190400 0.03800000
v 0.07173000 0.02190400 0.03800000
v 0.07173000 0.02190400 0.03800000
v 0.03061200 -0.06846800 0.03800000
v 0.03061200 -0.06846800 0.03800000
v 0.03061200 -0.06846800 0.03800000
v 0.03061200 -0.06846800 0.03800000
v 0.07447800 0.00883000 0.00000000
v 0.07447800 0.00883000 0.00000000
v 0.07447800 0.00883000 0.00000000
v 0.07447800 0.00883000 0.00000000
v 0.07473100 0.00634000 0.03800000
v 0.07473100 0.00634000 0.03800000
v 0.07473100 0.00634000 0.03800000
v 0.07473100 0.00634000 0.03800000
v 0.07494200 -0.00294900 0.00000000
v 0.07494200 -0.00294900 0.00000000
v 0.07494200 -0.00294900 0.00000000
v 0.07494200 -0.00294900 0.00000000
v 0.07498600 0.00142000 0.03800000
v 0.07498600 0.00142000 0.03800000
v 0.07498600 0.00142000 0.03800000
v 0.07498600 0.00142000 0.03800000
v 0.07489000 -0.00404800 0.03800000
v 0.07489000 -0.00404800 0.03800000
v 0.07489000 -0.00404800 0.03800000
v 0.07489000 -0.00404800 0.03800000
v 0.07447800 -0.00883000 0.00000000
v 0.07447800 -0.00883000 0.00000000
v 0.07447800 -0.00883000 0.00000000
v 0.07447800 -0.00883000 0.00000000
v 0.07073500 -0.02492900 0.03800000
v 0.07073500 -0.02492900 0.03800000
v 0.07073500 -0.02492900 0.03800000
v 0.07034900 -0.02600000 0.01600000
v 0.07034900 -0.02600000 0.01600000
v 0.07034900 -0.02600000 0.01600000
v 0.07034900 -0.02600000 0.01600000
v 0.07034900 -0.02600000 0.01600000
v 0.07034900 -0.02600000 0.01600000
v 0.07034900 -0.02600000 0.01600000
v 0.06556800 -0.03641200 0.01600000
v 0.06556800 -0.03641200 0.01600000
v 0.06556800 -0.03641200 0.01600000
v 0.06556800 -0.03641200 0.01600000
v 0.06556800 -0.03641200 0.01600000
v 0.06556800 -0.03641200 0.01600000
v 0.06259500 -0.04131400 0.01600000
v 0.06259500 -0.04131400 0.01600000
v 0.06259500 -0.04131400 0.01600000
v 0.06259500 -0.04131400 0.01600000
v 0.06259500 -0.04131400 0.01600000
v 0.06259500 -0.04131400 0.01600000
v 0.06420100 -0.03877100 0.03800000
v 0.06420100 -0.03877100 0.03800000
v 0.06420100 -0.03877100 0.03800000
v 0.06420100 -0.03877100 0.03800000
v -0.07090300 -0.04782500 0.01200000
v -0.07090300 -0.04782500 0.01200000
v -0.07090300 -0.04782500 0.01200000
v -0.07090300 -0.04782500 0.01200000
v -0.07090300 -0.04782500 0.01200000
v -0.06979700 -0.04479600 0.01200000
v -0.06979700 -0.04479600 0.01200000
v -0.06979700 -0.04479600 0.01200000
v -0.06979700 -0.04479600 0.01200000
v -0.06979700 -0.04479600 0.01200000
v -0.06886000 -0.04067600 0.00000000
v -0.06886000 -0.04067600 0.00000000
v -0.06886000 -0.04067600 0.00000000
v -0.06886000 -0.04067600 0.00000000
v -0.06886000 -0.04067600 0.00000000
v -0.06853100 -0.03696500 0.00000000
v -0.06853100 -0.03696500 0.00000000
v -0.06853100 -0.03696500 0.00000000
v -0.06853100 -0.03696500 0.00000000
v -0.06885100 -0.03181900 0.01343500
v -0.06885100 -0.03181900 0.01343500
v -0.06885100 -0.03181900 0.01343500
v -0.06885100 -0.03181900 0.01343500
v -0.06885100 -0.03181900 0.01343500
v -0.07034900 -0.02600000 0.00000000
v -0.07034900 -0.02600000 0.00000000
v -0.07034900 -0.02600000 0.00000000
v -0.07034900 -0.02600000 0.00000000
v -0.06231800 -0.07060900 0.01200000
v -0.06231800 -0.07060900 0.01200000
v -0.06231800 -0.07060900 0.01200000
v -0.06231800 -0.07060900 0.01200000
v -0.06231800 -0.07060900 0.00000000
v -0.06231800 -0.07060900 0.00000000
v -0.06231800 -0.07060900 0.00000000
v -0.06231800 -0.07060900 0.00000000
v -0.05952500 -0.07166100 0.01200000
v -0.05952500 -0.07166100 0.01200000
v -0.05952500 -0.07166100 0.01200000
v -0.05952500 -0.07166100 0.01200000
v -0.05952500 -0.07166100 0.01200000
v -0.05361000 -0.07228600 0.00000000
v -0.05361000 -0.07228600 0.00000000
v -0.05361000 -0.07228600 0.00000000
v -0.04782500 -0.07090300 0.00000000
v -0.04782500 -0.07090300 0.00000000
v -0.04782500 -0.07090300 0.00000000
v -0.04782500 -0.07090300 0.00000000
v -0.05361000 -0.07228600 0.01200000
v -0.05361000 -0.07228600 0.01200000
v -0.05361000 -0.07228600 0.01200000
v -0.05361000 -0.07228600 0.01200000
v -0.05361000 -0.07228600 0.01200000
v -0.05065800 -0.07184100 0.00000000
v -0.05065800 -0.07184100 0.00000000
v -0.05065800 -0.07184100 0.00000000
v -0.05065800 -0.07184100 0.00000000
v -0.02696900 -0.07001000 0.00000000
v -0.02696900 -0.07001000 0.00000000
v -0.02696900 -0.07001000 0.00000000
v -0.02696900 -0.07001000 0.00000000
v -0.02914000 -0.06938200 0.01495500
v -0.02914000 -0.06938200 0.01495500
v -0.02914000 -0.06938200 0.01495500
v -0.02914000 -0.06938200 0.01495500
v -0.02914000 -0.06938200 0.01495500
v -0.02914000 -0.06938200 0.01495500
v -0.02914000 -0.06938200 0.01495500
v -0.03643500 -0.06852200 0.01216700
v -0.03643500 -0.06852200 0.01216700
v -0.03643500 -0.06852200 0.01216700
v -0.03643500 -0.06852200 0.01216700
v -0.03643500 -0.06852200 0.01216700
v -0.03747900 -0.06854800 0.00000000
v -0.03747900 -0.06854800 0.00000000
v -0.03747900 -0.06854800 0.00000000
v -0.03747900 -0.06854800 0.00000000
v -0.03846900 -0.06860800 0.01200000
v -0.03846900 -0.06860800 0.01200000
v -0.03846900 -0.06860800 0.01200000
v -0.03846900 -0.06860800 0.01200000
v -0.03846900 -0.06860800 0.01200000
v -0.03846900 -0.06860800 0.01200000
v -0.03846900 -0.06860800 0.01200000
v -0.04479600 -0.06979700 0.01200000
v -0.04479600 -0.06979700 0.01200000
v -0.04479600 -0.06979700 0.01200000
v -0.04479600 -0.06979700 0.01200000
v -0.04479600 -0.06979700 0.01200000
v -0.02652400 -0.07024200 0.03800000
v -0.02652400 -0.07024200 0.03800000
v -0.02652400 -0.07024200 0.03800000
v -0.02016100 -0.07600000 0.02098200
v -0.02016100 -0.07600000 0.02098200
v -0.02016100 -0.07600000 0.02098200
v -0.02016100 -0.07600000 0.02098200
v -0.02016100 -0.07600000 0.02098200
v -0.01993500 -0.07600000 0.00000000
v -0.01993500 -0.07600000 0.00000000
v -0.01993500 -0.07600000 0.00000000
v -0.02183000 -0.07544300 0.00000000
v -0.02183000 -0.07544300 0.00000000
v -0.02183000 -0.07544300 0.00000000
v -0.02183000 -0.07544300 0.00000000
v -0.02092300 -0.07585800 0.00000000
v -0.02092300 -0.07585800 0.00000000
v -0.02092300 -0.07585800 0.00000000
v -0.02092300 -0.07585800 0.00000000
v -0.02056500 -0.07594300 0.01918300
v -0.02056500 -0.07594300 0.01918300
v -0.02056500 -0.07594300 0.01918300
v -0.02056500 -0.07594300 0.01918300
v -0.02056500 -0.07594300 0.01918300
v -0.02056500 -0.07594300 0.01918300
v -0.02056500 -0.07594300 0.01918300
v -0.02056500 -0.07594300 0.01918300
v -0.02183000 -0.07544300 0.03800000
v -0.02183000 -0.07544300 0.03800000
v -0.02183000 -0.07544300 0.03800000
v -0.02183000 -0.07544300 0.03800000
v 0.02092300 -0.07585800 0.00000000
v 0.02092300 -0.07585800 0.00000000
v 0.02092300 -0.07585800 0.00000000
v 0.02092300 -0.07585800 0.00000000
v 0.02092300 -0.07585800 0.03800000
v 0.02092300 -0.07585800 0.03800000
v 0.02092300 -0.07585800 0.03800000
v 0.02092300 -0.07585800 0.03800000
v 0.02060000 -0.07593600 0.01900000
v 0.02060000 -0.07593600 0.01900000
v 0.02060000 -0.07593600 0.01900000
v 0.02060000 -0.07593600 0.01900000
v 0.02060000 -0.07593600 0.01900000
v 0.02060000 -0.07593600 0.01900000
v 0.02060000 -0.07593600 0.01900000
v 0.02183000 -0.07544300 0.00000000
v 0.02183000 -0.07544300 0.00000000
v 0.02183000 -0.07544300 0.00000000
v 0.02183000 -0.07544300 0.00000000
v 0.02183000 -0.07544300 0.03800000
v 0.02183000 -0.07544300 0.03800000
v 0.02183000 -0.07544300 0.03800000
v 0.02183000 -0.07544300 0.03800000
v 0.02312100 -0.07394900 0.00000000
v 0.02312100 -0.07394900 0.00000000
v 0.02312100 -0.07394900 0.00000000
v 0.02258300 -0.07478900 0.00000000
v 0.02258300 -0.07478900 0.00000000
v 0.02258300 -0.07478900 0.00000000
v 0.02752200 -0.06976800 0.03800000
v 0.02752200 -0.06976800 0.03800000
v 0.02752200 -0.06976800 0.03800000
v 0.02408600 -0.07234900 0.00000000
v 0.02408600 -0.07234900 0.00000000
v 0.02408600 -0.07234900 0.00000000
v 0.02408600 -0.07234900 0.00000000
v -0.05832300 -0.01397100 0.00098200
v -0.05832300 -0.01397100 0.00098200
v -0.05832300 -0.01397100 0.00098200
v -0.05832300 -0.01397100 0.00098200
v -0.06388800 -0.01288200 0.00098100
v -0.06388800 -0.01288200 0.00098100
v -0.06388800 -0.01288200 0.00098100
v -0.06388800 -0.01288200 0.00098100
v -0.06388800 -0.01288200 0.00098100
v -0.06388800 -0.01288200 0.00098100
v -0.06388800 -0.01288200 0.00098100
v -0.06229400 -0.01483000 0.00000000
v -0.06229400 -0.01483000 0.00000000
v -0.06229400 -0.01483000 0.00000000
v -0.06229400 -0.01483000 0.00000000
v -0.06493300 -0.01301800 0.00000000
v -0.06493300 -0.01301800 0.00000000
v -0.06493300 -0.01301800 0.00000000
v -0.06493300 -0.01301800 0.00000000
v -0.06499900 -0.01055300 0.00099600
v -0.06499900 -0.01055300 0.00099600
v -0.06499900 -0.01055300 0.00099600
v -0.06499900 -0.01055300 0.00099600
v -0.06499900 -0.01055300 0.00099600
v -0.06499900 -0.01055300 0.00099600
v -0.06315600 -0.00561900 0.00000000
v -0.06315600 -0.00561900 0.00000000
v -0.06315600 -0.00561900 0.00000000
v -0.06315600 -0.00561900 0.00000000
v -0.06315600 -0.00561900 0.00000000
v -0.06169700 -0.00602700 0.00098900
v -0.06169700 -0.00602700 0.00098900
v -0.06169700 -0.00602700 0.00098900
v -0.06169700 -0.00602700 0.00098900
v -0.06169700 -0.00602700 0.00098900
v 0.06374100 -0.00850200 0.00100200
v 0.06374100 -0.00850200 0.00100200
v 0.06374100 -0.00850200 0.00100200
v 0.06374100 -0.00850200 0.00100200
v 0.06374100 -0.00850200 0.00100200
v 0.06374100 -0.00850200 0.00100200
v 0.06399500 -0.01053200 0.00100400
v 0.06399500 -0.01053200 0.00100400
v 0.06399500 -0.01053200 0.00100400
v 0.06399500 -0.01053200 0.00100400
v 0.06399500 -0.01053200 0.00100400
v 0.06399500 -0.01053200 0.00100400
v 0.06320900 -0.01245000 0.00099800
v 0.06320900 -0.01245000 0.00099800
v 0.06320900 -0.01245000 0.00099800
v 0.06320900 -0.01245000 0.00099800
v 0.06320900 -0.01245000 0.00099800
v 0.06393300 -0.01301800 0.00000000
v 0.06393300 -0.01301800 0.00000000
v 0.06393300 -0.01301800 0.00000000
v 0.06393300 -0.01301800 0.00000000
v 0.05950100 -0.01400000 0.00100600
v 0.05950100 -0.01400000 0.00100600
v 0.05950100 -0.01400000 0.00100600
v 0.05950100 -0.01400000 0.00100600
v 0.05950100 -0.01400000 0.00100600
v 0.05950100 -0.01400000 0.00100600
v 0.05750000 -0.01433000 0.00000000
v 0.05750000 -0.01433000 0.00000000
v 0.05750000 -0.01433000 0.00000000
v 0.05750000 -0.01433000 0.00000000
v 0.05753400 -0.01320700 0.00099000
v 0.05753400 -0.01320700 0.00099000
v 0.05753400 -0.01320700 0.00099000
v 0.05753400 -0.01320700 0.00099000
v 0.05753400 -0.01320700 0.00099000
v 0.05753400 -0.01320700 0.00099000
v -0.05720500 -0.05720500 0.00040000
v -0.05720500 -0.05720500 0.00040000
v -0.05720500 -0.05720500 0.00040000
v -0.05720500 -0.05720500 0.00040000
v -0.05738800 -0.05656500 0.00000000
v -0.05738800 -0.05656500 0.00000000
v -0.05738800 -0.05656500 0.00000000
v -0.05738800 -0.05656500 0.00000000
v -0.05738800 -0.05656500 0.00000000
v -0.05738800 -0.05656500 0.00000000
v -0.05738800 -0.05656500 0.00000000
v -0.05600400 -0.06010400 0.00040000
v -0.05600400 -0.06010400 0.00040000
v -0.05600400 -0.06010400 0.00040000
v -0.05600400 -0.06010400 0.00040000
v -0.05805400 -0.06365500 0.00040000
v -0.05805400 -0.06365500 0.00040000
v -0.05805400 -0.06365500 0.00040000
v -0.05805400 -0.06365500 0.00040000
v -0.05805400 -0.06365500 0.00040000
v -0.05721200 -0.06301300 0.00000000
v -0.05721200 -0.06301300 0.00000000
v -0.05721200 -0.06301300 0.00000000
v -0.05721200 -0.06301300 0.00000000
v -0.05721200 -0.06301300 0.00000000
v -0.05721200 -0.06301300 0.00000000
v -0.05721200 -0.06301300 0.00000000
v -0.05721200 -0.06301300 0.00000000
v -0.06116500 -0.06406400 0.00040000
v -0.06116500 -0.06406400 0.00040000
v -0.06116500 -0.06406400 0.00040000
v -0.06116500 -0.06406400 0.00040000
v -0.06010500 -0.06420600 0.00000100
v -0.06010500 -0.06420600 0.00000100
v -0.06010500 -0.06420600 0.00000100
v -0.06010500 -0.06420600 0.00000100
v -0.06010500 -0.06420600 0.00000100
v -0.06010500 -0.06420600 0.00000100
v -0.06010500 -0.06420600 0.00000100
v -0.06010500 -0.06420600 0.00000100
v -0.06010500 -0.06420600 0.00000100
v -0.06010500 -0.06420600 0.00000100
v -0.06216600 -0.06365000 0.00000200
v -0.06216600 -0.06365000 0.00000200
v -0.06216600 -0.06365000 0.00000200
v -0.06216600 -0.06365000 0.00000200
v -0.06216600 -0.06365000 0.00000200
v -0.06216600 -0.06365000 0.00000200
v -0.06216600 -0.06365000 0.00000200
v -0.06216600 -0.06365000 0.00000200
v 0.06420800 -0.06014000 0.00000100
v 0.06420800 -0.06014000 0.00000100
v 0.06420800 -0.06014000 0.00000100
v 0.06420800 -0.06014000 0.00000100
v 0.06420800 -0.06014000 0.00000100
v 0.06420800 -0.06014000 0.00000100
v 0.06420800 -0.06014000 0.00000100
v 0.06420800 -0.06014000 0.00000100
v 0.06406400 -0.06116500 0.00040000
v 0.06406400 -0.06116500 0.00040000
v 0.06406400 -0.06116500 0.00040000
v 0.06406400 -0.06116500 0.00040000
v 0.06216200 -0.06365100 0.00000100
v 0.06216200 -0.06365100 0.00000100
v 0.06216200 -0.06365100 0.00000100
v 0.06216200 -0.06365100 0.00000100
v 0.06216200 -0.06365100 0.00000100
v 0.06216200 -0.06365100 0.00000100
v 0.06216200 -0.06365100 0.00000100
v 0.06216200 -0.06365100 0.00000100
v 0.06216200 -0.06365100 0.00000100
v 0.06216200 -0.06365100 0.00000100
v 0.06300300 -0.06300300 0.00040000
v 0.06300300 -0.06300300 0.00040000
v 0.06300300 -0.06300300 0.00040000
v 0.06300300 -0.06300300 0.00040000
v 0.06116500 -0.06406400 0.00040000
v 0.06116500 -0.06406400 0.00040000
v 0.06116500 -0.06406400 0.00040000
v 0.06116500 -0.06406400 0.00040000
v 0.06116500 -0.06406400 0.00040000
v 0.06010400 -0.06420400 0.00040000
v 0.06010400 -0.06420400 0.00040000
v 0.06010400 -0.06420400 0.00040000
v 0.06010400 -0.06420400 0.00040000
v 0.05805400 -0.06365500 0.00040000
v 0.05805400 -0.06365500 0.00040000
v 0.05805400 -0.06365500 0.00040000
v 0.05805400 -0.06365500 0.00040000
v 0.05805400 -0.06365500 0.00040000
v 0.06420400 0.06010400 0.00040000
v 0.06420400 0.06010400 0.00040000
v 0.06420400 0.06010400 0.00040000
v 0.06420400 0.06010400 0.00040000
v 0.06300000 0.05720100 0.00000000
v 0.06300000 0.05720100 0.00000000
v 0.06300000 0.05720100 0.00000000
v 0.06300000 0.05720100 0.00000000
v 0.06300000 0.05720100 0.00000000
v 0.06300000 0.05720100 0.00000000
v 0.06300000 0.05720100 0.00000000
v 0.06300000 0.05720100 0.00000000
v 0.06116100 0.05614100 0.00000000
v 0.06116100 0.05614100 0.00000000
v 0.06116100 0.05614100 0.00000000
v 0.06116100 0.05614100 0.00000000
v 0.06116100 0.05614100 0.00000000
v 0.06116100 0.05614100 0.00000000
v 0.06116100 0.05614100 0.00000000
v 0.06116100 0.05614100 0.00000000
v 0.06215400 0.05655300 0.00040000
v 0.06215400 0.05655300 0.00040000
v 0.06215400 0.05655300 0.00040000
v 0.06215400 0.05655300 0.00040000
v 0.05904300 0.05614400 0.00040000
v 0.05904300 0.05614400 0.00040000
v 0.05904300 0.05614400 0.00040000
v 0.05904300 0.05614400 0.00040000
v 0.05904300 0.05614400 0.00040000
v 0.06010400 0.05600400 0.00040000
v 0.06010400 0.05600400 0.00040000
v 0.06010400 0.05600400 0.00040000
v 0.06010400 0.05600400 0.00040000
v 0.06010400 0.05600400 0.00040000
v 0.05805400 0.05655300 0.00040000
v 0.05805400 0.05655300 0.00040000
v 0.05805400 0.05655300 0.00040000
v 0.05805400 0.05655300 0.00040000
v -0.05720500 0.06300300 0.00040000
v -0.05720500 0.06300300 0.00040000
v -0.05720500 0.06300300 0.00040000
v -0.05720500 0.06300300 0.00040000
v -0.05720500 0.06300300 0.00040000
v -0.05655500 0.06216100 0.00000000
v -0.05655500 0.06216100 0.00000000
v -0.05655500 0.06216100 0.00000000
v -0.05655500 0.06216100 0.00000000
v -0.05655500 0.06216100 0.00000000
v -0.05655500 0.06216100 0.00000000
v -0.05655500 0.06216100 0.00000000
v -0.05655500 0.06216100 0.00000000
v -0.05614400 0.05904300 0.00040000
v -0.05614400 0.05904300 0.00040000
v -0.05614400 0.05904300 0.00040000
v -0.05614400 0.05904300 0.00040000
v -0.06010400 0.05600400 0.00040000
v -0.06010400 0.05600400 0.00040000
v -0.06010400 0.05600400 0.00040000
v -0.06010400 0.05600400 0.00040000
v -0.06119900 0.05614900 0.00000000
v -0.06119900 0.05614900 0.00000000
v -0.06119900 0.05614900 0.00000000
v -0.06119900 0.05614900 0.00000000
v -0.06119900 0.05614900 0.00000000
v -0.06119900 0.05614900 0.00000000
v -0.06119900 0.05614900 0.00000000
v -0.06119900 0.05614900 0.00000000
v -0.06215400 0.05655300 0.00040000
v -0.06215400 0.05655300 0.00040000
v -0.06215400 0.05655300 0.00040000
v -0.06215400 0.05655300 0.00040000
v -0.06300300 0.05720500 0.00040000
v -0.06300300 0.05720500 0.00040000
v -0.06300300 0.05720500 0.00040000
v -0.06300300 0.05720500 0.00040000
v -0.06300300 0.05720500 0.00040000
v -0.03040500 -0.06910000 0.00000000
v -0.03040500 -0.06910000 0.00000000
v -0.03040500 -0.06910000 0.00000000
v -0.03040500 -0.06910000 0.00000000
v -0.07355400 0.01465600 0.00000000
v -0.07355400 0.01465600 0.00000000
v -0.07355400 0.01465600 0.00000000
v -0.07355400 0.01465600 0.00000000
v -0.07494200 -0.00294900 0.00000000
v -0.07494200 -0.00294900 0.00000000
v -0.07494200 -0.00294900 0.00000000
v -0.07494200 -0.00294900 0.00000000
v -0.07494200 0.00294900 0.00000000
v -0.07494200 0.00294900 0.00000000
v -0.07494200 0.00294900 0.00000000
v -0.07494200 0.00294900 0.00000000
v -0.07494200 0.00294900 0.00000000
v 0.07034900 0.02600000 0.00000000
v 0.07034900 0.02600000 0.00000000
v 0.07034900 0.02600000 0.00000000
v 0.07034900 0.02600000 0.00000000
v -0.04447900 -0.06970300 0.00000000
v -0.04447900 -0.06970300 0.00000000
v -0.04447900 -0.06970300 0.00000000
v -0.04447900 -0.06970300 0.00000000
v 0.06928100 0.02956800 0.00000000
v 0.06928100 0.02956800 0.00000000
v 0.06928100 0.02956800 0.00000000
v 0.06928100 0.02956800 0.00000000
v 0.04101400 -0.06891400 0.00000000
v 0.04101400 -0.06891400 0.00000000
v 0.04101400 -0.06891400 0.00000000
v 0.04101400 -0.06891400 0.00000000
v 0.06389400 -0.06975500 0.00000000
v 0.06389400 -0.06975500 0.00000000
v 0.06389400 -0.06975500 0.00000000
v 0.06389400 -0.06975500 0.00000000
v 0.06389400 -0.06975500 0.00000000
v -0.05598200 -0.00606700 0.00000000
v -0.05598200 -0.00606700 0.00000000
v -0.05598200 -0.00606700 0.00000000
v -0.05598200 -0.00606700 0.00000000
v 0.04447900 -0.06970300 0.00000000
v 0.04447900 -0.06970300 0.00000000
v 0.04447900 -0.06970300 0.00000000
v 0.04447900 -0.06970300 0.00000000
v -0.06928100 0.02956800 0.00000000
v -0.06928100 0.02956800 0.00000000
v -0.06928100 0.02956800 0.00000000
v -0.06928100 0.02956800 0.00000000
v 0.06140700 -0.07101200 0.00000000
v 0.06140700 -0.07101200 0.00000000
v 0.06140700 -0.07101200 0.00000000
v 0.06140700 -0.07101200 0.00000000
v -0.05952500 -0.07166100 0.00000000
v -0.05952500 -0.07166100 0.00000000
v -0.05952500 -0.07166100 0.00000000
v 0.06438100 -0.00784400 0.00000000
v 0.06438100 -0.00784400 0.00000000
v 0.06438100 -0.00784400 0.00000000
v 0.06438100 -0.00784400 0.00000000
v 0.05046500 -0.07179400 0.00000000
v 0.05046500 -0.07179400 0.00000000
v 0.05046500 -0.07179400 0.00000000
v -0.05659400 -0.07222600 0.00000000
v -0.05659400 -0.07222600 0.00000000
v -0.05659400 -0.07222600 0.00000000
v -0.05659400 -0.07222600 0.00000000
v -0.05659400 -0.07222600 0.00000000
v -0.06558000 -0.00810300 0.00000000
v -0.06558000 -0.00810300 0.00000000
v -0.06558000 -0.00810300 0.00000000
v -0.06558000 -0.00810300 0.00000000
v -0.02476700 -0.07157500 0.00000000
v -0.02476700 -0.07157500 0.00000000
v -0.02476700 -0.07157500 0.00000000
v 0.06140700 0.07101200 0.00000000
v 0.06140700 0.07101200 0.00000000
v 0.06140700 0.07101200 0.00000000
v 0.06140700 0.07101200 0.00000000
v 0.06140700 0.07101200 0.00000000
v 0.06140700 0.07101200 0.00000000
v 0.05875300 0.07186000 0.00000000
v 0.05875300 0.07186000 0.00000000
v 0.05875300 0.07186000 0.00000000
v 0.05875300 0.07186000 0.00000000
v -0.06615100 0.06812100 0.00000000
v -0.06615100 0.06812100 0.00000000
v -0.06615100 0.06812100 0.00000000
v -0.06615100 0.06812100 0.00000000
v -0.06389400 0.06975500 0.00000000
v -0.06389400 0.06975500 0.00000000
v -0.06389400 0.06975500 0.00000000
v -0.06389400 0.06975500 0.00000000
v -0.07355400 -0.01465600 0.00000000
v -0.07355400 -0.01465600 0.00000000
v -0.07355400 -0.01465600 0.00000000
v -0.07355400 -0.01465600 0.00000000
v 0.06389400 0.06975500 0.00000000
v 0.06389400 0.06975500 0.00000000
v 0.06389400 0.06975500 0.00000000
v 0.06389400 0.06975500 0.00000000
v 0.06389400 0.06975500 0.00000000
v -0.06591500 -0.01064700 0.00000000
v -0.06591500 -0.01064700 0.00000000
v -0.06591500 -0.01064700 0.00000000
v -0.06591500 -0.01064700 0.00000000
v 0.07355400 -0.01465600 0.00000000
v 0.07355400 -0.01465600 0.00000000
v 0.07355400 -0.01465600 0.00000000
v 0.07355400 -0.01465600 0.00000000
v 0.07355400 -0.01465600 0.00000000
v 0.05599900 0.07227900 0.00000000
v 0.05599900 0.07227900 0.00000000
v 0.05599900 0.07227900 0.00000000
v 0.05599900 0.07227900 0.00000000
v 0.06491500 -0.01064700 0.00000000
v 0.06491500 -0.01064700 0.00000000
v 0.06491500 -0.01064700 0.00000000
v 0.06491500 -0.01064700 0.00000000
v -0.05321200 0.07225600 0.00000000
v -0.05321200 0.07225600 0.00000000
v -0.05321200 0.07225600 0.00000000
v -0.05321200 0.07225600 0.00000000
v -0.05321200 0.07225600 0.00000000
v -0.05321200 0.07225600 0.00000000
v -0.02357400 -0.07309400 0.00000000
v -0.02357400 -0.07309400 0.00000000
v -0.02357400 -0.07309400 0.00000000
v -0.02258300 -0.07478900 0.00000000
v -0.02258300 -0.07478900 0.00000000
v -0.02258300 -0.07478900 0.00000000
v 0.01993500 -0.07600000 0.00000000
v 0.01993500 -0.07600000 0.00000000
v 0.01993500 -0.07600000 0.00000000
v -0.05506700 -0.01301800 0.00000000
v -0.05506700 -0.01301800 0.00000000
v -0.05506700 -0.01301800 0.00000000
v -0.05506700 -0.01301800 0.00000000
v 0.02539200 -0.07101200 0.00000000
v 0.02539200 -0.07101200 0.00000000
v 0.02539200 -0.07101200 0.00000000
v 0.02539200 -0.07101200 0.00000000
v 0.02539200 -0.07101200 0.00000000
v -0.02544100 -0.07097200 0.00000000
v -0.02544100 -0.07097200 0.00000000
v -0.02544100 -0.07097200 0.00000000
v -0.02544100 -0.07097200 0.00000000
v -0.02600000 0.07034900 0.00000000
v -0.02600000 0.07034900 0.00000000
v -0.02600000 0.07034900 0.00000000
v -0.02600000 0.07034900 0.00000000
v -0.02956800 0.06928100 0.00000000
v -0.02956800 0.06928100 0.00000000
v -0.02956800 0.06928100 0.00000000
v -0.02956800 0.06928100 0.00000000
v 0.01465600 0.07355400 0.00000000
v 0.01465600 0.07355400 0.00000000
v 0.01465600 0.07355400 0.00000000
v 0.01465600 0.07355400 0.00000000
v 0.05517000 -0.01129400 0.00000000
v 0.05517000 -0.01129400 0.00000000
v 0.05517000 -0.01129400 0.00000000
v 0.05517000 -0.01129400 0.00000000
v 0.00883000 0.07447800 0.00000000
v 0.00883000 0.07447800 0.00000000
v 0.00883000 0.07447800 0.00000000
v 0.00883000 0.07447800 0.00000000
v -0.00294900 0.07494200 0.00000000
v -0.00294900 0.07494200 0.00000000
v -0.00294900 0.07494200 0.00000000
v -0.00294900 0.07494200 0.00000000
v -0.00294900 0.07494200 0.00000000
v -0.00294900 0.07494200 0.00000000
v -0.01465600 0.07355400 0.00000000
v -0.01465600 0.07355400 0.00000000
v -0.01465600 0.07355400 0.00000000
v -0.01465600 0.07355400 0.00000000
v -0.00883000 0.07447800 0.00000000
v -0.00883000 0.07447800 0.00000000
v -0.00883000 0.07447800 0.00000000
v -0.00883000 0.07447800 0.00000000
v -0.05467000 -0.00750000 0.00000000
v -0.05467000 -0.00750000 0.00000000
v -0.05467000 -0.00750000 0.00000000
v -0.05467000 -0.00750000 0.00000000
v 0.05321200 0.07225600 0.00000000
v 0.05321200 0.07225600 0.00000000
v 0.05321200 0.07225600 0.00000000
v 0.05321200 0.07225600 0.00000000
v 0.05321200 0.07225600 0.00000000
v 0.05321200 0.07225600 0.00000000
v -0.05408500 -0.00935300 0.00000000
v -0.05408500 -0.00935300 0.00000000
v -0.05408500 -0.00935300 0.00000000
v 0.06812100 0.06615100 0.00000000
v 0.06812100 0.06615100 0.00000000
v 0.06812100 0.06615100 0.00000000
v 0.06812100 0.06615100 0.00000000
v 0.06812100 0.06615100 0.00000000
v -0.02617800 -0.07044800 0.00000000
v -0.02617800 -0.07044800 0.00000000
v -0.02617800 -0.07044800 0.00000000
v -0.02617800 -0.07044800 0.00000000
v -0.06812100 0.06615100 0.00000000
v -0.06812100 0.06615100 0.00000000
v -0.06812100 0.06615100 0.00000000
v -0.06812100 0.06615100 0.00000000
v 0.06189700 -0.01458000 0.00000000
v 0.06189700 -0.01458000 0.00000000
v 0.06189700 -0.01458000 0.00000000
v 0.06189700 -0.01458000 0.00000000
v 0.07217500 -0.02039100 0.00000000
v 0.07217500 -0.02039100 0.00000000
v 0.07217500 -0.02039100 0.00000000
v 0.07217500 -0.02039100 0.00000000
v 0.05046500 0.07179400 0.00000000
v 0.05046500 0.07179400 0.00000000
v 0.05046500 0.07179400 0.00000000
v 0.05046500 0.07179400 0.00000000
v -0.06928100 -0.02956800 0.00000000
v -0.06928100 -0.02956800 0.00000000
v -0.06928100 -0.02956800 0.00000000
v -0.06928100 -0.02956800 0.00000000
v 0.05935300 -0.01491500 0.00000000
v 0.05935300 -0.01491500 0.00000000
v 0.05935300 -0.01491500 0.00000000
v 0.05935300 -0.01491500 0.00000000
v -0.06867200 -0.03324300 0.00000000
v -0.06867200 -0.03324300 0.00000000
v -0.06867200 -0.03324300 0.00000000
v -0.06867200 -0.03324300 0.00000000
v 0.04431500 0.06965500 0.00000000
v 0.04431500 0.06965500 0.00000000
v 0.04431500 0.06965500 0.00000000
v 0.04431500 0.06965500 0.00000000
v -0.04431500 0.06965500 0.00000000
v -0.04431500 0.06965500 0.00000000
v -0.04431500 0.06965500 0.00000000
v -0.04431500 0.06965500 0.00000000
v 0.07186000 0.05875300 0.00000000
v 0.07186000 0.05875300 0.00000000
v 0.07186000 0.05875300 0.00000000
v 0.07186000 0.05875300 0.00000000
v 0.04067600 0.06886000 0.00000000
v 0.04067600 0.06886000 0.00000000
v 0.04067600 0.06886000 0.00000000
v 0.04067600 0.06886000 0.00000000
v -0.03696500 0.06853100 0.00000000
v -0.03696500 0.06853100 0.00000000
v -0.03696500 0.06853100 0.00000000
v -0.03696500 0.06853100 0.00000000
v -0.03324300 0.06867200 0.00000000
v -0.03324300 0.06867200 0.00000000
v -0.03324300 0.06867200 0.00000000
v -0.03324300 0.06867200 0.00000000
v 0.06965500 -0.04431500 0.00000000
v 0.06965500 -0.04431500 0.00000000
v 0.06965500 -0.04431500 0.00000000
v 0.06965500 -0.04431500 0.00000000
v -0.04067600 0.06886000 0.00000000
v -0.04067600 0.06886000 0.00000000
v -0.04067600 0.06886000 0.00000000
v -0.04067600 0.06886000 0.00000000
v -0.04067600 0.06886000 0.00000000
v -0.06965500 -0.04431500 0.00000000
v -0.06965500 -0.04431500 0.00000000
v -0.06965500 -0.04431500 0.00000000
v -0.06965500 -0.04431500 0.00000000
v 0.06886000 -0.04067600 0.00000000
v 0.06886000 -0.04067600 0.00000000
v 0.06886000 -0.04067600 0.00000000
v 0.06886000 -0.04067600 0.00000000
v 0.06886000 -0.04067600 0.00000000
v 0.07090300 -0.04782500 0.00000000
v 0.07090300 -0.04782500 0.00000000
v 0.07090300 -0.04782500 0.00000000
v 0.07090300 -0.04782500 0.00000000
v 0.07090300 -0.04782500 0.00000000
v -0.07184100 -0.05065800 0.00000000
v -0.07184100 -0.05065800 0.00000000
v -0.07184100 -0.05065800 0.00000000
v -0.07184100 -0.05065800 0.00000000
v -0.07184100 -0.05065800 0.00000000
v -0.07090300 -0.04782500 0.00000000
v -0.07090300 -0.04782500 0.00000000
v -0.07090300 -0.04782500 0.00000000
v -0.07090300 -0.04782500 0.00000000
v 0.05765900 -0.05645200 0.00000000
v 0.05765900 -0.05645200 0.00000000
v 0.05765900 -0.05645200 0.00000000
v 0.05765900 -0.05645200 0.00000000
v 0.05765900 -0.05645200 0.00000000
v 0.05765900 -0.05645200 0.00000000
v 0.05765900 -0.05645200 0.00000000
v 0.05765900 -0.05645200 0.00000000
v 0.07179400 -0.05046500 0.00000000
v 0.07179400 -0.05046500 0.00000000
v 0.07179400 -0.05046500 0.00000000
v 0.07227900 0.05599900 0.00000000
v 0.07227900 0.05599900 0.00000000
v 0.07227900 0.05599900 0.00000000
v 0.07227900 0.05599900 0.00000000
v 0.07179400 0.05046500 0.00000000
v 0.07179400 0.05046500 0.00000000
v 0.07179400 0.05046500 0.00000000
v 0.07179400 0.05046500 0.00000000
v 0.07225600 -0.05321200 0.00000000
v 0.07225600 -0.05321200 0.00000000
v 0.07225600 -0.05321200 0.00000000
v 0.07225600 -0.05321200 0.00000000
v 0.07225600 0.05321200 0.00000000
v 0.07225600 0.05321200 0.00000000
v 0.07225600 0.05321200 0.00000000
v 0.07225600 0.05321200 0.00000000
v 0.07225600 0.05321200 0.00000000
v 0.07225600 0.05321200 0.00000000
v -0.07090300 0.04782500 0.00000000
v -0.07090300 0.04782500 0.00000000
v -0.07090300 0.04782500 0.00000000
v -0.07090300 0.04782500 0.00000000
v -0.06965500 0.04431500 0.00000000
v -0.06965500 0.04431500 0.00000000
v -0.06965500 0.04431500 0.00000000
v -0.06965500 0.04431500 0.00000000
v -0.07222600 -0.05659400 0.00000000
v -0.07222600 -0.05659400 0.00000000
v -0.07222600 -0.05659400 0.00000000
v -0.06886000 0.04067600 0.00000000
v -0.06886000 0.04067600 0.00000000
v -0.06886000 0.04067600 0.00000000
v -0.06886000 0.04067600 0.00000000
v -0.05656500 0.05738800 0.00000000
v -0.05656500 0.05738800 0.00000000
v -0.05656500 0.05738800 0.00000000
v -0.05656500 0.05738800 0.00000000
v -0.05656500 0.05738800 0.00000000
v -0.05656500 0.05738800 0.00000000
v 0.07101200 -0.06140700 0.00000000
v 0.07101200 -0.06140700 0.00000000
v 0.07101200 -0.06140700 0.00000000
v 0.06853100 0.03696500 0.00000000
v 0.06853100 0.03696500 0.00000000
v 0.06853100 0.03696500 0.00000000
v 0.06853100 0.03696500 0.00000000
v 0.05839700 0.05598200 0.00000000
v 0.05839700 0.05598200 0.00000000
v 0.05839700 0.05598200 0.00000000
v 0.05839700 0.05598200 0.00000000
v 0.05839700 0.05598200 0.00000000
v 0.05839700 0.05598200 0.00000000
v 0.05839700 0.05598200 0.00000000
v 0.05839700 0.05598200 0.00000000
v -0.07060900 -0.06231800 0.00000000
v -0.07060900 -0.06231800 0.00000000
v -0.07060900 -0.06231800 0.00000000
v -0.07060900 -0.06231800 0.00000000
v -0.07060900 -0.06231800 0.00000000
v -0.06909900 -0.06489300 0.00000000
v -0.06909900 -0.06489300 0.00000000
v -0.06909900 -0.06489300 0.00000000
v 0.06975500 -0.06389400 0.00000000
v 0.06975500 -0.06389400 0.00000000
v 0.06975500 -0.06389400 0.00000000
v 0.06975500 -0.06389400 0.00000000
v -0.06717500 -0.06717500 0.00000000
v -0.06717500 -0.06717500 0.00000000
v -0.06717500 -0.06717500 0.00000000
v -0.06717500 -0.06717500 0.00000000
v -0.06717500 -0.06717500 0.00000000
v 0.06615100 -0.06812100 0.00000000
v 0.06615100 -0.06812100 0.00000000
v 0.06615100 -0.06812100 0.00000000
v 0.06615100 -0.06812100 0.00000000
v -0.03392500 -0.06861100 0.00000000
v -0.03392500 -0.06861100 0.00000000
v -0.03392500 -0.06861100 0.00000000
v -0.03392500 -0.06861100 0.00000000
v -0.03392500 -0.06861100 0.00000000
v -0.03392500 -0.06861100 0.00000000
v -0.05770600 -0.00517000 0.00000000
v -0.05770600 -0.00517000 0.00000000
v -0.05770600 -0.00517000 0.00000000
v 0.03392500 -0.06861100 0.00000000
v 0.03392500 -0.06861100 0.00000000
v 0.03392500 -0.06861100 0.00000000
v 0.03392500 -0.06861100 0.00000000
v 0.03392500 -0.06861100 0.00000000
v 0.05606700 -0.01301800 0.00000000
v 0.05606700 -0.01301800 0.00000000
v 0.05606700 -0.01301800 0.00000000
v 0.05606700 -0.01301800 0.00000000
v -0.07447800 0.00883000 0.00000000
v -0.07447800 0.00883000 0.00000000
v -0.07447800 0.00883000 0.00000000
v -0.07447800 0.00883000 0.00000000
v -0.04101400 -0.06891400 0.00000000
v -0.04101400 -0.06891400 0.00000000
v -0.04101400 -0.06891400 0.00000000
v -0.04101400 -0.06891400 0.00000000
v 0.07494200 0.00294900 0.00000000
v 0.07494200 0.00294900 0.00000000
v 0.07494200 0.00294900 0.00000000
v 0.07494200 0.00294900 0.00000000
v 0.07355400 0.01465600 0.00000000
v 0.07355400 0.01465600 0.00000000
v 0.07355400 0.01465600 0.00000000
v 0.07355400 0.01465600 0.00000000
v 0.07217500 0.02039100 0.00000000
v 0.07217500 0.02039100 0.00000000
v 0.07217500 0.02039100 0.00000000
v 0.07217500 0.02039100 0.00000000
v 0.07217500 0.02039100 0.00000000
v 0.05935300 -0.00508500 0.00000000
v 0.05935300 -0.00508500 0.00000000
v 0.05935300 -0.00508500 0.00000000
v 0.05935300 -0.00508500 0.00000000
v -0.06489300 -0.06909900 0.00000000
v -0.06489300 -0.06909900 0.00000000
v -0.06489300 -0.06909900 0.00000000
v -0.06489300 -0.06909900 0.00000000
v -0.06489300 -0.06909900 0.00000000
v -0.02848900 -0.04802400 0.00392400
v -0.02606300 -0.04820100 0.00474600
v -0.02712200 -0.04560400 0.00449200
vn -0.02440000 -0.99970000 0.00480000
vn -0.87170000 -0.05630000 0.48670000
vn -0.17880000 -0.98170000 -0.06490000
vn -0.96320000 -0.25800000 -0.07540000
vn -0.96840000 0.10620000 0.22550000
vn -0.39120000 -0.89060000 0.23180000
vn -0.00000000 -1.00000000 -0.00000000
vn -0.90720000 0.29180000 -0.30320000
vn -0.00000000 1.00000000 -0.00000000
vn -0.79280000 -0.28000000 0.54130000
vn -0.63750000 -0.05580000 0.76840000
vn 0.40350000 -0.06710000 0.91250000
vn -0.00000000 1.00000000 -0.00000000
vn 0.35690000 -0.01430000 0.93400000
vn -0.79280000 -0.28000000 0.54130000
vn -0.00000000 1.00000000 -0.00020000
vn -0.63750000 -0.05580000 0.76840000
vn -0.08160000 0.78040000 -0.62000000
vn -0.13050000 -0.00000000 -0.99150000
vn -0.00000000 0.86110000 -0.50850000
vn -0.00000000 -0.00000000 -1.00000000
vn 0.76330000 -0.00060000 -0.64600000
vn 0.42380000 -0.40770000 -0.80880000
vn 0.11930000 0.40500000 -0.90650000
vn 0.00010000 -1.00000000 0.00010000
vn -0.00000000 -1.00000000 -0.00020000
vn 0.41330000 -0.00000000 -0.91060000
vn 0.00030000 -1.00000000 -0.00020000
vn 0.00910000 0.98020000 -0.19770000
vn 0.74160000 0.66470000 -0.09020000
vn 0.41330000 -0.00000000 -0.91060000
vn 0.29710000 -0.00590000 -0.95480000
vn 0.11930000 0.40500000 -0.90650000
vn 0.13050000 -0.00000000 -0.99150000
vn -0.92390000 -0.00060000 0.38260000
vn -0.79430000 0.00070000 0.60760000
vn -0.69820000 0.65490000 0.28920000
vn -0.79430000 0.00070000 0.60760000
vn -0.36140000 0.93120000 0.04760000
vn -0.34490000 0.93780000 0.04010000
vn -0.69820000 0.65490000 0.28920000
vn -0.67950000 -0.02990000 -0.73310000
vn -0.32050000 -0.94720000 0.00660000
vn -0.69920000 -0.00330000 0.71490000
vn -0.08030000 -0.78820000 0.61020000
vn -0.00000000 -0.21620000 0.97630000
vn -0.00000000 -0.00000000 1.00000000
vn 0.08710000 -0.21540000 0.97260000
vn -0.13050000 -0.00000000 0.99140000
vn -0.84850000 -0.52910000 -0.00000000
vn -0.96180000 -0.00510000 0.27370000
vn -0.99140000 -0.00000000 0.13050000
vn -1.00000000 -0.00000000 -0.00000000
vn -1.00000000 -0.00000000 -0.00000000
vn -0.99140000 -0.00000000 -0.13050000
vn -0.84850000 -0.52910000 -0.00000000
vn -0.92450000 -0.00720000 -0.38120000
vn -0.20230000 -0.94680000 0.25040000
vn -0.36500000 -0.36500000 -0.85650000
vn -0.70710000 -0.70710000 -0.00690000
vn -0.90850000 -0.01030000 -0.41780000
vn -0.38270000 -0.00870000 -0.92380000
vn -0.33230000 0.49640000 -0.80200000
vn -0.66510000 0.00250000 -0.74680000
vn -0.99140000 -0.00000000 -0.13050000
vn -0.91820000 0.37730000 -0.12090000
vn -0.90850000 -0.01030000 -0.41780000
vn 0.00030000 -1.00000000 -0.00070000
vn -0.20230000 -0.94680000 0.25040000
vn -0.00640000 -0.75190000 -0.65920000
vn -0.37950000 -0.00890000 -0.92520000
vn -0.00690000 -0.74060000 -0.67190000
vn -0.92450000 -0.00720000 -0.38120000
vn -0.66510000 0.00250000 -0.74680000
vn -0.00010000 -1.00000000 0.00150000
vn -0.38270000 -0.00870000 -0.92380000
vn -0.00000000 -1.00000000 0.00010000
vn -0.13050000 -0.00000000 -0.99150000
vn -0.37950000 -0.00890000 -0.92520000
vn -0.00000000 -0.00000000 -1.00000000
vn -0.00640000 -0.75190000 -0.65920000
vn -0.00000000 -0.21630000 -0.97630000
vn -0.00000000 -0.21630000 -0.97630000
vn 0.21040000 -0.21140000 -0.95450000
vn -0.00640000 -0.75190000 -0.65920000
vn -0.00690000 -0.74060000 -0.67190000
vn 0.13050000 -0.00000000 -0.99150000
vn -0.00000000 -0.00000000 -1.00000000
vn 0.21040000 -0.21140000 -0.95450000
vn -0.00000000 -0.21630000 -0.97630000
vn 0.29710000 -0.00590000 -0.95480000
vn -0.00300000 -1.00000000 -0.00000000
vn 0.21040000 -0.21140000 -0.95450000
vn -0.00690000 -0.74060000 -0.67190000
vn 0.41330000 -0.00000000 -0.91060000
vn -0.00020000 -1.00000000 0.00070000
vn 0.00830000 -1.00000000 0.00030000
vn -0.00010000 -1.00000000 0.00150000
vn -0.00100000 -1.00000000 0.00040000
vn 0.29710000 -0.00590000 -0.95480000
vn 0.76330000 -0.00060000 -0.64600000
vn 0.92380000 -0.01680000 -0.38260000
vn 0.46940000 -0.88290000 -0.01120000
vn 0.55270000 -0.83320000 -0.01820000
vn 0.89650000 -0.01120000 -0.44280000
vn -0.00020000 -1.00000000 0.00120000
vn 0.14400000 0.98880000 -0.03860000
vn 0.76330000 -0.00060000 -0.64600000
vn 0.74160000 0.66470000 -0.09020000
vn -0.00000000 1.00000000 -0.00000000
vn 0.92380000 -0.01680000 -0.38260000
vn 0.43710000 -0.89930000 0.01140000
vn -0.00000000 1.00000000 -0.00000000
vn 0.89650000 -0.01120000 -0.44280000
vn 0.99140000 -0.00000000 -0.13050000
vn 0.92380000 -0.01680000 -0.38260000
vn 0.89650000 -0.01120000 -0.44280000
vn 0.55270000 -0.83320000 -0.01820000
vn 1.00000000 -0.00000000 -0.00000000
vn 0.99140000 -0.00000000 -0.13050000
vn 0.95710000 -0.28960000 -0.00000000
vn 1.00000000 -0.00000000 -0.00000000
vn 0.99140000 -0.00000000 0.13050000
vn 0.95710000 -0.28960000 -0.00000000
vn 0.96280000 -0.00500000 0.27030000
vn 0.86290000 -0.50540000 0.00670000
vn 0.59560000 -0.00860000 0.80330000
vn 0.61390000 -0.00710000 0.78940000
vn -0.61560000 0.00940000 -0.78800000
vn -0.00000000 -0.24140000 0.97040000
vn 0.12630000 -0.00000000 0.99200000
vn -0.00000000 -0.00000000 1.00000000
vn 0.46940000 -0.88290000 -0.01120000
vn 0.86290000 -0.50540000 0.00670000
vn 0.55270000 -0.83320000 -0.01820000
vn 0.95710000 -0.28960000 -0.00000000
vn -0.00000000 -0.00000000 1.00000000
vn -0.27010000 -0.00490000 0.96280000
vn -0.00410000 -0.50640000 0.86230000
vn -0.00000000 -0.24140000 0.97040000
vn -0.13050000 -0.00000000 0.99140000
vn -0.27010000 -0.00490000 0.96280000
vn -0.08030000 -0.78820000 0.61020000
vn -0.13050000 -0.00000000 0.99140000
vn 0.19820000 -0.02110000 0.97990000
vn -0.13050000 -0.00000000 -0.99150000
vn -0.37950000 -0.00890000 -0.92520000
vn -0.38270000 -0.00870000 -0.92380000
vn -0.08160000 0.78040000 -0.62000000
vn -0.33230000 0.49640000 -0.80200000
vn -0.00580000 -0.99990000 -0.00890000
vn -0.04960000 -0.44950000 -0.89190000
vn 0.42380000 -0.40770000 -0.80880000
vn 0.00910000 0.98020000 -0.19770000
vn -0.33230000 0.49640000 -0.80200000
vn -0.91820000 0.37730000 -0.12090000
vn -0.66510000 0.00250000 -0.74680000
vn -0.00580000 -0.99990000 -0.00890000
vn -0.00000000 0.86110000 -0.50850000
vn -0.04960000 -0.44950000 -0.89190000
vn -0.08160000 0.78040000 -0.62000000
vn -0.92450000 -0.00720000 -0.38120000
vn -0.90850000 -0.01030000 -0.41780000
vn -0.00040000 -1.00000000 0.00010000
vn -0.77270000 0.63410000 -0.02800000
vn -0.84740000 0.52990000 -0.03340000
vn -0.00390000 -1.00000000 -0.00670000
vn -0.00000000 -0.00000000 -1.00000000
vn 0.42380000 -0.40770000 -0.80880000
vn -0.00000000 0.86110000 -0.50850000
vn 0.13050000 -0.00000000 -0.99150000
vn 0.11930000 0.40500000 -0.90650000
vn -0.04960000 -0.44950000 -0.89190000
vn 0.00910000 0.98020000 -0.19770000
vn -0.00000000 1.00000000 -0.00000000
vn -0.00390000 -1.00000000 -0.00670000
vn -0.00000000 -1.00000000 -0.00020000
vn -0.00580000 -0.99990000 -0.00890000
vn 0.99140000 -0.00000000 -0.13050000
vn 1.00000000 -0.00000000 -0.00000000
vn 0.14400000 0.98880000 -0.03860000
vn 0.91100000 -0.41250000 -0.00000000
vn -0.00000000 1.00000000 -0.00000000
vn 0.00030000 -1.00000000 -0.00020000
vn 0.74160000 0.66470000 -0.09020000
vn 0.43670000 -0.89850000 0.04530000
vn 0.43710000 -0.89930000 0.01140000
vn 0.00010000 -1.00000000 0.00010000
vn -0.00000000 -1.00000000 -0.00000000
vn 0.59560000 -0.00860000 0.80330000
vn 0.12630000 -0.00000000 0.99200000
vn -0.61560000 0.00940000 -0.78800000
vn 0.38000000 0.00870000 0.92490000
vn -0.00410000 -0.50640000 0.86230000
vn -0.03210000 -0.97690000 0.21150000
vn 0.00970000 -0.98260000 0.18530000
vn -0.00000000 -0.24140000 0.97040000
vn 0.38000000 0.00870000 0.92490000
vn 0.86720000 0.00420000 0.49800000
vn -0.61560000 0.00940000 -0.78800000
vn 0.69860000 0.71450000 0.03770000
vn 0.43670000 -0.89850000 0.04530000
vn 0.77590000 0.62250000 0.10210000
vn 0.61390000 -0.00710000 0.78940000
vn 0.00040000 1.00000000 0.00150000
vn -0.00000000 -1.00000000 0.00200000
vn 0.00950000 0.75080000 0.66050000
vn 0.00030000 -1.00000000 -0.00020000
vn 0.03590000 -0.51030000 0.85930000
vn 1.00000000 -0.00000000 -0.00000000
vn 0.91100000 -0.41250000 -0.00000000
vn 0.99140000 -0.00000000 0.13050000
vn 0.77590000 0.62250000 0.10210000
vn 0.69860000 0.71450000 0.03770000
vn 0.96280000 -0.00500000 0.27030000
vn 0.86720000 0.00420000 0.49800000
vn 0.77590000 0.62250000 0.10210000
vn 0.99140000 -0.00000000 0.13050000
vn 0.43710000 -0.89930000 0.01140000
vn 0.43670000 -0.89850000 0.04530000
vn 0.91100000 -0.41250000 -0.00000000
vn 0.69860000 0.71450000 0.03770000
vn 0.14400000 0.98880000 -0.03860000
vn -0.00000000 -0.21620000 0.97630000
vn 0.00950000 0.75080000 0.66050000
vn 0.12630000 -0.00000000 0.99200000
vn 0.38000000 0.00870000 0.92490000
vn -0.00000000 -0.00000000 1.00000000
vn 0.86290000 -0.50540000 0.00670000
vn 0.46940000 -0.88290000 -0.01120000
vn 0.00290000 -1.00000000 0.00850000
vn 0.00710000 -1.00000000 0.00120000
vn 0.86720000 0.00420000 0.49800000
vn 0.61390000 -0.00710000 0.78940000
vn 0.00830000 -1.00000000 0.00030000
vn -0.03210000 -0.97690000 0.21150000
vn 0.59560000 -0.00860000 0.80330000
vn 0.00490000 -1.00000000 0.00360000
vn 0.96280000 -0.00500000 0.27030000
vn -0.00020000 -1.00000000 -0.00000000
vn -0.00000000 -1.00000000 -0.00000000
vn -0.67950000 -0.02990000 -0.73310000
vn 0.19820000 -0.02110000 0.97990000
vn -0.32050000 -0.94720000 0.00660000
vn -0.08030000 -0.78820000 0.61020000
vn -0.00000000 1.00000000 -0.00000000
vn 0.03590000 -0.51030000 0.85930000
vn 0.08710000 -0.21540000 0.97260000
vn -0.00040000 -1.00000000 0.00010000
vn -0.77270000 0.63410000 -0.02800000
vn -0.00000000 -1.00000000 0.00200000
vn -0.00000000 -0.21620000 0.97630000
vn 0.00950000 0.75080000 0.66050000
vn 0.03590000 -0.51030000 0.85930000
vn 0.08710000 -0.21540000 0.97260000
vn -0.69820000 0.65490000 0.28920000
vn -0.96180000 -0.00510000 0.27370000
vn -0.99140000 -0.00000000 0.13050000
vn -0.36140000 0.93120000 0.04760000
vn -0.92390000 -0.00060000 0.38260000
vn -0.00090000 -1.00000000 0.00400000
vn -0.67950000 -0.02990000 -0.73310000
vn -0.00290000 -1.00000000 0.00250000
vn -0.00520000 -1.00000000 0.00190000
vn 0.19820000 -0.02110000 0.97990000
vn -0.00000000 -1.00000000 0.00520000
vn 0.00970000 -0.98260000 0.18530000
vn -0.69920000 -0.00330000 0.71490000
vn -0.27010000 -0.00490000 0.96280000
vn -0.00410000 -0.50640000 0.86230000
vn -1.00000000 -0.00000000 -0.00000000
vn -0.84740000 0.52990000 -0.03340000
vn -0.91820000 0.37730000 -0.12090000
vn -0.99140000 -0.00000000 -0.13050000
vn -0.91100000 -0.41250000 -0.00000000
vn -0.34490000 0.93780000 0.04010000
vn -0.36140000 0.93120000 0.04760000
vn -1.00000000 -0.00000000 -0.00000000
vn -0.99140000 -0.00000000 0.13050000
vn -0.91100000 -0.41250000 -0.00000000
vn -0.91100000 -0.41250000 -0.00000000
vn -0.84740000 0.52990000 -0.03340000
vn -0.77270000 0.63410000 -0.02800000
vn -0.34490000 0.93780000 0.04010000
vn -0.32050000 -0.94720000 0.00660000
vn -0.80750000 0.00060000 -0.58990000
vn -0.75280000 -0.00170000 -0.65820000
vn -0.98190000 -0.00050000 -0.18910000
vn -0.00000000 1.00000000 -0.00000000
vn -0.32250000 0.00280000 -0.94660000
vn -0.22950000 -0.00000000 -0.97330000
vn 0.00080000 1.00000000 -0.00010000
vn -0.00080000 1.00000000 0.00090000
vn -0.00000000 1.00000000 -0.00000000
vn -0.75280000 -0.00170000 -0.65820000
vn 0.75720000 0.00270000 -0.65320000
vn 0.97090000 -0.00160000 -0.23950000
vn -0.00000000 1.00000000 -0.00000000
vn 0.62190000 -0.00240000 -0.78310000
vn 0.97090000 -0.00160000 -0.23950000
vn 0.75720000 0.00270000 -0.65320000
vn -0.00290000 -1.00000000 0.00250000
vn 0.98570000 -0.00000000 -0.16860000
vn -0.00600000 -1.00000000 0.00100000
vn -0.00520000 -1.00000000 0.00190000
vn -0.00000000 1.00000000 -0.00000000
vn -0.16370000 -0.00000000 0.98650000
vn -0.00000000 -0.00000000 1.00000000
vn -0.00000000 1.00000000 -0.00000000
vn -0.95190000 -0.00230000 0.30640000
vn -0.65820000 0.00160000 0.75290000
vn -0.59470000 -0.00060000 0.80390000
vn -0.97330000 -0.00000000 0.22940000
vn -0.65820000 0.00160000 0.75290000
vn -0.00020000 -1.00000000 0.00070000
vn -0.00100000 -1.00000000 0.00040000
vn -0.95190000 -0.00230000 0.30640000
vn -1.00000000 -0.00000000 -0.00000000
vn -0.00020000 -1.00000000 0.00070000
vn -0.00300000 -1.00000000 -0.00000000
vn -0.97330000 -0.00000000 0.22940000
vn -0.00090000 -1.00000000 0.00400000
vn 0.75720000 0.00270000 -0.65320000
vn -0.00290000 -1.00000000 0.00250000
vn 0.62190000 -0.00240000 -0.78310000
vn 0.22930000 0.00140000 -0.97330000
vn -0.00700000 -1.00000000 0.00030000
vn 0.00010000 -1.00000000 0.00090000
vn -0.36500000 -0.36500000 -0.85650000
vn -0.70710000 -0.70710000 -0.00690000
vn -0.00000000 -1.00000000 -0.00000000
vn -0.00010000 -1.00000000 0.00150000
vn -0.00000000 -0.00000000 1.00000000
vn -0.16370000 -0.00000000 0.98650000
vn -0.18920000 0.00050000 0.98190000
vn -0.00000000 -1.00000000 0.00010000
vn -0.00020000 -1.00000000 0.00120000
vn -0.32250000 0.00280000 -0.94660000
vn 0.00970000 -0.98260000 0.18530000
vn -0.03210000 -0.97690000 0.21150000
vn -0.00000000 -1.00000000 0.00520000
vn -0.22950000 -0.00000000 -0.97330000
vn -0.00000000 -0.00000000 -1.00000000
vn 0.00290000 -1.00000000 0.00850000
vn -0.00700000 -1.00000000 0.00030000
vn -0.96180000 -0.00510000 0.27370000
vn -0.84850000 -0.52910000 -0.00000000
vn -0.00600000 -1.00000000 0.00100000
vn -0.69920000 -0.00330000 0.71490000
vn -0.92390000 -0.00060000 0.38260000
vn -0.70710000 -0.70710000 -0.00690000
vn -0.00520000 -1.00000000 0.00190000
vn -0.79430000 0.00070000 0.60760000
vn -0.75280000 -0.00170000 -0.65820000
vn 0.00290000 -1.00000000 0.00850000
vn 0.00490000 -1.00000000 0.00360000
vn -0.80750000 0.00060000 -0.58990000
vn -0.32250000 0.00280000 -0.94660000
vn -0.00100000 -1.00000000 0.00040000
vn -0.00020000 -1.00000000 0.00120000
vn -0.59470000 -0.00060000 0.80390000
vn -0.65820000 0.00160000 0.75290000
vn -0.18920000 0.00050000 0.98190000
vn -0.98650000 -0.00000000 -0.16370000
vn -0.80750000 0.00060000 -0.58990000
vn 0.00490000 -1.00000000 0.00360000
vn 0.00710000 -1.00000000 0.00120000
vn -0.98190000 -0.00050000 -0.18910000
vn 1.00000000 -0.00000000 -0.00000000
vn -0.00000000 -1.00000000 -0.00000000
vn 0.98570000 -0.00000000 0.16860000
vn 0.98310000 -0.00030000 0.18310000
vn 0.98570000 -0.00000000 0.16860000
vn 0.77890000 -0.00030000 0.62720000
vn 0.00010000 -1.00000000 0.00090000
vn 0.78260000 -0.00050000 0.62260000
vn -0.00000000 -1.00000000 -0.00000000
vn 0.78260000 -0.00050000 0.62260000
vn 0.23940000 -0.00000000 0.97090000
vn 0.29920000 0.00190000 0.95420000
vn -0.00000000 1.00000000 -0.00000000
vn 0.77890000 -0.00030000 0.62720000
vn 0.00030000 -1.00000000 -0.00070000
vn -0.20230000 -0.94680000 0.25040000
vn 0.78260000 -0.00050000 0.62260000
vn 0.29920000 0.00190000 0.95420000
vn -0.36500000 -0.36500000 -0.85650000
vn 0.00010000 -1.00000000 0.00090000
vn 0.00030000 -1.00000000 -0.00070000
vn 0.29920000 0.00190000 0.95420000
vn -0.00000000 -1.00000000 0.00010000
vn -0.00000000 -0.00000000 1.00000000
vn 0.23940000 -0.00000000 0.97090000
vn 0.29710000 0.09920000 0.94970000
vn 0.02710000 -0.99780000 0.06110000
vn 0.00740000 -0.90720000 0.42060000
vn -0.00440000 -0.50110000 0.86540000
vn -0.00000000 -0.00000000 1.00000000
vn 0.70300000 -0.48860000 0.51680000
vn -0.00000000 -0.00050000 1.00000000
vn -0.89010000 -0.15570000 -0.42830000
vn 0.86700000 -0.03380000 0.49710000
vn 0.37830000 -0.89950000 0.21880000
vn 0.76260000 0.04680000 0.64520000
vn 0.98410000 -0.17450000 0.03210000
vn 0.95160000 0.07090000 0.29900000
vn 0.86960000 -0.00280000 0.49370000
vn 0.07580000 -0.99700000 0.01320000
vn 0.37830000 -0.89950000 0.21880000
vn 0.86700000 -0.03380000 0.49710000
vn 0.07580000 -0.99700000 0.01320000
vn 0.87170000 -0.04870000 -0.48760000
vn 0.37880000 -0.89950000 -0.21750000
vn 0.96110000 0.08180000 -0.26370000
vn 0.98410000 -0.17450000 0.03210000
vn 0.04590000 -0.99890000 -0.00000000
vn 0.34400000 0.11520000 -0.93190000
vn 0.54100000 -0.11430000 -0.83320000
vn -0.00390000 -0.93340000 -0.35880000
vn 0.00380000 -0.35880000 -0.93340000
vn 0.10570000 -0.99230000 -0.06530000
vn 0.14140000 -0.00000000 -0.99000000
vn 0.00380000 -0.35880000 -0.93340000
vn 0.14140000 -0.00000000 -0.99000000
vn -0.00010000 -0.00000000 -1.00000000
vn -0.86970000 0.00140000 -0.49350000
vn -0.47960000 -0.09000000 -0.87290000
vn -0.34630000 0.11450000 -0.93110000
vn -0.86690000 -0.03570000 -0.49710000
vn -0.00000000 1.00000000 -0.00000000
vn -0.00390000 -0.93340000 -0.35880000
vn -0.01240000 -0.99890000 -0.04550000
vn -0.47960000 -0.09000000 -0.87290000
vn 0.00380000 -0.35880000 -0.93340000
vn -0.00010000 -0.00000000 -1.00000000
vn -0.00480000 -0.99920000 -0.04020000
vn -0.34630000 0.11450000 -0.93110000
vn -0.00000000 -0.00070000 -1.00000000
vn -0.00480000 -0.99920000 -0.04020000
vn -0.47960000 -0.09000000 -0.87290000
vn -0.86690000 -0.03570000 -0.49710000
vn -0.44290000 -0.86130000 -0.24880000
vn -0.00000000 -1.00000000 -0.00020000
vn -0.00390000 -0.93340000 -0.35880000
vn 0.00030000 -1.00000000 -0.00020000
vn -0.00000000 1.00000000 -0.00000000
vn -0.01240000 -0.99890000 -0.04550000
vn 0.11460000 -0.98880000 -0.09580000
vn 0.10570000 -0.99230000 -0.06530000
vn -0.00000000 -1.00000000 -0.00000000
vn -0.00000000 1.00000000 -0.00000000
vn 0.00740000 -0.90720000 0.42060000
vn -0.18580000 -0.00000000 0.98260000
vn -0.29990000 0.09470000 0.94930000
vn -0.00440000 -0.50110000 0.86540000
vn -0.62470000 -0.04860000 0.77940000
vn -0.39120000 -0.89060000 0.23180000
vn -0.02440000 -0.99970000 0.00480000
vn 0.11460000 -0.98880000 -0.09580000
vn 0.04590000 -0.99890000 -0.00000000
vn 0.37880000 -0.89950000 -0.21750000
vn 0.00030000 -1.00000000 -0.00020000
vn -0.00000000 -1.00000000 -0.00000000
vn 0.00010000 -1.00000000 0.00010000
vn -0.00000000 1.00000000 -0.00000000
vn -0.00000000 -1.00000000 -0.00000000
vn 0.55710000 0.29860000 0.77490000
vn -0.94510000 0.32050000 0.06400000
vn -0.96870000 0.11640000 0.21930000
vn 0.25500000 -0.19710000 0.94670000
vn 0.47740000 0.26200000 -0.83870000
vn -0.00000000 -1.00000000 -0.00000000
vn 0.81530000 -0.26600000 -0.51430000
vn 0.55710000 0.29860000 0.77490000
vn -0.00000000 -1.00000000 -0.00000000
vn -0.34590000 -0.30640000 -0.88680000
vn -0.00000000 1.00000000 -0.00000000
vn -0.94510000 0.32050000 0.06400000
vn 0.47740000 0.26200000 -0.83870000
vn -0.00000000 1.00000000 -0.00000000
vn 0.00030000 -1.00000000 -0.00020000
vn 0.70300000 -0.48860000 0.51680000
vn -0.00000000 -1.00000000 -0.00000000
vn 0.02710000 -0.99780000 0.06110000
vn 0.00040000 1.00000000 0.00150000
vn 0.07580000 -0.99700000 0.01320000
vn -0.89010000 -0.15570000 -0.42830000
vn 0.37830000 -0.89950000 0.21880000
vn 0.04590000 -0.99890000 -0.00000000
vn 0.00040000 1.00000000 0.00150000
vn -0.00000000 -1.00000000 -0.00000000
vn -0.00000000 -1.00000000 0.00200000
vn -0.63750000 -0.05580000 0.76840000
vn -0.00000000 1.00000000 -0.00000000
vn -0.00000000 -1.00000000 -0.00000000
vn 0.40350000 -0.06710000 0.91250000
vn -0.00020000 -1.00000000 -0.00000000
vn -0.00390000 -1.00000000 -0.00670000
vn -0.02440000 -0.99970000 0.00480000
vn -0.17880000 -0.98170000 -0.06490000
vn -0.00040000 -1.00000000 0.00010000
vn -0.00020000 -1.00000000 -0.00000000
vn -0.00000000 -1.00000000 -0.00000000
vn -0.01240000 -0.99890000 -0.04550000
vn -0.44290000 -0.86130000 -0.24880000
vn -0.00000000 1.00000000 -0.00000000
vn -0.00480000 -0.99920000 -0.04020000
vn 0.35690000 -0.01430000 0.93400000
vn 0.40350000 -0.06710000 0.91250000
vn -0.00000000 1.00000000 -0.00000000
vn -0.00000000 -1.00000000 -0.00000000
vn 0.98980000 -0.10770000 -0.09350000
vn 0.98510000 -0.00970000 -0.17180000
vn -0.00000000 -1.00000000 -0.00000000
vn 0.00740000 -0.90720000 0.42060000
vn 0.02710000 -0.99780000 0.06110000
vn 0.00830000 -1.00000000 0.00030000
vn 0.00710000 -1.00000000 0.00120000
vn -0.98650000 -0.00000000 -0.16370000
vn -1.00000000 -0.00000000 -0.00000000
vn -0.00300000 -1.00000000 -0.00000000
vn -0.00000000 -0.00000000 -1.00000000
vn 0.16370000 -0.00000000 -0.98650000
vn -0.00000000 1.00000000 -0.00000000
vn 0.22930000 0.00140000 -0.97330000
vn -0.00090000 -1.00000000 0.00400000
vn -0.00000000 -0.00000000 -1.00000000
vn 0.16370000 -0.00000000 -0.98650000
vn -0.00000000 -1.00000000 0.00520000
vn -0.00600000 -1.00000000 0.00100000
vn -0.00000000 -1.00000000 -0.00000000
vn 1.00000000 -0.00000000 -0.00000000
vn 0.98570000 -0.00000000 -0.16860000
vn -0.00700000 -1.00000000 0.00030000
vn -0.00000000 -1.00000000 -0.00000000
vn 0.26150000 0.17160000 -0.94980000
vn 0.98980000 -0.10770000 -0.09350000
vn -0.00000000 1.00000000 -0.00000000
vn 0.26150000 0.17160000 -0.94980000
vn -0.24550000 -0.35300000 -0.90280000
vn -0.00000000 -1.00000000 -0.00000000
vn -0.90720000 0.29180000 -0.30320000
vn -0.00000000 1.00000000 -0.00000000
vn -0.86960000 -0.00110000 0.49370000
vn -0.75810000 0.06410000 0.64900000
vn -0.00000000 -0.00000000 1.00000000
vn -0.18580000 -0.00000000 0.98260000
vn -0.00440000 -0.50110000 0.86540000
vn 0.00080000 1.00000000 -0.00010000
vn 0.76260000 0.04680000 0.64520000
vn 0.70300000 -0.48860000 0.51680000
vn -0.89010000 -0.15570000 -0.42830000
vn -0.00080000 1.00000000 0.00090000
vn 0.29710000 0.09920000 0.94970000
vn 0.98410000 -0.17450000 0.03210000
vn 0.96110000 0.08180000 -0.26370000
vn 0.95160000 0.07090000 0.29900000
vn 0.00010000 1.00000000 -0.00030000
vn 0.00010000 1.00000000 0.00030000
vn 0.00020000 1.00000000 -0.00000000
vn 0.86960000 -0.00090000 -0.49380000
vn 0.87170000 -0.04870000 -0.48760000
vn 0.37880000 -0.89950000 -0.21750000
vn 0.54100000 -0.11430000 -0.83320000
vn 0.11460000 -0.98880000 -0.09580000
vn 0.10570000 -0.99230000 -0.06530000
vn -0.86690000 -0.03570000 -0.49710000
vn -0.44290000 -0.86130000 -0.24880000
vn -0.86970000 0.00140000 -0.49350000
vn -0.96320000 -0.25800000 -0.07540000
vn -0.17880000 -0.98170000 -0.06490000
vn -0.62470000 -0.04860000 0.77940000
vn -0.87170000 -0.05630000 0.48670000
vn -0.75810000 0.06410000 0.64900000
vn -0.39120000 -0.89060000 0.23180000
vn -0.86960000 -0.00110000 0.49370000
vn 0.86960000 -0.00090000 -0.49380000
vn 0.54100000 -0.11430000 -0.83320000
vn -0.00000000 1.00000000 -0.00000000
vn 0.34400000 0.11520000 -0.93190000
vn -0.00000000 1.00000000 -0.00000000
vn -0.59470000 -0.00060000 0.80390000
vn -0.18920000 0.00050000 0.98190000
vn -0.16370000 -0.00000000 0.98650000
vn 0.96110000 0.08180000 -0.26370000
vn 0.00010000 1.00000000 0.00030000
vn 0.87170000 -0.04870000 -0.48760000
vn 0.86960000 -0.00090000 -0.49380000
vn -0.00000000 1.00000000 -0.00000000
vn -0.00000000 1.00000000 -0.00000000
vn 0.25500000 -0.19710000 0.94670000
vn -0.96870000 0.11640000 0.21930000
vn 0.00010000 1.00000000 0.00030000
vn 0.00020000 1.00000000 -0.00000000
vn -0.00000000 1.00000000 -0.00000000
vn 0.95160000 0.07090000 0.29900000
vn 0.86960000 -0.00280000 0.49370000
vn 0.00010000 1.00000000 -0.00030000
vn 0.41250000 0.49140000 -0.76700000
vn -0.00000000 1.00000000 -0.00000000
vn 0.38950000 0.38590000 -0.83630000
vn -0.79260000 -0.54480000 -0.27390000
vn -0.79260000 0.24640000 0.55780000
vn -0.34590000 -0.30640000 -0.88680000
vn -0.00030000 -1.00000000 -0.00060000
vn -0.94510000 0.32050000 0.06400000
vn 0.00010000 1.00000000 -0.00030000
vn -0.00000000 -1.00000000 -0.00000000
vn -0.96870000 0.11640000 0.21930000
vn 0.00020000 1.00000000 -0.00000000
vn -0.00000000 -0.00070000 -1.00000000
vn -0.00010000 -0.00000000 -1.00000000
vn 0.14140000 -0.00000000 -0.99000000
vn 0.34400000 0.11520000 -0.93190000
vn -0.00000000 1.00000000 -0.00000000
vn -1.00000000 -0.00000000 -0.00000000
vn -0.98190000 -0.00050000 -0.18910000
vn -0.98650000 -0.00000000 -0.16370000
vn -0.00000000 1.00000000 -0.00000000
vn -1.00000000 -0.00000000 -0.00000000
vn -0.97330000 -0.00000000 0.22940000
vn -0.00000000 1.00000000 -0.00000000
vn -0.95190000 -0.00230000 0.30640000
vn -0.00000000 -0.00000000 1.00000000
vn -0.00000000 1.00000000 -0.00000000
vn 0.23940000 -0.00000000 0.97090000
vn -0.00000000 -0.00070000 -1.00000000
vn -0.34630000 0.11450000 -0.93110000
vn -0.00000000 1.00000000 -0.00000000
vn -0.00000000 1.00000000 -0.00000000
vn 0.86700000 -0.03380000 0.49710000
vn 0.86960000 -0.00280000 0.49370000
vn 0.76260000 0.04680000 0.64520000
vn -0.00080000 1.00000000 0.00090000
vn 0.47740000 0.26200000 -0.83870000
vn -0.00000000 1.00000000 -0.00000000
vn -0.34590000 -0.30640000 -0.88680000
vn 0.81530000 -0.26600000 -0.51430000
vn -0.00000000 1.00000000 -0.00000000
vn 0.98310000 -0.00030000 0.18310000
vn 0.77890000 -0.00030000 0.62720000
vn 0.00080000 1.00000000 -0.00010000
vn 0.29710000 0.09920000 0.94970000
vn -0.00000000 -0.00050000 1.00000000
vn -0.00000000 1.00000000 -0.00000000
vn -0.00000000 1.00000000 -0.00000000
vn -0.00000000 1.00000000 -0.00020000
vn -0.00000000 1.00000000 0.00010000
vn -0.96840000 0.10620000 0.22550000
vn -0.86970000 0.00140000 -0.49350000
vn -0.96320000 -0.25800000 -0.07540000
vn 0.98570000 -0.00000000 0.16860000
vn -0.00000000 1.00000000 -0.00000000
vn 1.00000000 -0.00000000 -0.00000000
vn 0.98310000 -0.00030000 0.18310000
vn 0.97090000 -0.00160000 -0.23950000
vn -0.00000000 1.00000000 -0.00000000
vn 1.00000000 -0.00000000 -0.00000000
vn 0.98570000 -0.00000000 -0.16860000
vn -0.00000000 1.00000000 -0.00000000
vn -0.00000000 -0.00000000 -1.00000000
vn -0.22950000 -0.00000000 -0.97330000
vn 0.16370000 -0.00000000 -0.98650000
vn 0.62190000 -0.00240000 -0.78310000
vn 0.22930000 0.00140000 -0.97330000
vn -0.00000000 1.00000000 -0.00000000
vn -0.00000000 -0.00000000 1.00000000
vn -0.29990000 0.09470000 0.94930000
vn -0.00000000 1.00000000 -0.00000000
vn -0.18580000 -0.00000000 0.98260000
vn -0.00000000 -0.00050000 1.00000000
vn -0.00000000 1.00000000 -0.00000000
vn -0.86960000 -0.00110000 0.49370000
vn -0.96840000 0.10620000 0.22550000
vn -0.87170000 -0.05630000 0.48670000
vn -0.00000000 1.00000000 0.00010000
vn 0.26150000 0.17160000 -0.94980000
vn -0.00000000 1.00000000 -0.00000000
vn 0.98980000 -0.10770000 -0.09350000
vn -0.24550000 -0.35300000 -0.90280000
vn 0.98510000 -0.00970000 -0.17180000
vn -0.75810000 0.06410000 0.64900000
vn -0.29990000 0.09470000 0.94930000
vn -0.00000000 1.00000000 -0.00000000
vn -0.62470000 -0.04860000 0.77940000
vn -0.00000000 -1.00000000 -0.00000000
vn -0.41200000 -0.08900000 0.90680000
vn 0.91370000 -0.07600000 0.39920000
vn 0.18380000 0.06550000 0.98080000
vn -0.03010000 -0.99940000 0.01620000
vn 0.91370000 -0.07600000 0.39920000
vn 0.11510000 -0.71090000 0.69380000
vn 0.18380000 0.06550000 0.98080000
vn 0.94690000 -0.30960000 0.08670000
vn 0.94760000 -0.03440000 0.31760000
vn 0.06460000 0.86890000 -0.49070000
vn 0.01120000 0.99990000 -0.01220000
vn 0.00770000 0.99980000 -0.01860000
vn -0.01640000 0.99980000 0.01230000
vn 0.82270000 0.33080000 -0.46240000
vn -0.48180000 0.21010000 -0.85070000
vn -0.11370000 0.49070000 0.86390000
vn -0.48180000 0.21010000 -0.85070000
vn -0.33070000 -0.25300000 0.90920000
vn 0.06460000 0.86890000 -0.49070000
vn -0.11370000 0.49070000 0.86390000
vn 0.06460000 0.86890000 -0.49070000
vn 0.82270000 0.33080000 -0.46240000
vn 0.38710000 0.04510000 -0.92090000
vn 0.54270000 -0.82100000 -0.17740000
vn 0.47580000 0.87850000 0.04420000
vn 0.94760000 -0.03440000 0.31760000
vn 0.38530000 0.92140000 -0.05010000
vn 0.94690000 -0.30960000 0.08670000
vn -0.53630000 0.03000000 -0.84350000
vn 0.54270000 -0.82100000 -0.17740000
vn -0.01670000 0.99990000 -0.00450000
vn 0.47580000 0.87850000 0.04420000
vn -0.48180000 0.21010000 -0.85070000
vn -0.33070000 -0.25300000 0.90920000
vn 0.38530000 0.92140000 -0.05010000
vn -0.01670000 0.99990000 -0.00450000
vn 0.47580000 0.87850000 0.04420000
vn -0.01640000 0.99980000 0.01230000
vn -0.19450000 -0.46390000 0.86430000
vn 0.00770000 0.99980000 -0.01860000
vn -0.73140000 -0.67450000 -0.10020000
vn 0.01120000 0.99990000 -0.01220000
vn -0.86620000 0.07370000 0.49430000
vn -0.74110000 -0.20570000 -0.63910000
vn -0.73140000 -0.67450000 -0.10020000
vn -0.53630000 0.03000000 -0.84350000
vn -0.33070000 -0.25300000 0.90920000
vn 0.01120000 0.99990000 -0.01220000
vn -0.11370000 0.49070000 0.86390000
vn 0.82270000 0.33080000 -0.46240000
vn -0.01670000 0.99990000 -0.00450000
vn -0.41200000 -0.08900000 0.90680000
vn 0.18380000 0.06550000 0.98080000
vn 0.11510000 -0.71090000 0.69380000
vn -0.73140000 -0.67450000 -0.10020000
vn -0.86620000 0.07370000 0.49430000
vn -0.19450000 -0.46390000 0.86430000
vn 0.38530000 0.92140000 -0.05010000
vn 0.94690000 -0.30960000 0.08670000
vn -0.19450000 -0.46390000 0.86430000
vn -0.01640000 0.99980000 0.01230000
vn 0.00770000 0.99980000 -0.01860000
vn 0.11510000 -0.71090000 0.69380000
vn 0.94760000 -0.03440000 0.31760000
vn 0.17310000 -0.07520000 -0.98200000
vn 0.38710000 0.04510000 -0.92090000
vn -0.00000000 -1.00000000 -0.00000000
vn 0.91370000 -0.07600000 0.39920000
vn -0.03010000 -0.99940000 0.01620000
vn 0.17310000 -0.07520000 -0.98200000
vn -0.00000000 -1.00000000 -0.00000000
vn -0.97570000 0.05280000 -0.21250000
vn -0.86620000 0.07370000 0.49430000
vn -0.41200000 -0.08900000 0.90680000
vn -0.97570000 0.05280000 -0.21250000
vn -0.74110000 -0.20570000 -0.63910000
vn -0.03010000 -0.99940000 0.01620000
vn -0.97570000 0.05280000 -0.21250000
vn 0.54270000 -0.82100000 -0.17740000
vn 0.17310000 -0.07520000 -0.98200000
vn -0.74110000 -0.20570000 -0.63910000
vn -0.53630000 0.03000000 -0.84350000
vn 0.38710000 0.04510000 -0.92090000
vn 0.05690000 0.08480000 0.99480000
vn 0.16480000 0.70510000 0.68970000
vn -0.00000000 -0.00000000 1.00000000
vn -0.10440000 0.70020000 0.70630000
vn 0.51070000 0.79730000 0.32150000
vn 0.50930000 0.77250000 0.37920000
vn 0.20110000 0.34880000 0.91540000
vn 0.24040000 0.26260000 0.93450000
vn 0.57110000 0.74200000 0.35130000
vn 0.24560000 0.39900000 0.88350000
vn 0.48850000 0.70480000 0.51440000
vn -0.00000000 -0.00000000 1.00000000
vn 0.05690000 0.08480000 0.99480000
vn 0.23810000 0.26170000 0.93530000
vn 0.24560000 0.39900000 0.88350000
vn 0.24040000 0.26260000 0.93450000
vn 0.27630000 0.31570000 0.90770000
vn 0.62330000 0.64750000 0.43850000
vn 0.48850000 0.70480000 0.51440000
vn 0.24040000 0.26260000 0.93450000
vn 0.23810000 0.26170000 0.93530000
vn 0.15220000 0.83530000 0.52820000
vn 0.30370000 0.71970000 0.62440000
vn 0.50930000 0.77250000 0.37920000
vn 0.25580000 0.78560000 0.56340000
vn 0.30340000 0.85020000 0.43030000
vn 0.20110000 0.34880000 0.91540000
vn 0.92530000 0.37910000 -0.00030000
vn 0.99140000 0.13050000 -0.00000000
vn 0.82260000 0.10830000 0.55820000
vn 0.92390000 0.38270000 -0.00000000
vn 0.82260000 0.10830000 0.55820000
vn 0.99110000 0.13310000 0.00020000
vn 0.81890000 0.10620000 0.56400000
vn 0.99140000 0.13050000 -0.00000000
vn 0.99170000 -0.12890000 0.00010000
vn 0.92380000 -0.38300000 -0.00000000
vn 0.00020000 0.00040000 -1.00000000
vn 0.81890000 0.10620000 0.56400000
vn 0.81850000 -0.47120000 0.32870000
vn 0.00010000 -0.00030000 -1.00000000
vn 0.00020000 -0.00010000 -1.00000000
vn 0.99170000 -0.12890000 0.00010000
vn 0.99120000 -0.13220000 -0.00010000
vn 0.92390000 -0.38270000 -0.00000000
vn 0.79430000 -0.60750000 -0.00000000
vn 0.92380000 -0.38300000 -0.00000000
vn 0.81850000 -0.47120000 0.32870000
vn 0.38270000 -0.92390000 -0.00010000
vn 0.47330000 -0.81740000 0.32850000
vn 0.00060000 -0.94410000 0.32970000
vn 0.38410000 -0.92330000 -0.00000000
vn 0.00010000 -0.00010000 -1.00000000
vn 0.00010000 -0.00020000 -1.00000000
vn -0.00030000 -0.00020000 -1.00000000
vn 0.13020000 -0.99150000 -0.00000000
vn 0.00060000 -0.94410000 0.32970000
vn 0.13020000 -0.99150000 -0.00000000
vn -0.12920000 -0.99160000 0.00020000
vn 0.13070000 -0.99140000 -0.00000000
vn -0.50200000 -0.65510000 0.56460000
vn -0.00000000 -0.00010000 -1.00000000
vn -0.00010000 -0.00000000 -1.00000000
vn -0.00030000 -0.00020000 -1.00000000
vn -0.12920000 -0.99160000 0.00020000
vn -0.38460000 -0.92310000 -0.00020000
vn -0.13300000 -0.99110000 -0.00010000
vn 0.00060000 -0.94410000 0.32970000
vn -0.38270000 -0.92390000 -0.00000000
vn -0.50320000 -0.65580000 0.56270000
vn -0.60880000 -0.79340000 -0.00000000
vn -0.38460000 -0.92310000 -0.00020000
vn -0.50200000 -0.65510000 0.56460000
vn 0.79340000 0.60870000 -0.00000000
vn 0.92480000 0.38040000 0.00020000
vn 0.92240000 0.38630000 -0.00030000
vn 0.65840000 0.50520000 0.55800000
vn 0.99140000 0.13060000 -0.00000000
vn 0.92240000 0.38630000 -0.00030000
vn 0.99140000 0.13050000 -0.00000000
vn 0.69600000 0.51450000 0.50100000
vn -0.00000000 -0.00000000 -1.00000000
vn 0.65840000 0.50520000 0.55800000
vn 0.94440000 0.00240000 0.32880000
vn 0.00010000 0.00010000 -1.00000000
vn 0.99170000 -0.12860000 -0.00000000
vn -0.00000000 -0.00000000 -1.00000000
vn 0.94440000 0.00240000 0.32880000
vn 0.00020000 0.00010000 -1.00000000
vn 0.92400000 -0.38230000 0.00010000
vn 0.99190000 -0.12740000 0.00010000
vn 0.79140000 -0.61130000 -0.00030000
vn 0.66690000 -0.67040000 0.32530000
vn 0.79340000 -0.60870000 -0.00000000
vn 0.60890000 -0.79320000 -0.00000000
vn -0.38220000 -0.92410000 -0.00000000
vn -0.13210000 -0.99120000 -0.00000000
vn -0.38270000 -0.92390000 -0.00000000
vn -0.31510000 -0.76190000 0.56590000
vn -0.31590000 -0.76280000 0.56430000
vn -0.00010000 -0.00020000 -1.00000000
vn -0.00020000 0.00010000 -1.00000000
vn -0.31590000 -0.76280000 0.56430000
vn -0.31510000 -0.76190000 0.56590000
vn -0.79420000 -0.60760000 -0.00000000
vn -0.79330000 -0.60880000 -0.00010000
vn -0.60650000 -0.79510000 -0.00020000
vn -0.75850000 -0.31420000 0.57090000
vn -0.57350000 -0.15700000 0.80400000
vn -0.00020000 -0.00010000 -1.00000000
vn -0.00020000 -0.00020000 -1.00000000
vn 0.50280000 0.65520000 0.56380000
vn 0.79220000 0.61030000 0.00010000
vn -0.00000000 -0.00000000 -1.00000000
vn 0.79430000 0.60760000 -0.00020000
vn 0.49630000 0.65140000 0.57380000
vn 0.00010000 -0.00000000 -1.00000000
vn 0.00020000 -0.00010000 -1.00000000
vn 0.92380000 0.38280000 -0.00000000
vn 0.92380000 0.38280000 -0.00000000
vn 0.00020000 -0.00010000 -1.00000000
vn 0.92390000 0.38270000 -0.00000000
vn 0.99190000 0.12670000 -0.00030000
vn -0.00000000 -0.00000000 -1.00000000
vn 0.94610000 -0.00300000 0.32380000
vn 0.77070000 -0.59130000 -0.23720000
vn 0.81160000 -0.47570000 0.33920000
vn 0.92330000 -0.38420000 -0.00000000
vn 0.79360000 -0.60850000 -0.00000000
vn 0.79340000 -0.60870000 -0.00000000
vn 0.60870000 -0.79340000 -0.00000000
vn 0.32650000 -0.78820000 -0.52170000
vn 0.38270000 -0.92390000 -0.00000000
vn 0.47500000 -0.61910000 -0.62540000
vn -0.47020000 -0.81850000 0.33020000
vn 0.10840000 -0.82350000 0.55690000
vn 0.08180000 -0.90600000 0.41530000
vn -0.12630000 -0.99200000 -0.00030000
vn -0.38270000 -0.92390000 -0.00000000
vn -0.38260000 -0.92390000 -0.00000000
vn -0.00000000 -0.00000000 -1.00000000
vn -0.00000000 -0.00010000 -1.00000000
vn 0.00010000 -0.00000000 -1.00000000
vn 0.82360000 -0.10840000 0.55670000
vn 0.99150000 0.13010000 -0.00000000
vn 0.59550000 0.00030000 0.80330000
vn 0.82220000 0.10830000 0.55880000
vn 0.99140000 0.13050000 -0.00000000
vn 0.99140000 -0.13050000 -0.00000000
vn 0.99160000 -0.12910000 0.00010000
vn 0.99140000 -0.13050000 -0.00000000
vn 0.82360000 -0.10840000 0.55670000
vn 0.92540000 -0.37900000 0.00010000
vn 0.79400000 -0.60800000 0.00010000
vn 0.66690000 -0.66540000 0.33550000
vn 0.79360000 -0.60850000 -0.00000000
vn 0.60900000 -0.79320000 0.00020000
vn 0.00020000 -0.00010000 -1.00000000
vn 0.79400000 -0.60800000 0.00010000
vn 0.92540000 -0.37900000 0.00010000
vn 0.82360000 -0.10840000 0.55670000
vn 0.59550000 0.00030000 0.80330000
vn 0.00010000 -0.00000000 -1.00000000
vn 0.92360000 -0.38350000 -0.00030000
vn 0.66690000 -0.66540000 0.33550000
vn -0.00010000 -0.00010000 -1.00000000
vn 0.24190000 -0.91390000 0.32610000
vn -0.00010000 -0.00010000 -1.00000000
vn 0.60900000 -0.79320000 0.00020000
vn 0.37970000 -0.92510000 -0.00030000
vn 0.66690000 -0.66540000 0.33550000
vn 0.60690000 -0.79480000 -0.00000000
vn -0.00000000 -0.00000000 -1.00000000
vn 0.38270000 -0.92390000 -0.00000000
vn 0.37970000 -0.92510000 -0.00030000
vn 0.24190000 -0.91390000 0.32610000
vn 0.13070000 -0.99140000 -0.00000000
vn -0.38270000 -0.92390000 0.00020000
vn -0.13360000 -0.99100000 -0.00030000
vn -0.32650000 -0.78820000 -0.52160000
vn -0.20010000 -0.96230000 0.18440000
vn -0.12840000 -0.99170000 0.00020000
vn -0.00000000 -0.00000000 1.00000000
vn 0.75020000 -0.43310000 -0.49970000
vn 0.73940000 0.09310000 -0.66680000
vn 0.69030000 -0.28490000 -0.66510000
vn 0.67990000 0.02980000 -0.73270000
vn 0.30540000 -0.73730000 -0.60260000
vn 0.41740000 -0.54390000 -0.72800000
vn 0.75020000 -0.43310000 -0.49970000
vn -0.00000000 -0.00000000 -1.00000000
vn -0.00000000 -0.00000000 1.00000000
vn -0.37280000 -0.92680000 0.04560000
vn -0.65670000 -0.75160000 -0.06150000
vn -0.60140000 -0.61640000 -0.50830000
vn -0.80140000 -0.59750000 0.02590000
vn -0.26080000 -0.63370000 -0.72830000
vn -0.59210000 -0.44610000 -0.67110000
vn -0.26080000 -0.63370000 -0.72830000
vn -0.60140000 -0.61640000 -0.50830000
vn -0.10420000 -0.79180000 -0.60180000
vn -0.00000000 -0.00000000 -1.00000000
vn -0.82970000 -0.55480000 0.06130000
vn -0.67710000 0.06550000 -0.73300000
vn -0.99460000 0.09460000 0.04280000
vn -0.72000000 0.03160000 -0.69320000
vn -0.54550000 -0.36850000 -0.75280000
vn -0.96370000 -0.26090000 -0.05720000
vn -0.74430000 -0.23490000 -0.62520000
vn -0.72000000 0.03160000 -0.69320000
vn -0.67710000 0.06550000 -0.73300000
vn -0.00000000 -0.00000000 -1.00000000
vn -0.67170000 0.34950000 -0.65320000
vn -0.00570000 0.75100000 -0.66030000
vn -0.00000000 -0.00000000 -1.00000000
vn -0.46670000 0.67970000 -0.56590000
vn -0.00000000 0.76220000 -0.64730000
vn -0.26870000 0.63500000 -0.72430000
vn -0.82180000 -0.56970000 -0.00000000
vn -0.00000000 -0.00000000 -1.00000000
vn -0.74810000 -0.66360000 -0.00000000
vn -0.82180000 -0.56970000 -0.00000000
vn -0.74810000 -0.66360000 -0.00000000
vn -0.00000000 -0.00000000 1.00000000
vn -0.00000000 -0.00000000 1.00000000
vn -0.88390000 -0.46760000 -0.00000000
vn -0.84200000 -0.53950000 -0.00000000
vn -0.88390000 -0.46760000 -0.00000000
vn -0.84200000 -0.53950000 -0.00000000
vn -0.00000000 -0.00000000 -1.00000000
vn -0.94930000 0.31430000 -0.00000000
vn -0.73160000 0.11040000 0.67280000
vn -0.66200000 0.21920000 0.71670000
vn -0.98880000 0.14920000 -0.00000000
vn -0.73160000 0.11040000 0.67280000
vn -0.99980000 -0.02030000 -0.00000000
vn -0.98880000 0.14920000 -0.00000000
vn -0.70090000 -0.01420000 0.71310000
vn -0.98880000 0.14920000 -0.00000000
vn -0.99980000 -0.02030000 -0.00000000
vn 0.00010000 -0.00000000 -1.00000000
vn -0.98190000 -0.18910000 -0.00000000
vn -0.70090000 -0.01420000 0.71310000
vn -0.71060000 -0.13690000 0.69010000
vn -0.99980000 -0.02030000 -0.00000000
vn -0.66580000 -0.04620000 0.74470000
vn -0.98190000 -0.18910000 -0.00000000
vn -0.93580000 -0.35260000 -0.00000000
vn 0.00010000 -0.00000000 -1.00000000
vn -0.76460000 -0.64450000 -0.00000000
vn -0.86260000 -0.50590000 -0.00000000
vn -0.55180000 -0.46510000 0.69230000
vn -0.60990000 -0.35760000 0.70720000
vn -0.40070000 -0.91620000 -0.00000000
vn -0.42950000 -0.90310000 -0.00080000
vn -0.54860000 -0.83610000 0.00220000
vn -0.50570000 -0.86270000 -0.00140000
vn -0.48480000 -0.87460000 -0.00000000
vn -0.38900000 -0.90710000 0.16060000
vn -0.36180000 -0.77880000 0.51250000
vn -0.40450000 -0.91450000 -0.00110000
vn -0.27790000 -0.96060000 -0.00000000
vn -0.38900000 -0.90710000 0.16060000
vn -0.44700000 -0.82100000 0.35520000
vn -0.46630000 -0.88460000 0.00100000
vn -0.47820000 -0.87820000 -0.00200000
vn -0.40450000 -0.91450000 -0.00110000
vn -0.47820000 -0.87820000 -0.00200000
vn -0.52640000 -0.85020000 0.00150000
vn -0.46630000 -0.88460000 0.00100000
vn -0.00000000 -0.00000000 1.00000000
vn -0.47820000 -0.87820000 -0.00200000
vn -0.54850000 -0.83610000 -0.00280000
vn -0.52640000 -0.85020000 0.00150000
vn -0.52510000 -0.83370000 0.17080000
vn -0.44700000 -0.82100000 0.35520000
vn -0.52800000 -0.80490000 0.27090000
vn -0.00000000 -0.00000000 1.00000000
vn -0.63770000 -0.77030000 0.00140000
vn -0.68460000 -0.72890000 -0.00000000
vn -0.67750000 -0.73550000 -0.00200000
vn -0.68460000 -0.72890000 -0.00000000
vn -0.73240000 -0.68080000 -0.00000000
vn -0.00000000 -0.00000000 1.00000000
vn -0.00000000 -0.00000000 1.00000000
vn -0.73700000 -0.67590000 -0.00160000
vn -0.78010000 -0.62570000 0.00140000
vn -0.73240000 -0.68080000 -0.00000000
vn -0.73700000 -0.67590000 -0.00160000
vn -0.73240000 -0.68080000 -0.00000000
vn -0.67750000 -0.73550000 -0.00200000
vn -0.48060000 -0.43920000 0.75900000
vn -0.67500000 -0.67130000 0.30600000
vn -0.44040000 -0.47940000 0.75910000
vn -0.67620000 -0.67760000 0.28920000
vn -0.68460000 -0.72890000 -0.00000000
vn -0.79240000 -0.60990000 -0.00270000
vn -0.82150000 -0.57020000 0.00180000
vn -0.79730000 -0.51070000 0.32180000
vn -0.75800000 -0.58340000 0.29180000
vn -0.84210000 -0.53940000 -0.00310000
vn -0.85910000 -0.51180000 0.00210000
vn -0.00000000 -0.00000000 1.00000000
vn -0.88540000 -0.46480000 -0.00260000
vn -0.89250000 -0.45110000 0.00050000
vn -0.89250000 -0.45110000 0.00050000
vn -0.92020000 -0.39150000 -0.00060000
vn -0.00000000 -0.00000000 1.00000000
vn -0.00000000 -0.00000000 1.00000000
vn -0.94510000 -0.32670000 0.00150000
vn -0.92020000 -0.39150000 -0.00060000
vn -0.92220000 -0.38680000 -0.00190000
vn -0.97230000 -0.23380000 -0.00150000
vn -0.98050000 -0.19640000 0.00110000
vn -0.00000000 -0.00000000 1.00000000
vn -0.96550000 -0.26050000 0.00090000
vn -0.94980000 -0.31300000 -0.00130000
vn -0.95090000 -0.30950000 -0.00000000
vn -0.00000000 -0.00000000 -1.00000000
vn -0.96550000 -0.26050000 0.00090000
vn -0.97230000 -0.23380000 -0.00150000
vn -0.95510000 -0.29630000 -0.00000000
vn -0.95090000 -0.30950000 -0.00000000
vn -0.92220000 -0.38680000 -0.00190000
vn -0.94980000 -0.31300000 -0.00130000
vn -0.92610000 -0.35160000 0.13690000
vn -0.94510000 -0.32670000 0.00150000
vn -0.88030000 -0.36920000 0.29790000
vn -0.00000000 -0.00000000 -1.00000000
vn -0.99690000 -0.07860000 -0.00130000
vn -0.98760000 -0.15670000 -0.00150000
vn -0.99180000 -0.12800000 0.00120000
vn -0.99830000 -0.05900000 0.00070000
vn -0.00000000 -0.00000000 1.00000000
vn -0.99180000 -0.12800000 0.00120000
vn -0.99690000 -0.07860000 -0.00130000
vn -1.00000000 0.00680000 -0.00000000
vn -0.99830000 -0.05900000 0.00070000
vn -0.00000000 -0.00000000 1.00000000
vn -1.00000000 -0.00000000 -0.00090000
vn -0.99710000 0.07610000 -0.00000000
vn -0.98940000 0.14500000 0.00030000
vn -0.99690000 0.07860000 -0.00040000
vn -0.00000000 -0.00000000 1.00000000
vn -0.00000000 -0.00000000 1.00000000
vn -0.95880000 0.28390000 0.00120000
vn -0.97700000 0.21330000 0.00100000
vn -0.97230000 0.23380000 -0.00130000
vn -0.95090000 0.30950000 -0.00000000
vn -0.00000000 -0.00000000 -1.00000000
vn -0.97230000 0.23380000 -0.00130000
vn -0.94930000 0.31450000 -0.00190000
vn -0.95880000 0.28390000 0.00120000
vn -0.85250000 0.52280000 -0.00230000
vn -0.83100000 0.42390000 0.36020000
vn -0.87780000 0.47910000 0.00210000
vn -0.89080000 0.45440000 -0.00250000
vn -0.83290000 0.51070000 0.21330000
vn -0.80890000 0.51180000 0.28940000
vn -0.84240000 0.53880000 0.00110000
vn -0.87780000 0.47910000 0.00210000
vn -0.85250000 0.52280000 -0.00230000
vn -0.00000000 -0.00000000 1.00000000
vn -0.79150000 0.57530000 0.20630000
vn -0.83290000 0.51070000 0.21330000
vn -0.85250000 0.52280000 -0.00230000
vn -0.80890000 0.58800000 -0.00140000
vn -0.84240000 0.53880000 0.00110000
vn -0.80890000 0.58800000 -0.00140000
vn -0.84240000 0.53880000 0.00110000
vn -0.00000000 -0.00000000 1.00000000
vn -0.80300000 0.59590000 0.00080000
vn -0.00000000 -0.00000000 1.00000000
vn -0.75980000 0.65010000 -0.00070000
vn -0.76030000 0.64950000 -0.00090000
vn -0.80300000 0.59590000 0.00080000
vn -0.71550000 0.69870000 0.00060000
vn -0.75980000 0.65010000 -0.00070000
vn -0.00000000 -0.00000000 1.00000000
vn -0.00000000 -0.00000000 1.00000000
vn -0.61200000 0.79090000 0.00170000
vn -0.55870000 0.82940000 0.00180000
vn -0.58800000 0.80890000 -0.00260000
vn -0.49980000 0.86610000 0.00200000
vn -0.55870000 0.82940000 0.00180000
vn -0.00000000 -0.00000000 1.00000000
vn -0.52280000 0.85250000 -0.00250000
vn -0.43860000 0.89870000 0.00110000
vn -0.45440000 0.89080000 -0.00220000
vn -0.49980000 0.86610000 0.00200000
vn -0.00000000 -0.00000000 1.00000000
vn -0.43860000 0.89870000 0.00110000
vn -0.38320000 0.92370000 -0.00130000
vn -0.00000000 -0.00000000 1.00000000
vn -0.37860000 0.92560000 -0.00020000
vn -0.31080000 0.95050000 -0.00050000
vn -0.24700000 0.96900000 0.00040000
vn -0.00000000 -0.00000000 -1.00000000
vn -0.30950000 0.95090000 -0.00000000
vn -0.23380000 0.97230000 -0.00120000
vn -0.23380000 0.97230000 -0.00120000
vn -0.00000000 -0.00000000 1.00000000
vn -0.24700000 0.96900000 0.00040000
vn -0.18270000 0.98320000 0.00090000
vn -0.00000000 -0.00000000 1.00000000
vn -0.07860000 0.99690000 -0.00150000
vn -0.05840000 0.99830000 -0.00000000
vn -0.11420000 0.99350000 0.00130000
vn -0.04510000 0.99880000 0.01880000
vn -0.05550000 0.99850000 0.00200000
vn 0.79950000 0.59830000 -0.05300000
vn -0.05550000 0.99850000 0.00200000
vn -0.00970000 0.99980000 -0.01510000
vn -0.04510000 0.99880000 0.01880000
vn 0.32000000 0.65140000 -0.68790000
vn -0.04510000 0.99880000 0.01880000
vn 0.02430000 0.99750000 0.06670000
vn -0.00970000 0.99980000 -0.01510000
vn -0.00000000 -0.00000000 1.00000000
vn 0.02430000 0.99750000 0.06670000
vn -0.40910000 0.64190000 -0.64850000
vn 0.03020000 0.99940000 0.01440000
vn 0.32000000 0.65140000 -0.68790000
vn -0.01220000 0.80040000 -0.59940000
vn -0.00970000 0.99980000 -0.01510000
vn 0.02430000 0.99750000 0.06670000
vn 0.07860000 0.99690000 -0.00120000
vn -0.00000000 -0.00000000 1.00000000
vn 0.04800000 0.99880000 0.00010000
vn 0.09720000 0.99530000 0.00090000
vn 0.03020000 0.99940000 0.01440000
vn 0.04850000 0.99880000 -0.00010000
vn 0.04850000 0.99880000 -0.00010000
vn -0.40910000 0.64190000 -0.64850000
vn 0.03020000 0.99940000 0.01440000
vn -0.81410000 0.57810000 0.05510000
vn 0.02790000 0.99960000 -0.00010000
vn 0.04800000 0.99880000 0.00010000
vn -0.00000000 -0.00000000 -1.00000000
vn -0.00000000 1.00000000 -0.00180000
vn 0.07860000 0.99690000 -0.00120000
vn 0.00980000 1.00000000 -0.00100000
vn 0.04800000 0.99880000 0.00010000
vn 0.02790000 0.99960000 -0.00010000
vn 0.04850000 0.99880000 -0.00010000
vn -0.81410000 0.57810000 0.05510000
vn -0.49500000 0.73150000 0.46890000
vn -0.00000000 -0.00000000 1.00000000
vn 0.15670000 0.98760000 -0.00100000
vn 0.16590000 0.98610000 0.00020000
vn 0.09720000 0.99530000 0.00090000
vn 0.23390000 0.97230000 -0.00020000
vn 0.30890000 0.95110000 0.00020000
vn -0.00000000 -0.00000000 -1.00000000
vn 0.23380000 0.97230000 -0.00020000
vn 0.30950000 0.95090000 -0.00000000
vn 0.30420000 0.95260000 -0.00120000
vn 0.36950000 0.92920000 0.00080000
vn -0.00000000 -0.00000000 1.00000000
vn 0.30950000 0.95090000 -0.00000000
vn 0.28670000 0.95800000 0.00320000
vn 0.30340000 0.95290000 -0.00000000
vn -0.00000000 -0.00000000 -1.00000000
vn 0.36950000 0.92920000 0.00080000
vn 0.43310000 0.90140000 0.00220000
vn 0.38680000 0.92220000 -0.00280000
vn -0.00000000 -0.00000000 1.00000000
vn 0.30370000 0.71970000 0.62440000
vn 0.50930000 0.77250000 0.37920000
vn 0.46480000 0.88540000 -0.00320000
vn 0.53940000 0.84210000 -0.00250000
vn 0.49440000 0.86920000 0.00170000
vn 0.51070000 0.79730000 0.32150000
vn 0.44160000 0.84110000 0.31230000
vn 0.38680000 0.92220000 -0.00280000
vn 0.43310000 0.90140000 0.00220000
vn 0.46480000 0.88540000 -0.00320000
vn 0.36810000 0.87760000 0.30700000
vn 0.44160000 0.84110000 0.31230000
vn -0.00000000 -0.00000000 1.00000000
vn 0.46480000 0.88540000 -0.00320000
vn 0.49440000 0.86920000 0.00170000
vn 0.43310000 0.90140000 0.00220000
vn 0.53940000 0.84210000 -0.00250000
vn 0.55050000 0.83480000 0.00030000
vn 0.51070000 0.79730000 0.32150000
vn 0.60990000 0.79250000 -0.00130000
vn 0.57110000 0.74200000 0.35130000
vn 0.60710000 0.79460000 -0.00040000
vn 0.73250000 0.68080000 -0.00000000
vn -0.00000000 -0.00000000 1.00000000
vn 0.68980000 0.72400000 -0.00000000
vn 0.67600000 0.73690000 -0.00310000
vn 0.65410000 0.75640000 0.00070000
vn 0.57110000 0.74200000 0.35130000
vn 0.63400000 0.69120000 0.34680000
vn 0.60990000 0.79250000 -0.00130000
vn 0.62330000 0.64750000 0.43850000
vn 0.48850000 0.70480000 0.51440000
vn -0.00000000 -0.00010000 1.00000000
vn -0.31580000 -0.75920000 -0.56910000
vn -0.76330000 -0.31590000 -0.56360000
vn -0.79500000 -0.60660000 0.00020000
vn -0.00020000 -0.00000000 1.00000000
vn -0.00060000 -0.00020000 1.00000000
vn -0.60800000 -0.79390000 0.00010000
vn -0.38270000 -0.92390000 -0.00000000
vn -0.38460000 -0.92310000 -0.00020000
vn -0.13300000 -0.99110000 -0.00010000
vn -0.31590000 -0.76250000 -0.56470000
vn 0.13070000 -0.99140000 -0.00000000
vn 0.13020000 -0.99150000 -0.00000000
vn 0.38270000 -0.92390000 -0.00010000
vn 0.31260000 -0.75800000 -0.57250000
vn 0.31490000 -0.76030000 -0.56810000
vn 0.47330000 -0.81740000 0.32850000
vn 0.38410000 -0.92330000 -0.00000000
vn 0.60850000 -0.79360000 0.00010000
vn 0.60700000 -0.79470000 -0.00000000
vn 0.79360000 -0.60850000 -0.00010000
vn 0.31490000 -0.76030000 -0.56810000
vn 0.60700000 -0.79470000 -0.00000000
vn 0.75570000 -0.31410000 -0.57460000
vn 0.31260000 -0.75800000 -0.57250000
vn -0.00050000 -0.00090000 1.00000000
vn 0.00160000 0.00010000 1.00000000
vn 0.60850000 -0.79360000 0.00010000
vn 0.00080000 -0.00100000 1.00000000
vn 0.00010000 -0.00020000 -1.00000000
vn 0.47330000 -0.81740000 0.32850000
vn 0.00010000 -0.00030000 -1.00000000
vn 0.81850000 -0.47120000 0.32870000
vn 0.00020000 -0.00010000 -1.00000000
vn 0.79360000 -0.60850000 -0.00010000
vn 0.79430000 -0.60750000 -0.00000000
vn 0.00010000 -0.00010000 -1.00000000
vn 0.60850000 -0.79360000 0.00010000
vn 0.92390000 -0.38270000 -0.00000000
vn 0.75840000 -0.31410000 -0.57110000
vn 0.75570000 -0.31410000 -0.57460000
vn 0.79430000 -0.60750000 -0.00000000
vn 0.79360000 -0.60850000 -0.00010000
vn 0.92380000 -0.38300000 -0.00000000
vn 0.75840000 -0.31410000 -0.57110000
vn 0.92390000 -0.38270000 -0.00000000
vn 0.99120000 -0.13220000 -0.00010000
vn 0.92390000 0.38270000 -0.00000000
vn 0.99140000 0.13050000 -0.00000000
vn 0.99110000 0.13310000 0.00020000
vn 0.76120000 0.31530000 -0.56670000
vn 0.00020000 0.00040000 -1.00000000
vn 0.00010000 -0.00000000 -1.00000000
vn 0.81890000 0.10620000 0.56400000
vn 0.92530000 0.37910000 -0.00030000
vn -0.00000000 0.00010000 -1.00000000
vn 0.79340000 0.60870000 0.00010000
vn 0.50630000 0.65070000 0.56590000
vn 0.82260000 0.10830000 0.55820000
vn 0.79420000 0.60770000 -0.00000000
vn -0.60650000 -0.79510000 -0.00020000
vn -0.65910000 -0.50570000 -0.55660000
vn -0.61340000 -0.78980000 0.00050000
vn -0.79330000 -0.60880000 -0.00010000
vn -0.38270000 -0.92390000 -0.00000000
vn -0.31590000 -0.76280000 0.56430000
vn -0.60650000 -0.79510000 -0.00020000
vn -0.61340000 -0.78980000 0.00050000
vn 0.24310000 -0.91280000 0.32810000
vn -0.31510000 -0.76190000 0.56590000
vn -0.13050000 -0.99140000 -0.00010000
vn 0.13090000 -0.99140000 -0.00000000
vn 0.00060000 -0.00040000 -1.00000000
vn -0.00020000 -0.00020000 -1.00000000
vn -0.00010000 -0.00020000 -1.00000000
vn -0.13210000 -0.99120000 -0.00000000
vn -0.13050000 -0.99140000 -0.00010000
vn -0.10630000 -0.80740000 -0.58030000
vn -0.38220000 -0.92410000 -0.00000000
vn -0.13210000 -0.99120000 -0.00000000
vn 0.13060000 -0.99140000 -0.00000000
vn 0.13090000 -0.99140000 -0.00000000
vn 0.38110000 -0.92450000 0.00020000
vn 0.24310000 -0.91280000 0.32810000
vn 0.60890000 -0.79320000 -0.00000000
vn -0.00000000 -0.00010000 -1.00000000
vn 0.38110000 -0.92450000 0.00020000
vn 0.60880000 -0.79340000 -0.00000000
vn 0.38520000 -0.92280000 -0.00010000
vn 0.00010000 -0.00000000 -1.00000000
vn 0.00060000 -0.00040000 -1.00000000
vn 0.24310000 -0.91280000 0.32810000
vn 0.66690000 -0.67040000 0.32530000
vn 0.50320000 -0.65580000 -0.56270000
vn 0.38520000 -0.92280000 -0.00010000
vn 0.60880000 -0.79340000 -0.00000000
vn -0.00000000 -0.00000000 -1.00000000
vn 0.66690000 -0.67040000 0.32530000
vn 0.00020000 0.00010000 -1.00000000
vn 0.00010000 -0.00000000 -1.00000000
vn 0.79140000 -0.61130000 -0.00030000
vn 0.92400000 -0.38230000 0.00010000
vn 0.92340000 -0.38370000 -0.00000000
vn 0.94440000 0.00240000 0.32880000
vn 0.99140000 0.13060000 -0.00000000
vn 0.99170000 -0.12860000 -0.00000000
vn 0.92400000 -0.38230000 0.00010000
vn 0.81880000 0.10830000 -0.56380000
vn 0.00210000 -0.00020000 1.00000000
vn -0.00010000 -0.00010000 1.00000000
vn 0.99190000 -0.12740000 0.00010000
vn 0.92340000 -0.38370000 -0.00000000
vn 0.00040000 -0.00000000 1.00000000
vn 0.41760000 -0.41610000 -0.80770000
vn -0.00000000 -0.00000000 1.00000000
vn 0.65130000 -0.49970000 -0.57110000
vn 0.82010000 0.10800000 -0.56200000
vn 0.82010000 0.10800000 -0.56200000
vn 0.99140000 0.13050000 -0.00000000
vn 0.99190000 -0.12740000 0.00010000
vn 0.99140000 0.13060000 -0.00000000
vn 0.99170000 -0.12860000 -0.00000000
vn 0.69600000 0.51450000 0.50100000
vn 0.79300000 0.60920000 -0.00000000
vn 0.51930000 0.67690000 -0.52160000
vn 0.79340000 0.60870000 -0.00000000
vn 0.60870000 0.79340000 -0.00000000
vn 0.65840000 0.50520000 0.55800000
vn 0.00210000 -0.00020000 1.00000000
vn 0.50050000 0.65050000 -0.57120000
vn 0.79340000 0.60870000 -0.00000000
vn 0.92480000 0.38040000 0.00020000
vn 0.79300000 0.60920000 -0.00000000
vn 0.81880000 0.10830000 -0.56380000
vn 0.00040000 0.00030000 1.00000000
vn 0.99140000 0.13050000 -0.00000000
vn 0.92240000 0.38630000 -0.00030000
vn 0.81880000 0.10830000 -0.56380000
vn 0.92480000 0.38040000 0.00020000
vn 0.82010000 0.10800000 -0.56200000
vn -0.47020000 -0.81850000 0.33020000
vn -0.60720000 -0.79450000 -0.00010000
vn -0.38260000 -0.92390000 -0.00000000
vn -0.60830000 -0.79370000 -0.00000000
vn -0.00000000 -0.00060000 1.00000000
vn -0.00010000 -0.00000000 1.00000000
vn 0.00010000 -0.00020000 1.00000000
vn -0.76270000 -0.31440000 -0.56520000
vn -0.31820000 -0.75980000 -0.56700000
vn -0.60720000 -0.79450000 -0.00010000
vn -0.79510000 -0.60650000 0.00010000
vn -0.60830000 -0.79370000 -0.00000000
vn -0.12630000 -0.99200000 -0.00030000
vn 0.13050000 -0.99140000 -0.00000000
vn -0.13530000 -0.99080000 0.00040000
vn 0.10840000 -0.82350000 0.55690000
vn 0.10840000 -0.82350000 0.55690000
vn 0.13060000 -0.99140000 -0.00000000
vn 0.13050000 -0.99140000 -0.00000000
vn 0.38270000 -0.92390000 -0.00000000
vn 0.08180000 -0.90600000 0.41530000
vn 0.32650000 -0.78820000 -0.52170000
vn 0.38270000 -0.92390000 -0.00000000
vn 0.13060000 -0.99140000 -0.00000000
vn 0.31110000 -0.76000000 -0.57060000
vn 0.31750000 -0.76650000 -0.55830000
vn 0.60520000 -0.79610000 0.00040000
vn 0.60870000 -0.79340000 -0.00000000
vn 0.47500000 -0.61910000 -0.62540000
vn 0.77070000 -0.59130000 -0.23720000
vn 0.79340000 -0.60870000 -0.00000000
vn 0.99150000 -0.13030000 0.00010000
vn -0.00000000 -0.00000000 1.00000000
vn 0.00020000 -0.00010000 1.00000000
vn 0.76280000 0.31590000 -0.56420000
vn 0.00150000 -0.00000000 1.00000000
vn 0.75970000 -0.31470000 -0.56900000
vn 0.99110000 0.13310000 0.00020000
vn 0.75560000 -0.31470000 -0.57440000
vn 0.99120000 -0.13210000 -0.00000000
vn 0.76120000 0.31590000 -0.56630000
vn 0.94610000 -0.00300000 0.32380000
vn 0.99120000 -0.13210000 -0.00000000
vn -0.00000000 -0.00000000 -1.00000000
vn 0.92390000 -0.38270000 -0.00010000
vn 0.00010000 -0.00010000 -1.00000000
vn 0.99150000 -0.13030000 0.00010000
vn 0.92330000 -0.38420000 -0.00000000
vn 0.81160000 -0.47570000 0.33920000
vn 0.99120000 -0.13210000 -0.00000000
vn 0.92390000 -0.38270000 -0.00010000
vn 0.75970000 -0.31470000 -0.56900000
vn 0.99150000 -0.13030000 0.00010000
vn 0.99190000 0.12670000 -0.00030000
vn 0.99110000 0.13310000 0.00020000
vn 0.94610000 -0.00300000 0.32380000
vn 0.99190000 0.12670000 -0.00030000
vn 0.99110000 0.13310000 0.00020000
vn 0.92390000 0.38270000 -0.00000000
vn 0.76280000 0.31590000 -0.56420000
vn -0.79340000 -0.60870000 -0.00000000
vn -0.79290000 -0.60930000 0.00010000
vn -0.50100000 -0.65290000 -0.56810000
vn -0.60870000 -0.79340000 -0.00000000
vn -0.50060000 -0.65170000 -0.56980000
vn -0.32650000 -0.78820000 -0.52160000
vn -0.38270000 -0.92390000 0.00020000
vn -0.60870000 -0.79340000 -0.00000000
vn -0.43230000 -0.56340000 -0.70400000
vn -0.38500000 -0.92290000 -0.00000000
vn -0.00010000 -0.00010000 -1.00000000
vn -0.00000000 -0.00000000 -1.00000000
vn -0.20010000 -0.96230000 0.18440000
vn -0.13360000 -0.99100000 -0.00030000
vn 0.13050000 -0.99140000 -0.00000000
vn 0.13070000 -0.99140000 -0.00000000
vn 0.24190000 -0.91390000 0.32610000
vn -0.13360000 -0.99100000 -0.00030000
vn -0.12840000 -0.99170000 0.00020000
vn 0.10730000 -0.81490000 -0.56960000
vn 0.13050000 -0.99140000 -0.00000000
vn 0.60690000 -0.79480000 -0.00000000
vn 0.37970000 -0.92510000 -0.00030000
vn 0.31610000 -0.76330000 -0.56340000
vn 0.38270000 -0.92390000 -0.00000000
vn 0.92360000 -0.38350000 -0.00030000
vn 0.81720000 -0.47210000 -0.33060000
vn 0.79360000 -0.60850000 -0.00000000
vn 0.79400000 -0.60800000 0.00010000
vn 0.00060000 0.00060000 1.00000000
vn 0.65570000 0.50310000 -0.56300000
vn 0.92250000 0.38600000 0.00030000
vn 0.64650000 0.50060000 -0.57580000
vn 0.94360000 0.00180000 -0.33110000
vn 0.00040000 -0.00100000 1.00000000
vn 0.00090000 0.00040000 1.00000000
vn 0.99140000 0.13050000 -0.00000000
vn 0.99150000 0.13010000 -0.00000000
vn 0.92250000 0.38600000 0.00030000
vn 0.99140000 0.13050000 -0.00000000
vn 0.82220000 0.10830000 0.55880000
vn 0.92540000 0.37900000 -0.00030000
vn 0.92540000 0.37900000 -0.00030000
vn 0.00010000 0.00010000 -1.00000000
vn 0.00040000 -0.00010000 -1.00000000
vn 0.67020000 0.66590000 0.32770000
vn 0.82220000 0.10830000 0.55880000
vn 0.59550000 0.00030000 0.80330000
vn 0.79330000 0.60880000 -0.00000000
vn 0.00020000 -0.00010000 -1.00000000
vn 0.92250000 0.38600000 0.00030000
vn 0.79330000 0.60880000 -0.00000000
vn 0.65570000 0.50310000 -0.56300000
vn 0.92540000 0.37900000 -0.00030000
vn 0.64650000 0.50060000 -0.57580000
vn 0.65570000 0.50310000 -0.56300000
vn 0.60860000 0.79350000 -0.00000000
vn 0.79330000 0.60880000 -0.00000000
vn 0.73940000 0.09310000 -0.66680000
vn 0.67990000 0.02980000 -0.73270000
vn 0.54600000 0.41210000 -0.72950000
vn 0.66930000 0.34830000 -0.65630000
vn 0.99200000 0.12390000 0.02410000
vn 0.97020000 0.24150000 -0.02200000
vn 0.80140000 0.59760000 0.02590000
vn 0.69030000 -0.28490000 -0.66510000
vn 0.73940000 0.09310000 -0.66680000
vn 0.95580000 -0.29250000 -0.02990000
vn 0.92520000 -0.37900000 0.01740000
vn 0.99200000 0.12390000 0.02410000
vn 0.60680000 -0.79480000 0.01340000
vn 0.00010000 0.00010000 -1.00000000
vn -0.00010000 -0.00000000 -1.00000000
vn 0.54500000 -0.83800000 -0.02710000
vn 0.95580000 -0.29250000 -0.02990000
vn 0.92520000 -0.37900000 0.01740000
vn 0.41740000 -0.54390000 -0.72800000
vn 0.60680000 -0.79480000 0.01340000
vn 0.75020000 -0.43310000 -0.49970000
vn 0.69030000 -0.28490000 -0.66510000
vn 0.92520000 -0.37900000 0.01740000
vn 0.13300000 -0.99090000 0.02200000
vn 0.09250000 -0.68170000 -0.72580000
vn 0.54500000 -0.83800000 -0.02710000
vn 0.60680000 -0.79480000 0.01340000
vn 0.41740000 -0.54390000 -0.72800000
vn 0.30540000 -0.73730000 -0.60260000
vn -0.37280000 -0.92680000 0.04560000
vn -0.10420000 -0.79180000 -0.60180000
vn -0.00760000 -0.99940000 -0.03510000
vn 0.09250000 -0.68170000 -0.72580000
vn 0.13300000 -0.99090000 0.02200000
vn -0.26080000 -0.63370000 -0.72830000
vn -0.67170000 0.34950000 -0.65320000
vn -0.99460000 0.09460000 0.04280000
vn -0.54600000 0.41780000 -0.72610000
vn -0.96220000 0.27130000 -0.02280000
vn -0.67710000 0.06550000 -0.73300000
vn -0.79350000 0.60810000 0.02390000
vn -0.40060000 0.91450000 0.05730000
vn -0.26870000 0.63500000 -0.72430000
vn -0.54600000 0.41780000 -0.72610000
vn -0.66570000 0.74460000 -0.04970000
vn -0.79350000 0.60810000 0.02390000
vn -0.46670000 0.67970000 -0.56590000
vn -0.97190000 -0.14590000 -0.18490000
vn -0.97970000 -0.11390000 -0.16510000
vn 0.14260000 -0.98980000 0.00270000
vn 0.18970000 -0.98180000 0.00080000
vn -0.00000000 -1.00000000 -0.00000000
vn -0.85390000 0.00080000 -0.52040000
vn 0.00620000 1.00000000 0.00680000
vn -0.81410000 0.57810000 0.05510000
vn -0.68230000 0.61450000 0.39600000
vn -0.01220000 0.80040000 -0.59940000
vn -0.40910000 0.64190000 -0.64850000
vn -0.49500000 0.73150000 0.46890000
vn 0.00980000 1.00000000 -0.00100000
vn 0.02790000 0.99960000 -0.00010000
vn -0.68230000 0.61450000 0.39600000
vn -0.49500000 0.73150000 0.46890000
vn -0.18280000 0.62320000 0.76040000
vn 0.00980000 1.00000000 -0.00100000
vn -0.18280000 0.62320000 0.76040000
vn -0.00670000 1.00000000 -0.00120000
vn -0.00000000 1.00000000 -0.00180000
vn 0.11300000 0.64300000 0.75750000
vn 0.00620000 1.00000000 0.00680000
vn -0.68230000 0.61450000 0.39600000
vn 0.47680000 0.75500000 0.45020000
vn -0.18280000 0.62320000 0.76040000
vn 0.11300000 0.64300000 0.75750000
vn -0.03080000 0.99950000 -0.00000000
vn 0.56710000 0.70860000 0.41980000
vn 0.11300000 0.64300000 0.75750000
vn -0.00670000 1.00000000 -0.00120000
vn 0.47680000 0.75500000 0.45020000
vn -0.05550000 0.99850000 0.00200000
vn 0.56710000 0.70860000 0.41980000
vn -0.03080000 0.99950000 -0.00000000
vn -0.05840000 0.99830000 -0.00000000
vn 0.79950000 0.59830000 -0.05300000
vn -0.00000000 -0.00000000 1.00000000
vn -0.08830000 0.70040000 0.70830000
vn -0.22340000 0.67460000 0.70360000
vn -0.23030000 0.66570000 0.70980000
vn -0.00010000 -0.00010000 1.00000000
vn 0.13530000 0.70230000 0.69890000
vn 0.01510000 0.74110000 0.67120000
vn 0.18910000 0.98190000 0.00410000
vn 0.15000000 0.98870000 -0.00310000
vn 0.02030000 0.99980000 0.00340000
vn 0.30440000 0.95250000 -0.00380000
vn 0.35260000 0.93580000 0.00470000
vn 0.13530000 0.70230000 0.69890000
vn 0.25300000 0.67150000 0.69650000
vn 0.17300000 0.64880000 0.74100000
vn 0.18910000 0.98190000 0.00410000
vn 0.58650000 0.81000000 -0.00450000
vn 0.36210000 0.61760000 0.69820000
vn 0.38280000 0.56830000 0.72830000
vn 0.64450000 0.76460000 0.00530000
vn 0.46500000 0.55170000 0.69240000
vn 0.50580000 0.86260000 0.00510000
vn -0.31580000 -0.75920000 -0.56910000
vn -0.31590000 -0.76250000 -0.56470000
vn -0.38270000 -0.92390000 -0.00000000
vn -0.60800000 -0.79390000 0.00010000
vn -0.60880000 -0.79340000 -0.00000000
vn -0.00060000 -0.00020000 1.00000000
vn 0.13070000 -0.99140000 -0.00000000
vn 0.00020000 -0.00050000 1.00000000
vn -0.12920000 -0.99160000 0.00020000
vn -0.13300000 -0.99110000 -0.00010000
vn -0.31580000 -0.75920000 -0.56910000
vn 0.31260000 -0.75800000 -0.57250000
vn -0.00050000 -0.00090000 1.00000000
vn -0.31590000 -0.76250000 -0.56470000
vn 0.31490000 -0.76030000 -0.56810000
vn 0.60700000 -0.79470000 -0.00000000
vn 0.38410000 -0.92330000 -0.00000000
vn 0.38270000 -0.92390000 -0.00010000
vn 0.76070000 0.31530000 -0.56730000
vn 0.75840000 -0.31410000 -0.57110000
vn 0.75570000 -0.31410000 -0.57460000
vn 0.00060000 -0.00010000 1.00000000
vn -0.00000000 0.00060000 1.00000000
vn 0.00050000 -0.00040000 1.00000000
vn 0.99110000 0.13310000 0.00020000
vn 0.76120000 0.31530000 -0.56670000
vn 0.99170000 -0.12890000 0.00010000
vn 0.99120000 -0.13220000 -0.00010000
vn 0.00160000 0.00010000 1.00000000
vn 0.92390000 0.38270000 -0.00000000
vn 0.79420000 0.60770000 -0.00000000
vn 0.92530000 0.37910000 -0.00030000
vn 0.76120000 0.31530000 -0.56670000
vn 0.76070000 0.31530000 -0.56730000
vn -0.65690000 0.50400000 -0.56080000
vn -0.92250000 0.38590000 0.00030000
vn -0.92400000 0.38230000 -0.00000000
vn -0.79340000 0.60880000 -0.00000000
vn -0.00030000 -0.00000000 1.00000000
vn -0.65690000 0.50400000 -0.56080000
vn -0.99240000 0.12280000 -0.00060000
vn 0.00020000 0.00050000 1.00000000
vn -0.92250000 0.38590000 0.00030000
vn -0.65180000 0.50270000 -0.56790000
vn -0.00030000 0.00030000 1.00000000
vn -0.94410000 0.00210000 -0.32960000
vn -0.99150000 0.13040000 -0.00000000
vn -0.00070000 0.00010000 1.00000000
vn -0.94410000 0.00210000 -0.32960000
vn -0.00030000 0.00030000 1.00000000
vn -0.99170000 -0.12840000 0.00020000
vn -0.92370000 -0.38320000 -0.00000000
vn -0.65490000 -0.49860000 -0.56790000
vn -0.00050000 -0.00030000 1.00000000
vn -0.92390000 -0.38270000 -0.00000000
vn -0.79420000 -0.60760000 -0.00000000
vn -0.79330000 -0.60880000 -0.00010000
vn -0.65910000 -0.50570000 -0.55660000
vn -0.92370000 -0.38320000 -0.00000000
vn -0.65490000 -0.49860000 -0.56790000
vn -0.61340000 -0.78980000 0.00050000
vn -0.38270000 -0.92390000 -0.00000000
vn -0.00070000 0.00010000 1.00000000
vn -0.10770000 -0.80990000 -0.57650000
vn -0.10630000 -0.80740000 -0.58030000
vn -0.00080000 -0.00070000 1.00000000
vn -0.00060000 -0.00080000 1.00000000
vn -0.65910000 -0.50570000 -0.55660000
vn -0.65490000 -0.49860000 -0.56790000
vn 0.00070000 -0.00060000 1.00000000
vn -0.38220000 -0.92410000 -0.00000000
vn -0.10630000 -0.80740000 -0.58030000
vn 0.13060000 -0.99140000 -0.00000000
vn -0.13050000 -0.99140000 -0.00010000
vn 0.13090000 -0.99140000 -0.00000000
vn -0.10770000 -0.80990000 -0.57650000
vn -0.00000000 -0.00030000 1.00000000
vn 0.41760000 -0.41610000 -0.80770000
vn 0.00040000 -0.00000000 1.00000000
vn -0.10770000 -0.80990000 -0.57650000
vn 0.50320000 -0.65580000 -0.56270000
vn 0.38520000 -0.92280000 -0.00010000
vn 0.38110000 -0.92450000 0.00020000
vn 0.13060000 -0.99140000 -0.00000000
vn 0.00070000 -0.00060000 1.00000000
vn 0.50320000 -0.65580000 -0.56270000
vn 0.41760000 -0.41610000 -0.80770000
vn 0.79340000 -0.60870000 -0.00000000
vn 0.60890000 -0.79320000 -0.00000000
vn 0.65130000 -0.49970000 -0.57110000
vn 0.60880000 -0.79340000 -0.00000000
vn -0.31830000 -0.76840000 -0.55530000
vn -0.31820000 -0.75980000 -0.56700000
vn -0.60830000 -0.79370000 -0.00000000
vn -0.38260000 -0.92390000 -0.00000000
vn -0.38270000 -0.92390000 -0.00000000
vn -0.13530000 -0.99080000 0.00040000
vn -0.12630000 -0.99200000 -0.00030000
vn -0.31830000 -0.76840000 -0.55530000
vn -0.38270000 -0.92390000 -0.00000000
vn -0.00040000 -0.00060000 1.00000000
vn -0.31830000 -0.76840000 -0.55530000
vn 0.31110000 -0.76000000 -0.57060000
vn -0.31820000 -0.75980000 -0.56700000
vn 0.13060000 -0.99140000 -0.00000000
vn 0.00010000 -0.00020000 1.00000000
vn -0.00000000 -0.00000000 1.00000000
vn 0.00010000 -0.00010000 1.00000000
vn 0.13050000 -0.99140000 -0.00000000
vn -0.13530000 -0.99080000 0.00040000
vn -0.00000000 -0.00010000 1.00000000
vn 0.31750000 -0.76650000 -0.55830000
vn 0.60520000 -0.79610000 0.00040000
vn 0.38270000 -0.92390000 -0.00000000
vn 0.60870000 -0.79340000 -0.00000000
vn 0.31750000 -0.76650000 -0.55830000
vn 0.79340000 -0.60870000 -0.00000000
vn 0.75560000 -0.31470000 -0.57440000
vn 0.31110000 -0.76000000 -0.57060000
vn 0.00150000 -0.00000000 1.00000000
vn -0.00040000 -0.00060000 1.00000000
vn 0.60520000 -0.79610000 0.00040000
vn 0.79360000 -0.60850000 -0.00000000
vn 0.92330000 -0.38420000 -0.00000000
vn 0.79360000 -0.60850000 -0.00000000
vn 0.75970000 -0.31470000 -0.56900000
vn 0.75560000 -0.31470000 -0.57440000
vn 0.92390000 -0.38270000 -0.00010000
vn 0.92390000 0.38270000 -0.00000000
vn 0.76280000 0.31590000 -0.56420000
vn 0.79430000 0.60760000 -0.00020000
vn 0.76120000 0.31590000 -0.56630000
vn 0.92380000 0.38280000 -0.00000000
vn -0.60870000 -0.79340000 -0.00000000
vn -0.50100000 -0.65290000 -0.56810000
vn -0.38500000 -0.92290000 -0.00000000
vn -0.50100000 -0.65290000 -0.56810000
vn 0.10730000 -0.81490000 -0.56960000
vn -0.00030000 0.00050000 1.00000000
vn 0.15150000 -0.56970000 -0.80770000
vn -0.00040000 -0.00040000 1.00000000
vn -0.12840000 -0.99170000 0.00020000
vn -0.38500000 -0.92290000 -0.00000000
vn -0.50060000 -0.65170000 -0.56980000
vn 0.00070000 -0.00010000 1.00000000
vn -0.38270000 -0.92390000 0.00020000
vn 0.13050000 -0.99140000 -0.00000000
vn 0.38270000 -0.92390000 -0.00000000
vn 0.31610000 -0.76330000 -0.56340000
vn 0.10730000 -0.81490000 -0.56960000
vn 0.15150000 -0.56970000 -0.80770000
vn 0.13070000 -0.99140000 -0.00000000
vn -0.00000000 -0.00000000 1.00000000
vn 0.15150000 -0.56970000 -0.80770000
vn 0.00010000 0.00010000 1.00000000
vn 0.00070000 -0.00010000 1.00000000
vn 0.79360000 -0.60850000 -0.00000000
vn 0.60690000 -0.79480000 -0.00000000
vn 0.81720000 -0.47210000 -0.33060000
vn 0.31610000 -0.76330000 -0.56340000
vn 0.60900000 -0.79320000 0.00020000
vn 0.00040000 -0.00100000 1.00000000
vn 0.81720000 -0.47210000 -0.33060000
vn 0.94360000 0.00180000 -0.33110000
vn 0.92540000 -0.37900000 0.00010000
vn 0.99160000 -0.12910000 0.00010000
vn 0.00040000 -0.00100000 1.00000000
vn 0.92360000 -0.38350000 -0.00030000
vn 0.94360000 0.00180000 -0.33110000
vn 0.99160000 -0.12910000 0.00010000
vn 0.99150000 0.13010000 -0.00000000
vn 0.99140000 -0.13050000 -0.00000000
vn 0.54360000 -0.72190000 0.42810000
vn -0.74450000 -0.54430000 -0.38650000
vn -0.17620000 -0.86930000 -0.46180000
vn -0.30910000 0.67200000 0.67300000
vn 0.15080000 -0.98850000 0.00690000
vn -0.79260000 -0.54480000 -0.27390000
vn -0.79260000 0.24640000 0.55780000
vn 0.29310000 -0.53490000 0.79250000
vn -0.74450000 -0.54430000 -0.38650000
vn 0.54360000 -0.72190000 0.42810000
vn 0.76870000 0.31150000 -0.55860000
vn -0.00000000 -1.00000000 -0.00000000
vn 0.96110000 -0.00000000 0.27620000
vn 1.00000000 -0.00020000 -0.00000000
vn 0.78010000 -0.45510000 0.42930000
vn 1.00000000 -0.00000000 -0.00000000
vn 0.78880000 0.59140000 0.16750000
vn 0.91800000 0.22060000 -0.32950000
vn -0.82260000 0.54110000 -0.17460000
vn 1.00000000 -0.00020000 -0.00000000
vn 0.00010000 -0.00270000 -1.00000000
vn -0.00000000 -1.00000000 -0.00000000
vn -0.82260000 0.54110000 -0.17460000
vn 0.21030000 0.64970000 -0.73050000
vn 0.78880000 0.59140000 0.16750000
vn -0.00000000 -1.00000000 -0.00000000
vn 0.82270000 0.54100000 0.17450000
vn 0.01510000 -0.28660000 0.95790000
vn -0.21010000 0.65060000 0.72980000
vn -1.00000000 -0.00020000 -0.00000000
vn -0.00000000 -0.00090000 1.00000000
vn -1.00000000 -0.00130000 -0.00010000
vn -0.78890000 0.59130000 -0.16730000
vn 0.41250000 0.49140000 -0.76700000
vn -0.79260000 -0.54480000 -0.27390000
vn 0.15080000 -0.98850000 0.00690000
vn 0.15080000 -0.98850000 0.00690000
vn 0.38950000 0.38590000 -0.83630000
vn 0.23200000 -0.58860000 0.77440000
vn 0.29310000 -0.53490000 0.79250000
vn 0.41250000 0.49140000 -0.76700000
vn -0.17440000 0.54080000 0.82290000
vn -0.32950000 0.22060000 -0.91800000
vn 0.16720000 0.59130000 -0.78900000
vn -0.00060000 -1.00000000 0.00030000
vn -0.73000000 0.65030000 -0.21020000
vn 0.16720000 0.59130000 -0.78900000
vn -0.32950000 0.22060000 -0.91800000
vn -0.00010000 -1.00000000 -0.00030000
vn 0.00030000 -1.00000000 -0.00030000
vn -1.00000000 -0.00130000 -0.00010000
vn 0.00010000 -0.00270000 -1.00000000
vn -0.00000000 -0.00060000 -1.00000000
vn 0.16720000 0.59130000 -0.78900000
vn -0.73000000 0.65030000 -0.21020000
vn -0.17440000 0.54080000 0.82290000
vn -0.00000000 -1.00000000 -0.00000000
vn -0.00000000 -0.00060000 -1.00000000
vn 0.00030000 -1.00000000 -0.00030000
vn -0.17440000 0.54080000 0.82290000
vn -0.00000000 -1.00000000 -0.00000000
vn -0.32950000 0.22060000 -0.91800000
vn -0.00040000 -1.00000000 -0.00030000
vn 0.00010000 -0.00270000 -1.00000000
vn -0.00000000 -0.00060000 -1.00000000
vn -0.00000000 -1.00000000 -0.00000000
vn 0.21030000 0.64970000 -0.73050000
vn 0.32950000 0.22060000 0.91800000
vn -0.00000000 -1.00000000 -0.00000000
vn 0.78010000 -0.45510000 0.42930000
vn 0.01510000 -0.28660000 0.95790000
vn -0.00040000 -1.00000000 0.00030000
vn -0.00000000 -0.00090000 1.00000000
vn -0.00000000 -1.00000000 -0.00000000
vn 0.32950000 0.22060000 0.91800000
vn 0.01510000 -0.28660000 0.95790000
vn -0.78890000 0.59130000 -0.16730000
vn -0.91800000 0.22070000 0.32950000
vn 0.82270000 0.54100000 0.17450000
vn -0.00000000 -0.00000000 1.00000000
vn -0.00020000 0.00010000 1.00000000
vn -0.10330000 -0.70120000 0.70550000
vn -0.24380000 -0.67820000 0.69330000
vn -0.16420000 -0.66920000 0.72470000
vn -0.22780000 -0.66310000 0.71300000
vn -0.09450000 -0.71610000 0.69160000
vn 0.00210000 0.00050000 -1.00000000
vn 0.70180000 0.09230000 0.70630000
vn 0.68720000 0.16860000 0.70660000
vn 0.70150000 0.09260000 0.70660000
vn 0.42700000 -0.53630000 0.72810000
vn 0.57200000 -0.41410000 0.70810000
vn -0.00160000 -0.00010000 1.00000000
vn -0.00080000 0.00100000 1.00000000
vn 0.51160000 -0.51160000 0.69040000
vn 0.56990000 -0.38280000 0.72710000
vn -0.00050000 0.00040000 1.00000000
vn 0.66600000 0.23890000 0.70670000
vn 0.68720000 0.16860000 0.70660000
vn 0.00210000 0.00050000 -1.00000000
vn -0.00000000 -0.00000000 1.00000000
vn 0.00010000 -0.00010000 1.00000000
vn 0.66220000 0.23390000 0.71190000
vn -0.00000000 -0.00010000 1.00000000
vn 0.26710000 -0.18860000 0.94500000
vn 0.40220000 -0.29990000 0.86500000
vn 0.15790000 -0.06960000 0.98500000
vn 0.69780000 -0.18530000 0.69190000
vn 0.70180000 0.09230000 0.70630000
vn 0.00210000 0.00050000 -1.00000000
vn 0.00010000 -0.00010000 1.00000000
vn -0.16400000 0.66830000 0.72560000
vn -0.24670000 0.67580000 0.69460000
vn -0.10440000 0.70020000 0.70630000
vn -0.09460000 0.71710000 0.69050000
vn -0.00000000 -0.00000000 1.00000000
vn -0.23030000 0.66570000 0.70980000
vn 0.13530000 0.70230000 0.69890000
vn -0.00000000 -0.00030000 1.00000000
vn 0.01510000 0.74110000 0.67120000
vn -0.00010000 -0.00010000 1.00000000
vn 0.00040000 -0.00000000 1.00000000
vn -0.10240000 0.67850000 0.72740000
vn -0.08830000 0.70040000 0.70830000
vn 0.17300000 0.64880000 0.74100000
vn 0.70690000 0.01440000 0.70710000
vn 0.65860000 -0.21800000 0.72020000
vn 0.65600000 -0.21920000 0.72220000
vn -0.00000000 -0.00000000 1.00000000
vn 0.00020000 0.00050000 1.00000000
vn 0.73280000 -0.11060000 0.67140000
vn 0.67440000 0.04520000 0.73700000
vn -0.00030000 -0.00000000 1.00000000
vn 0.36210000 0.61760000 0.69820000
vn -0.00060000 -0.00080000 1.00000000
vn 0.25300000 0.67150000 0.69650000
vn 0.38280000 0.56830000 0.72830000
vn 0.17300000 0.64880000 0.74100000
vn 0.00070000 -0.00060000 1.00000000
vn -0.00000000 -0.00030000 1.00000000
vn -0.34350000 0.23920000 0.90820000
vn -0.00000000 -0.00000000 1.00000000
vn -0.00030000 0.00030000 1.00000000
vn -0.22030000 0.20790000 0.95300000
vn -0.15700000 0.13880000 0.97780000
vn -0.11600000 0.20910000 0.97100000
vn 0.00060000 -0.00000000 1.00000000
vn -0.58500000 0.35110000 0.73110000
vn -0.02390000 0.67570000 0.73680000
vn -0.00060000 -0.00020000 1.00000000
vn -0.24450000 0.63960000 0.72880000
vn -0.10820000 0.71270000 0.69310000
vn 0.00020000 -0.00050000 1.00000000
vn -0.21700000 0.67880000 0.70150000
vn -0.00000000 -0.00010000 1.00000000
vn -0.00020000 -0.00050000 1.00000000
vn -0.00000000 -0.00000000 1.00000000
vn 0.00260000 -0.00190000 1.00000000
vn -0.13860000 0.17430000 0.97490000
vn -0.00030000 0.00030000 1.00000000
vn -0.22030000 0.20790000 0.95300000
vn -0.21270000 0.29930000 0.93010000
vn -0.02390000 0.67570000 0.73680000
vn -0.00020000 -0.00000000 1.00000000
vn -0.00000000 -0.00010000 1.00000000
vn 0.12110000 0.73200000 0.67040000
vn 0.00570000 0.70520000 0.70900000
vn -0.00000000 -0.00000000 1.00000000
vn 0.22780000 0.66310000 0.71300000
vn -0.32590000 0.64470000 0.69150000
vn -0.24450000 0.63960000 0.72880000
vn -0.41620000 0.57480000 0.70460000
vn 0.00080000 -0.00100000 1.00000000
vn 0.00020000 -0.00050000 1.00000000
vn -0.42700000 0.53630000 0.72810000
vn -0.00050000 -0.00090000 1.00000000
vn 0.22780000 0.66310000 0.71300000
vn 0.09450000 0.71610000 0.69160000
vn 0.16420000 0.66920000 0.72470000
vn 0.10160000 0.70400000 0.70290000
vn -0.00000000 -0.00000000 1.00000000
vn 0.24380000 0.67820000 0.69330000
vn 0.00260000 -0.00190000 1.00000000
vn -0.14760000 -0.18780000 0.97100000
vn -0.00000000 0.00020000 1.00000000
vn -0.00010000 -0.00010000 1.00000000
vn -0.00000000 -0.00000000 1.00000000
vn -0.12120000 -0.19980000 0.97230000
vn -0.07660000 -0.11700000 0.99020000
vn -0.45040000 -0.53430000 0.71530000
vn -0.37550000 -0.64040000 0.67000000
vn -0.24830000 -0.65900000 0.70990000
vn 0.00010000 0.00030000 1.00000000
vn 0.00060000 0.00070000 1.00000000
vn -0.00050000 0.00090000 1.00000000
vn -0.45200000 -0.49620000 0.74120000
vn -0.21060000 -0.64090000 0.73820000
vn -0.85430000 0.00310000 0.51970000
vn -0.00040000 -1.00000000 -0.00030000
vn -0.00020000 -1.00000000 0.00030000
vn -0.56990000 -0.26310000 0.77850000
vn -0.00030000 -1.00000000 0.00020000
vn 0.00020000 -1.00000000 0.00010000
vn -0.78890000 0.59130000 -0.16730000
vn -0.21010000 0.65060000 0.72980000
vn -0.00040000 -1.00000000 -0.00030000
vn 0.00040000 -1.00000000 0.00040000
vn -0.91800000 0.22070000 0.32950000
vn -0.00020000 -1.00000000 0.00030000
vn 0.29310000 -0.53490000 0.79250000
vn 0.00080000 -1.00000000 -0.00030000
vn -0.00030000 -1.00000000 -0.00060000
vn -0.00030000 -1.00000000 0.00020000
vn -0.79260000 0.24640000 0.55780000
vn 0.23200000 -0.58860000 0.77440000
vn 0.00020000 -1.00000000 0.00010000
vn -1.00000000 -0.00020000 -0.00000000
vn 0.82270000 0.54100000 0.17450000
vn 0.00020000 -1.00000000 0.00010000
vn -0.91800000 0.22070000 0.32950000
vn 0.00080000 -1.00000000 -0.00030000
vn -0.00000000 -1.00000000 -0.00000000
vn -0.00040000 -1.00000000 -0.00030000
vn -0.85380000 -0.00010000 -0.52050000
vn -0.85390000 0.00080000 -0.52040000
vn -0.00000000 -1.00000000 -0.00000000
vn -0.97970000 -0.11390000 -0.16510000
vn -0.00000000 1.00000000 -0.00000000
vn -0.00000000 -1.00000000 -0.00000000
vn 0.81530000 -0.26600000 -0.51430000
vn 0.38950000 0.38590000 -0.83630000
vn 0.25500000 -0.19710000 0.94670000
vn 0.55710000 0.29860000 0.77490000
vn 0.23200000 -0.58860000 0.77440000
vn 0.00080000 -1.00000000 -0.00030000
vn -0.00000000 -1.00000000 -0.00000000
vn -0.21010000 0.65060000 0.72980000
vn 0.00040000 -1.00000000 0.00040000
vn -0.00000000 -0.00090000 1.00000000
vn -1.00000000 -0.00020000 -0.00000000
vn -0.00000000 -1.00000000 -0.00000000
vn -1.00000000 -0.00130000 -0.00010000
vn -0.73000000 0.65030000 -0.21020000
vn -0.00060000 -1.00000000 0.00030000
vn 0.00060000 -1.00000000 -0.00030000
vn 0.00010000 -1.00000000 0.00030000
vn -0.00040000 -1.00000000 0.00030000
vn 0.32950000 0.22060000 0.91800000
vn 0.78010000 -0.45510000 0.42930000
vn 0.96110000 -0.00000000 0.27620000
vn -0.00040000 -1.00000000 0.00030000
vn 0.27390000 -0.00000000 0.96170000
vn 0.00010000 -1.00000000 0.00030000
vn -0.00000000 -1.00000000 -0.00000000
vn -0.00000000 -0.00000000 1.00000000
vn 0.37540000 -0.16980000 0.91120000
vn -0.45970000 -0.15010000 -0.87530000
vn -0.00060000 -1.00000000 0.00030000
vn -0.00000000 -1.00000000 -0.00000000
vn -0.85380000 -0.00010000 -0.52050000
vn -0.00010000 -1.00000000 -0.00030000
vn -0.00010000 -1.00000000 -0.00030000
vn -0.00000000 -1.00000000 -0.00000000
vn 0.00030000 -1.00000000 -0.00030000
vn -0.00000000 -0.00030000 -1.00000000
vn -0.26200000 0.09730000 -0.96010000
vn -0.45970000 -0.15010000 -0.87530000
vn 0.96110000 -0.00000000 0.27620000
vn -0.00000000 -1.00000000 -0.00000000
vn 0.00060000 -1.00000000 -0.00030000
vn 1.00000000 -0.00000000 -0.00000000
vn -0.00000000 1.00000000 -0.00000000
vn -0.90720000 0.29180000 -0.30320000
vn -0.24550000 -0.35300000 -0.90280000
vn -0.30910000 0.67200000 0.67300000
vn -0.79280000 -0.28000000 0.54130000
vn -0.00000000 -1.00000000 -0.00000000
vn -0.17620000 -0.86930000 -0.46180000
vn -0.30910000 0.67200000 0.67300000
vn 0.35690000 -0.01430000 0.93400000
vn 0.54360000 -0.72190000 0.42810000
vn -0.00000000 1.00000000 0.00010000
vn 0.98510000 -0.00970000 -0.17180000
vn -0.00000000 -1.00000000 -0.00000000
vn 0.76870000 0.31150000 -0.55860000
vn -0.00000000 1.00000000 -0.00020000
vn 0.85390000 0.00040000 0.52040000
vn 0.00060000 -1.00000000 -0.00030000
vn -0.00000000 -1.00000000 -0.00000000
vn 0.37540000 -0.16980000 0.91120000
vn 0.00010000 -1.00000000 0.00030000
vn -0.82260000 0.54110000 -0.17460000
vn -0.00000000 -1.00000000 -0.00000000
vn 0.00060000 -1.00000000 0.00020000
vn 0.91800000 0.22060000 -0.32950000
vn 1.00000000 -0.00020000 -0.00000000
vn 1.00000000 -0.00000000 -0.00000000
vn 0.76870000 0.31150000 -0.55860000
vn -0.17620000 -0.86930000 -0.46180000
vn -0.00000000 -1.00000000 -0.00000000
vn -0.74450000 -0.54430000 -0.38650000
vn 0.91800000 0.22060000 -0.32950000
vn 0.21030000 0.64970000 -0.73050000
vn -0.00040000 -1.00000000 -0.00030000
vn 0.78880000 0.59140000 0.16750000
vn 0.00010000 -1.00000000 -0.00030000
vn 0.00060000 -1.00000000 0.00020000
vn 0.26160000 -0.08310000 -0.96160000
vn 0.70890000 0.15880000 -0.68720000
vn 0.00060000 -1.00000000 0.00020000
vn 0.00010000 -1.00000000 -0.00030000
vn 0.85370000 -0.00650000 -0.52070000
vn -0.00000000 -1.00000000 -0.00000000
vn -0.00000000 -1.00000000 -0.00000000
vn -0.45970000 -0.15010000 -0.87530000
vn -0.26200000 0.09730000 -0.96010000
vn -0.85390000 0.00080000 -0.52040000
vn -0.85380000 -0.00010000 -0.52050000
vn 0.97240000 0.08840000 -0.21590000
vn 0.85370000 -0.00650000 -0.52070000
vn -0.00000000 -1.00000000 -0.00000000
vn 0.99720000 -0.07210000 0.01900000
vn 0.85410000 -0.00220000 -0.52010000
vn 0.18480000 -0.00000000 -0.98280000
vn -0.00000000 -1.00000000 -0.00000000
vn 0.26160000 -0.08310000 -0.96160000
vn 0.70890000 0.15880000 -0.68720000
vn -0.00000000 -1.00000000 -0.00000000
vn -0.26200000 0.09730000 -0.96010000
vn -0.00000000 -0.00000000 -1.00000000
vn -0.00000000 -0.00030000 -1.00000000
vn -0.00000000 -1.00000000 -0.00000000
vn 0.18480000 -0.00000000 -0.98280000
vn -0.00000000 -0.00000000 -1.00000000
vn 0.26160000 -0.08310000 -0.96160000
vn 0.00010000 -1.00000000 -0.00030000
vn 0.18480000 -0.00000000 -0.98280000
vn -0.00000000 -0.00030000 -1.00000000
vn -0.00000000 -1.00000000 -0.00000000
vn -0.00000000 -0.00000000 -1.00000000
vn -0.00040000 -1.00000000 -0.00030000
vn -0.96220000 0.27130000 -0.02280000
vn -0.00000000 -0.00000000 -1.00000000
vn -0.96370000 -0.26090000 -0.05720000
vn -0.99460000 0.09460000 0.04280000
vn -0.66570000 0.74460000 -0.04970000
vn -0.96220000 0.27130000 -0.02280000
vn -0.00000000 -0.00000000 -1.00000000
vn -0.79350000 0.60810000 0.02390000
vn -0.40060000 0.91450000 0.05730000
vn -0.66570000 0.74460000 -0.04970000
vn -0.00360000 1.00000000 -0.00850000
vn -0.00390000 1.00000000 -0.00820000
vn -0.00000000 -0.00000000 -1.00000000
vn 0.50340000 0.86390000 -0.01350000
vn -0.00000000 -0.00000000 -1.00000000
vn 0.00010000 -0.00000000 -1.00000000
vn 0.43990000 0.89770000 0.02620000
vn -0.00390000 1.00000000 -0.00820000
vn 0.99820000 -0.05290000 -0.02660000
vn 0.79790000 -0.60280000 0.01020000
vn -0.00040000 -0.00010000 -1.00000000
vn -0.00010000 0.00010000 -1.00000000
vn 0.00010000 -0.00000000 -1.00000000
vn -0.00000000 -0.00000000 -1.00000000
vn 0.75440000 -0.65600000 -0.02570000
vn 0.99170000 -0.12830000 0.01300000
vn 0.97020000 0.24150000 -0.02200000
vn -0.00000000 -0.00000000 -1.00000000
vn 0.69040000 0.72220000 -0.04320000
vn -0.00010000 -0.00010000 -1.00000000
vn 0.80140000 0.59760000 0.02590000
vn -0.00010000 -0.00010000 -1.00000000
vn 0.97020000 0.24150000 -0.02200000
vn 0.99200000 0.12390000 0.02410000
vn 0.95580000 -0.29250000 -0.02990000
vn 0.00010000 0.00010000 -1.00000000
vn 0.54500000 -0.83800000 -0.02710000
vn 0.13300000 -0.99090000 0.02200000
vn -0.00010000 -0.00000000 -1.00000000
vn -0.00000000 -0.00000000 -1.00000000
vn -0.00760000 -0.99940000 -0.03510000
vn -0.65670000 -0.75160000 -0.06150000
vn -0.00760000 -0.99940000 -0.03510000
vn -0.00000000 -0.00000000 -1.00000000
vn -0.37280000 -0.92680000 0.04560000
vn -0.95580000 0.29250000 -0.02990000
vn -0.97020000 -0.24140000 -0.02200000
vn -0.99200000 -0.12390000 0.02410000
vn 0.00020000 -0.00020000 -1.00000000
vn -0.00010000 0.00010000 -1.00000000
vn 0.13050000 0.99140000 -0.00000000
vn 0.10860000 0.82480000 -0.55490000
vn 0.38250000 0.92400000 -0.00000000
vn 0.37720000 0.92610000 0.00050000
vn -0.38270000 0.92390000 -0.00000000
vn -0.60880000 0.79330000 -0.00000000
vn -0.47360000 0.81620000 -0.33090000
vn -0.38410000 0.92330000 0.00010000
vn -0.38410000 0.92330000 0.00010000
vn -0.47360000 0.81620000 -0.33090000
vn 0.10460000 0.81770000 -0.56600000
vn 0.00010000 0.00030000 1.00000000
vn -0.12990000 0.99150000 -0.00010000
vn -0.13230000 0.99120000 -0.00000000
vn -0.00070000 -0.00000000 1.00000000
vn -0.00050000 0.00090000 1.00000000
vn -0.91270000 -0.24450000 -0.32730000
vn -0.99150000 -0.13010000 -0.00000000
vn -0.92440000 -0.38140000 -0.00010000
vn -0.99130000 -0.13160000 0.00010000
vn 0.38170000 0.92430000 0.00010000
vn 0.31590000 0.76250000 -0.56470000
vn 0.38270000 0.92390000 -0.00000000
vn 0.13310000 0.99110000 -0.00030000
vn 0.31590000 0.76250000 -0.56470000
vn -0.31260000 0.75800000 -0.57250000
vn -0.00020000 0.00050000 1.00000000
vn 0.31580000 0.76020000 -0.56770000
vn 0.00050000 0.00090000 1.00000000
vn 0.13310000 0.99110000 -0.00030000
vn -0.13070000 0.99140000 -0.00000000
vn 0.00060000 0.00020000 1.00000000
vn 0.12650000 0.99200000 0.00020000
vn -0.13070000 0.99140000 -0.00000000
vn -0.13050000 0.99140000 -0.00000000
vn -0.38270000 0.92390000 -0.00000000
vn -0.31490000 0.76030000 -0.56810000
vn -0.31260000 0.75800000 -0.57250000
vn -0.31490000 0.76030000 -0.56810000
vn -0.38280000 0.92380000 -0.00000000
vn -0.60690000 0.79480000 -0.00020000
vn -0.38270000 0.92390000 -0.00000000
vn -0.00080000 0.00100000 1.00000000
vn -0.00160000 -0.00010000 1.00000000
vn -0.60690000 0.79480000 -0.00020000
vn -0.61040000 0.79210000 0.00020000
vn 0.00050000 0.00090000 1.00000000
vn -0.79360000 0.60850000 -0.00000000
vn -0.31260000 0.75800000 -0.57250000
vn -0.75600000 0.31460000 -0.57400000
vn -0.31490000 0.76030000 -0.56810000
vn -0.75960000 0.31460000 -0.56920000
vn -0.99120000 0.13210000 -0.00000000
vn -0.92390000 0.38270000 -0.00000000
vn -0.75890000 -0.31430000 -0.57040000
vn -0.99130000 -0.13190000 -0.00000000
vn -0.92390000 -0.38270000 -0.00000000
vn -0.75890000 -0.31430000 -0.57040000
vn -0.76270000 -0.31440000 -0.56520000
vn -0.79510000 -0.60650000 0.00010000
vn -0.92390000 -0.38270000 -0.00000000
vn -0.79450000 -0.60730000 -0.00000000
vn 0.79340000 -0.60870000 -0.00000000
vn 0.65130000 -0.49970000 -0.57110000
vn 0.92340000 -0.38370000 -0.00000000
vn 0.79140000 -0.61130000 -0.00030000
vn 0.50130000 0.65330000 -0.56740000
vn 0.60870000 0.79340000 -0.00000000
vn 0.50050000 0.65050000 -0.57120000
vn 0.79300000 0.60920000 -0.00000000
vn -0.00100000 0.00230000 1.00000000
vn 0.50050000 0.65050000 -0.57120000
vn 0.00040000 0.00030000 1.00000000
vn 0.38470000 0.92300000 0.00020000
vn 0.13050000 0.99140000 0.00010000
vn 0.50130000 0.65330000 -0.56740000
vn -0.10720000 0.81440000 -0.57030000
vn -0.10630000 0.81790000 -0.56540000
vn 0.12890000 0.99170000 -0.00000000
vn 0.12890000 0.99170000 -0.00000000
vn -0.10720000 0.81440000 -0.57030000
vn -0.13050000 0.99140000 -0.00010000
vn -0.12890000 0.99170000 -0.00000000
vn -0.10630000 0.81790000 -0.56540000
vn -0.38300000 0.92370000 -0.00000000
vn -0.38040000 0.92480000 0.00020000
vn -0.10720000 0.81440000 -0.57030000
vn -0.13050000 0.99140000 -0.00010000
vn -0.79360000 0.60850000 -0.00000000
vn -0.65690000 0.50400000 -0.56080000
vn -0.65180000 0.50270000 -0.56790000
vn -0.79340000 0.60880000 -0.00000000
vn -0.60930000 0.79300000 -0.00010000
vn 0.38270000 0.92390000 -0.00000000
vn 0.38990000 0.92090000 -0.00060000
vn 0.13300000 0.99110000 -0.00000000
vn 0.31640000 0.76380000 -0.56270000
vn -0.38420000 0.92320000 -0.00000000
vn -0.60690000 0.79480000 -0.00000000
vn -0.38270000 0.92390000 -0.00010000
vn -0.31570000 0.76220000 -0.56510000
vn -0.75970000 0.31470000 -0.56900000
vn -0.79340000 0.60870000 -0.00000000
vn -0.79360000 0.60840000 -0.00000000
vn -0.75750000 0.31470000 -0.57200000
vn -0.92390000 0.38270000 -0.00000000
vn -0.92390000 0.38270000 -0.00000000
vn -0.75970000 0.31470000 -0.56900000
vn -0.99120000 0.13210000 -0.00000000
vn -0.76330000 -0.31590000 -0.56360000
vn -0.75750000 0.31470000 -0.57200000
vn -0.99110000 -0.13310000 0.00020000
vn -0.00020000 -0.00050000 1.00000000
vn -0.00020000 -0.00000000 1.00000000
vn -0.99120000 0.13210000 -0.00000000
vn -0.00000000 -0.00000000 1.00000000
vn -0.99090000 0.13440000 -0.00020000
vn -0.76280000 -0.31590000 -0.56420000
vn -0.75970000 0.31470000 -0.56900000
vn -0.16420000 -0.66920000 0.72470000
vn -0.24380000 -0.67820000 0.69330000
vn -0.33770000 -0.94130000 0.00150000
vn -0.33610000 -0.94180000 0.00190000
vn -0.23830000 -0.97120000 -0.00140000
vn -0.13080000 -0.99140000 -0.00240000
vn -0.09450000 -0.71610000 0.69160000
vn -0.16420000 -0.66920000 0.72470000
vn -0.22190000 -0.97510000 0.00270000
vn -0.23830000 -0.97120000 -0.00140000
vn 0.09290000 -0.70630000 0.70180000
vn 0.22120000 -0.79100000 0.57040000
vn -0.03250000 -0.99950000 -0.00220000
vn 0.06400000 -0.99790000 -0.00190000
vn 0.01750000 -0.99980000 0.00480000
vn 0.17080000 -0.79850000 0.57730000
vn 0.13780000 -0.99050000 0.00310000
vn 0.06400000 -0.99790000 -0.00190000
vn 0.15620000 -0.98770000 -0.00080000
vn 0.28750000 -0.87060000 0.39920000
vn 0.17080000 -0.79850000 0.57730000
vn 0.28750000 -0.87060000 0.39920000
vn 0.27260000 -0.83090000 0.48500000
vn 0.15620000 -0.98770000 -0.00080000
vn 0.26030000 -0.96550000 -0.00000000
vn 0.35430000 -0.90240000 0.24520000
vn 0.25600000 -0.96670000 0.00110000
vn 0.42970000 -0.80480000 0.40950000
vn 0.35260000 -0.86700000 0.35200000
vn 0.27260000 -0.83090000 0.48500000
vn 0.51880000 -0.83700000 0.17390000
vn 0.35430000 -0.90240000 0.24520000
vn 0.32190000 -0.53700000 0.77980000
vn 0.69800000 0.11620000 0.70660000
vn 0.66220000 0.23390000 0.71190000
vn 0.00010000 -0.00020000 1.00000000
vn -0.00000000 -0.00000000 1.00000000
vn -0.00010000 -0.00000000 1.00000000
vn 0.67780000 0.07250000 0.73160000
vn 0.98870000 -0.15000000 -0.00000000
vn 0.71580000 -0.10860000 0.68980000
vn 0.72500000 0.00580000 0.68870000
vn 1.00000000 0.00800000 -0.00000000
vn 0.71580000 -0.10860000 0.68980000
vn 0.72500000 0.00580000 0.68870000
vn -0.00010000 -0.00000000 1.00000000
vn -0.00060000 0.00010000 1.00000000
vn 0.65170000 -0.17430000 0.73820000
vn -0.00000000 -0.00060000 1.00000000
vn 0.67780000 0.07250000 0.73160000
vn 0.95250000 -0.30440000 -0.00000000
vn 0.89250000 -0.45110000 -0.00000000
vn 0.64630000 -0.32670000 0.68960000
vn 0.66900000 -0.21380000 0.71190000
vn -0.00060000 0.00010000 1.00000000
vn -0.00050000 0.00040000 1.00000000
vn 0.65170000 -0.17430000 0.73820000
vn 0.66900000 -0.21380000 0.71190000
vn 0.56990000 -0.38280000 0.72710000
vn 0.64630000 -0.32670000 0.68960000
vn 0.81000000 -0.58650000 -0.00000000
vn 0.70710000 -0.70710000 -0.00000000
vn 0.51160000 -0.51160000 0.69040000
vn 0.57200000 -0.41410000 0.70810000
vn 0.41620000 -0.57480000 0.70460000
vn 0.42700000 -0.53630000 0.72810000
vn 0.00050000 0.00090000 1.00000000
vn 0.32590000 -0.64470000 0.69150000
vn -0.00080000 0.00100000 1.00000000
vn 0.24450000 -0.63960000 0.72880000
vn -0.00020000 0.00050000 1.00000000
vn 0.58650000 -0.81000000 -0.00000000
vn 0.32590000 -0.64470000 0.69150000
vn 0.41620000 -0.57480000 0.70460000
vn 0.45110000 -0.89250000 -0.00000000
vn 0.21700000 -0.67880000 0.70150000
vn 0.24450000 -0.63960000 0.72880000
vn 0.30450000 -0.95250000 -0.00000000
vn 0.45110000 -0.89250000 -0.00000000
vn 0.32590000 -0.64470000 0.69150000
vn 0.30440000 -0.95250000 -0.00000000
vn 0.30450000 -0.95250000 -0.00000000
vn 0.21700000 -0.67880000 0.70150000
vn 0.10820000 -0.71270000 0.69310000
vn 0.15000000 -0.98870000 -0.00000000
vn -0.00000000 0.00010000 1.00000000
vn 0.10820000 -0.71270000 0.69310000
vn -0.00020000 0.00050000 1.00000000
vn 0.02390000 -0.67570000 0.73680000
vn 0.21700000 -0.67880000 0.70150000
vn 0.24450000 -0.63960000 0.72880000
vn 0.00060000 0.00020000 1.00000000
vn -0.00570000 -0.70520000 0.70900000
vn -0.12110000 -0.73200000 0.67040000
vn -0.16760000 -0.98590000 -0.00000000
vn -0.00800000 -1.00000000 -0.00000000
vn -0.00000000 -0.00000000 1.00000000
vn -0.00000000 0.00010000 1.00000000
vn 0.02390000 -0.67570000 0.73680000
vn -0.00570000 -0.70520000 0.70900000
vn 0.00020000 -0.00010000 1.00000000
vn -0.22780000 -0.66310000 0.71300000
vn -0.12110000 -0.73200000 0.67040000
vn 0.70180000 0.09230000 0.70630000
vn 0.69780000 -0.18530000 0.69190000
vn 0.70150000 0.09260000 0.70660000
vn 0.75830000 -0.02480000 0.65140000
vn 0.99920000 0.04050000 -0.00130000
vn 0.99610000 0.08850000 0.00470000
vn 0.99140000 0.13080000 -0.00320000
vn 0.50430000 -0.44090000 0.74250000
vn 0.85170000 -0.26180000 0.45390000
vn 0.25600000 -0.14620000 0.95560000
vn 0.90470000 -0.30630000 0.29620000
vn 0.78880000 -0.24790000 0.56250000
vn 0.83570000 -0.15220000 0.52770000
vn 0.59150000 -0.33630000 0.73280000
vn 0.99930000 -0.03780000 0.00270000
vn 0.83570000 -0.15220000 0.52770000
vn 0.85170000 -0.26180000 0.45390000
vn 0.99240000 -0.12310000 -0.00170000
vn 0.97700000 -0.21310000 -0.00200000
vn 0.95290000 -0.30340000 -0.00000000
vn 0.95800000 -0.28670000 0.00320000
vn 0.90000000 -0.32160000 0.29430000
vn 0.90850000 -0.37580000 0.18300000
vn 0.39470000 -0.62050000 0.67760000
vn 0.38710000 -0.46270000 0.79750000
vn 0.63870000 -0.76500000 0.08260000
vn 0.32190000 -0.53700000 0.77980000
vn 0.56960000 -0.75970000 0.31380000
vn 0.52010000 -0.81700000 0.24890000
vn 0.51880000 -0.83700000 0.17390000
vn 0.90580000 -0.42360000 0.00180000
vn 0.89220000 -0.45170000 -0.00250000
vn 0.84530000 -0.42800000 0.32000000
vn 0.50430000 -0.44090000 0.74250000
vn 0.90000000 -0.32160000 0.29430000
vn 0.90850000 -0.37580000 0.18300000
vn 0.90470000 -0.30630000 0.29620000
vn 0.92410000 -0.38230000 -0.00220000
vn 0.17220000 -0.25050000 0.95270000
vn -0.00020000 0.00010000 1.00000000
vn 0.14220000 -0.15340000 0.97790000
vn 0.13920000 -0.15060000 0.97880000
vn -0.00000000 -0.00000000 1.00000000
vn 0.14220000 -0.15340000 0.97790000
vn 0.17220000 -0.25050000 0.95270000
vn 0.49210000 -0.54710000 0.67710000
vn 0.38710000 -0.46270000 0.79750000
vn 0.10480000 -0.16580000 0.98060000
vn 0.39470000 -0.62050000 0.67760000
vn 0.56810000 -0.40140000 0.71840000
vn 0.55780000 -0.32490000 0.76370000
vn 0.25600000 -0.14620000 0.95560000
vn 0.59150000 -0.33630000 0.73280000
vn 0.15790000 -0.06960000 0.98500000
vn 0.26710000 -0.18860000 0.94500000
vn 0.75830000 -0.02480000 0.65140000
vn 0.78880000 -0.24790000 0.56250000
vn 0.25600000 -0.14620000 0.95560000
vn 0.15790000 -0.06960000 0.98500000
vn 0.69780000 -0.18530000 0.69190000
vn 0.22120000 -0.79100000 0.57040000
vn 0.09290000 -0.70630000 0.70180000
vn 0.17220000 -0.25050000 0.95270000
vn -0.00020000 0.00010000 1.00000000
vn -0.10330000 -0.70120000 0.70550000
vn 0.10480000 -0.16580000 0.98060000
vn 0.32190000 -0.53700000 0.77980000
vn 0.10480000 -0.16580000 0.98060000
vn 0.27260000 -0.83090000 0.48500000
vn 0.17080000 -0.79850000 0.57730000
vn 0.28750000 -0.87060000 0.39920000
vn 0.22120000 -0.79100000 0.57040000
vn 0.39470000 -0.62050000 0.67760000
vn 0.51880000 -0.83700000 0.17390000
vn 0.53700000 -0.84360000 -0.00110000
vn 0.48090000 -0.87680000 0.00110000
vn 0.42970000 -0.80480000 0.40950000
vn 0.47100000 -0.88210000 -0.00140000
vn 0.52010000 -0.81700000 0.24890000
vn 0.78270000 -0.57050000 0.24890000
vn 0.82790000 -0.50210000 0.24970000
vn 0.55780000 -0.32490000 0.76370000
vn 0.52360000 -0.38430000 0.76040000
vn 0.56810000 -0.40140000 0.71840000
vn 0.84340000 -0.49970000 0.19720000
vn 0.42860000 -0.90350000 0.00070000
vn 0.40230000 -0.91550000 -0.00240000
vn 0.35260000 -0.86700000 0.35200000
vn 0.47100000 -0.88210000 -0.00140000
vn 0.42970000 -0.80480000 0.40950000
vn 0.84530000 -0.42800000 0.32000000
vn 0.84340000 -0.49970000 0.19720000
vn 0.55780000 -0.32490000 0.76370000
vn 0.50430000 -0.44090000 0.74250000
vn 0.59150000 -0.33630000 0.73280000
vn 0.26710000 -0.18860000 0.94500000
vn 0.56810000 -0.40140000 0.71840000
vn 0.55980000 -0.47300000 0.68040000
vn 0.52360000 -0.38430000 0.76040000
vn 0.14220000 -0.13030000 0.98120000
vn 0.40220000 -0.29990000 0.86500000
vn 0.79660000 -0.60450000 0.00170000
vn 0.72070000 -0.60460000 0.33920000
vn 0.76610000 -0.64270000 -0.00210000
vn 0.81290000 -0.58240000 -0.00240000
vn 0.79790000 -0.57160000 0.19120000
vn -0.00040000 -0.00060000 1.00000000
vn -0.00000000 -0.00000000 1.00000000
vn 0.40220000 -0.29990000 0.86500000
vn 0.14220000 -0.13030000 0.98120000
vn 0.00150000 -0.00000000 1.00000000
vn 0.13920000 -0.15060000 0.97880000
vn -0.00000000 -0.00010000 1.00000000
vn 0.78270000 -0.57050000 0.24890000
vn 0.79790000 -0.57160000 0.19120000
vn 0.55980000 -0.47300000 0.68040000
vn 0.45610000 -0.42340000 0.78280000
vn 0.52360000 -0.38430000 0.76040000
vn 0.72070000 -0.60460000 0.33920000
vn 0.71730000 -0.67400000 0.17660000
vn 0.65920000 -0.75190000 -0.00160000
vn 0.70270000 -0.71150000 0.00150000
vn 0.71480000 -0.69940000 -0.00180000
vn 0.68810000 -0.67330000 0.27050000
vn 0.64190000 -0.73220000 0.22790000
vn 0.68810000 -0.67330000 0.27050000
vn 0.71730000 -0.67400000 0.17660000
vn 0.49210000 -0.54710000 0.67710000
vn 0.64190000 -0.73220000 0.22790000
vn 0.63870000 -0.76500000 0.08260000
vn 0.38710000 -0.46270000 0.79750000
vn 0.45610000 -0.42340000 0.78280000
vn 0.45610000 -0.42340000 0.78280000
vn 0.14220000 -0.13030000 0.98120000
vn 0.55980000 -0.47300000 0.68040000
vn 0.13920000 -0.15060000 0.97880000
vn 0.14220000 -0.15340000 0.97790000
vn 0.49210000 -0.54710000 0.67710000
vn 0.63870000 -0.76500000 0.08260000
vn 0.56960000 -0.75970000 0.31380000
vn 0.59990000 -0.80010000 -0.00070000
vn 0.65170000 -0.75850000 0.00050000
vn 0.64190000 -0.73220000 0.22790000
vn 0.60050000 -0.79970000 -0.00060000
vn 0.65920000 -0.75190000 -0.00160000
vn -0.00060000 0.00010000 -1.00000000
vn -0.00000000 -0.00000000 1.00000000
vn 0.17710000 0.12060000 0.97680000
vn 0.70290000 -0.09130000 0.70540000
vn 0.71460000 0.07240000 0.69580000
vn 0.82840000 0.21480000 0.51730000
vn 0.92520000 0.35270000 0.13990000
vn 0.88850000 0.31520000 0.33350000
vn 0.98050000 0.19640000 -0.00150000
vn 0.95800000 0.28670000 0.00220000
vn 0.95510000 0.29630000 -0.00000000
vn 0.65600000 -0.21920000 0.72220000
vn 0.68720000 -0.16860000 0.70660000
vn 0.66470000 -0.24270000 0.70660000
vn -0.00060000 0.00010000 -1.00000000
vn -0.00000000 -0.00000000 1.00000000
vn 0.66470000 -0.24270000 0.70660000
vn 0.94220000 -0.33490000 0.00230000
vn 0.68720000 -0.16860000 0.70660000
vn 0.97120000 -0.23830000 -0.00190000
vn 0.93940000 -0.34290000 -0.00000000
vn 0.70150000 -0.09260000 0.70660000
vn -0.00060000 0.00010000 -1.00000000
vn 0.70290000 -0.09130000 0.70540000
vn 0.68720000 -0.16860000 0.70660000
vn 0.53570000 0.45160000 0.71350000
vn 0.64450000 0.76460000 0.00530000
vn 0.70710000 0.70710000 -0.00460000
vn 0.53190000 0.45210000 0.71600000
vn 0.76460000 0.64450000 0.00530000
vn 0.46500000 0.55170000 0.69240000
vn 0.53190000 0.45210000 0.71600000
vn -0.00080000 -0.00070000 1.00000000
vn 0.46500000 0.55170000 0.69240000
vn 0.38280000 0.56830000 0.72830000
vn -0.00060000 -0.00080000 1.00000000
vn -0.00050000 -0.00030000 1.00000000
vn 0.53570000 0.45160000 0.71350000
vn 0.62840000 0.26940000 0.72980000
vn 0.53190000 0.45210000 0.71600000
vn 0.62560000 0.36690000 0.68850000
vn -0.00070000 0.00010000 1.00000000
vn -0.00080000 -0.00070000 1.00000000
vn 0.62840000 0.26940000 0.72980000
vn 0.62560000 0.36690000 0.68850000
vn 0.89250000 0.45110000 -0.00420000
vn 0.66340000 0.25000000 0.70530000
vn 0.93580000 0.35260000 0.00470000
vn 0.86260000 0.50580000 0.00510000
vn 0.98190000 0.18910000 0.00410000
vn 0.93580000 0.35260000 0.00470000
vn 0.95250000 0.30450000 -0.00380000
vn 0.71050000 0.13690000 0.69020000
vn 0.66340000 0.25000000 0.70530000
vn 0.66340000 0.25000000 0.70530000
vn -0.00030000 0.00030000 1.00000000
vn -0.00050000 -0.00030000 1.00000000
vn -0.00030000 -0.00000000 1.00000000
vn 0.71050000 0.13690000 0.69020000
vn 0.67440000 0.04520000 0.73700000
vn 0.62840000 0.26940000 0.72980000
vn 0.70690000 0.01440000 0.70710000
vn 0.73280000 -0.11060000 0.67140000
vn 0.98880000 -0.14920000 0.00240000
vn 1.00000000 -0.00800000 -0.00230000
vn 0.99980000 0.02030000 0.00340000
vn 0.65600000 -0.21920000 0.72220000
vn 0.94750000 -0.31970000 -0.00000000
vn 0.65860000 -0.21800000 0.72020000
vn 0.66470000 -0.24270000 0.70660000
vn 0.93940000 -0.34290000 -0.00000000
vn 0.94930000 -0.31430000 0.00130000
vn 0.65860000 -0.21800000 0.72020000
vn 0.98880000 -0.14920000 0.00240000
vn 0.73280000 -0.11060000 0.67140000
vn 0.94930000 -0.31430000 0.00130000
vn 0.98610000 -0.16600000 -0.00120000
vn -0.09460000 0.71710000 0.69050000
vn 0.02480000 0.75850000 0.65120000
vn 0.16480000 0.70510000 0.68970000
vn -0.13080000 0.99140000 -0.00320000
vn -0.10440000 0.70020000 0.70630000
vn -0.04050000 0.99920000 -0.00130000
vn -0.08850000 0.99610000 0.00470000
vn -0.04050000 0.99920000 -0.00130000
vn 0.25580000 0.78560000 0.56340000
vn 0.15220000 0.83530000 0.52820000
vn 0.03790000 0.99930000 0.00270000
vn 0.03780000 0.99930000 0.00270000
vn 0.02480000 0.75850000 0.65120000
vn 0.12310000 0.99240000 -0.00170000
vn 0.15220000 0.83530000 0.52820000
vn 0.03780000 0.99930000 0.00270000
vn 0.24480000 0.88720000 0.39120000
vn 0.30340000 0.85020000 0.43030000
vn 0.05690000 0.08480000 0.99480000
vn 0.20110000 0.34880000 0.91540000
vn 0.24560000 0.39900000 0.88350000
vn 0.16480000 0.70510000 0.68970000
vn 0.02480000 0.75850000 0.65120000
vn 0.25580000 0.78560000 0.56340000
vn 0.24480000 0.88720000 0.39120000
vn 0.30340000 0.85020000 0.43030000
vn 0.35150000 0.92880000 0.11780000
vn 0.36810000 0.87760000 0.30700000
vn 0.33090000 0.88660000 0.32310000
vn 0.30370000 0.71970000 0.62440000
vn 0.44160000 0.84110000 0.31230000
vn 0.35150000 0.92880000 0.11780000
vn 0.30340000 0.95290000 -0.00000000
vn 0.21310000 0.97700000 -0.00200000
vn 0.33090000 0.88660000 0.32310000
vn 0.28670000 0.95800000 0.00320000
vn 0.38680000 0.92220000 -0.00280000
vn 0.30890000 0.95110000 0.00020000
vn 0.30950000 0.95090000 -0.00000000
vn 0.35150000 0.92880000 0.11780000
vn 0.36950000 0.92920000 0.00080000
vn 0.36810000 0.87760000 0.30700000
vn 0.30420000 0.95260000 -0.00120000
vn 0.30340000 0.95290000 -0.00000000
vn -0.11130000 0.18510000 0.97640000
vn -0.22100000 0.82640000 0.51780000
vn -0.21270000 0.29930000 0.93010000
vn 0.00260000 -0.00190000 1.00000000
vn -0.07290000 0.71160000 0.69880000
vn 0.10160000 0.70400000 0.70290000
vn -0.07290000 0.71160000 0.69880000
vn -0.23160000 0.82570000 0.51440000
vn -0.22100000 0.82640000 0.51780000
vn 0.02580000 0.99970000 -0.00320000
vn -0.09410000 0.99560000 -0.00330000
vn -0.03790000 0.99930000 0.00570000
vn -0.30820000 0.89890000 0.31140000
vn -0.37530000 0.90470000 0.20160000
vn -0.19640000 0.98050000 -0.00150000
vn -0.28670000 0.95800000 0.00220000
vn -0.29630000 0.95510000 -0.00000000
vn 0.13080000 0.99140000 -0.00320000
vn 0.08850000 0.99610000 0.00470000
vn 0.02580000 0.99970000 -0.00320000
vn 0.09450000 0.71610000 0.69160000
vn 0.10160000 0.70400000 0.70290000
vn -0.07290000 0.71160000 0.69880000
vn -0.00000000 -0.00000000 1.00000000
vn -0.67780000 -0.07250000 0.73160000
vn -0.69800000 -0.11620000 0.70660000
vn -0.66220000 -0.23390000 0.71190000
vn -0.00010000 0.00020000 1.00000000
vn 0.00010000 -0.00000000 1.00000000
vn -0.71580000 0.10860000 0.68980000
vn -0.98870000 0.15000000 -0.00000000
vn -0.72500000 -0.00580000 0.68870000
vn -1.00000000 -0.00800000 -0.00000000
vn -0.98590000 -0.16750000 -0.00000000
vn -0.67780000 -0.07250000 0.73160000
vn -0.72500000 -0.00580000 0.68870000
vn -0.69800000 -0.11620000 0.70660000
vn -1.00000000 -0.00800000 -0.00000000
vn -0.65170000 0.17430000 0.73820000
vn -0.71580000 0.10860000 0.68980000
vn -0.72500000 -0.00580000 0.68870000
vn -0.00000000 0.00060000 1.00000000
vn -0.67780000 -0.07250000 0.73160000
vn 0.00010000 -0.00000000 1.00000000
vn 0.00060000 -0.00010000 1.00000000
vn -0.64640000 0.32670000 0.68960000
vn 0.00050000 -0.00040000 1.00000000
vn -0.56990000 0.38280000 0.72710000
vn -0.65170000 0.17430000 0.73820000
vn -0.66900000 0.21380000 0.71190000
vn 0.00060000 -0.00010000 1.00000000
vn -0.95250000 0.30450000 -0.00000000
vn -0.64640000 0.32670000 0.68960000
vn -0.89250000 0.45110000 -0.00000000
vn -0.66900000 0.21380000 0.71190000
vn -0.81000000 0.58650000 -0.00000000
vn -0.57200000 0.41410000 0.70800000
vn -0.89250000 0.45110000 -0.00000000
vn -0.56990000 0.38280000 0.72710000
vn -0.64640000 0.32670000 0.68960000
vn -0.42700000 0.53630000 0.72810000
vn -0.58650000 0.81000000 -0.00000000
vn -0.51160000 0.51160000 0.69040000
vn -0.41620000 0.57480000 0.70460000
vn -0.70710000 0.70710000 -0.00000000
vn -0.70710000 0.70710000 -0.00000000
vn -0.81000000 0.58650000 -0.00000000
vn -0.51160000 0.51160000 0.69040000
vn -0.57200000 0.41410000 0.70800000
vn -0.42700000 0.53630000 0.72810000
vn -0.51160000 0.51160000 0.69040000
vn -0.57200000 0.41410000 0.70800000
vn 0.00050000 -0.00040000 1.00000000
vn 0.00080000 -0.00100000 1.00000000
vn -0.56990000 0.38280000 0.72710000
vn 0.00160000 0.00010000 1.00000000
vn -0.45110000 0.89250000 -0.00000000
vn -0.32590000 0.64470000 0.69150000
vn -0.21700000 0.67880000 0.70150000
vn -0.24450000 0.63960000 0.72880000
vn -0.30450000 0.95250000 -0.00000000
vn -0.10820000 0.71270000 0.69310000
vn -0.21700000 0.67880000 0.70150000
vn -0.30440000 0.95250000 -0.00000000
vn -0.15000000 0.98870000 -0.00000000
vn -0.30450000 0.95250000 -0.00000000
vn 0.00800000 1.00000000 -0.00000000
vn 0.00570000 0.70520000 0.70900000
vn 0.12110000 0.73200000 0.67040000
vn 0.16760000 0.98590000 -0.00000000
vn -0.00000000 -0.00000000 1.00000000
vn -0.70150000 -0.09250000 0.70660000
vn -0.70150000 -0.09260000 0.70660000
vn -0.68720000 -0.16860000 0.70660000
vn -0.66600000 -0.23890000 0.70670000
vn -0.94220000 -0.33490000 0.00230000
vn -0.68730000 -0.16860000 0.70660000
vn -0.97120000 -0.23830000 -0.00190000
vn -0.94180000 -0.33610000 0.00200000
vn -0.68730000 -0.16860000 0.70660000
vn -0.00000000 -0.00000000 1.00000000
vn -0.68720000 -0.16860000 0.70660000
vn -0.66600000 -0.23890000 0.70670000
vn -0.66220000 -0.23390000 0.71190000
vn -0.99930000 0.03780000 0.00270000
vn -0.99930000 0.03790000 0.00270000
vn -0.99920000 -0.04050000 -0.00130000
vn -0.76390000 0.02410000 0.64490000
vn -0.65000000 0.44880000 0.61320000
vn -0.83560000 0.15220000 0.52790000
vn -0.83560000 0.15220000 0.52790000
vn -0.85170000 0.26180000 0.45390000
vn -0.99240000 0.12310000 -0.00170000
vn -0.99930000 0.03780000 0.00270000
vn -0.98650000 0.16360000 0.00430000
vn -0.99240000 0.12310000 -0.00170000
vn -0.97710000 0.21290000 -0.00200000
vn -0.91860000 0.32200000 0.22920000
vn -0.85170000 0.26180000 0.45390000
vn -0.59730000 0.28570000 0.74940000
vn -0.85170000 0.26180000 0.45390000
vn -0.65000000 0.44880000 0.61320000
vn -0.83560000 0.15220000 0.52790000
vn -0.91860000 0.32200000 0.22920000
vn -0.95280000 0.30370000 -0.00000000
vn -0.97710000 0.21290000 -0.00200000
vn -0.91860000 0.32200000 0.22920000
vn -0.90250000 0.40000000 0.15990000
vn -0.89750000 0.37230000 0.23660000
vn -0.59730000 0.28570000 0.74940000
vn -0.95800000 0.28670000 0.00320000
vn -0.95090000 0.30950000 -0.00000000
vn -0.93690000 0.34970000 0.00180000
vn -0.89750000 0.37230000 0.23660000
vn -0.95280000 0.30370000 -0.00000000
vn -0.94930000 0.31450000 -0.00190000
vn -0.92370000 0.38320000 -0.00260000
vn 0.72230000 0.31370000 0.61630000
vn 0.89120000 0.30530000 0.33550000
vn 0.82530000 0.23170000 0.51500000
vn 0.32820000 0.20090000 0.92300000
vn 0.76300000 0.51120000 0.39560000
vn 0.17710000 0.12060000 0.97680000
vn 0.82840000 0.21480000 0.51730000
vn 0.80220000 0.51380000 0.30420000
vn 0.32820000 0.20090000 0.92300000
vn 0.76300000 0.51120000 0.39560000
vn 0.71860000 0.51030000 0.47240000
vn 0.24040000 0.20960000 0.94780000
vn 0.73480000 0.56560000 0.37430000
vn 0.87400000 0.36660000 0.31910000
vn 0.92150000 0.38830000 -0.00060000
vn 0.89080000 0.45430000 0.00060000
vn 0.88540000 0.46480000 -0.00210000
vn 0.92220000 0.38680000 -0.00110000
vn 0.84270000 0.44240000 0.30680000
vn 0.32820000 0.20090000 0.92300000
vn 0.17710000 0.12060000 0.97680000
vn 0.23340000 0.18530000 0.95460000
vn -0.00000000 -0.00000000 1.00000000
vn 0.24040000 0.20960000 0.94780000
vn 0.29410000 0.26070000 0.91950000
vn 0.73690000 0.67600000 -0.00160000
vn 0.78000000 0.62580000 0.00140000
vn 0.79240000 0.60990000 -0.00270000
vn 0.68520000 0.62850000 0.36810000
vn 0.71860000 0.51030000 0.47240000
vn 0.73480000 0.56560000 0.37430000
vn 0.67510000 0.62690000 0.38900000
vn 0.84210000 0.53940000 -0.00310000
vn 0.80220000 0.51380000 0.30420000
vn 0.79240000 0.60990000 -0.00270000
vn 0.82140000 0.57030000 0.00180000
vn 0.73480000 0.56560000 0.37430000
vn 0.88540000 0.46480000 -0.00210000
vn 0.84210000 0.53940000 -0.00310000
vn 0.85720000 0.51510000 0.00150000
vn 0.80220000 0.51380000 0.30420000
vn 0.76300000 0.51120000 0.39560000
vn 0.84270000 0.44240000 0.30680000
vn 0.72230000 0.31370000 0.61630000
vn 0.68980000 0.72400000 -0.00000000
vn 0.73690000 0.67600000 -0.00160000
vn 0.67600000 0.73690000 -0.00310000
vn 0.73250000 0.68080000 -0.00000000
vn 0.63400000 0.69120000 0.34680000
vn 0.68520000 0.62850000 0.36810000
vn 0.89120000 0.30530000 0.33550000
vn 0.88850000 0.31520000 0.33350000
vn 0.84270000 0.44240000 0.30680000
vn 0.87400000 0.36660000 0.31910000
vn 0.72230000 0.31370000 0.61630000
vn 0.92520000 0.35270000 0.13990000
vn 0.67510000 0.62690000 0.38900000
vn 0.68520000 0.62850000 0.36810000
vn 0.23340000 0.18530000 0.95460000
vn 0.63400000 0.69120000 0.34680000
vn 0.27630000 0.31570000 0.90770000
vn 0.62330000 0.64750000 0.43850000
vn 0.29410000 0.26070000 0.91950000
vn -0.00000000 -0.00000000 1.00000000
vn 0.00040000 0.00030000 1.00000000
vn -0.00100000 0.00230000 1.00000000
vn 0.27630000 0.31570000 0.90770000
vn 0.00210000 -0.00020000 1.00000000
vn 0.29410000 0.26070000 0.91950000
vn 0.23810000 0.26170000 0.93530000
vn 0.67510000 0.62690000 0.38900000
vn 0.24040000 0.20960000 0.94780000
vn 0.23340000 0.18530000 0.95460000
vn 0.71860000 0.51030000 0.47240000
vn -0.45440000 0.89080000 -0.00220000
vn -0.42700000 0.83710000 0.34190000
vn -0.52280000 0.85250000 -0.00250000
vn -0.49980000 0.86610000 0.00200000
vn -0.50280000 0.81990000 0.27380000
vn -0.60300000 0.58340000 0.54420000
vn -0.67300000 0.67960000 0.29180000
vn -0.50060000 0.50070000 0.70620000
vn -0.58950000 0.55850000 0.58360000
vn -0.71900000 0.61420000 0.32530000
vn -0.83100000 0.42390000 0.36020000
vn -0.91030000 0.41390000 0.00220000
vn -0.92370000 0.38320000 -0.00260000
vn -0.89750000 0.37230000 0.23660000
vn -0.90250000 0.40000000 0.15990000
vn -0.89080000 0.45440000 -0.00250000
vn -0.79150000 0.57530000 0.20630000
vn -0.58500000 0.35110000 0.73110000
vn -0.11600000 0.20910000 0.97100000
vn -0.80890000 0.51180000 0.28940000
vn -0.83290000 0.51070000 0.21330000
vn -0.72310000 0.45830000 0.51690000
vn -0.00000000 -0.00000000 1.00000000
vn -0.34350000 0.23920000 0.90820000
vn -0.70700000 0.13180000 0.69490000
vn -0.70150000 -0.09250000 0.70660000
vn -0.80300000 0.59590000 0.00080000
vn -0.80890000 0.58800000 -0.00140000
vn -0.79150000 0.57530000 0.20630000
vn -0.72310000 0.45830000 0.51690000
vn -0.60300000 0.58340000 0.54420000
vn -0.71900000 0.61420000 0.32530000
vn -0.76030000 0.64950000 -0.00090000
vn -0.58950000 0.55850000 0.58360000
vn -0.15700000 0.13880000 0.97780000
vn -0.11600000 0.20910000 0.97100000
vn -0.72310000 0.45830000 0.51690000
vn -0.60300000 0.58340000 0.54420000
vn -0.64950000 0.76030000 -0.00220000
vn -0.62740000 0.73680000 0.25210000
vn -0.55850000 0.76840000 0.31240000
vn -0.61200000 0.79090000 0.00170000
vn -0.62720000 0.73410000 0.26020000
vn -0.58800000 0.80890000 -0.00260000
vn -0.53410000 0.62900000 0.56490000
vn -0.44880000 0.52710000 0.72160000
vn -0.49040000 0.60640000 0.62590000
vn -0.55850000 0.76840000 0.31240000
vn -0.62740000 0.73680000 0.25210000
vn -0.43520000 0.77190000 0.46350000
vn -0.52280000 0.85250000 -0.00250000
vn -0.55870000 0.82940000 0.00180000
vn -0.53410000 0.62900000 0.56490000
vn -0.55850000 0.76840000 0.31240000
vn -0.58800000 0.80890000 -0.00260000
vn -0.50280000 0.81990000 0.27380000
vn -0.13860000 0.17430000 0.97490000
vn -0.49040000 0.60640000 0.62590000
vn -0.21270000 0.29930000 0.93010000
vn -0.53410000 0.62900000 0.56490000
vn -0.11130000 0.18510000 0.97640000
vn -0.43520000 0.77190000 0.46350000
vn -0.36250000 0.58230000 0.72770000
vn -0.30150000 0.90130000 0.31110000
vn -0.22100000 0.82640000 0.51780000
vn -0.11130000 0.18510000 0.97640000
vn -0.40780000 0.57640000 0.70820000
vn -0.36250000 0.58230000 0.72770000
vn -0.23160000 0.82570000 0.51440000
vn -0.42700000 0.83710000 0.34190000
vn -0.40780000 0.57640000 0.70820000
vn -0.36250000 0.58230000 0.72770000
vn -0.50280000 0.81990000 0.27380000
vn -0.43520000 0.77190000 0.46350000
vn -0.30150000 0.90130000 0.31110000
vn -0.40780000 0.57640000 0.70820000
vn -0.37530000 0.90470000 0.20160000
vn -0.42700000 0.83710000 0.34190000
vn -0.38320000 0.92370000 -0.00130000
vn -0.43860000 0.89870000 0.00110000
vn -0.45440000 0.89080000 -0.00220000
vn -0.30820000 0.89890000 0.31140000
vn -0.71900000 0.61420000 0.32530000
vn -0.71550000 0.69870000 0.00060000
vn -0.68120000 0.68120000 0.26810000
vn -0.67300000 0.67960000 0.29180000
vn -0.70710000 0.70710000 -0.00190000
vn -0.76030000 0.64950000 -0.00090000
vn -0.75980000 0.65010000 -0.00070000
vn -0.44880000 0.52710000 0.72160000
vn -0.62720000 0.73410000 0.26020000
vn -0.67300000 0.67960000 0.29180000
vn -0.62740000 0.73680000 0.25210000
vn -0.68120000 0.68120000 0.26810000
vn -0.50060000 0.50070000 0.70620000
vn -0.68120000 0.68120000 0.26810000
vn -0.64950000 0.76030000 -0.00220000
vn -0.70710000 0.70710000 -0.00190000
vn -0.66530000 0.74660000 0.00170000
vn -0.62720000 0.73410000 0.26020000
vn -0.58500000 0.35110000 0.73110000
vn -0.90250000 0.40000000 0.15990000
vn -0.70700000 0.13180000 0.69490000
vn -0.80890000 0.51180000 0.28940000
vn -0.76390000 0.02410000 0.64490000
vn -0.83100000 0.42390000 0.36020000
vn -0.65000000 0.44880000 0.61320000
vn -0.59730000 0.28570000 0.74940000
vn -0.34350000 0.23920000 0.90820000
vn -0.15700000 0.13880000 0.97780000
vn -0.22030000 0.20790000 0.95300000
vn -0.44880000 0.52710000 0.72160000
vn -0.49040000 0.60640000 0.62590000
vn -0.13860000 0.17430000 0.97490000
vn -0.50060000 0.50070000 0.70620000
vn -0.58950000 0.55850000 0.58360000
vn -0.83390000 -0.50850000 0.21450000
vn -0.85860000 -0.44790000 0.24930000
vn -0.85440000 -0.44860000 0.26220000
vn -0.54900000 -0.27680000 0.78860000
vn -0.60110000 -0.37240000 0.70710000
vn -0.85440000 -0.44860000 0.26220000
vn -0.79730000 -0.51070000 0.32180000
vn -0.83390000 -0.50850000 0.21450000
vn -0.85910000 -0.51180000 0.00210000
vn -0.84210000 -0.53940000 -0.00310000
vn -0.88540000 -0.46480000 -0.00260000
vn -0.44700000 -0.82100000 0.35520000
vn -0.36180000 -0.77880000 0.51250000
vn -0.31870000 -0.51390000 0.79650000
vn -0.52510000 -0.83370000 0.17080000
vn -0.38900000 -0.90710000 0.16060000
vn -0.27290000 -0.57940000 0.76800000
vn -0.85440000 -0.44860000 0.26220000
vn -0.88030000 -0.36920000 0.29790000
vn -0.92020000 -0.39150000 -0.00060000
vn -0.85860000 -0.44790000 0.24930000
vn -0.89250000 -0.45110000 0.00050000
vn -0.88540000 -0.46480000 -0.00260000
vn -0.92220000 -0.38680000 -0.00190000
vn 0.10370000 -0.70030000 0.70620000
vn -0.15450000 -0.70550000 0.69170000
vn -0.00000000 -0.00000000 1.00000000
vn -0.07660000 -0.11700000 0.99020000
vn -0.58420000 -0.81160000 0.00230000
vn -0.61510000 -0.78850000 -0.00280000
vn -0.54850000 -0.83610000 -0.00280000
vn -0.59250000 -0.75950000 0.26860000
vn -0.52800000 -0.80490000 0.27090000
vn -0.15400000 -0.77370000 0.61460000
vn -0.01970000 -0.77160000 0.63580000
vn -0.07660000 -0.11700000 0.99020000
vn -0.12120000 -0.19980000 0.97230000
vn -0.32240000 -0.86130000 0.39280000
vn -0.15450000 -0.70550000 0.69170000
vn -0.35540000 -0.55300000 0.75360000
vn -0.27290000 -0.57940000 0.76800000
vn -0.31870000 -0.51390000 0.79650000
vn -0.52510000 -0.83370000 0.17080000
vn -0.52800000 -0.80490000 0.27090000
vn -0.40260000 -0.50350000 0.76450000
vn -0.35540000 -0.55300000 0.75360000
vn -0.31870000 -0.51390000 0.79650000
vn -0.60670000 -0.76370000 0.22080000
vn -0.59250000 -0.75950000 0.26860000
vn -0.59250000 -0.75950000 0.26860000
vn -0.67620000 -0.67760000 0.28920000
vn -0.63770000 -0.77030000 0.00140000
vn -0.61510000 -0.78850000 -0.00280000
vn -0.67750000 -0.73550000 -0.00200000
vn -0.60670000 -0.76370000 0.22080000
vn -0.40260000 -0.50350000 0.76450000
vn -0.14760000 -0.18780000 0.97100000
vn -0.12120000 -0.19980000 0.97230000
vn -0.35540000 -0.55300000 0.75360000
vn -0.27890000 -0.40120000 0.87250000
vn -0.27890000 -0.40120000 0.87250000
vn -0.67620000 -0.67760000 0.28920000
vn -0.40260000 -0.50350000 0.76450000
vn -0.60670000 -0.76370000 0.22080000
vn -0.44040000 -0.47940000 0.75910000
vn -0.34650000 -0.30530000 0.88700000
vn -0.00020000 0.00030000 1.00000000
vn -0.14760000 -0.18780000 0.97100000
vn -0.34650000 -0.30530000 0.88700000
vn -0.00010000 -0.00010000 1.00000000
vn -0.26200000 -0.24220000 0.93420000
vn -0.27890000 -0.40120000 0.87250000
vn -0.00040000 -0.00040000 1.00000000
vn -0.00030000 0.00050000 1.00000000
vn -0.55410000 -0.47780000 0.68170000
vn -0.26200000 -0.24220000 0.93420000
vn -0.16530000 -0.14420000 0.97560000
vn -0.44040000 -0.47940000 0.75910000
vn -0.48060000 -0.43920000 0.75900000
vn -0.34650000 -0.30530000 0.88700000
vn -0.75800000 -0.58340000 0.29180000
vn -0.78010000 -0.62570000 0.00140000
vn -0.73700000 -0.67590000 -0.00160000
vn -0.76340000 -0.59800000 0.24430000
vn -0.79240000 -0.60990000 -0.00270000
vn -0.67500000 -0.67130000 0.30600000
vn -0.76340000 -0.59800000 0.24430000
vn -0.48650000 -0.38000000 0.78670000
vn -0.55410000 -0.47780000 0.68170000
vn -0.48060000 -0.43920000 0.75900000
vn -0.67500000 -0.67130000 0.30600000
vn -0.48650000 -0.38000000 0.78670000
vn -0.63130000 -0.39770000 0.66580000
vn -0.75800000 -0.58340000 0.29180000
vn -0.83390000 -0.50850000 0.21450000
vn -0.76340000 -0.59800000 0.24430000
vn -0.79730000 -0.51070000 0.32180000
vn -0.60110000 -0.37240000 0.70710000
vn -0.63130000 -0.39770000 0.66580000
vn -0.55410000 -0.47780000 0.68170000
vn -0.16530000 -0.14420000 0.97560000
vn -0.18350000 -0.11980000 0.97570000
vn -0.48650000 -0.38000000 0.78670000
vn -0.18350000 -0.11980000 0.97570000
vn -0.00000000 -0.00000000 1.00000000
vn -0.16530000 -0.14420000 0.97560000
vn -0.00040000 -0.00040000 1.00000000
vn -0.26200000 -0.24220000 0.93420000
vn 0.00070000 -0.00010000 1.00000000
vn 0.17330000 0.11450000 -0.97820000
vn -0.80980000 -0.30660000 0.50020000
vn -0.18350000 -0.11980000 0.97570000
vn -0.83020000 -0.16060000 0.53380000
vn -0.63130000 -0.39770000 0.66580000
vn -0.76310000 -0.21560000 0.60920000
vn 0.17330000 0.11450000 -0.97820000
vn -0.60110000 -0.37240000 0.70710000
vn -0.54900000 -0.27680000 0.78860000
vn -0.01220000 0.80040000 -0.59940000
vn 0.32000000 0.65140000 -0.68790000
vn 0.79950000 0.59830000 -0.05300000
vn 0.00620000 1.00000000 0.00680000
vn 0.47680000 0.75500000 0.45020000
vn 0.56710000 0.70860000 0.41980000
vn -0.99970000 0.02580000 -0.00320000
vn -0.99560000 -0.09410000 -0.00330000
vn -0.70860000 -0.07330000 0.70180000
vn -0.93410000 -0.18060000 0.30790000
vn -0.99930000 -0.03790000 0.00570000
vn -0.80980000 -0.30660000 0.50020000
vn -0.83020000 -0.16060000 0.53380000
vn -0.70900000 -0.07240000 0.70150000
vn -0.76310000 -0.21560000 0.60920000
vn -0.00000000 -0.00000000 1.00000000
vn -0.70150000 0.09250000 0.70660000
vn 0.17330000 0.11450000 -0.97820000
vn -0.83020000 -0.16060000 0.53380000
vn -0.70900000 -0.07240000 0.70150000
vn -0.76310000 -0.21560000 0.60920000
vn -0.70860000 -0.07330000 0.70180000
vn -0.92610000 -0.35160000 0.13690000
vn -0.80980000 -0.30660000 0.50020000
vn -0.54900000 -0.27680000 0.78860000
vn -0.88030000 -0.36920000 0.29790000
vn -0.85860000 -0.44790000 0.24930000
vn -0.88930000 -0.31470000 0.33180000
vn -0.93410000 -0.18060000 0.30790000
vn -0.95510000 -0.29630000 -0.00000000
vn -0.98050000 -0.19630000 -0.00150000
vn -0.95800000 -0.28670000 0.00220000
vn -0.88930000 -0.31470000 0.33180000
vn -0.92610000 -0.35160000 0.13690000
vn -0.00000000 -0.00000000 1.00000000
vn -0.68720000 0.16860000 0.70660000
vn -0.66470000 0.24270000 0.70660000
vn -0.65690000 0.22160000 0.72070000
vn -0.97120000 0.23830000 -0.00190000
vn -0.97700000 0.21340000 0.00390000
vn -0.68720000 0.16860000 0.70660000
vn -0.70150000 0.09260000 0.70660000
vn -0.99140000 0.13080000 -0.00320000
vn -0.68720000 0.16860000 0.70660000
vn -0.00000000 -0.00000000 1.00000000
vn -0.70150000 0.09250000 0.70660000
vn -0.70150000 0.09260000 0.70660000
vn -0.70150000 0.09260000 0.70660000
vn -0.99140000 0.13080000 -0.00320000
vn -0.70900000 -0.07240000 0.70150000
vn -0.99610000 0.08850000 0.00470000
vn -0.99970000 0.02580000 -0.00320000
vn -0.70860000 -0.07330000 0.70180000
vn -0.70150000 0.09250000 0.70660000
vn 0.22350000 -0.67510000 0.70300000
vn 0.22880000 -0.66660000 0.70940000
vn -0.00000000 -0.00000000 1.00000000
vn 0.02030000 -0.68040000 0.73260000
vn 0.10840000 -0.71870000 0.68680000
vn 0.14920000 -0.98880000 -0.00000000
vn 0.10840000 -0.71870000 0.68680000
vn 0.22350000 -0.67510000 0.70300000
vn 0.31430000 -0.94930000 -0.00000000
vn 0.02030000 -0.68040000 0.73260000
vn -0.00000000 -0.00000000 1.00000000
vn -0.13690000 -0.71060000 0.69020000
vn -0.21060000 -0.64090000 0.73820000
vn -0.00070000 -0.00000000 1.00000000
vn 0.00010000 0.00030000 1.00000000
vn -0.01440000 -0.70880000 0.70530000
vn -0.18910000 -0.98190000 -0.00000000
vn -0.01440000 -0.70880000 0.70530000
vn -0.13690000 -0.71060000 0.69020000
vn -0.02030000 -0.99980000 -0.00000000
vn -0.45040000 -0.53430000 0.71530000
vn -0.64450000 -0.76460000 -0.00000000
vn -0.37550000 -0.64040000 0.67000000
vn -0.50590000 -0.86260000 -0.00000000
vn -0.64450000 -0.76460000 -0.00000000
vn -0.55180000 -0.46510000 0.69230000
vn -0.76460000 -0.64450000 -0.00000000
vn -0.45040000 -0.53430000 0.71530000
vn -0.45200000 -0.49620000 0.74120000
vn -0.59990000 -0.30300000 0.74050000
vn -0.60990000 -0.35760000 0.70720000
vn 0.00090000 0.00040000 1.00000000
vn -0.55180000 -0.46510000 0.69230000
vn -0.45200000 -0.49620000 0.74120000
vn 0.00060000 0.00070000 1.00000000
vn 0.00060000 0.00060000 1.00000000
vn -0.67670000 -0.25500000 0.69070000
vn -0.60990000 -0.35760000 0.70720000
vn -0.86260000 -0.50590000 -0.00000000
vn -0.59990000 -0.30300000 0.74050000
vn -0.93580000 -0.35260000 -0.00000000
vn -0.66580000 -0.04620000 0.74470000
vn -0.71060000 -0.13690000 0.69010000
vn -0.59990000 -0.30300000 0.74050000
vn 0.00040000 -0.00100000 1.00000000
vn 0.00010000 0.00010000 1.00000000
vn 0.00090000 0.00040000 1.00000000
vn -0.67670000 -0.25500000 0.69070000
vn -0.98190000 -0.18910000 -0.00000000
vn -0.71060000 -0.13690000 0.69010000
vn -0.93580000 -0.35260000 -0.00000000
vn -0.67670000 -0.25500000 0.69070000
vn -0.70090000 -0.01420000 0.71310000
vn -0.66580000 -0.04620000 0.74470000
vn -0.65690000 0.22160000 0.72070000
vn 0.00010000 0.00010000 1.00000000
vn -0.66200000 0.21920000 0.71670000
vn -0.73160000 0.11040000 0.67280000
vn -0.00000000 -0.00000000 1.00000000
vn 0.16420000 -0.66920000 0.72470000
vn 0.22190000 -0.97510000 0.00270000
vn 0.13080000 -0.99140000 -0.00240000
vn 0.23830000 -0.97120000 -0.00140000
vn 0.09450000 -0.71610000 0.69160000
vn 0.09450000 -0.71610000 0.69160000
vn -0.00000000 -0.00000000 1.00000000
vn 0.16420000 -0.66920000 0.72470000
vn 0.22880000 -0.66660000 0.70940000
vn 0.24770000 -0.67850000 0.69160000
vn 0.10370000 -0.70030000 0.70620000
vn 0.31430000 -0.94930000 -0.00000000
vn 0.22880000 -0.66660000 0.70940000
vn 0.22350000 -0.67510000 0.70300000
vn 0.34290000 -0.93940000 -0.00000000
vn 0.24770000 -0.67850000 0.69160000
vn -0.32240000 -0.86130000 0.39280000
vn 0.00050000 -0.94630000 -0.32330000
vn -0.15400000 -0.77370000 0.61460000
vn -0.03390000 -0.99940000 0.00030000
vn -0.11960000 -0.99280000 -0.00020000
vn -0.20050000 -0.97970000 -0.00150000
vn -0.13780000 -0.99050000 0.00320000
vn -0.11960000 -0.99280000 -0.00020000
vn 0.00050000 -0.94630000 -0.32330000
vn -0.15980000 -0.98720000 -0.00140000
vn 0.85380000 -0.00080000 0.52050000
vn -0.00000000 -1.00000000 -0.00000000
vn 0.98300000 0.06830000 0.17040000
vn -0.14260000 -0.98980000 -0.00220000
vn -0.97550000 0.10940000 0.19100000
vn -0.00030000 -1.00000000 -0.00060000
vn -0.00030000 -1.00000000 0.00020000
vn -0.00000000 -1.00000000 -0.00000000
vn -0.85380000 -0.00330000 0.52050000
vn -0.97190000 -0.14590000 -0.18490000
vn -0.97970000 -0.11390000 -0.16510000
vn -0.85430000 0.00310000 0.51970000
vn -0.56990000 -0.26310000 0.77850000
vn -0.85430000 0.00310000 0.51970000
vn -0.27500000 0.11800000 0.95420000
vn -0.85380000 -0.00330000 0.52050000
vn -0.00000000 -1.00000000 -0.00000000
vn -0.27500000 0.11800000 0.95420000
vn -0.00000000 -0.00030000 1.00000000
vn -0.00000000 -1.00000000 -0.00000000
vn -0.00000000 -0.00000000 1.00000000
vn -0.00000000 -0.00030000 1.00000000
vn 0.00040000 -1.00000000 0.00040000
vn -0.56990000 -0.26310000 0.77850000
vn -0.00000000 -1.00000000 -0.00000000
vn -0.27500000 0.11800000 0.95420000
vn -0.00020000 -1.00000000 0.00030000
vn -0.00000000 -1.00000000 -0.00000000
vn -0.00000000 -0.00030000 1.00000000
vn -0.00000000 -0.00000000 1.00000000
vn 0.27390000 -0.00000000 0.96170000
vn 0.85380000 -0.00080000 0.52050000
vn 0.85390000 0.00040000 0.52040000
vn 0.99720000 -0.07210000 0.01900000
vn 0.98300000 0.06830000 0.17040000
vn -0.00000000 -1.00000000 -0.00000000
vn -0.00000000 -1.00000000 -0.00000000
vn 0.85380000 -0.00080000 0.52050000
vn 0.27390000 -0.00000000 0.96170000
vn 0.85390000 0.00040000 0.52040000
vn 0.37540000 -0.16980000 0.91120000
vn -0.00000000 -1.00000000 -0.00000000
vn 0.17220000 -0.98510000 -0.00110000
vn -0.85380000 -0.00330000 0.52050000
vn -0.97550000 0.10940000 0.19100000
vn 0.14260000 -0.98980000 -0.00240000
vn -0.00000000 -1.00000000 -0.00000000
vn 0.70890000 0.15880000 -0.68720000
vn 0.85370000 -0.00650000 -0.52070000
vn 0.85410000 -0.00220000 -0.52010000
vn -0.00000000 -0.00000000 1.00000000
vn -0.14260000 -0.98980000 0.00190000
vn -0.00000000 -1.00000000 -0.00000000
vn 0.84990000 -0.52690000 -0.00060000
vn 0.71530000 -0.69880000 0.00050000
vn -0.00000000 -0.00000000 1.00000000
vn 0.68880000 -0.72490000 -0.00110000
vn -0.00000000 -1.00000000 -0.00000000
vn -0.00000000 -0.00000000 1.00000000
vn 0.14260000 -0.98980000 0.00270000
vn -0.00000000 -0.00000000 1.00000000
vn 0.84200000 -0.53950000 -0.00000000
vn 0.84990000 -0.52690000 -0.00060000
vn 0.85650000 -0.51620000 -0.00000000
vn -0.74810000 -0.66360000 -0.00000000
vn -0.65720000 -0.75370000 -0.00030000
vn -0.00000000 -0.00000000 1.00000000
vn -0.66650000 -0.74550000 -0.00000000
vn -0.00000000 -0.00000000 1.00000000
vn 0.48270000 -0.87580000 -0.00240000
vn 0.68880000 -0.72490000 -0.00110000
vn 0.52880000 -0.84870000 0.00110000
vn -0.00000000 -0.00000000 1.00000000
vn 0.73690000 0.67600000 -0.00160000
vn 0.78000000 0.62580000 0.00140000
vn 0.73250000 0.68080000 -0.00000000
vn -0.00000000 -0.00000000 1.00000000
vn 0.89080000 0.45430000 0.00060000
vn 0.92150000 0.38830000 -0.00060000
vn 0.97230000 0.23380000 -0.00140000
vn 0.98260000 0.18580000 0.00120000
vn 0.96640000 0.25700000 0.00110000
vn -0.00000000 -0.00000000 1.00000000
vn -0.00000000 -0.00000000 1.00000000
vn 0.99310000 0.11740000 0.00110000
vn 0.98260000 0.18580000 0.00120000
vn 0.98760000 0.15670000 -0.00150000
vn 0.97380000 -0.22740000 0.00030000
vn -0.00000000 -0.00000000 1.00000000
vn 0.98720000 -0.15920000 -0.00030000
vn 0.98720000 -0.15920000 -0.00030000
vn 0.99590000 -0.09040000 0.00060000
vn -0.00000000 -0.00000000 1.00000000
vn 0.98760000 -0.15670000 -0.00060000
vn -0.00000000 -0.00000000 1.00000000
vn 0.95460000 -0.29780000 -0.00230000
vn 0.97230000 -0.23380000 -0.00060000
vn 0.97380000 -0.22740000 0.00030000
vn 0.95160000 -0.30750000 0.00080000
vn 0.92410000 -0.38230000 -0.00220000
vn 0.93170000 -0.36320000 0.00130000
vn 0.90580000 -0.42360000 0.00180000
vn -0.00000000 -0.00000000 1.00000000
vn -0.65560000 -0.75510000 -0.00000000
vn -0.84200000 -0.53950000 -0.00000000
vn -0.00000000 -0.00000000 1.00000000
vn 0.90580000 -0.42360000 0.00180000
vn -0.00000000 -0.00000000 1.00000000
vn 0.87420000 -0.48550000 0.00230000
vn 0.89220000 -0.45170000 -0.00250000
vn -0.00000000 -0.00000000 1.00000000
vn -0.14690000 -0.98910000 0.00170000
vn -0.41590000 -0.90940000 -0.00380000
vn -0.14260000 -0.98980000 0.00190000
vn 0.75270000 -0.65840000 0.00170000
vn 0.79660000 -0.60450000 0.00170000
vn -0.00000000 -0.00000000 1.00000000
vn 0.76610000 -0.64270000 -0.00210000
vn 0.60050000 -0.79970000 -0.00060000
vn 0.65170000 -0.75850000 0.00050000
vn -0.00000000 -0.00000000 1.00000000
vn 0.47100000 -0.88210000 -0.00140000
vn -0.00000000 -0.00000000 1.00000000
vn 0.42860000 -0.90350000 0.00070000
vn 0.48090000 -0.87680000 0.00110000
vn -0.79240000 -0.60990000 -0.00270000
vn -0.00000000 -0.00000000 1.00000000
vn -0.82150000 -0.57020000 0.00180000
vn -0.78010000 -0.62570000 0.00140000
vn -0.00000000 -0.00000000 1.00000000
vn -0.84210000 -0.53940000 -0.00310000
vn -0.82150000 -0.57020000 0.00180000
vn -0.85910000 -0.51180000 0.00210000
vn -0.94510000 -0.32670000 0.00150000
vn -0.00000000 -0.00000000 1.00000000
vn -0.94980000 -0.31300000 -0.00130000
vn -0.96550000 -0.26050000 0.00090000
vn -0.88390000 -0.46760000 -0.00000000
vn -0.00000000 -0.00000000 1.00000000
vn -0.82180000 -0.56970000 -0.00000000
vn -0.98050000 -0.19640000 0.00110000
vn -0.98760000 -0.15670000 -0.00150000
vn -0.99180000 -0.12800000 0.00120000
vn -0.00000000 -0.00000000 1.00000000
vn -0.00000000 -0.00000000 1.00000000
vn -0.99710000 0.07610000 -0.00000000
vn -1.00000000 0.00680000 -0.00000000
vn -0.98940000 0.14500000 0.00030000
vn -0.97700000 0.21330000 0.00100000
vn -0.98760000 0.15670000 -0.00110000
vn -0.00000000 -0.00000000 1.00000000
vn -0.93690000 0.34970000 0.00180000
vn -0.95880000 0.28390000 0.00120000
vn -0.00000000 -0.00000000 1.00000000
vn -0.94930000 0.31450000 -0.00190000
vn -0.91030000 0.41390000 0.00220000
vn -0.00000000 -0.00000000 1.00000000
vn -0.89080000 0.45440000 -0.00250000
vn -0.87780000 0.47910000 0.00210000
vn -0.00000000 -0.00000000 1.00000000
vn -0.91030000 0.41390000 0.00220000
vn -0.93690000 0.34970000 0.00180000
vn -0.92370000 0.38320000 -0.00260000
vn -0.71550000 0.69870000 0.00060000
vn -0.66530000 0.74660000 0.00170000
vn -0.00000000 -0.00000000 1.00000000
vn -0.70710000 0.70710000 -0.00190000
vn -0.66530000 0.74660000 0.00170000
vn -0.00000000 -0.00000000 1.00000000
vn -0.61200000 0.79090000 0.00170000
vn -0.64950000 0.76030000 -0.00220000
vn -0.50570000 -0.86270000 -0.00140000
vn -0.00000000 -0.00000000 1.00000000
vn -0.00000000 -0.00000000 -1.00000000
vn -0.54860000 -0.83610000 0.00220000
vn -0.57930000 -0.81510000 0.00020000
vn -0.65720000 -0.75370000 -0.00030000
vn -0.31350000 0.94960000 0.00020000
vn -0.37860000 0.92560000 -0.00020000
vn -0.00000000 -0.00000000 1.00000000
vn -0.00000000 -0.00000000 1.00000000
vn -0.31350000 0.94960000 0.00020000
vn -0.31080000 0.95050000 -0.00050000
vn -0.24700000 0.96900000 0.00040000
vn -0.11420000 0.99350000 0.00130000
vn -0.18270000 0.98320000 0.00090000
vn -0.00000000 -0.00000000 1.00000000
vn -0.15670000 0.98760000 -0.00150000
vn 0.30420000 0.95260000 -0.00120000
vn 0.23390000 0.97230000 -0.00020000
vn 0.30890000 0.95110000 0.00020000
vn -0.00000000 -0.00000000 1.00000000
vn 0.16590000 0.98610000 0.00020000
vn 0.23380000 0.97230000 -0.00020000
vn 0.23390000 0.97230000 -0.00020000
vn -0.00000000 -0.00000000 1.00000000
vn 0.53940000 0.84210000 -0.00250000
vn 0.55050000 0.83480000 0.00030000
vn 0.49440000 0.86920000 0.00170000
vn -0.00000000 -0.00000000 1.00000000
vn 0.65410000 0.75640000 0.00070000
vn 0.60990000 0.79250000 -0.00130000
vn 0.60710000 0.79460000 -0.00040000
vn -0.00000000 -0.00000000 1.00000000
vn 0.60710000 0.79460000 -0.00040000
vn -0.00000000 -0.00000000 1.00000000
vn 0.55050000 0.83480000 0.00030000
vn 0.67600000 0.73690000 -0.00310000
vn 0.65410000 0.75640000 0.00070000
vn 0.68980000 0.72400000 -0.00000000
vn -0.00000000 -0.00000000 1.00000000
vn -0.40070000 -0.91620000 -0.00000000
vn -0.00000000 -0.00000000 1.00000000
vn -0.40450000 -0.91450000 -0.00110000
vn -0.00000000 -0.00000000 -1.00000000
vn -0.46630000 -0.88460000 0.00100000
vn -0.61510000 -0.78850000 -0.00280000
vn -0.63770000 -0.77030000 0.00140000
vn -0.58420000 -0.81160000 0.00230000
vn -0.00000000 -0.00000000 1.00000000
vn -0.54850000 -0.83610000 -0.00280000
vn -0.52640000 -0.85020000 0.00150000
vn -0.00000000 -0.00000000 1.00000000
vn -0.58420000 -0.81160000 0.00230000
vn -0.40070000 -0.91620000 -0.00000000
vn -0.42950000 -0.90310000 -0.00080000
vn -0.00000000 -0.00000000 -1.00000000
vn 0.84200000 -0.53950000 -0.00000000
vn 0.65560000 -0.75510000 -0.00000000
vn -0.00000000 -0.00000000 1.00000000
vn -0.54110000 -0.83880000 -0.05950000
vn -0.40220000 -0.91540000 0.01400000
vn -0.00000000 -0.00000000 -1.00000000
vn -0.01170000 -0.99990000 -0.00460000
vn -0.29730000 -0.67580000 -0.67440000
vn 0.00310000 -1.00000000 0.00620000
vn -0.01170000 -0.99990000 -0.00460000
vn 0.00380000 -0.92230000 -0.38650000
vn -0.40220000 -0.91540000 0.01400000
vn -0.31750000 -0.61020000 -0.72580000
vn 0.06430000 -0.78090000 -0.62130000
vn -0.82970000 -0.55480000 0.06130000
vn -0.96370000 -0.26090000 -0.05720000
vn -0.54110000 -0.83880000 -0.05950000
vn -0.00000000 -0.00000000 -1.00000000
vn -0.54820000 -0.50220000 -0.66880000
vn -0.40220000 -0.91540000 0.01400000
vn -0.54550000 -0.36850000 -0.75280000
vn -0.29730000 -0.67580000 -0.67440000
vn -0.82970000 -0.55480000 0.06130000
vn -0.54110000 -0.83880000 -0.05950000
vn -0.00000000 0.76220000 -0.64730000
vn -0.00390000 1.00000000 -0.00820000
vn 0.30740000 0.61670000 -0.72470000
vn -0.00360000 1.00000000 -0.00850000
vn 0.43990000 0.89770000 0.02620000
vn -0.00570000 0.75100000 -0.66030000
vn 0.86350000 0.50410000 -0.01190000
vn 0.50340000 0.86390000 -0.01350000
vn 0.00010000 -0.00000000 -1.00000000
vn -0.00040000 -0.00010000 -1.00000000
vn 0.90210000 0.43030000 0.03220000
vn 0.86350000 0.50410000 -0.01190000
vn 0.99820000 -0.05290000 -0.02660000
vn -0.00040000 -0.00010000 -1.00000000
vn 0.73740000 -0.09330000 -0.66900000
vn 0.74110000 -0.09760000 -0.66420000
vn 0.59350000 -0.44870000 -0.66820000
vn 0.99170000 -0.12830000 0.01300000
vn 0.79790000 -0.60280000 0.01020000
vn -0.00010000 0.00010000 -1.00000000
vn 0.40910000 -0.91220000 0.02280000
vn 0.29540000 -0.95510000 -0.02350000
vn 0.75440000 -0.65600000 -0.02570000
vn 0.61210000 -0.59730000 -0.51830000
vn 0.28900000 -0.65590000 -0.69730000
vn 0.59350000 -0.44870000 -0.66820000
vn 0.75440000 -0.65600000 -0.02570000
vn 0.79790000 -0.60280000 0.01020000
vn 0.40910000 -0.91220000 0.02280000
vn -0.00000000 -0.00000000 -1.00000000
vn -0.00010000 0.00010000 -1.00000000
vn -0.01170000 -0.99990000 -0.00460000
vn 0.00310000 -1.00000000 0.00620000
vn 0.29540000 -0.95510000 -0.02350000
vn -0.00010000 0.00010000 -1.00000000
vn -0.65670000 -0.75160000 -0.06150000
vn -0.00000000 -0.00000000 -1.00000000
vn -0.80140000 -0.59750000 0.02590000
vn -0.97020000 -0.24140000 -0.02200000
vn -0.95580000 0.29250000 -0.02990000
vn -0.92520000 0.37900000 0.01740000
vn 0.00020000 -0.00020000 -1.00000000
vn -0.60680000 0.79470000 0.01340000
vn -0.50870000 0.85950000 -0.04980000
vn -0.00010000 -0.00010000 -1.00000000
vn -0.00010000 0.00010000 -1.00000000
vn 0.16340000 0.98570000 -0.04020000
vn 0.00010000 0.00010000 -1.00000000
vn 0.00020000 -0.00020000 -1.00000000
vn -0.50870000 0.85950000 -0.04980000
vn -0.13290000 0.99010000 0.04430000
vn -0.00000000 -0.00000000 -1.00000000
vn -0.00010000 -0.00000000 -1.00000000
vn -0.50870000 0.85950000 -0.04980000
vn -0.45370000 0.59170000 -0.66630000
vn -0.09750000 0.74040000 -0.66510000
vn -0.10060000 0.74320000 -0.66150000
vn -0.60680000 0.79470000 0.01340000
vn -0.13290000 0.99010000 0.04430000
vn -0.00000000 -0.00000000 -1.00000000
vn 0.69040000 0.72220000 -0.04320000
vn 0.16340000 0.98570000 -0.04020000
vn 0.37310000 0.92720000 0.03250000
vn 0.60860000 0.79350000 -0.00000000
vn 0.79330000 0.60880000 -0.00000000
vn 0.67020000 0.66590000 0.32770000
vn 0.61130000 0.79140000 -0.00030000
vn 0.64650000 0.50060000 -0.57580000
vn 0.61130000 0.79140000 -0.00030000
vn 0.10860000 0.82480000 -0.55490000
vn 0.10460000 0.81770000 -0.56600000
vn 0.60860000 0.79350000 -0.00000000
vn 0.37720000 0.92610000 0.00050000
vn 0.00060000 0.00070000 1.00000000
vn -0.00050000 0.00090000 1.00000000
vn 0.00060000 0.00060000 1.00000000
vn 0.10460000 0.81770000 -0.56600000
vn -0.12990000 0.99150000 -0.00010000
vn 0.13050000 0.99140000 -0.00000000
vn 0.10860000 0.82480000 -0.55490000
vn 0.13240000 0.99120000 -0.00010000
vn -0.38410000 0.92330000 0.00010000
vn -0.31500000 0.76040000 0.56790000
vn -0.38270000 0.92390000 -0.00000000
vn -0.13230000 0.99120000 -0.00000000
vn -0.79350000 0.60860000 -0.00000000
vn -0.92390000 0.38270000 -0.00000000
vn -0.92290000 0.38490000 -0.00020000
vn -0.81710000 0.47420000 0.32780000
vn -0.60880000 0.79330000 -0.00000000
vn -0.00070000 -0.00000000 1.00000000
vn -0.00000000 0.00020000 1.00000000
vn -0.79640000 0.60470000 0.00040000
vn -0.76370000 0.31340000 -0.56440000
vn -0.76880000 0.31840000 -0.55460000
vn -0.47360000 0.81620000 -0.33090000
vn -0.60620000 0.79530000 -0.00030000
vn -0.00000000 -0.00000000 1.00000000
vn -0.79350000 0.60860000 -0.00000000
vn -0.79640000 0.60470000 0.00040000
vn -0.92390000 0.38270000 -0.00000000
vn -0.76880000 0.31840000 -0.55460000
vn -0.94400000 -0.00020000 0.32980000
vn -0.81710000 0.47420000 0.32780000
vn -0.00010000 -0.00010000 -1.00000000
vn -0.99130000 0.13140000 -0.00010000
vn -0.00000000 -0.00000000 -1.00000000
vn -0.92290000 0.38490000 -0.00020000
vn -0.99160000 0.12950000 0.00010000
vn -0.99130000 0.13140000 -0.00010000
vn -0.00010000 -0.00010000 1.00000000
vn -0.00020000 0.00030000 1.00000000
vn -0.00000000 0.00020000 1.00000000
vn -0.99130000 -0.13160000 0.00010000
vn -0.99160000 0.12950000 0.00010000
vn -0.91270000 -0.24450000 -0.32730000
vn -0.76370000 0.31340000 -0.56440000
vn -0.92390000 0.38270000 -0.00000000
vn -0.76880000 0.31840000 -0.55460000
vn -0.99130000 0.13140000 -0.00010000
vn -0.92290000 0.38490000 -0.00020000
vn -0.76370000 0.31340000 -0.56440000
vn -0.92440000 -0.38140000 -0.00010000
vn -0.00010000 -0.00010000 -1.00000000
vn -0.94400000 -0.00020000 0.32980000
vn -0.99150000 -0.13010000 -0.00000000
vn -0.00000000 -0.00000000 -1.00000000
vn -0.92320000 -0.38420000 0.00010000
vn -0.87750000 -0.44140000 0.18750000
vn -0.00020000 0.00030000 1.00000000
vn -0.50060000 -0.65170000 -0.56980000
vn -0.91270000 -0.24450000 -0.32730000
vn -0.92320000 -0.38420000 0.00010000
vn -0.92440000 -0.38140000 -0.00010000
vn -0.00030000 0.00050000 1.00000000
vn -0.79290000 -0.60930000 0.00010000
vn -0.87750000 -0.44140000 0.18750000
vn -0.79340000 -0.60870000 -0.00000000
vn -0.79290000 -0.60930000 0.00010000
vn -0.92320000 -0.38420000 0.00010000
vn -0.67690000 -0.51940000 -0.52150000
vn 0.31580000 0.76020000 -0.56770000
vn 0.60800000 0.79390000 0.00010000
vn 0.79430000 0.60760000 -0.00020000
vn 0.79220000 0.61030000 0.00010000
vn 0.76120000 0.31590000 -0.56630000
vn -0.00000000 0.00010000 1.00000000
vn 0.00020000 -0.00010000 1.00000000
vn 0.00060000 0.00020000 1.00000000
vn 0.60800000 0.79390000 0.00010000
vn 0.60880000 0.79340000 -0.00000000
vn 0.38270000 0.92390000 -0.00000000
vn 0.31580000 0.76020000 -0.56770000
vn 0.31590000 0.76250000 -0.56470000
vn 0.60880000 0.79340000 -0.00000000
vn 0.50280000 0.65520000 0.56380000
vn 0.79220000 0.61030000 0.00010000
vn 0.60800000 0.79390000 0.00010000
vn 0.13310000 0.99110000 -0.00030000
vn 0.00010000 0.00020000 -1.00000000
vn -0.00000000 0.00010000 -1.00000000
vn 0.38170000 0.92430000 0.00010000
vn 0.00010000 -0.00000000 -1.00000000
vn -0.11050000 0.81530000 0.56830000
vn 0.12650000 0.99200000 0.00020000
vn -0.10840000 0.82340000 0.55700000
vn 0.49630000 0.65140000 0.57380000
vn -0.92390000 0.38270000 -0.00000000
vn -0.51580000 0.30050000 0.80230000
vn -0.79330000 0.60880000 -0.00000000
vn -0.77420000 0.32070000 0.54570000
vn -0.65490000 0.50250000 0.56450000
vn -0.79330000 0.60880000 -0.00000000
vn -0.75600000 0.31460000 -0.57400000
vn -0.75960000 0.31460000 -0.56920000
vn -0.79360000 0.60850000 -0.00000000
vn -0.92390000 0.38270000 -0.00000000
vn -0.99160000 -0.12970000 0.00020000
vn -0.99130000 -0.13190000 -0.00000000
vn -0.76080000 -0.31510000 0.56740000
vn -0.92390000 -0.38270000 -0.00000000
vn -0.75450000 -0.30900000 0.57890000
vn -0.00000000 -0.00060000 1.00000000
vn -0.00050000 0.00040000 1.00000000
vn -0.99120000 0.13210000 -0.00000000
vn -0.99160000 -0.12970000 0.00020000
vn -0.00160000 -0.00010000 1.00000000
vn -0.99040000 0.13840000 -0.00050000
vn -0.00060000 0.00010000 1.00000000
vn -0.76270000 -0.31440000 -0.56520000
vn -0.75890000 -0.31430000 -0.57040000
vn -0.75960000 0.31460000 -0.56920000
vn -0.75600000 0.31460000 -0.57400000
vn -0.99130000 -0.13190000 -0.00000000
vn -0.79450000 -0.60730000 -0.00000000
vn -0.92390000 -0.38270000 -0.00000000
vn -0.76080000 -0.31510000 0.56740000
vn -0.00010000 -0.00030000 -1.00000000
vn -0.47020000 -0.81850000 0.33020000
vn -0.75450000 -0.30900000 0.57890000
vn -0.79510000 -0.60650000 0.00010000
vn -0.79450000 -0.60730000 -0.00000000
vn -0.76080000 -0.31510000 0.56740000
vn -0.60720000 -0.79450000 -0.00010000
vn -0.00000000 -0.00000000 -1.00000000
vn -0.00000000 -0.00010000 -1.00000000
vn 0.38470000 0.92300000 0.00020000
vn 0.38270000 0.92390000 -0.00000000
vn 0.50130000 0.65330000 -0.56740000
vn 0.60870000 0.79340000 -0.00000000
vn -0.60930000 0.79300000 -0.00010000
vn -0.60740000 0.79440000 0.00010000
vn -0.38040000 0.92480000 0.00020000
vn -0.00000000 -0.00000000 1.00000000
vn -0.00100000 0.00230000 1.00000000
vn 0.00020000 0.00050000 1.00000000
vn -0.65180000 0.50270000 -0.56790000
vn -0.10630000 0.81790000 -0.56540000
vn -0.99240000 0.12280000 -0.00060000
vn -0.00000000 0.00020000 -1.00000000
vn -0.83050000 -0.10940000 0.54620000
vn -0.57350000 -0.15700000 0.80400000
vn -0.81690000 0.46920000 0.33550000
vn -0.00010000 -0.00000000 -1.00000000
vn -0.92250000 0.38590000 0.00030000
vn -0.92400000 0.38230000 -0.00000000
vn -0.00020000 0.00010000 -1.00000000
vn -0.92400000 0.38230000 -0.00000000
vn -0.79340000 0.60880000 -0.00000000
vn -0.81690000 0.46920000 0.33550000
vn -0.79360000 0.60850000 -0.00000000
vn -0.79420000 -0.60760000 -0.00000000
vn -0.92370000 -0.38320000 -0.00000000
vn -0.75850000 -0.31420000 0.57090000
vn -0.92390000 -0.38270000 -0.00000000
vn -0.75850000 -0.31420000 0.57090000
vn -0.99140000 -0.13050000 -0.00000000
vn -0.99170000 -0.12840000 0.00020000
vn -0.83050000 -0.10940000 0.54620000
vn -0.92390000 -0.38270000 -0.00000000
vn -0.57350000 -0.15700000 0.80400000
vn -0.99140000 -0.13050000 -0.00000000
vn -0.94410000 0.00210000 -0.32960000
vn -0.99150000 0.13040000 -0.00000000
vn -0.99170000 -0.12840000 0.00020000
vn 0.60800000 0.79390000 0.00010000
vn 0.31630000 0.76040000 -0.56720000
vn 0.76070000 0.31530000 -0.56730000
vn 0.79340000 0.60870000 0.00010000
vn 0.79420000 0.60770000 -0.00000000
vn 0.00010000 -0.00000000 1.00000000
vn -0.00000000 0.00060000 1.00000000
vn -0.00010000 0.00020000 1.00000000
vn 0.38270000 0.92390000 -0.00000000
vn 0.60800000 0.79390000 0.00010000
vn 0.60870000 0.79340000 -0.00000000
vn 0.31640000 0.76380000 -0.56270000
vn 0.31630000 0.76040000 -0.56720000
vn -0.13070000 0.99140000 -0.00000000
vn 0.31630000 0.76040000 -0.56720000
vn 0.13300000 0.99110000 -0.00000000
vn 0.13090000 0.99140000 0.00020000
vn 0.31640000 0.76380000 -0.56270000
vn -0.31300000 0.75950000 -0.57030000
vn -0.00010000 0.00020000 1.00000000
vn 0.00060000 -0.00000000 1.00000000
vn -0.00000000 -0.00000000 1.00000000
vn -0.13070000 0.99140000 -0.00000000
vn -0.13010000 0.99150000 -0.00000000
vn -0.31570000 0.76220000 -0.56510000
vn -0.31300000 0.75950000 -0.57030000
vn -0.38270000 0.92390000 -0.00010000
vn -0.38420000 0.92320000 -0.00000000
vn -0.51940000 0.67700000 -0.52150000
vn -0.44140000 0.87750000 0.18750000
vn -0.60690000 0.79480000 -0.00000000
vn -0.60870000 0.79340000 0.00020000
vn -0.38420000 0.92320000 -0.00000000
vn -0.44140000 0.87750000 0.18750000
vn -0.13010000 0.99150000 -0.00000000
vn -0.00000000 -0.00000000 -1.00000000
vn 0.00210000 0.94210000 0.33530000
vn -0.00010000 0.00010000 -1.00000000
vn -0.38270000 0.92390000 -0.00010000
vn -0.56340000 0.43230000 -0.70400000
vn -0.92390000 0.38270000 -0.00000000
vn -0.76660000 0.31750000 0.55820000
vn -0.93440000 0.19480000 -0.29810000
vn -0.79340000 0.60870000 -0.00000000
vn -0.79340000 0.60870000 -0.00000000
vn -0.51940000 0.67700000 -0.52150000
vn -0.56340000 0.43230000 -0.70400000
vn -0.79360000 0.60840000 -0.00000000
vn -0.60870000 0.79340000 0.00020000
vn -0.00020000 -0.00050000 1.00000000
vn 0.00060000 -0.00000000 1.00000000
vn -0.31300000 0.75950000 -0.57030000
vn -0.75750000 0.31470000 -0.57200000
vn -0.31570000 0.76220000 -0.56510000
vn -0.60690000 0.79480000 -0.00000000
vn -0.79360000 0.60840000 -0.00000000
vn -0.00030000 0.00030000 1.00000000
vn -0.60870000 0.79340000 0.00020000
vn -0.99140000 -0.13050000 -0.00000000
vn -0.91150000 -0.24300000 0.33170000
vn -0.92440000 -0.38140000 -0.00000000
vn -0.99110000 -0.13310000 0.00020000
vn -0.91150000 -0.24300000 0.33170000
vn -0.76660000 0.31750000 0.55820000
vn -0.99090000 0.13440000 -0.00020000
vn -0.93440000 0.19480000 -0.29810000
vn -0.00010000 0.00010000 -1.00000000
vn -0.99140000 -0.13050000 -0.00000000
vn -0.00000000 -0.00000000 -1.00000000
vn -0.99110000 -0.13310000 0.00020000
vn -0.92440000 -0.38140000 -0.00000000
vn -0.99140000 -0.13050000 -0.00000000
vn -0.76280000 -0.31590000 -0.56420000
vn -0.92390000 -0.38270000 -0.00010000
vn -0.76330000 -0.31590000 -0.56360000
vn -0.79500000 -0.60660000 0.00020000
vn -0.76280000 -0.31590000 -0.56420000
vn -0.92390000 -0.38270000 -0.00010000
vn -0.79150000 -0.61110000 -0.00020000
vn -0.33770000 -0.94130000 0.00150000
vn -0.31970000 -0.94750000 -0.00180000
vn -0.33610000 -0.94180000 0.00190000
vn -0.00000000 -0.00000000 -1.00000000
vn 0.00020000 -0.00010000 -1.00000000
vn -0.00000000 -0.00000000 -1.00000000
vn -0.03250000 -0.99950000 -0.00220000
vn -0.10290000 -0.99470000 0.00360000
vn 0.01750000 -0.99980000 0.00480000
vn -0.10290000 -0.99470000 0.00360000
vn -0.13080000 -0.99140000 -0.00240000
vn 0.09290000 -0.70630000 0.70180000
vn -0.09450000 -0.71610000 0.69160000
vn -0.10330000 -0.70120000 0.70550000
vn -0.03250000 -0.99950000 -0.00220000
vn 0.53620000 -0.84410000 -0.00000000
vn -0.00000000 -0.00000000 -1.00000000
vn 0.26030000 -0.96550000 -0.00000000
vn 0.25600000 -0.96670000 0.00110000
vn 0.15620000 -0.98770000 -0.00080000
vn 0.13780000 -0.99050000 0.00310000
vn 0.25600000 -0.96670000 0.00110000
vn -0.00000000 -0.00000000 -1.00000000
vn 0.26030000 -0.96550000 -0.00000000
vn 0.38770000 -0.92180000 0.00040000
vn 0.40230000 -0.91550000 -0.00240000
vn 0.35430000 -0.90240000 0.24520000
vn 0.48270000 -0.87580000 -0.00240000
vn 0.52880000 -0.84870000 0.00110000
vn 0.53620000 -0.84410000 -0.00000000
vn 0.35260000 -0.86700000 0.35200000
vn -0.16760000 -0.98590000 -0.00000000
vn -0.31970000 -0.94750000 -0.00180000
vn -0.33610000 -0.94180000 0.00190000
vn -0.22780000 -0.66310000 0.71300000
vn -0.16600000 -0.98610000 0.00040000
vn -0.24380000 -0.67820000 0.69330000
vn -0.12110000 -0.73200000 0.67040000
vn -0.16600000 -0.98610000 0.00040000
vn -0.16760000 -0.98590000 -0.00000000
vn -0.00800000 -1.00000000 -0.00000000
vn -0.00000000 0.00010000 -1.00000000
vn -0.00000000 -0.00000000 -1.00000000
vn 0.00010000 -0.00000000 -1.00000000
vn 0.02390000 -0.67570000 0.73680000
vn -0.00570000 -0.70520000 0.70900000
vn 0.15000000 -0.98870000 -0.00000000
vn 0.10820000 -0.71270000 0.69310000
vn -0.00800000 -1.00000000 -0.00000000
vn -0.00000000 0.00010000 -1.00000000
vn 0.15000000 -0.98870000 -0.00000000
vn 0.30440000 -0.95250000 -0.00000000
vn -0.00000000 0.00010000 -1.00000000
vn 0.15000000 -0.98870000 -0.00000000
vn -0.00800000 -1.00000000 -0.00000000
vn 0.70710000 -0.70710000 -0.00000000
vn 0.58650000 -0.81000000 -0.00000000
vn 0.41620000 -0.57480000 0.70460000
vn 0.42700000 -0.53630000 0.72810000
vn 0.51160000 -0.51160000 0.69040000
vn 0.89250000 -0.45110000 -0.00000000
vn 0.81000000 -0.58650000 -0.00000000
vn 0.56990000 -0.38280000 0.72710000
vn 0.57200000 -0.41410000 0.70810000
vn 0.64630000 -0.32670000 0.68960000
vn -0.00020000 0.00010000 -1.00000000
vn 0.70710000 -0.70710000 -0.00000000
vn 0.81000000 -0.58650000 -0.00000000
vn -0.00010000 0.00010000 -1.00000000
vn 0.71580000 -0.10860000 0.68980000
vn 0.66900000 -0.21380000 0.71190000
vn 0.65170000 -0.17430000 0.73820000
vn 0.95250000 -0.30440000 -0.00000000
vn 0.98870000 -0.15000000 -0.00000000
vn 0.95250000 -0.30440000 -0.00000000
vn -0.00010000 -0.00030000 -1.00000000
vn 0.98870000 -0.15000000 -0.00000000
vn -0.00000000 -0.00000000 -1.00000000
vn -0.00020000 0.00010000 -1.00000000
vn 1.00000000 0.00800000 -0.00000000
vn -0.00000000 -0.00000000 -1.00000000
vn 0.98870000 -0.15000000 -0.00000000
vn 0.67780000 0.07250000 0.73160000
vn 0.69800000 0.11620000 0.70660000
vn 1.00000000 0.00800000 -0.00000000
vn 0.98590000 0.16750000 -0.00000000
vn 0.72500000 0.00580000 0.68870000
vn 0.69800000 0.11620000 0.70660000
vn 0.66600000 0.23890000 0.70670000
vn 0.98610000 0.16600000 0.00040000
vn 0.98590000 0.16750000 -0.00000000
vn 0.94750000 0.31970000 -0.00180000
vn 0.66220000 0.23390000 0.71190000
vn 0.94180000 0.33610000 0.00200000
vn 0.95290000 -0.30340000 -0.00000000
vn 0.95800000 -0.28670000 0.00320000
vn 0.95090000 -0.30950000 -0.00000000
vn -0.00000000 -0.00000000 -1.00000000
vn -0.00000000 -0.00000000 -1.00000000
vn 0.95800000 -0.28670000 0.00320000
vn 0.98650000 -0.16360000 0.00430000
vn 0.97700000 -0.21310000 -0.00200000
vn 0.85170000 -0.26180000 0.45390000
vn 0.90470000 -0.30630000 0.29620000
vn 0.90000000 -0.32160000 0.29430000
vn 0.98650000 -0.16360000 0.00430000
vn 0.97700000 -0.21310000 -0.00200000
vn 0.99240000 -0.12310000 -0.00170000
vn 0.99920000 0.04050000 -0.00130000
vn 0.99610000 0.08850000 0.00470000
vn -0.00000000 -0.00000000 -1.00000000
vn 0.99930000 -0.03790000 0.00270000
vn 0.98650000 -0.16360000 0.00430000
vn -0.00000000 -0.00000000 -1.00000000
vn 0.99930000 -0.03790000 0.00270000
vn 0.99240000 -0.12310000 -0.00170000
vn 0.99930000 -0.03780000 0.00270000
vn 0.99920000 0.04050000 -0.00130000
vn 0.99930000 -0.03790000 0.00270000
vn 0.78880000 -0.24790000 0.56250000
vn 0.75830000 -0.02480000 0.65140000
vn 0.83570000 -0.15220000 0.52770000
vn 0.99930000 -0.03780000 0.00270000
vn 0.97120000 0.23830000 -0.00190000
vn 0.99140000 0.13080000 -0.00320000
vn 0.70150000 0.09260000 0.70660000
vn 0.68720000 0.16860000 0.70660000
vn 0.97700000 0.21340000 0.00390000
vn 0.68720000 0.16860000 0.70660000
vn 0.94220000 0.33490000 0.00230000
vn 0.94180000 0.33610000 0.00200000
vn 0.97120000 0.23830000 -0.00190000
vn 0.66600000 0.23890000 0.70670000
vn 0.94220000 -0.33490000 0.00230000
vn -0.00000000 -0.00000000 -1.00000000
vn 0.97700000 -0.21340000 0.00390000
vn 0.97120000 -0.23830000 -0.00190000
vn 0.68720000 -0.16860000 0.70660000
vn 0.70150000 -0.09260000 0.70660000
vn 0.97120000 -0.23830000 -0.00190000
vn 0.99140000 -0.13080000 -0.00320000
vn 0.97700000 -0.21340000 0.00390000
vn 0.99610000 -0.08850000 0.00470000
vn 0.99140000 -0.13080000 -0.00320000
vn 0.00010000 -0.00000000 -1.00000000
vn -0.00000000 -0.00000000 -1.00000000
vn 0.97700000 -0.21340000 0.00390000
vn 0.70150000 -0.09260000 0.70660000
vn 0.70290000 -0.09130000 0.70540000
vn 0.71460000 0.07240000 0.69580000
vn 0.99970000 -0.02580000 -0.00320000
vn 0.99610000 -0.08850000 0.00470000
vn 0.99140000 -0.13080000 -0.00320000
vn 0.82530000 0.23170000 0.51500000
vn 0.99930000 0.03790000 0.00570000
vn 0.71460000 0.07240000 0.69580000
vn 0.99560000 0.09410000 -0.00330000
vn 0.99970000 -0.02580000 -0.00320000
vn 0.82840000 0.21480000 0.51730000
vn -0.00000000 -0.00000000 -1.00000000
vn 0.99930000 0.03790000 0.00570000
vn 0.98650000 0.16360000 0.00420000
vn 0.99560000 0.09410000 -0.00330000
vn 0.82530000 0.23170000 0.51500000
vn 0.89120000 0.30530000 0.33550000
vn 0.98650000 0.16360000 0.00420000
vn 0.99560000 0.09410000 -0.00330000
vn 0.88850000 0.31520000 0.33350000
vn 0.98050000 0.19640000 -0.00150000
vn -0.00000000 -0.00000000 -1.00000000
vn 0.93940000 -0.34290000 -0.00000000
vn 0.94220000 -0.33490000 0.00230000
vn 0.94750000 -0.31970000 -0.00000000
vn 0.00010000 0.00010000 -1.00000000
vn 0.98870000 0.15000000 -0.00310000
vn 0.98190000 0.18910000 0.00410000
vn 0.99980000 0.02030000 0.00340000
vn 0.71050000 0.13690000 0.69020000
vn 0.70690000 0.01440000 0.70710000
vn 0.67440000 0.04520000 0.73700000
vn 0.93580000 0.35260000 0.00470000
vn -0.00010000 -0.00000000 -1.00000000
vn 0.95250000 0.30450000 -0.00380000
vn 0.89250000 0.45110000 -0.00420000
vn 0.86260000 0.50580000 0.00510000
vn 0.53570000 0.45160000 0.71350000
vn 0.62560000 0.36690000 0.68850000
vn 0.81000000 0.58650000 -0.00450000
vn 0.76460000 0.64450000 0.00530000
vn 0.81000000 0.58650000 -0.00450000
vn -0.00010000 -0.00000000 -1.00000000
vn 0.86260000 0.50580000 0.00510000
vn -0.00020000 0.00010000 -1.00000000
vn -0.00020000 -0.00010000 -1.00000000
vn 0.89250000 0.45110000 -0.00420000
vn 0.64450000 0.76460000 0.00530000
vn 0.70710000 0.70710000 -0.00460000
vn -0.00010000 -0.00020000 -1.00000000
vn 0.58650000 0.81000000 -0.00450000
vn -0.00020000 -0.00020000 -1.00000000
vn 0.45110000 0.89250000 -0.00420000
vn 0.36210000 0.61760000 0.69820000
vn 0.25300000 0.67150000 0.69650000
vn 0.50580000 0.86260000 0.00510000
vn 0.35260000 0.93580000 0.00470000
vn -0.10240000 0.67850000 0.72740000
vn 0.02030000 0.99980000 0.00340000
vn -0.00800000 1.00000000 -0.00230000
vn -0.14920000 0.98880000 0.00240000
vn 0.01510000 0.74110000 0.67120000
vn -0.31430000 0.94930000 0.00130000
vn -0.22340000 0.67460000 0.70360000
vn -0.08830000 0.70040000 0.70830000
vn -0.10240000 0.67850000 0.72740000
vn -0.14920000 0.98880000 0.00240000
vn -0.16600000 0.98610000 -0.00120000
vn 0.21310000 0.97700000 -0.00200000
vn 0.16360000 0.98650000 0.00430000
vn 0.28670000 0.95800000 0.00320000
vn -0.00000000 -0.00000000 -1.00000000
vn 0.00010000 0.00010000 -1.00000000
vn 0.03790000 0.99930000 0.00270000
vn 0.03780000 0.99930000 0.00270000
vn -0.00000000 -0.00000000 -1.00000000
vn 0.16360000 0.98650000 0.00430000
vn 0.12310000 0.99240000 -0.00170000
vn 0.21310000 0.97700000 -0.00200000
vn 0.16360000 0.98650000 0.00430000
vn 0.24480000 0.88720000 0.39120000
vn 0.12310000 0.99240000 -0.00170000
vn 0.33090000 0.88660000 0.32310000
vn -0.04050000 0.99920000 -0.00130000
vn 0.03790000 0.99930000 0.00270000
vn -0.00000000 -0.00000000 -1.00000000
vn -0.08850000 0.99610000 0.00470000
vn -0.31970000 0.94750000 -0.00000000
vn -0.00000000 -0.00000000 -1.00000000
vn 0.00020000 0.00010000 -1.00000000
vn -0.34290000 0.93940000 -0.00000000
vn -0.33490000 0.94220000 0.00230000
vn -0.21340000 0.97700000 0.00390000
vn -0.16400000 0.66830000 0.72560000
vn -0.23830000 0.97120000 -0.00190000
vn -0.09460000 0.71710000 0.69050000
vn -0.13080000 0.99140000 -0.00320000
vn -0.23830000 0.97120000 -0.00190000
vn -0.24670000 0.67580000 0.69460000
vn -0.33490000 0.94220000 0.00230000
vn -0.34290000 0.93940000 -0.00000000
vn -0.16400000 0.66830000 0.72560000
vn -0.23030000 0.66570000 0.70980000
vn -0.22340000 0.67460000 0.70360000
vn -0.24670000 0.67580000 0.69460000
vn -0.31970000 0.94750000 -0.00000000
vn -0.31430000 0.94930000 0.00130000
vn -0.34290000 0.93940000 -0.00000000
vn 0.33610000 0.94180000 0.00190000
vn 0.23830000 0.97120000 -0.00190000
vn 0.24380000 0.67820000 0.69330000
vn 0.16420000 0.66920000 0.72470000
vn 0.33490000 0.94220000 0.00230000
vn 0.16420000 0.66920000 0.72470000
vn 0.23830000 0.97120000 -0.00190000
vn 0.21340000 0.97700000 0.00390000
vn 0.13080000 0.99140000 -0.00320000
vn 0.09450000 0.71610000 0.69160000
vn -0.16360000 0.98650000 0.00420000
vn -0.19640000 0.98050000 -0.00150000
vn -0.09410000 0.99560000 -0.00330000
vn -0.23160000 0.82570000 0.51440000
vn -0.30150000 0.90130000 0.31110000
vn -0.30820000 0.89890000 0.31140000
vn -0.31080000 0.95050000 -0.00050000
vn -0.38320000 0.92370000 -0.00130000
vn -0.31350000 0.94960000 0.00020000
vn -0.30950000 0.95090000 -0.00000000
vn -0.29630000 0.95510000 -0.00000000
vn -0.37860000 0.92560000 -0.00020000
vn -0.37530000 0.90470000 0.20160000
vn 0.12110000 0.73200000 0.67040000
vn 0.16600000 0.98610000 0.00040000
vn 0.33610000 0.94180000 0.00190000
vn 0.24380000 0.67820000 0.69330000
vn 0.31970000 0.94750000 -0.00180000
vn 0.16760000 0.98590000 -0.00000000
vn 0.22780000 0.66310000 0.71300000
vn 0.33610000 0.94180000 0.00190000
vn 0.31970000 0.94750000 -0.00180000
vn 0.33490000 0.94220000 0.00230000
vn -0.00000000 -0.00000000 -1.00000000
vn 0.31970000 0.94750000 -0.00180000
vn 0.16600000 0.98610000 0.00040000
vn -0.00000000 -0.00000000 -1.00000000
vn -0.00000000 -0.00010000 -1.00000000
vn -0.15000000 0.98870000 -0.00000000
vn 0.00800000 1.00000000 -0.00000000
vn -0.00000000 -0.00010000 -1.00000000
vn -0.30440000 0.95250000 -0.00000000
vn -0.15000000 0.98870000 -0.00000000
vn -0.02390000 0.67570000 0.73680000
vn -0.10820000 0.71270000 0.69310000
vn 0.00570000 0.70520000 0.70900000
vn -0.15000000 0.98870000 -0.00000000
vn 0.00800000 1.00000000 -0.00000000
vn 0.00010000 -0.00020000 -1.00000000
vn -0.00030000 -0.00020000 -1.00000000
vn -0.30440000 0.95250000 -0.00000000
vn -0.45110000 0.89250000 -0.00000000
vn -0.30450000 0.95250000 -0.00000000
vn -0.00000000 -0.00010000 -1.00000000
vn -0.58650000 0.81000000 -0.00000000
vn -0.41620000 0.57480000 0.70460000
vn -0.32590000 0.64470000 0.69150000
vn -0.45110000 0.89250000 -0.00000000
vn -0.81000000 0.58650000 -0.00000000
vn 0.00010000 -0.00030000 -1.00000000
vn 0.00020000 -0.00010000 -1.00000000
vn -0.89250000 0.45110000 -0.00000000
vn 0.00020000 -0.00010000 -1.00000000
vn -0.89250000 0.45110000 -0.00000000
vn -0.95250000 0.30440000 -0.00000000
vn 0.00010000 -0.00000000 -1.00000000
vn -0.95250000 0.30450000 -0.00000000
vn 0.00020000 0.00040000 -1.00000000
vn -0.71580000 0.10860000 0.68980000
vn -0.98870000 0.15000000 -0.00000000
vn -0.66900000 0.21380000 0.71190000
vn -0.65170000 0.17430000 0.73820000
vn -0.95250000 0.30440000 -0.00000000
vn -0.95250000 0.30450000 -0.00000000
vn -0.98870000 0.15000000 -0.00000000
vn -1.00000000 -0.00800000 -0.00000000
vn 0.00010000 -0.00000000 -1.00000000
vn 0.00010000 -0.00000000 -1.00000000
vn -0.95250000 0.30440000 -0.00000000
vn -0.98870000 0.15000000 -0.00000000
vn -1.00000000 -0.00800000 -0.00000000
vn -0.00000000 -0.00000000 -1.00000000
vn 0.00010000 -0.00000000 -1.00000000
vn -0.00000000 0.00010000 -1.00000000
vn -0.98590000 -0.16750000 -0.00000000
vn -0.98610000 -0.16600000 0.00040000
vn -0.00000000 -0.00000000 -1.00000000
vn -0.98610000 -0.16600000 0.00040000
vn -0.94750000 -0.31970000 -0.00180000
vn -0.94750000 -0.31970000 -0.00180000
vn -0.66600000 -0.23890000 0.70670000
vn -0.69800000 -0.11620000 0.70660000
vn -0.94180000 -0.33610000 0.00200000
vn -0.98590000 -0.16750000 -0.00000000
vn -0.98610000 -0.16600000 0.00040000
vn -0.66220000 -0.23390000 0.71190000
vn -0.95090000 0.30950000 -0.00000000
vn -0.00000000 -0.00000000 -1.00000000
vn -0.95800000 0.28670000 0.00320000
vn -0.95280000 0.30370000 -0.00000000
vn -0.99610000 -0.08850000 0.00470000
vn -0.00000000 -0.00000000 -1.00000000
vn -0.99920000 -0.04050000 -0.00130000
vn -0.99930000 0.03790000 0.00270000
vn -0.99930000 0.03790000 0.00270000
vn -0.99930000 0.03780000 0.00270000
vn -0.99240000 0.12310000 -0.00170000
vn -0.98650000 0.16360000 0.00430000
vn -0.00000000 -0.00000000 -1.00000000
vn -0.00010000 0.00010000 -1.00000000
vn -0.99140000 -0.13080000 -0.00320000
vn -0.70150000 -0.09250000 0.70660000
vn -0.70150000 -0.09260000 0.70660000
vn -0.70700000 0.13180000 0.69490000
vn -0.76390000 0.02410000 0.64490000
vn -0.99920000 -0.04050000 -0.00130000
vn -0.99610000 -0.08850000 0.00470000
vn -0.99140000 -0.13080000 -0.00320000
vn -0.68720000 -0.16860000 0.70660000
vn -0.70150000 -0.09260000 0.70660000
vn -0.68730000 -0.16860000 0.70660000
vn -0.97120000 -0.23830000 -0.00190000
vn -0.97700000 -0.21340000 0.00390000
vn 0.79660000 -0.60450000 0.00170000
vn 0.81290000 -0.58240000 -0.00240000
vn -0.00000000 -0.00000000 1.00000000
vn 0.83660000 -0.54790000 0.00230000
vn 0.78000000 0.62580000 0.00140000
vn 0.82140000 0.57030000 0.00180000
vn 0.79240000 0.60990000 -0.00270000
vn -0.00000000 -0.00000000 1.00000000
vn -0.00000000 -0.00000000 1.00000000
vn 0.71480000 -0.69940000 -0.00180000
vn 0.75270000 -0.65840000 0.00170000
vn 0.70270000 -0.71150000 0.00150000
vn 0.71480000 -0.69940000 -0.00180000
vn 0.72070000 -0.60460000 0.33920000
vn 0.68810000 -0.67330000 0.27050000
vn 0.71730000 -0.67400000 0.17660000
vn 0.76610000 -0.64270000 -0.00210000
vn 0.75270000 -0.65840000 0.00170000
vn -0.00000000 -0.00000000 1.00000000
vn 0.82140000 0.57030000 0.00180000
vn 0.84210000 0.53940000 -0.00310000
vn 0.85720000 0.51510000 0.00150000
vn 0.70270000 -0.71150000 0.00150000
vn -0.00000000 -0.00000000 1.00000000
vn 0.65920000 -0.75190000 -0.00160000
vn 0.65170000 -0.75850000 0.00050000
vn 0.60050000 -0.79970000 -0.00060000
vn 0.54350000 -0.83940000 0.00070000
vn -0.00000000 -0.00000000 1.00000000
vn 0.59990000 -0.80010000 -0.00070000
vn 0.48090000 -0.87680000 0.00110000
vn -0.00000000 -0.00000000 1.00000000
vn 0.54350000 -0.83940000 0.00070000
vn 0.53700000 -0.84360000 -0.00110000
vn 0.52010000 -0.81700000 0.24890000
vn 0.59990000 -0.80010000 -0.00070000
vn 0.54350000 -0.83940000 0.00070000
vn 0.56960000 -0.75970000 0.31380000
vn 0.53700000 -0.84360000 -0.00110000
vn 0.88540000 0.46480000 -0.00210000
vn -0.00000000 -0.00000000 1.00000000
vn 0.85720000 0.51510000 0.00150000
vn 0.89080000 0.45430000 0.00060000
vn 0.94630000 0.32340000 0.00080000
vn 0.92520000 0.35270000 0.13990000
vn 0.95090000 0.30950000 -0.00000000
vn 0.94980000 0.31300000 -0.00130000
vn 0.95510000 0.29630000 -0.00000000
vn 0.92220000 0.38680000 -0.00110000
vn 0.87400000 0.36660000 0.31910000
vn -0.00000000 -0.00000000 1.00000000
vn 0.92150000 0.38830000 -0.00060000
vn 0.94630000 0.32340000 0.00080000
vn 0.92220000 0.38680000 -0.00110000
vn 0.96640000 0.25700000 0.00110000
vn 0.94980000 0.31300000 -0.00130000
vn -0.00000000 -0.00000000 1.00000000
vn 0.94630000 0.32340000 0.00080000
vn 0.42860000 -0.90350000 0.00070000
vn 0.40230000 -0.91550000 -0.00240000
vn 0.38770000 -0.92180000 0.00040000
vn -0.00000000 -0.00000000 1.00000000
vn 0.98760000 0.15670000 -0.00150000
vn 0.99690000 0.07860000 -0.00150000
vn -0.00000000 -0.00000000 -1.00000000
vn 0.99310000 0.11740000 0.00110000
vn 0.99310000 0.11740000 0.00110000
vn -0.00000000 -0.00000000 1.00000000
vn 0.99870000 0.05180000 0.00090000
vn 0.99690000 0.07860000 -0.00150000
vn -0.00000000 -0.00000000 -1.00000000
vn 1.00000000 -0.00000000 -0.00120000
vn 0.99980000 -0.01760000 0.00090000
vn 0.99690000 -0.07860000 -0.00090000
vn 0.99980000 -0.01760000 0.00090000
vn 1.00000000 -0.00000000 -0.00120000
vn 0.99870000 0.05180000 0.00090000
vn -0.00000000 -0.00000000 1.00000000
vn 0.99690000 -0.07860000 -0.00090000
vn 0.99980000 -0.01760000 0.00090000
vn -0.00000000 -0.00000000 1.00000000
vn 0.99590000 -0.09040000 0.00060000
vn 0.98760000 -0.15670000 -0.00060000
vn 0.99690000 -0.07860000 -0.00090000
vn -0.00000000 -0.00000000 -1.00000000
vn 0.99590000 -0.09040000 0.00060000
vn 0.95460000 -0.29780000 -0.00230000
vn -0.00000000 -0.00000000 1.00000000
vn 0.93170000 -0.36320000 0.00130000
vn 0.93170000 -0.36320000 0.00130000
vn 0.95160000 -0.30750000 0.00080000
vn 0.95290000 -0.30340000 -0.00000000
vn 0.95090000 -0.30950000 -0.00000000
vn 0.95460000 -0.29780000 -0.00230000
vn 0.92410000 -0.38230000 -0.00220000
vn 0.90850000 -0.37580000 0.18300000
vn 0.84530000 -0.42800000 0.32000000
vn 0.87420000 -0.48550000 0.00230000
vn 0.89220000 -0.45170000 -0.00250000
vn 0.82790000 -0.50210000 0.24970000
vn 0.84340000 -0.49970000 0.19720000
vn 0.85500000 -0.51860000 -0.00250000
vn 0.83660000 -0.54790000 0.00230000
vn 0.78270000 -0.57050000 0.24890000
vn 0.79790000 -0.57160000 0.19120000
vn 0.81290000 -0.58240000 -0.00240000
vn 0.82790000 -0.50210000 0.24970000
vn 0.85500000 -0.51860000 -0.00250000
vn 0.83660000 -0.54790000 0.00230000
vn -0.00000000 -0.00000000 1.00000000
vn 0.85500000 -0.51860000 -0.00250000
vn 0.87420000 -0.48550000 0.00230000
vn -0.93940000 0.34300000 -0.00000000
vn -0.66470000 0.24270000 0.70660000
vn -0.94930000 0.31430000 -0.00000000
vn -0.66200000 0.21920000 0.71670000
vn -0.65690000 0.22160000 0.72070000
vn -0.94220000 0.33490000 0.00230000
vn -0.66470000 0.24270000 0.70660000
vn -0.68720000 0.16860000 0.70660000
vn -0.93940000 0.34300000 -0.00000000
vn -0.97120000 0.23830000 -0.00190000
vn -0.99140000 0.13080000 -0.00320000
vn -0.00010000 -0.00010000 -1.00000000
vn -0.97700000 0.21340000 0.00390000
vn -0.99610000 0.08850000 0.00470000
vn -0.00000000 -0.00000000 -1.00000000
vn -0.00000000 -0.00000000 -1.00000000
vn -0.99610000 0.08850000 0.00470000
vn -0.99970000 0.02580000 -0.00320000
vn -0.99930000 -0.03790000 0.00570000
vn -0.98650000 -0.16360000 0.00420000
vn -0.99560000 -0.09410000 -0.00330000
vn -0.88930000 -0.31470000 0.33180000
vn -0.93410000 -0.18060000 0.30790000
vn -0.98050000 -0.19630000 -0.00150000
vn -0.95510000 -0.29630000 -0.00000000
vn -0.00000000 -0.00000000 -1.00000000
vn -0.95090000 -0.30950000 -0.00000000
vn -0.95800000 -0.28670000 0.00220000
vn -0.50590000 -0.86260000 -0.00000000
vn -0.24830000 -0.65900000 0.70990000
vn -0.35260000 -0.93580000 -0.00000000
vn -0.37550000 -0.64040000 0.67000000
vn -0.35260000 -0.93580000 -0.00000000
vn -0.00000000 0.00010000 -1.00000000
vn -0.50590000 -0.86260000 -0.00000000
vn 0.00010000 0.00010000 -1.00000000
vn -0.13690000 -0.71060000 0.69020000
vn -0.35260000 -0.93580000 -0.00000000
vn -0.24830000 -0.65900000 0.70990000
vn -0.18910000 -0.98190000 -0.00000000
vn -0.21060000 -0.64090000 0.73820000
vn -0.00000000 -0.00000000 -1.00000000
vn -0.02030000 -0.99980000 -0.00000000
vn 0.14920000 -0.98880000 -0.00000000
vn 0.31430000 -0.94930000 -0.00000000
vn 0.34290000 -0.93940000 -0.00000000
vn 0.33770000 -0.94130000 0.00150000
vn -0.00000000 -0.00000000 -1.00000000
vn -0.02030000 -0.99980000 -0.00000000
vn 0.10840000 -0.71870000 0.68680000
vn 0.02030000 -0.68040000 0.73260000
vn 0.14920000 -0.98880000 -0.00000000
vn -0.01440000 -0.70880000 0.70530000
vn -0.00010000 -0.00010000 -1.00000000
vn 0.14920000 -0.98880000 -0.00000000
vn -0.00000000 -0.00000000 -1.00000000
vn 0.31430000 -0.94930000 -0.00000000
vn -0.27790000 -0.96060000 -0.00000000
vn -0.48480000 -0.87460000 -0.00000000
vn -0.25600000 -0.96670000 0.00340000
vn -0.00000000 -0.00000000 -1.00000000
vn -0.36180000 -0.77880000 0.51250000
vn -0.27290000 -0.57940000 0.76800000
vn -0.25600000 -0.96670000 0.00340000
vn -0.20050000 -0.97970000 -0.00150000
vn -0.27790000 -0.96060000 -0.00000000
vn 0.00050000 -0.94630000 -0.32330000
vn -0.32240000 -0.86130000 0.39280000
vn -0.01750000 -0.99980000 0.00370000
vn -0.01970000 -0.77160000 0.63580000
vn 0.04210000 -0.99910000 -0.00150000
vn -0.03390000 -0.99940000 0.00030000
vn -0.15400000 -0.77370000 0.61460000
vn 0.10290000 -0.99470000 0.00360000
vn 0.04210000 -0.99910000 -0.00150000
vn -0.01750000 -0.99980000 0.00370000
vn -0.00000000 -0.00000000 -1.00000000
vn 0.10370000 -0.70030000 0.70620000
vn -0.15450000 -0.70550000 0.69170000
vn -0.01970000 -0.77160000 0.63580000
vn 0.13080000 -0.99140000 -0.00240000
vn 0.04210000 -0.99910000 -0.00150000
vn 0.10290000 -0.99470000 0.00360000
vn 0.09450000 -0.71610000 0.69160000
vn 0.23830000 -0.97120000 -0.00140000
vn 0.34290000 -0.93940000 -0.00000000
vn 0.16420000 -0.66920000 0.72470000
vn 0.33770000 -0.94130000 0.00150000
vn 0.24770000 -0.67850000 0.69160000
vn -0.00000000 -0.00000000 -1.00000000
vn -0.42950000 -0.90310000 -0.00080000
vn -0.54860000 -0.83610000 0.00220000
vn -0.14690000 -0.98910000 0.00170000
vn -0.14260000 -0.98980000 0.00190000
vn 0.85410000 -0.00220000 -0.52010000
vn 0.97240000 0.08840000 -0.21590000
vn -0.00000000 -1.00000000 -0.00000000
vn -0.00000000 -1.00000000 -0.00000000
vn -0.00000000 -0.00000000 -1.00000000
vn -0.14260000 -0.98980000 -0.00220000
vn -0.00000000 -0.00000000 -1.00000000
vn -0.65560000 -0.75510000 -0.00000000
vn -0.41590000 -0.90940000 0.00370000
vn -0.36760000 -0.93000000 -0.00000000
vn -0.15980000 -0.98720000 -0.00140000
vn -0.14260000 -0.98980000 -0.00220000
vn -0.00000000 -0.00000000 -1.00000000
vn -0.41590000 -0.90940000 0.00370000
vn 0.98300000 0.06830000 0.17040000
vn -0.41590000 -0.90940000 -0.00380000
vn -0.14690000 -0.98910000 0.00170000
vn -0.15980000 -0.98720000 -0.00140000
vn -0.41590000 -0.90940000 0.00370000
vn -0.36760000 -0.93000000 -0.00000000
vn 0.97240000 0.08840000 -0.21590000
vn 0.99720000 -0.07210000 0.01900000
vn -0.36760000 -0.93000000 -0.00000000
vn -0.41590000 -0.90940000 -0.00380000
vn -0.00000000 -0.00000000 1.00000000
vn -0.65560000 -0.75510000 -0.00000000
vn -0.00000000 -0.00000000 -1.00000000
vn 0.41590000 -0.90940000 0.00330000
vn 0.14260000 -0.98980000 -0.00240000
vn 0.17220000 -0.98510000 -0.00110000
vn -0.00000000 -0.00000000 1.00000000
vn 0.41590000 -0.90940000 -0.00330000
vn 0.14260000 -0.98980000 0.00270000
vn 0.18970000 -0.98180000 0.00080000
vn -0.97190000 -0.14590000 -0.18490000
vn 0.18970000 -0.98180000 0.00080000
vn 0.37230000 -0.92810000 -0.00000000
vn 0.41590000 -0.90940000 -0.00330000
vn 0.41590000 -0.90940000 0.00330000
vn 0.17220000 -0.98510000 -0.00110000
vn -0.97550000 0.10940000 0.19100000
vn -0.00000000 -0.00000000 -1.00000000
vn 0.41590000 -0.90940000 0.00330000
vn 0.37230000 -0.92810000 -0.00000000
vn 0.65560000 -0.75510000 -0.00000000
vn -0.00000000 -0.00000000 1.00000000
vn 0.37230000 -0.92810000 -0.00000000
vn 0.65560000 -0.75510000 -0.00000000
vn 0.41590000 -0.90940000 -0.00330000
vn 0.84200000 -0.53950000 -0.00000000
vn 0.85650000 -0.51620000 -0.00000000
vn -0.00000000 -0.00000000 -1.00000000
vn 0.84200000 -0.53950000 -0.00000000
vn -0.00000000 -0.00000000 -1.00000000
vn 0.65560000 -0.75510000 -0.00000000
vn 0.48270000 -0.87580000 -0.00240000
vn -0.00000000 -0.00000000 1.00000000
vn 0.38770000 -0.92180000 0.00040000
vn -0.00000000 -0.00000000 -1.00000000
vn 0.84990000 -0.52690000 -0.00060000
vn 0.85650000 -0.51620000 -0.00000000
vn 0.71530000 -0.69880000 0.00050000
vn -0.00570000 0.75100000 -0.66030000
vn -0.00360000 1.00000000 -0.00850000
vn -0.40060000 0.91450000 0.05730000
vn -0.26870000 0.63500000 -0.72430000
vn 0.46010000 0.67000000 -0.58260000
vn 0.43990000 0.89770000 0.02620000
vn 0.90210000 0.43030000 0.03220000
vn 0.50340000 0.86390000 -0.01350000
vn 0.86350000 0.50410000 -0.01190000
vn 0.30740000 0.61670000 -0.72470000
vn 0.63040000 0.30550000 -0.71370000
vn -0.00000000 -0.00000000 -1.00000000
vn 0.46010000 0.67000000 -0.58260000
vn -0.00000000 0.76220000 -0.64730000
vn 0.30740000 0.61670000 -0.72470000
vn 0.46010000 0.67000000 -0.58260000
vn 0.63040000 0.30550000 -0.71370000
vn -0.00000000 -0.00000000 -1.00000000
vn 0.69180000 0.28660000 -0.66280000
vn 0.99820000 -0.05290000 -0.02660000
vn 0.69180000 0.28660000 -0.66280000
vn 0.63040000 0.30550000 -0.71370000
vn 0.73740000 -0.09330000 -0.66900000
vn 0.99170000 -0.12830000 0.01300000
vn 0.90210000 0.43030000 0.03220000
vn 0.06430000 -0.78090000 -0.62130000
vn 0.61210000 -0.59730000 -0.51830000
vn -0.00000000 -0.00000000 -1.00000000
vn 0.28900000 -0.65590000 -0.69730000
vn 0.00380000 -0.92230000 -0.38650000
vn 0.28900000 -0.65590000 -0.69730000
vn 0.40910000 -0.91220000 0.02280000
vn 0.00310000 -1.00000000 0.00620000
vn 0.00380000 -0.92230000 -0.38650000
vn 0.29540000 -0.95510000 -0.02350000
vn -0.97020000 -0.24140000 -0.02200000
vn -0.99200000 -0.12390000 0.02410000
vn -0.80140000 -0.59750000 0.02590000
vn -0.59210000 -0.44610000 -0.67110000
vn -0.78570000 -0.14960000 -0.60020000
vn -0.73940000 -0.09310000 -0.66680000
vn -0.69000000 0.28580000 -0.66490000
vn -0.69140000 0.28540000 -0.66370000
vn -0.73940000 -0.09310000 -0.66680000
vn -0.99200000 -0.12390000 0.02410000
vn -0.92520000 0.37900000 0.01740000
vn -0.95580000 0.29250000 -0.02990000
vn -0.92520000 0.37900000 0.01740000
vn -0.45410000 0.59180000 -0.66600000
vn -0.45370000 0.59170000 -0.66630000
vn -0.69140000 0.28540000 -0.66370000
vn -0.60680000 0.79470000 0.01340000
vn -0.45410000 0.59180000 -0.66600000
vn -0.69140000 0.28540000 -0.66370000
vn -0.69000000 0.28580000 -0.66490000
vn -0.00000000 -0.00000000 -1.00000000
vn -0.10060000 0.74320000 -0.66150000
vn 0.16340000 0.98570000 -0.04020000
vn 0.26100000 0.63420000 -0.72780000
vn 0.22230000 0.70460000 -0.67390000
vn 0.37310000 0.92720000 0.03250000
vn -0.13290000 0.99010000 0.04430000
vn -0.00000000 -0.00000000 -1.00000000
vn 0.51240000 0.55940000 -0.65150000
vn 0.22230000 0.70460000 -0.67390000
vn 0.26100000 0.63420000 -0.72780000
vn 0.69040000 0.72220000 -0.04320000
vn 0.51240000 0.55940000 -0.65150000
vn 0.80140000 0.59760000 0.02590000
vn 0.54600000 0.41210000 -0.72950000
vn 0.26100000 0.63420000 -0.72780000
vn 0.37310000 0.92720000 0.03250000
vn -0.79340000 -0.60870000 -0.00000000
vn -0.43230000 -0.56340000 -0.70400000
vn -0.67690000 -0.51940000 -0.52150000
vn -0.60870000 -0.79340000 -0.00000000
vn -0.00010000 -0.00010000 -1.00000000
vn -0.87750000 -0.44140000 0.18750000
vn -0.67690000 -0.51940000 -0.52150000
vn -0.00000000 -0.00000000 -1.00000000
vn -0.43230000 -0.56340000 -0.70400000
vn -0.20010000 -0.96230000 0.18440000
vn -0.32650000 -0.78820000 -0.52160000
vn -0.99150000 -0.13010000 -0.00000000
vn -0.94400000 -0.00020000 0.32980000
vn -0.99130000 -0.13160000 0.00010000
vn -0.99160000 0.12950000 0.00010000
vn -0.60880000 0.79330000 -0.00000000
vn -0.60620000 0.79530000 -0.00030000
vn -0.31500000 0.76040000 0.56790000
vn -0.31500000 0.76400000 0.56310000
vn -0.38270000 0.92390000 -0.00000000
vn -0.00000000 -0.00000000 -1.00000000
vn -0.00010000 -0.00000000 -1.00000000
vn -0.60620000 0.79530000 -0.00030000
vn -0.00010000 -0.00010000 -1.00000000
vn -0.79640000 0.60470000 0.00040000
vn -0.79350000 0.60860000 -0.00000000
vn -0.31500000 0.76400000 0.56310000
vn -0.81710000 0.47420000 0.32780000
vn 0.13050000 0.99140000 -0.00000000
vn 0.38250000 0.92400000 -0.00000000
vn 0.13240000 0.99120000 -0.00010000
vn 0.24600000 0.91140000 0.32990000
vn -0.31500000 0.76040000 0.56790000
vn -0.31500000 0.76400000 0.56310000
vn 0.00010000 0.00010000 -1.00000000
vn 0.13240000 0.99120000 -0.00010000
vn -0.12990000 0.99150000 -0.00010000
vn -0.00030000 0.00050000 -1.00000000
vn -0.00010000 -0.00000000 -1.00000000
vn 0.24600000 0.91140000 0.32990000
vn -0.00000000 0.00010000 -1.00000000
vn -0.13230000 0.99120000 -0.00000000
vn -0.00030000 0.00050000 -1.00000000
vn 0.00020000 0.00020000 -1.00000000
vn 0.00040000 -0.00010000 -1.00000000
vn 0.38250000 0.92400000 -0.00000000
vn 0.37720000 0.92610000 0.00050000
vn 0.61130000 0.79140000 -0.00030000
vn 0.24600000 0.91140000 0.32990000
vn 0.67020000 0.66590000 0.32770000
vn -0.00010000 -0.00030000 -1.00000000
vn -0.99040000 0.13840000 -0.00050000
vn -0.77420000 0.32070000 0.54570000
vn -0.99160000 -0.12970000 0.00020000
vn -0.75450000 -0.30900000 0.57890000
vn -0.00020000 0.00010000 -1.00000000
vn -0.51580000 0.30050000 0.80230000
vn -0.00010000 0.00010000 -1.00000000
vn -0.77420000 0.32070000 0.54570000
vn -0.92390000 0.38270000 -0.00000000
vn -0.99040000 0.13840000 -0.00050000
vn -0.99120000 0.13210000 -0.00000000
vn -0.00010000 0.00020000 -1.00000000
vn 0.00010000 0.00020000 -1.00000000
vn -0.11050000 0.81530000 0.56830000
vn -0.51580000 0.30050000 0.80230000
vn -0.61040000 0.79210000 0.00020000
vn -0.60690000 0.79480000 -0.00020000
vn -0.38280000 0.92380000 -0.00000000
vn -0.65490000 0.50250000 0.56450000
vn -0.00020000 0.00010000 -1.00000000
vn -0.00010000 0.00010000 -1.00000000
vn -0.79360000 0.60850000 -0.00000000
vn -0.61040000 0.79210000 0.00020000
vn -0.65490000 0.50250000 0.56450000
vn -0.79330000 0.60880000 -0.00000000
vn -0.10840000 0.82340000 0.55700000
vn -0.13050000 0.99140000 -0.00000000
vn -0.11050000 0.81530000 0.56830000
vn -0.38280000 0.92380000 -0.00000000
vn -0.38270000 0.92390000 -0.00000000
vn -0.10840000 0.82340000 0.55700000
vn -0.13070000 0.99140000 -0.00000000
vn 0.12650000 0.99200000 0.00020000
vn -0.13050000 0.99140000 -0.00000000
vn 0.38270000 0.92390000 -0.00000000
vn 0.50280000 0.65520000 0.56380000
vn 0.49630000 0.65140000 0.57380000
vn 0.60880000 0.79340000 -0.00000000
vn 0.38170000 0.92430000 0.00010000
vn -0.99150000 0.13040000 -0.00000000
vn -0.83050000 -0.10940000 0.54620000
vn -0.99140000 -0.13050000 -0.00000000
vn -0.99240000 0.12280000 -0.00060000
vn -0.81690000 0.46920000 0.33550000
vn -0.00000000 -0.00000000 -1.00000000
vn 0.00010000 0.00010000 -1.00000000
vn -0.79360000 0.60850000 -0.00000000
vn -0.60930000 0.79300000 -0.00010000
vn -0.47140000 0.81880000 0.32770000
vn -0.60740000 0.79440000 0.00010000
vn -0.00000000 0.00020000 -1.00000000
vn -0.12890000 0.99170000 -0.00000000
vn -0.47140000 0.81880000 0.32770000
vn -0.13050000 0.99140000 -0.00010000
vn -0.05650000 0.98060000 0.18750000
vn 0.00010000 -0.00000000 -1.00000000
vn -0.38300000 0.92370000 -0.00000000
vn -0.00000000 -0.00000000 -1.00000000
vn 0.00010000 0.00010000 -1.00000000
vn -0.38300000 0.92370000 -0.00000000
vn -0.47140000 0.81880000 0.32770000
vn -0.60740000 0.79440000 0.00010000
vn -0.38040000 0.92480000 0.00020000
vn 0.38270000 0.92390000 -0.00000000
vn 0.27180000 0.65610000 -0.70400000
vn 0.11140000 0.84590000 -0.52160000
vn 0.13050000 0.99140000 0.00010000
vn 0.38470000 0.92300000 0.00020000
vn 0.13050000 0.99140000 0.00010000
vn -0.05650000 0.98060000 0.18750000
vn 0.11140000 0.84590000 -0.52160000
vn -0.12890000 0.99170000 -0.00000000
vn 0.12890000 0.99170000 -0.00000000
vn 0.60870000 0.79340000 -0.00000000
vn 0.38270000 0.92390000 -0.00000000
vn 0.51930000 0.67690000 -0.52160000
vn 0.27180000 0.65610000 -0.70400000
vn -0.50320000 -0.65580000 0.56270000
vn -0.79150000 -0.61110000 -0.00020000
vn -0.79500000 -0.60660000 0.00020000
vn -0.60880000 -0.79340000 -0.00000000
vn -0.60800000 -0.79390000 0.00010000
vn -0.50200000 -0.65510000 0.56460000
vn -0.92440000 -0.38140000 -0.00000000
vn -0.00000000 -0.00000000 -1.00000000
vn -0.79150000 -0.61110000 -0.00020000
vn -0.92390000 -0.38270000 -0.00010000
vn -0.91150000 -0.24300000 0.33170000
vn -0.00010000 -0.00000000 -1.00000000
vn -0.50320000 -0.65580000 0.56270000
vn -0.99120000 0.13210000 -0.00000000
vn -0.92390000 0.38270000 -0.00000000
vn -0.99090000 0.13440000 -0.00020000
vn -0.76660000 0.31750000 0.55820000
vn 0.00210000 0.94210000 0.33530000
vn 0.13090000 0.99140000 0.00020000
vn -0.13010000 0.99150000 -0.00000000
vn -0.13070000 0.99140000 -0.00000000
vn 0.00210000 0.94210000 0.33530000
vn 0.50630000 0.65070000 0.56590000
vn 0.51020000 0.66490000 0.54560000
vn -0.00000000 -0.00000000 -1.00000000
vn 0.38990000 0.92090000 -0.00060000
vn 0.13300000 0.99110000 -0.00000000
vn -0.00000000 0.00010000 -1.00000000
vn 0.13090000 0.99140000 0.00020000
vn 0.38270000 0.92390000 -0.00000000
vn 0.51020000 0.66490000 0.54560000
vn 0.60870000 0.79340000 -0.00000000
vn 0.38990000 0.92090000 -0.00060000
vn 0.51020000 0.66490000 0.54560000
vn 0.60870000 0.79340000 -0.00000000
vn 0.60800000 0.79390000 0.00010000
vn 0.79340000 0.60870000 0.00010000
vn 0.50630000 0.65070000 0.56590000
vn -0.20050000 -0.97970000 -0.00150000
vn -0.25600000 -0.96670000 0.00340000
vn -0.13780000 -0.99050000 0.00320000
vn -0.00000000 -0.00000000 -1.00000000
vn -0.97700000 0.21330000 0.00100000
vn -0.97230000 0.23380000 -0.00130000
vn -0.98760000 0.15670000 -0.00110000
vn -0.00000000 -0.00000000 -1.00000000
vn -0.99690000 -0.07860000 -0.00130000
vn -0.00000000 -0.00000000 -1.00000000
vn -1.00000000 -0.00000000 -0.00090000
vn -0.99830000 -0.05900000 0.00070000
vn -1.00000000 0.00680000 -0.00000000
vn -0.99710000 0.07610000 -0.00000000
vn -0.00000000 -0.00000000 -1.00000000
vn -1.00000000 -0.00000000 -0.00090000
vn -0.99690000 0.07860000 -0.00040000
vn -0.00000000 -0.00000000 -1.00000000
vn 0.95090000 0.30950000 -0.00000000
vn 0.95510000 0.29630000 -0.00000000
vn 0.95800000 0.28670000 0.00220000
vn 0.33770000 -0.94130000 0.00150000
vn -0.00000000 -0.00000000 -1.00000000
vn 0.22190000 -0.97510000 0.00270000
vn 0.23830000 -0.97120000 -0.00140000
vn 0.95800000 0.28670000 0.00220000
vn 0.98050000 0.19640000 -0.00150000
vn 0.98650000 0.16360000 0.00420000
vn -0.00000000 -0.00000000 -1.00000000
vn -0.10290000 -0.99470000 0.00360000
vn -0.13080000 -0.99140000 -0.00240000
vn -0.00000000 -0.00000000 -1.00000000
vn -0.22190000 -0.97510000 0.00270000
vn 0.45110000 -0.89250000 -0.00000000
vn 0.58650000 -0.81000000 -0.00000000
vn -0.00000000 0.00010000 -1.00000000
vn 0.00010000 0.00020000 -1.00000000
vn -0.00010000 0.00020000 -1.00000000
vn -0.00000000 -0.00000000 -1.00000000
vn -0.29730000 -0.67580000 -0.67440000
vn -0.54820000 -0.50220000 -0.66880000
vn -0.31750000 -0.61020000 -0.72580000
vn -0.00000000 -0.00000000 -1.00000000
vn -0.22190000 -0.97510000 0.00270000
vn -0.33770000 -0.94130000 0.00150000
vn -0.23830000 -0.97120000 -0.00140000
vn -0.00000000 -0.00000000 -1.00000000
vn -0.97710000 0.21290000 -0.00200000
vn -0.95800000 0.28670000 0.00320000
vn -0.98650000 0.16360000 0.00430000
vn -0.00000000 0.00010000 -1.00000000
vn 0.45110000 -0.89250000 -0.00000000
vn 0.30450000 -0.95250000 -0.00000000
vn 0.30440000 -0.95250000 -0.00000000
vn -0.18910000 -0.98190000 -0.00000000
vn -0.35260000 -0.93580000 -0.00000000
vn -0.00000000 0.00010000 -1.00000000
vn -0.60140000 -0.61640000 -0.50830000
vn -0.59210000 -0.44610000 -0.67110000
vn -0.78570000 -0.14960000 -0.60020000
vn -0.00000000 -0.00000000 -1.00000000
vn -0.31970000 -0.94750000 -0.00180000
vn -0.00000000 -0.00000000 -1.00000000
vn -0.16600000 -0.98610000 0.00040000
vn -0.00000000 -0.00000000 -1.00000000
vn -0.18910000 -0.98190000 -0.00000000
vn -0.00000000 0.00010000 -1.00000000
vn -0.02030000 -0.99980000 -0.00000000
vn -0.00010000 -0.00000000 -1.00000000
vn 0.74110000 -0.09760000 -0.66420000
vn -0.00000000 -0.00000000 -1.00000000
vn 0.61210000 -0.59730000 -0.51830000
vn 0.59350000 -0.44870000 -0.66820000
vn -0.74810000 -0.66360000 -0.00000000
vn -0.66650000 -0.74550000 -0.00000000
vn -0.00000000 -0.00000000 -1.00000000
vn 0.00060000 -0.00040000 -1.00000000
vn -0.00010000 -0.00020000 -1.00000000
vn 0.35260000 0.93580000 0.00470000
vn 0.30440000 0.95250000 -0.00380000
vn -0.00000000 -0.00010000 -1.00000000
vn 0.45110000 0.89250000 -0.00420000
vn 0.30440000 0.95250000 -0.00380000
vn 0.18910000 0.98190000 0.00410000
vn -0.00000000 -0.00010000 -1.00000000
vn 0.15000000 0.98870000 -0.00310000
vn -0.70710000 0.70710000 -0.00000000
vn 0.00010000 -0.00020000 -1.00000000
vn 0.00010000 -0.00010000 -1.00000000
vn -0.58650000 0.81000000 -0.00000000
vn 0.00010000 -0.00020000 -1.00000000
vn -0.45110000 0.89250000 -0.00000000
vn 0.00010000 -0.00010000 -1.00000000
vn -0.58650000 0.81000000 -0.00000000
vn -0.98760000 -0.15670000 -0.00150000
vn -0.97230000 -0.23380000 -0.00150000
vn -0.98050000 -0.19640000 0.00110000
vn -0.00000000 -0.00000000 -1.00000000
vn -0.00010000 -0.00020000 -1.00000000
vn 0.50580000 0.86260000 0.00510000
vn 0.45110000 0.89250000 -0.00420000
vn 0.58650000 0.81000000 -0.00450000
vn -0.00020000 -0.00020000 -1.00000000
vn 0.69180000 0.28660000 -0.66280000
vn 0.74110000 -0.09760000 -0.66420000
vn -0.00000000 -0.00000000 -1.00000000
vn 0.73740000 -0.09330000 -0.66900000
vn 0.97380000 -0.22740000 0.00030000
vn -0.00000000 -0.00000000 -1.00000000
vn 0.98760000 -0.15670000 -0.00060000
vn 0.98720000 -0.15920000 -0.00030000
vn 0.97230000 -0.23380000 -0.00060000
vn -0.00800000 1.00000000 -0.00230000
vn -0.00000000 -0.00010000 -1.00000000
vn 0.02030000 0.99980000 0.00340000
vn 0.15000000 0.98870000 -0.00310000
vn -0.00000000 -0.00000000 -1.00000000
vn -0.69000000 0.28580000 -0.66490000
vn -0.78570000 -0.14960000 -0.60020000
vn -0.73940000 -0.09310000 -0.66680000
vn 0.16600000 0.98610000 0.00040000
vn -0.00010000 -0.00000000 -1.00000000
vn -0.00000000 -0.00000000 -1.00000000
vn -0.00000000 -0.00010000 -1.00000000
vn 0.16760000 0.98590000 -0.00000000
vn 0.00800000 1.00000000 -0.00000000
vn -0.00000000 -0.00000000 -1.00000000
vn -0.82180000 -0.56970000 -0.00000000
vn -0.88390000 -0.46760000 -0.00000000
vn -0.65560000 -0.75510000 -0.00000000
vn -0.84200000 -0.53950000 -0.00000000
vn -0.00000000 -0.00000000 -1.00000000
vn -0.00000000 -1.00000000 -0.00000000
vn -0.00000000 -0.00000000 -1.00000000
vn 0.14260000 -0.98980000 -0.00240000
vn -0.54600000 0.41780000 -0.72610000
vn -0.67170000 0.34950000 -0.65320000
vn -0.46670000 0.67970000 -0.56590000
vn -0.00000000 -0.00000000 -1.00000000
vn 0.71530000 -0.69880000 0.00050000
vn 0.53620000 -0.84410000 -0.00000000
vn 0.52880000 -0.84870000 0.00110000
vn -0.00000000 -0.00000000 -1.00000000
vn 0.68880000 -0.72490000 -0.00110000
vn -0.57930000 -0.81510000 0.00020000
vn -0.66650000 -0.74550000 -0.00000000
vn -0.00000000 -0.00000000 -1.00000000
vn -0.65720000 -0.75370000 -0.00030000
vn -0.30950000 0.95090000 -0.00000000
vn -0.28670000 0.95800000 0.00220000
vn -0.00000000 -0.00000000 -1.00000000
vn -0.29630000 0.95510000 -0.00000000
vn -0.19640000 0.98050000 -0.00150000
vn -0.00000000 -0.00000000 -1.00000000
vn -0.16360000 0.98650000 0.00420000
vn -0.28670000 0.95800000 0.00220000
vn 0.23380000 0.97230000 -0.00020000
vn 0.15670000 0.98760000 -0.00100000
vn 0.16590000 0.98610000 0.00020000
vn -0.00000000 -0.00000000 -1.00000000
vn -0.00000000 -0.00000000 1.00000000
vn 0.66930000 0.34830000 -0.65630000
vn -0.00000000 -0.00000000 -1.00000000
vn 0.67990000 0.02980000 -0.73270000
vn -0.00000000 -0.00000000 -1.00000000
vn 0.09720000 0.99530000 0.00090000
vn 0.07860000 0.99690000 -0.00120000
vn 0.15670000 0.98760000 -0.00100000
vn -0.07860000 0.99690000 -0.00150000
vn -0.00000000 1.00000000 -0.00180000
vn -0.03080000 0.99950000 -0.00000000
vn -0.05840000 0.99830000 -0.00000000
vn -0.00670000 1.00000000 -0.00120000
vn -0.00000000 -0.00000000 -1.00000000
vn -0.23380000 0.97230000 -0.00120000
vn -0.00000000 -0.00000000 -1.00000000
vn -0.15670000 0.98760000 -0.00150000
vn -0.18270000 0.98320000 0.00090000
vn -0.15670000 0.98760000 -0.00150000
vn -0.11420000 0.99350000 0.00130000
vn -0.00000000 -0.00000000 -1.00000000
vn -0.07860000 0.99690000 -0.00150000
vn -0.54550000 -0.36850000 -0.75280000
vn -0.54820000 -0.50220000 -0.66880000
vn -0.74430000 -0.23490000 -0.62520000
vn -0.00000000 -0.00000000 -1.00000000
vn 0.00010000 -0.00000000 -1.00000000
vn -0.00000000 -0.00000000 -1.00000000
vn -0.16600000 0.98610000 -0.00120000
vn -0.00800000 1.00000000 -0.00230000
vn -0.00000000 -0.00010000 -1.00000000
vn -0.14920000 0.98880000 0.00240000
vn -0.74430000 -0.23490000 -0.62520000
vn -0.00000000 -0.00000000 -1.00000000
vn -0.72000000 0.03160000 -0.69320000
vn 0.76460000 0.64450000 0.00530000
vn -0.00020000 -0.00010000 -1.00000000
vn -0.00020000 -0.00020000 -1.00000000
vn 0.81000000 0.58650000 -0.00450000
vn 0.70710000 0.70710000 -0.00460000
vn -0.48480000 -0.87460000 -0.00000000
vn -0.50570000 -0.86270000 -0.00140000
vn -0.00000000 -0.00000000 -1.00000000
vn -0.57930000 -0.81510000 0.00020000
vn 0.00020000 -0.00010000 -1.00000000
vn 0.00010000 -0.00010000 -1.00000000
vn -0.70710000 0.70710000 -0.00000000
vn -0.81000000 0.58650000 -0.00000000
vn -0.00000000 -0.00000000 -1.00000000
vn -0.09750000 0.74040000 -0.66510000
vn -0.45370000 0.59170000 -0.66630000
vn -0.45410000 0.59180000 -0.66600000
vn 0.95160000 -0.30750000 0.00080000
vn 0.97230000 -0.23380000 -0.00060000
vn -0.00000000 -0.00000000 -1.00000000
vn 0.95090000 -0.30950000 -0.00000000
vn -0.31430000 0.94930000 0.00130000
vn -0.00000000 -0.00000000 -1.00000000
vn -0.16600000 0.98610000 -0.00120000
vn -0.31970000 0.94750000 -0.00000000
vn -0.00000000 -0.00000000 -1.00000000
vn -0.98050000 -0.19630000 -0.00150000
vn -0.95800000 -0.28670000 0.00220000
vn -0.98650000 -0.16360000 0.00420000
vn -0.00000000 -0.00000000 -1.00000000
vn -0.10060000 0.74320000 -0.66150000
vn 0.22230000 0.70460000 -0.67390000
vn -0.09750000 0.74040000 -0.66510000
vn -0.99560000 -0.09410000 -0.00330000
vn -0.00000000 -0.00000000 -1.00000000
vn -0.98650000 -0.16360000 0.00420000
vn -0.99930000 -0.03790000 0.00570000
vn -0.00000000 -0.00000000 -1.00000000
vn -0.33490000 0.94220000 0.00230000
vn -0.21340000 0.97700000 0.00390000
vn -0.23830000 0.97120000 -0.00190000
vn 0.23830000 0.97120000 -0.00190000
vn 0.33490000 0.94220000 0.00230000
vn 0.21340000 0.97700000 0.00390000
vn -0.00000000 -0.00000000 -1.00000000
vn 0.95250000 0.30450000 -0.00380000
vn 0.98870000 0.15000000 -0.00310000
vn 0.98190000 0.18910000 0.00410000
vn -0.00010000 -0.00000000 -1.00000000
vn -0.08850000 0.99610000 0.00470000
vn -0.21340000 0.97700000 0.00390000
vn -0.00000000 -0.00000000 -1.00000000
vn -0.13080000 0.99140000 -0.00320000
vn 0.02580000 0.99970000 -0.00320000
vn 0.08850000 0.99610000 0.00470000
vn -0.03790000 0.99930000 0.00570000
vn -0.00000000 -0.00000000 -1.00000000
vn -0.00000000 -0.00000000 -1.00000000
vn -0.09410000 0.99560000 -0.00330000
vn -0.16360000 0.98650000 0.00420000
vn -0.03790000 0.99930000 0.00570000
vn 0.97700000 0.21340000 0.00390000
vn 0.94220000 0.33490000 0.00230000
vn -0.00000000 -0.00000000 -1.00000000
vn 0.97120000 0.23830000 -0.00190000
vn 0.21340000 0.97700000 0.00390000
vn 0.08850000 0.99610000 0.00470000
vn 0.13080000 0.99140000 -0.00320000
vn -0.00000000 -0.00000000 -1.00000000
vn -0.00010000 0.00010000 -1.00000000
vn -0.97700000 0.21340000 0.00390000
vn -0.97120000 0.23830000 -0.00190000
vn -0.94220000 0.33490000 0.00230000
vn -0.00000000 -0.00000000 -1.00000000
vn -0.00000000 -0.00000000 -1.00000000
vn 0.99610000 0.08850000 0.00470000
vn 0.97700000 0.21340000 0.00390000
vn 0.99140000 0.13080000 -0.00320000
vn 0.00010000 -0.00000000 -1.00000000
vn 0.94220000 0.33490000 0.00230000
vn 0.94180000 0.33610000 0.00200000
vn 0.94750000 0.31970000 -0.00180000
vn -0.00000000 -0.00000000 -1.00000000
vn -0.00000000 -0.00010000 -1.00000000
vn 0.00010000 -0.00000000 -1.00000000
vn -0.00010000 -0.00010000 -1.00000000
vn -0.98880000 0.14920000 -0.00000000
vn -0.94930000 0.31430000 -0.00000000
vn -0.00000000 -0.00000000 -1.00000000
vn -0.00000000 -0.00000000 -1.00000000
vn -0.94930000 0.31430000 -0.00000000
vn -0.94220000 0.33490000 0.00230000
vn -0.93940000 0.34300000 -0.00000000
vn 0.00010000 -0.00000000 -1.00000000
vn 0.47500000 -0.61910000 -0.62540000
vn 0.32650000 -0.78820000 -0.52170000
vn 0.77070000 -0.59130000 -0.23720000
vn 0.08180000 -0.90600000 0.41530000
vn -0.00000000 -0.00000000 -1.00000000
vn 0.81160000 -0.47570000 0.33920000
vn 0.00010000 -0.00010000 -1.00000000
vn -0.00000000 -0.00000000 -1.00000000
vn 0.98610000 0.16600000 0.00040000
vn 0.94750000 0.31970000 -0.00180000
vn 1.00000000 -0.00800000 -0.00230000
vn 0.99980000 0.02030000 0.00340000
vn -0.00010000 -0.00000000 -1.00000000
vn 0.98870000 0.15000000 -0.00310000
vn 0.98610000 -0.16600000 -0.00120000
vn 0.94930000 -0.31430000 0.00130000
vn -0.00000000 -0.00000000 -1.00000000
vn 0.94750000 -0.31970000 -0.00000000
vn 0.98590000 0.16750000 -0.00000000
vn 1.00000000 0.00800000 -0.00000000
vn -0.00000000 -0.00000000 -1.00000000
vn 0.98610000 0.16600000 0.00040000
vn 0.98880000 -0.14920000 0.00240000
vn 1.00000000 -0.00800000 -0.00230000
vn -0.00010000 -0.00000000 -1.00000000
vn -0.00000000 -0.00000000 -1.00000000
vn 0.98610000 -0.16600000 -0.00120000
vn -0.00000000 0.00020000 -1.00000000
vn -0.00000000 -0.00000000 -1.00000000
vn -0.94180000 -0.33610000 0.00200000
vn -0.94220000 -0.33490000 0.00230000
vn -0.94750000 -0.31970000 -0.00180000
vn -0.97120000 -0.23830000 -0.00190000
vn -0.97700000 -0.21340000 0.00390000
vn -0.94220000 -0.33490000 0.00230000
vn -0.00000000 -0.00000000 -1.00000000
vn 0.00010000 -0.00000000 -1.00000000
vn -0.98190000 -0.18910000 -0.00000000
vn -0.99980000 -0.02030000 -0.00000000
vn -0.99140000 -0.13080000 -0.00320000
vn -0.97700000 -0.21340000 0.00390000
vn -0.00000000 -0.00000000 -1.00000000
vn -0.99610000 -0.08850000 0.00470000
vn -0.00010000 0.00010000 -1.00000000
vn -0.93440000 0.19480000 -0.29810000
vn -0.56340000 0.43230000 -0.70400000
vn -0.44140000 0.87750000 0.18750000
vn -0.00000000 -0.00000000 -1.00000000
vn -0.51940000 0.67700000 -0.52150000
vn 0.95250000 -0.30440000 -0.00000000
vn 0.89250000 -0.45110000 -0.00000000
vn -0.00020000 0.00010000 -1.00000000
vn 0.99970000 -0.02580000 -0.00320000
vn 0.99610000 -0.08850000 0.00470000
vn 0.99930000 0.03790000 0.00570000
vn -0.00000000 -0.00000000 -1.00000000
vn -0.00000000 -0.00000000 -1.00000000
vn -0.05650000 0.98060000 0.18750000
vn 0.51930000 0.67690000 -0.52160000
vn 0.69600000 0.51450000 0.50100000
vn 0.11140000 0.84590000 -0.52160000
vn 0.27180000 0.65610000 -0.70400000
vn 0.00010000 0.00010000 -1.00000000
vn 0.00010000 -0.00000000 -1.00000000
vn -0.93580000 -0.35260000 -0.00000000
vn 0.00010000 -0.00000000 -1.00000000
vn -0.86260000 -0.50590000 -0.00000000
vn 0.00010000 0.00010000 -1.00000000
vn 0.00020000 -0.00010000 -1.00000000
vn -0.86260000 -0.50590000 -0.00000000
vn -0.76460000 -0.64450000 -0.00000000
vn 0.00010000 0.00010000 -1.00000000
vn 0.89250000 -0.45110000 -0.00000000
vn -0.00010000 0.00010000 -1.00000000
vn 0.81000000 -0.58650000 -0.00000000
vn -0.00020000 0.00010000 -1.00000000
vn -0.76460000 -0.64450000 -0.00000000
vn 0.00010000 0.00010000 -1.00000000
vn 0.00040000 -0.00010000 -1.00000000
vn -0.64450000 -0.76460000 -0.00000000
vn 0.00020000 0.00020000 -1.00000000
vn -0.00010000 0.00020000 -1.00000000
vn 0.58650000 -0.81000000 -0.00000000
vn -0.00010000 0.00010000 -1.00000000
vn 0.70710000 -0.70710000 -0.00000000
vn -0.01750000 -0.99980000 0.00370000
vn -0.03390000 -0.99940000 0.00030000
vn -0.00000000 -0.00000000 -1.00000000
vn -0.11960000 -0.99280000 -0.00020000
vn -0.00010000 -0.00010000 -1.00000000
vn -0.13780000 -0.99050000 0.00320000
vn -0.00000000 -0.00000000 -1.00000000
vn -0.31750000 -0.61020000 -0.72580000
vn 0.06430000 -0.78090000 -0.62130000
vn 0.06400000 -0.99790000 -0.00190000
vn 0.13780000 -0.99050000 0.00310000
vn 0.00010000 -0.00010000 -1.00000000
vn 0.01750000 -0.99980000 0.00480000
vn -0.00000000 -0.00000000 -1.00000000
vn 0.54600000 0.41210000 -0.72950000
vn -0.00000000 -0.00000000 -1.00000000
vn 0.51240000 0.55940000 -0.65150000
vn 0.66930000 0.34830000 -0.65630000
vn -0.98940000 0.14500000 0.00030000
vn -0.98760000 0.15670000 -0.00110000
vn -0.00000000 -0.00000000 -1.00000000
vn -0.99690000 0.07860000 -0.00040000
vn 0.13080000 -0.99140000 -0.00240000
vn -0.00000000 -0.00000000 -1.00000000
vn 0.22190000 -0.97510000 0.00270000
vn 0.10290000 -0.99470000 0.00360000
vn 0.99870000 0.05180000 0.00090000
vn 1.00000000 -0.00000000 -0.00120000
vn -0.00000000 -0.00000000 -1.00000000
vn 0.99690000 0.07860000 -0.00150000
vn 0.97230000 0.23380000 -0.00140000
vn -0.00000000 -0.00000000 -1.00000000
vn 0.98260000 0.18580000 0.00120000
vn 0.98760000 0.15670000 -0.00150000
vn 0.97230000 0.23380000 -0.00140000
vn 0.95090000 0.30950000 -0.00000000
vn -0.00000000 -0.00000000 -1.00000000
vn 0.94980000 0.31300000 -0.00130000
vn 0.96640000 0.25700000 0.00110000
vn -0.00000000 -0.00000000 -1.00000000
vn -0.10420000 -0.79180000 -0.60180000
vn 0.30540000 -0.73730000 -0.60260000
vn 0.09250000 -0.68170000 -0.72580000
vn 0.00010000 0.00010000 -1.00000000
vn -0.64450000 -0.76460000 -0.00000000
vn -0.50590000 -0.86260000 -0.00000000
vn 0.00020000 0.00020000 -1.00000000
vn -0.00030000 0.00050000 -1.00000000
vn -0.32330000 -0.03960000 0.94550000
vn -0.32330000 -0.03960000 0.94550000
vn -0.32330000 -0.03960000 0.94550000
f 458//458 1//1 499//499
f 468//468 478//478 606//606
f 469//469 609//609 592//592
f 470//470 591//591 2036//2036
f 474//474 467//467 2037//2037
f 493//493 11//11 17//17
f 10//10 2080//2080 15//15
f 509//509 496//496 12//12
f 508//508 14//14 2084//2084
f 19//19 78//78 146//146
f 157//157 64//64 74//74
f 274//274 65//65 55//55
f 21//21 168//168 88//88
f 80//80 21//21 88//88
f 115//115 179//179 120//120
f 22//22 108//108 101//101
f 171//171 34//34 87//87
f 180//180 210//210 119//119
f 210//210 122//122 119//119
f 191//191 226//226 131//131
f 212//212 218//218 123//123
f 137//137 132//132 228//228
f 47//47 137//137 228//228
f 258//258 279//279 52//52
f 36//36 353//353 38//38
f 35//35 260//260 350//350
f 49//49 144//144 141//141
f 271//271 54//54 278//278
f 278//278 54//54 53//53
f 69//69 384//384 58//58
f 68//68 389//389 383//383
f 61//61 67//67 163//163
f 59//59 387//387 329//329
f 60//60 330//330 351//351
f 57//57 162//162 73//73
f 76//76 62//62 148//148
f 72//72 86//86 94//94
f 70//70 81//81 85//85
f 71//71 147//147 79//79
f 83//83 82//82 90//90
f 93//93 84//84 89//89
f 100//100 91//91 32//32
f 95//95 31//31 27//27
f 102//102 111//111 116//116
f 103//103 133//133 230//230
f 105//105 114//114 117//117
f 104//104 118//118 135//135
f 121//121 124//124 136//136
f 234//234 204//204 128//128
f 229//229 134//134 126//126
f 239//239 125//125 215//215
f 195//195 340//340 236//236
f 190//190 237//237 127//127
f 196//196 267//267 339//339
f 130//130 140//140 197//197
f 270//270 194//194 139//139
f 269//269 138//138 142//142
f 268//268 44//44 349//349
f 352//352 305//305 264//264
f 347//347 50//50 56//56
f 346//346 257//257 51//51
f 150//150 63//63 155//155
f 66//66 273//273 156//156
f 272//272 282//282 166//166
f 283//283 250//250 165//165
f 170//170 20//20 159//159
f 18//18 149//149 161//161
f 152//152 173//173 160//160
f 151//151 158//158 178//178
f 185//185 109//109 30//30
f 33//33 172//172 24//24
f 169//169 153//153 23//23
f 154//154 174//174 29//29
f 183//183 113//113 110//110
f 223//223 181//181 107//107
f 219//219 112//112 187//187
f 211//211 182//182 221//221
f 192//192 129//129 200//200
f 217//217 213//213 203//203
f 214//214 222//222 201//201
f 220//220 186//186 202//202
f 227//227 193//193 198//198
f 253//253 225//225 207//207
f 247//247 254//254 209//209
f 233//233 216//216 199//199
f 251//251 206//206 492//492
f 252//252 46//46 224//224
f 256//256 37//37 41//41
f 48//48 255//255 248//248
f 143//143 45//45 245//245
f 277//277 259//259 39//39
f 284//284 276//276 40//40
f 42//42 262//262 242//242
f 265//265 145//145 243//243
f 285//285 43//43 244//244
f 275//275 280//280 281//281
f 618//618 519//519 364//364
f 288//288 617//617 368//368
f 295//295 287//287 354//354
f 286//286 365//365 357//357
f 662//662 291//291 342//342
f 290//290 358//358 338//338
f 663//663 523//523 528//528
f 665//665 525//525 326//326
f 299//299 664//664 325//325
f 296//296 323//323 301//301
f 656//656 297//297 300//300
f 659//659 303//303 533//533
f 584//584 307//307 334//334
f 583//583 335//335 363//363
f 312//312 582//582 361//361
f 311//311 362//362 314//314
f 623//623 310//310 317//317
f 621//621 313//313 321//321
f 96//96 319//319 315//315
f 261//261 322//322 526//526
f 521//521 320//320 92//92
f 375//375 328//328 388//388
f 341//341 266//266 529//529
f 370//370 331//331 377//377
f 235//235 517//517 97//97
f 232//232 367//367 518//518
f 332//332 75//75 98//98
f 336//336 391//391 77//77
f 531//531 331//331 370//370
f 534//534 345//345 327//327
f 360//360 337//337 106//106
f 359//359 99//99 316//316
f 304//304 348//348 530//530
f 231//231 344//344 355//355
f 238//238 356//356 366//366
f 324//324 263//263 302//302
f 652//652 371//371 373//373
f 640//640 655//655 372//372
f 382//382 641//641 374//374
f 378//378 376//376 385//385
f 626//626 379//379 393//393
f 380//380 386//386 390//390
f 455//455 397//397 548//548
f 452//452 515//515 396//396
f 575//575 6//6 457//457
f 551//551 399//399 482//482
f 401//401 552//552 487//487
f 403//403 488//488 409//409
f 395//395 516//516 484//484
f 631//631 402//402 410//410
f 415//415 555//555 405//405
f 411//411 408//408 486//486
f 416//416 489//489 460//460
f 413//413 461//461 563//563
f 587//587 412//412 562//562
f 418//418 578//578 564//564
f 421//421 566//566 449//449
f 565//565 459//459 448//448
f 419//419 444//444 431//431
f 423//423 420//420 434//434
f 440//440 427//427 433//433
f 439//439 436//436 507//507
f 432//432 447//447 504//504
f 442//442 505//505 568//568
f 429//429 441//441 567//567
f 570//570 4//4 651//651
f 571//571 500//500 3//3
f 675//675 2//2 573//573
f 445//445 462//462 28//28
f 25//25 464//464 188//188
f 443//443 26//26 177//177
f 189//189 463//463 466//466
f 463//463 483//483 466//466
f 465//465 480//480 477//477
f 189//189 466//466 472//472
f 472//472 475//475 189//189
f 475//475 483//483 189//189
f 506//506 446//446 175//175
f 498//498 176//176 167//167
f 208//208 184//184 481//481
f 501//501 164//164 249//249
f 490//490 205//205 485//485
f 491//491 483//483 514//514
f 246//246 9//9 494//494
f 495//495 511//511 503//503
f 240//240 497//497 502//502
f 510//510 538//538 506//506
f 535//535 541//541 450//450
f 506//506 538//538 451//451
f 541//541 241//241 450//450
f 491//491 514//514 450//450
f 241//241 491//491 450//450
f 541//541 7//7 241//241
f 318//318 520//520 620//620
f 620//620 520//520 616//616
f 522//522 661//661 527//527
f 527//527 661//661 343//343
f 369//369 654//654 532//532
f 654//654 658//658 532//532
f 392//392 333//333 308//308
f 624//624 392//392 308//308
f 513//513 2087//2087 681//681
f 537//537 512//512 679//679
f 539//539 536//536 677//677
f 540//540 680//680 2078//2078
f 8//8 542//542 2077//2077
f 682//682 545//545 574//574
f 685//685 572//572 456//456
f 668//668 683//683 454//454
f 670//670 453//453 547//547
f 644//644 671//671 400//400
f 667//667 546//546 398//398
f 554//554 643//643 394//394
f 550//550 404//404 633//633
f 597//597 632//632 407//407
f 557//557 596//596 406//406
f 585//585 556//556 414//414
f 577//577 588//588 561//561
f 614//614 580//580 417//417
f 613//613 422//422 424//424
f 627//627 611//611 438//438
f 612//612 425//425 435//435
f 428//428 628//628 437//437
f 650//650 426//426 569//569
f 674//674 649//649 5//5
f 544//544 673//673 576//576
f 473//473 2034//2034 638//638
f 479//479 471//471 635//635
f 476//476 637//637 604//604
f 581//581 309//309 579//579
f 581//581 579//579 615//615
f 622//622 579//579 309//309
f 306//306 581//581 615//615
f 593//593 559//559 586//586
f 590//590 589//589 579//579
f 610//610 560//560 594//594
f 590//590 579//579 622//622
f 607//607 598//598 558//558
f 2032//2032 590//590 622//622
f 636//636 595//595 600//600
f 629//629 306//306 615//615
f 619//619 636//636 2032//2032
f 619//619 2032//2032 622//622
f 625//625 306//306 629//629
f 381//381 625//625 629//629
f 381//381 629//629 430//430
f 630//630 595//595 636//636
f 630//630 636//636 619//619
f 630//630 619//619 289//289
f 294//294 630//630 289//289
f 639//639 381//381 430//430
f 653//653 639//639 430//430
f 553//553 634//634 293//293
f 642//642 549//549 292//292
f 645//645 294//294 660//660
f 2076//2076 653//653 13//13
f 13//13 653//653 430//430
f 646//646 13//13 430//430
f 647//647 2090//2090 16//16
f 657//657 653//653 2076//2076
f 657//657 2076//2076 678//678
f 648//648 676//676 2086//2086
f 672//672 678//678 646//646
f 669//669 660//660 524//524
f 669//669 524//524 666//666
f 669//669 645//645 660//660
f 543//543 666//666 298//298
f 543//543 298//298 657//657
f 543//543 678//678 672//672
f 543//543 657//657 678//678
f 684//684 669//669 666//666
f 684//684 666//666 543//543
f 751//751 756//756 766//766
f 752//752 769//769 709//709
f 750//750 712//712 695//695
f 688//688 754//754 691//691
f 689//689 693//693 739//739
f 694//694 714//714 745//745
f 692//692 749//749 740//740
f 765//765 716//716 710//710
f 705//705 707//707 696//696
f 720//720 733//733 704//704
f 735//735 706//706 702//702
f 736//736 700//700 708//708
f 701//701 719//719 703//703
f 721//721 744//744 713//713
f 737//737 722//722 717//717
f 726//726 748//748 698//698
f 723//723 711//711 718//718
f 734//734 728//728 697//697
f 699//699 747//747 724//724
f 768//768 732//732 715//715
f 730//730 767//767 762//762
f 742//742 729//729 759//759
f 741//741 727//727 731//731
f 743//743 746//746 725//725
f 753//753 686//686 757//757
f 690//690 763//763 755//755
f 760//760 687//687 738//738
f 758//758 761//761 764//764
f 2659//2659 796//796 776//776
f 789//789 785//785 777//777
f 1242//1242 1255//1255 774//774
f 2869//2869 2880//2880 1265//1265
f 2681//2681 1247//1247 2667//2667
f 2660//2660 779//779 784//784
f 1267//1267 2882//2882 787//787
f 2658//2658 782//782 770//770
f 2670//2670 1248//1248 1243//1243
f 2890//2890 783//783 790//790
f 786//786 2881//2881 2887//2887
f 2669//2669 1237//1237 792//792
f 778//778 1257//1257 1264//1264
f 788//788 780//780 1268//1268
f 793//793 1238//1238 775//775
f 4727//4727 4712//4712 1326//1326
f 799//799 1327//1327 801//801
f 803//803 1322//1322 808//808
f 817//817 809//809 1301//1301
f 1285//1285 1299//1299 819//819
f 826//826 820//820 837//837
f 4690//4690 839//839 4702//4702
f 842//842 830//830 4695//4695
f 1391//1391 5076//5076 850//850
f 846//846 1396//1396 852//852
f 1372//1372 853//853 857//857
f 862//862 1366//1366 1361//1361
f 1352//1352 1360//1360 1337//1337
f 1334//1334 869//869 872//872
f 868//868 1338//1338 873//873
f 1464//1464 894//894 1450//1450
f 1438//1438 895//895 5019//5019
f 896//896 1457//1457 5022//5022
f 1437//1437 5017//5017 903//903
f 901//901 5018//5018 1430//1430
f 1424//1424 1425//1425 905//905
f 1429//1429 5020//5020 906//906
f 1409//1409 904//904 3717//3717
f 3584//3584 4611//4611 1514//1514
f 1509//1509 1515//1515 916//916
f 915//915 1516//1516 931//931
f 913//913 930//930 921//921
f 924//924 934//934 940//940
f 945//945 936//936 1485//1485
f 1474//1474 949//949 4572//4572
f 950//950 1481//1481 4571//4571
f 4563//4563 1477//1477 4570//4570
f 1529//1529 4559//4559 5116//5116
f 1530//1530 5119//5119 4889//4889
f 1535//1535 1527//1527 954//954
f 1528//1528 4891//4891 956//956
f 1548//1548 1534//1534 955//955
f 1547//1547 953//953 959//959
f 1554//1554 1545//1545 958//958
f 1555//1555 957//957 5143//5143
f 1559//1559 1551//1551 5144//5144
f 1557//1557 5142//5142 970//970
f 966//966 1561//1561 968//968
f 964//964 969//969 4785//4785
f 3513//3513 4768//4768 4911//4911
f 976//976 3515//3515 4910//4910
f 978//978 4912//4912 4920//4920
f 1566//1566 973//973 980//980
f 975//975 4922//4922 979//979
f 1562//1562 982//982 4864//4864
f 1570//1570 1564//1564 4863//4863
f 1573//1573 4865//4865 985//985
f 4493//4493 1569//1569 987//987
f 3332//3332 4801//4801 990//990
f 992//992 3332//3332 990//990
f 3407//3407 991//991 4855//4855
f 995//995 3405//3405 4856//4856
f 991//991 988//988 4855//4855
f 995//995 4856//4856 997//997
f 1000//1000 5013//5013 5010//5010
f 1000//1000 4336//4336 5013//5013
f 1006//1006 5009//5009 1008//1008
f 1006//1006 1003//1003 5009//5009
f 1014//1014 1009//1009 5055//5055
f 1014//1014 1005//1005 1009//1009
f 3231//3231 5054//5054 1016//1016
f 3231//3231 1011//1011 5054//5054
f 3223//3223 1017//1017 5081//5081
f 3223//3223 3233//3233 1017//1017
f 1020//1020 5083//5083 5086//5086
f 1020//1020 3221//3221 5083//5083
f 3209//3209 5087//5087 5093//5093
f 3209//3209 1019//1019 5087//5087
f 1023//1023 3492//3492 3479//3479
f 1034//1034 3483//3483 1039//1039
f 1036//1036 1030//1030 3481//3481
f 1043//1043 1038//1038 3489//3489
f 1041//1041 1035//1035 1037//1037
f 3039//3039 3491//3491 3486//3486
f 3041//3041 1042//1042 3488//3488
f 3062//3062 3485//3485 1048//1048
f 3063//3063 3040//3040 3484//3484
f 1065//1065 1049//1049 1051//1051
f 1060//1060 3064//3064 1050//1050
f 1057//1057 1059//1059 1052//1052
f 3092//3092 1056//1056 3396//3396
f 3093//3093 1058//1058 1055//1055
f 1067//1067 3395//3395 3399//3399
f 1066//1066 3095//3095 3393//3393
f 3019//3019 3400//3400 1071//1071
f 3020//3020 1070//1070 3398//3398
f 3032//3032 1074//1074 1075//1075
f 3033//3033 3021//3021 1073//1073
f 1080//1080 3030//3030 1076//1076
f 1096//1096 1079//1079 3401//3401
f 1093//1093 3034//3034 1081//1081
f 1089//1089 3404//3404 1085//1085
f 1086//1086 1094//1094 3403//3403
f 1087//1087 4360//4360 1092//1092
f 4824//4824 1083//1083 3408//3408
f 4823//4823 1090//1090 1082//1082
f 1101//1101 3410//3410 1104//1104
f 1100//1100 4822//4822 3409//3409
f 4739//4739 1102//1102 1107//1107
f 4736//4736 1099//1099 1105//1105
f 4740//4740 1106//1106 3414//3414
f 4741//4741 3413//3413 1110//1110
f 4743//4743 4738//4738 1109//1109
f 5120//5120 1111//1111 3415//3415
f 5123//5123 4744//4744 1112//1112
f 4732//4732 3416//3416 1116//1116
f 4734//4734 5121//5121 3417//3417
f 1122//1122 1115//1115 3420//3420
f 1120//1120 4733//4733 1117//1117
f 2816//2816 3419//3419 3429//3429
f 2819//2819 1121//1121 3422//3422
f 4195//4195 1118//1118 2815//2815
f 2906//2906 3428//3428 3423//3423
f 2907//2907 2820//2820 3430//3430
f 1125//1125 3426//3426 1130//1130
f 1126//1126 2910//2910 3425//3425
f 1137//1137 1129//1129 1139//1139
f 1135//1135 1123//1123 1131//1131
f 2921//2921 1141//1141 1145//1145
f 2922//2922 1136//1136 1138//1138
f 2982//2982 2927//2927 1144//1144
f 2983//2983 1143//1143 1147//1147
f 3431//3431 2978//2978 1146//1146
f 2992//2992 2981//2981 3434//3434
f 2993//2993 3432//3432 3435//3435
f 2933//2933 2991//2991 3438//3438
f 2936//2936 3437//3437 1150//1150
f 2949//2949 2938//2938 1152//1152
f 2946//2946 1151//1151 1154//1154
f 2897//2897 2945//2945 1156//1156
f 2898//2898 1153//1153 1159//1159
f 2974//2974 1157//1157 1161//1161
f 2975//2975 2895//2895 1158//1158
f 4120//4120 1164//1164 3446//3446
f 4116//4116 2973//2973 1162//1162
f 3449//3449 4117//4117 3445//3445
f 1166//1166 3451//3451 1172//1172
f 1165//1165 4115//4115 3450//3450
f 1168//1168 4876//4876 4118//4118
f 4902//4902 1169//1169 1170//1170
f 4905//4905 1173//1173 3453//3453
f 1606//1606 1179//1179 1181//1181
f 4907//4907 3452//3452 1177//1177
f 4906//4906 4904//4904 3455//3455
f 1185//1185 1183//1183 1178//1178
f 1194//1194 1182//1182 1187//1187
f 1201//1201 1214//1214 1202//1202
f 1200//1200 1204//1204 1191//1191
f 1195//1195 1189//1189 1186//1186
f 4896//4896 4909//4909 1175//1175
f 4899//4899 1176//1176 1609//1609
f 4898//4898 1608//1608 1601//1601
f 4900//4900 1604//1604 1593//1593
f 1206//1206 1587//1587 1213//1213
f 1209//1209 4897//4897 1594//1594
f 1207//1207 1212//1212 1198//1198
f 1211//1211 1591//1591 1586//1586
f 4894//4894 1210//1210 1196//1196
f 4893//4893 1199//1199 1220//1220
f 4885//4885 4895//4895 1218//1218
f 4886//4886 1219//1219 3460//3460
f 1224//1224 4884//4884 3461//3461
f 1221//1221 3462//3462 3457//3457
f 2677//2677 1222//1222 3458//3458
f 2682//2682 3456//3456 1226//1226
f 2680//2680 1227//1227 1233//1233
f 1229//1229 1225//1225 2678//2678
f 1244//1244 2676//2676 1235//1235
f 1245//1245 1234//1234 1252//1252
f 1241//1241 1251//1251 3466//3466
f 1239//1239 1246//1246 1250//1250
f 1254//1254 3465//3465 3474//3474
f 1253//1253 1240//1240 3464//3464
f 3470//3470 1258//1258 3472//3472
f 1263//1263 3468//3468 3476//3476
f 1266//1266 1256//1256 3469//3469
f 2865//2865 3477//3477 1261//1261
f 2867//2867 1262//1262 3475//3475
f 4694//4694 1275//1275 1636//1636
f 840//840 4693//4693 1637//1637
f 835//835 841//841 1277//1277
f 838//838 1635//1635 1276//1276
f 828//828 834//834 1641//1641
f 836//836 1278//1278 1642//1642
f 825//825 827//827 1281//1281
f 829//829 1639//1639 1280//1280
f 1286//1286 821//821 1649//1649
f 818//818 1282//1282 1650//1650
f 1306//1306 1287//1287 1296//1296
f 1288//1288 1648//1648 1291//1291
f 815//815 1304//1304 1310//1310
f 1303//1303 1289//1289 1311//1311
f 806//806 816//816 1312//1312
f 814//814 1307//1307 1314//1314
f 805//805 812//812 1659//1659
f 813//813 1315//1315 1660//1660
f 798//798 804//804 1317//1317
f 802//802 1657//1657 1318//1318
f 1323//1323 797//797 1664//1664
f 800//800 1316//1316 1662//1662
f 4726//4726 1325//1325 3767//3767
f 1328//1328 1663//1663 3768//3768
f 1335//1335 876//876 1329//1329
f 867//867 1333//1333 1694//1694
f 1336//1336 1331//1331 1693//1693
f 1344//1344 866//866 1348//1348
f 865//865 1703//1703 1347//1347
f 1350//1350 1340//1340 1707//1707
f 1339//1339 1345//1345 1706//1706
f 1355//1355 1351//1351 1715//1715
f 1349//1349 1705//1705 1716//1716
f 1357//1357 1714//1714 1363//1363
f 864//864 1353//1353 1721//1721
f 1356//1356 1364//1364 1723//1723
f 1369//1369 861//861 2261//2261
f 863//863 1720//1720 2258//2258
f 859//859 1370//1370 1375//1375
f 1371//1371 2260//2260 1380//1380
f 847//847 1373//1373 1389//1389
f 1374//1374 855//855 1390//1390
f 860//860 1379//1379 1388//1388
f 845//845 848//848 1405//1405
f 849//849 1387//1387 1404//1404
f 1394//1394 843//843 1399//1399
f 844//844 1407//1407 1400//1400
f 1392//1392 1401//1401 2265//2265
f 1410//1410 3722//3722 1418//1418
f 909//909 1411//1411 1727//1727
f 1412//1412 1420//1420 1726//1726
f 1421//1421 907//907 1730//1730
f 908//908 1728//1728 1732//1732
f 1427//1427 1422//1422 1741//1741
f 1423//1423 1729//1729 1742//1742
f 902//902 1428//1428 1431//1431
f 1426//1426 1737//1737 1432//1432
f 1436//1436 900//900 1747//1747
f 902//902 1431//1431 1746//1746
f 899//899 1439//1439 1749//1749
f 1435//1435 1745//1745 1754//1754
f 1456//1456 897//897 1756//1756
f 898//898 1755//1755 1757//1757
f 1453//1453 1760//1760 1459//1459
f 1461//1461 1455//1455 1440//1440
f 1451//1451 1458//1458 1448//1448
f 892//892 1462//1462 1465//1465
f 1463//1463 1446//1446 1466//1466
f 888//888 889//889 1765//1765
f 891//891 1467//1467 1761//1761
f 3675//3675 882//882 3663//3663
f 884//884 1763//1763 3662//3662
f 4565//4565 1472//1472 1766//1766
f 1476//1476 4565//4565 1766//1766
f 947//947 1475//1475 1778//1778
f 1478//1478 1768//1768 1775//1775
f 1482//1482 948//948 1486//1486
f 951//951 1774//1774 1487//1487
f 946//946 1484//1484 1784//1784
f 1483//1483 1489//1489 1779//1779
f 939//939 944//944 1491//1491
f 943//943 1780//1780 1493//1493
f 926//926 938//938 1793//1793
f 941//941 1490//1490 1790//1790
f 928//928 923//923 1497//1497
f 925//925 1789//1789 1496//1496
f 922//922 929//929 1797//1797
f 933//933 1494//1494 1800//1800
f 918//918 920//920 1804//1804
f 919//919 1798//1798 1802//1802
f 1508//1508 917//917 1505//1505
f 914//914 1803//1803 1506//1506
f 1511//1511 1510//1510 1522//1522
f 1507//1507 1500//1500 1519//1519
f 3583//3583 1517//1517 1526//1526
f 1517//1517 1520//1520 1526//1526
f 2176//2176 4558//4558 1533//1533
f 2178//2178 2172//2172 1532//1532
f 2179//2179 1531//1531 1538//1538
f 1543//1543 2180//2180 1536//1536
f 1544//1544 1537//1537 1549//1549
f 2182//2182 1542//1542 1552//1552
f 1539//1539 1546//1546 1553//1553
f 2188//2188 2186//2186 1558//1558
f 2183//2183 1550//1550 1560//1560
f 2190//2190 1556//1556 962//962
f 3554//3554 2187//2187 963//963
f 3509//3509 3517//3517 972//972
f 2148//2148 3510//3510 977//977
f 2151//2151 2146//2146 1565//1565
f 2149//2149 974//974 1563//1563
f 2155//2155 2150//2150 1571//1571
f 2153//2153 1567//1567 1572//1572
f 2154//2154 1568//1568 4492//4492
f 3277//3277 4462//4462 1574//1574
f 2031//2031 3278//3278 1575//1575
f 1581//1581 1205//1205 1215//1215
f 1585//1585 1216//1216 1589//1589
f 1597//1597 1582//1582 1588//1588
f 1599//1599 1590//1590 1592//1592
f 1600//1600 1595//1595 1603//1603
f 3133//3133 1598//1598 1605//1605
f 3134//3134 1602//1602 1607//1607
f 3131//3131 1610//1610 1180//1180
f 4093//4093 1921//1921 1614//1614
f 4055//4055 1612//1612 1928//1928
f 4054//4054 4094//4094 1613//1613
f 4048//4048 4056//4056 1927//1927
f 1617//1617 4052//4052 1924//1924
f 1625//1625 1929//1929 1942//1942
f 1623//1623 1616//1616 1922//1922
f 4045//4045 1624//1624 1940//1940
f 1629//1629 1941//1941 2597//2597
f 1628//1628 4044//4044 1938//1938
f 2593//2593 1631//1631 2596//2596
f 1633//1633 1270//1270 1643//1643
f 1634//1634 1646//1646 1279//1279
f 1647//1647 1284//1284 1290//1290
f 1283//1283 1644//1644 1293//1293
f 1313//1313 1308//1308 1652//1652
f 1309//1309 1292//1292 1653//1653
f 1319//1319 1658//1658 1665//1665
f 1666//1666 1651//1651 3766//3766
f 2286//2286 3735//3735 1676//1676
f 2285//2285 1672//1672 1667//1667
f 3761//3761 1678//1678 1681//1681
f 1692//1692 1685//1685 1701//1701
f 1690//1690 1700//1700 1330//1330
f 1346//1346 1697//1697 1704//1704
f 1708//1708 1696//1696 1712//1712
f 1362//1362 1713//1713 1718//1718
f 1725//1725 1417//1417 1736//1736
f 1724//1724 1734//1734 1731//1731
f 1744//1744 1434//1434 1748//1748
f 1433//1433 1735//1735 1751//1751
f 1460//1460 1758//1758 1445//1445
f 1759//1759 1750//1750 1447//1447
f 1468//1468 1443//1443 1762//1762
f 1764//1764 1449//1449 3664//3664
f 1767//1767 1471//1471 1769//1769
f 1782//1782 1488//1488 1770//1770
f 1492//1492 1781//1781 1792//1792
f 1783//1783 1772//1772 1786//1786
f 1495//1495 1791//1791 1795//1795
f 1801//1801 1796//1796 1502//1502
f 1521//1521 1499//1499 1524//1524
f 1523//1523 1501//1501 3586//3586
f 1805//1805 1814//1814 2085//2085
f 1808//1808 2083//2083 2079//2079
f 1843//1843 2038//2038 2019//2019
f 1811//1811 2018//2018 603//603
f 1812//1812 1844//1844 2014//2014
f 1840//1840 1841//1841 1809//1809
f 1819//1819 2053//2053 1874//1874
f 1816//1816 1873//1873 1830//1830
f 1881//1881 1837//1837 2008//2008
f 1829//1829 2109//2109 1821//1821
f 1848//1848 1858//1858 1851//1851
f 1816//1816 1830//1830 1861//1861
f 1816//1816 1861//1861 1826//1826
f 1580//1580 1596//1596 3132//3132
f 1834//1834 2021//2021 2044//2044
f 1836//1836 2046//2046 1855//1855
f 1859//1859 2047//2047 1850//1850
f 1860//1860 1846//1846 1864//1864
f 1847//1847 1852//1852 1866//1866
f 1825//1825 1856//1856 1868//1868
f 1857//1857 1862//1862 1869//1869
f 1828//1828 1871//1871 2107//2107
f 1827//1827 1823//1823 2096//2096
f 1822//1822 2106//2106 2099//2099
f 1818//1818 1824//1824 2100//2100
f 2075//2075 1820//1820 2101//2101
f 1817//1817 2072//2072 2054//2054
f 1832//1832 1875//1875 1880//1880
f 1872//1872 2052//2052 1879//1879
f 1835//1835 1877//1877 2043//2043
f 1833//1833 2041//2041 2009//2009
f 1831//1831 1883//1883 2022//2022
f 1882//1882 2012//2012 2024//2024
f 1839//1839 1810//1810 602//602
f 1845//1845 1838//1838 599//599
f 1842//1842 601//601 2035//2035
f 1813//1813 1806//1806 2105//2105
f 1807//1807 2082//2082 2103//2103
f 1815//1815 2102//2102 2089//2089
f 2242//2242 2224//2224 2381//2381
f 2481//2481 1885//1885 2457//2457
f 2460//2460 1884//1884 2411//2411
f 2238//2238 2383//2383 1898//1898
f 2460//2460 2411//2411 1441//1441
f 2525//2525 2460//2460 1441//1441
f 3705//3705 2239//2239 1897//1897
f 1442//1442 2415//2415 3666//3666
f 2528//2528 1444//1444 1752//1752
f 1891//1891 1914//1914 1904//1904
f 2412//2412 2400//2400 3665//3665
f 3702//3702 1901//1901 2370//2370
f 1915//1915 1740//1740 1906//1906
f 3667//3667 2406//2406 2227//2227
f 1738//1738 1415//1415 2350//2350
f 1905//1905 1739//1739 2351//2351
f 3707//3707 2369//2369 2361//2361
f 1413//1413 3701//3701 2363//2363
f 2524//2524 1753//1753 1733//1733
f 2352//2352 1414//1414 2360//2360
f 1908//1908 2530//2530 1743//1743
f 2222//2222 2402//2402 2385//2385
f 1920//1920 772//772 781//781
f 1939//1939 1699//1699 2598//2598
f 781//781 2884//2884 1383//1383
f 1377//1377 2888//2888 1397//1397
f 1920//1920 781//781 1383//1383
f 1611//1611 1920//1920 1383//1383
f 1925//1925 1615//1615 1378//1378
f 1695//1695 1680//1680 2604//2604
f 1926//1926 1381//1381 1711//1711
f 2595//2595 1698//1698 2605//2605
f 1403//1403 2885//2885 2268//2268
f 2843//2843 2564//2564 2578//2578
f 2563//2563 2585//2585 2577//2577
f 3732//3732 2843//2843 2578//2578
f 1682//1682 1677//1677 2618//2618
f 2599//2599 1686//1686 2619//2619
f 3732//3732 2578//2578 1933//1933
f 1923//1923 1709//1709 1944//1944
f 1674//1674 3734//3734 1934//1934
f 2620//2620 1671//1671 1937//1937
f 1943//1943 1717//1717 1702//1702
f 2884//2884 2843//2843 3732//3732
f 2266//2266 2886//2886 3733//3733
f 1978//1978 1640//1640 1957//1957
f 3814//3814 3784//3784 1951//1951
f 1638//1638 1274//1274 1954//1954
f 2734//2734 2728//2728 1654//1654
f 2756//2756 2730//2730 1656//1656
f 2784//2784 2774//2774 1946//1946
f 2774//2774 2917//2917 1946//1946
f 1959//1959 1269//1269 1969//1969
f 3820//3820 1947//1947 1964//1964
f 2308//2308 3813//3813 1960//1960
f 1655//1655 2725//2725 3770//3770
f 2759//2759 1661//1661 1295//1295
f 1273//1273 2309//2309 1968//1968
f 1972//1972 2311//2311 1961//1961
f 2727//2727 2712//2712 3769//3769
f 1972//1972 1961//1961 1985//1985
f 1977//1977 2757//2757 1297//1297
f 3771//3771 2711//2711 3783//3783
f 2707//2707 2784//2784 3785//3785
f 1987//1987 1962//1962 2687//2687
f 3785//3785 2784//2784 1946//1946
f 1980//1980 1294//1294 1645//1645
f 3593//3593 1999//1999 2211//2211
f 1788//1788 1777//1777 3119//3119
f 2207//2207 1997//1997 3197//3197
f 3227//3227 1503//1503 1799//1799
f 3609//3609 2210//2210 3196//3196
f 3229//3229 3214//3214 1504//1504
f 3117//3117 1773//1773 3083//3083
f 3144//3144 3173//3173 3115//3115
f 3173//3173 3163//3163 3115//3115
f 1771//1771 3653//3653 3084//3084
f 3616//3616 3193//3193 3185//3185
f 3238//3238 3228//3228 1787//1787
f 3227//3227 1799//1799 1794//1794
f 3648//3648 3630//3630 3077//3077
f 3217//3217 1998//1998 3592//3592
f 3631//3631 3610//3610 1989//1989
f 1498//1498 3218//3218 3594//3594
f 3616//3616 3185//3185 1991//1991
f 3080//3080 3629//3629 1990//1990
f 1991//1991 3185//3185 3248//3248
f 1991//1991 3248//3248 3037//3037
f 3163//3163 3241//3241 1785//1785
f 3163//3163 1785//1785 3115//3115
f 3294//3294 2004//2004 2013//2013
f 2010//2010 2003//2003 2027//2027
f 3290//3290 2011//2011 2042//2042
f 2006//2006 3274//3274 2017//2017
f 2016//2016 3273//3273 605//605
f 2023//2023 2007//2007 2020//2020
f 3275//3275 2030//2030 608//608
f 2025//2025 2015//2015 2039//2039
f 3292//3292 2040//2040 2058//2058
f 2058//2058 2040//2040 1878//1878
f 2033//2033 608//608 2045//2045
f 2055//2055 1876//1876 2051//2051
f 608//608 2030//2030 2063//2063
f 2045//2045 608//608 2063//2063
f 1849//1849 2048//2048 2062//2062
f 2095//2095 2057//2057 2050//2050
f 1853//1853 2065//2065 2066//2066
f 2092//2092 2049//2049 2074//2074
f 1863//1863 1854//1854 2068//2068
f 2088//2088 2073//2073 2081//2081
f 2093//2093 2073//2073 2088//2088
f 2093//2093 2088//2088 3303//3303
f 2104//2104 2081//2081 2097//2097
f 3303//3303 2088//2088 2125//2125
f 2088//2088 2104//2104 2125//2125
f 2108//2108 1867//1867 2145//2145
f 1870//1870 1865//1865 2143//2143
f 1865//1865 2067//2067 2143//2143
f 2110//2110 2140//2140 2115//2115
f 2098//2098 2111//2111 2114//2114
f 2125//2125 2104//2104 2117//2117
f 2104//2104 2097//2097 2117//2117
f 2081//2081 2073//2073 2097//2097
f 2033//2033 2045//2045 2026//2026
f 2064//2064 2028//2028 2122//2122
f 2029//2029 1579//1579 2121//2121
f 2124//2124 2116//2116 3316//3316
f 4428//4428 2127//2127 3317//3317
f 2141//2141 2137//2137 2128//2128
f 2112//2112 2139//2139 2130//2130
f 2113//2113 2131//2131 3315//3315
f 2069//2069 2135//2135 2142//2142
f 2134//2134 2138//2138 2144//2144
f 2071//2071 2061//2061 2119//2119
f 2070//2070 2120//2120 2133//2133
f 2169//2169 3512//3512 2147//2147
f 2169//2169 2147//2147 2152//2152
f 2169//2169 2152//2152 2158//2158
f 2169//2169 2158//2158 2160//2160
f 2168//2168 2161//2161 3527//3527
f 2166//2166 3528//3528 3532//3532
f 2167//2167 3538//3538 3549//3549
f 2169//2169 3548//3548 3500//3500
f 2169//2169 3500//3500 3512//3512
f 3563//3563 2175//2175 2177//2177
f 3566//3566 2181//2181 1540//1540
f 3571//3571 1541//1541 2184//2184
f 3570//3570 2185//2185 2189//2189
f 3570//3570 2189//2189 3555//3555
f 3564//3564 3553//3553 2195//2195
f 3567//3567 2194//2194 3560//3560
f 3570//3570 3578//3578 2173//2173
f 2197//2197 3588//3588 3598//3598
f 3595//3595 3589//3589 2206//2206
f 2202//2202 2205//2205 3614//3614
f 3637//3637 3620//3620 3613//3613
f 3640//3640 3612//3612 3635//3635
f 2212//2212 3634//3634 3650//3650
f 1473//1473 3649//3649 1776//1776
f 3671//3671 3660//3660 2223//2223
f 3672//3672 2220//2220 2217//2217
f 2234//2234 2232//2232 2246//2246
f 2233//2233 2221//2221 2244//2244
f 2247//2247 3693//3693 3710//3710
f 3692//3692 2245//2245 3711//3711
f 2250//2250 3709//3709 2253//2253
f 2254//2254 3708//3708 1416//1416
f 1719//1719 1710//1710 1382//1382
f 1722//1722 1384//1384 2259//2259
f 1386//1386 1385//1385 1408//1408
f 1406//1406 1376//1376 1402//1402
f 2264//2264 1398//1398 2267//2267
f 2262//2262 2271//2271 3727//3727
f 2276//2276 2272//2272 2282//2282
f 2279//2279 2273//2273 3736//3736
f 3776//3776 3765//3765 3778//3778
f 3775//3775 3781//3781 2292//2292
f 2296//2296 3788//3788 3817//3817
f 3789//3789 3782//3782 3815//3815
f 2303//2303 2297//2297 2314//2314
f 2300//2300 3816//3816 2306//2306
f 3836//3836 2313//2313 3840//3840
f 3838//3838 2305//2305 1271//1271
f 3877//3877 2416//2416 1889//1889
f 2316//2316 3879//3879 1887//1887
f 2322//2322 2315//2315 1888//1888
f 2321//2321 1890//1890 3855//3855
f 3856//3856 1886//1886 2482//2482
f 2325//2325 3854//3854 2479//2479
f 2326//2326 2478//2478 2489//2489
f 2487//2487 2335//2335 2330//2330
f 2336//2336 2334//2334 2488//2488
f 2337//2337 2486//2486 2344//2344
f 2346//2346 3869//3869 2340//2340
f 3935//3935 1907//1907 2349//2349
f 3925//3925 2353//2353 2364//2364
f 3926//3926 3930//3930 2348//2348
f 2356//2356 3929//3929 2359//2359
f 3914//3914 2362//2362 2371//2371
f 3912//3912 2355//2355 2358//2358
f 2368//2368 3913//3913 2372//2372
f 3905//3905 2373//2373 1900//1900
f 3907//3907 2367//2367 2374//2374
f 2378//2378 3906//3906 1896//1896
f 3901//3901 1895//1895 2380//2380
f 3902//3902 2377//2377 1899//1899
f 2388//2388 3900//3900 2379//2379
f 2391//2391 2384//2384 2405//2405
f 2394//2394 2387//2387 2382//2382
f 2397//2397 2390//2390 2404//2404
f 3887//3887 2403//2403 2413//2413
f 3890//3890 2398//2398 2401//2401
f 2407//2407 3888//3888 2414//2414
f 3880//3880 2408//2408 2417//2417
f 2418//2418 1913//1913 1892//1892
f 3968//3968 2420//2420 1894//1894
f 3971//3971 3969//3969 1903//1903
f 3969//3969 1893//1893 1903//1903
f 3975//3975 1902//1902 3931//3931
f 2477//2477 1912//1912 2419//2419
f 2473//2473 2421//2421 3963//3963
f 2429//2429 2474//2474 3962//3962
f 2430//2430 3964//3964 2433//2433
f 2426//2426 2434//2434 3945//3945
f 2428//2428 3946//3946 2454//2454
f 2439//2439 2452//2452 3947//3947
f 2453//2453 2440//2440 4317//4317
f 2557//2557 4259//4259 2445//2445
f 2456//2456 2462//2462 2480//2480
f 2446//2446 4256//4256 2496//2496
f 2447//2447 2491//2491 2345//2345
f 2509//2509 4322//4322 2502//2502
f 2431//2431 2512//2512 2470//2470
f 2475//2475 2427//2427 2469//2469
f 2510//2510 2499//2499 2468//2468
f 2444//2444 2347//2347 2484//2484
f 2466//2466 2441//2441 2490//2490
f 2483//2483 2465//2465 2485//2485
f 2476//2476 2471//2471 1911//1911
f 2342//2342 2494//2494 2507//2507
f 4321//4321 4328//4328 2498//2498
f 4326//4326 2523//2523 2532//2532
f 2497//2497 4325//4325 2531//2531
f 2343//2343 2505//2505 3873//3873
f 2425//2425 2451//2451 2511//2511
f 4318//4318 2508//2508 2450//2450
f 2500//2500 2535//2535 2516//2516
f 2467//2467 2501//2501 2514//2514
f 2472//2472 2513//2513 1909//1909
f 1910//1910 2518//2518 2526//2526
f 2536//2536 2520//2520 4235//4235
f 2515//2515 2533//2533 2552//2552
f 2527//2527 2517//2517 2551//2551
f 4236//4236 2541//2541 2543//2543
f 2537//2537 4237//4237 2544//2544
f 2550//2550 2534//2534 2549//2549
f 2459//2459 2529//2529 2553//2553
f 2546//2546 2542//2542 2560//2560
f 2555//2555 2545//2545 2463//2463
f 2464//2464 2548//2548 2442//2442
f 2547//2547 2556//2556 2443//2443
f 2458//2458 2554//2554 2461//2461
f 2570//2570 4010//4010 2872//2872
f 2567//2567 3998//3998 3992//3992
f 2568//2568 2827//2827 4001//4001
f 2823//2823 4006//4006 3996//3996
f 2822//2822 2871//2871 4007//4007
f 2569//2569 2876//2876 4266//4266
f 2579//2579 2632//2632 2576//2576
f 3980//3980 2581//2581 2587//2587
f 2581//2581 2575//2575 2587//2587
f 3981//3981 2584//2584 3990//3990
f 3991//3991 2586//2586 2566//2566
f 2591//2591 2594//2594 2602//2602
f 4028//4028 2588//2588 2600//2600
f 2606//2606 2601//2601 2623//2623
f 2607//2607 4029//4029 2603//2603
f 2616//2616 2609//2609 2617//2617
f 4022//4022 2622//2622 1936//1936
f 4020//4020 2615//2615 2621//2621
f 2624//2624 4021//4021 1930//1930
f 2637//2637 2625//2625 1935//1935
f 2629//2629 1932//1932 2574//2574
f 2631//2631 2635//2635 1931//1931
f 2644//2644 773//773 1918//1918
f 4086//4086 2640//2640 1919//1919
f 4092//4092 4084//4084 1916//1916
f 4089//4089 1917//1917 4095//4095
f 2661//2661 771//771 2642//2642
f 2662//2662 2641//2641 2652//2652
f 791//791 2649//2649 2654//2654
f 794//794 2663//2663 2648//2648
f 2664//2664 2656//2656 4071//4071
f 2665//2665 795//795 2657//2657
f 2674//2674 2668//2668 4073//4073
f 2666//2666 2671//2671 2679//2679
f 2696//2696 4114//4114 2976//2976
f 2688//2688 2690//2690 2706//2706
f 2685//2685 2959//2959 2692//2692
f 2963//2963 4112//4112 2691//2691
f 2958//2958 2969//2969 4113//4113
f 2697//2697 2971//2971 4121//4121
f 4128//4128 1973//1973 1981//1981
f 4101//4101 4125//4125 1986//1986
f 4104//4104 4102//4102 1983//1983
f 4108//4108 1982//1982 2704//2704
f 2705//2705 1984//1984 2689//2689
f 4194//4194 2787//2787 2710//2710
f 2718//2718 2708//2708 2726//2726
f 2720//2720 4190//4190 2709//2709
f 2715//2715 2719//2719 2724//2724
f 4170//4170 2722//2722 2732//2732
f 4167//4167 2713//2713 2723//2723
f 2738//2738 4169//4169 2733//2733
f 2742//2742 2731//2731 2758//2758
f 2743//2743 2736//2736 2729//2729
f 2752//2752 2740//2740 2755//2755
f 2744//2744 2753//2753 1979//1979
f 2746//2746 2751//2751 2754//2754
f 4154//4154 2747//2747 1976//1976
f 2763//2763 1975//1975 1955//1955
f 2761//2761 4155//4155 1974//1974
f 2766//2766 2762//2762 1958//1958
f 4142//4142 1953//1953 1967//1967
f 4143//4143 2765//2765 1956//1956
f 2771//2771 4144//4144 1971//1971
f 4122//4122 2772//2772 1970//1970
f 4210//4210 2920//2920 2775//2775
f 4218//4218 4211//4211 2776//2776
f 2780//2780 4219//4219 2783//2783
f 4217//4217 2777//2777 2785//2785
f 2778//2778 2786//2786 4189//4189
f 2997//2997 2919//2919 4212//4212
f 2999//2999 4213//4213 2791//2791
f 2805//2805 3001//3001 2792//2792
f 2806//2806 2793//2793 2794//2794
f 2804//2804 2795//2795 2802//2802
f 2807//2807 2801//2801 2810//2810
f 2565//2565 2841//2841 2826//2826
f 2863//2863 2839//2839 2873//2873
f 2821//2821 2864//2864 2875//2875
f 2874//2874 2834//2834 4271//4271
f 2854//2854 2861//2861 2828//2828
f 2878//2878 2870//2870 2849//2849
f 2851//2851 2857//2857 2833//2833
f 2829//2829 2824//2824 2840//2840
f 2889//2889 2883//2883 2845//2845
f 2877//2877 2852//2852 2891//2891
f 2830//2830 2862//2862 2825//2825
f 2832//2832 2844//2844 2892//2892
f 2894//2894 2850//2850 2831//2831
f 2842//2842 2879//2879 2893//2893
f 2984//2984 2940//2940 3006//3006
f 2951//2951 1963//1963 3008//3008
f 2964//2964 2896//2896 2972//2972
f 2989//2989 3009//3009 2902//2902
f 3010//3010 2928//2928 2903//2903
f 2941//2941 2952//2952 3007//3007
f 2817//2817 2908//2908 2812//2812
f 2905//2905 1124//1124 3000//3000
f 1127//1127 1134//1134 2915//2915
f 2998//2998 1128//1128 2914//2914
f 3003//3003 1945//1945 2918//2918
f 2995//2995 2912//2912 1952//1952
f 2911//2911 1133//1133 2923//2923
f 2916//2916 2924//2924 2931//2931
f 1950//1950 2913//2913 2930//2930
f 2932//2932 2925//2925 2900//2900
f 2926//2926 2977//2977 2904//2904
f 2935//2935 2948//2948 2942//2942
f 2939//2939 2947//2947 2954//2954
f 1966//1966 2953//2953 2686//2686
f 2950//2950 2899//2899 2967//2967
f 2956//2956 2944//2944 2968//2968
f 2957//2957 2966//2966 2962//2962
f 2955//2955 2960//2960 2684//2684
f 2803//2803 2813//2813 3002//3002
f 2979//2979 2990//2990 2988//2988
f 2901//2901 2980//2980 2986//2986
f 2994//2994 2937//2937 2985//2985
f 2987//2987 2934//2934 2943//2943
f 2970//2970 2961//2961 2965//2965
f 2811//2811 2909//2909 2996//2996
f 1965//1965 1948//1948 3005//3005
f 1949//1949 2929//2929 3004//3004
f 3108//3108 3015//3015 3127//3127
f 3126//3126 3120//3120 3146//3146
f 3016//3016 3028//3028 3013//3013
f 4395//4395 1029//1029 3023//3023
f 1028//1028 1032//1032 3026//3026
f 3029//3029 1097//1097 3154//3154
f 3128//3128 3014//3014 3153//3153
f 4396//4396 3027//3027 3051//3051
f 1033//1033 1045//1045 3022//3022
f 3012//3012 3031//3031 3155//3155
f 1993//1993 3038//3038 3046//3046
f 1046//1046 3043//3043 3054//3054
f 3025//3025 1044//1044 3053//3053
f 3052//3052 3024//3024 3057//3057
f 3050//3050 3056//3056 3069//3069
f 3047//3047 3068//3068 1992//1992
f 3042//3042 3060//3060 3059//3059
f 3058//3058 3065//3065 3074//3074
f 3066//3066 3055//3055 3073//3073
f 3070//3070 3071//3071 3082//3082
f 1988//1988 3067//3067 3078//3078
f 3072//3072 3061//3061 1064//1064
f 3075//3075 1063//1063 3088//3088
f 3079//3079 3076//3076 3090//3090
f 1062//1062 3096//3096 3101//3101
f 3089//3089 1061//1061 3100//3100
f 3118//3118 3081//3081 3086//3086
f 3116//3116 3087//3087 3111//3111
f 3085//3085 3099//3099 3110//3110
f 3097//3097 3094//3094 3106//3106
f 3098//3098 3102//3102 3113//3113
f 3091//3091 1069//1069 3104//3104
f 3109//3109 3103//3103 3124//3124
f 3114//3114 3112//3112 3122//3122
f 1068//1068 3017//3017 3107//3107
f 3105//3105 3018//3018 3011//3011
f 3130//3130 1184//1184 1192//1192
f 1583//1583 3129//3129 1193//1193
f 1584//1584 1190//1190 1203//1203
f 3161//3161 4355//4355 3156//3156
f 3150//3150 3137//3137 3181//3181
f 3148//3148 3178//3178 3142//3142
f 3149//3149 3143//3143 3125//3125
f 3147//3147 3123//3123 3141//3141
f 3157//3157 4356//4356 3138//3138
f 3152//3152 3140//3140 3121//3121
f 3162//3162 3151//3151 1095//1095
f 4340//4340 4335//4335 3165//3165
f 3169//3169 4341//4341 3172//3172
f 4341//4341 3164//3164 3172//3172
f 3170//3170 3175//3175 3176//3176
f 3182//3182 3174//3174 3145//3145
f 3190//3190 3255//3255 3183//3183
f 4384//4384 3186//3186 3192//3192
f 4383//4383 3189//3189 3187//3187
f 3200//3200 4386//4386 3198//3198
f 4374//4374 3195//3195 2001//2001
f 4370//4370 3201//3201 3194//3194
f 4363//4363 4372//4372 1996//1996
f 3205//3205 4365//4365 1995//1995
f 3211//3211 2000//2000 3216//3216
f 3210//3210 3203//3203 1994//1994
f 1021//1021 3208//3208 3215//3215
f 3222//3222 3212//3212 3226//3226
f 3220//3220 1022//1022 3213//3213
f 3234//3234 3219//3219 3230//3230
f 1015//1015 3224//3224 3236//3236
f 1013//1013 3232//3232 3225//3225
f 1007//1007 1012//1012 3235//3235
f 1001//1001 1004//1004 3240//3240
f 4338//4338 3237//3237 3166//3166
f 4337//4337 1002//1002 3239//3239
f 4411//4411 3035//3035 3252//3252
f 3246//3246 4417//4417 3247//3247
f 4420//4420 3242//3242 3249//3249
f 4422//4422 3251//3251 3257//3257
f 3254//3254 3250//3250 3184//3184
f 3049//3049 3036//3036 4412//4412
f 4403//4403 3045//3045 4413//4413
f 3260//3260 3044//3044 4406//4406
f 3258//3258 4401//4401 3048//3048
f 3266//3266 4400//4400 3259//3259
f 2123//2123 4429//4429 4448//4448
f 3301//3301 2126//2126 4449//4449
f 3302//3302 4442//4442 3270//3270
f 3279//3279 2002//2002 3281//3281
f 3311//3311 3276//3276 3283//3283
f 3293//3293 3285//3285 3282//3282
f 2005//2005 3291//3291 3280//3280
f 2059//2059 3297//3297 3288//3288
f 3296//3296 3286//3286 3289//3289
f 2060//2060 2094//2094 3308//3308
f 2056//2056 3306//3306 3298//3298
f 2091//2091 3300//3300 3307//3307
f 3299//3299 3268//3268 3305//3305
f 3272//3272 3312//3312 4468//4468
f 3320//3320 4430//4430 3314//3314
f 2129//2129 3320//3320 3314//3314
f 2136//2136 3320//3320 2129//2129
f 3325//3325 2132//2132 2118//2118
f 3325//3325 2118//2118 1578//1578
f 3325//3325 3320//3320 2132//2132
f 2132//2132 3320//3320 2136//2136
f 3334//3334 3326//3326 3323//3323
f 3326//3326 3328//3328 3323//3323
f 3334//3334 3323//3323 3336//3336
f 3440//3440 3334//3334 3336//3336
f 3336//3336 4484//4484 3440//3440
f 3340//3340 1260//1260 3440//3440
f 4229//4229 3340//3340 3440//3440
f 4240//4240 4229//4229 3440//3440
f 4262//4262 4240//4240 3440//3440
f 3344//3344 4262//4262 3440//3440
f 4272//4272 3344//3344 3440//3440
f 4278//4278 4272//4272 3440//3440
f 3350//3350 4278//4278 3440//3440
f 3351//3351 3350//3350 3440//3440
f 4289//4289 3351//3351 3440//3440
f 4299//4299 4289//4289 3440//3440
f 4302//4302 4299//4299 3440//3440
f 3360//3360 4302//4302 3440//3440
f 3356//3356 3360//3360 3440//3440
f 3362//3362 3356//3356 3440//3440
f 4309//4309 3362//3362 3440//3440
f 3370//3370 4309//4309 3440//3440
f 3373//3373 4452//4452 3378//3378
f 3375//3375 3370//3370 3440//3440
f 994//994 3373//3373 3378//3378
f 4331//4331 3375//3375 3440//3440
f 4224//4224 4331//4331 3440//3440
f 3384//3384 4224//4224 3440//3440
f 4230//4230 3384//3384 3440//3440
f 4245//4245 4230//4230 3440//3440
f 3388//3388 4245//4245 3440//3440
f 4250//4250 3388//3388 3440//3440
f 4253//4253 4250//4250 3440//3440
f 3390//3390 4253//4253 3440//3440
f 4283//4283 3390//3390 3440//3440
f 4484//4484 4283//4283 3440//3440
f 1054//1054 1053//1053 3440//3440
f 3394//3394 1054//1054 3440//3440
f 3397//3397 3394//3394 3440//3440
f 1072//1072 3397//3397 3440//3440
f 994//994 3378//3378 3318//3318
f 1077//1077 1072//1072 3440//3440
f 3334//3334 993//993 3318//3318
f 1078//1078 1077//1077 3440//3440
f 993//993 3406//3406 3318//3318
f 3402//3402 1078//1078 3440//3440
f 3406//3406 994//994 3318//3318
f 1084//1084 3402//3402 3440//3440
f 3411//3411 1084//1084 3440//3440
f 1103//1103 3411//3411 3440//3440
f 1108//1108 1103//1103 3440//3440
f 3412//3412 1108//1108 3440//3440
f 1113//1113 3412//3412 3440//3440
f 3418//3418 1113//1113 3440//3440
f 1114//1114 3418//3418 3440//3440
f 3421//3421 1114//1114 3440//3440
f 3427//3427 3421//3421 3440//3440
f 3424//3424 3427//3427 3440//3440
f 1132//1132 3424//3424 3440//3440
f 1140//1140 1132//1132 3440//3440
f 1142//1142 1140//1140 3440//3440
f 1148//1148 1142//1142 3440//3440
f 3433//3433 1148//1148 3440//3440
f 3436//3436 3433//3433 3440//3440
f 1149//1149 3436//3436 3440//3440
f 1155//1155 1149//1149 3440//3440
f 1160//1160 1155//1155 3440//3440
f 1163//1163 1160//1160 3440//3440
f 3447//3447 1163//1163 3440//3440
f 3448//3448 3447//3447 3440//3440
f 1171//1171 3448//3448 3440//3440
f 3454//3454 1171//1171 3440//3440
f 1174//1174 3454//3454 3440//3440
f 1188//1188 1174//1174 3440//3440
f 1197//1197 1188//1188 3440//3440
f 1217//1217 1197//1197 3440//3440
f 3463//3463 1217//1217 3440//3440
f 3459//3459 3463//3463 3440//3440
f 1228//1228 3459//3459 3440//3440
f 1236//1236 1228//1228 3440//3440
f 1249//1249 1236//1236 3440//3440
f 3467//3467 1249//1249 3440//3440
f 3473//3473 3467//3467 3440//3440
f 3471//3471 3473//3473 3440//3440
f 3478//3478 3471//3471 3440//3440
f 1260//1260 3478//3478 3440//3440
f 3482//3482 3494//3494 3441//3441
f 1040//1040 3480//3480 3440//3440
f 3490//3490 1040//1040 3440//3440
f 3487//3487 3490//3490 3440//3440
f 1047//1047 3487//3487 3440//3440
f 1053//1053 1047//1047 3440//3440
f 3494//3494 4423//4423 3441//3441
f 3334//3334 3318//3318 3326//3326
f 4458//4458 4473//4473 3497//3497
f 4458//4458 3497//3497 3328//3328
f 3326//3326 4458//4458 3328//3328
f 3511//3511 3498//3498 3518//3518
f 3499//3499 3506//3506 3514//3514
f 4491//4491 3522//3522 2156//2156
f 3520//3520 2163//2163 2157//2157
f 3526//3526 2159//2159 4497//4497
f 2162//2162 3523//3523 4495//4495
f 3530//3530 3525//3525 4498//4498
f 3529//3529 4496//4496 4514//4514
f 2164//2164 3531//3531 4509//4509
f 2171//2171 4513//4513 3536//3536
f 3541//3541 2170//2170 3545//3545
f 2165//2165 3537//3537 3546//3546
f 3552//3552 3540//3540 4524//4524
f 3539//3539 3547//3547 4521//4521
f 4522//4522 3503//3503 3551//3551
f 3504//3504 3501//3501 3550//3550
f 3556//3556 965//965 4527//4527
f 2192//2192 3557//3557 4525//4525
f 2193//2193 4526//4526 4534//4534
f 3558//3558 2191//2191 4536//4536
f 3559//3559 4535//4535 4537//4537
f 3568//3568 3562//3562 3572//3572
f 3561//3561 4541//4541 3576//3576
f 3569//3569 3577//3577 4551//4551
f 3580//3580 3565//3565 4547//4547
f 3581//3581 4550//4550 4561//4561
f 2174//2174 3579//3579 4556//4556
f 3582//3582 1525//1525 3590//3590
f 4609//4609 3585//3585 3587//3587
f 4591//4591 4607//4607 2198//2198
f 4608//4608 3591//3591 2199//2199
f 4597//4597 4592//4592 3599//3599
f 4590//4590 2196//2196 3597//3597
f 3603//3603 4603//4603 2209//2209
f 4598//4598 3596//3596 2208//2208
f 4581//4581 3602//3602 2200//2200
f 3600//3600 2204//2204 2203//2203
f 4584//4584 4578//4578 3615//3615
f 4577//4577 2201//2201 3608//3608
f 3604//3604 4587//4587 3617//3617
f 4586//4586 3611//3611 3618//3618
f 3626//3626 3606//3606 3639//3639
f 3605//3605 3619//3619 3636//3636
f 4576//4576 3627//3627 3633//3633
f 3624//3624 3638//3638 3628//3628
f 3644//3644 4573//4573 2213//2213
f 4575//4575 3632//3632 2215//2215
f 3658//3658 3646//3646 3651//3651
f 3641//3641 2214//2214 3652//3652
f 4562//4562 3656//3656 1469//1469
f 3657//3657 3654//3654 1470//1470
f 3676//3676 3661//3661 3668//3668
f 4650//4650 3673//3673 3669//3669
f 3680//3680 4651//4651 2216//2216
f 4647//4647 3670//3670 2218//2218
f 4645//4645 3683//3683 2228//2228
f 3677//3677 2219//2219 2225//2225
f 4639//4639 4646//4646 2230//2230
f 4644//4644 2226//2226 2229//2229
f 4630//4630 4641//4641 2235//2235
f 4642//4642 2231//2231 2237//2237
f 4635//4635 4628//4628 2241//2241
f 4629//4629 2236//2236 2240//2240
f 3688//3688 4637//4637 3691//3691
f 4634//4634 2243//2243 3694//3694
f 4621//4621 3686//3686 2249//2249
f 3686//3686 3695//3695 2249//2249
f 3696//3696 4615//4615 3704//3704
f 4613//4613 4622//4622 3706//3706
f 4623//4623 2248//2248 3703//3703
f 3714//3714 3699//3699 2252//2252
f 3697//3697 3712//3712 2251//2251
f 3720//3720 3713//3713 2257//2257
f 3714//3714 2252//2252 2256//2256
f 3719//3719 2255//2255 1419//1419
f 1395//1395 2263//2263 3728//3728
f 4676//4676 4687//4687 3726//3726
f 4686//4686 1395//1395 3728//3728
f 4681//4681 4679//4679 2270//2270
f 4680//4680 3725//3725 2269//2269
f 4664//4664 4684//4684 2278//2278
f 4685//4685 2274//2274 2275//2275
f 4672//4672 4669//4669 2280//2280
f 4666//4666 2277//2277 2283//2283
f 4662//4662 4674//4674 3730//3730
f 4675//4675 2281//2281 3731//3731
f 3749//3749 4659//4659 2284//2284
f 4660//4660 3729//3729 2288//2288
f 3744//3744 3746//3746 1669//1669
f 3747//3747 2287//2287 1670//1670
f 4655//4655 3737//3737 1673//1673
f 3743//3743 1668//1668 1675//1675
f 3755//3755 4654//4654 3760//3760
f 4652//4652 1679//1679 3762//3762
f 3753//3753 3758//3758 1687//1687
f 3756//3756 3763//3763 1683//1683
f 874//874 3750//3750 1688//1688
f 3751//3751 1684//1684 1691//1691
f 875//875 1689//1689 1332//1332
f 4725//4725 3764//3764 3773//3773
f 4721//4721 4724//4724 3774//3774
f 4715//4715 4722//4722 2290//2290
f 4719//4719 3772//3772 2289//2289
f 4708//4708 4718//4718 3780//3780
f 4716//4716 2291//2291 3779//3779
f 3798//3798 4709//4709 3787//3787
f 4710//4710 3777//3777 3786//3786
f 3791//3791 3796//3796 2293//2293
f 3802//3802 3790//3790 2295//2295
f 3812//3812 3795//3795 3821//3821
f 3794//3794 2294//2294 3818//3818
f 3807//3807 3808//3808 2298//2298
f 3811//3811 3819//3819 2299//2299
f 4704//4704 3804//3804 2302//2302
f 3804//3804 2301//2301 2302//2302
f 3828//3828 4705//4705 2312//2312
f 4703//4703 2304//2304 2310//2310
f 4696//4696 3824//3824 3834//3834
f 3822//3822 3831//3831 3835//3835
f 3825//3825 2307//2307 3833//3833
f 4691//4691 4698//4698 3842//3842
f 4699//4699 3837//3837 3841//3841
f 4692//4692 3839//3839 1272//1272
f 3845//3845 3876//3876 2318//2318
f 4772//4772 3843//3843 2317//2317
f 4760//4760 4771//4771 2323//2323
f 4773//4773 2319//2319 2324//2324
f 3850//3850 4757//4757 3852//3852
f 4758//4758 2320//2320 3853//3853
f 5114//5114 3851//3851 2329//2329
f 3849//3849 3857//3857 2327//2327
f 3863//3863 5112//5112 2331//2331
f 5111//5111 2328//2328 2332//2332
f 3861//3861 3864//3864 2341//2341
f 3862//3862 2333//2333 2338//2338
f 3860//3860 2339//2339 3866//3866
f 3875//3875 3844//3844 4789//4789
f 3878//3878 4791//4791 3881//3881
f 2410//2410 3883//3883 3897//3897
f 2409//2409 3874//3874 3882//3882
f 3889//3889 3896//3896 3893//3893
f 3891//3891 2410//2410 3897//3897
f 2395//2395 3894//3894 4781//4781
f 2399//2399 3889//3889 3893//3893
f 2392//2392 2396//2396 4780//4780
f 2389//2389 4779//4779 4761//4761
f 2389//2389 2393//2393 4779//4779
f 3899//3899 4762//4762 5099//5099
f 3899//3899 2386//2386 4762//4762
f 2376//2376 5101//5101 3909//3909
f 2376//2376 3898//3898 5101//5101
f 3904//3904 3910//3910 5091//5091
f 3904//3904 2375//2375 3910//3910
f 2366//2366 5089//5089 5067//5067
f 2366//2366 3903//3903 5089//5089
f 3915//3915 5066//5066 3917//3917
f 3915//3915 2365//2365 5066//5066
f 2354//2354 3919//3919 3924//3924
f 2354//2354 3916//3916 3919//3919
f 3927//3927 3922//3922 5036//5036
f 3927//3927 2357//2357 3922//3922
f 3932//3932 5038//5038 5025//5025
f 3933//3933 3928//3928 5035//5035
f 3934//3934 5026//5026 5004//5004
f 3937//3937 4313//4313 2437//2437
f 3942//3942 3938//3938 2438//2438
f 3955//3955 3943//3943 3948//3948
f 3944//3944 2436//2436 3949//3949
f 3958//3958 3950//3950 2435//2435
f 3954//3954 3957//3957 3961//3961
f 3959//3959 2432//2432 3965//3965
f 4998//4998 3952//3952 2423//2423
f 3951//3951 3960//3960 2422//2422
f 4984//4984 4999//4999 3970//3970
f 5000//5000 2424//2424 3967//3967
f 5002//5002 4985//4985 3972//3972
f 4987//4987 3966//3966 3974//3974
f 5003//5003 3973//3973 3936//3936
f 4013//4013 2633//2633 2583//2583
f 3976//3976 4014//4014 2580//2580
f 3989//3989 3978//3978 3984//3984
f 3979//3979 2582//2582 3982//3982
f 5070//5070 3985//3985 3994//3994
f 3986//3986 3983//3983 3995//3995
f 5069//5069 3993//3993 4000//4000
f 4003//4003 5071//5071 3997//3997
f 4755//4755 4004//4004 4008//4008
f 4005//4005 3999//3999 4009//4009
f 4748//4748 4753//4753 2572//2572
f 4754//4754 4011//4011 2571//2571
f 4747//4747 2573//2573 4269//4269
f 2630//2630 4015//4015 5034//5034
f 2639//2639 5031//5031 5043//5043
f 2638//2638 2634//2634 5032//5032
f 2627//2627 5040//5040 5027//5027
f 2626//2626 2636//2636 5039//5039
f 4017//4017 5030//5030 4969//4969
f 4019//4019 2628//2628 5028//5028
f 2614//2614 4968//4968 4025//4025
f 2612//2612 4018//4018 4970//4970
f 2608//2608 4026//4026 4037//4037
f 2610//2610 2613//2613 4023//4023
f 4030//4030 4032//4032 4926//4926
f 4027//4027 2611//2611 4034//4034
f 2590//2590 4927//4927 4039//4039
f 2592//2592 4031//4031 4923//4923
f 1627//1627 4041//4041 4829//4829
f 1630//1630 2589//2589 4038//4038
f 4043//4043 4828//4828 4809//4809
f 4046//4046 1632//1632 4827//4827
f 1621//1621 4807//4807 4810//4810
f 1622//1622 4047//4047 4806//4806
f 1619//1619 4813//4813 4843//4843
f 1618//1618 1626//1626 4811//4811
f 4050//4050 4840//4840 4917//4917
f 4049//4049 1620//1620 4842//4842
f 4058//4058 4916//4916 4946//4946
f 4057//4057 4051//4051 4919//4919
f 4096//4096 4947//4947 4078//4078
f 4097//4097 4053//4053 4944//4944
f 1231//1231 2683//2683 2672//2672
f 4061//4061 1230//1230 2675//2675
f 4067//4067 4060//4060 4070//4070
f 4059//4059 2673//2673 4069//4069
f 4068//4068 4072//4072 2653//2653
f 4075//4075 4064//4064 2650//2650
f 4065//4065 2655//2655 2651//2651
f 4972//4972 4077//4077 2646//2646
f 4074//4074 2647//2647 2645//2645
f 4962//4962 4973//4973 4083//4083
f 4975//4975 2643//2643 4087//4087
f 4082//4082 4961//4961 4090//4090
f 4963//4963 4085//4085 4088//4088
f 4081//4081 4091//4091 4098//4098
f 4129//4129 4124//4124 4099//4099
f 4965//4965 4131//4131 4103//4103
f 4988//4988 4966//4966 4106//4106
f 4964//4964 4100//4100 4105//4105
f 4977//4977 4989//4989 2702//2702
f 4990//4990 4107//4107 2701//2701
f 4976//4976 2703//2703 2693//2693
f 4983//4983 4978//4978 2695//2695
f 4882//4882 4982//4982 4109//4109
f 4981//4981 2694//2694 4111//4111
f 4877//4877 4883//4883 2699//2699
f 4880//4880 4110//4110 2698//2698
f 4879//4879 2700//2700 4119//4119
f 4126//4126 4130//4130 4133//4133
f 4123//4123 4134//4134 4848//4848
f 2770//2770 4853//4853 4138//4138
f 2773//2773 4127//4127 4852//4852
f 4145//4145 4137//4137 4141//4141
f 4146//4146 2770//2770 4138//4138
f 2767//2767 4140//4140 4149//4149
f 2768//2768 4145//4145 4141//4141
f 2760//2760 4150//4150 4819//4819
f 2764//2764 2769//2769 4151//4151
f 4153//4153 4821//4821 4817//4817
f 4156//4156 2760//2760 4819//4819
f 2745//2745 4153//4153 4817//4817
f 2749//2749 4814//4814 4934//4934
f 2749//2749 2748//2748 4814//4814
f 2739//2739 4935//4935 4157//4157
f 2739//2739 2750//2750 4935//4935
f 2737//2737 4160//4160 4162//4162
f 2737//2737 2741//2741 4160//4160
f 4171//4171 4163//4163 4177//4177
f 4172//4172 2735//2735 4165//4165
f 2714//2714 4178//4178 4173//4173
f 2714//2714 4168//4168 4178//4178
f 2721//2721 4174//4174 4179//4179
f 2721//2721 2716//2716 4174//4174
f 4193//4193 4184//4184 4186//4186
f 4192//4192 2717//2717 4183//4183
f 4188//4188 4187//4187 5048//5048
f 4198//4198 2818//2818 2808//2808
f 4776//4776 4197//4197 2814//2814
f 4206//4206 4777//4777 2798//2798
f 4775//4775 2809//2809 2800//2800
f 4205//4205 2799//2799 2796//2796
f 4202//4202 4203//4203 2789//2789
f 4204//4204 2797//2797 2788//2788
f 5059//5059 4199//4199 4215//4215
f 4201//4201 2790//2790 4214//4214
f 5050//5050 5057//5057 4221//4221
f 5056//5056 4209//4209 4216//4216
f 5047//5047 5051//5051 2779//2779
f 5049//5049 4220//4220 2781//2781
f 5046//5046 2782//2782 4191//4191
f 2519//2519 4222//4222 3383//3383
f 2522//2522 4327//4327 4223//4223
f 3343//3343 2868//2868 1259//1259
f 4239//4239 3382//3382 4232//4232
f 4238//4238 2521//2521 3385//3385
f 2847//2847 3342//3342 4226//4226
f 2846//2846 2866//2866 3341//3341
f 2539//2539 4233//4233 4244//4244
f 2540//2540 4234//4234 4231//4231
f 2856//2856 4227//4227 4241//4241
f 2855//2855 2848//2848 4228//4228
f 2559//2559 4247//4247 3387//3387
f 2562//2562 2538//2538 4246//4246
f 4248//4248 2561//2561 3386//3386
f 2860//2860 4243//4243 4263//4263
f 2859//2859 2853//2853 4242//4242
f 4257//4257 2558//2558 4251//4251
f 4254//4254 4258//4258 4249//4249
f 2836//2836 4264//4264 3345//3345
f 2492//2492 4260//4260 4255//4255
f 2837//2837 2858//2858 4261//4261
f 3392//3392 2493//2493 4252//4252
f 4273//4273 2835//2835 3346//3346
f 2503//2503 3391//3391 4280//4280
f 2506//2506 2495//2495 3389//3389
f 4265//4265 4274//4274 4279//4279
f 4270//4270 2838//2838 4275//4275
f 3867//3867 4282//4282 4485//4485
f 3868//3868 2504//2504 4281//4281
f 5140//5140 4276//4276 3349//3349
f 5137//5137 4746//4746 4267//4267
f 5139//5139 4268//4268 4277//4277
f 5134//5134 3348//3348 3353//3353
f 5132//5132 5136//5136 3347//3347
f 4287//4287 3352//3352 4288//4288
f 4284//4284 5135//5135 3354//3354
f 5131//5131 4285//4285 4291//4291
f 5128//5128 4290//4290 4298//4298
f 4293//4293 5129//5129 4297//4297
f 4294//4294 4296//4296 4301//4301
f 4305//4305 4295//4295 4300//4300
f 4307//4307 4303//4303 3359//3359
f 4838//4838 3358//3358 3357//3357
f 4835//4835 3355//3355 3365//3365
f 4837//4837 4304//4304 3361//3361
f 4941//4941 4839//4839 3364//3364
f 4315//4315 3363//3363 4308//4308
f 4311//4311 4310//4310 3368//3368
f 4312//4312 4940//4940 3366//3366
f 3939//3939 4943//4943 4314//4314
f 2448//2448 3369//3369 3374//3374
f 2455//2455 4316//4316 3367//3367
f 4319//4319 3376//3376 4333//4333
f 4320//4320 2449//2449 3377//3377
f 4324//4324 4330//4330 4225//4225
f 4329//4329 4323//4323 4332//4332
f 5015//5015 4334//4334 4342//4342
f 4995//4995 5014//5014 4339//4339
f 4346//4346 4993//4993 3168//3168
f 4994//4994 4343//4343 3167//3167
f 4350//4350 4347//4347 3179//3179
f 4344//4344 3171//3171 3177//3177
f 4351//4351 3180//3180 3135//3135
f 4959//4959 4352//4352 3139//3139
f 4951//4951 4958//4958 4353//4353
f 4956//4956 3136//3136 4354//4354
f 4361//4361 4950//4950 3160//3160
f 4949//4949 4357//4357 3159//3159
f 4358//4358 3158//3158 1091//1091
f 3204//3204 3207//3207 5096//5096
f 3204//3204 5096//5096 5146//5146
f 4362//4362 5147//5147 4368//4368
f 4362//4362 3206//3206 5147//5147
f 4371//4371 4366//4366 4783//4783
f 4371//4371 4364//4364 4366//4366
f 3199//3199 4782//4782 4793//4793
f 3199//3199 4373//4373 4782//4782
f 4382//4382 4795//4795 4376//4376
f 4385//4385 4377//4377 4388//4388
f 4382//4382 3202//3202 4795//4795
f 3191//3191 4390//4390 4378//4378
f 3188//3188 4385//4385 4388//4388
f 3253//3253 3191//3191 4378//4378
f 4729//4729 4393//4393 4397//4397
f 4391//4391 1031//1031 4399//4399
f 5107//5107 4730//4730 3264//3264
f 4728//4728 4398//4398 3263//3263
f 5105//5105 3265//3265 3262//3262
f 4409//4409 5102//5102 4402//4402
f 5103//5103 3261//3261 4405//4405
f 5127//5127 4407//4407 4416//4416
f 4408//4408 4404//4404 4415//4415
f 4751//4751 5126//5126 3243//3243
f 5124//5124 4414//4414 3244//3244
f 4380//4380 4749//4749 4421//4421
f 4752//4752 3245//3245 4418//4418
f 4379//4379 4419//4419 3256//3256
f 4424//4424 3493//3493 1024//1024
f 4425//4425 1025//1025 3442//3442
f 1027//1027 4392//4392 4928//4928
f 3439//3439 1026//1026 4929//4929
f 3333//3333 3444//3444 4875//4875
f 3443//3443 4931//4931 4872//4872
f 3335//3335 4873//4873 4802//4802
f 4427//4427 3319//3319 3381//3381
f 4444//4444 4426//4426 3379//3379
f 4451//4451 4443//4443 3380//3380
f 4438//4438 3267//3267 4445//4445
f 4439//4439 4433//4433 3271//3271
f 4436//4436 4441//4441 4446//4446
f 4437//4437 4447//4447 4450//4450
f 4857//4857 4453//4453 3371//3371
f 4857//4857 4435//4435 4453//4453
f 998//998 3372//3372 996//996
f 998//998 4858//4858 3372//3372
f 3295//3295 3304//3304 4431//4431
f 3269//3269 4431//4431 3304//3304
f 3287//3287 3295//3295 4431//4431
f 4860//4860 3284//3284 3287//3287
f 4860//4860 3287//3287 4431//4431
f 3309//3309 3284//3284 4860//4860
f 3313//3313 4862//4862 4456//4456
f 4467//4467 3310//3310 4457//4457
f 4470//4470 4466//4466 4455//4455
f 4461//4461 1577//1577 4463//4463
f 4460//4460 3327//3327 1576//1576
f 4476//4476 4459//4459 4465//4465
f 4474//4474 4464//4464 4471//4471
f 3496//3496 4472//4472 4482//4482
f 3496//3496 4475//4475 4472//4472
f 3329//3329 4480//4480 4477//4477
f 3329//3329 3495//3495 4480//4480
f 3858//3858 3872//3872 4868//4868
f 4869//4869 3871//3871 3339//3339
f 3870//3870 4483//4483 3337//3337
f 4489//4489 4867//4867 3322//3322
f 4871//4871 3338//3338 3324//3324
f 4478//4478 4488//4488 3331//3331
f 4487//4487 3321//3321 3330//3330
f 3516//3516 3502//3502 4767//4767
f 3507//3507 5109//5109 4769//4769
f 986//986 4503//4503 3519//3519
f 4490//4490 983//983 3524//3524
f 4499//4499 3521//3521 4504//4504
f 4494//4494 4502//4502 4505//4505
f 4511//4511 4500//4500 4506//4506
f 4510//4510 4508//4508 4831//4831
f 3533//3533 4512//4512 4834//4834
f 3534//3534 4832//4832 4797//4797
f 3544//3544 3535//3535 4800//4800
f 3542//3542 4799//4799 4516//4516
f 4520//4520 3543//3543 4518//4518
f 4523//4523 4519//4519 3505//3505
f 4515//4515 5110//5110 3508//3508
f 4528//4528 967//967 4786//4786
f 4533//4533 4530//4530 4847//4847
f 4529//4529 4787//4787 4846//4846
f 4540//4540 4532//4532 4543//4543
f 4531//4531 4845//4845 4544//4544
f 3573//3573 4539//4539 4938//4938
f 4538//4538 4542//4542 4939//4939
f 4546//4546 3575//3575 4953//4953
f 3574//3574 4937//4937 4955//4955
f 4560//4560 4548//4548 4555//4555
f 4549//4549 4954//4954 4554//4554
f 4557//4557 4553//4553 5118//5118
f 4564//4564 4568//4568 3659//3659
f 3655//3655 4567//4567 3647//3647
f 4574//4574 3643//3643 3621//3621
f 3607//3607 3622//3622 4589//4589
f 3601//3601 4579//4579 4594//4594
f 4580//4580 4588//4588 4595//4595
f 4593//4593 4601//4601 4610//4610
f 3715//3715 3721//3721 3698//3698
f 3700//3700 3718//3718 4616//4616
f 3689//3689 4620//4620 4614//4614
f 4636//4636 3690//3690 4631//4631
f 3687//3687 4618//4618 4627//4627
f 4640//4640 4626//4626 3682//3682
f 4638//4638 3684//3684 4643//4643
f 3674//3674 4648//4648 881//881
f 4649//4649 3685//3685 885//885
f 3752//3752 877//877 3754//3754
f 3759//3759 878//878 3740//3740
f 3757//3757 3739//3739 4653//4653
f 3748//3748 3741//3741 4656//4656
f 4673//4673 4661//4661 4665//4665
f 4678//4678 4683//4683 5077//5077
f 4682//4682 4667//4667 5074//5074
f 4689//4689 4677//4677 5078//5078
f 1393//1393 4688//4688 5075//5075
f 3823//3823 4700//4700 3826//3826
f 4706//4706 3827//3827 3805//3805
f 3806//3806 3829//3829 5061//5061
f 3803//3803 5062//5062 3810//3810
f 3809//3809 5065//5065 3792//3792
f 3793//3793 5063//5063 3797//3797
f 4707//4707 3800//3800 4711//4711
f 4720//4720 4713//4713 4723//4723
f 5104//5104 4866//4866 4731//4731
f 1119//1119 4196//4196 5108//5108
f 4735//4735 1119//1119 5108//5108
f 5117//5117 5115//5115 3865//3865
f 3625//3625 5125//5125 4750//4750
f 4737//4737 4742//4742 4517//4517
f 4745//4745 5141//5141 960//960
f 4756//4756 4745//4745 960//960
f 4759//4759 893//893 4770//4770
f 3678//3678 4625//4625 4764//4764
f 4196//4196 4774//4774 4766//4766
f 4624//4624 5098//5098 4765//4765
f 5108//5108 4196//4196 4766//4766
f 5130//5130 4292//4292 4788//4788
f 971//971 5130//5130 4788//4788
f 5145//5145 4596//4596 4369//4369
f 4770//4770 893//893 3846//3846
f 890//890 887//887 3847//3847
f 3625//3625 4750//4750 4381//4381
f 4737//4737 4517//4517 4798//4798
f 3679//3679 4763//4763 4778//4778
f 4874//4874 4870//4870 4803//4803
f 4367//4367 4602//4602 4784//4784
f 3846//3846 883//883 4790//4790
f 3625//3625 4381//4381 4389//4389
f 4585//4585 3623//3623 4387//4387
f 3679//3679 4778//4778 3892//3892
f 4737//4737 4798//4798 1098//1098
f 4784//4784 4602//4602 4794//4794
f 4788//4788 4292//4292 4306//4306
f 4600//4600 4583//4583 4796//4796
f 4790//4790 883//883 3885//3885
f 886//886 3681//3681 3886//3886
f 3679//3679 3892//3892 3895//3895
f 3884//3884 3679//3679 3895//3895
f 4788//4788 4306//4306 4844//4844
f 4582//4582 4389//4389 4375//4375
f 4792//4792 4582//4582 4375//4375
f 1098//1098 4798//4798 4833//4833
f 4803//4803 4870//4870 4486//4486
f 4818//4818 4147//4147 823//823
f 4148//4148 833//833 824//824
f 4152//4152 4139//4139 831//831
f 4805//4805 4826//4826 1343//1343
f 4804//4804 1341//1341 1359//1359
f 4812//4812 4808//4808 1354//1354
f 4816//4816 4820//4820 822//822
f 4479//4479 4481//4481 4469//4469
f 4136//4136 4851//4851 831//831
f 4139//4139 4136//4136 831//831
f 4826//4826 4040//4040 870//870
f 4434//4434 4859//4859 4440//4440
f 4833//4833 4507//4507 4825//4825
f 1342//1342 4830//4830 880//880
f 1098//1098 4833//4833 4825//4825
f 4545//4545 4844//4844 4836//4836
f 4841//4841 4812//4812 1354//1354
f 4918//4918 4841//4841 1354//1354
f 4479//4479 4469//4469 4454//4454
f 4844//4844 4306//4306 4836//4836
f 4803//4803 4486//4486 4861//4861
f 4479//4479 4454//4454 4861//4861
f 4486//4486 4479//4479 4861//4861
f 4859//4859 999//999 4432//4432
f 989//989 4803//4803 4432//4432
f 4854//4854 989//989 4432//4432
f 4850//4850 4135//4135 4697//4697
f 999//999 4854//4854 4432//4432
f 4440//4440 4859//4859 4432//4432
f 4803//4803 4861//4861 4432//4432
f 5117//5117 3865//3865 4890//4890
f 4207//4207 5064//5064 4890//4890
f 832//832 4849//4849 4701//4701
f 4731//4731 4866//4866 4890//4890
f 4933//4933 4816//4816 1305//1305
f 961//961 952//952 4888//4888
f 4870//4870 4874//4874 4890//4890
f 4881//4881 4878//4878 4890//4890
f 4815//4815 823//823 1298//1298
f 4980//4980 4881//4881 4890//4890
f 1223//1223 1232//1232 4890//4890
f 4887//4887 1223//1223 4890//4890
f 4892//4892 4887//4887 4890//4890
f 1208//1208 4892//4892 4890//4890
f 4901//4901 1208//1208 4890//4890
f 4914//4914 1358//1358 1368//1368
f 4908//4908 4901//4901 4890//4890
f 4903//4903 4908//4908 4890//4890
f 1167//1167 4903//4903 4890//4890
f 4878//4878 1167//1167 4890//4890
f 4913//4913 4766//4766 4890//4890
f 4945//4945 4915//4915 1365//1365
f 4921//4921 4913//4913 4890//4890
f 4062//4062 4066//4066 4890//4890
f 1232//1232 4062//4062 4890//4890
f 981//981 4921//4921 4890//4890
f 4866//4866 981//981 4890//4890
f 4066//4066 5073//5073 4890//4890
f 4002//4002 4756//4756 4890//4890
f 4825//4825 4507//4507 1088//1088
f 4756//4756 960//960 4890//4890
f 4042//4042 4925//4925 880//880
f 4930//4930 4394//4394 4890//4890
f 5064//5064 4980//4980 4890//4890
f 4507//4507 4501//4501 1088//1088
f 4874//4874 4930//4930 4890//4890
f 4394//4394 4731//4731 4890//4890
f 4766//4766 4774//4774 4890//4890
f 3865//3865 3859//3859 4890//4890
f 4135//4135 4132//4132 4697//4697
f 3859//3859 4870//4870 4890//4890
f 5073//5073 4002//4002 4890//4890
f 4774//4774 4207//4207 4890//4890
f 4936//4936 4545//4545 4942//4942
f 4545//4545 4836//4836 4942//4942
f 1088//1088 4501//4501 4359//4359
f 4159//4159 4932//4932 1302//1302
f 4952//4952 4936//4936 3940//3940
f 4936//4936 4942//4942 3940//3940
f 4079//4079 4945//4945 1365//1365
f 4359//4359 4501//4501 4948//4948
f 4501//4501 984//984 4948//4948
f 4924//4924 4036//4036 879//879
f 4952//4952 3940//3940 3941//3941
f 4948//4948 984//984 4957//4957
f 4132//4132 4967//4967 4697//4697
f 4552//4552 4952//4952 3956//3956
f 4161//4161 4159//4159 811//811
f 4158//4158 1300//1300 810//810
f 4952//4952 3941//3941 3956//3956
f 4033//4033 4024//4024 3742//3742
f 871//871 4035//4035 3745//3745
f 4957//4957 984//984 4349//4349
f 4960//4960 4079//4079 856//856
f 4080//4080 1367//1367 858//858
f 4552//4552 3956//3956 3953//3953
f 4967//4967 4991//4991 3832//3832
f 4697//4697 4967//4967 3832//3832
f 4974//4974 4960//4960 856//856
f 4974//4974 856//856 851//851
f 4166//4166 807//807 1320//1320
f 4164//4164 1321//1321 4176//4176
f 3742//3742 4024//4024 4971//4971
f 4076//4076 4974//4974 851//851
f 4066//4066 4076//4076 851//851
f 4979//4979 4980//4980 5064//5064
f 4997//4997 4986//4986 910//910
f 4991//4991 4979//4979 5064//5064
f 3830//3830 4992//4992 5060//5060
f 4996//4996 4348//4348 1480//1480
f 4063//4063 854//854 5079//5079
f 4986//4986 5005//5005 910//910
f 5001//5001 912//912 5016//5016
f 5012//5012 4996//4996 942//942
f 4996//4996 1480//1480 942//942
f 4552//4552 3953//3953 5021//5021
f 3953//3953 4997//4997 5021//5021
f 4176//4176 1321//1321 4175//4175
f 5005//5005 5024//5024 3723//3723
f 911//911 5006//5006 3724//3724
f 3742//3742 4971//4971 5029//5029
f 1479//1479 4345//4345 4566//4566
f 4349//4349 984//984 4569//4569
f 4348//4348 4349//4349 4569//4569
f 5011//5011 5012//5012 942//942
f 5117//5117 4552//4552 5021//5021
f 1324//1324 4717//4717 4182//4182
f 4175//4175 1321//1321 4181//4181
f 5024//5024 5037//5037 3723//3723
f 4663//4663 3738//3738 5044//5044
f 3742//3742 5029//5029 5041//5041
f 984//984 4866//4866 4569//4569
f 5008//5008 937//937 935//935
f 4180//4180 4714//4714 4185//4185
f 1010//1010 5007//5007 932//932
f 5037//5037 3923//3923 3723//3723
f 4657//4657 5042//5042 5033//5033
f 4185//4185 4714//4714 5045//5045
f 5053//5053 1010//1010 932//932
f 4671//4671 4658//4658 4016//4016
f 4657//4657 5033//5033 4012//4012
f 3723//3723 3923//3923 3920//3920
f 5045//5045 4714//4714 5052//5052
f 3716//3716 3918//3918 4612//4612
f 4670//4670 4012//4012 3977//3977
f 4714//4714 3799//3799 5058//5058
f 5053//5053 932//932 1018//1018
f 5052//5052 4714//4714 5058//5058
f 5080//5080 4668//4668 3987//3987
f 4670//4670 3977//3977 3988//3988
f 5058//5058 3799//3799 4200//4200
f 5073//5073 3988//3988 5072//5072
f 4200//4200 3799//3799 4207//4207
f 3801//3801 5060//5060 4208//4208
f 4617//4617 3921//3921 5068//5068
f 1018//1018 932//932 5082//5082
f 927//927 1518//1518 5085//5085
f 5073//5073 5072//5072 4002//4002
f 4617//4617 5068//5068 5092//5092
f 5084//5084 1512//1512 5088//5088
f 4632//4632 4617//4617 3908//3908
f 4619//4619 5090//5090 3911//3911
f 1513//1513 4606//4606 5095//5095
f 5088//5088 1512//1512 5094//5094
f 4633//4633 3911//3911 5100//5100
f 5133//5133 4286//4286 5141//5141
f 4569//4569 4866//4866 5104//5104
f 4410//4410 3645//3645 5104//5104
f 3642//3642 4566//4566 5106//5106
f 4517//4517 5122//5122 5108//5108
f 5122//5122 4735//4735 5108//5108
f 1452//1452 3848//3848 5115//5115
f 5023//5023 1454//1454 5113//5113
f 5117//5117 5021//5021 5115//5115
f 4742//4742 5122//5122 4517//4517
f 3645//3645 4410//4410 5125//5125
f 5141//5141 4286//4286 971//971
f 3625//3625 3645//3645 5125//5125
f 4286//4286 5130//5130 971//971
f 3848//3848 1452//1452 4759//4759
f 1452//1452 893//893 4759//4759
f 5138//5138 5133//5133 5141//5141
f 4745//4745 5138//5138 5141//5141
f 5097//5097 4605//4605 5148//5148
f 4604//4604 4599//4599 5149//5149
f 5152//5152 5150//5150 5151//5151

