mtllib material.mtl
usemtl SWMaterial-0_002
v -0.00848500 -0.04818600 0.07258000
v -0.01111200 -0.04671900 0.07312000
v -0.01047300 -0.04790400 0.07298000
v -0.00822500 -0.04698100 0.07248000
v -0.00441200 -0.04720500 0.07193000
v -0.00215500 -0.04727300 0.07176000
v -0.00373900 -0.01131900 0.16014000
v -0.00368600 -0.01267300 0.16012000
v -0.00360400 -0.01292200 0.16012000
v -0.00755300 -0.01287400 0.15962000
v -0.00733400 -0.01310400 0.15966000
v -0.01106500 -0.01182600 0.15890000
v -0.01088100 -0.01316000 0.15892000
v -0.01117600 -0.01207800 0.15886000
v -0.01471700 -0.01362900 0.15776000
v -0.01474100 -0.01389100 0.15774000
v -0.01472600 -0.01230500 0.15777000
v -0.01850800 -0.01313600 0.15624000
v -0.01820400 -0.01283800 0.15639000
v -0.02150100 -0.01353100 0.15473000
v -0.02212700 -0.01500700 0.15435000
v -0.02462400 -0.01430100 0.15282000
v -0.02462200 -0.01451900 0.15282000
v -0.02761000 -0.01518900 0.15064000
v -0.02760800 -0.01540100 0.15064000
v -0.02878000 -0.01707700 0.14964000
v -0.03062900 -0.01646800 0.14799000
v -0.03063400 -0.01626400 0.14799000
v -0.03177600 -0.01820600 0.14683000
v -0.03337200 -0.01762800 0.14512000
v -0.03337500 -0.01743100 0.14512000
v -0.03451200 -0.01944600 0.14373000
v -0.03693800 -0.02076400 0.14041000
v -0.03580700 -0.01886200 0.14207000
v -0.03796500 -0.02017800 0.13881000
v -0.03796800 -0.01999800 0.13881000
v -0.03906300 -0.02221900 0.13684000
v -0.03982300 -0.02138700 0.13539000
v -0.03982100 -0.02156000 0.13539000
v -0.04084800 -0.02360800 0.13307000
v -0.04136400 -0.02299800 0.13184000
v -0.04136700 -0.02283600 0.13184000
v -0.04349000 -0.02586200 0.12440000
v -0.04259300 -0.02448600 0.12815000
v -0.04334700 -0.02561400 0.12511000
v -0.04332400 -0.02698900 0.12510000
v -0.04348800 -0.02600300 0.12440000
v -0.04403500 -0.02866200 0.12057000
v -0.04428200 -0.02884900 0.11705000
v -0.04418300 -0.03164300 0.11320000
v -0.04426000 -0.03008400 0.11705000
v -0.04380900 -0.03203100 0.10948000
v -0.04300200 -0.03359700 0.10539000
v -0.04293000 -0.03380200 0.10510000
v -0.04368500 -0.03352500 0.10882000
v -0.04370400 -0.03230200 0.10881000
v -0.04183700 -0.03527200 0.10146000
v -0.04181700 -0.03647500 0.10147000
v -0.04165200 -0.03548300 0.10094000
v -0.04006600 -0.03812500 0.09716000
v -0.04027500 -0.03684400 0.09757000
v -0.04008400 -0.03694300 0.09716000
v -0.03818800 -0.03840600 0.09356000
v -0.03854500 -0.03931400 0.09422000
v -0.03655800 -0.04065600 0.09103000
v -0.03596600 -0.03979300 0.09015000
v -0.03430800 -0.04071700 0.08799000
v -0.03429100 -0.04188500 0.08800000
v -0.03393100 -0.04085800 0.08753000
v -0.03114500 -0.04208800 0.08451000
v -0.02911100 -0.04401900 0.08264000
v -0.02484100 -0.04419400 0.07933000
v -0.02621000 -0.04496200 0.08032000
v -0.02311900 -0.04579400 0.07824000
v -0.01989000 -0.04651500 0.07645000
v -0.01616500 -0.04718100 0.07478000
v -0.01778600 -0.04577900 0.07544000
v -0.01405200 -0.04635700 0.07400000
v -0.01267800 -0.04766500 0.07358000
v -0.03478000 0.06049700 0.08746000
v 0.00214100 0.06049100 0.07106000
v 0.00640300 0.06049100 0.07146000
v 0.02249700 0.06049100 0.07703000
v 0.03968000 0.06049700 0.09479000
v 0.04156800 0.06049700 0.09878000
v -0.04412900 0.06049700 0.10722000
v -0.03536700 0.06049100 0.08819000
v -0.01869100 0.06049100 0.07507000
v -0.01060800 0.06049100 0.07227000
v -0.00441000 0.06049700 0.07122000
v 0.00877800 0.06049700 0.07187000
v 0.02499700 0.06049700 0.07859000
v 0.03181500 0.06049700 0.08418000
v 0.03741000 0.06049700 0.09100000
v 0.04177000 0.06049100 0.09928000
v -0.02860400 0.06032200 0.08139000
v -0.02946400 0.06049100 0.08200000
v 0.03165600 0.06027400 0.08435000
v -0.02891000 0.06042500 0.08152000
v 0.02968800 0.06035200 0.08225000
v 0.03256300 0.06049100 0.08495000
v 0.03226900 0.06035700 0.08469000
v 0.03002900 0.06043200 0.08250000
v 0.03370500 0.06033000 0.08629000
v 0.03375400 0.06043900 0.08626000
v -0.02628200 0.06035900 0.07952000
v -0.02609900 0.06049100 0.07935000
v -0.02091500 0.06029600 0.07634000
v -0.02395300 0.06043900 0.07792000
v 0.03535300 0.06034600 0.08824000
v 0.03536700 0.06049100 0.08819000
v -0.02249700 0.06049100 0.07703000
v -0.02180600 0.06038400 0.07664000
v 0.03703300 0.06043200 0.09046000
v -0.01879000 0.06032600 0.07519000
v 0.03723900 0.06032800 0.09093000
v -0.01612600 0.06029700 0.07417000
v 0.03785100 0.06049100 0.09167000
v 0.03870100 0.06030600 0.09329000
v -0.01471600 0.06049100 0.07348000
v -0.01613800 0.06042300 0.07401000
v 0.03850000 0.06043900 0.09273000
v -0.01293500 0.06029700 0.07307000
v 0.03999200 0.06049100 0.09538000
v 0.04095400 0.06032800 0.09754000
v 0.04099700 0.06043900 0.09748000
v -0.01390400 0.06038100 0.07321000
v -0.01063100 0.06032200 0.07235000
v -0.00734000 0.06033800 0.07166000
v 0.04191600 0.06036900 0.09970000
v 0.04300700 0.06043000 0.10277000
v 0.04317100 0.06049100 0.10332000
v -0.00774200 0.06043900 0.07168000
v -0.00640300 0.06049100 0.07146000
v -0.00484800 0.06043900 0.07128000
v 0.04267300 0.06032700 0.10208000
v 0.04364700 0.06043900 0.10511000
v 0.04418400 0.06035400 0.10771000
v -0.04497600 0.06041500 0.11600000
v -0.00201900 0.06041700 0.07106000
v -0.00214100 0.06049100 0.07106000
v 0.00098500 0.06042900 0.07102000
v 0.04463500 0.06033700 0.11079000
v -0.04484900 0.06031900 0.11374000
v -0.04491800 0.06043900 0.11352000
v 0.00416700 0.06029700 0.07135000
v 0.04463900 0.06043900 0.11042000
v -0.04457000 0.06031600 0.11069000
v 0.00143900 0.06033500 0.07109000
v 0.04474900 0.06029900 0.11330000
v -0.04473800 0.06042900 0.11117000
v 0.04490900 0.06042000 0.11330000
v -0.04423200 0.06035700 0.10792000
v 0.00353100 0.06042400 0.07115000
v -0.04369200 0.06043900 0.10529000
v -0.04418000 0.06049100 0.10748000
v -0.04317100 0.06049100 0.10332000
v 0.00632100 0.06034000 0.07150000
v 0.00858400 0.06032000 0.07192000
v -0.04289000 0.06032500 0.10275000
v 0.00886800 0.06043900 0.07190000
v -0.04301600 0.06043100 0.10279000
v 0.01066800 0.06048700 0.07228000
v 0.01471600 0.06049100 0.07348000
v -0.04073600 0.06031000 0.09723000
v 0.01129700 0.06033800 0.07250000
v -0.04189500 0.06042900 0.09959000
v -0.04177000 0.06049100 0.09928000
v -0.04087000 0.06043200 0.09720000
v 0.01419800 0.06036900 0.07333000
v 0.01648000 0.06043900 0.07414000
v -0.03996400 0.06047800 0.09530000
v -0.03965900 0.06033700 0.09487000
v 0.01869100 0.06049100 0.07507000
v 0.02124000 0.06042200 0.07634000
v -0.03804700 0.06035200 0.09205000
v -0.03652200 0.06042500 0.08973000
v -0.03785100 0.06049100 0.09167000
v -0.03639900 0.06029900 0.08983000
v 0.02573100 0.06029900 0.07929000
v 0.02609900 0.06049100 0.07935000
v 0.02359700 0.06043900 0.07770000
v 0.02340600 0.06033200 0.07765000
v 0.02595000 0.06036500 0.07928000
v -0.03507200 0.06035600 0.08786000
v -0.03475800 0.06043100 0.08744000
v -0.03078000 0.06032300 0.08329000
v -0.03279400 0.06035400 0.08524000
v 0.02795500 0.06043900 0.08075000
v 0.02795800 0.06032400 0.08084000
v -0.03082200 0.06043900 0.08323000
v -0.03256300 0.06049100 0.08495000
v 0.02946400 0.06049100 0.08200000
v -0.04219000 -0.02244800 0.13165000
v 0.00000000 -0.01064400 0.16100000
v -0.04069100 -0.02101500 0.13522000
v 0.00214100 0.05539600 0.16095000
v -0.03537200 0.05539600 0.14382000
v -0.03665300 -0.01824400 0.14211000
v -0.02946900 0.05539600 0.15001000
v -0.02487400 -0.01366100 0.15350000
v -0.02250000 0.05539600 0.15497000
v 0.03820900 -0.01918300 0.13977000
v 0.01060900 0.05539600 0.15973000
v 0.04177700 0.05539600 0.13272000
v -0.01797100 -0.01215000 0.15726000
v 0.04468000 -0.02658900 0.12136000
v 0.04490500 -0.02756900 0.11892000
v 0.02145300 -0.01283300 0.15556000
v -0.01470800 0.05539100 0.15850000
v -0.01869400 0.05539600 0.15693000
v -0.02610300 0.05539600 0.15266000
v 0.03999800 0.05539600 0.13662000
v -0.00143600 -0.04372000 0.06416000
v -0.00287600 -0.04502600 0.06427000
v 0.00180100 -0.04507900 0.06258000
v -0.00164200 -0.04375900 0.06456000
v -0.00173100 -0.04357500 0.06502000
v -0.00100100 -0.04373400 0.06365000
v 0.00042800 -0.04372000 0.06340000
v 0.00101800 -0.04373400 0.06366000
v 0.00154700 -0.04374000 0.06431000
v -0.01471800 0.05540000 0.15853000
v -0.01060900 0.05539600 0.15973000
v -0.01471800 0.05897400 0.15853000
v 0.04500000 0.05897400 0.11600000
v 0.04418700 0.05897400 0.12452000
v -0.02946900 0.05897400 0.15001000
v 0.04418700 0.05539600 0.12452000
v -0.03256800 0.05539600 0.14705000
v 0.03537200 0.05897400 0.14382000
v -0.04317700 0.05897400 0.12868000
v 0.03256800 0.05897400 0.14705000
v -0.04479600 0.05897400 0.12028000
v -0.04479600 0.05539600 0.12028000
v -0.04500000 0.05897400 0.11600000
v 0.02250000 0.05540000 0.15497000
v 0.01869400 0.05540000 0.15693000
v 0.00214100 0.05897400 0.16095000
v -0.00214100 0.05897400 0.16095000
v 0.04415500 0.05899000 0.12451000
v -0.03254500 0.05899100 0.14703000
v 0.03782900 0.05899100 0.14031000
v 0.02608400 0.05899000 0.15263000
v 0.00214000 0.05898500 0.16092000
v 0.00640000 0.05899000 0.16051000
v -0.01471800 0.06004100 0.15853000
v -0.02610300 0.05900700 0.15266000
v -0.02250000 0.05900700 0.15497000
v 0.04479600 0.06004100 0.12028000
v -0.02946900 0.05900700 0.15001000
v 0.04317700 0.05900700 0.12868000
v 0.04317700 0.06004100 0.12868000
v -0.03256800 0.06004100 0.14705000
v -0.03537200 0.06004100 0.14382000
v 0.04177700 0.06004100 0.13272000
v -0.03256800 0.05900700 0.14705000
v 0.03999800 0.06004100 0.13662000
v -0.03537200 0.05900700 0.14382000
v 0.03999800 0.05900700 0.13662000
v -0.03785600 0.05900700 0.14033000
v 0.03537200 0.05900700 0.14382000
v -0.04418700 0.06004100 0.12452000
v 0.02946900 0.06004100 0.15001000
v 0.03256800 0.05900700 0.14705000
v -0.04479600 0.05900700 0.12028000
v -0.04500000 0.06004100 0.11600000
v 0.02946900 0.05900700 0.15001000
v 0.02610300 0.06004100 0.15266000
v 0.02250000 0.05900700 0.15497000
v 0.01869400 0.05900700 0.15693000
v 0.01060900 0.05900700 0.15973000
v 0.01060900 0.06004100 0.15973000
v 0.00640400 0.06004100 0.16054000
v 0.00214100 0.06004100 0.16095000
v -0.00640400 0.06004100 0.16054000
v -0.01060900 0.06004100 0.15973000
v -0.00214100 0.06004100 0.16095000
v -0.00585900 0.06028400 0.16037000
v 0.04465400 0.06029100 0.11893000
v 0.04418700 0.06004100 0.12452000
v 0.04436700 0.06029100 0.12184000
v 0.04322500 0.06029100 0.12758000
v -0.01869400 0.06004100 0.15693000
v -0.01712500 0.06029100 0.15734000
v -0.01979200 0.06029100 0.15614000
v -0.02250000 0.06004100 0.15497000
v -0.02486200 0.06029100 0.15321000
v -0.02610300 0.06004100 0.15266000
v -0.02946900 0.06004100 0.15001000
v 0.03537200 0.06004100 0.14382000
v 0.03785600 0.06004100 0.14033000
v -0.03364100 0.06028300 0.14553000
v -0.03549800 0.06028400 0.14326000
v 0.03364500 0.06029100 0.14551000
v -0.03785600 0.06004100 0.14033000
v 0.02950600 0.06029100 0.14964000
v 0.03256800 0.06004100 0.14705000
v -0.03875700 0.06027500 0.13841000
v 0.02724200 0.06029100 0.15150000
v -0.03999800 0.06004100 0.13662000
v -0.04177700 0.06004100 0.13272000
v -0.04134400 0.06029100 0.13313000
v -0.04317700 0.06004100 0.12868000
v 0.02250000 0.06004100 0.15497000
v -0.04324100 0.06027600 0.12758000
v -0.04237500 0.06029100 0.13038000
v 0.01869400 0.06004100 0.15693000
v -0.04479600 0.06004100 0.12028000
v -0.04436700 0.06029100 0.12184000
v 0.01471800 0.06004100 0.15853000
v 0.00873000 0.06029100 0.15989000
v 0.00584100 0.06029100 0.16037000
v 0.00292700 0.06029100 0.16065000
v 0.00000000 0.06029100 0.16075000
v 0.02852800 0.06032800 0.15070000
v -0.02974900 0.06036800 0.14973000
v 0.02940600 0.06048200 0.15007000
v -0.02946400 0.06049100 0.15000000
v -0.03164300 0.06029100 0.14764000
v -0.03166700 0.06032600 0.14785000
v 0.02365400 0.06033400 0.15420000
v 0.02638200 0.06032900 0.15235000
v -0.03375100 0.06040600 0.14575000
v 0.02399400 0.06043500 0.15406000
v 0.02249700 0.06049100 0.15497000
v -0.03704500 0.06043900 0.14152000
v -0.03536700 0.06049100 0.14381000
v -0.03549500 0.06033700 0.14357000
v 0.02145600 0.06043500 0.15555000
v 0.01879100 0.06032600 0.15681000
v -0.03827200 0.06038200 0.13966000
v -0.03785100 0.06049100 0.14033000
v -0.03999200 0.06049100 0.13662000
v 0.01616500 0.06043900 0.15798000
v 0.01869100 0.06049100 0.15693000
v -0.04085600 0.06029900 0.13445000
v 0.01471600 0.06049100 0.15852000
v -0.04203700 0.06031700 0.13175000
v -0.04101200 0.06042500 0.13450000
v 0.01390400 0.06038100 0.15879000
v 0.01060800 0.06049100 0.15973000
v 0.01063200 0.06032200 0.15965000
v -0.04193300 0.06043100 0.13232000
v -0.04177000 0.06049100 0.13272000
v 0.00728900 0.06033700 0.16034000
v -0.04301400 0.06042900 0.12921000
v 0.00774200 0.06043900 0.16032000
v -0.04275900 0.06031700 0.12966000
v 0.00484800 0.06043900 0.16072000
v 0.00214100 0.06049100 0.16094000
v -0.04364700 0.06043900 0.12689000
v 0.00452900 0.06031800 0.16067000
v -0.04487900 0.06031600 0.11600000
v -0.04418400 0.06035400 0.12429000
v 0.04487900 0.06031600 0.11600000
v 0.00201900 0.06041700 0.16094000
v 0.04497600 0.06041500 0.11600000
v -0.00098400 0.06042900 0.16098000
v -0.00143900 0.06033500 0.16091000
v 0.04492400 0.06042200 0.11845000
v -0.04463500 0.06033700 0.12121000
v -0.00416700 0.06029700 0.16065000
v -0.04463900 0.06043900 0.12158000
v -0.04474900 0.06029900 0.11870000
v 0.04459500 0.06032400 0.12130000
v -0.04490900 0.06042000 0.11870000
v 0.04474600 0.06043700 0.12076000
v 0.04418000 0.06049100 0.12452000
v -0.00353100 0.06042400 0.16085000
v -0.00632200 0.06034000 0.16050000
v 0.04423200 0.06035700 0.12408000
v 0.04369200 0.06043900 0.12671000
v -0.00640300 0.06049100 0.16054000
v -0.00884400 0.06042000 0.16011000
v 0.04277200 0.06031800 0.12962000
v 0.04302400 0.06043000 0.12918000
v 0.04197700 0.06032000 0.13192000
v 0.04177000 0.06049100 0.13272000
v -0.01129600 0.06033800 0.15950000
v -0.01419900 0.06036900 0.15867000
v 0.04188700 0.06042600 0.13243000
v 0.04078500 0.06032700 0.13483000
v 0.04086300 0.06043900 0.13481000
v 0.03999200 0.06049100 0.13662000
v -0.01471600 0.06049100 0.15852000
v -0.01648000 0.06043900 0.15786000
v -0.01869100 0.06049100 0.15693000
v -0.01903500 0.06034000 0.15671000
v 0.03941200 0.06032000 0.13750000
v 0.03973500 0.06042700 0.13711000
v 0.03785100 0.06049100 0.14033000
v 0.03803400 0.06035700 0.13998000
v -0.02129400 0.06043900 0.15563000
v -0.02249700 0.06049100 0.15497000
v 0.03536700 0.06049100 0.14381000
v 0.03502200 0.06043100 0.14426000
v 0.03654300 0.06043300 0.14224000
v -0.02359700 0.06043900 0.15430000
v -0.02340600 0.06033200 0.15435000
v -0.02565200 0.06033100 0.15288000
v 0.03457700 0.06032000 0.14464000
v 0.03285200 0.06033200 0.14664000
v 0.03260400 0.06048600 0.14702000
v -0.02796000 0.06043800 0.15125000
v 0.03069000 0.06029100 0.14863000
v 0.03078600 0.06041400 0.14881000
v 0.03662700 0.06139100 0.14208000
v 0.03741000 0.06049700 0.14100000
v 0.03478000 0.06049700 0.14454000
v 0.03181500 0.06049700 0.14782000
v 0.03398200 0.06139100 0.14545000
v 0.00441000 0.06049700 0.07122000
v 0.00000000 0.06049700 0.07101000
v 0.00427400 0.06139100 0.07124000
v 0.03102900 0.06139100 0.14854000
v 0.00850900 0.06139100 0.07185000
v 0.02430900 0.06139100 0.15383000
v 0.02779500 0.06139100 0.15134000
v 0.01306100 0.06049700 0.07294000
v 0.01266800 0.06139100 0.07286000
v 0.02121000 0.06049700 0.15568000
v 0.02499700 0.06049700 0.15341000
v 0.02060400 0.06139100 0.07603000
v 0.02121000 0.06049700 0.07632000
v 0.01721800 0.06049700 0.07443000
v 0.01266800 0.06139100 0.15914000
v 0.02854300 0.06049700 0.08122000
v 0.02779500 0.06139100 0.08066000
v 0.00850900 0.06139100 0.16015000
v 0.03102900 0.06139100 0.08346000
v 0.00427400 0.06139100 0.16076000
v 0.00441000 0.06049700 0.16078000
v 0.03478000 0.06049700 0.08746000
v 0.03662700 0.06139100 0.08992000
v 0.04090100 0.06139100 0.09732000
v 0.04412900 0.06049600 0.10722000
v 0.04305600 0.06049700 0.10294000
v 0.04477600 0.06049600 0.11159000
v 0.04450600 0.06139100 0.12240000
v 0.04369600 0.06139100 0.12660000
v 0.04305600 0.06049700 0.12906000
v 0.04249100 0.06139100 0.13071000
v 0.03968000 0.06049700 0.13721000
v 0.03894000 0.06139100 0.13848000
v 0.04230200 0.06159100 0.13064000
v 0.00000000 0.06139100 0.07104000
v 0.04090100 0.06139100 0.13468000
v 0.00847200 0.06159100 0.07204000
v 0.03876700 0.06159100 0.13838000
v 0.01663700 0.06159100 0.07444000
v 0.01671100 0.06139100 0.07426000
v 0.02420100 0.06159100 0.15366000
v 0.02430900 0.06139100 0.07817000
v 0.02051200 0.06159100 0.07621000
v 0.02420100 0.06159100 0.07834000
v 0.02767100 0.06159100 0.08081000
v 0.02060400 0.06139100 0.15597000
v 0.01671100 0.06139100 0.15774000
v 0.01663700 0.06159100 0.15756000
v 0.03383000 0.06159100 0.08669000
v 0.00847200 0.06159100 0.15996000
v 0.03398200 0.06139100 0.08655000
v 0.00425500 0.06159100 0.16056000
v 0.03894000 0.06139100 0.09352000
v 0.03646400 0.06159100 0.09003000
v 0.03876700 0.06159100 0.09362000
v 0.04071900 0.06159100 0.09740000
v 0.04350200 0.06159100 0.10545000
v 0.04369600 0.06139100 0.10540000
v 0.04249100 0.06139100 0.10129000
v 0.04491300 0.06139100 0.11386000
v 0.04450600 0.06139100 0.10960000
v 0.04471300 0.06159100 0.11387000
v 0.04491300 0.06139100 0.11814000
v -0.03089100 0.06159100 0.14840000
v -0.03383000 0.06159100 0.14531000
v -0.04471300 0.06159100 0.11387000
v -0.03089100 0.06159100 0.08360000
v -0.02420100 0.06159100 0.07834000
v -0.01663700 0.06159100 0.07444000
v -0.00847200 0.06159100 0.07204000
v 0.00425500 0.06159100 0.07144000
v 0.01261100 0.06159100 0.07305000
v 0.03089100 0.06159100 0.08360000
v 0.04230200 0.06159100 0.10136000
v 0.04430800 0.06159100 0.10963000
v 0.04430800 0.06159100 0.12237000
v 0.04471300 0.06159100 0.11813000
v 0.04350200 0.06159100 0.12655000
v 0.04071900 0.06159100 0.13460000
v 0.03383000 0.06159100 0.14531000
v 0.03646400 0.06159100 0.14197000
v 0.03089100 0.06159100 0.14840000
v 0.02767100 0.06159100 0.15119000
v 0.02051200 0.06159100 0.15579000
v 0.01261100 0.06159100 0.15895000
v -0.00425500 0.06159100 0.16056000
v -0.01663700 0.06159100 0.15756000
v -0.04071900 0.06159100 0.09740000
v -0.03876700 0.06159100 0.09362000
v 0.00000000 0.06159100 0.16076000
v -0.03662700 0.06139100 0.08992000
v -0.03398200 0.06139100 0.08655000
v -0.03646400 0.06159100 0.09003000
v -0.03102900 0.06139100 0.08346000
v -0.03383000 0.06159100 0.08669000
v -0.00847200 0.06159100 0.15996000
v -0.01261100 0.06159100 0.15895000
v -0.01266800 0.06139100 0.15914000
v -0.02767100 0.06159100 0.08081000
v -0.02051200 0.06159100 0.15579000
v -0.02051200 0.06159100 0.07621000
v -0.02420100 0.06159100 0.15366000
v -0.02767100 0.06159100 0.15119000
v -0.01266800 0.06139100 0.07286000
v -0.01261100 0.06159100 0.07305000
v -0.03102900 0.06139100 0.14854000
v -0.00425500 0.06159100 0.07144000
v -0.03398200 0.06139100 0.14545000
v -0.03646400 0.06159100 0.14197000
v 0.00000000 0.06159100 0.07124000
v -0.03876700 0.06159100 0.13838000
v -0.04071900 0.06159100 0.13460000
v -0.04090100 0.06139100 0.13468000
v -0.04230200 0.06159100 0.13064000
v -0.04350200 0.06159100 0.12655000
v -0.04430800 0.06159100 0.12237000
v -0.04450600 0.06139100 0.12240000
v -0.04471300 0.06159100 0.11813000
v -0.04491300 0.06139100 0.11814000
v -0.04450600 0.06139100 0.10960000
v -0.04430800 0.06159100 0.10963000
v -0.04350200 0.06159100 0.10545000
v -0.04230200 0.06159100 0.10136000
v -0.04249100 0.06139100 0.10129000
v -0.04090100 0.06139100 0.09732000
v -0.00427400 0.06139100 0.16076000
v 0.00000000 0.06049700 0.16099000
v 0.00000000 0.06139100 0.16096000
v -0.03181500 0.06049700 0.08418000
v -0.00441000 0.06049700 0.16078000
v -0.00850900 0.06139100 0.16015000
v -0.02854300 0.06049700 0.08122000
v -0.00877800 0.06049700 0.16013000
v -0.02499700 0.06049700 0.07859000
v -0.02779500 0.06139100 0.08066000
v -0.02430900 0.06139100 0.07817000
v -0.02060400 0.06139100 0.07603000
v -0.02060400 0.06139100 0.15597000
v -0.01671100 0.06139100 0.15774000
v -0.01671100 0.06139100 0.07426000
v -0.02121000 0.06049700 0.07632000
v -0.02430900 0.06139100 0.15383000
v -0.01721800 0.06049700 0.07443000
v -0.02779500 0.06139100 0.15134000
v -0.00877800 0.06049700 0.07187000
v -0.01306100 0.06049700 0.07294000
v -0.00850900 0.06139100 0.07185000
v -0.00427400 0.06139100 0.07124000
v -0.03662700 0.06139100 0.14208000
v -0.03741000 0.06049700 0.14100000
v -0.03894000 0.06139100 0.13848000
v -0.03968000 0.06049700 0.13721000
v -0.04249100 0.06139100 0.13071000
v -0.04305600 0.06049700 0.12906000
v -0.04369600 0.06139100 0.12660000
v -0.04491300 0.06139100 0.11386000
v -0.04477600 0.06049600 0.11159000
v -0.04369600 0.06139100 0.10540000
v -0.04305600 0.06049700 0.10294000
v -0.04156800 0.06049700 0.09878000
v -0.03894000 0.06139100 0.09352000
v -0.03968000 0.06049700 0.09479000
v -0.03741000 0.06049700 0.09100000
v 0.04499300 0.06049500 0.11600000
v -0.04499300 0.06049500 0.11600000
v -0.04477600 0.06049600 0.12041000
v 0.04317100 0.06049100 0.12868000
v 0.04412900 0.06049700 0.12478000
v 0.02612700 0.06048400 0.15264000
v 0.00640300 0.06049100 0.16054000
v -0.00214100 0.06049100 0.16094000
v -0.01066900 0.06048700 0.15972000
v -0.01306100 0.06049700 0.15906000
v -0.03181500 0.06049700 0.14782000
v -0.03478000 0.06049700 0.14454000
v -0.04412900 0.06049600 0.12478000
v 0.04477600 0.06049600 0.12041000
v 0.04156800 0.06049700 0.13322000
v 0.02854300 0.06049700 0.15078000
v 0.01721800 0.06049700 0.15757000
v 0.01306100 0.06049700 0.15906000
v 0.00877800 0.06049700 0.16013000
v -0.01721800 0.06049700 0.15757000
v -0.02121000 0.06049700 0.15568000
v -0.02499700 0.06049700 0.15341000
v -0.02854300 0.06049700 0.15078000
v -0.02610800 0.06048600 0.15265000
v -0.03252800 0.06047900 0.14710000
v -0.04156800 0.06049700 0.13322000
v -0.04317100 0.06049100 0.12868000
v 0.02950400 0.06028500 0.08235000
v -0.01439100 0.06028600 0.15838000
v -0.01655100 0.06032600 0.15775000
v 0.02724200 0.06029100 0.08050000
v 0.02486200 0.06029100 0.07879000
v -0.04013500 0.06029100 0.13579000
v -0.03975300 0.06034000 0.13697000
v -0.02237500 0.06029100 0.15475000
v 0.03720800 0.06029100 0.09114000
v -0.02087100 0.06031600 0.15576000
v 0.03875500 0.06029100 0.09362000
v 0.02124200 0.06030100 0.07651000
v 0.02237500 0.06029100 0.07725000
v -0.03722200 0.06028500 0.14085000
v 0.04013500 0.06029100 0.09621000
v -0.02724200 0.06029100 0.15150000
v 0.03975300 0.06034000 0.09503000
v 0.01903600 0.06034000 0.07529000
v -0.02791300 0.06031700 0.15118000
v 0.04134400 0.06029100 0.09887000
v 0.01645600 0.06032600 0.07421000
v -0.02950400 0.06028500 0.14965000
v 0.04185100 0.06029100 0.10003000
v 0.04237500 0.06029100 0.10162000
v 0.01439100 0.06028600 0.07362000
v 0.04322400 0.06028600 0.10439000
v 0.04349700 0.06029900 0.10514000
v 0.04389800 0.06028500 0.10727000
v 0.00585900 0.06028400 0.07163000
v 0.04465400 0.06029100 0.11307000
v 0.00000000 0.06029100 0.07125000
v -0.00199300 0.06031100 0.07115000
v -0.00452900 0.06031800 0.07133000
v -0.00584100 0.06029100 0.07163000
v -0.00873000 0.06029100 0.07211000
v 0.04389700 0.06028600 0.12472000
v 0.04354200 0.06029900 0.12668000
v 0.04237500 0.06029100 0.13038000
v 0.04134400 0.06029100 0.13313000
v 0.04013500 0.06029100 0.13579000
v -0.01712500 0.06029100 0.07466000
v -0.01979200 0.06029100 0.07586000
v 0.03722500 0.06028600 0.14084000
v -0.02399100 0.06032400 0.07804000
v 0.03875500 0.06029100 0.13838000
v -0.02237500 0.06029100 0.07725000
v 0.03640200 0.06030300 0.14219000
v 0.03550300 0.06029100 0.14324000
v -0.02488400 0.06028600 0.07880000
v -0.02950600 0.06029100 0.08236000
v 0.03164300 0.06029100 0.14764000
v -0.03166300 0.06028600 0.08437000
v -0.03461800 0.06029100 0.08757000
v 0.02486200 0.06029100 0.15321000
v 0.02237500 0.06029100 0.15475000
v -0.03875500 0.06029100 0.09362000
v 0.02089700 0.06030600 0.15571000
v 0.01979200 0.06029100 0.15614000
v 0.01712500 0.06029100 0.15734000
v -0.04134400 0.06029100 0.09887000
v -0.04194600 0.06032300 0.09998000
v 0.01649300 0.06031700 0.15776000
v 0.01438400 0.06029100 0.15838000
v 0.01158200 0.06029100 0.15923000
v -0.04354200 0.06029900 0.10532000
v 0.01293500 0.06029700 0.15893000
v -0.04322500 0.06029100 0.10442000
v -0.04389700 0.06028600 0.10728000
v 0.00199200 0.06031100 0.16085000
v -0.00292700 0.06029100 0.16065000
v -0.04465400 0.06029100 0.11893000
v -0.04389800 0.06028500 0.12473000
v -0.00874300 0.06027900 0.15990000
v -0.01155100 0.06028200 0.15925000
v 0.00292700 0.06029100 0.07135000
v 0.00214100 0.06004100 0.07105000
v -0.04475000 0.06029100 0.11600000
v 0.00873000 0.06029100 0.07211000
v -0.04465400 0.06029100 0.11307000
v 0.01060900 0.06004100 0.07227000
v -0.04436700 0.06029100 0.11016000
v 0.01155100 0.06028200 0.07275000
v 0.01712500 0.06029100 0.07466000
v 0.01979200 0.06029100 0.07586000
v -0.04237500 0.06029100 0.10162000
v -0.04013500 0.06029100 0.09621000
v 0.02610300 0.06004100 0.07934000
v 0.02946900 0.06004100 0.08199000
v -0.03785600 0.06004100 0.09167000
v -0.03722300 0.06028600 0.09115000
v -0.03364500 0.06029100 0.08649000
v -0.03550300 0.06029100 0.08876000
v 0.03364000 0.06028300 0.08647000
v 0.03549800 0.06028400 0.08874000
v 0.03537200 0.06004100 0.08818000
v -0.02946900 0.06004100 0.08199000
v -0.03256800 0.06004100 0.08495000
v 0.04177700 0.06004100 0.09928000
v -0.02724200 0.06029100 0.08050000
v 0.04479600 0.06004100 0.11172000
v 0.04436700 0.06029100 0.11016000
v -0.01438400 0.06029100 0.07362000
v 0.04500000 0.06004100 0.11600000
v 0.04475000 0.06029100 0.11600000
v -0.01158200 0.06029100 0.07277000
v -0.00640400 0.06004100 0.07146000
v -0.00292700 0.06029100 0.07135000
v 0.01869400 0.05900700 0.07507000
v 0.01869400 0.06004100 0.07507000
v -0.04479600 0.06004100 0.11172000
v 0.02610300 0.05900700 0.07934000
v 0.02250000 0.06004100 0.07703000
v -0.04317700 0.06004100 0.10332000
v -0.04418700 0.06004100 0.10748000
v -0.04177700 0.06004100 0.09928000
v -0.04317700 0.05900700 0.10332000
v 0.03256800 0.05900700 0.08495000
v 0.03537200 0.05900700 0.08818000
v 0.03256800 0.06004100 0.08495000
v -0.03999800 0.06004100 0.09538000
v -0.03999800 0.05900700 0.09538000
v 0.03785600 0.05900700 0.09167000
v -0.03785600 0.05900700 0.09167000
v 0.03785600 0.06004100 0.09167000
v -0.03537200 0.06004100 0.08818000
v 0.03999800 0.05900700 0.09538000
v 0.03999800 0.06004100 0.09538000
v -0.03256800 0.05900700 0.08495000
v 0.04177700 0.05900700 0.09928000
v -0.02610300 0.06004100 0.07934000
v -0.02250000 0.06004100 0.07703000
v -0.02610300 0.05900700 0.07934000
v 0.04418700 0.05900700 0.10748000
v 0.04317700 0.06004100 0.10332000
v -0.02250000 0.05900700 0.07703000
v -0.01869400 0.06004100 0.07507000
v 0.04418700 0.06004100 0.10748000
v -0.01471800 0.06004100 0.07347000
v -0.01060900 0.06004100 0.07227000
v -0.01060900 0.05900700 0.07227000
v -0.00214100 0.06004100 0.07105000
v 0.00214100 0.05900700 0.07105000
v 0.01060900 0.05900700 0.07227000
v 0.00640400 0.05900700 0.07146000
v 0.00640400 0.06004100 0.07146000
v 0.01471800 0.06004100 0.07347000
v 0.02946900 0.05900700 0.08199000
v 0.02250000 0.05900700 0.07703000
v 0.01471800 0.05900700 0.07347000
v 0.04317700 0.05900700 0.10332000
v 0.04479600 0.05900700 0.11172000
v -0.00214100 0.05900700 0.07105000
v 0.04500000 0.05900700 0.11600000
v -0.00640400 0.05900700 0.07146000
v 0.04479600 0.05900700 0.12028000
v 0.04418700 0.05900700 0.12452000
v -0.01471800 0.05900700 0.07347000
v -0.01869400 0.05900700 0.07507000
v 0.04177700 0.05900700 0.13272000
v 0.04174700 0.05899000 0.13271000
v 0.03996900 0.05899100 0.13661000
v 0.03785600 0.05900700 0.14033000
v -0.02946900 0.05900700 0.08199000
v -0.03537200 0.05900700 0.08818000
v 0.02610300 0.05900700 0.15266000
v 0.01471800 0.05900700 0.15853000
v -0.04177700 0.05900700 0.09928000
v -0.04418700 0.05900700 0.10748000
v 0.00640400 0.05900700 0.16054000
v 0.00214100 0.05900700 0.16095000
v -0.04479600 0.05900700 0.11172000
v -0.04500000 0.05900700 0.11600000
v -0.00214100 0.05900700 0.16095000
v -0.04496800 0.05899100 0.11600000
v -0.00640000 0.05899000 0.16051000
v -0.04418700 0.05900700 0.12452000
v -0.00640400 0.05900700 0.16054000
v -0.04415500 0.05899000 0.12451000
v -0.04317700 0.05900700 0.12868000
v -0.01060900 0.05900700 0.15973000
v -0.04314600 0.05899000 0.12867000
v -0.01470800 0.05899000 0.15849000
v -0.01471800 0.05900700 0.15853000
v -0.01869400 0.05900700 0.15693000
v -0.04177700 0.05900700 0.13272000
v -0.03999800 0.05900700 0.13662000
v -0.01334400 -0.01398800 0.15801000
v -0.00980100 -0.01359700 0.15897000
v 0.03224500 -0.01883800 0.14600000
v 0.03489600 -0.02010700 0.14286000
v 0.04096100 -0.02445700 0.13210000
v 0.00000600 -0.03091900 0.11610000
v 0.04155500 -0.03672200 0.10174000
v 0.03848500 -0.03950900 0.09484000
v 0.02890100 -0.04430400 0.08297000
v 0.02601300 -0.04523900 0.08066000
v 0.01971500 -0.04679500 0.07681000
v -0.00540200 -0.04854700 0.07247000
v -0.00816200 -0.04837200 0.07290000
v -0.04064000 -0.03769700 0.09933000
v -0.03872200 -0.02249900 0.13694000
v 0.01868000 0.05898900 0.07510000
v 0.02608400 0.05899100 0.07937000
v 0.02248400 0.05899100 0.07706000
v -0.04174700 0.05899100 0.09929000
v -0.03782900 0.05899000 0.09169000
v -0.03534700 0.05899100 0.08820000
v 0.04314600 0.05899100 0.10333000
v 0.04476400 0.05899000 0.11173000
v -0.01868000 0.05898900 0.07510000
v -0.02248400 0.05899100 0.07706000
v -0.00640000 0.05899100 0.07149000
v 0.01060200 0.05899300 0.07230000
v 0.02940900 -0.01728300 0.14909000
v 0.03682200 -0.04071700 0.09162000
v 0.03718200 -0.04042800 0.09204000
v 0.03884700 -0.03935500 0.09498000
v 0.02635500 -0.01660700 0.15146000
v 0.02318000 -0.01564600 0.15370000
v 0.02641500 -0.01646200 0.15152000
v 0.03907900 -0.03910800 0.09525000
v 0.02310700 -0.01549000 0.15376000
v 0.04016800 -0.03814200 0.09823000
v 0.04037700 -0.03807900 0.09811000
v 0.02314400 -0.01581100 0.15350000
v 0.02619400 -0.01664700 0.15143000
v 0.04051600 -0.03794400 0.09866000
v 0.04085000 -0.03759600 0.09899000
v 0.01960100 -0.01501300 0.15547000
v 0.04200000 -0.03641100 0.10229000
v 0.04273000 -0.03510600 0.10574000
v 0.04227500 -0.03591400 0.10286000
v 0.01975700 -0.01499000 0.15549000
v -0.00533500 -0.04853500 0.07219000
v -0.00459900 -0.04831300 0.07196000
v -0.00454400 -0.04853100 0.07203000
v -0.00479300 -0.04860800 0.07228000
v -0.00192500 -0.04856400 0.07183000
v 0.04321100 -0.03460500 0.10662000
v -0.00241400 -0.04868600 0.07208000
v 0.04372300 -0.03339100 0.10979000
v 0.01591300 -0.01435500 0.15710000
v 0.04299800 -0.03489700 0.10616000
v 0.01652700 -0.01416200 0.15707000
v 0.04346100 -0.03360900 0.10944000
v 0.01622700 -0.01427100 0.15715000
v 0.04387500 -0.03208400 0.11322000
v 0.04408700 -0.03200700 0.11317000
v -0.00263700 -0.04864900 0.07222000
v 0.00139200 -0.04867200 0.07216000
v 0.00000000 -0.04840800 0.07173000
v 0.01613500 -0.01435300 0.15709000
v 0.04425500 -0.03111100 0.11483000
v 0.00009700 -0.04859800 0.07177000
v 0.00082300 -0.04871400 0.07201000
v 0.00828100 -0.01325700 0.15948000
v 0.00140000 -0.04864400 0.07188000
v 0.00365500 -0.04859600 0.07201000
v 0.04420400 -0.03110300 0.11542000
v 0.00372800 -0.04834900 0.07188000
v 0.00543200 -0.04851800 0.07220000
v 0.01257600 -0.01379600 0.15839000
v 0.04396200 -0.03056200 0.11699000
v 0.01211200 -0.01383800 0.15838000
v 0.00593700 -0.04855100 0.07241000
v 0.00820300 -0.01341700 0.15939000
v 0.00372400 -0.04864600 0.07219000
v 0.00733600 -0.04816300 0.07234000
v 0.04392800 -0.02895400 0.12075000
v 0.00539900 -0.04854700 0.07247000
v 0.00734000 -0.04827400 0.07236000
v 0.04403800 -0.02964900 0.11910000
v 0.00840700 -0.04835000 0.07267000
v 0.04361300 -0.02813100 0.12286000
v 0.04372300 -0.02903700 0.12076000
v 0.01127600 -0.04783400 0.07319000
v 0.01209600 -0.04800000 0.07354000
v 0.04328700 -0.02728800 0.12488000
v 0.01254700 -0.04794300 0.07397000
v 0.00900700 -0.04830500 0.07307000
v 0.01513900 -0.04733800 0.07440000
v 0.01514600 -0.04744700 0.07441000
v 0.04283700 -0.02643900 0.12698000
v 0.01558100 -0.04752800 0.07469000
v 0.04218200 -0.02590000 0.12853000
v 0.04308800 -0.02737500 0.12487000
v 0.01566400 -0.04755500 0.07488000
v 0.04182600 -0.02496900 0.13045000
v 0.01938800 -0.04690400 0.07650000
v 0.01599700 -0.04746400 0.07515000
v 0.01932400 -0.04687700 0.07630000
v 0.01890800 -0.04682400 0.07599000
v 0.04163200 -0.02505500 0.13057000
v 0.02246900 -0.04609000 0.07789000
v 0.04042800 -0.02340400 0.13404000
v 0.04032500 -0.02360300 0.13407000
v 0.02282900 -0.04610900 0.07821000
v 0.03873100 -0.02223900 0.13738000
v 0.03854400 -0.02229000 0.13743000
v 0.03928200 -0.02293400 0.13587000
v 0.03874100 -0.02190300 0.13743000
v 0.02294700 -0.04607000 0.07860000
v 0.02272800 -0.04616600 0.07832000
v 0.02606300 -0.04521400 0.08032000
v 0.02589500 -0.04505200 0.08009000
v 0.02590100 -0.04516600 0.08012000
v 0.02598300 -0.04528500 0.08042000
v 0.02913000 -0.04413800 0.08269000
v 0.03688300 -0.02110800 0.14031000
v 0.03725900 -0.02148200 0.13946000
v 0.03676800 -0.02074900 0.14065000
v 0.03462600 -0.01989400 0.14337000
v 0.02894100 -0.04433300 0.08286000
v 0.02907900 -0.04426000 0.08278000
v 0.03473100 -0.01983700 0.14337000
v 0.03225500 -0.01870900 0.14622000
v 0.03208000 -0.04289000 0.08549000
v 0.03447300 -0.04200400 0.08840000
v 0.03187200 -0.04319800 0.08542000
v 0.03408400 -0.04213900 0.08833000
v 0.03160600 -0.04326700 0.08554000
v 0.02933200 -0.01768100 0.14887000
v 0.02942900 -0.01754100 0.14903000
v 0.03439600 -0.04204700 0.08852000
v 0.03478300 -0.04177500 0.08866000
v 0.03632300 -0.04092700 0.09133000
v -0.03181300 -0.04300000 0.08521000
v -0.02911000 -0.04416000 0.08268000
v -0.03682100 -0.02095500 0.14053000
v -0.02899000 -0.04427300 0.08305000
v -0.02903300 -0.04430300 0.08293000
v -0.03437000 -0.01983500 0.14354000
v -0.03658500 -0.02106100 0.14050000
v -0.02911900 -0.04424600 0.08281000
v -0.02605800 -0.04522700 0.08033000
v -0.03899000 -0.02241700 0.13690000
v -0.04058800 -0.02384100 0.13348000
v -0.02601900 -0.04527600 0.08047000
v -0.02581100 -0.04529800 0.08051000
v -0.02283900 -0.04610500 0.07822000
v -0.02313500 -0.04589800 0.07827000
v -0.02272100 -0.04616600 0.07832000
v -0.01990300 -0.04661500 0.07647000
v 0.00818600 -0.01346100 0.15931000
v -0.04035400 -0.02386100 0.13357000
v -0.04084300 -0.02382400 0.13307000
v -0.04170600 -0.02528900 0.13004000
v -0.02243900 -0.04619400 0.07830000
v 0.00462100 -0.01319400 0.15994000
v -0.01954200 -0.04684600 0.07642000
v 0.00501600 -0.01326600 0.15979000
v -0.01620800 -0.04730300 0.07483000
v -0.04227500 -0.02532000 0.12915000
v -0.04225200 -0.02558500 0.12908000
v -0.01920700 -0.04689700 0.07656000
v 0.00181100 -0.01316600 0.16004000
v -0.04328200 -0.02715800 0.12513000
v -0.04274600 -0.02675200 0.12642000
v -0.01243900 -0.04799000 0.07379000
v -0.01585100 -0.04748700 0.07510000
v -0.01594400 -0.04747000 0.07483000
v -0.01286200 -0.04782400 0.07370000
v 0.00123800 -0.01311300 0.16016000
v -0.00316500 -0.01307400 0.16013000
v 0.00000000 -0.01287800 0.16027000
v -0.04367400 -0.02816600 0.12270000
v -0.01208000 -0.04799800 0.07383000
v -0.04347200 -0.02825100 0.12271000
v -0.04399000 -0.02865100 0.12096000
v -0.01062200 -0.04813400 0.07312000
v -0.04394700 -0.02881600 0.12101000
v -0.04418500 -0.03028900 0.11745000
v -0.00183800 -0.01316600 0.16004000
v -0.00638100 -0.01327200 0.15975000
v -0.00820100 -0.04837100 0.07267000
v -0.00584700 -0.01330800 0.15969000
v -0.04425500 -0.03017800 0.11716000
v -0.04394900 -0.03146600 0.11475000
v -0.04390200 -0.02993000 0.11855000
v -0.04416800 -0.03185100 0.11299000
v -0.04416100 -0.03138700 0.11471000
v -0.01087700 -0.01345400 0.15891000
v -0.04388400 -0.03291100 0.11093000
v -0.04407100 -0.03210600 0.11305000
v -0.01001700 -0.01354100 0.15907000
v -0.04345700 -0.03379500 0.10896000
v -0.04367100 -0.03298600 0.11099000
v -0.01377400 -0.01394200 0.15802000
v -0.04362400 -0.03374700 0.10876000
v -0.01678500 -0.01449600 0.15675000
v -0.04293500 -0.03505300 0.10571000
v -0.04294800 -0.03495600 0.10523000
v -0.04299200 -0.03464300 0.10688000
v -0.04176500 -0.03666900 0.10146000
v -0.01848300 -0.01463900 0.15622000
v -0.04193100 -0.03626300 0.10288000
v -0.04189800 -0.03648600 0.10222000
v -0.02010700 -0.01511700 0.15521000
v -0.04054100 -0.03795900 0.09845000
v -0.02284300 -0.01563900 0.15386000
v -0.02330900 -0.01585200 0.15339000
v -0.04025600 -0.03803500 0.09758000
v -0.02554500 -0.01627200 0.15215000
v -0.02637500 -0.01670100 0.15129000
v -0.03888100 -0.03921200 0.09558000
v -0.03854500 -0.03938200 0.09422000
v -0.03854200 -0.03951300 0.09427000
v -0.02900200 -0.01741400 0.14939000
v -0.03883400 -0.03936900 0.09496000
v -0.03655900 -0.04077800 0.09108000
v -0.02924000 -0.01764800 0.14895000
v -0.03677900 -0.04065200 0.09201000
v -0.03673800 -0.04076500 0.09149000
v -0.03444500 -0.04200900 0.08833000
v -0.03437600 -0.04199300 0.08869000
v -0.03191300 -0.01869500 0.14636000
v -0.03431800 -0.04208300 0.08843000
v -0.03193900 -0.04312600 0.08589000
v -0.03192900 -0.01854200 0.14659000
v -0.03445000 -0.01973000 0.14369000
v -0.03195900 -0.04314900 0.08550000
v -0.03187600 -0.04320800 0.08560000
v -0.03254500 0.05899000 0.08497000
v -0.02944800 0.05899000 0.08202000
v -0.02608400 0.05899100 0.07937000
v -0.03537200 0.05897400 0.08818000
v -0.02250000 0.05897400 0.07703000
v -0.03996900 0.05899000 0.09539000
v -0.01869400 0.05897400 0.07507000
v -0.03999800 0.05897400 0.09538000
v -0.01470800 0.05899100 0.07351000
v -0.04314600 0.05899100 0.10333000
v -0.01060200 0.05899300 0.07230000
v -0.04415500 0.05899100 0.10749000
v -0.04317700 0.05897400 0.10332000
v -0.01060900 0.05897400 0.07227000
v -0.00640400 0.05897400 0.07146000
v -0.04476400 0.05899000 0.11173000
v -0.00214000 0.05899100 0.07108000
v -0.04479600 0.05897400 0.11172000
v -0.04476400 0.05899100 0.12027000
v 0.00214000 0.05899600 0.07108000
v 0.00214100 0.05897400 0.07105000
v 0.00640000 0.05899100 0.07149000
v -0.04418700 0.05897400 0.12452000
v 0.00640400 0.05897400 0.07146000
v 0.01470800 0.05899100 0.07351000
v -0.04174700 0.05899000 0.13271000
v 0.01471800 0.05897400 0.07347000
v -0.03996900 0.05899100 0.13661000
v -0.04177700 0.05897400 0.13272000
v -0.03999800 0.05897400 0.13662000
v -0.03785600 0.05897400 0.14033000
v -0.03782900 0.05899100 0.14031000
v -0.03534700 0.05899000 0.14380000
v 0.02946900 0.05897400 0.08199000
v 0.02944800 0.05899000 0.08202000
v -0.03537200 0.05897400 0.14382000
v -0.03256800 0.05897400 0.14705000
v 0.03254500 0.05899000 0.08497000
v -0.02944800 0.05899100 0.14998000
v 0.03256800 0.05897400 0.08495000
v 0.03534700 0.05899100 0.08820000
v -0.02608400 0.05899000 0.15263000
v -0.02610300 0.05897400 0.15266000
v -0.02248400 0.05899000 0.15494000
v -0.02250000 0.05897400 0.15497000
v 0.03782900 0.05899000 0.09169000
v -0.01868000 0.05899200 0.15690000
v 0.03999800 0.05897400 0.09538000
v 0.03996900 0.05899000 0.09539000
v 0.04177700 0.05897400 0.09928000
v -0.01869400 0.05897400 0.15693000
v 0.04174700 0.05899100 0.09929000
v -0.01060200 0.05898800 0.15970000
v 0.04415500 0.05899100 0.10749000
v 0.04418700 0.05897400 0.10748000
v -0.01060900 0.05897400 0.15973000
v 0.04479600 0.05897400 0.11172000
v -0.00640400 0.05897400 0.16054000
v -0.00214000 0.05899000 0.16092000
v 0.04496800 0.05899100 0.11600000
v 0.04476400 0.05899100 0.12027000
v 0.04479600 0.05897400 0.12028000
v 0.00640400 0.05897400 0.16054000
v 0.01060900 0.05897400 0.15973000
v 0.01470800 0.05899000 0.15849000
v 0.01060200 0.05898800 0.15970000
v 0.04314600 0.05899000 0.12867000
v 0.04317700 0.05897400 0.12868000
v 0.04177700 0.05897400 0.13272000
v 0.01471800 0.05897400 0.15853000
v 0.02248400 0.05899000 0.15494000
v 0.02250000 0.05897400 0.15497000
v 0.01868000 0.05899200 0.15690000
v 0.01869400 0.05897400 0.15693000
v 0.03999800 0.05897400 0.13662000
v 0.02610300 0.05897400 0.15266000
v 0.03534700 0.05899000 0.14380000
v 0.03785600 0.05897400 0.14033000
v 0.02946900 0.05897400 0.15001000
v 0.03254500 0.05899100 0.14703000
v 0.02944800 0.05899100 0.14998000
v -0.00044100 -0.04375600 0.06336000
v -0.00005800 -0.04360700 0.06345000
v 0.00132800 -0.04358900 0.06397000
v -0.00096700 -0.04359800 0.06360000
v -0.00132800 -0.04358900 0.06603000
v 0.00216400 -0.01127200 0.16024000
v 0.00217000 -0.01297400 0.16021000
v 0.00755800 -0.04703100 0.07236000
v 0.01472300 -0.04627000 0.07423000
v 0.01890000 -0.04670800 0.07596000
v 0.01815700 -0.04572200 0.07560000
v 0.02146500 -0.04503800 0.07726000
v 0.02248800 -0.04594600 0.07786000
v 0.02910600 -0.04402400 0.08264000
v 0.03476700 -0.04163600 0.08859000
v 0.03338500 -0.04111800 0.08689000
v 0.03582000 -0.03987900 0.08995000
v 0.03716800 -0.04028700 0.09195000
v 0.03797600 -0.03860800 0.09320000
v 0.03907500 -0.03898300 0.09519000
v 0.03983300 -0.03716300 0.09663000
v 0.04085000 -0.03748000 0.09894000
v 0.04324100 -0.03443500 0.10650000
v 0.04349700 -0.03268100 0.10763000
v 0.04405700 -0.03123500 0.11145000
v 0.04394500 -0.03278200 0.11064000
v 0.04426100 -0.03093200 0.11496000
v 0.04415900 -0.02949000 0.11901000
v 0.04418300 -0.02937200 0.11881000
v 0.04380400 -0.02660600 0.12257000
v 0.04378200 -0.02785500 0.12257000
v 0.04374400 -0.02791500 0.12280000
v 0.04376800 -0.02654100 0.12280000
v 0.04297100 -0.02620200 0.12666000
v 0.04299900 -0.02641600 0.12653000
v 0.04181800 -0.02463400 0.13053000
v 0.04157200 -0.02435500 0.13122000
v 0.04043000 -0.02321700 0.13404000
v 0.04000700 -0.02171600 0.13501000
v 0.03810000 -0.02008500 0.13859000
v 0.03809700 -0.02026700 0.13859000
v 0.03454500 -0.01954600 0.14368000
v 0.03677100 -0.02054200 0.14066000
v 0.03588600 -0.01872300 0.14197000
v 0.03379900 -0.01763200 0.14463000
v 0.03454800 -0.01931700 0.14369000
v 0.03379600 -0.01782800 0.14463000
v 0.03209400 -0.01818100 0.14650000
v 0.03209000 -0.01844200 0.14649000
v 0.03100100 -0.01640900 0.14764000
v 0.03099800 -0.01661200 0.14764000
v 0.02794500 -0.01529900 0.15037000
v 0.02794300 -0.01551000 0.15037000
v 0.02650800 -0.01617400 0.15146000
v 0.02650600 -0.01641400 0.15146000
v 0.02467600 -0.01431800 0.15279000
v 0.02121500 -0.01368500 0.15488000
v 0.02310900 -0.01524300 0.15376000
v 0.02121800 -0.01346100 0.15488000
v 0.01987300 -0.01486100 0.15555000
v 0.01988400 -0.01451800 0.15556000
v 0.01759900 -0.01274100 0.15665000
v 0.01386700 -0.01239800 0.15807000
v 0.01087900 -0.01180000 0.15895000
v 0.01302700 -0.01366400 0.15831000
v 0.01090700 -0.01351100 0.15891000
v 0.00825400 -0.01156800 0.15952000
v 0.00449900 -0.01135800 0.16007000
v 0.00458800 -0.01299900 0.16003000
v 0.01869400 0.05897400 0.07507000
v -0.04418700 0.05897400 0.10748000
v 0.02250000 0.05897400 0.07703000
v 0.02610300 0.05897400 0.07934000
v -0.04177700 0.05897400 0.09928000
v 0.03537200 0.05897400 0.08818000
v -0.03999800 0.05539600 0.09538000
v -0.03785600 0.05897400 0.09167000
v 0.03785600 0.05897400 0.09167000
v -0.03256800 0.05897400 0.08495000
v -0.02946900 0.05897400 0.08199000
v -0.03256800 0.05539600 0.08495000
v -0.02610300 0.05897400 0.07934000
v 0.04317700 0.05897400 0.10332000
v -0.01471800 0.05897400 0.07347000
v -0.00214100 0.05897400 0.07105000
v -0.00214100 0.05539600 0.07105000
v 0.01060900 0.05897400 0.07227000
v 0.00170000 -0.04375900 0.06500000
v 0.00173100 -0.04357500 0.06498000
v 0.00164200 -0.04375900 0.06544000
v 0.00096700 -0.04359800 0.06640000
v 0.00143600 -0.04371900 0.06584000
v 0.00004500 -0.04360700 0.06655000
v -0.00102200 -0.04373600 0.06634000
v -0.00147200 -0.04375900 0.06585000
v -0.00169300 -0.04374400 0.06517000
v 0.03176300 -0.04161900 0.08494000
v 0.03355100 -0.04092600 0.08705000
v 0.03869100 -0.02020200 0.13777000
v 0.03688300 -0.01887800 0.14095000
v 0.03363300 -0.04077900 0.08677000
v 0.03659600 -0.01891000 0.14106000
v 0.03764200 -0.03878500 0.09168000
v 0.03568600 -0.03975200 0.08956000
v 0.03710500 -0.03892700 0.09159000
v 0.03524900 -0.01813100 0.14295000
v 0.03797700 -0.03855000 0.09320000
v 0.03795800 -0.03843900 0.09313000
v 0.03370700 -0.01738300 0.14483000
v -0.00824100 -0.04668200 0.07222000
v 0.03796100 -0.03843300 0.09256000
v 0.03832300 -0.03812300 0.09350000
v 0.03088400 -0.01612500 0.14790000
v 0.03454500 -0.01762200 0.14406000
v -0.00551700 -0.04693900 0.07194000
v -0.00512000 -0.04688000 0.07171000
v -0.00019200 -0.04715800 0.07168000
v 0.03962800 -0.03715900 0.09601000
v 0.03198700 -0.01645100 0.14696000
v -0.00230400 -0.04701400 0.07164000
v 0.04158300 -0.03546900 0.09990000
v 0.04137700 -0.03570800 0.10019000
v 0.04190700 -0.03499000 0.10134000
v 0.04087100 -0.03607700 0.09866000
v 0.02699100 -0.01481900 0.15119000
v 0.04260300 -0.03420700 0.10388000
v 0.02496000 -0.01408500 0.15281000
v 0.00011100 -0.04699100 0.07144000
v 0.00000000 -0.04729500 0.07171000
v 0.00371400 -0.04723100 0.07186000
v 0.00297100 -0.04695800 0.07152000
v 0.02393100 -0.01392100 0.15336000
v 0.00259500 -0.04701900 0.07165000
v 0.04267800 -0.03400000 0.10376000
v 0.04282700 -0.03393000 0.10372000
v 0.00371300 -0.04710200 0.07184000
v 0.04332700 -0.03296700 0.10633000
v 0.04386200 -0.03181600 0.10918000
v 0.04405800 -0.03113100 0.11145000
v 0.02045700 -0.01300300 0.15549000
v 0.00495700 -0.04692200 0.07184000
v 0.00778500 -0.04680500 0.07232000
v 0.04403800 -0.03204000 0.10838000
v 0.01800700 -0.01259700 0.15659000
v 0.00779800 -0.04671700 0.07209000
v 0.01580500 -0.01216500 0.15757000
v 0.01127700 -0.04665300 0.07313000
v 0.01076000 -0.04656900 0.07296000
v 0.04420900 -0.03062200 0.11215000
v 0.04428700 -0.02968300 0.11497000
v 0.04434500 -0.02831200 0.11783000
v 0.04439500 -0.02946400 0.11492000
v 0.01308600 -0.04624000 0.07354000
v 0.01386800 -0.01215700 0.15807000
v 0.04455300 -0.02823000 0.11781000
v 0.04420200 -0.02808400 0.11892000
v 0.04412700 -0.02714200 0.12072000
v 0.01536400 -0.04592200 0.07429000
v 0.01473000 -0.04602800 0.07376000
v 0.01824900 -0.04557500 0.07562000
v 0.00830000 -0.01130200 0.15970000
v 0.04375000 -0.02605500 0.12341000
v 0.04299300 -0.02494100 0.12666000
v 0.04317600 -0.02493600 0.12620000
v 0.01815700 -0.04571100 0.07560000
v 0.01821900 -0.04546400 0.07550000
v 0.01832000 -0.04540200 0.07537000
v 0.02146900 -0.04489600 0.07723000
v 0.02294200 -0.04445100 0.07795000
v 0.02063300 -0.04498600 0.07666000
v 0.04252400 -0.02391900 0.12868000
v 0.02497500 -0.04390500 0.07922000
v 0.04159300 -0.02308200 0.13123000
v 0.02462600 -0.04425000 0.07918000
v 0.04160100 -0.02283200 0.13139000
v 0.04225500 -0.02327700 0.13007000
v 0.02761200 -0.04336200 0.08137000
v 0.04001000 -0.02154500 0.13501000
v 0.02762800 -0.04311700 0.08117000
v 0.03064500 -0.04228700 0.08402000
v 0.04061300 -0.02166000 0.13410000
v 0.04063300 -0.02130700 0.13494000
v 0.02779200 -0.04308800 0.08105000
v 0.02976100 -0.04241300 0.08304000
v -0.03346700 -0.01709700 0.14536000
v -0.03513000 -0.01808300 0.14309000
v -0.03335100 -0.01722300 0.14523000
v -0.03581000 -0.01867400 0.14207000
v -0.03720700 -0.03886400 0.09175000
v -0.03611800 -0.01845300 0.14201000
v -0.03670900 -0.01895000 0.14093000
v -0.03579700 -0.03969100 0.08970000
v -0.03848700 -0.01990400 0.13841000
v -0.03414000 -0.04053800 0.08742000
v -0.03418800 -0.04063300 0.08781000
v -0.03814100 -0.01987800 0.13866000
v -0.03238200 -0.04137500 0.08529000
v 0.00826000 -0.01139700 0.15957000
v -0.03219600 -0.04143000 0.08539000
v 0.00559200 -0.01121100 0.16001000
v 0.00287400 -0.01111800 0.16026000
v -0.04034300 -0.02135000 0.13483000
v -0.03025900 -0.04222800 0.08350000
v -0.03988600 -0.02109200 0.13555000
v 0.00559800 -0.01096100 0.16054000
v -0.02828100 -0.04300500 0.08187000
v -0.02833500 -0.04287700 0.08162000
v -0.04077500 -0.02196900 0.13349000
v -0.04182500 -0.02305400 0.13081000
v -0.02810000 -0.04320500 0.08176000
v -0.02452500 -0.04401900 0.07879000
v -0.02614700 -0.04359200 0.08009000
v -0.00241900 -0.01109600 0.16030000
v -0.00000000 -0.01123600 0.16030000
v -0.02426200 -0.04413200 0.07879000
v -0.04259500 -0.02433500 0.12815000
v -0.04266200 -0.02419600 0.12806000
v -0.02138700 -0.04504700 0.07722000
v -0.00473300 -0.01118700 0.16010000
v -0.00482700 -0.01109300 0.16022000
v -0.02174400 -0.04470100 0.07717000
v -0.04339500 -0.02529600 0.12528000
v -0.04390900 -0.02644700 0.12244000
v -0.01946700 -0.04521900 0.07606000
v -0.04421100 -0.02757600 0.11968000
v -0.00888800 -0.01143000 0.15947000
v -0.00756800 -0.01150300 0.15965000
v -0.04406100 -0.02738800 0.12061000
v -0.01809400 -0.04545000 0.07523000
v -0.01736600 -0.04565200 0.07518000
v -0.01456800 -0.04604600 0.07401000
v -0.04448100 -0.02796300 0.11847000
v -0.04437300 -0.02859800 0.11711000
v -0.01259400 -0.01180200 0.15855000
v -0.04435400 -0.02972600 0.11434000
v -0.01543700 -0.01222800 0.15757000
v -0.01527500 -0.01209100 0.15776000
v -0.01246500 -0.04627800 0.07332000
v -0.04421500 -0.03039500 0.11320000
v -0.00821100 -0.04682500 0.07243000
v -0.01110700 -0.04660900 0.07311000
v -0.04418200 -0.03078000 0.11174000
v -0.01808200 -0.01263000 0.15652000
v -0.01044900 -0.04654000 0.07282000
v -0.01931200 -0.01277500 0.15606000
v -0.02050000 -0.01312700 0.15533000
v -0.04380500 -0.03190100 0.10901000
v -0.04381100 -0.03192900 0.10948000
v -0.04326900 -0.03306400 0.10612000
v -0.02271600 -0.01362800 0.15410000
v -0.04319500 -0.03342400 0.10495000
v -0.04267800 -0.03400500 0.10377000
v -0.04160100 -0.03544700 0.10079000
v -0.02755800 -0.01496800 0.15076000
v -0.02484400 -0.01416900 0.15275000
v -0.04166300 -0.03558400 0.09961000
v -0.02967700 -0.01566900 0.14899000
v -0.04182800 -0.03507800 0.10099000
v -0.04084800 -0.03609900 0.09860000
v -0.04102400 -0.03603500 0.09851000
v -0.03987300 -0.03696000 0.09642000
v -0.03148400 -0.01639500 0.14726000
v -0.03867900 -0.03789400 0.09426000
v -0.03864000 -0.03797300 0.09370000
v 0.03999800 0.05539600 0.09538000
v 0.01869400 0.05539600 0.07507000
v 0.01471800 0.05539600 0.07347000
v 0.01060900 0.05539600 0.07227000
v 0.04418700 0.05539600 0.10748000
v 0.04479600 0.05539600 0.11172000
v 0.04479600 0.05539600 0.12028000
v -0.01060900 0.05539600 0.07227000
v -0.01471800 0.05539600 0.07347000
v 0.03785600 0.05539600 0.14033000
v 0.01869400 0.05539100 0.15693000
v 0.01471800 0.05539600 0.15853000
v -0.04500000 0.05539600 0.11600000
v -0.00214100 0.05539600 0.16095000
v -0.00640400 0.05539600 0.16054000
v -0.03999800 0.05539600 0.13662000
v -0.03785600 0.05539600 0.14033000
v 0.00287500 -0.04502400 0.06573000
v 0.00099300 -0.04373400 0.06636000
v 0.00103600 -0.04509800 0.06786000
v 0.00044200 -0.04375600 0.06664000
v 0.00039900 -0.04510700 0.06802000
v -0.00042800 -0.04372000 0.06660000
v 0.03101500 -0.03286900 0.06200000
v -0.00006000 -0.04506000 0.06200000
v 0.00053600 -0.04510700 0.06200000
v -0.00888700 -0.04432200 0.06200000
v -0.01253800 -0.04347300 0.06200000
v -0.03348500 -0.03031000 0.06200000
v -0.04016600 -0.02048000 0.06200000
v 0.00000000 -0.00011600 0.06200000
v 0.03632800 0.02656400 0.06200000
v 0.01499100 0.04248800 0.06200000
v 0.00736700 0.04436000 0.06200000
v 0.00317800 0.04479700 0.06200000
v -0.02695500 0.03610100 0.06200000
v -0.04289400 0.01354600 0.06200000
v -0.04398300 0.00943900 0.06200000
v 0.04371200 -0.02548000 0.12461000
v -0.02843900 -0.04293000 0.08140000
v -0.03258500 -0.04135200 0.08533000
v 0.02393600 -0.04423000 0.07821000
v -0.02239900 -0.04464200 0.07716000
v -0.03624900 -0.03956600 0.08975000
v 0.02606200 -0.04365200 0.07964000
v 0.01112000 -0.01159300 0.15899000
v -0.01640600 -0.04577200 0.07439000
v 0.01355400 -0.01167800 0.15878000
v -0.03932900 -0.03759800 0.09462000
v -0.01130500 -0.04643500 0.07276000
v -0.03067500 -0.01594000 0.14823000
v 0.03537100 -0.04005900 0.08851000
v 0.02915600 -0.01538200 0.14960000
v -0.02746400 -0.01481000 0.15102000
v -0.04421100 -0.03128600 0.11024000
v -0.02399700 -0.01382900 0.15345000
v 0.04072900 -0.03646900 0.09742000
v 0.04174800 -0.03549700 0.09982000
v 0.04335900 -0.03348300 0.10480000
v 0.04262600 -0.03450000 0.10229000
v 0.01081100 -0.04645600 0.07275000
v -0.04399900 -0.02552400 0.12451000
v -0.04441800 -0.02657100 0.12191000
v 0.04441800 -0.03128900 0.11024000
v -0.00713500 -0.01105200 0.16032000
v 0.04442400 -0.03057500 0.11200000
v -0.04324300 -0.02464300 0.12669000
v 0.04454900 -0.02940500 0.11491000
v -0.04201100 -0.02296300 0.13084000
v -0.00434200 -0.01091500 0.16066000
v 0.04472400 -0.02787900 0.11868000
v -0.00091200 -0.01100000 0.16045000
v -0.02349400 0.03814500 0.07115000
v 0.01846200 0.04111400 0.06200000
v 0.04491200 0.01095600 0.11256000
v 0.04475600 0.01334800 0.11099000
v 0.02814500 0.03505100 0.06593000
v -0.00795000 0.04418500 0.07015000
v 0.01552000 0.04367200 0.07376000
v 0.04213900 0.01567300 0.09321000
v 0.04213900 0.01602700 0.09449000
v -0.00547600 0.04460000 0.06240000
v 0.01528900 0.04362600 0.07363000
v 0.00580100 0.04454400 0.06443000
v 0.04325700 0.01234000 0.09582000
v -0.02349600 0.03845700 0.06200000
v 0.04420700 0.01035100 0.10326000
v -0.02811300 0.03518200 0.06255000
v -0.00795100 0.04416000 0.06895000
v 0.04209900 0.01558600 0.08875000
v 0.01186200 0.04443600 0.07247000
v 0.01524200 0.04226300 0.06678000
v 0.00901200 0.04442700 0.07135000
v 0.04333100 0.01208500 0.09602000
v -0.00545300 0.04458200 0.06989000
v 0.04333000 0.01306900 0.09877000
v 0.04418700 0.01044600 0.10317000
v 0.04498400 0.01153900 0.11480000
v 0.04475600 0.01073400 0.10995000
v 0.04498600 0.00845100 0.11397000
v -0.01840300 0.04098400 0.06662000
v 0.01189100 0.04371100 0.07194000
v 0.01186200 0.04405500 0.07225000
v 0.03845200 0.02312500 0.07541000
v 0.04475700 0.00892700 0.10874000
v 0.04479500 0.01040100 0.11032000
v 0.02814700 0.03517400 0.06200000
v -0.00434200 0.04471100 0.06980000
v -0.04498400 0.01155400 0.11479000
v 0.04418700 0.00959800 0.10183000
v 0.04420700 0.00950100 0.10192000
v 0.04499200 0.01036100 0.11517000
v -0.02192300 0.03936100 0.06251000
v -0.02501000 0.03746400 0.06260000
v 0.04475700 0.00780900 0.10771000
v 0.02508000 0.03743700 0.06200000
v 0.02507900 0.03729800 0.06618000
v -0.04496200 0.01260000 0.11416000
v -0.00129800 0.04487500 0.06200000
v -0.00545400 0.04460600 0.06200000
v -0.04491400 0.01362300 0.11322000
v 0.03101800 0.03254400 0.06564000
v 0.02211500 0.03925500 0.06244000
v -0.04498600 0.00843500 0.11396000
v 0.01863900 0.04241500 0.07502000
v -0.04497100 0.00353200 0.11437000
v 0.01881000 0.04094600 0.06234000
v 0.02182100 0.03943500 0.06200000
v 0.00580900 0.04464000 0.07030000
v 0.00738200 0.04439100 0.07049000
v 0.04325700 0.01216400 0.09433000
v 0.04325800 0.01212700 0.09098000
v 0.04418800 0.00851700 0.09882000
v 0.04333100 0.01247800 0.09744000
v -0.04490300 0.00925700 0.11161000
v -0.04496300 0.00826000 0.11273000
v -0.04490200 0.01210800 0.11272000
v 0.04418700 0.00894900 0.10038000
v -0.04473700 0.01525200 0.11115000
v 0.01520900 0.04317000 0.07338000
v 0.01527200 0.04291700 0.07323000
v -0.04499000 0.00424400 0.11363000
v 0.04333100 0.01190700 0.09452000
v 0.04491200 0.00608700 0.10941000
v 0.04479600 0.00857800 0.10910000
v 0.02548200 0.03714700 0.06246000
v 0.01552400 0.04229000 0.06229000
v -0.01642000 0.04181200 0.06671000
v 0.04496500 0.00812600 0.11275000
v 0.04491200 0.00905300 0.11170000
v -0.04497100 0.00171000 0.11255000
v 0.04499400 0.00869200 0.11529000
v 0.04499400 0.00869200 0.11529000
v 0.04499400 0.00869200 0.11529000
v 0.04418800 0.00832200 0.09717000
v -0.00107200 0.04488400 0.06863000
v -0.00434200 0.04467300 0.06876000
v 0.03101900 0.03264700 0.06200000
v 0.02866400 0.03462900 0.06588000
v -0.04495800 0.00005300 0.11093000
v 0.01185100 0.04353300 0.07166000
v 0.04475700 0.00684000 0.10656000
v 0.01142300 0.04355000 0.06200000
v -0.04497400 0.00601200 0.11178000
v 0.03874700 0.02261500 0.07670000
v -0.04473800 0.01261800 0.11055000
v 0.00906800 0.04405700 0.06265000
v -0.04490300 0.00737800 0.11035000
v 0.03142300 0.03215500 0.06559000
v -0.00434300 0.04471100 0.06219000
v 0.02866500 0.03473600 0.06239000
v -0.04499000 0.00190800 0.11119000
v -0.04462800 0.01561100 0.11019000
v -0.04419300 0.01768400 0.10752000
v 0.04420700 0.00885000 0.10046000
v 0.04499500 0.00576100 0.11376000
v 0.01222000 0.04333600 0.06221000
v -0.04473800 0.01080000 0.10974000
v -0.04462800 0.01394000 0.10983000
v 0.04475700 0.00591100 0.10509000
v -0.04473800 0.00907900 0.10858000
v -0.04462900 0.00990500 0.10771000
v -0.04499600 0.00111500 0.10810000
v 0.04496400 0.00293100 0.11419000
v -0.04397600 0.01806700 0.10641000
v 0.00904000 0.04407200 0.07078000
v -0.04462800 0.01174500 0.10893000
v 0.04498900 0.00612800 0.11499000
v 0.04498900 0.00612800 0.11499000
v -0.04498500 0.00343200 0.10976000
v -0.04496300 0.00410800 0.10912000
v 0.04420700 0.00822200 0.09724000
v 0.01880600 0.04239200 0.07512000
v 0.04475700 0.00520000 0.10350000
v -0.04419300 0.01557400 0.10701000
v 0.00737800 0.04435100 0.06248000
v 0.02211100 0.04086700 0.07681000
v 0.04491200 0.00459100 0.10745000
v 0.04496600 0.00457100 0.10979000
v 0.04498700 0.00443500 0.11107000
v -0.04490300 0.00621700 0.10928000
v -0.04473900 0.00796700 0.10755000
v 0.04491300 0.00336500 0.10502000
v 0.01862200 0.04195300 0.07480000
v 0.03142400 0.03224400 0.06238000
v -0.04496400 0.00311700 0.10756000
v 0.01525200 0.04265700 0.07296000
v 0.01863700 0.04153900 0.07452000
v -0.04462900 0.00787100 0.10559000
v -0.04462900 0.00881600 0.10671000
v -0.04473900 0.00700100 0.10641000
v -0.04419300 0.01389500 0.10626000
v -0.00129800 0.04487400 0.06371000
v -0.04498500 0.00139900 0.10551000
v 0.04420700 0.00841700 0.09889000
v -0.04490300 0.00520900 0.10809000
v -0.04473900 0.00607600 0.10495000
v 0.04475800 0.00451300 0.09998000
v 0.04475800 0.00472700 0.10178000
v -0.00087500 0.04488400 0.06218000
v -0.04496400 0.00210600 0.10495000
v -0.04490400 0.00301200 0.10313000
v 0.04491300 0.00287200 0.10324000
v 0.00580200 0.04456400 0.06234000
v 0.04214100 0.01554800 0.07920000
v -0.04462900 0.00696500 0.10416000
v -0.04473900 0.00536700 0.10336000
v 0.00279600 0.04485400 0.06970000
v -0.04490400 0.00424300 0.10657000
v 0.03632700 0.02650200 0.06495000
v -0.04419300 0.01231700 0.10519000
v -0.04397700 0.01325800 0.10421000
v -0.04397600 0.01719000 0.10621000
v 0.01188700 0.04335900 0.07127000
v 0.01524300 0.04242500 0.07260000
v -0.04288700 0.02089200 0.10233000
v -0.04324600 0.02031500 0.10356000
v 0.00317800 0.04479500 0.06235000
v -0.04499600 -0.00003600 0.10334000
v -0.04419400 0.01129700 0.10425000
v -0.04499500 0.00032800 0.09859000
v -0.04462900 0.00627200 0.10260000
v 0.03393700 0.02957700 0.06200000
v -0.04324600 0.01947300 0.10337000
v 0.03406700 0.02934600 0.06528000
v -0.04490400 0.00350300 0.10491000
v -0.04498600 0.00091200 0.10264000
v 0.00252200 0.04481700 0.06870000
v -0.01984700 0.04046600 0.06200000
v 0.02199200 0.04040900 0.07650000
v 0.04496400 0.00097500 0.11207000
v -0.04397700 0.01493600 0.10532000
v -0.04496400 0.00162600 0.10211000
v 0.04499500 0.00193900 0.10987000
v -0.04463000 0.00581000 0.10094000
v -0.04474000 0.00489600 0.10165000
v 0.04497600 0.00235700 0.10704000
v 0.04496600 0.00179700 0.10408000
v 0.04496700 0.00156900 0.10216000
v -0.04419400 0.01041200 0.10320000
v -0.04397700 0.01140300 0.10227000
v 0.04479700 0.00407900 0.09617000
v 0.04479700 0.00412500 0.10027000
v -0.04474000 0.00468300 0.09986000
v -0.04324600 0.01877900 0.10316000
v -0.04324700 0.01583200 0.10152000
v 0.01142000 0.04338300 0.07068000
v 0.04499400 0.00047800 0.10597000
v -0.04490400 0.00279000 0.10125000
v -0.04397700 0.01226500 0.10329000
v 0.00252300 0.04483100 0.06207000
v -0.04419400 0.00956300 0.10187000
v 0.03406700 0.02941500 0.06242000
v -0.04187600 0.02309900 0.09953000
v 0.04491300 0.00264900 0.10136000
v 0.03845500 0.02336000 0.06200000
v 0.04333300 0.01192200 0.08047000
v -0.04288700 0.02018200 0.10215000
v 0.01867400 0.04124500 0.07422000
v 0.03845400 0.02331400 0.06460000
v -0.04419400 0.00891300 0.10041000
v -0.04419500 0.00848100 0.09884000
v -0.04490500 0.00274200 0.09703000
v -0.04463000 0.00560200 0.09918000
v 0.01526300 0.04224000 0.07215000
v -0.04157800 0.02137000 0.09795000
v 0.04498600 0.00090400 0.10265000
v -0.04288800 0.01838900 0.10142000
v -0.04187700 0.02201900 0.09922000
v -0.04288800 0.01826200 0.10135000
v -0.04397800 0.00952300 0.09803000
v -0.04463000 0.00555800 0.09522000
v 0.03659200 0.02613700 0.06491000
v -0.04419500 0.00828600 0.09720000
v -0.04324700 0.01491200 0.10067000
v -0.04288800 0.01522400 0.09868000
v -0.04324700 0.01411400 0.09973000
v -0.04324700 0.01334800 0.09852000
v 0.03659200 0.02618800 0.06241000
v -0.04187700 0.02068300 0.09862000
v 0.03874900 0.02285900 0.06236000
v 0.02211100 0.04070700 0.07675000
v -0.04187700 0.01941900 0.09777000
v -0.04157800 0.02344200 0.09875000
v -0.04288800 0.01688500 0.10042000
v 0.02196900 0.04003200 0.07622000
v 0.04049000 0.01957800 0.06387000
v -0.04288900 0.01448300 0.09752000
v -0.04397800 0.01057700 0.10097000
v 0.04048100 0.01962200 0.06200000
v 0.01864800 0.04109000 0.07396000
v -0.04187700 0.01860100 0.09702000
v -0.04419500 0.00824500 0.09349000
v -0.04397800 0.00933300 0.09642000
v -0.04324800 0.01237200 0.09579000
v -0.04397800 0.00994400 0.09955000
v 0.04476000 0.00448000 0.08117000
v 0.04420900 0.00821100 0.08178000
v 0.04476000 0.00447500 0.08309000
v 0.04491400 0.00260100 0.09712000
v 0.00580000 0.04453600 0.06992000
v -0.04040100 0.02473000 0.09596000
v -0.04288800 0.01599600 0.09960000
v 0.04498600 0.00085400 0.09825000
v 0.04491500 0.00259900 0.08175000
v 0.04479900 0.00408400 0.08323000
v 0.04210300 0.01582100 0.06341000
v -0.04324800 0.01276200 0.09720000
v -0.04324800 0.01219500 0.09431000
v 0.04499800 -0.00010900 0.08258000
v 0.04496900 0.00151000 0.08208000
v 0.04491500 0.00259700 0.08375000
v 0.04496700 0.00152000 0.09782000
v -0.04496500 0.00157700 0.09778000
v -0.04491600 0.00255700 0.09715000
v -0.04500100 -0.00010900 0.06200000
v -0.04499700 0.00030900 0.08245000
v 0.02531000 0.03904400 0.07875000
v 0.04214400 0.01572600 0.06200000
v -0.04288900 0.01391600 0.09624000
v -0.04187700 0.01789200 0.09618000
v 0.04333500 0.01206000 0.06200000
v 0.04326200 0.01231700 0.06253000
v -0.04040100 0.02363800 0.09548000
v -0.04498800 0.00084700 0.08228000
v 0.04333500 0.01205600 0.06250000
v 0.04421200 0.00830200 0.06293000
v -0.04157800 0.02007800 0.09708000
v -0.03977500 0.02609600 0.09488000
v 0.04476200 0.00452600 0.06251000
v 0.04480200 0.00413200 0.06200000
v 0.01866500 0.04094600 0.07370000
v -0.04490600 0.00273800 0.08370000
v -0.03977500 0.02572800 0.09476000
v 0.00317800 0.04477400 0.06872000
v 0.02361200 0.03801900 0.07270000
v 0.01846000 0.04085000 0.06984000
v -0.04187800 0.01669000 0.09393000
v -0.04187800 0.01721100 0.09510000
v 0.01880900 0.04080100 0.06659000
v 0.03101700 0.03233000 0.07324000
v 0.03101600 0.03223500 0.07797000
v -0.04040100 0.02240100 0.09465000
v 0.02032800 0.04000800 0.06832000
v 0.02182000 0.03928300 0.06642000
v 0.03142000 0.03184300 0.07822000
v 0.03142100 0.03193900 0.07338000
v 0.02985700 0.03333400 0.07507000
v 0.00580100 0.04450200 0.06882000
v 0.02361400 0.03816200 0.06851000
v 0.00736500 0.04429200 0.07008000
v 0.02199100 0.03904400 0.07068000
v 0.03406400 0.02902400 0.08005000
v 0.03270400 0.03056400 0.07647000
v 0.03393300 0.02917400 0.07996000
v -0.03977500 0.02458200 0.09424000
v 0.02814400 0.03487000 0.07174000
v 0.03101700 0.03235000 0.07253000
v 0.03142100 0.03196000 0.07265000
v -0.04157900 0.01858600 0.09552000
v -0.04157900 0.01927900 0.09635000
v -0.04040200 0.02166800 0.09398000
v 0.02683100 0.03597600 0.06873000
v 0.02985900 0.03351300 0.06898000
v -0.04187800 0.01634300 0.09268000
v -0.04288900 0.01353900 0.09488000
v 0.03874600 0.02252000 0.08427000
v -0.03858600 0.02745900 0.09270000
v -0.03858600 0.02643100 0.09223000
v 0.03522500 0.02784700 0.06954000
v 0.03393600 0.02949700 0.06529000
v 0.03270600 0.03075200 0.06925000
v 0.04048600 0.01930000 0.08635000
v -0.04474000 0.00463800 0.09581000
v 0.02197700 0.03960100 0.07576000
v 0.04048700 0.01938500 0.07784000
v 0.03964500 0.02096500 0.08128000
v 0.04133600 0.01748400 0.08302000
v 0.03754900 0.02464600 0.06986000
v 0.01863600 0.04086000 0.07341000
v 0.03874900 0.02282200 0.06454000
v -0.04157900 0.01792100 0.09448000
v -0.04040200 0.02042200 0.09226000
v -0.04040200 0.02103200 0.09322000
v -0.04187800 0.01618400 0.09136000
v -0.04288900 0.01336800 0.09344000
v 0.04420800 0.00818100 0.09353000
v 0.04452400 0.00632700 0.08858000
v 0.04475800 0.00446800 0.09592000
v -0.04490600 -0.00010900 0.11309000
v 0.02195200 0.03982100 0.07600000
v 0.01463300 0.04240800 0.06870000
v 0.01700200 0.04153300 0.06816000
v 0.01424200 0.04254200 0.06868000
v -0.03977600 0.02349700 0.09351000
v 0.02124900 0.03942400 0.07133000
v 0.01880800 0.04068900 0.06989000
v 0.02592700 0.03645000 0.07436000
v -0.03977600 0.02160300 0.09122000
v 0.02592700 0.03650100 0.07261000
v 0.01449900 0.04249900 0.06743000
v -0.03784400 0.02874000 0.09163000
v 0.02727600 0.03549400 0.07336000
v 0.02683100 0.03581000 0.07382000
v 0.02814400 0.03485200 0.07234000
v 0.02866300 0.03442700 0.07249000
v 0.03691000 0.02536900 0.08075000
v 0.03845100 0.02300900 0.08395000
v -0.03858600 0.02538400 0.09154000
v 0.03691000 0.02543100 0.07737000
v 0.03659000 0.02591800 0.07553000
v 0.02547800 0.03903700 0.07891000
v 0.03522300 0.02765700 0.07793000
v -0.04157900 0.01707200 0.09211000
v 0.03787900 0.02397600 0.07859000
v -0.04040200 0.01964200 0.09009000
v 0.03758400 0.02440500 0.07956000
v 0.02528300 0.03859900 0.07851000
v 0.03845200 0.02310500 0.07652000
v 0.04238300 0.01482100 0.08679000
v -0.04157900 0.01741100 0.09333000
v -0.03977600 0.02279600 0.09286000
v -0.03858700 0.02473600 0.09094000
v 0.04214000 0.01547800 0.08882000
v 0.04238300 0.01486500 0.08188000
v 0.04325900 0.01218000 0.08038000
v 0.04210000 0.01565700 0.07916000
v 0.04333200 0.01187000 0.09115000
v 0.04418800 0.00828100 0.09346000
v 0.04498900 0.00160400 0.11074000
v -0.04187900 0.01615200 0.08838000
v 0.04401800 0.00913800 0.08432000
v 0.04419000 0.00831200 0.08174000
v -0.03784500 0.02841600 0.09152000
v -0.03784500 0.02645400 0.09042000
v 0.04210000 0.01567200 0.07772000
v 0.04214100 0.01556300 0.07775000
v -0.04463200 0.00557200 0.08271000
v -0.04397900 0.00929400 0.09281000
v -0.03393300 0.03284900 0.08644000
v -0.03635700 0.03048400 0.08948000
v -0.01146200 0.04344800 0.06577000
v 0.04238500 0.01500800 0.06724000
v 0.04133700 0.01763500 0.07055000
v -0.03635700 0.03019000 0.08939000
v -0.04158000 0.01691700 0.09082000
v -0.04040300 0.01949900 0.08891000
v -0.03858700 0.02363300 0.08942000
v -0.03977600 0.02218700 0.09214000
v -0.03977600 0.02115500 0.09022000
v -0.04040200 0.01995400 0.09122000
v 0.04401700 0.00911100 0.09006000
v 0.04329600 0.01199200 0.08841000
v -0.04398000 0.00933100 0.08139000
v 0.04329700 0.01200700 0.08575000
v -0.04324900 0.01215900 0.09096000
v 0.04149800 0.01719800 0.07558000
v -0.04419700 0.00828100 0.08088000
v 0.04329700 0.01202700 0.08309000
v 0.04333300 0.01193400 0.07887000
v 0.04419000 0.00832100 0.07998000
v -0.03635700 0.02927200 0.08897000
v 0.04326000 0.01219200 0.07879000
v 0.04243100 0.01488100 0.06724000
v 0.04242900 0.01481100 0.07441000
v 0.04272500 0.01403100 0.06601000
v 0.04326200 0.01231000 0.06337000
v 0.04421200 0.00830600 0.06200000
v -0.03977700 0.02071800 0.08801000
v -0.03858700 0.02417300 0.09027000
v -0.03784500 0.02530000 0.08921000
v -0.04498700 -0.00039100 0.10696000
v -0.03538700 0.03124300 0.08812000
v -0.04398000 0.00934000 0.07967000
v 0.01179600 0.04329000 0.06913000
v 0.04238500 0.01493800 0.07438000
v 0.04061900 0.01918600 0.07274000
v 0.03964600 0.02113500 0.07021000
v -0.03858700 0.02294100 0.08751000
v 0.04149900 0.01731500 0.06559000
v 0.04061900 0.01924900 0.06805000
v 0.00905300 0.04394200 0.06903000
v 0.04421000 0.00822000 0.08001000
v 0.04428200 0.00785000 0.07654000
v 0.04354900 0.01118900 0.07251000
v 0.04343100 0.01159500 0.07702000
v -0.03635700 0.02840400 0.08838000
v -0.03858700 0.02321900 0.08850000
v 0.04428300 0.00789000 0.06792000
v 0.04355000 0.01124300 0.06458000
v 0.01526100 0.04215300 0.07148000
v -0.04158000 0.01688500 0.08791000
v 0.04419200 0.00840400 0.06294000
v 0.01845900 0.04080600 0.07238000
v -0.03635700 0.02735300 0.08728000
v -0.03784500 0.02583600 0.08985000
v -0.03538800 0.03037400 0.08773000
v -0.03393300 0.03189200 0.08603000
v 0.00875400 0.04401700 0.06824000
v 0.02196100 0.03913000 0.07477000
v 0.01166900 0.04334600 0.06770000
v -0.03635700 0.02784100 0.08786000
v 0.04048800 0.01940300 0.07656000
v 0.03972200 0.02093200 0.07426000
v -0.03393300 0.03268200 0.08639000
v 0.04479600 0.00413200 0.07684000
v -0.03977700 0.02085500 0.08914000
v 0.04498800 0.00083900 0.08229000
v 0.04499700 0.00030400 0.08245000
v -0.03784600 0.02412400 0.08658000
v 0.04482700 0.00379700 0.07691000
v -0.04040300 0.01946800 0.08624000
v -0.03977700 0.02068700 0.08545000
v 0.04479800 0.00415300 0.06743000
v -0.03635700 0.02688400 0.08655000
v 0.04447000 0.00675200 0.07211000
v 0.04491800 0.00262700 0.06230000
v 0.04497100 0.00152600 0.06218000
v 0.04499000 0.00084900 0.06211000
v 0.04482800 0.00381700 0.06743000
v 0.04500100 -0.00010900 0.06200000
v -0.03538800 0.02955600 0.08718000
v -0.04289000 0.01333300 0.09020000
v -0.03393400 0.03114400 0.08552000
v 0.00141500 0.04486800 0.06773000
v 0.03867800 0.02281300 0.07192000
v 0.03874700 0.02263400 0.07556000
v -0.03784500 0.02478500 0.08841000
v 0.01880700 0.04064300 0.07248000
v 0.01863300 0.04079700 0.07311000
v -0.03538800 0.02812400 0.08545000
v -0.03263300 0.03386600 0.08497000
v 0.00597800 0.04449100 0.06760000
v -0.03263400 0.03313500 0.08464000
v 0.00255800 0.04481600 0.06807000
v 0.00567000 0.04452600 0.06813000
v 0.00736500 0.04426500 0.06882000
v 0.00905200 0.04396200 0.07030000
v -0.04289100 0.01340500 0.07842000
v 0.01142100 0.04337400 0.06924000
v -0.03784600 0.02400100 0.08558000
v -0.03858800 0.02281300 0.08646000
v 0.02197000 0.03924100 0.07513000
v 0.02195700 0.03941000 0.07545000
v -0.03635800 0.02628000 0.08488000
v -0.03784600 0.02438900 0.08752000
v -0.00472100 0.04463600 0.06840000
v -0.00545300 0.04454700 0.06880000
v -0.00146700 0.04486600 0.06813000
v -0.03538800 0.02902700 0.08669000
v 0.02196300 0.03906100 0.07440000
v -0.00472600 0.04464100 0.06761000
v -0.03266700 0.03222300 0.08407000
v -0.03635800 0.02652300 0.08574000
v 0.02524800 0.03815600 0.07816000
v -0.04492000 0.00258200 0.06230000
v -0.04496700 0.00156700 0.08206000
v -0.04491800 0.00255200 0.08377000
v -0.00580100 0.04451000 0.06797000
v -0.03109900 0.03452800 0.08317000
v -0.03109800 0.03513300 0.08344000
v -0.00928300 0.04389300 0.06905000
v 0.01221800 0.04315200 0.06932000
v -0.04289100 0.01339200 0.07996000
v -0.00165700 0.04486000 0.06767000
v 0.01221800 0.04315600 0.07083000
v -0.04495500 -0.00116000 0.10863000
v -0.03538800 0.02856700 0.08614000
v -0.01215300 0.04319000 0.06857000
v -0.00865200 0.04403500 0.06843000
v -0.01078900 0.04356100 0.06824000
v 0.02839700 0.03657100 0.08079000
v -0.03393400 0.03023800 0.08457000
v -0.01280700 0.04302000 0.06784000
v -0.03393400 0.03065900 0.08507000
v -0.01177500 0.04333000 0.06721000
v -0.00865500 0.04405100 0.06751000
v 0.04498500 -0.00063000 0.10675000
v -0.04158100 0.01696100 0.07870000
v -0.03109500 0.03376600 0.08264000
v -0.04498600 -0.00099000 0.10378000
v -0.03393400 0.02983200 0.08394000
v -0.04474400 0.00469900 0.06253000
v -0.04463400 0.00563700 0.06200000
v -0.04490900 0.00277000 0.06200000
v -0.01177700 0.04330200 0.06828000
v -0.03635800 0.02616600 0.08398000
v -0.04188000 0.01622500 0.07896000
v -0.01563900 0.04204700 0.06869000
v -0.01840200 0.04087600 0.06983000
v -0.01283200 0.04303900 0.06688000
v -0.01484500 0.04239300 0.06678000
v -0.01984600 0.04031000 0.06654000
v -0.02989100 0.03606200 0.08233000
v -0.01563900 0.04209000 0.06733000
v 0.04490600 -0.00010900 0.11309000
v -0.02809200 0.03680600 0.08059000
v -0.03263400 0.03122500 0.08271000
v -0.04474200 0.00464800 0.08207000
v -0.01840400 0.04112400 0.06247000
v -0.03538900 0.02744500 0.08303000
v -0.03538900 0.02755400 0.08388000
v -0.03538900 0.02778400 0.08469000
v -0.00434200 0.04468300 0.06706000
v -0.03263400 0.03160100 0.08329000
v -0.02989200 0.03546100 0.08207000
v -0.03263400 0.03093500 0.08207000
v 0.03101400 0.03519900 0.08336000
v -0.03393400 0.02951900 0.08325000
v -0.03393500 0.02920600 0.08172000
v -0.03538900 0.02741300 0.08110000
v -0.03635800 0.02613500 0.08193000
v -0.03113600 0.03312200 0.08206000
v -0.02992100 0.03465000 0.08154000
v -0.04040400 0.01955400 0.07778000
v 0.02528000 0.03761700 0.07764000
v 0.02526300 0.03787900 0.07792000
v -0.02810900 0.03619200 0.08019000
v -0.03109900 0.03246400 0.08079000
v 0.02181800 0.03908000 0.07351000
v -0.02695200 0.03805600 0.07993000
v -0.03263500 0.03064100 0.08066000
v -0.03393400 0.02930800 0.08251000
v -0.03109900 0.03273100 0.08137000
v -0.03263400 0.03073700 0.08138000
v -0.04419900 0.00836900 0.06251000
v 0.03141900 0.03487700 0.08375000
v -0.02814600 0.03563200 0.07967000
v -0.02989200 0.03414100 0.08090000
v -0.02989200 0.03382100 0.08041000
v -0.02694900 0.03753400 0.07969000
v -0.03977900 0.02078700 0.07674000
v -0.03858800 0.02278300 0.08410000
v -0.02500600 0.03920700 0.07855000
v 0.01498900 0.04225400 0.06965000
v -0.03109900 0.03228200 0.08017000
v 0.02211200 0.03891100 0.07362000
v 0.02527900 0.03737400 0.07726000
v -0.03784600 0.02397100 0.08333000
v -0.02191600 0.04096400 0.07670000
v -0.02349100 0.03961900 0.07738000
v 0.03101500 0.03391100 0.08263000
v 0.03101400 0.03453800 0.08306000
v -0.02500600 0.03875400 0.07833000
v -0.04325000 0.01221200 0.08037000
v 0.01552200 0.04205800 0.06972000
v -0.02348800 0.04003400 0.07757000
v -0.02810900 0.03507400 0.07861000
v 0.02839700 0.03508600 0.07929000
v -0.02989200 0.03340100 0.07929000
v -0.02810900 0.03529900 0.07910000
v 0.02837700 0.03598200 0.08036000
v -0.02698700 0.03686600 0.07926000
v -0.04325200 0.01234900 0.06254000
v -0.03109900 0.03219200 0.07951000
v -0.02989200 0.03357200 0.07986000
v -0.02500400 0.03828500 0.07801000
v -0.02695100 0.03597100 0.07786000
v -0.01984800 0.04192600 0.07561000
v -0.02191600 0.04080000 0.07664000
v -0.02810900 0.03483600 0.07754000
v -0.02810900 0.03491800 0.07809000
v -0.02500600 0.03754400 0.07711000
v -0.02503900 0.03782100 0.07758000
v -0.02688400 0.03634000 0.07846000
v -0.02695100 0.03582400 0.07738000
v 0.03141900 0.03497700 0.08378000
v 0.03398800 0.03188700 0.08611000
v -0.03110000 0.03215400 0.07802000
v 0.01526900 0.04217100 0.06941000
v -0.03784800 0.02406900 0.07618000
v -0.02349400 0.03916100 0.07706000
v -0.02191600 0.04044200 0.07646000
v -0.01984200 0.04170900 0.07552000
v -0.02191400 0.04005000 0.07619000
v -0.02695100 0.03574500 0.07687000
v -0.04158200 0.01697700 0.07731000
v -0.01840100 0.04256300 0.07493000
v 0.02528100 0.03717900 0.07686000
v -0.00928400 0.04397000 0.06501000
v 0.02841900 0.03566400 0.08011000
v 0.02841200 0.03536700 0.07975000
v -0.03636000 0.02623600 0.07541000
v -0.04188200 0.01639000 0.06382000
v -0.02351500 0.03875500 0.07666000
v -0.04289400 0.01354400 0.06222000
v -0.01983900 0.04137500 0.07535000
v -0.02989200 0.03331500 0.07868000
v -0.02810900 0.03479300 0.07630000
v 0.03141900 0.03419900 0.08344000
v -0.04188300 0.01640500 0.06244000
v 0.02527800 0.03697100 0.07596000
v 0.02838900 0.03486400 0.07879000
v 0.02839500 0.03470100 0.07826000
v -0.03393500 0.02917200 0.07996000
v -0.03263500 0.03060600 0.07903000
v -0.01647500 0.04331200 0.07413000
v 0.02529300 0.03703600 0.07642000
v -0.02191700 0.03942500 0.07544000
v 0.02528600 0.03691600 0.07493000
v 0.03124200 0.03295700 0.08201000
v -0.01642100 0.04196400 0.06200000
v -0.01485900 0.04251900 0.06250000
v -0.02500700 0.03714600 0.07583000
v -0.02501000 0.03727200 0.07650000
v -0.03539000 0.02751500 0.07496000
v -0.01990800 0.04084400 0.07501000
v -0.02195100 0.03966700 0.07583000
v -0.01836600 0.04205700 0.07470000
v -0.01641900 0.04273900 0.07384000
v 0.03141900 0.03355700 0.08300000
v 0.03123300 0.03335400 0.08246000
v -0.02347600 0.03841200 0.07605000
v 0.03400600 0.03103800 0.08557000
v -0.01641600 0.04300500 0.07398000
v 0.01846000 0.04083900 0.07017000
v -0.04158400 0.01715400 0.06200000
v -0.01481100 0.04364100 0.07343000
v 0.03632200 0.03022800 0.08934000
v 0.03658600 0.03024000 0.08980000
v -0.03393600 0.02927400 0.07433000
v 0.03399800 0.03060700 0.08515000
v -0.02695200 0.03570000 0.07571000
v -0.04040700 0.01974400 0.06420000
v -0.01845500 0.04151500 0.07436000
v -0.01302500 0.04433000 0.07289000
v 0.03658700 0.02992900 0.08970000
v -0.01288400 0.04386600 0.07262000
v -0.03978100 0.02101000 0.06200000
v -0.01645500 0.04238700 0.07360000
v -0.00927600 0.04533200 0.07194000
v -0.01143800 0.04459400 0.07239000
v 0.03123900 0.03216300 0.08026000
v 0.02814300 0.03476700 0.07632000
v 0.02839600 0.03461800 0.07771000
v -0.02346200 0.03817100 0.07526000
v -0.02190800 0.03918900 0.07490000
v 0.03632200 0.02939300 0.08897000
v -0.01492500 0.04306900 0.07317000
v -0.04040700 0.01976800 0.06245000
v 0.00872100 0.04404200 0.06733000
v -0.02989300 0.03327500 0.07729000
v -0.03858900 0.02287900 0.07660000
v 0.00580000 0.04451900 0.06704000
v 0.03123500 0.03261700 0.08147000
v -0.00434200 0.04621600 0.07121000
v 0.03400100 0.02976300 0.08400000
v -0.02191700 0.03907900 0.07439000
v 0.03647200 0.02773100 0.08802000
v -0.01983000 0.04043300 0.07432000
v -0.02989400 0.03336700 0.07287000
v -0.00795000 0.04571000 0.07171000
v -0.03784800 0.02408900 0.07511000
v 0.03632300 0.02844600 0.08834000
v -0.01143300 0.04419500 0.07218000
v -0.03859200 0.02308700 0.06457000
v -0.00855800 0.04517200 0.07170000
v -0.01292200 0.04312700 0.06264000
v -0.00929600 0.04451700 0.07156000
v -0.00108000 0.04488500 0.06707000
v -0.00545300 0.04607400 0.07133000
v -0.01839000 0.04112000 0.07373000
v 0.03874300 0.02774100 0.09311000
v 0.03844900 0.02762800 0.09247000
v -0.00483900 0.04587600 0.07118000
v -0.01639900 0.04210600 0.07322000
v 0.02866200 0.03434000 0.07660000
v 0.03122800 0.03235700 0.08088000
v -0.03785000 0.02433200 0.06200000
v 0.03398800 0.03018400 0.08463000
v -0.00087500 0.04644200 0.07101000
v 0.03399500 0.02924400 0.08255000
v 0.03658700 0.02899900 0.08928000
v 0.03124100 0.03207000 0.07960000
v -0.00434300 0.04470100 0.06405000
v -0.01978400 0.04024100 0.07366000
v -0.01835100 0.04093300 0.07313000
v -0.01984400 0.04013700 0.07281000
v -0.02811100 0.03487800 0.07233000
v 0.01221900 0.04321500 0.06688000
v -0.03859200 0.02312400 0.06241000
v 0.03861300 0.02642700 0.09227000
v 0.00317800 0.04478600 0.06517000
v 0.03844900 0.02558700 0.09132000
v 0.00253800 0.04482100 0.06732000
v 0.03644900 0.02724900 0.08738000
v 0.03658700 0.02811700 0.08868000
v -0.01637300 0.04180400 0.07256000
v 0.04047500 0.02499400 0.09623000
v 0.02507700 0.03713700 0.07102000
v 0.02507700 0.03712000 0.07152000
v -0.00102600 0.04620300 0.07097000
v -0.03539300 0.02773600 0.06509000
v -0.01482700 0.04267300 0.07266000
v -0.01294100 0.04342700 0.07229000
v -0.00545400 0.04458300 0.06469000
v -0.03636200 0.02645500 0.06495000
v -0.02500700 0.03709700 0.07480000
v -0.00798200 0.04481400 0.07132000
v 0.03874400 0.02514700 0.09178000
v 0.03400100 0.02913600 0.08177000
v 0.03399500 0.02945600 0.08330000
v 0.03845000 0.02494500 0.09073000
v -0.00541900 0.04542900 0.07110000
v -0.03636200 0.02650700 0.06248000
v -0.01145800 0.04375600 0.07177000
v -0.02349300 0.03808300 0.07416000
v 0.02548000 0.03686100 0.07111000
v 0.04047700 0.02345900 0.09560000
v -0.03539300 0.02780500 0.06200000
v -0.01151400 0.04351600 0.06242000
v -0.01478100 0.04241900 0.07210000
v -0.03392900 0.02957600 0.06246000
v 0.03646500 0.02675500 0.08666000
v -0.00550500 0.04498700 0.07077000
v 0.04209600 0.02269900 0.10010000
v -0.02191700 0.03902300 0.07354000
v -0.01290000 0.04306100 0.07161000
v 0.04210700 0.02207700 0.09998000
v -0.00434900 0.04536900 0.07087000
v 0.03861600 0.02319400 0.08851000
v 0.04048400 0.02200200 0.09460000
v 0.04048400 0.02459200 0.09612000
v 0.04209700 0.02156600 0.09979000
v -0.00924500 0.04406300 0.07092000
v -0.01290500 0.04315000 0.06200000
v -0.00783700 0.04435600 0.07072000
v 0.00281100 0.04605700 0.07101000
v -0.01290300 0.04294900 0.07097000
v 0.03646000 0.02639900 0.08585000
v 0.03632400 0.02621300 0.08394000
v 0.03632400 0.02618200 0.08190000
v 0.03874400 0.02449200 0.09118000
v 0.04048500 0.02087200 0.09337000
v -0.03110100 0.03225000 0.07327000
v -0.03263800 0.03092400 0.06545000
v -0.03263600 0.03070500 0.07382000
v -0.01984500 0.04017700 0.07041000
v -0.01840200 0.04083300 0.07236000
v 0.04211700 0.02021000 0.09925000
v -0.00929200 0.04401500 0.06259000
v -0.01142800 0.04348700 0.07125000
v 0.03658800 0.02584800 0.08421000
v 0.03646300 0.02615100 0.08499000
v 0.03658800 0.02581700 0.08213000
v 0.03845000 0.02303900 0.08629000
v 0.03860800 0.02416200 0.09028000
v 0.03861000 0.02361600 0.08944000
v 0.04047600 0.02027700 0.09239000
v 0.03861500 0.02291700 0.08752000
v 0.02866300 0.03444600 0.07187000
v -0.01984500 0.04019000 0.07005000
v -0.03110300 0.03246400 0.06563000
v 0.04213800 0.01881300 0.09840000
v -0.00106100 0.04582100 0.07082000
v 0.04048500 0.02151200 0.09413000
v 0.04047500 0.02226500 0.09479000
v 0.04209700 0.01891000 0.09830000
v 0.04325600 0.01722700 0.10251000
v 0.04325500 0.01968100 0.10347000
v -0.00107600 0.04547000 0.07058000
v -0.00107000 0.04522500 0.07030000
v 0.00273600 0.04575600 0.07089000
v -0.01641900 0.04169100 0.07179000
v 0.04048500 0.01978800 0.09135000
v 0.00280800 0.04548900 0.07072000
v -0.00430900 0.04496200 0.07043000
v -0.02989500 0.03360500 0.06477000
v 0.03874500 0.02255000 0.08665000
v -0.03263900 0.03101400 0.06200000
v 0.04213900 0.01725400 0.09677000
v -0.01641900 0.04171100 0.06985000
v -0.01840200 0.04086500 0.07016000
v 0.04047800 0.01949100 0.09021000
v 0.04332900 0.02006100 0.10384000
v 0.04418600 0.01770800 0.10748000
v 0.04475600 0.01513100 0.11132000
v -0.02695300 0.03578000 0.07200000
v 0.01846100 0.04095900 0.06661000
v 0.04209800 0.01666400 0.09559000
v 0.04209700 0.01735600 0.09668000
v 0.04213900 0.01655900 0.09568000
v 0.03393400 0.02929600 0.07348000
v 0.03406500 0.02914600 0.07353000
v 0.03393400 0.02927600 0.07433000
v 0.03406500 0.02912500 0.07438000
v 0.04332900 0.01949500 0.10372000
v 0.04325600 0.01580300 0.10155000
v 0.04325600 0.01549400 0.10129000
v 0.04211800 0.01858300 0.09812000
v -0.00540600 0.04469500 0.07026000
v -0.01484400 0.04231400 0.06937000
v 0.00736600 0.04431600 0.06516000
v 0.04332900 0.01854300 0.10345000
v 0.04419600 0.01686800 0.10739000
v -0.01290300 0.04294800 0.06940000
v -0.01484300 0.04229500 0.07140000
v -0.00795200 0.04423100 0.06433000
v 0.02548100 0.03702500 0.06615000
v -0.00434200 0.04480100 0.07011000
v 0.00580200 0.04539300 0.07117000
v 0.04047700 0.01931800 0.08634000
v -0.03110100 0.03255400 0.06248000
v 0.04211800 0.01802800 0.09758000
v 0.04325600 0.01488200 0.10070000
v 0.04209800 0.01578000 0.09312000
v 0.04209800 0.01613300 0.09440000
v 0.04418600 0.01561500 0.10698000
v 0.00279000 0.04497800 0.07009000
v 0.00280300 0.04520000 0.07043000
v 0.02211400 0.03911900 0.06640000
v 0.04333000 0.01464500 0.10094000
v 0.04332900 0.01707300 0.10279000
v -0.01146100 0.04336300 0.06924000
v 0.03632500 0.02628300 0.07540000
v 0.04418600 0.01407100 0.10630000
v 0.04420600 0.01391300 0.10636000
v 0.01142000 0.04489900 0.07246000
v -0.02500800 0.03716700 0.07150000
v 0.00739400 0.04524800 0.07146000
v 0.01142200 0.04349600 0.06424000
v 0.04325700 0.01408300 0.09975000
v 0.04333000 0.01384000 0.09998000
v 0.04209800 0.01561900 0.09178000
v 0.04048100 0.01934000 0.08903000
v -0.02811200 0.03507700 0.06593000
v 0.01221700 0.04473400 0.07269000
v 0.00725300 0.04469600 0.07097000
v 0.04491100 0.01366200 0.11317000
v 0.04213900 0.01551100 0.09186000
v 0.04325700 0.01331700 0.09855000
v 0.00905400 0.04401800 0.06494000
v -0.02695400 0.03597100 0.06603000
v 0.04418600 0.01392600 0.10622000
v 0.04475600 0.01455700 0.11124000
v 0.04420600 0.01225900 0.10525000
v -0.00106900 0.04504700 0.07001000
v 0.03659000 0.02593900 0.07453000
v 0.03632500 0.02630400 0.07442000
v 0.00911000 0.04496800 0.07179000
v 0.04418700 0.01133000 0.10422000
v 0.04333000 0.01557200 0.10179000
v -0.00107200 0.04493000 0.06966000
v 0.04418700 0.01234900 0.10516000
v -0.02989600 0.03368700 0.06200000
v -0.01146100 0.04337200 0.07069000
v -0.00928300 0.04391200 0.07033000
v 0.04420600 0.01552100 0.10707000
v 0.04325700 0.01273100 0.09723000
v 0.00574000 0.04491300 0.07075000
v -0.00795200 0.04426200 0.06234000
v -0.00928500 0.04402700 0.06200000
v -0.02191800 0.03907600 0.07081000
v -0.02558100 -0.03695400 0.07282000
v -0.02899100 -0.03432200 0.07416000
v -0.04499300 0.00005700 0.10461000
v -0.04495500 0.00094200 0.10863000
v 0.04495500 0.00040000 0.11000000
v -0.01253800 -0.04345600 0.06262000
v -0.04498600 0.00077100 0.10378000
v 0.03101200 -0.03245700 0.07797000
v 0.03633800 -0.02808600 0.08783000
v 0.03844500 -0.02785100 0.09246000
v 0.00169700 -0.04580100 0.07069000
v 0.01844300 -0.04112600 0.06836000
v 0.03844600 -0.02689500 0.09204000
v 0.03634700 -0.02952400 0.08897000
v 0.03844600 -0.02680300 0.09199000
v -0.02729900 -0.03590000 0.06695000
v 0.03392300 -0.03006400 0.08393000
v 0.03844600 -0.02581100 0.09132000
v 0.02188000 -0.03931600 0.07080000
v 0.03634200 -0.02858100 0.08832000
v -0.01552100 -0.04226200 0.07156000
v 0.00426300 -0.04584300 0.07102000
v 0.04187600 -0.02331800 0.09953000
v -0.03142100 -0.03246400 0.06241000
v 0.03633400 -0.02713700 0.08652000
v -0.04496400 -0.01274800 0.11421000
v 0.03858600 -0.02815700 0.09285000
v 0.04040100 -0.02570400 0.09618000
v -0.01642900 -0.04192600 0.06985000
v 0.00771300 -0.04546800 0.07151000
v -0.02211400 -0.03930900 0.06722000
v 0.03858600 -0.02766200 0.09269000
v 0.04040100 -0.02494900 0.09596000
v 0.03852600 -0.02505600 0.09084000
v -0.04498600 -0.00866900 0.11397000
v 0.00037000 -0.04532200 0.07013000
v -0.03051500 -0.03334100 0.06200000
v -0.04472800 -0.01456600 0.11091000
v 0.01484400 -0.04260200 0.06709000
v 0.02184300 -0.03944400 0.06772000
v -0.04498900 -0.00634700 0.11499000
v -0.04498900 -0.00634700 0.11499000
v -0.04496500 -0.01029200 0.11362000
v -0.04491100 -0.01240200 0.11292000
v 0.03392400 -0.02975000 0.08324000
v 0.03392600 -0.02953600 0.08250000
v -0.02866400 -0.03478100 0.06806000
v 0.03393200 -0.02942700 0.08172000
v -0.04491200 -0.00935500 0.11174000
v -0.00577500 -0.04485700 0.07027000
v -0.00474000 -0.04506700 0.07038000
v -0.04496500 -0.00834400 0.11275000
v -0.04498500 -0.00590200 0.11212000
v -0.04498900 -0.00261500 0.11189000
v 0.00739400 -0.04451800 0.06598000
v -0.04496400 -0.00066300 0.11123000
v -0.04491200 -0.00747000 0.11049000
v -0.02019900 -0.04038300 0.06566000
v 0.03858600 -0.02669600 0.09226000
v 0.03858600 -0.02660400 0.09221000
v -0.01880800 -0.04089600 0.07023000
v -0.04499500 -0.00601200 0.11366000
v 0.04040100 -0.02385700 0.09548000
v -0.04499000 -0.00063000 0.10871000
v -0.04418600 -0.01792700 0.10748000
v -0.04496600 -0.00479000 0.10979000
v -0.04475600 -0.01095200 0.10995000
v -0.04472800 -0.00938000 0.10849000
v -0.04499600 -0.00133400 0.10810000
v -0.04475700 -0.00914500 0.10874000
v 0.03634200 -0.02652200 0.08486000
v 0.03631800 -0.02643900 0.08394000
v -0.04416800 -0.01695800 0.10719000
v 0.03635500 -0.02757700 0.08728000
v -0.04498900 -0.00263200 0.10881000
v 0.01146300 -0.04514900 0.07248000
v -0.04491200 -0.00630500 0.10941000
v -0.04472900 -0.00826900 0.10747000
v -0.04497600 -0.00225500 0.10614000
v -0.04418600 -0.01581000 0.10697000
v -0.04473500 -0.01307600 0.11059000
v 0.04040100 -0.02375200 0.09542000
v -0.04418600 -0.01429000 0.10630000
v -0.04491200 -0.00529500 0.10822000
v -0.04496700 -0.00178800 0.10216000
v 0.02507500 -0.03734000 0.07152000
v -0.04491300 -0.00432600 0.10669000
v 0.03858600 -0.02560200 0.09154000
v 0.02269200 -0.03895100 0.06706000
v -0.04414900 -0.01430500 0.10604000
v -0.04418700 -0.01256800 0.10516000
v -0.04415000 -0.01273600 0.10498000
v 0.04047100 -0.02483200 0.09610000
v 0.00769700 -0.04506400 0.07124000
v 0.04043700 -0.02243200 0.09462000
v 0.01484200 -0.04412700 0.07352000
v -0.04325600 -0.01967200 0.10341000
v -0.04313800 -0.02003300 0.10302000
v 0.03634400 -0.02676200 0.08572000
v -0.04415000 -0.01239600 0.10470000
v -0.00243400 -0.04523900 0.07014000
v 0.04213800 -0.02234200 0.10009000
v 0.03852400 -0.02355300 0.08840000
v -0.04418700 -0.01154900 0.10422000
v 0.03853100 -0.02449000 0.09018000
v -0.04313800 -0.01927500 0.10279000
v -0.04491300 -0.00309100 0.10324000
v -0.04491300 -0.00358400 0.10502000
v -0.04498600 -0.00112300 0.10265000
v -0.04498600 -0.00107300 0.09825000
v -0.04418700 -0.01066400 0.10317000
v -0.04325600 -0.01894900 0.10319000
v -0.04414900 -0.01596200 0.10679000
v -0.04313900 -0.01637900 0.10117000
v -0.04491300 -0.00286800 0.10136000
v 0.04187700 -0.02223700 0.09922000
v -0.01222000 -0.04355800 0.06210000
v -0.04472900 -0.00730600 0.10633000
v -0.04418700 -0.00981700 0.10183000
v -0.04475800 -0.00473200 0.09998000
v -0.04415000 -0.00999700 0.10167000
v -0.04415000 -0.01084100 0.10300000
v -0.04325600 -0.01602100 0.10155000
v -0.04325600 -0.01744500 0.10251000
v -0.04493000 -0.00255000 0.09730000
v -0.04472900 -0.00638200 0.10487000
v -0.04209600 -0.02291800 0.10010000
v 0.03393200 -0.02939500 0.07995000
v 0.00413400 -0.04537700 0.07064000
v -0.02730100 -0.03605700 0.06200000
v -0.04415000 -0.01172100 0.10405000
v -0.04325600 -0.01510100 0.10070000
v -0.04418800 -0.00873600 0.09882000
v -0.04472900 -0.00567500 0.10328000
v -0.04209700 -0.02177500 0.09978000
v -0.04418700 -0.00916700 0.10038000
v 0.03851700 -0.02328700 0.08741000
v -0.04313800 -0.01791700 0.10220000
v -0.04189300 -0.02098300 0.09873000
v -0.04473000 -0.00499300 0.09979000
v -0.04473000 -0.00494800 0.09575000
v -0.00905400 -0.04428000 0.06257000
v -0.04473000 -0.00520500 0.10158000
v -0.04418800 -0.00854000 0.09717000
v 0.04043700 -0.02182000 0.09404000
v -0.04325700 -0.01430200 0.09975000
v -0.04209700 -0.02041600 0.09917000
v -0.04209700 -0.01912900 0.09830000
v -0.04313900 -0.01392100 0.09821000
v -0.04189300 -0.02284700 0.09946000
v -0.04048400 -0.02506500 0.09621000
v -0.04325700 -0.01353600 0.09855000
v -0.04415100 -0.00935100 0.10022000
v -0.04325700 -0.01294900 0.09723000
v 0.01149000 -0.04475300 0.07239000
v -0.04189300 -0.02220400 0.09926000
v -0.04016000 -0.02590700 0.09566000
v 0.04187700 -0.02101800 0.09869000
v -0.04016000 -0.02534200 0.09548000
v -0.04209700 -0.01757500 0.09668000
v -0.04209700 -0.01829700 0.09753000
v -0.04313900 -0.01546900 0.10034000
v -0.04048400 -0.02426200 0.09588000
v -0.04048400 -0.02360700 0.09558000
v 0.03635800 -0.02638400 0.08398000
v -0.04499700 -0.00010900 0.09887000
v -0.04313900 -0.01334100 0.09690000
v -0.04325700 -0.01255900 0.09582000
v -0.04313900 -0.01467900 0.09940000
v -0.04415100 -0.00892200 0.09867000
v -0.04325700 -0.01238200 0.09433000
v -0.00896400 -0.04420300 0.07028000
v 0.03844700 -0.02326300 0.08629000
v 0.03853100 -0.02395200 0.08934000
v 0.04043700 -0.02118300 0.09328000
v -0.04209800 -0.01688300 0.09559000
v -0.04189400 -0.01739000 0.09514000
v -0.04048400 -0.02246800 0.09481000
v 0.04047200 -0.02362900 0.09556000
v -0.04499500 -0.00054100 0.09859000
v 0.00296000 -0.04501900 0.06500000
v -0.04189300 -0.01960000 0.09781000
v -0.03874300 -0.02796000 0.09311000
v -0.04496700 -0.00173800 0.09782000
v 0.01148900 -0.04443500 0.07221000
v 0.03110100 -0.03246800 0.07327000
v 0.03110100 -0.03248800 0.07255000
v 0.01501200 -0.04256200 0.06649000
v -0.04491400 -0.00282000 0.09712000
v -0.04016000 -0.02305100 0.09420000
v -0.04189300 -0.01878200 0.09705000
v 0.04324600 -0.02053300 0.10356000
v -0.04048500 -0.02173100 0.09413000
v 0.00254200 -0.04523700 0.07017000
v -0.04314000 -0.01295500 0.09551000
v 0.02814200 -0.03507100 0.07234000
v -0.04016000 -0.02426800 0.09501000
v -0.04325800 -0.01234600 0.09098000
v 0.04332900 -0.02028000 0.10384000
v 0.04324600 -0.01969800 0.10338000
v -0.04415100 -0.00872700 0.09703000
v -0.04016100 -0.02233100 0.09354000
v -0.03874400 -0.02637700 0.09247000
v -0.04189400 -0.01686800 0.09397000
v -0.04189400 -0.01652000 0.09271000
v -0.04209800 -0.01635200 0.09440000
v 0.01494100 -0.04393800 0.07351000
v -0.04048500 -0.02109100 0.09337000
v 0.04332900 -0.01946800 0.10366000
v -0.03874400 -0.02744600 0.09295000
v 0.04187700 -0.01963700 0.09777000
v -0.04209800 -0.01599900 0.09312000
v 0.04187700 -0.01882000 0.09702000
v -0.04314000 -0.01278000 0.09404000
v -0.04314000 -0.01274400 0.09072000
v 0.04187700 -0.01936300 0.09754000
v -0.04209800 -0.01583800 0.09178000
v -0.04189400 -0.01807100 0.09621000
v 0.02500800 -0.03748000 0.06868000
v -0.04491500 -0.00281500 0.08375000
v -0.03874400 -0.02536500 0.09178000
v -0.01253600 -0.04327800 0.06936000
v -0.04048500 -0.02047700 0.09241000
v -0.02865300 -0.03495900 0.06257000
v -0.04476000 -0.00469400 0.08309000
v -0.03658600 -0.03045900 0.08980000
v -0.03829600 -0.02826800 0.09230000
v 0.01840100 -0.04278100 0.07493000
v -0.04496900 -0.00172800 0.08311000
v 0.02507500 -0.03741100 0.06940000
v -0.03829700 -0.02602900 0.09109000
v 0.00423700 -0.04505200 0.07016000
v -0.01221800 -0.04337100 0.06932000
v -0.03829600 -0.02805000 0.09222000
v -0.01221900 -0.04341200 0.06773000
v -0.04209900 -0.01580500 0.08875000
v -0.03658700 -0.03014800 0.08970000
v -0.03874400 -0.02471100 0.09118000
v -0.03874400 -0.02414200 0.09051000
v -0.04048500 -0.02000700 0.09135000
v -0.03829700 -0.02701200 0.09176000
v -0.04493100 -0.00254300 0.08385000
v -0.04016100 -0.02064600 0.09082000
v -0.04016100 -0.02033900 0.08972000
v 0.04187700 -0.01811000 0.09618000
v -0.03829700 -0.02539300 0.09050000
v 0.04040200 -0.02017300 0.09122000
v 0.01487300 -0.04375500 0.07341000
v -0.04016100 -0.02110600 0.09185000
v -0.04016100 -0.02170600 0.09280000
v -0.04189400 -0.01636200 0.09139000
v -0.04048600 -0.01954900 0.08904000
v -0.03591400 -0.03089700 0.08880000
v 0.03858800 -0.02303200 0.08646000
v -0.00580000 -0.04475500 0.06992000
v -0.03658700 -0.02921700 0.08928000
v 0.00768000 -0.04482500 0.07098000
v -0.04048500 -0.01969300 0.09023000
v 0.04324600 -0.01897600 0.10315000
v 0.04213800 -0.02168600 0.09989000
v 0.04332900 -0.01874000 0.10344000
v -0.04419000 -0.00853100 0.08174000
v -0.03829700 -0.02484100 0.08985000
v -0.03829700 -0.02431100 0.08902000
v -0.03658700 -0.02833600 0.08868000
v 0.04213800 -0.02032300 0.09927000
v -0.03874500 -0.02359700 0.08965000
v 0.04213900 -0.01747200 0.09677000
v -0.03591400 -0.02916000 0.08782000
v -0.03406200 -0.03277900 0.08653000
v -0.03591400 -0.03108500 0.08886000
v 0.04333000 -0.01729100 0.10279000
v 0.04324700 -0.01760400 0.10255000
v 0.02583500 -0.03694100 0.06676000
v 0.03101400 -0.03271700 0.06741000
v -0.03874500 -0.02317800 0.08871000
v 0.00434300 -0.04490800 0.06603000
v -0.03406200 -0.03295100 0.08659000
v -0.03658700 -0.02776600 0.08815000
v -0.03658700 -0.02727000 0.08757000
v 0.04187800 -0.01743000 0.09510000
v 0.04043200 -0.02058900 0.09231000
v 0.04040300 -0.01971800 0.08891000
v -0.04499000 -0.00106500 0.06653000
v -0.04499800 -0.00052600 0.06652000
v -0.03591400 -0.03008300 0.08844000
v 0.04419300 -0.01790300 0.10752000
v -0.04016200 -0.02019800 0.08856000
v -0.03874500 -0.02289800 0.08771000
v -0.03829800 -0.02390400 0.08811000
v -0.03658700 -0.02679400 0.08682000
v -0.03378300 -0.03231900 0.08587000
v -0.00473400 -0.04485100 0.06877000
v 0.02814300 -0.03515000 0.06979000
v -0.04473200 -0.00495700 0.08300000
v -0.03591500 -0.02768100 0.08604000
v -0.04415400 -0.00875600 0.07423000
v -0.03348000 -0.03182700 0.08503000
v -0.03406200 -0.03122800 0.08566000
v -0.03347900 -0.03332300 0.08588000
v 0.03105700 -0.03260000 0.07020000
v -0.03406300 -0.03074000 0.08521000
v 0.04213800 -0.01903200 0.09840000
v 0.04324700 -0.01605000 0.10152000
v -0.00473400 -0.04488800 0.06983000
v -0.00271100 -0.04507200 0.06971000
v -0.04419100 -0.00856700 0.07426000
v 0.01491100 -0.04325500 0.07312000
v -0.03829800 -0.02363200 0.08714000
v -0.03829800 -0.02350600 0.08611000
v -0.03874500 -0.02276800 0.08665000
v -0.03591400 -0.02813700 0.08675000
v -0.03591400 -0.02861300 0.08732000
v -0.03051000 -0.03580900 0.08289000
v -0.03141900 -0.03509600 0.08375000
v 0.00288600 -0.04502500 0.06432000
v -0.04497100 -0.00174100 0.06655000
v -0.04493400 -0.00257100 0.06200000
v -0.02546400 -0.03738000 0.06240000
v 0.02811100 -0.03520100 0.06899000
v -0.04491800 -0.00284500 0.06230000
v -0.04491700 -0.00283300 0.07125000
v -0.04493300 -0.00257100 0.06227000
v -0.03658800 -0.02642800 0.08601000
v -0.03591500 -0.02732900 0.08525000
v -0.03591500 -0.02709200 0.08442000
v 0.01846700 -0.04254100 0.07489000
v 0.01139800 -0.04414200 0.07194000
v 0.04419900 -0.01655500 0.10728000
v -0.03141900 -0.03441800 0.08344000
v -0.04314200 -0.01279900 0.08024000
v 0.04213800 -0.01819700 0.09763000
v -0.03591500 -0.02698100 0.08354000
v -0.03658800 -0.02618200 0.08513000
v -0.03376300 -0.03066000 0.08438000
v 0.04473800 -0.01283600 0.11055000
v -0.04325900 -0.01239900 0.08038000
v -0.01552200 -0.04227700 0.06972000
v -0.01253700 -0.04332500 0.06756000
v -0.04476200 -0.00472700 0.06965000
v -0.04473300 -0.00498900 0.07074000
v -0.04476200 -0.00474400 0.06251000
v -0.04473400 -0.00501000 0.06254000
v 0.04213900 -0.01624500 0.09449000
v 0.04187800 -0.01690900 0.09393000
v 0.04047300 -0.02003200 0.09133000
v 0.04187800 -0.01656100 0.09268000
v 0.04043500 -0.01980200 0.09014000
v -0.03141900 -0.03377500 0.08300000
v -0.03379300 -0.03023000 0.08379000
v -0.03829800 -0.02347500 0.08379000
v -0.03658800 -0.02606700 0.08421000
v 0.01848000 -0.04217600 0.07471000
v -0.03348000 -0.03135500 0.08460000
v -0.04419200 -0.00860100 0.06731000
v 0.01492600 -0.04346700 0.07328000
v -0.02547800 -0.03925600 0.07891000
v 0.01492900 -0.04264600 0.06468000
v 0.00768900 -0.04465100 0.07071000
v -0.03376400 -0.02995300 0.08307000
v -0.04326100 -0.01246700 0.07145000
v -0.03406300 -0.02927500 0.08183000
v 0.02188000 -0.04067800 0.07644000
v -0.03145400 -0.03304700 0.08233000
v -0.03050900 -0.03523300 0.08263000
v 0.00769100 -0.04454800 0.07046000
v -0.02866000 -0.03661100 0.08103000
v -0.04189600 -0.01640200 0.07897000
v 0.04333000 -0.01405900 0.09998000
v 0.04324700 -0.01513000 0.10067000
v -0.03379300 -0.02970900 0.08236000
v -0.04314300 -0.01285200 0.07355000
v -0.01880900 -0.04104100 0.06597000
v 0.04420000 -0.01419500 0.10635000
v -0.03141900 -0.03264600 0.08164000
v -0.04473500 -0.00501200 0.06200000
v -0.02729600 -0.03805500 0.08019000
v -0.02384100 -0.03846200 0.06200000
v -0.04419200 -0.00862500 0.06244000
v -0.00580100 -0.04475600 0.06518000
v 0.01145100 -0.04383800 0.07155000
v -0.02865500 -0.03599100 0.08060000
v 0.04047300 -0.01957400 0.08902000
v 0.04047400 -0.01954300 0.08633000
v 0.01144700 -0.04368600 0.07118000
v -0.03053000 -0.03438400 0.08208000
v -0.03142000 -0.03237500 0.08105000
v -0.03142000 -0.03219000 0.08041000
v -0.04415500 -0.00878800 0.06794000
v -0.04326100 -0.01250300 0.06675000
v 0.04473700 -0.01547000 0.11115000
v -0.02729500 -0.03752400 0.07995000
v 0.04420200 -0.01736600 0.10748000
v -0.04314300 -0.01287900 0.07016000
v -0.02869600 -0.03540700 0.08006000
v -0.02547100 -0.03870600 0.07866000
v -0.02383500 -0.04014600 0.07783000
v 0.04324700 -0.01433200 0.09973000
v -0.03348100 -0.02990500 0.07962000
v -0.03406400 -0.02924200 0.08005000
v -0.03051000 -0.03382200 0.08141000
v -0.02866100 -0.03507600 0.07949000
v -0.03348100 -0.02993900 0.08134000
v -0.03051100 -0.03323300 0.08033000
v 0.04187800 -0.01640300 0.09136000
v -0.01552300 -0.04240000 0.06580000
v 0.00022800 -0.04511300 0.06867000
v -0.00019100 -0.04510900 0.06804000
v 0.00004800 -0.04516200 0.06965000
v 0.02016400 -0.04036900 0.06529000
v -0.02866100 -0.03484400 0.07899000
v -0.03051100 -0.03349000 0.08089000
v 0.03632000 -0.02651000 0.07539000
v -0.03051100 -0.03296700 0.07910000
v -0.03874700 -0.02283400 0.07670000
v -0.04326200 -0.01253500 0.06250000
v 0.02191600 -0.04116200 0.07670000
v 0.04473800 -0.01371000 0.11082000
v -0.04016300 -0.02025500 0.07761000
v -0.04415600 -0.00881700 0.06200000
v -0.03051100 -0.03305600 0.07973000
v -0.02866100 -0.03468300 0.07845000
v -0.02383600 -0.03964300 0.07758000
v -0.02547400 -0.03823700 0.07833000
v -0.04314400 -0.01294400 0.06200000
v -0.03142000 -0.03206100 0.07822000
v -0.02732800 -0.03685900 0.07952000
v 0.04333000 -0.01579100 0.10179000
v -0.04189700 -0.01646800 0.07294000
v 0.04420000 -0.01250700 0.10522000
v 0.04420000 -0.01216400 0.10493000
v -0.04048800 -0.01969600 0.07116000
v -0.02729600 -0.03592800 0.07808000
v -0.02211100 -0.04108600 0.07681000
v 0.00260700 -0.04507700 0.06972000
v -0.04210200 -0.01599900 0.06733000
v 0.04213900 -0.01677800 0.09568000
v -0.02211500 -0.03947000 0.06255000
v -0.02210900 -0.04059000 0.07659000
v 0.00739400 -0.04454700 0.06392000
v -0.02726800 -0.03629900 0.07876000
v -0.02866100 -0.03460000 0.07788000
v -0.03142000 -0.03209800 0.07974000
v -0.03051100 -0.03292900 0.07766000
v -0.02016200 -0.04196100 0.07576000
v 0.04333000 -0.01328800 0.09877000
v 0.04324700 -0.01356700 0.09852000
v -0.00263300 -0.04504700 0.06359000
v -0.02386400 -0.03878900 0.07688000
v -0.02383800 -0.03922300 0.07730000
v 0.04333000 -0.01486300 0.10094000
v -0.01879600 -0.04242500 0.07505000
v -0.04189800 -0.01650100 0.06989000
v -0.02729700 -0.03577800 0.07759000
v 0.04491400 -0.01384100 0.11322000
v -0.04016400 -0.02033200 0.07230000
v -0.02547800 -0.03744600 0.07739000
v -0.02551400 -0.03774200 0.07789000
v -0.01880600 -0.04261100 0.07512000
v -0.02729700 -0.03569900 0.07707000
v -0.02020000 -0.04051000 0.06200000
v -0.02547900 -0.03711300 0.07653000
v -0.01643000 -0.04205900 0.06573000
v -0.04210300 -0.01604900 0.06246000
v -0.00295900 -0.04500800 0.06871000
v 0.01492700 -0.04298800 0.07286000
v -0.02019600 -0.04148100 0.07556000
v 0.04213900 -0.01589100 0.09321000
v 0.04479500 -0.01391000 0.11152000
v -0.02211500 -0.04007600 0.07623000
v -0.02019200 -0.04111600 0.07529000
v -0.02547900 -0.03725100 0.07698000
v -0.01552000 -0.04389000 0.07376000
v 0.00424300 -0.04494400 0.06979000
v 0.04324800 -0.01298100 0.09720000
v 0.04333100 -0.01230400 0.09602000
v -0.02383700 -0.03851300 0.07644000
v 0.04498400 -0.01177200 0.11479000
v 0.00266700 -0.04504200 0.06367000
v -0.03830100 -0.02369800 0.06936000
v 0.02500600 -0.03953100 0.07859000
v -0.00222300 -0.04506200 0.06298000
v -0.03591700 -0.02705100 0.07520000
v -0.03830000 -0.02357200 0.07644000
v -0.03659000 -0.02613700 0.07553000
v 0.02507300 -0.03938800 0.07859000
v -0.02209600 -0.03960200 0.07564000
v -0.00075500 -0.04508700 0.06793000
v -0.01880600 -0.04208300 0.07489000
v -0.00896900 -0.04417800 0.06903000
v -0.00580100 -0.04472100 0.06882000
v -0.04048900 -0.01974900 0.06735000
v 0.02810800 -0.03760300 0.08086000
v 0.04497300 -0.01038400 0.11402000
v 0.04485500 -0.01242300 0.11204000
v 0.04324800 -0.01259100 0.09579000
v 0.04213900 -0.01573000 0.09186000
v 0.04214000 -0.01569600 0.08882000
v 0.04324800 -0.01241400 0.09431000
v -0.01236700 -0.04456500 0.07264000
v 0.04499200 -0.01059300 0.11517000
v -0.01546500 -0.04346600 0.07359000
v -0.04016500 -0.02039600 0.06780000
v -0.03874800 -0.02297400 0.06844000
v -0.01880400 -0.04167700 0.07460000
v -0.02729700 -0.03565400 0.07589000
v -0.02547900 -0.03699000 0.07501000
v 0.04333100 -0.01212600 0.09452000
v -0.02383000 -0.03827300 0.07590000
v -0.04189900 -0.01658700 0.06200000
v 0.04420000 -0.01060000 0.10323000
v 0.04496200 -0.01281800 0.11416000
v 0.03844900 -0.02334900 0.07540000
v -0.03659000 -0.02622400 0.07130000
v -0.01641600 -0.04310100 0.07393000
v 0.04473800 -0.01101900 0.10974000
v 0.04491400 -0.00931800 0.11179000
v 0.03632000 -0.02653000 0.07442000
v 0.01494200 -0.04274100 0.07251000
v 0.01495400 -0.04261200 0.07220000
v -0.00132500 -0.04509000 0.06773000
v 0.03393400 -0.02959600 0.07020000
v 0.01842300 -0.04185000 0.07443000
v 0.01841400 -0.04157500 0.07412000
v 0.01492500 -0.04256000 0.07195000
v 0.04479500 -0.01053900 0.11028000
v 0.03110200 -0.03259700 0.06869000
v -0.01641700 -0.04259900 0.07358000
v -0.00580200 -0.04478300 0.06234000
v -0.04049000 -0.01981500 0.06254000
v 0.04479600 -0.00879600 0.10910000
v -0.02383700 -0.03813600 0.07525000
v -0.02547900 -0.03703800 0.07607000
v -0.02383700 -0.03808500 0.07430000
v 0.00769800 -0.04446200 0.07011000
v 0.02957900 -0.03402600 0.06550000
v 0.04420100 -0.00975000 0.10190000
v 0.04419400 -0.00913200 0.10041000
v -0.02210500 -0.03929000 0.07498000
v 0.04473800 -0.00929800 0.10858000
v -0.01551600 -0.04304000 0.07333000
v -0.01881000 -0.04130700 0.07417000
v -0.02025400 -0.04064600 0.07486000
v -0.03591800 -0.02716100 0.07012000
v 0.00250400 -0.04503400 0.06870000
v 0.01845200 -0.04139200 0.07389000
v -0.03830200 -0.02378200 0.06462000
v 0.01144900 -0.04371500 0.06393000
v -0.01221800 -0.04494600 0.07269000
v 0.02307900 -0.03881000 0.06430000
v 0.02507700 -0.03759200 0.06396000
v 0.02507300 -0.03892900 0.07837000
v -0.02019300 -0.04034500 0.07417000
v 0.00434200 -0.04489200 0.06876000
v 0.02188300 -0.04028900 0.07617000
v -0.01880500 -0.04103100 0.07362000
v 0.01848600 -0.04132200 0.06200000
v 0.04420000 -0.01148600 0.10428000
v 0.04333100 -0.01269700 0.09744000
v -0.02211200 -0.03913000 0.07362000
v 0.04324900 -0.01237800 0.09096000
v 0.01844500 -0.04127900 0.06382000
v 0.02184500 -0.03964100 0.06200000
v 0.02188000 -0.04007200 0.07596000
v 0.02187500 -0.03986900 0.07572000
v 0.02506000 -0.03846900 0.07804000
v 0.00795100 -0.04437900 0.06895000
v 0.04473900 -0.00818500 0.10755000
v 0.04498900 -0.00708300 0.11332000
v -0.00575600 -0.04623900 0.07137000
v -0.01551900 -0.04268500 0.07296000
v 0.01501300 -0.04268500 0.06245000
v 0.00739500 -0.04457400 0.06200000
v -0.01880700 -0.04092500 0.07317000
v 0.00795200 -0.04445600 0.06394000
v -0.00168600 -0.04508300 0.06249000
v -0.03830200 -0.02382900 0.06200000
v 0.04420700 -0.00906800 0.10046000
v 0.04419500 -0.00850500 0.09720000
v 0.00167800 -0.04507800 0.06751000
v 0.04491500 -0.00743100 0.11053000
v -0.01238600 -0.04411100 0.07239000
v 0.02507700 -0.03765800 0.06200000
v -0.03874900 -0.02307500 0.06249000
v 0.01845000 -0.04125900 0.07363000
v 0.01844800 -0.04116000 0.07335000
v 0.04479600 -0.00718000 0.10748000
v 0.04473900 -0.00722000 0.10641000
v 0.03858900 -0.02309800 0.07660000
v 0.02810800 -0.03727200 0.08071000
v -0.02211200 -0.03918600 0.07447000
v 0.02504300 -0.03798100 0.07750000
v 0.01484600 -0.04274800 0.06228000
v 0.02186600 -0.03951400 0.07508000
v -0.01642800 -0.04218900 0.07302000
v -0.01642800 -0.04203600 0.07265000
v -0.03142100 -0.03215800 0.07338000
v -0.03348200 -0.03000600 0.07415000
v 0.04496300 -0.00839300 0.11269000
v 0.03636100 -0.02654200 0.07125000
v 0.02810400 -0.03696600 0.08056000
v -0.00255700 -0.04658900 0.07107000
v -0.00899300 -0.04524300 0.07177000
v -0.03142200 -0.03224400 0.07028000
v -0.01882300 -0.04115400 0.06245000
v 0.03845000 -0.02344700 0.06987000
v -0.03659100 -0.02630500 0.06738000
v 0.03110300 -0.03269900 0.06505000
v 0.01146300 -0.04375000 0.06233000
v 0.00229700 -0.04505800 0.06307000
v 0.03393300 -0.02967800 0.06694000
v -0.03406600 -0.02951300 0.06740000
v 0.02814500 -0.03539300 0.06200000
v 0.02187100 -0.03967200 0.07541000
v 0.04473900 -0.00629400 0.10495000
v 0.04473900 -0.00558600 0.10336000
v 0.04479600 -0.00503600 0.10381000
v 0.02186900 -0.03939600 0.07473000
v 0.01145300 -0.04359300 0.07069000
v 0.03101500 -0.03283800 0.06309000
v -0.00473500 -0.04489700 0.06200000
v 0.04499000 -0.00657600 0.11503000
v 0.04499000 -0.00657600 0.11503000
v 0.04499000 -0.00657600 0.11503000
v 0.04479600 -0.00575400 0.10543000
v 0.04491500 -0.00525300 0.10825000
v 0.04491500 -0.00428300 0.10673000
v -0.02866300 -0.03464500 0.07249000
v -0.00473500 -0.04487600 0.06498000
v -0.02019700 -0.04017500 0.07293000
v -0.02019700 -0.04023500 0.07369000
v 0.03632100 -0.02668500 0.06703000
v -0.03051300 -0.03313400 0.06919000
v -0.03591900 -0.02728900 0.06418000
v -0.01222000 -0.04348300 0.06498000
v 0.04420100 -0.00866700 0.09886000
v 0.04496300 -0.00484300 0.10973000
v 0.04419500 -0.00846400 0.09349000
v 0.03110300 -0.03277000 0.06250000
v 0.04420800 -0.00839900 0.09353000
v -0.00136500 -0.04600500 0.07084000
v -0.00901300 -0.04462900 0.07132000
v 0.00397700 -0.04496100 0.06200000
v 0.04474000 -0.00511500 0.10165000
v 0.01501300 -0.04269900 0.06200000
v 0.01144500 -0.04376200 0.06200000
v -0.00113900 -0.04509900 0.06218000
v -0.00053700 -0.04510800 0.06200000
v 0.04491500 -0.00354000 0.10506000
v 0.03636100 -0.02661500 0.06773000
v -0.00901000 -0.04497200 0.07161000
v 0.02505300 -0.03822300 0.07780000
v 0.02814000 -0.03637900 0.08020000
v -0.00208400 -0.04506000 0.06718000
v 0.03859100 -0.02323600 0.06858000
v 0.00434300 -0.04492100 0.06380000
v -0.01253700 -0.04338600 0.06526000
v 0.04499200 -0.00522600 0.11369000
v 0.00739300 -0.04447800 0.06891000
v 0.04047500 -0.01962900 0.07783000
v 0.04047500 -0.01964700 0.07655000
v -0.00433600 -0.04604700 0.07112000
v -0.00258100 -0.04504400 0.06650000
v 0.04498900 -0.00339700 0.10999000
v 0.04479700 -0.00455900 0.10209000
v -0.01238800 -0.04371800 0.07200000
v 0.03859000 -0.02311700 0.07548000
v 0.02506200 -0.03753800 0.07674000
v 0.04040500 -0.01984800 0.07238000
v 0.00120300 -0.04509700 0.06221000
v 0.01844800 -0.04109600 0.07305000
v 0.03102300 -0.03481600 0.08309000
v 0.03632200 -0.02674300 0.06427000
v 0.03101000 -0.03476000 0.08305000
v -0.03591900 -0.02733600 0.06200000
v 0.00795200 -0.04448500 0.06206000
v 0.04496400 -0.00295600 0.10671000
v 0.04491600 -0.00304700 0.10327000
v 0.03859000 -0.02318700 0.07139000
v 0.04494500 -0.00189800 0.11378000
v 0.01489900 -0.04249600 0.07141000
v -0.02729800 -0.03573600 0.07210000
v 0.04479700 -0.00434400 0.10027000
v 0.04491600 -0.00282400 0.10139000
v -0.01643200 -0.04217900 0.06200000
v 0.02504800 -0.03741200 0.07630000
v 0.03393300 -0.02980000 0.06200000
v -0.01880700 -0.04086200 0.07248000
v 0.03845000 -0.02349700 0.06697000
v 0.04420700 -0.00843900 0.09725000
v -0.01552500 -0.04242100 0.07246000
v 0.04498100 -0.00122300 0.11071000
v 0.04499500 -0.00268000 0.11067000
v 0.04499100 -0.00028900 0.10776000
v 0.03105900 -0.03402400 0.08261000
v 0.04498900 -0.00199900 0.10753000
v 0.04474000 -0.00490200 0.09986000
v 0.04479700 -0.00429800 0.09617000
v -0.01235800 -0.04351300 0.07161000
v 0.04325000 -0.01243100 0.08037000
v 0.04333200 -0.01208900 0.09115000
v -0.03659200 -0.02640400 0.06256000
v 0.00221500 -0.04505500 0.06702000
v 0.02503700 -0.03774500 0.07713000
v 0.00434300 -0.04493100 0.06206000
v 0.02812700 -0.03527900 0.07862000
v 0.04498600 -0.00113100 0.10264000
v 0.03393300 -0.03306700 0.08644000
v 0.03632200 -0.02679000 0.06200000
v 0.02810300 -0.03611000 0.07989000
v 0.04214100 -0.01576600 0.07920000
v 0.04325000 -0.01244300 0.07878000
v -0.01642900 -0.04190600 0.07180000
v 0.04333300 -0.01214000 0.08047000
v 0.01145200 -0.04358500 0.06924000
v 0.01145400 -0.04363700 0.06709000
v 0.03109800 -0.03542600 0.08347000
v 0.03392700 -0.03290600 0.08638000
v 0.04188100 -0.01650900 0.07294000
v 0.04040600 -0.01987900 0.07020000
v 0.04496400 -0.00184500 0.10211000
v 0.04491600 -0.00277600 0.09715000
v 0.03636200 -0.02667400 0.06495000
v 0.03845100 -0.02356100 0.06331000
v 0.04214200 -0.01583000 0.07305000
v -0.01589700 -0.04220400 0.07222000
v 0.00176900 -0.04624600 0.07094000
v -0.00578300 -0.04513400 0.07077000
v 0.04040600 -0.01992500 0.06690000
v 0.04047700 -0.01978000 0.06689000
v 0.02188000 -0.03926500 0.07354000
v 0.02187600 -0.03932400 0.07437000
v 0.02504900 -0.03733700 0.07585000
v 0.03845100 -0.02358400 0.06200000
v -0.03348300 -0.03015000 0.06841000
v 0.04419700 -0.00849500 0.08176000
v 0.04420900 -0.00842900 0.08178000
v -0.01236200 -0.04341500 0.07131000
v 0.04419700 -0.00850300 0.07999000
v 0.03859200 -0.02330500 0.06457000
v 0.04047600 -0.01974200 0.06965000
v 0.04047800 -0.01984800 0.06200000
v 0.03393800 -0.03212500 0.08605000
v 0.04333400 -0.01219100 0.07366000
v 0.04188200 -0.01657000 0.06734000
v -0.00585600 -0.04560400 0.07118000
v 0.04040700 -0.01996800 0.06376000
v 0.02812600 -0.03512400 0.07810000
v 0.03859200 -0.02334000 0.06254000
v 0.04214300 -0.01586200 0.06994000
v 0.02812600 -0.03504200 0.07755000
v 0.04474000 -0.00485700 0.09581000
v 0.04474200 -0.00486500 0.08303000
v 0.04047700 -0.01981800 0.06418000
v 0.02813400 -0.03550000 0.07912000
v 0.02810600 -0.03581000 0.07954000
v 0.04325100 -0.01249100 0.07254000
v 0.04333400 -0.01222300 0.06941000
v -0.03142300 -0.03236700 0.06582000
v 0.04188300 -0.01662200 0.06255000
v -0.00280900 -0.04502500 0.06595000
v 0.04496500 -0.00179600 0.09778000
v 0.04325200 -0.01253100 0.06732000
v 0.04479900 -0.00430200 0.08323000
v 0.04491800 -0.00277100 0.08377000
v 0.04214400 -0.01594400 0.06200000
v 0.03104900 -0.03369600 0.08228000
v 0.04498600 -0.00108100 0.09825000
v 0.04499600 -0.00011000 0.10340000
v 0.03392700 -0.03131500 0.08547000
v 0.04419800 -0.00854400 0.07152000
v 0.03106500 -0.03298400 0.08134000
v 0.04421000 -0.00843700 0.08001000
v 0.01484400 -0.04252500 0.06963000
v 0.04499600 -0.00052700 0.08456000
v 0.03631700 -0.03045300 0.08933000
v 0.04474300 -0.00489000 0.07338000
v 0.00262300 -0.04503900 0.06641000
v 0.04325300 -0.01256800 0.06250000
v 0.04419900 -0.00856800 0.06668000
v 0.04421100 -0.00847500 0.07208000
v 0.04496600 -0.00178400 0.08412000
v 0.04480100 -0.00433500 0.06872000
v 0.04498900 -0.00106900 0.07551000
v 0.03105600 -0.03254600 0.08013000
v 0.04333500 -0.01227800 0.06200000
v 0.04421200 -0.00852400 0.06200000
v 0.04419900 -0.00858800 0.06244000
v 0.04421100 -0.00849500 0.06794000
v -0.01222000 -0.04352500 0.06336000
v 0.04474400 -0.00491800 0.06253000
v 0.04499800 -0.00053000 0.07107000
v 0.04492000 -0.00280000 0.06230000
v 0.03392300 -0.03089000 0.08506000
v 0.04480200 -0.00435000 0.06200000
v 0.04496900 -0.00180300 0.06219000
v 0.04499000 -0.00107500 0.06211000
v -0.04189500 -0.01632900 0.08841000
v -0.03746600 -0.02480200 0.07947000
v 0.02018000 -0.04018400 0.07171000
v -0.00398000 -0.04565200 0.07086000
v 0.02348200 -0.03831900 0.07265000
v 0.02504700 -0.03728900 0.07482000
v 0.02811100 -0.03509700 0.07233000
v 0.03110000 -0.03237300 0.07802000
v 0.02960400 -0.03377700 0.07496000
v 0.02661600 -0.03619100 0.07374000
v -0.00897000 -0.04427100 0.06392000
v 0.03101300 -0.03255300 0.07324000
v 0.02812700 -0.03499900 0.07631000
v 0.03254900 -0.03094700 0.07638000
v 0.03393300 -0.02949500 0.07433000
v 0.00795100 -0.04441000 0.06695000
v 0.00425700 -0.04616000 0.07114000
v 0.03515900 -0.02795600 0.07789000
v 0.03393600 -0.02951300 0.07349000
v 0.03255000 -0.03106900 0.07174000
v 0.03631800 -0.02640800 0.08189000
v 0.03844900 -0.02333000 0.07652000
v 0.03844700 -0.02323300 0.08395000
v 0.03635800 -0.02635300 0.08193000
v -0.01237500 -0.04333500 0.07085000
v 0.03636000 -0.02645500 0.07541000
v 0.03858800 -0.02300100 0.08410000
v 0.03743600 -0.02484700 0.07945000
v 0.03953100 -0.02139200 0.08118000
v -0.04415100 -0.00868700 0.09334000
v -0.04475800 -0.00468600 0.09592000
v -0.04418800 -0.00850000 0.09346000
v -0.04432900 -0.00776400 0.08500000
v -0.04415300 -0.00871900 0.08168000
v -0.04374500 -0.01053300 0.08660000
v -0.04432800 -0.00774200 0.09097000
v -0.00894200 -0.04431100 0.07075000
v -0.04281900 -0.01377300 0.08667000
v -0.04226300 -0.01536800 0.08661000
v 0.03105600 -0.03245500 0.07948000
v -0.04226400 -0.01541200 0.08174000
v -0.04264900 -0.01429900 0.08472000
v -0.04281900 -0.01380200 0.08327000
v -0.04210000 -0.01587500 0.07916000
v -0.04048600 -0.01951800 0.08635000
v -0.03874600 -0.02273800 0.08427000
v -0.04016200 -0.02016700 0.08593000
v -0.03888300 -0.02251000 0.08251000
v -0.03949400 -0.02145900 0.08114000
v -0.04122300 -0.01796100 0.08289000
v -0.04048700 -0.01960400 0.07784000
v -0.03972200 -0.02106100 0.08001000
v -0.03888400 -0.02256900 0.07869000
v -0.03658800 -0.02603600 0.08213000
v -0.03591500 -0.02694900 0.08154000
v -0.03425200 -0.02902600 0.07877000
v -0.03510600 -0.02802200 0.07785000
v -0.03538000 -0.02770100 0.07700000
v -0.03425300 -0.02909000 0.07590000
v 0.03104300 -0.03334700 0.08186000
v -0.03246900 -0.03103000 0.07634000
v 0.03106000 -0.03272400 0.08076000
v -0.03406700 -0.02963000 0.06258000
v -0.03406500 -0.02934400 0.07438000
v 0.03394600 -0.03044400 0.08459000
v -0.03061700 -0.03289300 0.07426000
v 0.01501100 -0.04246500 0.06965000
v 0.01844300 -0.04103400 0.07237000
v 0.01763000 -0.04140900 0.07056000
v 0.01848400 -0.04104600 0.07017000
v 0.04040300 -0.01968700 0.08624000
v 0.04187900 -0.01637000 0.08838000
v 0.04078300 -0.01890200 0.08458000
v 0.04040400 -0.01977300 0.07778000
v 0.04078400 -0.01895500 0.08023000
v 0.04188000 -0.01644300 0.07896000
v 0.04495800 -0.00135500 0.11251000
v -0.02019800 -0.04021800 0.07048000
v -0.00296800 -0.04501800 0.06516000
v -0.02866200 -0.03455800 0.07660000
v -0.03061600 -0.03283200 0.07658000
v -0.02726800 -0.03567800 0.07470000
v -0.01552400 -0.04250900 0.06230000
v -0.02211300 -0.03918400 0.07085000
v -0.02383800 -0.03814800 0.07123000
v -0.03820900 -0.03830600 0.09223000
v -0.03587000 -0.03967400 0.08883000
v -0.03957400 -0.02044600 0.13707000
v -0.03786600 -0.03860300 0.09213000
v -0.03877600 -0.01956000 0.13883000
v -0.03813300 -0.03849700 0.09218000
v -0.03533700 -0.01780400 0.14361000
v -0.03974400 -0.03736100 0.09501000
v -0.03675400 -0.01842800 0.14193000
v -0.04012000 -0.03694200 0.09562000
v -0.03548100 -0.01767400 0.14369000
v -0.03953600 -0.03745100 0.09451000
v -0.04063300 -0.03655300 0.09721000
v -0.03384400 -0.01695500 0.14560000
v -0.04081200 -0.03645500 0.09705000
v -0.04174600 -0.03560900 0.09939000
v -0.03411500 -0.01694100 0.14535000
v -0.03177100 -0.01600300 0.14789000
v 0.00006200 -0.04704500 0.07114000
v -0.04290700 -0.03430500 0.10259000
v -0.00320400 -0.04695500 0.07114000
v -0.00227600 -0.04701500 0.07128000
v -0.04264100 -0.03448100 0.10234000
v -0.03029300 -0.01542900 0.14928000
v -0.03126700 -0.01572700 0.14836000
v -0.03099500 -0.01587100 0.14840000
v -0.04310400 -0.03394300 0.10307000
v -0.00566800 -0.04677100 0.07136000
v -0.00367700 -0.04678400 0.07115000
v -0.00558600 -0.04689400 0.07152000
v -0.04364600 -0.03323100 0.10504000
v -0.04344300 -0.03335100 0.10513000
v -0.02802800 -0.01470900 0.15118000
v -0.02818200 -0.01463400 0.15108000
v -0.00875500 -0.04669200 0.07208000
v -0.00780300 -0.04673900 0.07175000
v -0.04412300 -0.03236600 0.10739000
v -0.00787600 -0.04664700 0.07169000
v -0.04408100 -0.03238300 0.10695000
v -0.04400900 -0.03231700 0.10769000
v -0.02499900 -0.01391900 0.15322000
v -0.02605700 -0.01405000 0.15269000
v -0.01105600 -0.04646700 0.07248000
v -0.02440800 -0.01364200 0.15379000
v -0.04486400 -0.02998100 0.11334000
v -0.04460700 -0.03107900 0.11063000
v -0.01462800 -0.04586200 0.07344000
v -0.01318200 -0.04624100 0.07317000
v -0.01947000 -0.01262800 0.15642000
v -0.01360100 -0.04607100 0.07311000
v -0.02117200 -0.01289000 0.15568000
v -0.01632000 -0.04567900 0.07407000
v -0.01585500 -0.04585500 0.07398000
v -0.04464500 -0.02981400 0.11389000
v -0.02164300 -0.01287500 0.15545000
v -0.01810500 -0.04531500 0.07480000
v -0.04484100 -0.02755400 0.11932000
v -0.01821200 -0.01223900 0.15720000
v -0.01875500 -0.04536900 0.07518000
v -0.04470400 -0.02774400 0.11901000
v -0.02151500 -0.04477600 0.07652000
v -0.04499700 -0.02871100 0.11629000
v -0.04483000 -0.02717300 0.11991000
v -0.01854500 -0.04530200 0.07499000
v -0.04460900 -0.02642700 0.12188000
v -0.01390300 -0.01162000 0.15879000
v -0.02398000 -0.04422800 0.07803000
v -0.04431500 -0.02559800 0.12382000
v -0.01419000 -0.01156800 0.15870000
v -0.02614900 -0.04362700 0.07970000
v -0.02424700 -0.04406400 0.07808000
v -0.01025900 -0.01112100 0.15981000
v -0.04335900 -0.02437700 0.12734000
v -0.01207900 -0.01150000 0.15922000
v -0.02636600 -0.04357700 0.07966000
v -0.00985200 -0.01114900 0.15993000
v -0.04419600 -0.02554600 0.12429000
v -0.02630800 -0.04348900 0.07949000
v -0.04341600 -0.02398500 0.12783000
v -0.00633800 -0.01082500 0.16055000
v -0.04350000 -0.02417700 0.12753000
v -0.02826800 -0.04291500 0.08098000
v -0.04280500 -0.02322000 0.12989000
v -0.03059200 -0.04201900 0.08300000
v -0.00551000 -0.01087300 0.16065000
v -0.03066000 -0.04207400 0.08307000
v -0.04199300 -0.02234500 0.13218000
v -0.03057000 -0.04218300 0.08322000
v -0.04262600 -0.02336000 0.12986000
v -0.00317300 -0.01068900 0.16089000
v -0.00261300 -0.01075400 0.16092000
v -0.03297100 -0.04121200 0.08546000
v -0.03303700 -0.04110600 0.08543000
v -0.04078900 -0.02125300 0.13495000
v -0.03593300 -0.03971400 0.08887000
v -0.03972300 -0.02029800 0.13715000
v -0.03460900 -0.04047300 0.08738000
v -0.03448500 -0.04048400 0.08748000
v -0.03844900 -0.01944700 0.13938000
v -0.03617200 -0.03965200 0.08933000
v 0.03624900 -0.01829400 0.14240000
v 0.03857200 -0.03819800 0.09294000
v 0.03932900 -0.02026300 0.13753000
v 0.03686900 -0.03926000 0.09031000
v 0.03694900 -0.03915100 0.09031000
v 0.04012000 -0.02054700 0.13638000
v 0.03949400 -0.02011600 0.13756000
v 0.04075800 -0.02128600 0.13493000
v 0.03824000 -0.01935600 0.13966000
v 0.03551900 -0.03993100 0.08838000
v 0.03665300 -0.03924500 0.08989000
v 0.04080500 -0.02116100 0.13496000
v 0.03411500 -0.04054800 0.08665000
v 0.04173100 -0.02197200 0.13284000
v 0.03368500 -0.04086300 0.08654000
v 0.04176100 -0.02215400 0.13270000
v 0.03395700 -0.04076500 0.08653000
v 0.03126700 -0.04176200 0.08364000
v 0.03181700 -0.04161900 0.08417000
v 0.00055400 -0.01080100 0.16095000
v 0.03099300 -0.04197400 0.08379000
v 0.00325100 -0.01077200 0.16089000
v 0.03176600 -0.04171500 0.08421000
v 0.04216200 -0.02282500 0.13118000
v 0.04288900 -0.02344700 0.12951000
v 0.02820600 -0.04302600 0.08107000
v 0.00733800 -0.01088600 0.16040000
v 0.00367600 -0.01070500 0.16085000
v 0.04310400 -0.02354600 0.12893000
v 0.04362900 -0.02436500 0.12700000
v 0.04344300 -0.02450900 0.12702000
v 0.04412000 -0.02537700 0.12470000
v 0.02818200 -0.04285600 0.08092000
v 0.03023500 -0.04224700 0.08267000
v 0.00725100 -0.01090900 0.16044000
v 0.00809700 -0.01112800 0.16014000
v 0.04408100 -0.02510600 0.12505000
v 0.04400900 -0.02554300 0.12446000
v 0.04460000 -0.02670400 0.12149000
v 0.02487400 -0.04382800 0.07850000
v 0.02612800 -0.04359100 0.07936000
v 0.01108200 -0.01120200 0.15961000
v 0.02436500 -0.04412100 0.07824000
v 0.02437200 -0.04402700 0.07816000
v 0.02173800 -0.04475700 0.07690000
v 0.01098500 -0.01130200 0.15961000
v 0.01397500 -0.01161900 0.15878000
v 0.02170300 -0.04476900 0.07667000
v 0.02164300 -0.04461400 0.07655000
v 0.01975800 -0.04518700 0.07570000
v 0.01462800 -0.01162700 0.15856000
v 0.01751400 -0.01228000 0.15728000
v 0.04485500 -0.02778000 0.11880000
v 0.01956200 -0.04510000 0.07548000
v 0.01757200 -0.04557000 0.07463000
v 0.01655500 -0.04576400 0.07440000
v 0.04470400 -0.03011600 0.11314000
v 0.01783500 -0.01218900 0.15734000
v 0.04492800 -0.02896300 0.11589000
v 0.02136700 -0.01294700 0.15556000
v 0.04487500 -0.03022900 0.11262000
v 0.01810500 -0.01217400 0.15720000
v 0.01437400 -0.04606000 0.07343000
v 0.04461300 -0.03114800 0.11015000
v 0.01211000 -0.04627200 0.07266000
v 0.02466000 -0.01360400 0.15364000
v 0.02614900 -0.01423300 0.15245000
v 0.04417000 -0.03224300 0.10773000
v 0.01209800 -0.04635900 0.07292000
v 0.04341600 -0.03350400 0.10417000
v 0.02443600 -0.01363700 0.15379000
v 0.02840700 -0.01493400 0.15072000
v 0.00998400 -0.04655800 0.07219000
v 0.00633700 -0.04666500 0.07145000
v 0.02771800 -0.01448600 0.15145000
v 0.00832800 -0.04673600 0.07199000
v 0.00678200 -0.04680600 0.07159000
v 0.00690900 -0.04670500 0.07153000
v 0.04353000 -0.03345200 0.10462000
v 0.04282900 -0.03437900 0.10219000
v 0.00444400 -0.04694500 0.07141000
v 0.00319800 -0.04688900 0.07109000
v 0.00196500 -0.04701900 0.07120000
v 0.03069400 -0.01566800 0.14884000
v 0.04205100 -0.03526400 0.09996000
v 0.04219000 -0.03504100 0.10035000
v 0.03059200 -0.01547000 0.14900000
v 0.04069100 -0.03647400 0.09678000
v 0.03957400 -0.03741400 0.09508000
v 0.04079500 -0.03651000 0.09707000
v 0.03343400 -0.01663000 0.14612000
v 0.03587000 -0.01781500 0.14317000
v 0.03591900 -0.01786000 0.14315000
v 0.03448500 -0.01737600 0.14467000
v 0.03877600 -0.03792900 0.09317000
v 0.03459800 -0.01732900 0.14470000
v 0.03975400 -0.03731000 0.09492000
v 0.03256800 0.05539600 0.08495000
v 0.03785600 0.05539600 0.09167000
v 0.02610300 0.05539600 0.07934000
v 0.04317700 0.05539600 0.10332000
v 0.04500000 0.05539600 0.11600000
v 0.04317700 0.05539600 0.12868000
v -0.01869400 0.05539600 0.07507000
v 0.03537200 0.05539600 0.14382000
v -0.02610300 0.05539600 0.07934000
v 0.03256800 0.05539600 0.14705000
v -0.02946900 0.05539600 0.08199000
v 0.02610300 0.05539600 0.15266000
v 0.02946900 0.05539600 0.15001000
v -0.03537200 0.05539600 0.08818000
v 0.02250000 0.05539100 0.15497000
v 0.02248400 0.05539100 0.15494000
v -0.04317700 0.05539600 0.10332000
v 0.00640400 0.05539600 0.16054000
v -0.04317700 0.05539600 0.12868000
v -0.04418700 0.05539600 0.12452000
v -0.01471800 0.05539100 0.15853000
v -0.04177700 0.05539600 0.13272000
v -0.04173100 -0.03551700 0.09916000
v -0.04048400 -0.02558200 0.09635000
v -0.03141900 -0.03519600 0.08378000
v -0.02866000 -0.03722900 0.08131000
v -0.00733800 -0.04660300 0.07160000
v 0.00087500 -0.04666100 0.07101000
v 0.01419000 -0.04592100 0.07330000
v 0.04499400 -0.00894800 0.11529000
v 0.04499400 -0.00894800 0.11529000
v 0.04497100 -0.00375100 0.11437000
v 0.04500000 -0.02874500 0.11600000
v 0.04483000 -0.03031600 0.11209000
v 0.04431500 -0.03189100 0.10818000
v 0.04496400 0.01252900 0.11421000
v 0.04325500 0.02029300 0.10359000
v 0.04177700 0.05539600 0.09928000
v 0.04048400 0.02536300 0.09635000
v 0.03635700 -0.03070300 0.08948000
v 0.03537200 0.05539600 0.08818000
v 0.03406200 0.03273200 0.08659000
v 0.02946900 0.05539600 0.08199000
v 0.02866000 0.03701000 0.08131000
v 0.01797100 -0.04533900 0.07474000
v 0.02250000 0.05539600 0.07703000
v 0.00787800 -0.04595000 0.07170000
v 0.01025700 -0.04637400 0.07219000
v 0.00317300 -0.04680000 0.07111000
v 0.00432800 -0.04644300 0.07121000
v 0.00905200 0.04550000 0.07192000
v 0.00640400 0.05539600 0.07146000
v 0.00001700 -0.04687800 0.07100000
v 0.00214100 0.05539600 0.07105000
v 0.00580000 0.04604400 0.07138000
v 0.00252200 0.04636800 0.07107000
v -0.00905200 -0.04571700 0.07192000
v -0.01107900 -0.04631800 0.07239000
v -0.01146000 0.04494000 0.07248000
v -0.02145300 -0.04465600 0.07644000
v -0.01484200 0.04390800 0.07352000
v -0.02466000 -0.04388500 0.07836000
v -0.02250000 0.05539600 0.07703000
v -0.02500600 0.03931200 0.07859000
v -0.02771800 -0.04300400 0.08055000
v -0.02810800 0.03738500 0.08086000
v -0.03343400 -0.04085900 0.08588000
v -0.03109800 0.03522800 0.08347000
v -0.03858600 0.02793800 0.09285000
v -0.03785600 0.05539600 0.09167000
v -0.04177700 0.05539600 0.09928000
v -0.04040100 0.02548600 0.09618000
v -0.04325500 -0.02051200 0.10359000
v -0.04475600 -0.01534900 0.11132000
v -0.04418700 0.05539600 0.10748000
v -0.04491100 -0.01387800 0.11317000
v -0.04490500 -0.02992100 0.11308000
v -0.04498400 -0.01175800 0.11480000
v -0.04496400 -0.00315000 0.11419000
v -0.04499300 -0.00974500 0.11523000
v -0.04499300 -0.00974500 0.11523000
v -0.04499300 -0.00974500 0.11523000
v -0.04500000 -0.02874500 0.11600000
v -0.04499000 0.00635700 0.11503000
v -0.04499000 0.00635700 0.11503000
v -0.04499000 0.00635700 0.11503000
v -0.04499200 0.01037500 0.11517000
v -0.04479600 0.05539600 0.11172000
v -0.04499400 0.00873000 0.11529000
v -0.04499400 0.00873000 0.11529000
v -0.00640400 0.05539600 0.07146000
v -0.04494500 0.00167900 0.11378000
v -0.04468000 -0.03090100 0.11064000
vn -0.19860000 -0.36650000 -0.90900000
vn -0.26980000 -0.09130000 -0.95860000
vn -0.24370000 -0.19870000 -0.94930000
vn -0.18760000 -0.16910000 -0.96760000
vn -0.10450000 -0.19780000 -0.97470000
vn -0.04420000 -0.24860000 -0.96760000
vn -0.07840000 -0.15170000 0.98530000
vn -0.08540000 -0.02350000 0.99610000
vn -0.08430000 -0.11390000 0.98990000
vn -0.20430000 -0.02330000 0.97860000
vn -0.15690000 -0.17070000 0.97270000
vn -0.23520000 -0.10380000 0.96640000
vn -0.26270000 -0.03040000 0.96440000
vn -0.28930000 -0.02440000 0.95690000
vn -0.32540000 -0.02970000 0.94510000
vn -0.31030000 -0.21160000 0.92680000
vn -0.30800000 -0.13200000 0.94220000
vn -0.44190000 -0.00660000 0.89700000
vn -0.37460000 -0.18840000 0.90780000
vn -0.45350000 -0.13310000 0.88130000
vn -0.47670000 -0.09250000 0.87420000
vn -0.51080000 -0.17090000 0.84260000
vn -0.55230000 -0.01700000 0.83350000
vn -0.58360000 -0.15800000 0.79650000
vn -0.61660000 -0.01940000 0.78710000
vn -0.62050000 -0.10500000 0.77710000
vn -0.68190000 -0.02650000 0.73100000
vn -0.64420000 -0.16540000 0.74680000
vn -0.68290000 -0.12020000 0.72050000
vn -0.74760000 -0.02400000 0.66370000
vn -0.71440000 -0.15210000 0.68310000
vn -0.74680000 -0.12540000 0.65310000
vn -0.82270000 -0.06950000 0.56420000
vn -0.80350000 -0.02610000 0.59480000
vn -0.85430000 -0.02650000 0.51910000
vn -0.80780000 -0.17630000 0.56250000
vn -0.86610000 -0.08290000 0.49290000
vn -0.83630000 -0.23000000 0.49770000
vn -0.89860000 -0.02560000 0.43810000
vn -0.91730000 -0.00930000 0.39800000
vn -0.93360000 -0.02680000 0.35730000
vn -0.90340000 -0.13600000 0.40660000
vn -0.95890000 -0.15460000 0.23790000
vn -0.96290000 -0.02370000 0.26870000
vn -0.95640000 0.26910000 0.11390000
vn -0.96370000 -0.10670000 0.24460000
vn -0.98370000 -0.02010000 0.17860000
vn -0.99260000 -0.06570000 0.10230000
vn -0.97390000 -0.20130000 0.10450000
vn -0.99850000 -0.05220000 -0.01320000
vn -0.99960000 -0.02870000 0.00750000
vn -0.99240000 -0.02630000 -0.11990000
vn -0.97140000 -0.17760000 -0.15790000
vn -0.95300000 0.06730000 -0.29540000
vn -0.98480000 -0.13940000 -0.10390000
vn -0.96910000 0.10580000 -0.22270000
vn -0.92910000 0.13230000 -0.34530000
vn -0.95880000 -0.08690000 -0.27040000
vn -0.94070000 -0.03380000 -0.33750000
vn -0.90660000 -0.13590000 -0.39950000
vn -0.89930000 0.10310000 -0.42500000
vn -0.91410000 -0.21120000 -0.34610000
vn -0.87780000 -0.16780000 -0.44880000
vn -0.87440000 -0.01120000 -0.48500000
vn -0.84880000 -0.11430000 -0.51620000
vn -0.83440000 -0.23050000 -0.50070000
vn -0.75210000 0.13630000 -0.64480000
vn -0.78980000 -0.20750000 -0.57720000
vn -0.77810000 -0.09830000 -0.62040000
vn -0.72780000 -0.21250000 -0.65210000
vn -0.67680000 -0.10430000 -0.72870000
vn -0.58070000 -0.27350000 -0.76680000
vn -0.62010000 -0.19710000 -0.75930000
vn -0.52010000 -0.08140000 -0.85020000
vn -0.43570000 -0.09440000 -0.89510000
vn -0.35680000 -0.15190000 -0.92170000
vn -0.42080000 -0.19660000 -0.88560000
vn -0.33890000 -0.28160000 -0.89770000
vn -0.29980000 -0.17440000 -0.93790000
vn -0.61320000 -0.61290000 -0.49840000
vn 0.03980000 0.51340000 -0.85720000
vn 0.12630000 0.53040000 -0.83830000
vn 0.44240000 0.47680000 -0.75960000
vn 0.71410000 -0.58670000 -0.38200000
vn 0.75240000 -0.57920000 -0.31360000
vn -0.86180000 -0.47370000 -0.18130000
vn -0.66580000 0.54580000 -0.50870000
vn -0.35470000 0.49850000 -0.79100000
vn -0.20180000 0.49860000 -0.84300000
vn -0.07620000 -0.64080000 -0.76390000
vn 0.15590000 -0.61630000 -0.77190000
vn 0.43700000 -0.62890000 -0.64300000
vn 0.55550000 -0.62350000 -0.55010000
vn 0.66470000 -0.60220000 -0.44230000
vn 0.79700000 0.51110000 -0.32180000
vn -0.31120000 -0.86760000 -0.38780000
vn -0.54410000 0.57810000 -0.60810000
vn 0.67750000 -0.21370000 -0.70380000
vn -0.62700000 -0.15530000 -0.76340000
vn 0.46540000 -0.69310000 -0.55050000
vn 0.61820000 0.53520000 -0.57560000
vn 0.55350000 -0.62460000 -0.55100000
vn 0.68440000 -0.07680000 -0.72510000
vn 0.47290000 -0.77530000 -0.41870000
vn 0.75080000 0.10190000 -0.65260000
vn -0.44630000 -0.66710000 -0.59650000
vn -0.47790000 0.54690000 -0.68740000
vn -0.13660000 -0.95510000 -0.26280000
vn -0.53710000 0.01990000 -0.84330000
vn 0.56470000 -0.69650000 -0.44260000
vn 0.66960000 0.52670000 -0.52370000
vn -0.41600000 0.58670000 -0.69480000
vn -0.42990000 -0.41050000 -0.80420000
vn 0.81110000 -0.11110000 -0.57430000
vn -0.26920000 -0.77230000 -0.57540000
vn 0.46680000 -0.83050000 -0.30410000
vn -0.13250000 -0.93100000 -0.34010000
vn 0.77420000 0.39260000 -0.49640000
vn 0.41270000 -0.87760000 -0.24390000
vn -0.27450000 0.58480000 -0.76330000
vn -0.36030000 -0.19760000 -0.91170000
vn 0.85280000 -0.10550000 -0.51140000
vn -0.08420000 -0.95520000 -0.28370000
vn 0.78990000 0.47350000 -0.38970000
vn 0.53160000 -0.81210000 -0.24090000
vn 0.90580000 0.08230000 -0.41570000
vn -0.26840000 -0.42550000 -0.86420000
vn -0.14740000 -0.78340000 -0.60380000
vn -0.09960000 -0.76060000 -0.64150000
vn 0.77640000 -0.56150000 -0.28630000
vn 0.91690000 -0.27430000 -0.28990000
vn 0.83380000 0.50420000 -0.22480000
vn -0.19300000 0.03680000 -0.98050000
vn -0.11720000 0.48250000 -0.86800000
vn -0.10480000 -0.02740000 -0.99410000
vn 0.47200000 -0.86780000 -0.15540000
vn 0.96150000 -0.12820000 -0.24290000
vn 0.74610000 -0.65390000 -0.12560000
vn -0.88380000 -0.46790000 0.00200000
vn -0.03100000 -0.36420000 -0.93080000
vn -0.05130000 0.61550000 -0.78650000
vn -0.00230000 -0.05200000 -0.99860000
vn 0.64840000 -0.75840000 -0.06670000
vn -0.55270000 -0.83310000 -0.02080000
vn -0.99770000 0.03600000 -0.05720000
vn 0.03460000 -0.91930000 -0.39210000
vn 0.98930000 0.01890000 -0.14460000
vn -0.47590000 -0.87740000 -0.06010000
vn 0.03110000 -0.78110000 -0.62370000
vn 0.36300000 -0.93160000 -0.01910000
vn -0.96040000 -0.25270000 -0.11750000
vn 0.98300000 -0.17670000 -0.04990000
vn -0.76150000 -0.63630000 -0.12360000
vn 0.08590000 -0.16170000 -0.98310000
vn -0.96800000 -0.07620000 -0.23910000
vn -0.89710000 0.40730000 -0.17130000
vn -0.82720000 0.51650000 -0.22130000
vn 0.09550000 -0.71880000 -0.68860000
vn 0.10470000 -0.82000000 -0.56260000
vn -0.45470000 -0.87930000 -0.14180000
vn 0.19870000 -0.00160000 -0.98010000
vn -0.93420000 -0.19210000 -0.30060000
vn 0.20250000 0.45010000 -0.86970000
vn 0.28310000 0.54810000 -0.78700000
vn -0.39380000 -0.90160000 -0.17890000
vn 0.19300000 -0.68870000 -0.69890000
vn -0.89840000 -0.27370000 -0.34330000
vn -0.76830000 0.55710000 -0.31530000
vn -0.90650000 -0.09460000 -0.41140000
vn 0.23880000 -0.57940000 -0.77930000
vn 0.37040000 0.04640000 -0.92770000
vn -0.86030000 0.28450000 -0.42310000
vn -0.57590000 -0.75120000 -0.32260000
vn 0.35020000 0.50060000 -0.79170000
vn 0.45540000 -0.19260000 -0.86920000
vn -0.63910000 -0.66920000 -0.37920000
vn -0.80520000 -0.14730000 -0.57440000
vn -0.72340000 0.50450000 -0.47130000
vn -0.30700000 -0.92590000 -0.22000000
vn 0.15340000 -0.96260000 -0.22310000
vn 0.48820000 0.55940000 -0.66990000
vn 0.53900000 0.01640000 -0.84220000
vn 0.31290000 -0.79240000 -0.52360000
vn 0.45160000 -0.60710000 -0.65390000
vn -0.59450000 -0.65260000 -0.46980000
vn -0.75650000 -0.00550000 -0.65390000
vn -0.38780000 -0.82380000 -0.41350000
vn -0.55770000 -0.66010000 -0.50330000
vn 0.61630000 0.09950000 -0.78120000
vn 0.36280000 -0.81680000 -0.44860000
vn -0.68480000 0.07360000 -0.72500000
vn -0.60650000 0.53210000 -0.59070000
vn 0.55000000 0.53020000 -0.64530000
vn -0.93750000 -0.02950000 0.34680000
vn -0.00390000 -0.16550000 0.98620000
vn -0.88230000 -0.10300000 0.45920000
vn 0.04790000 0.00040000 0.99890000
vn -0.78580000 0.00040000 0.61850000
vn -0.79380000 -0.09290000 0.60110000
vn -0.65540000 0.00030000 0.75530000
vn -0.54090000 -0.07950000 0.83730000
vn -0.49930000 0.00030000 0.86640000
vn 0.81870000 -0.11780000 0.56200000
vn 0.23510000 0.00020000 0.97200000
vn 0.92840000 0.00010000 0.37170000
vn -0.40650000 0.26440000 0.87450000
vn 0.96720000 -0.17600000 0.18330000
vn 0.97630000 -0.17030000 0.13370000
vn 0.44900000 -0.15020000 0.88080000
vn -0.00450000 0.99990000 0.01300000
vn -0.41600000 0.00030000 0.90940000
vn -0.57980000 0.00030000 0.81470000
vn 0.88900000 0.00010000 0.45790000
vn 0.61070000 -0.70340000 0.36370000
vn 0.30620000 -0.94780000 0.08880000
vn -0.57980000 0.37240000 0.72470000
vn 0.76600000 -0.59180000 0.25090000
vn 0.79670000 -0.60430000 -0.00260000
vn 0.59450000 -0.35410000 0.72190000
vn -0.18010000 -0.78510000 0.59260000
vn -0.40120000 -0.68850000 0.60420000
vn -0.76190000 -0.55100000 0.34040000
vn -0.23710000 -0.68930000 0.68460000
vn -0.23500000 0.00010000 0.97200000
vn -0.27170000 0.55620000 0.78540000
vn 0.86120000 0.50830000 -0.00000000
vn 0.83710000 0.52250000 0.16210000
vn -0.55560000 0.52920000 0.64140000
vn 0.98190000 0.00020000 0.18930000
vn -0.72370000 0.00030000 0.69010000
vn 0.67190000 0.51870000 0.52870000
vn -0.81980000 0.51930000 0.24120000
vn 0.62700000 0.49970000 0.59770000
vn -0.85510000 0.51180000 0.08310000
vn -0.99550000 0.00010000 0.09500000
vn -0.86120000 0.50830000 -0.00000000
vn 0.36420000 -0.68480000 0.63110000
vn 0.41610000 -0.00000000 0.90930000
vn 0.03960000 0.56490000 0.82420000
vn -0.04100000 0.50820000 0.86030000
vn 0.98250000 0.01200000 0.18580000
vn -0.72250000 -0.01310000 0.69130000
vn 0.84230000 -0.01240000 0.53890000
vn 0.58140000 0.01230000 0.81350000
vn 0.04730000 0.14460000 0.98840000
vn 0.14160000 0.01320000 0.98980000
vn -0.30580000 0.38080000 0.87260000
vn -0.49390000 -0.52330000 0.69450000
vn -0.42710000 -0.51760000 0.74140000
vn 0.91660000 0.39000000 0.08820000
vn -0.55160000 -0.53850000 0.63700000
vn 0.82540000 -0.50970000 0.24280000
vn 0.88290000 0.38990000 0.26160000
vn -0.66840000 0.38630000 0.63570000
vn -0.72400000 0.38290000 0.57370000
vn 0.86010000 0.38010000 0.34010000
vn -0.62260000 -0.51020000 0.59330000
vn 0.81870000 0.38620000 0.42490000
vn -0.67680000 -0.50830000 0.53260000
vn 0.76680000 -0.50680000 0.39400000
vn -0.71520000 -0.52620000 0.46000000
vn 0.67680000 -0.50830000 0.53260000
vn -0.90980000 0.37770000 0.17220000
vn 0.60330000 0.38200000 0.70010000
vn 0.62260000 -0.51020000 0.59330000
vn -0.84930000 -0.52140000 0.08250000
vn -0.92680000 0.37550000 -0.00000000
vn 0.55160000 -0.53850000 0.63700000
vn 0.53420000 0.39260000 0.74870000
vn 0.42710000 -0.51760000 0.74140000
vn 0.35190000 -0.53270000 0.76970000
vn 0.20650000 -0.48150000 0.85180000
vn 0.21460000 0.38520000 0.89750000
vn 0.13560000 0.37880000 0.91550000
vn 0.04150000 0.38950000 0.92010000
vn -0.13510000 0.38210000 0.91420000
vn -0.21450000 0.38350000 0.89830000
vn -0.04150000 0.38950000 0.92010000
vn -0.11290000 -0.27100000 0.95590000
vn 0.97960000 -0.19440000 0.05070000
vn 0.90930000 0.37880000 0.17240000
vn 0.93610000 -0.32480000 0.13460000
vn 0.91140000 -0.33820000 0.23470000
vn -0.38210000 0.38680000 0.83930000
vn -0.36210000 -0.31550000 0.87710000
vn -0.42210000 -0.32490000 0.84630000
vn -0.46270000 0.37790000 0.80200000
vn -0.51730000 -0.30920000 0.79800000
vn -0.53420000 0.39260000 0.74870000
vn -0.60330000 0.38190000 0.70010000
vn 0.72360000 0.38430000 0.57330000
vn 0.77670000 0.38800000 0.49620000
vn -0.73590000 -0.20800000 0.64440000
vn -0.77720000 -0.26600000 0.57030000
vn 0.71210000 -0.32290000 0.62340000
vn -0.77740000 0.38630000 0.49640000
vn 0.63630000 -0.29000000 0.71490000
vn 0.66830000 0.38700000 0.63530000
vn -0.84270000 -0.22420000 0.48950000
vn 0.58420000 -0.31210000 0.74920000
vn -0.81870000 0.38640000 0.42490000
vn -0.86010000 0.38010000 0.34010000
vn -0.87110000 -0.31550000 0.37620000
vn -0.88260000 0.39060000 0.26150000
vn 0.46270000 0.37790000 0.80200000
vn -0.96290000 -0.11720000 0.24320000
vn -0.88890000 -0.33970000 0.30720000
vn 0.38210000 0.38680000 0.83930000
vn -0.91660000 0.39000000 0.08820000
vn -0.94210000 -0.30680000 0.13540000
vn 0.30630000 0.37840000 0.87350000
vn 0.17930000 -0.31590000 0.93170000
vn 0.11180000 -0.29320000 0.94950000
vn 0.08260000 -0.33090000 0.94000000
vn -0.00240000 -0.31920000 0.94770000
vn 0.41610000 -0.74260000 0.52470000
vn -0.55680000 -0.57260000 0.60170000
vn 0.61770000 0.34730000 0.70560000
vn -0.53170000 0.57620000 0.62070000
vn -0.66040000 -0.32210000 0.67830000
vn -0.44930000 -0.76480000 0.46180000
vn 0.31330000 -0.79260000 0.52310000
vn 0.36870000 -0.78880000 0.49180000
vn -0.72300000 -0.27830000 0.63230000
vn 0.54790000 0.02240000 0.83620000
vn 0.44490000 0.47970000 0.75630000
vn -0.81390000 -0.08810000 0.57420000
vn -0.67280000 0.51300000 0.53310000
vn -0.56680000 -0.70200000 0.43120000
vn 0.46870000 -0.09640000 0.87810000
vn 0.26980000 -0.77150000 0.57610000
vn -0.76910000 -0.44460000 0.45910000
vn -0.69110000 0.56440000 0.45140000
vn -0.78750000 0.47640000 0.39120000
vn 0.36440000 -0.00840000 0.93120000
vn 0.35400000 0.49780000 0.79180000
vn -0.33090000 -0.93200000 0.14780000
vn 0.27710000 0.57890000 0.76690000
vn -0.47720000 -0.86210000 0.17050000
vn -0.90270000 -0.14000000 0.40690000
vn 0.26810000 -0.42280000 0.86560000
vn 0.20190000 0.49820000 0.84320000
vn 0.14740000 -0.78340000 0.60370000
vn -0.91040000 -0.23190000 0.34270000
vn -0.76150000 0.56950000 0.30950000
vn 0.09560000 -0.77560000 0.62390000
vn -0.92780000 -0.23160000 0.29240000
vn 0.19170000 0.00870000 0.98140000
vn -0.48010000 -0.86210000 0.16210000
vn 0.10560000 -0.02840000 0.99400000
vn 0.05130000 0.61500000 0.78690000
vn -0.95450000 -0.18000000 0.23790000
vn 0.04920000 -0.83510000 0.54790000
vn -0.47650000 -0.87920000 0.00210000
vn -0.74600000 -0.65390000 0.12590000
vn 0.47710000 -0.87890000 0.00050000
vn 0.03110000 -0.36380000 0.93100000
vn 0.88300000 -0.46940000 -0.00130000
vn 0.00230000 -0.05150000 0.99870000
vn -0.03110000 -0.78110000 0.62360000
vn 0.97210000 -0.22910000 0.05140000
vn -0.64810000 -0.75860000 0.06670000
vn -0.03460000 -0.91930000 0.39200000
vn -0.98930000 0.01840000 0.14450000
vn -0.36280000 -0.93170000 0.01910000
vn 0.54930000 -0.83270000 0.07050000
vn -0.98310000 -0.17630000 0.04990000
vn 0.97070000 -0.21090000 0.11480000
vn 0.89700000 0.40740000 0.17130000
vn -0.08590000 -0.16110000 0.98320000
vn -0.09520000 -0.71910000 0.68830000
vn 0.76260000 -0.63510000 0.12310000
vn 0.96780000 -0.07680000 0.23990000
vn -0.12380000 0.53170000 0.83780000
vn -0.18590000 -0.24720000 0.95100000
vn 0.47210000 -0.86740000 0.15720000
vn 0.92770000 -0.23270000 0.29200000
vn 0.48270000 -0.85860000 0.17270000
vn 0.76550000 0.56100000 0.31500000
vn -0.19240000 -0.68990000 0.69780000
vn -0.23900000 -0.57900000 0.77950000
vn 0.89580000 -0.28950000 0.33710000
vn 0.53470000 -0.80760000 0.24860000
vn 0.90740000 0.07860000 0.41280000
vn 0.75830000 0.53630000 0.37070000
vn -0.28300000 0.54870000 0.78670000
vn -0.36720000 0.03900000 0.92930000
vn -0.35080000 0.49930000 0.79230000
vn -0.29610000 -0.72790000 0.61840000
vn 0.44100000 -0.86290000 0.24680000
vn 0.85390000 -0.22630000 0.46870000
vn 0.71840000 0.51340000 0.46940000
vn 0.64750000 -0.65490000 0.38970000
vn -0.47180000 -0.02120000 0.88150000
vn -0.44270000 0.46660000 0.76570000
vn 0.63070000 0.61320000 0.47560000
vn 0.76230000 -0.17680000 0.62270000
vn 0.80870000 -0.09020000 0.58120000
vn -0.54000000 0.01080000 0.84160000
vn -0.31310000 -0.79240000 0.52350000
vn -0.36180000 -0.76570000 0.53190000
vn 0.38940000 -0.85920000 0.33190000
vn 0.46880000 -0.77460000 0.42460000
vn 0.66170000 0.40040000 0.63380000
vn -0.61500000 0.07340000 0.78510000
vn 0.19060000 -0.96070000 0.20190000
vn 0.66700000 -0.24240000 0.70450000
vn 0.75080000 0.37950000 0.54060000
vn 0.66500000 -0.60160000 0.44260000
vn 0.62480000 -0.59330000 0.50760000
vn 0.59390000 -0.54480000 0.59200000
vn 0.69260000 0.38830000 0.60780000
vn 0.07620000 -0.64080000 -0.76390000
vn -0.00000000 -0.64020000 -0.76820000
vn 0.08480000 0.39620000 -0.91420000
vn 0.63280000 0.38350000 0.67260000
vn 0.17110000 0.38750000 -0.90590000
vn 0.49320000 0.38770000 0.77870000
vn 0.56690000 0.38160000 0.73010000
vn 0.23210000 -0.62080000 -0.74880000
vn 0.25470000 0.39310000 -0.88350000
vn 0.37090000 -0.62980000 0.68250000
vn 0.45760000 -0.57360000 0.67930000
vn 0.41670000 0.38960000 -0.82130000
vn 0.37070000 -0.63040000 -0.68210000
vn 0.30000000 -0.63430000 -0.71250000
vn 0.25440000 0.39330000 0.88350000
vn 0.49810000 -0.62660000 -0.59940000
vn 0.56660000 0.38170000 -0.73030000
vn 0.17160000 0.38740000 0.90580000
vn 0.63260000 0.38330000 -0.67290000
vn 0.08450000 0.39630000 0.91420000
vn 0.07630000 -0.64040000 0.76430000
vn 0.61320000 -0.61290000 -0.49840000
vn 0.75040000 0.37970000 -0.54100000
vn 0.84010000 0.37920000 -0.38790000
vn 0.97190000 -0.12660000 -0.19850000
vn 0.80840000 -0.53240000 -0.25100000
vn 0.98470000 -0.14590000 -0.09500000
vn 0.91570000 0.37930000 0.13300000
vn 0.89820000 0.38040000 0.22030000
vn 0.80870000 -0.53200000 0.25100000
vn 0.87270000 0.38110000 0.30530000
vn 0.71470000 -0.58570000 0.38230000
vn 0.79800000 0.38240000 0.46590000
vn 0.36950000 0.92040000 0.12770000
vn -0.00000000 0.39420000 -0.91900000
vn 0.84010000 0.37920000 0.38770000
vn 0.07550000 0.91640000 -0.39300000
vn 0.33990000 0.91970000 0.19640000
vn 0.14770000 0.91710000 -0.37040000
vn 0.33710000 0.38740000 -0.85810000
vn 0.21130000 0.92050000 0.32870000
vn 0.49340000 0.38790000 -0.77850000
vn 0.17890000 0.92070000 -0.34690000
vn 0.21160000 0.92040000 -0.32870000
vn 0.24660000 0.91680000 -0.31400000
vn 0.41640000 0.38990000 0.82140000
vn 0.33750000 0.38750000 0.85780000
vn 0.14820000 0.91700000 0.37020000
vn 0.29200000 0.92260000 -0.25210000
vn 0.07600000 0.91650000 0.39280000
vn 0.69310000 0.38830000 -0.60720000
vn 0.03670000 0.92030000 0.38950000
vn 0.79810000 0.38240000 -0.46570000
vn 0.32290000 0.91790000 -0.23050000
vn 0.33990000 0.91980000 -0.19620000
vn 0.35850000 0.91900000 -0.16400000
vn 0.38080000 0.92000000 -0.09220000
vn 0.89820000 0.38040000 -0.22030000
vn 0.87270000 0.38110000 -0.30520000
vn 0.92430000 0.37900000 -0.04450000
vn 0.91560000 0.37940000 -0.13300000
vn 0.39200000 0.91980000 -0.01860000
vn 0.92430000 0.37900000 0.04450000
vn -0.27390000 0.91790000 0.28720000
vn -0.29140000 0.92260000 0.25270000
vn -0.39200000 0.91980000 -0.01860000
vn -0.27390000 0.91790000 -0.28720000
vn -0.21130000 0.92050000 -0.32870000
vn -0.14820000 0.91700000 -0.37030000
vn -0.07600000 0.91640000 -0.39290000
vn 0.03710000 0.92010000 -0.38990000
vn 0.11140000 0.91880000 -0.37860000
vn 0.27340000 0.91800000 -0.28720000
vn 0.36940000 0.92050000 -0.12750000
vn 0.38840000 0.91980000 -0.05580000
vn 0.38840000 0.91980000 0.05580000
vn 0.39200000 0.91980000 0.01870000
vn 0.38070000 0.92010000 0.09220000
vn 0.35870000 0.91900000 0.16390000
vn 0.29140000 0.92260000 0.25270000
vn 0.32320000 0.91800000 0.23000000
vn 0.27390000 0.91790000 0.28720000
vn 0.24680000 0.91690000 0.31360000
vn 0.17870000 0.92070000 0.34710000
vn 0.11100000 0.91890000 0.37850000
vn -0.03670000 0.92030000 0.38950000
vn -0.14820000 0.91700000 0.37020000
vn -0.35860000 0.91900000 -0.16390000
vn -0.33990000 0.91970000 -0.19640000
vn -0.00000000 0.91980000 0.39240000
vn -0.75080000 0.37960000 -0.54060000
vn -0.69260000 0.38840000 -0.60780000
vn -0.32310000 0.91800000 -0.22990000
vn -0.63280000 0.38360000 -0.67260000
vn -0.29140000 0.92260000 -0.25270000
vn -0.07600000 0.91650000 0.39280000
vn -0.11100000 0.91890000 0.37850000
vn -0.25440000 0.39330000 0.88350000
vn -0.24680000 0.91690000 -0.31360000
vn -0.17870000 0.92070000 0.34710000
vn -0.17870000 0.92060000 -0.34720000
vn -0.21130000 0.92050000 0.32870000
vn -0.24680000 0.91690000 0.31360000
vn -0.25440000 0.39310000 -0.88360000
vn -0.11110000 0.91880000 -0.37870000
vn -0.63280000 0.38350000 0.67260000
vn -0.03680000 0.92020000 -0.38980000
vn -0.69260000 0.38830000 0.60780000
vn -0.32320000 0.91800000 0.23000000
vn -0.00000000 0.91980000 -0.39230000
vn -0.33990000 0.91970000 0.19640000
vn -0.35870000 0.91900000 0.16390000
vn -0.84010000 0.37920000 0.38780000
vn -0.36950000 0.92040000 0.12770000
vn -0.38070000 0.92010000 0.09220000
vn -0.38840000 0.91980000 0.05580000
vn -0.91560000 0.37940000 0.13300000
vn -0.39200000 0.91980000 0.01870000
vn -0.92430000 0.37900000 0.04450000
vn -0.91570000 0.37930000 -0.13300000
vn -0.38840000 0.91980000 -0.05580000
vn -0.38080000 0.92000000 -0.09220000
vn -0.36940000 0.92050000 -0.12770000
vn -0.87270000 0.38110000 -0.30530000
vn -0.84010000 0.37930000 -0.38770000
vn -0.08450000 0.39630000 0.91420000
vn -0.00000000 -0.63970000 0.76860000
vn -0.00000000 0.39410000 0.91910000
vn -0.55550000 -0.62350000 -0.55010000
vn -0.07630000 -0.64040000 0.76430000
vn -0.17160000 0.38750000 0.90580000
vn -0.49820000 -0.62660000 -0.59930000
vn -0.15600000 -0.61580000 0.77230000
vn -0.43700000 -0.62890000 -0.64300000
vn -0.56690000 0.38160000 -0.73010000
vn -0.49320000 0.38770000 -0.77870000
vn -0.41640000 0.38980000 -0.82140000
vn -0.41640000 0.38990000 0.82140000
vn -0.33750000 0.38750000 0.85780000
vn -0.33750000 0.38750000 -0.85790000
vn -0.37070000 -0.63030000 -0.68210000
vn -0.49320000 0.38770000 0.77870000
vn -0.30000000 -0.63430000 -0.71250000
vn -0.56690000 0.38160000 0.73010000
vn -0.15380000 -0.63550000 -0.75660000
vn -0.22790000 -0.63680000 -0.73660000
vn -0.17160000 0.38740000 -0.90580000
vn -0.08450000 0.39610000 -0.91430000
vn -0.75080000 0.37950000 0.54060000
vn -0.66500000 -0.60160000 0.44250000
vn -0.79800000 0.38240000 0.46590000
vn -0.71470000 -0.58570000 0.38230000
vn -0.87270000 0.38110000 0.30530000
vn -0.80870000 -0.53200000 0.25100000
vn -0.89820000 0.38050000 0.22030000
vn -0.92430000 0.37900000 -0.04450000
vn -0.99610000 -0.00300000 -0.08780000
vn -0.89820000 0.38030000 -0.22030000
vn -0.80850000 -0.53240000 -0.25100000
vn -0.77250000 -0.54780000 -0.32120000
vn -0.79800000 0.38240000 -0.46590000
vn -0.84840000 -0.24690000 -0.46820000
vn -0.66470000 -0.60220000 -0.44230000
vn 0.99790000 -0.06470000 -0.00080000
vn -0.99790000 -0.06520000 -0.00010000
vn -0.98470000 -0.14610000 0.09500000
vn 0.82730000 0.51620000 0.22150000
vn 0.86200000 -0.47330000 0.18130000
vn 0.53190000 0.38290000 0.75530000
vn 0.11890000 0.47040000 0.87440000
vn -0.03980000 0.51310000 0.85740000
vn -0.20570000 0.45970000 0.86400000
vn -0.23230000 -0.62010000 0.74930000
vn -0.60890000 -0.50330000 0.61310000
vn -0.63290000 -0.57890000 0.51410000
vn -0.97190000 -0.12650000 0.19850000
vn 0.99600000 0.01380000 0.08860000
vn 0.75290000 -0.57840000 0.31380000
vn 0.55680000 -0.47780000 0.67950000
vn 0.30020000 -0.63390000 0.71280000
vn 0.22800000 -0.63630000 0.73690000
vn 0.15390000 -0.63500000 0.75700000
vn -0.30020000 -0.63390000 0.71280000
vn -0.37090000 -0.62980000 0.68250000
vn -0.45200000 -0.58960000 0.66940000
vn -0.50630000 -0.61090000 0.60870000
vn -0.53750000 0.41480000 0.73410000
vn -0.69490000 0.29650000 0.65510000
vn -0.75290000 -0.57840000 0.31380000
vn -0.82710000 0.51610000 0.22260000
vn 0.64950000 -0.23340000 -0.72360000
vn -0.30580000 -0.21310000 0.92790000
vn -0.21180000 -0.82660000 0.52140000
vn 0.57990000 -0.33550000 -0.74240000
vn 0.51010000 -0.32940000 -0.79450000
vn -0.86160000 -0.29910000 0.41020000
vn -0.62420000 -0.70530000 0.33620000
vn -0.48220000 -0.27970000 0.83020000
vn 0.78610000 -0.29220000 -0.54460000
vn -0.25140000 -0.83670000 0.48650000
vn 0.81240000 -0.36320000 -0.45630000
vn 0.17920000 -0.92610000 -0.33200000
vn 0.48320000 -0.28720000 -0.82710000
vn -0.80630000 -0.19420000 0.55880000
vn 0.86430000 -0.29200000 -0.40960000
vn -0.57510000 -0.33460000 0.74650000
vn 0.61260000 -0.71610000 -0.33470000
vn 0.29430000 -0.72970000 -0.61720000
vn -0.32910000 -0.84560000 0.42030000
vn 0.86990000 -0.31160000 -0.38240000
vn 0.20870000 -0.82560000 -0.52420000
vn -0.65210000 -0.21970000 0.72560000
vn 0.19710000 -0.97770000 -0.07230000
vn 0.37290000 0.91880000 -0.12950000
vn 0.30500000 -0.21330000 -0.92820000
vn 0.92630000 -0.28820000 -0.24290000
vn 0.41540000 -0.90330000 -0.10700000
vn 0.95240000 -0.23020000 -0.19980000
vn 0.11290000 -0.27100000 -0.95590000
vn 0.92920000 -0.36450000 -0.06030000
vn 0.00240000 -0.31900000 -0.94770000
vn -0.01810000 -0.87880000 -0.47680000
vn -0.04910000 -0.83520000 -0.54780000
vn -0.11150000 -0.29430000 -0.94920000
vn -0.17950000 -0.31820000 -0.93090000
vn 0.95220000 -0.23250000 0.19820000
vn 0.39470000 -0.91330000 0.10050000
vn 0.89100000 -0.33320000 0.30840000
vn 0.87670000 -0.29320000 0.38140000
vn 0.86110000 -0.30360000 0.40780000
vn -0.35760000 -0.34880000 -0.86630000
vn -0.41870000 -0.35240000 -0.83690000
vn 0.79800000 -0.25300000 0.54700000
vn -0.29720000 -0.83380000 -0.46530000
vn 0.82120000 -0.30680000 0.48120000
vn -0.48260000 -0.29040000 -0.82630000
vn 0.33750000 -0.90830000 0.24710000
vn 0.76400000 -0.30470000 0.56880000
vn -0.53120000 -0.27000000 -0.80310000
vn -0.63940000 -0.28360000 -0.71470000
vn 0.66460000 -0.31500000 0.67750000
vn -0.67420000 -0.27630000 -0.68500000
vn -0.15160000 -0.97980000 -0.13010000
vn 0.52190000 -0.29610000 0.80000000
vn 0.48370000 -0.27900000 0.82960000
vn -0.83190000 -0.26180000 -0.48920000
vn 0.21210000 -0.88790000 0.40830000
vn 0.42100000 -0.34690000 0.83810000
vn 0.35700000 -0.33840000 0.87070000
vn -0.87720000 -0.29180000 -0.38130000
vn -0.49300000 -0.85160000 -0.17820000
vn 0.20690000 -0.83610000 0.50810000
vn 0.30070000 -0.29930000 0.90550000
vn 0.25250000 -0.34660000 0.90340000
vn -0.39450000 -0.91350000 -0.09980000
vn 0.08420000 -0.95520000 0.28360000
vn -0.91460000 -0.32710000 -0.23750000
vn -0.95220000 -0.23250000 -0.19820000
vn 0.01810000 -0.87860000 0.47720000
vn -0.07130000 -0.31830000 0.94530000
vn -0.92920000 -0.36450000 0.06030000
vn -0.95300000 -0.22430000 0.20380000
vn -0.18980000 -0.17490000 0.96610000
vn -0.26790000 -0.27430000 0.92360000
vn 0.07130000 -0.31830000 -0.94530000
vn 0.04150000 0.38950000 -0.92010000
vn -0.95410000 -0.29950000 -0.00050000
vn 0.17940000 -0.35070000 -0.91910000
vn -0.94120000 -0.33330000 -0.05420000
vn 0.21450000 0.38350000 -0.89830000
vn -0.93260000 -0.33520000 -0.13390000
vn 0.26790000 -0.27430000 -0.92360000
vn 0.36220000 -0.31450000 -0.87750000
vn 0.42580000 -0.31640000 -0.84770000
vn -0.89910000 -0.31010000 -0.30890000
vn -0.86220000 -0.29740000 -0.41000000
vn 0.53420000 0.39270000 -0.74860000
vn 0.60340000 0.38190000 -0.70010000
vn -0.77780000 0.38550000 -0.49630000
vn -0.79630000 -0.25830000 -0.54700000
vn -0.29780000 0.91910000 -0.25790000
vn -0.75300000 -0.35480000 -0.55420000
vn 0.71800000 -0.31000000 -0.62330000
vn 0.78210000 -0.24250000 -0.57400000
vn 0.72390000 0.38310000 -0.57370000
vn -0.60330000 0.38200000 -0.70010000
vn -0.66890000 0.38570000 -0.63540000
vn 0.86010000 0.38020000 -0.34010000
vn -0.58800000 -0.25670000 -0.76700000
vn 0.91660000 0.38990000 -0.08820000
vn 0.94200000 -0.30690000 -0.13540000
vn -0.29350000 -0.33540000 -0.89520000
vn 0.92680000 0.37550000 -0.00000000
vn 0.95420000 -0.29920000 0.00170000
vn -0.25250000 -0.34660000 -0.90340000
vn -0.13560000 0.37900000 -0.91540000
vn -0.08260000 -0.33070000 -0.94010000
vn 0.35930000 -0.50250000 -0.78640000
vn 0.38210000 0.38680000 -0.83930000
vn -0.91660000 0.39000000 -0.08820000
vn 0.49010000 -0.53360000 -0.68930000
vn 0.46270000 0.37790000 -0.80190000
vn -0.88290000 0.38990000 -0.26160000
vn -0.90930000 0.37890000 -0.17240000
vn -0.86010000 0.38020000 -0.34010000
vn -0.81980000 -0.51930000 -0.24120000
vn 0.62680000 -0.50000000 -0.59760000
vn 0.67160000 -0.51930000 -0.52850000
vn 0.66790000 0.38770000 -0.63530000
vn -0.81880000 0.38610000 -0.42490000
vn -0.77200000 -0.49670000 -0.39670000
vn 0.72010000 -0.51660000 -0.46320000
vn -0.72010000 -0.51660000 -0.46320000
vn 0.77730000 0.38680000 -0.49620000
vn -0.72350000 0.38430000 -0.57340000
vn 0.77200000 -0.49670000 -0.39670000
vn 0.81880000 0.38610000 -0.42490000
vn -0.62680000 -0.50000000 -0.59760000
vn 0.79620000 -0.51460000 -0.31830000
vn -0.53410000 0.39290000 -0.74860000
vn -0.46270000 0.37800000 -0.80190000
vn -0.49010000 -0.53360000 -0.68930000
vn 0.83710000 -0.52250000 -0.16210000
vn 0.88330000 0.38890000 -0.26190000
vn -0.42410000 -0.52750000 -0.73610000
vn -0.38210000 0.38680000 -0.83930000
vn 0.90980000 0.37770000 -0.17220000
vn -0.30630000 0.37840000 -0.87350000
vn -0.21470000 0.38510000 -0.89760000
vn -0.19880000 -0.53450000 -0.82140000
vn -0.04150000 0.38950000 -0.92010000
vn 0.03960000 -0.56540000 -0.82390000
vn 0.19880000 -0.53450000 -0.82140000
vn 0.12250000 -0.50970000 -0.85160000
vn 0.13500000 0.38210000 -0.91420000
vn 0.30580000 0.38080000 -0.87260000
vn 0.55540000 -0.52960000 -0.64120000
vn 0.42410000 -0.52750000 -0.73610000
vn 0.27150000 -0.55650000 -0.78520000
vn 0.81980000 -0.51930000 -0.24120000
vn 0.85510000 -0.51180000 -0.08310000
vn -0.04100000 -0.50790000 -0.86050000
vn 0.85540000 -0.51800000 -0.00000000
vn -0.12280000 -0.50960000 -0.85160000
vn 0.84930000 -0.52140000 0.08250000
vn 0.84280000 -0.51290000 0.16320000
vn -0.27150000 -0.55650000 -0.78520000
vn -0.35930000 -0.50250000 -0.78640000
vn 0.80180000 -0.50430000 0.32060000
vn 0.92780000 0.01320000 0.37290000
vn 0.88700000 -0.01330000 0.46160000
vn 0.71520000 -0.52620000 0.46000000
vn -0.55540000 -0.52960000 -0.64120000
vn -0.67160000 -0.51930000 -0.52850000
vn 0.49390000 -0.52330000 0.69450000
vn 0.27330000 -0.54760000 0.79080000
vn -0.79620000 -0.51460000 -0.31830000
vn -0.83710000 -0.52250000 -0.16210000
vn 0.12360000 -0.49800000 0.85830000
vn 0.04290000 -0.44700000 0.89350000
vn -0.85510000 -0.51180000 -0.08310000
vn -0.85540000 -0.51800000 -0.00000000
vn -0.04160000 -0.49710000 0.86670000
vn -0.99990000 -0.01210000 0.00010000
vn -0.14210000 0.01340000 0.98980000
vn -0.84280000 -0.51290000 0.16320000
vn -0.12360000 -0.49800000 0.85830000
vn -0.98250000 0.01200000 0.18580000
vn -0.82540000 -0.50970000 0.24280000
vn -0.20650000 -0.48150000 0.85180000
vn -0.95960000 0.01200000 0.28110000
vn -0.32950000 0.01100000 0.94410000
vn -0.27330000 -0.54760000 0.79080000
vn -0.35190000 -0.53270000 0.76970000
vn -0.80180000 -0.50430000 0.32060000
vn -0.76680000 -0.50680000 0.39400000
vn -0.03790000 -0.87750000 0.47800000
vn -0.01040000 -0.90930000 0.41610000
vn 0.08280000 -0.89530000 0.43770000
vn 0.03580000 -0.91750000 0.39610000
vn 0.23740000 -0.86650000 0.43910000
vn -0.00000000 -0.92720000 0.37460000
vn 0.16640000 -0.93310000 0.31870000
vn 0.16680000 -0.94410000 0.28420000
vn 0.04650000 -0.94320000 0.32890000
vn 0.61310000 -0.42250000 -0.66750000
vn 0.03380000 -0.94650000 0.32090000
vn -0.01290000 -0.95290000 0.30290000
vn -0.04260000 -0.98060000 0.19140000
vn -0.17400000 -0.93530000 0.30810000
vn -0.16690000 -0.87820000 0.44830000
vn 0.41530000 0.03890000 -0.90890000
vn 0.58160000 -0.01150000 -0.81340000
vn 0.50040000 -0.01170000 -0.86570000
vn -0.92770000 -0.01230000 -0.37300000
vn -0.84220000 0.01180000 -0.53900000
vn -0.78610000 -0.01210000 -0.61800000
vn 0.95960000 -0.01200000 -0.28110000
vn 0.99590000 0.01200000 -0.08930000
vn -0.41530000 0.03890000 -0.90890000
vn -0.50040000 -0.01170000 -0.86570000
vn -0.14210000 -0.01230000 -0.98980000
vn 0.23550000 -0.06510000 -0.96970000
vn 0.64610000 -0.06860000 0.76010000
vn 0.65350000 -0.74130000 -0.15280000
vn 0.82780000 -0.44010000 -0.34790000
vn 0.68290000 -0.72350000 -0.10040000
vn 0.28500000 -0.69630000 0.65870000
vn 0.38950000 -0.45810000 0.79910000
vn 0.50930000 -0.26870000 0.81760000
vn 0.86920000 -0.37240000 -0.32540000
vn 0.50360000 -0.06220000 0.86170000
vn 0.08710000 -0.93790000 0.33590000
vn 0.79470000 -0.59100000 -0.13860000
vn 0.09480000 -0.86120000 0.49930000
vn 0.06040000 -0.89350000 0.44510000
vn 0.46040000 -0.87200000 0.16640000
vn 0.88180000 -0.43090000 -0.19170000
vn 0.03360000 -0.90010000 0.43440000
vn 0.72950000 -0.68350000 0.02600000
vn 0.13030000 -0.93200000 0.33830000
vn 0.95660000 -0.20450000 -0.20770000
vn 0.16960000 -0.74750000 0.64220000
vn -0.13780000 -0.76860000 -0.62470000
vn -0.12430000 -0.17990000 -0.97580000
vn -0.10270000 -0.68690000 -0.71950000
vn -0.04090000 -0.99850000 -0.03710000
vn -0.03650000 -0.40040000 -0.91560000
vn 0.85300000 -0.52060000 0.03720000
vn -0.02820000 -0.98920000 -0.14380000
vn 0.72580000 -0.66950000 0.15790000
vn 0.01460000 -0.91190000 0.41020000
vn 0.51100000 -0.83400000 0.20830000
vn 0.35790000 -0.14190000 0.92290000
vn 0.17200000 -0.92280000 0.34480000
vn 0.25440000 -0.45650000 0.85260000
vn 0.20250000 -0.91220000 0.35630000
vn 0.77690000 -0.60100000 0.18770000
vn -0.00660000 -0.95250000 0.30460000
vn 0.00360000 -0.95080000 0.30970000
vn -0.00250000 -0.12460000 -0.99220000
vn 0.09830000 -0.80990000 0.57830000
vn 0.98490000 -0.17120000 0.02600000
vn 0.01050000 -0.61200000 -0.79080000
vn 0.00340000 -0.99550000 -0.09490000
vn 0.15420000 -0.28030000 0.94740000
vn 0.04470000 -0.70940000 -0.70340000
vn 0.07260000 -0.77520000 -0.62760000
vn 0.72970000 -0.63440000 0.25510000
vn 0.09040000 -0.25340000 -0.96310000
vn 0.11790000 -0.71730000 -0.68670000
vn 0.16560000 -0.59440000 0.78700000
vn 0.20120000 -0.90650000 0.37110000
vn 0.03150000 -0.86540000 0.50010000
vn 0.07280000 -0.99340000 -0.08850000
vn 0.07070000 -0.72450000 0.68570000
vn 0.03480000 -0.99940000 0.00010000
vn 0.17450000 -0.10420000 -0.97910000
vn 0.73930000 -0.59160000 0.32160000
vn 0.00950000 -0.95250000 0.30440000
vn 0.17780000 -0.43930000 -0.88060000
vn 0.58550000 -0.73850000 0.33420000
vn 0.18660000 -0.80450000 -0.56390000
vn 0.59060000 -0.71220000 0.37940000
vn 0.18510000 -0.90380000 0.38590000
vn 0.26030000 -0.28070000 -0.92380000
vn 0.25300000 -0.80680000 -0.53400000
vn 0.72280000 -0.57830000 0.37840000
vn 0.06110000 -0.97950000 0.19210000
vn 0.05290000 -0.98440000 0.16810000
vn 0.37330000 -0.06710000 -0.92530000
vn 0.39530000 -0.34120000 -0.85280000
vn 0.69730000 -0.57730000 0.42500000
vn 0.34970000 -0.72500000 -0.59340000
vn 0.18170000 -0.89230000 0.41330000
vn 0.17840000 -0.89920000 0.39950000
vn 0.15520000 -0.98790000 0.00820000
vn 0.81930000 -0.38450000 0.42540000
vn 0.18620000 -0.98210000 0.02820000
vn 0.02920000 -0.94890000 0.31420000
vn 0.42260000 -0.72000000 -0.55050000
vn 0.46540000 -0.41160000 -0.78360000
vn 0.37820000 -0.79900000 0.46740000
vn 0.53190000 -0.46080000 -0.71040000
vn 0.87220000 -0.18020000 0.45480000
vn 0.52050000 -0.68300000 0.51240000
vn 0.49700000 -0.71580000 -0.49050000
vn 0.67340000 -0.48690000 0.55630000
vn 0.22380000 -0.85360000 0.47050000
vn 0.25680000 -0.85070000 0.45860000
vn 0.86390000 -0.05270000 0.50080000
vn 0.04070000 -0.94640000 0.32040000
vn 0.20520000 -0.97760000 0.04660000
vn 0.58600000 -0.63700000 -0.50080000
vn 0.61720000 -0.11190000 -0.77880000
vn 0.63760000 -0.35150000 -0.68550000
vn 0.28190000 -0.95950000 -0.00070000
vn 0.68250000 -0.39640000 -0.61410000
vn 0.47720000 -0.66430000 0.57530000
vn 0.09550000 -0.90130000 0.42250000
vn 0.77050000 -0.20670000 0.60300000
vn 0.22120000 -0.82920000 0.51340000
vn 0.26180000 -0.96170000 0.08160000
vn 0.54290000 -0.78310000 -0.30350000
vn 0.59850000 -0.47620000 0.64420000
vn 0.43820000 -0.62290000 0.64800000
vn 0.75470000 -0.20010000 -0.62480000
vn 0.67210000 -0.67810000 -0.29740000
vn 0.59600000 -0.75040000 -0.28600000
vn 0.05060000 -0.94050000 0.33590000
vn 0.15070000 -0.95900000 0.23990000
vn 0.11360000 -0.87150000 0.47700000
vn 0.47440000 -0.49830000 0.72570000
vn 0.29160000 -0.94460000 0.15080000
vn 0.78030000 -0.43520000 -0.44920000
vn 0.15110000 -0.94840000 0.27870000
vn -0.73920000 -0.20260000 -0.64230000
vn -0.67010000 -0.43280000 -0.60300000
vn -0.61090000 -0.50230000 0.61190000
vn -0.05160000 -0.94460000 0.32410000
vn -0.27360000 -0.95910000 0.07270000
vn -0.09920000 -0.89370000 0.43760000
vn -0.15320000 -0.87700000 0.45530000
vn -0.54670000 -0.78140000 -0.30100000
vn -0.54540000 -0.67970000 -0.49040000
vn -0.64760000 -0.52100000 0.55600000
vn -0.58710000 -0.62230000 0.51770000
vn -0.25350000 -0.96610000 0.04960000
vn -0.61440000 -0.40830000 -0.67520000
vn -0.45720000 -0.73720000 -0.49750000
vn -0.50310000 -0.38670000 -0.77290000
vn -0.21200000 -0.97640000 0.04170000
vn -0.43400000 -0.35020000 -0.83010000
vn 0.01210000 -0.90350000 0.42840000
vn -0.12880000 -0.89760000 0.42150000
vn -0.86960000 -0.22470000 0.43980000
vn -0.19030000 -0.88470000 0.42560000
vn -0.04040000 -0.94950000 0.31120000
vn 0.05230000 -0.68490000 0.72670000
vn -0.35890000 -0.81710000 -0.45120000
vn 0.00790000 -0.90680000 0.42150000
vn -0.36740000 -0.42310000 -0.82820000
vn -0.93650000 -0.09530000 0.33750000
vn -0.69800000 -0.56990000 0.43370000
vn -0.08560000 -0.97520000 0.20410000
vn 0.00230000 -0.91720000 0.39830000
vn -0.72730000 -0.57230000 0.37880000
vn -0.22000000 -0.88430000 0.41180000
vn -0.15500000 -0.98100000 -0.11650000
vn -0.08440000 -0.97920000 0.18460000
vn -0.29260000 -0.82090000 -0.49040000
vn -0.31980000 -0.61610000 -0.71990000
vn 0.00510000 -0.70100000 0.71310000
vn -0.03650000 -0.48350000 0.87460000
vn -0.00860000 -0.23920000 0.97090000
vn -0.74760000 -0.56600000 0.34760000
vn -0.02310000 -0.95630000 0.29140000
vn -0.19370000 -0.89880000 0.39330000
vn -0.98010000 -0.11340000 0.16290000
vn -0.21720000 -0.79590000 -0.56510000
vn -0.74090000 -0.59140000 0.31830000
vn -0.70750000 -0.64570000 0.28750000
vn -0.00590000 -0.86170000 0.50740000
vn -0.07460000 -0.58630000 0.80660000
vn -0.14000000 -0.89910000 -0.41480000
vn -0.00460000 -0.90920000 0.41640000
vn -0.98470000 -0.15460000 0.07970000
vn -0.19680000 -0.90830000 0.36900000
vn -0.21330000 -0.89850000 0.38360000
vn -0.98320000 -0.18240000 -0.00290000
vn -0.77390000 -0.59060000 0.22850000
vn -0.23310000 -0.20780000 0.95000000
vn -0.78270000 -0.60410000 0.15000000
vn -0.64720000 -0.72200000 0.24460000
vn -0.12420000 -0.57780000 0.80670000
vn -0.31160000 -0.89750000 0.31200000
vn -0.19770000 -0.91750000 0.34500000
vn -0.20030000 -0.50840000 0.83750000
vn -0.81470000 -0.57370000 0.08480000
vn -0.07480000 -0.84490000 0.52960000
vn -0.65650000 -0.74050000 0.14360000
vn -0.95890000 -0.23200000 -0.16320000
vn -0.15010000 -0.92750000 0.34250000
vn -0.43090000 -0.86850000 0.24490000
vn -0.29960000 -0.46660000 0.83210000
vn -0.14470000 -0.93020000 0.33720000
vn -0.54580000 -0.82180000 0.16360000
vn -0.08070000 -0.85970000 0.50430000
vn -0.71830000 -0.69540000 -0.02220000
vn -0.33340000 -0.55350000 0.76320000
vn -0.05980000 -0.89450000 0.44300000
vn -0.91610000 -0.22910000 -0.32900000
vn -0.42220000 -0.46050000 0.78080000
vn -0.11490000 -0.86040000 0.49650000
vn -0.16960000 -0.94040000 0.29490000
vn -0.88350000 -0.10380000 -0.45680000
vn -0.84970000 -0.42560000 -0.31140000
vn -0.44900000 -0.53350000 0.71680000
vn -0.69280000 -0.71720000 -0.07530000
vn -0.83600000 -0.37340000 -0.40210000
vn -0.10410000 -0.87890000 0.46560000
vn -0.16570000 -0.94590000 0.27890000
vn -0.66710000 -0.73330000 -0.13090000
vn -0.70470000 -0.64690000 -0.29160000
vn -0.05470000 -0.93920000 0.33900000
vn -0.11160000 -0.88130000 0.45920000
vn -0.29990000 -0.94420000 0.13630000
vn -0.08550000 -0.94860000 0.30480000
vn -0.49250000 -0.54580000 0.67790000
vn -0.49350000 -0.59450000 0.63490000
vn -0.66630000 -0.65190000 -0.36190000
vn -0.32900000 -0.94240000 0.06060000
vn -0.72250000 0.01250000 -0.69130000
vn -0.65740000 0.01130000 -0.75340000
vn -0.58160000 -0.01150000 -0.81340000
vn -0.67610000 0.50970000 -0.53210000
vn -0.42690000 0.51820000 -0.74110000
vn -0.88700000 0.01260000 -0.46150000
vn -0.35180000 0.53360000 -0.76910000
vn -0.76670000 0.50690000 -0.39390000
vn -0.32940000 -0.01020000 -0.94410000
vn -0.95960000 -0.01200000 -0.28110000
vn -0.23550000 -0.06510000 -0.96970000
vn -0.98250000 -0.01190000 -0.18580000
vn -0.82540000 0.50960000 -0.24280000
vn -0.20640000 0.48200000 -0.85150000
vn -0.12350000 0.49940000 -0.85750000
vn -0.99590000 0.01200000 -0.08930000
vn -0.04730000 -0.01240000 -0.99880000
vn -0.84930000 0.52150000 -0.08250000
vn -0.99590000 -0.01200000 0.08930000
vn 0.04740000 -0.14540000 -0.98820000
vn 0.04290000 0.44680000 -0.89360000
vn 0.14160000 -0.01210000 -0.98990000
vn -0.83710000 0.52250000 0.16210000
vn 0.12350000 0.49940000 -0.85750000
vn 0.32940000 -0.01020000 -0.94410000
vn -0.92780000 0.01320000 0.37290000
vn 0.27300000 0.54860000 -0.79030000
vn -0.88700000 -0.01330000 0.46160000
vn -0.79600000 0.51490000 0.31820000
vn -0.77230000 0.49610000 0.39690000
vn -0.72030000 0.51630000 0.46330000
vn -0.84230000 -0.01240000 0.53890000
vn -0.78600000 0.01310000 0.61800000
vn 0.55170000 0.53840000 -0.63700000
vn 0.65740000 0.01130000 -0.75340000
vn -0.67190000 0.51870000 0.52870000
vn -0.62700000 0.49970000 0.59770000
vn 0.72250000 0.01250000 -0.69120000
vn -0.65740000 -0.01180000 0.75350000
vn 0.62270000 0.51010000 -0.59330000
vn 0.78610000 -0.01210000 -0.61800000
vn -0.58140000 0.01230000 0.81350000
vn -0.49030000 0.53300000 0.68960000
vn -0.50050000 0.01260000 0.86560000
vn -0.42410000 0.52760000 0.73610000
vn 0.84220000 0.01180000 -0.53900000
vn -0.41520000 -0.03820000 0.90890000
vn 0.76670000 0.50690000 -0.39390000
vn 0.88700000 0.01260000 -0.46150000
vn 0.80160000 0.50470000 -0.32050000
vn -0.35940000 0.50210000 0.78660000
vn 0.92770000 -0.01230000 -0.37300000
vn -0.23540000 0.06600000 0.96970000
vn 0.98250000 -0.01190000 -0.18580000
vn 0.84270000 0.51300000 -0.16320000
vn -0.19880000 0.53480000 0.82130000
vn 0.84930000 0.52150000 -0.08250000
vn -0.12280000 0.50910000 0.85190000
vn -0.04730000 0.01320000 0.99880000
vn 0.99990000 -0.01210000 0.00010000
vn 0.99590000 -0.01200000 0.08930000
vn 0.85510000 0.51180000 0.08310000
vn 0.12250000 0.50920000 0.85190000
vn 0.19880000 0.53480000 0.82130000
vn 0.32950000 0.01100000 0.94410000
vn 0.23540000 0.06600000 0.96970000
vn 0.95960000 0.01200000 0.28110000
vn 0.81980000 0.51930000 0.24120000
vn 0.79600000 0.51490000 0.31820000
vn 0.27170000 0.55620000 0.78540000
vn 0.50050000 0.01260000 0.86560000
vn 0.42410000 0.52760000 0.73610000
vn 0.41520000 -0.03820000 0.90890000
vn 0.35940000 0.50210000 0.78660000
vn 0.77230000 0.49610000 0.39690000
vn 0.49030000 0.53300000 0.68960000
vn 0.78600000 0.01310000 0.61800000
vn 0.72030000 0.51630000 0.46330000
vn 0.55560000 0.52920000 0.64140000
vn 0.72250000 -0.01310000 0.69130000
vn 0.65740000 -0.01180000 0.75350000
vn 0.17460000 -0.68660000 0.70570000
vn -0.00310000 -0.91040000 0.41370000
vn -0.60740000 -0.60180000 0.51850000
vn 0.45010000 -0.61300000 0.64930000
vn 0.55890000 -0.67450000 -0.48240000
vn 0.03800000 -0.13340000 0.99030000
vn 0.04670000 -0.29720000 0.95370000
vn 0.18300000 -0.19010000 -0.96460000
vn 0.34680000 -0.26560000 -0.89960000
vn 0.45590000 -0.11780000 -0.88220000
vn 0.40640000 -0.01080000 -0.91360000
vn 0.50760000 -0.13470000 -0.85100000
vn 0.54210000 -0.14010000 -0.82860000
vn 0.67070000 -0.08960000 -0.73630000
vn 0.79190000 -0.11910000 -0.59890000
vn 0.77470000 -0.11320000 -0.62210000
vn 0.83180000 -0.23260000 -0.50410000
vn 0.84840000 -0.12420000 -0.51460000
vn 0.86360000 -0.02920000 -0.50330000
vn 0.88750000 -0.10630000 -0.44840000
vn 0.91420000 -0.18270000 -0.36180000
vn 0.92810000 -0.08660000 -0.36210000
vn 0.97720000 -0.13050000 -0.16730000
vn 0.97830000 -0.17610000 -0.10920000
vn 0.99640000 -0.02270000 -0.08120000
vn 0.97400000 -0.22490000 -0.02790000
vn 0.99910000 -0.03900000 0.01890000
vn 0.94630000 -0.27170000 0.17510000
vn 0.99670000 -0.04850000 0.06440000
vn 0.96760000 -0.15510000 0.19930000
vn 0.98940000 -0.04310000 0.13870000
vn 0.94330000 -0.22710000 0.24200000
vn 0.98140000 0.14300000 0.12800000
vn 0.96450000 -0.03260000 0.26200000
vn 0.95270000 -0.13920000 0.27020000
vn 0.94610000 -0.03040000 0.32260000
vn 0.91990000 -0.07830000 0.38420000
vn 0.91820000 -0.00550000 0.39600000
vn 0.89530000 -0.02480000 0.44470000
vn 0.81600000 -0.14450000 0.55970000
vn 0.85250000 -0.02470000 0.52210000
vn 0.72850000 -0.17210000 0.66310000
vn 0.82650000 -0.02000000 0.56260000
vn 0.77300000 -0.14590000 0.61740000
vn 0.71990000 -0.15710000 0.67600000
vn 0.77480000 -0.02500000 0.63170000
vn 0.75460000 -0.02140000 0.65580000
vn 0.72210000 -0.01860000 0.69150000
vn 0.66230000 -0.20860000 0.71970000
vn 0.64560000 -0.21590000 0.73250000
vn 0.69330000 -0.02260000 0.72030000
vn 0.62620000 -0.04450000 0.77840000
vn 0.62900000 -0.01960000 0.77720000
vn 0.59570000 0.00080000 0.80320000
vn 0.59340000 -0.07320000 0.80160000
vn 0.53730000 -0.12250000 0.83440000
vn 0.48090000 -0.01690000 0.87660000
vn 0.51790000 0.00180000 0.85550000
vn 0.43280000 -0.24280000 0.86820000
vn 0.37350000 -0.32600000 0.86850000
vn 0.44090000 -0.02150000 0.89730000
vn 0.34240000 -0.22590000 0.91200000
vn 0.31680000 -0.01040000 0.94850000
vn 0.21300000 -0.20640000 0.95500000
vn 0.28200000 -0.17490000 0.94330000
vn 0.18470000 -0.40400000 0.89590000
vn 0.16680000 -0.15710000 0.97340000
vn 0.09480000 -0.12820000 0.98720000
vn 0.09880000 -0.21210000 0.97220000
vn 0.35180000 0.53360000 -0.76910000
vn -0.84270000 0.51300000 -0.16320000
vn 0.42690000 0.51820000 -0.74110000
vn 0.49340000 0.52450000 -0.69390000
vn -0.80160000 0.50470000 -0.32050000
vn 0.67610000 0.50970000 -0.53210000
vn -0.88900000 0.00060000 -0.45790000
vn -0.71530000 0.52600000 -0.46010000
vn 0.71530000 0.52600000 -0.46010000
vn -0.62270000 0.51010000 -0.59330000
vn -0.55170000 0.53840000 -0.63700000
vn -0.72370000 0.00110000 -0.69010000
vn -0.49340000 0.52450000 -0.69390000
vn 0.82540000 0.50960000 -0.24280000
vn -0.27300000 0.54860000 -0.79030000
vn -0.04160000 0.49750000 -0.86650000
vn -0.04780000 0.00200000 -0.99890000
vn 0.20640000 0.48200000 -0.85150000
vn -0.94500000 -0.32580000 0.02800000
vn -0.78490000 -0.61910000 0.02530000
vn -0.76320000 -0.59260000 -0.25770000
vn -0.44960000 -0.62160000 -0.64140000
vn -0.61020000 -0.70420000 -0.36300000
vn 0.00610000 -0.91090000 -0.41260000
vn 0.39470000 -0.68910000 -0.60770000
vn 0.74220000 -0.55710000 -0.37240000
vn 0.89250000 -0.41650000 -0.17290000
vn 0.57520000 -0.78800000 -0.21960000
vn 0.75250000 -0.51690000 -0.40810000
vn 0.40420000 -0.74780000 0.52670000
vn 0.13650000 -0.88510000 0.44500000
vn 0.34460000 -0.93560000 0.07700000
vn 0.50200000 -0.62920000 0.59340000
vn 0.34590000 -0.92460000 0.15950000
vn 0.63920000 -0.74070000 -0.20710000
vn 0.66090000 -0.73620000 -0.14590000
vn 0.52370000 -0.57270000 0.63070000
vn 0.90370000 -0.05810000 -0.42430000
vn 0.83280000 -0.52260000 -0.18240000
vn 0.51690000 -0.51770000 0.68170000
vn -0.10530000 -0.97760000 -0.18220000
vn 0.17760000 -0.94440000 0.27680000
vn 0.61130000 -0.79140000 -0.00770000
vn 0.43560000 -0.56790000 0.69840000
vn 0.13200000 -0.87760000 0.46100000
vn -0.13670000 -0.75600000 -0.64010000
vn -0.04680000 -0.99390000 -0.09950000
vn -0.02280000 -0.54970000 -0.83500000
vn 0.67090000 -0.73870000 -0.06410000
vn 0.08200000 -0.89670000 0.43490000
vn -0.04670000 -0.85120000 -0.52270000
vn 0.21700000 -0.93110000 0.29340000
vn 0.94140000 -0.18760000 -0.28020000
vn 0.73270000 -0.67980000 0.03160000
vn 0.74420000 -0.66520000 -0.06100000
vn 0.43780000 -0.46600000 0.76890000
vn 0.95940000 -0.21690000 -0.18020000
vn 0.09680000 -0.86620000 0.49020000
vn 0.01150000 -0.98090000 -0.19410000
vn 0.00270000 -0.12600000 -0.99200000
vn 0.08800000 -0.11890000 -0.98900000
vn 0.03670000 -0.99670000 -0.07240000
vn 0.34800000 -0.51390000 0.78410000
vn 0.03930000 -0.78490000 -0.61840000
vn 0.73510000 -0.67500000 0.06270000
vn 0.26550000 -0.91800000 0.29460000
vn 0.09110000 -0.37460000 -0.92270000
vn 0.69450000 -0.70960000 0.11900000
vn 0.64000000 -0.73900000 0.21050000
vn 0.98630000 -0.16100000 -0.03610000
vn 0.12510000 -0.80180000 0.58430000
vn 0.10800000 -0.88020000 -0.46220000
vn 0.18500000 -0.70780000 -0.68170000
vn 0.24140000 -0.91490000 0.32360000
vn 0.37400000 -0.20420000 0.90470000
vn 0.07260000 -0.99660000 -0.03920000
vn 0.09120000 -0.82700000 0.55480000
vn 0.26530000 -0.16350000 -0.95020000
vn 0.22420000 -0.67860000 -0.69950000
vn 0.69650000 -0.68060000 0.22710000
vn 0.97200000 -0.22330000 0.07280000
vn 0.64880000 -0.69870000 0.30130000
vn 0.66900000 -0.69360000 0.26720000
vn 0.25060000 -0.86060000 -0.44330000
vn 0.27760000 -0.18920000 0.94190000
vn 0.18120000 -0.90950000 0.37420000
vn 0.97800000 -0.15760000 0.13690000
vn 0.60440000 -0.70970000 0.36190000
vn 0.36000000 -0.66570000 -0.65360000
vn 0.09140000 -0.98690000 0.13300000
vn 0.43800000 -0.39050000 -0.80980000
vn 0.02300000 -0.88070000 0.47310000
vn 0.69240000 -0.61870000 0.37120000
vn 0.93630000 -0.16550000 0.30990000
vn 0.74250000 -0.54200000 0.39360000
vn 0.42440000 -0.09440000 -0.90050000
vn 0.35210000 -0.80810000 -0.47230000
vn 0.19680000 -0.98000000 -0.03120000
vn 0.52060000 -0.39870000 -0.75500000
vn 0.40130000 -0.85720000 -0.32270000
vn 0.43530000 -0.69480000 -0.57250000
vn 0.64400000 -0.62600000 0.43980000
vn 0.43270000 -0.86110000 -0.26690000
vn 0.90380000 -0.16170000 0.39640000
vn 0.57920000 -0.27390000 -0.76780000
vn 0.68520000 -0.53720000 0.49180000
vn 0.17840000 -0.89010000 0.41940000
vn 0.65380000 -0.28410000 -0.70130000
vn 0.83820000 -0.21230000 0.50240000
vn 0.47650000 -0.83600000 -0.27230000
vn 0.71800000 -0.21950000 -0.66060000
vn 0.35150000 -0.81050000 0.46860000
vn 0.11440000 -0.90260000 0.41500000
vn 0.18470000 -0.97010000 0.15750000
vn 0.53220000 -0.79660000 -0.28660000
vn -0.11980000 -0.87830000 0.46280000
vn -0.48930000 -0.60100000 0.63200000
vn -0.47610000 -0.58170000 0.65950000
vn -0.76820000 -0.14600000 0.62330000
vn -0.58900000 -0.80630000 -0.05510000
vn -0.13690000 -0.88030000 0.45420000
vn -0.53600000 -0.60010000 0.59380000
vn -0.57220000 -0.81160000 -0.11790000
vn -0.13960000 -0.88990000 0.43440000
vn -0.41920000 -0.90790000 0.00450000
vn -0.76760000 -0.49920000 -0.40210000
vn -0.55290000 -0.60690000 0.57100000
vn -0.17900000 -0.96020000 0.21430000
vn 0.10730000 -0.58150000 0.80650000
vn -0.55410000 -0.80870000 -0.19730000
vn 0.06310000 -0.70790000 0.70350000
vn 0.02710000 -0.65320000 0.75670000
vn -0.13740000 -0.89290000 0.42870000
vn -0.71190000 -0.30260000 -0.63370000
vn -0.52490000 -0.65910000 0.53860000
vn 0.04020000 -0.78370000 0.61980000
vn -0.64140000 -0.53600000 -0.54890000
vn -0.31930000 -0.94760000 -0.00690000
vn -0.64480000 -0.57620000 0.50230000
vn -0.58150000 -0.66350000 0.47080000
vn -0.65320000 -0.12270000 -0.74720000
vn -0.24730000 -0.96860000 0.02630000
vn -0.56980000 -0.64940000 -0.50360000
vn -0.02720000 -0.59950000 0.79990000
vn 0.00880000 -0.24960000 0.96830000
vn -0.47390000 -0.74780000 -0.46500000
vn -0.94040000 -0.11670000 0.31950000
vn -0.73550000 -0.52860000 0.42380000
vn -0.50770000 -0.31950000 -0.80010000
vn -0.06280000 -0.63110000 0.77320000
vn -0.01710000 -0.87270000 0.48800000
vn -0.33890000 -0.91440000 -0.22150000
vn -0.70210000 -0.59500000 0.39120000
vn -0.54940000 -0.74030000 0.38740000
vn -0.42090000 -0.73130000 -0.53660000
vn -0.74670000 -0.59200000 0.30330000
vn -0.08280000 -0.72030000 0.68870000
vn -0.15500000 -0.08810000 0.98400000
vn -0.97630000 -0.13990000 0.16520000
vn -0.21550000 -0.97420000 -0.06700000
vn -0.35410000 -0.69900000 -0.62130000
vn -0.30260000 -0.84800000 -0.43500000
vn -0.20960000 -0.90280000 0.37550000
vn -0.77460000 -0.58010000 0.25210000
vn -0.12150000 -0.72240000 0.68070000
vn -0.61870000 -0.73080000 0.28850000
vn -0.22020000 -0.57450000 0.78830000
vn -0.05880000 -0.85420000 0.51660000
vn -0.21470000 -0.90280000 -0.37270000
vn -0.98490000 -0.17240000 0.01350000
vn -0.18960000 -0.58310000 -0.78990000
vn -0.28880000 -0.32430000 -0.90080000
vn -0.66690000 -0.71320000 0.21600000
vn -0.25170000 -0.53040000 0.80950000
vn -0.19360000 -0.82150000 -0.53640000
vn -0.06540000 -0.86990000 0.48890000
vn -0.31130000 -0.51270000 0.80010000
vn -0.78830000 -0.60690000 0.10130000
vn -0.98620000 -0.14870000 -0.07340000
vn -0.76370000 -0.63660000 0.10710000
vn -0.34800000 -0.49510000 0.79610000
vn -0.22030000 -0.92270000 0.31640000
vn -0.73130000 -0.68050000 0.04610000
vn -0.92800000 -0.27680000 -0.24930000
vn -0.37080000 -0.59380000 0.71410000
vn -0.37220000 -0.54610000 0.75050000
vn -0.22550000 -0.93100000 0.28710000
vn -0.36630000 -0.63840000 0.67700000
vn -0.59540000 -0.79330000 0.12700000
vn -0.66300000 -0.74810000 0.02750000
vn -0.22870000 -0.93190000 0.28140000
vn -0.61940000 -0.78500000 0.00610000
vn -0.48420000 -0.54990000 0.68060000
vn -0.71580000 -0.69140000 -0.09750000
vn -0.23860000 -0.94140000 0.23850000
vn 0.88900000 0.00070000 -0.45790000
vn 0.41620000 0.00080000 -0.90930000
vn 0.32750000 0.00140000 -0.94490000
vn 0.23510000 0.00200000 -0.97200000
vn 0.98190000 0.00020000 -0.18930000
vn 0.99550000 0.00040000 -0.09510000
vn 0.99550000 0.00020000 0.09500000
vn -0.23520000 0.00170000 -0.97200000
vn -0.32750000 0.00100000 -0.94480000
vn 0.84140000 0.00020000 0.54050000
vn 0.41600000 0.00030000 0.90930000
vn 0.32720000 0.00020000 0.94490000
vn -1.00000000 0.00030000 0.00020000
vn -0.04800000 0.00030000 0.99880000
vn -0.14270000 0.00020000 0.98980000
vn -0.88900000 0.00030000 0.45800000
vn -0.84140000 0.00030000 0.54050000
vn -0.30780000 -0.94750000 -0.08670000
vn -0.58610000 -0.35880000 -0.72640000
vn -0.10450000 -0.93860000 -0.32880000
vn -0.17390000 -0.68960000 -0.70300000
vn -0.04190000 -0.93130000 -0.36190000
vn 0.18080000 -0.78330000 -0.59480000
vn 0.49890000 -0.52260000 -0.69130000
vn 0.01360000 -0.91480000 -0.40370000
vn -0.13670000 -0.90090000 -0.41200000
vn -0.13350000 -0.70710000 -0.69440000
vn -0.20630000 -0.69190000 -0.69190000
vn -0.53260000 -0.48190000 -0.69570000
vn -0.63690000 -0.32440000 -0.69940000
vn -0.00000000 -0.00000000 -1.00000000
vn 0.57610000 0.42740000 -0.69670000
vn 0.23100000 0.68340000 -0.69250000
vn 0.11590000 0.70990000 -0.69460000
vn 0.05500000 0.71280000 -0.69920000
vn -0.43110000 0.57810000 -0.69270000
vn -0.68000000 0.21950000 -0.69960000
vn -0.69570000 0.15520000 -0.70130000
vn 0.18530000 -0.89770000 0.39970000
vn -0.30590000 -0.95180000 0.02310000
vn -0.18500000 -0.96090000 0.20620000
vn 0.21720000 -0.97490000 0.04900000
vn -0.30000000 -0.94560000 -0.12580000
vn -0.29940000 -0.93930000 0.16750000
vn 0.25190000 -0.96660000 0.04630000
vn 0.10490000 -0.72600000 0.67960000
vn -0.09550000 -0.98310000 0.15610000
vn 0.05460000 -0.84970000 0.52440000
vn -0.25060000 -0.94030000 0.23030000
vn -0.10640000 -0.99400000 0.02460000
vn -0.09790000 -0.88050000 0.46380000
vn 0.33330000 -0.93530000 0.11850000
vn 0.09270000 -0.88100000 0.46390000
vn -0.08570000 -0.87930000 0.46840000
vn -0.19400000 -0.91810000 0.34570000
vn -0.09380000 -0.86350000 0.49560000
vn 0.30280000 -0.92070000 0.24620000
vn 0.31610000 -0.91590000 0.24750000
vn 0.23380000 -0.92060000 0.31280000
vn 0.29600000 -0.91610000 0.27040000
vn 0.12550000 -0.98660000 -0.10460000
vn -0.18960000 -0.89560000 0.40240000
vn -0.38990000 -0.83700000 0.38390000
vn 0.33240000 -0.88920000 0.31450000
vn -0.04610000 -0.79200000 0.60880000
vn 0.19680000 -0.91520000 0.35160000
vn -0.18750000 -0.89370000 0.40760000
vn 0.18920000 -0.91160000 0.36510000
vn -0.16200000 -0.89240000 0.42120000
vn -0.01650000 -0.84650000 0.53220000
vn 0.20530000 -0.90700000 0.36780000
vn -0.01560000 -0.80670000 0.59070000
vn -0.52210000 0.85250000 0.02320000
vn 0.29000000 0.66210000 -0.69100000
vn 0.99870000 0.01710000 -0.04870000
vn 0.99520000 0.02770000 -0.09390000
vn 0.61680000 0.78660000 0.02740000
vn -0.19400000 0.97210000 -0.13180000
vn 0.39790000 0.12690000 -0.90860000
vn 0.95380000 0.29490000 -0.05770000
vn 0.95890000 0.26730000 -0.09560000
vn -0.12310000 0.99240000 0.00680000
vn 0.41220000 0.36510000 -0.83470000
vn 0.11770000 0.99300000 0.01260000
vn 0.96430000 0.26010000 -0.05060000
vn -0.37780000 0.61520000 -0.69190000
vn 0.99140000 0.10600000 -0.07680000
vn -0.63150000 0.77530000 -0.00320000
vn -0.17040000 0.98520000 -0.01920000
vn 0.92740000 0.37420000 -0.00200000
vn 0.33460000 0.36740000 -0.86780000
vn 0.35010000 0.93520000 0.05340000
vn 0.28310000 0.70850000 -0.64640000
vn 0.97400000 0.22230000 -0.04330000
vn -0.14850000 0.97740000 -0.15070000
vn 0.97900000 0.17970000 -0.09630000
vn 0.98630000 0.13320000 -0.09750000
vn 0.99980000 0.00290000 -0.02160000
vn 0.99550000 0.04680000 -0.08190000
vn 0.99990000 0.00800000 -0.01500000
vn -0.41440000 0.89700000 0.15400000
vn 0.35680000 0.70820000 -0.60930000
vn 0.35140000 0.55860000 -0.75130000
vn 0.84410000 0.53620000 0.00840000
vn 0.99550000 0.05890000 -0.07450000
vn 0.99740000 0.03980000 -0.06030000
vn 0.44730000 0.56580000 -0.69260000
vn -0.09970000 0.98250000 -0.15730000
vn -0.99980000 0.00300000 -0.02210000
vn 0.98580000 0.14790000 -0.07900000
vn 0.99110000 0.11720000 -0.06280000
vn 0.99990000 0.00150000 -0.01320000
vn -0.48380000 0.87510000 -0.01030000
vn -0.56070000 0.82800000 -0.00510000
vn 0.99610000 0.06330000 -0.06180000
vn 0.39870000 0.60270000 -0.69120000
vn 0.54690000 0.83660000 0.03160000
vn -0.99930000 0.00480000 -0.03770000
vn -0.02370000 0.71070000 -0.70310000
vn -0.08650000 0.71020000 -0.69860000
vn -0.99810000 0.00650000 -0.06080000
vn 0.68160000 0.73130000 0.02360000
vn 0.51020000 0.85980000 0.01960000
vn -0.99980000 0.00670000 -0.01600000
vn 0.50140000 0.42550000 -0.75340000
vn -0.99990000 -0.00650000 -0.00800000
vn 0.43490000 0.90040000 0.01380000
vn 0.34720000 0.63480000 -0.69020000
vn 0.16000000 0.91050000 -0.38120000
vn 0.21360000 0.90770000 -0.36120000
vn 0.95880000 0.28340000 -0.01800000
vn 0.95560000 0.29460000 -0.00120000
vn 0.98210000 0.18480000 -0.03620000
vn 0.97710000 0.20020000 -0.07150000
vn -0.99860000 0.02460000 -0.04610000
vn -0.99940000 0.02280000 -0.02640000
vn -0.99810000 0.01830000 -0.05850000
vn 0.98440000 0.16590000 -0.05950000
vn -0.99520000 0.01380000 -0.09740000
vn 0.42740000 0.46070000 -0.77790000
vn 0.44700000 0.58230000 -0.67900000
vn -1.00000000 -0.00500000 0.00560000
vn 0.97000000 0.24260000 -0.01550000
vn 0.99870000 0.03600000 -0.03660000
vn 0.99750000 0.04280000 -0.05540000
vn 0.58380000 0.81180000 0.01300000
vn 0.35940000 0.93320000 -0.00070000
vn -0.37260000 0.92680000 0.04690000
vn 0.99950000 0.01820000 -0.02560000
vn 0.99870000 0.02550000 -0.04310000
vn -0.99970000 -0.02020000 0.01620000
vn 0.99980000 -0.00000000 -0.01830000
vn 0.99980000 -0.00000000 -0.01870000
vn 1.00000000 0.00060000 -0.00680000
vn 0.97930000 0.20220000 -0.01300000
vn -0.01760000 0.99930000 -0.03450000
vn -0.08340000 0.99610000 -0.02860000
vn 0.49360000 0.52360000 -0.69440000
vn 0.64610000 0.76280000 0.02510000
vn -0.99940000 -0.02980000 0.01600000
vn 0.34040000 0.82500000 -0.45110000
vn 0.99610000 0.07160000 -0.05240000
vn 0.16970000 0.69890000 -0.69480000
vn -0.99980000 0.01280000 -0.01570000
vn 0.86610000 0.49980000 0.01060000
vn -0.99640000 0.02770000 -0.08000000
vn 0.18830000 0.98140000 -0.03760000
vn -0.99870000 0.03260000 -0.03970000
vn 0.70890000 0.70500000 0.02140000
vn -0.07050000 0.99450000 -0.07720000
vn 0.65340000 0.75700000 0.00040000
vn -1.00000000 -0.00800000 0.00600000
vn -0.99270000 0.06950000 -0.09860000
vn -0.98580000 0.02410000 -0.16610000
vn 0.99010000 0.13180000 -0.04710000
vn 1.00000000 -0.00120000 0.00120000
vn 0.27850000 0.95980000 -0.03450000
vn -0.99670000 0.03940000 -0.07030000
vn -0.99280000 0.03380000 -0.11500000
vn 0.99590000 0.08020000 -0.04300000
vn -0.99690000 0.04900000 -0.06170000
vn -0.99420000 0.06640000 -0.08410000
vn -1.00000000 -0.00090000 0.00070000
vn 0.99990000 -0.00660000 -0.01080000
vn -0.98090000 0.08580000 -0.17430000
vn 0.26060000 0.89760000 -0.35540000
vn -0.99390000 0.05200000 -0.09710000
vn 0.99980000 -0.00000000 -0.01870000
vn 1.00000000 -0.00230000 -0.00700000
vn -0.99990000 0.01080000 -0.00620000
vn -0.99950000 0.02500000 -0.01900000
vn 0.98690000 0.16120000 -0.01030000
vn 0.48000000 0.12600000 -0.86820000
vn 0.99550000 0.08890000 -0.03200000
vn -0.98870000 0.04870000 -0.14210000
vn 0.15920000 0.98720000 0.00990000
vn 0.55650000 0.15920000 -0.81540000
vn 0.99870000 0.04320000 -0.02780000
vn 0.99950000 0.02420000 -0.01980000
vn 0.99990000 0.00980000 -0.00990000
vn -0.99850000 0.03920000 -0.03860000
vn -0.99690000 0.05690000 -0.05430000
vn 0.99860000 0.05040000 -0.01840000
vn 0.51600000 0.42430000 -0.74410000
vn 0.71630000 0.69780000 -0.00390000
vn -0.99940000 0.03180000 -0.01620000
vn 0.44390000 0.69270000 -0.56850000
vn 0.52620000 0.56820000 -0.63270000
vn -0.99420000 0.08700000 -0.06370000
vn -0.99430000 0.07730000 -0.07400000
vn -0.99690000 0.06390000 -0.04690000
vn -0.98970000 0.07000000 -0.12510000
vn -0.04200000 0.99910000 0.00010000
vn -0.99980000 0.01720000 -0.00490000
vn 0.98870000 0.14740000 -0.02860000
vn -0.99860000 0.04280000 -0.03140000
vn -0.99670000 0.07170000 -0.03830000
vn 0.99310000 0.11700000 -0.00760000
vn 0.99480000 0.10030000 -0.01870000
vn 0.00310000 0.99940000 -0.03400000
vn -0.99940000 0.03420000 -0.00930000
vn -0.99810000 0.06030000 -0.01200000
vn 0.99830000 0.05680000 -0.01090000
vn 0.10080000 0.99120000 -0.08640000
vn 0.94190000 0.33600000 0.00280000
vn -0.99390000 0.09750000 -0.05210000
vn -0.99640000 0.07990000 -0.02850000
vn 0.06960000 0.98270000 -0.17150000
vn -0.99850000 0.04790000 -0.02570000
vn 0.79850000 0.60180000 0.01400000
vn -0.99010000 0.08730000 -0.10980000
vn -0.98470000 0.10820000 -0.13700000
vn -0.98090000 0.05510000 -0.18680000
vn 0.32200000 0.90740000 -0.27010000
vn 0.42970000 0.80290000 -0.41320000
vn -0.96370000 0.13390000 -0.23120000
vn -0.96840000 0.03190000 -0.24720000
vn 0.07420000 0.99720000 0.00180000
vn -1.00000000 -0.00070000 -0.00000000
vn -0.99020000 0.10100000 -0.09640000
vn -1.00000000 0.00940000 0.00010000
vn -0.99330000 0.10860000 -0.03890000
vn 0.54150000 0.47410000 -0.69430000
vn -0.97200000 0.06010000 -0.22700000
vn 0.76900000 0.63910000 0.01600000
vn -0.99840000 0.05390000 -0.01960000
vn -0.99980000 0.01900000 -0.00160000
vn 0.04030000 0.99890000 -0.02340000
vn -0.32010000 0.64820000 -0.69090000
vn 0.59290000 0.40420000 -0.69640000
vn 0.99950000 -0.02630000 0.01680000
vn -0.98410000 0.08310000 -0.15720000
vn -0.99930000 0.03850000 -0.00300000
vn 1.00000000 -0.00080000 -0.00030000
vn -0.99240000 0.12080000 -0.02370000
vn -0.99590000 0.08900000 -0.01740000
vn 0.99970000 0.02140000 -0.01020000
vn 0.99950000 0.03100000 -0.00530000
vn 0.99930000 0.03710000 -0.00240000
vn -0.99000000 0.11360000 -0.08330000
vn -0.98450000 0.14160000 -0.10380000
vn 0.99650000 0.08330000 -0.00740000
vn 0.99640000 0.08490000 -0.00500000
vn -0.99520000 0.09750000 -0.00630000
vn -0.97450000 0.08390000 -0.20830000
vn -0.97730000 0.12700000 -0.16940000
vn 0.26810000 0.95880000 -0.09380000
vn 1.00000000 0.00300000 -0.00070000
vn -0.99780000 0.06550000 -0.00410000
vn -0.98470000 0.12590000 -0.12020000
vn 0.02660000 0.98870000 -0.14760000
vn -0.98960000 0.12710000 -0.06810000
vn 0.77290000 0.63440000 0.00980000
vn -0.94470000 0.04800000 -0.32450000
vn 0.99820000 0.06050000 -0.00400000
vn 0.60930000 0.37560000 -0.69830000
vn 0.96720000 0.25410000 0.00120000
vn -0.96340000 0.08260000 -0.25500000
vn 0.52610000 0.67440000 -0.51810000
vn 0.84830000 0.52940000 0.01140000
vn -0.98860000 0.14200000 -0.05070000
vn -0.98700000 0.15780000 -0.03070000
vn -0.99720000 0.07440000 -0.00030000
vn -0.99110000 0.13250000 -0.00860000
vn 0.40180000 0.88730000 -0.22620000
vn -0.94650000 0.15190000 -0.28480000
vn 0.99980000 0.01840000 -0.00100000
vn -0.96440000 0.11820000 -0.23640000
vn -0.95470000 0.10170000 -0.27960000
vn -0.96500000 0.13450000 -0.22500000
vn -0.97980000 0.19620000 -0.03820000
vn -0.99030000 0.13880000 -0.00060000
vn 0.82180000 0.56960000 0.01250000
vn -0.98490000 0.17260000 -0.01110000
vn -0.97770000 0.15190000 -0.14520000
vn -0.96860000 0.20050000 -0.14710000
vn -0.97740000 0.17050000 -0.12530000
vn -0.97620000 0.19150000 -0.10220000
vn 0.82600000 0.56360000 -0.00360000
vn -0.95710000 0.14120000 -0.25290000
vn 0.87310000 0.48720000 -0.01690000
vn 0.66830000 0.28130000 -0.68860000
vn -0.95920000 0.17500000 -0.22220000
vn -0.94190000 0.15300000 -0.29900000
vn -0.96880000 0.15390000 -0.19430000
vn 0.60070000 0.50460000 -0.62010000
vn 0.89980000 0.43620000 0.00410000
vn -0.96710000 0.22440000 -0.12010000
vn -0.98370000 0.15840000 -0.08480000
vn 0.64760000 0.31160000 -0.69540000
vn 0.51390000 0.73980000 -0.43420000
vn -0.95950000 0.20340000 -0.19470000
vn -0.98360000 0.18050000 -0.00070000
vn -0.97660000 0.21450000 -0.01370000
vn -0.97060000 0.23630000 -0.04610000
vn -0.98230000 0.17660000 -0.06320000
vn 0.99250000 0.12240000 0.00050000
vn 0.98560000 0.16920000 0.00120000
vn 0.99270000 0.12030000 0.00080000
vn 0.99790000 0.06440000 -0.00180000
vn 0.14180000 0.97890000 -0.14700000
vn -0.92780000 0.12810000 -0.35030000
vn -0.96900000 0.17880000 -0.17040000
vn 0.99980000 0.02010000 0.00010000
vn 0.99810000 0.06150000 -0.00180000
vn 0.99600000 0.08940000 0.00650000
vn 0.93500000 0.35460000 -0.00080000
vn -0.97410000 0.21310000 -0.07600000
vn -0.96610000 0.25780000 -0.01660000
vn 1.00000000 0.00140000 -0.00380000
vn 0.99930000 0.03550000 -0.00700000
vn 0.99770000 0.06740000 0.00330000
vn 0.99920000 0.03910000 -0.00010000
vn -0.99920000 0.04030000 -0.00010000
vn -0.99840000 0.05580000 -0.00020000
vn -0.71280000 0.00150000 -0.70140000
vn -0.99990000 0.01020000 -0.00000000
vn 0.64590000 0.36510000 -0.67040000
vn 0.67200000 0.25200000 -0.69640000
vn -0.96410000 0.25000000 -0.08920000
vn -0.95890000 0.22900000 -0.16750000
vn 0.68960000 0.18790000 -0.69940000
vn 0.95580000 0.29380000 -0.00360000
vn -0.93380000 0.17170000 -0.31400000
vn -0.99970000 0.02280000 -0.00020000
vn 0.96780000 0.25170000 -0.00030000
vn 0.98610000 0.16590000 0.00030000
vn -0.94900000 0.19500000 -0.24770000
vn -0.91330000 0.16900000 -0.37070000
vn 0.99220000 0.12460000 -0.01000000
vn 0.70750000 0.07020000 -0.70320000
vn 0.50580000 0.79260000 -0.34040000
vn -0.99720000 0.07440000 0.00020000
vn -0.91410000 0.14640000 -0.37810000
vn 0.08940000 0.99560000 -0.02950000
vn 0.52870000 0.84860000 0.01850000
vn 0.40200000 0.91540000 0.02210000
vn -0.95310000 0.28510000 -0.10190000
vn -0.95670000 0.25700000 -0.13690000
vn 0.42850000 0.90280000 0.03680000
vn 0.67890000 0.73380000 0.02440000
vn 0.68640000 0.72710000 -0.01100000
vn -0.93690000 0.21630000 -0.27480000
vn 0.45230000 0.89130000 0.03070000
vn 0.47410000 0.87970000 0.03600000
vn 0.71220000 0.70190000 -0.00890000
vn 0.70380000 0.71000000 0.02480000
vn 0.66260000 0.74880000 0.01580000
vn 0.12910000 0.99160000 -0.00950000
vn 0.52500000 0.85060000 0.02880000
vn 0.18650000 0.97390000 -0.12910000
vn 0.49020000 0.87110000 0.02930000
vn 0.76740000 0.64120000 -0.00470000
vn 0.72450000 0.68920000 0.01320000
vn 0.74580000 0.66620000 -0.00740000
vn -0.92030000 0.19130000 -0.34130000
vn 0.61510000 0.78820000 0.02090000
vn 0.67850000 0.73430000 0.01880000
vn 0.70560000 0.70840000 0.01850000
vn -0.94870000 0.25500000 -0.18670000
vn -0.94940000 0.22700000 -0.21690000
vn -0.93760000 0.25130000 -0.24050000
vn 0.59610000 0.80250000 0.02590000
vn 0.66330000 0.74810000 0.02210000
vn -0.94700000 0.31530000 -0.06170000
vn -0.95940000 0.27690000 -0.05400000
vn 0.86690000 0.49850000 -0.00200000
vn -0.89820000 0.15720000 -0.41050000
vn -0.90660000 0.20390000 -0.36960000
vn 0.78250000 0.62250000 0.01430000
vn 0.74410000 0.66780000 0.01770000
vn 0.72590000 0.68750000 0.01810000
vn 0.90490000 0.42570000 -0.00040000
vn -0.99480000 0.10220000 -0.00050000
vn 0.60100000 0.64170000 -0.47650000
vn 0.89950000 0.43690000 0.00410000
vn 0.87880000 0.47720000 0.00560000
vn 0.91580000 0.40160000 0.00300000
vn 0.83370000 0.55210000 0.01110000
vn 0.48360000 0.84180000 -0.23980000
vn 0.86960000 0.49360000 0.01030000
vn -0.94610000 0.28560000 -0.15290000
vn -0.93350000 0.31570000 -0.16980000
vn -0.93630000 0.28360000 -0.20700000
vn -0.93920000 0.34280000 -0.02200000
vn -0.95320000 0.30170000 -0.01920000
vn 0.98540000 0.17030000 -0.00000000
vn 0.99000000 0.14140000 0.00040000
vn 0.99280000 0.11940000 -0.00290000
vn -1.00000000 -0.00100000 -0.00490000
vn 0.60010000 0.58770000 -0.54270000
vn 0.33350000 0.94230000 -0.02970000
vn 0.37140000 0.92790000 0.03100000
vn 0.31240000 0.94990000 -0.01450000
vn -0.92320000 0.23850000 -0.30140000
vn 0.46790000 0.88360000 0.01770000
vn 0.42900000 0.90270000 0.03220000
vn 0.58200000 0.81320000 -0.00180000
vn -0.91920000 0.34690000 -0.18620000
vn 0.57120000 0.81990000 0.03770000
vn 0.31140000 0.94490000 0.10130000
vn -0.88420000 0.31450000 -0.34550000
vn 0.60830000 0.79310000 0.03070000
vn 0.59410000 0.80400000 0.02410000
vn 0.61590000 0.78740000 0.02730000
vn 0.64130000 0.76670000 0.02850000
vn 0.81820000 0.57490000 0.00150000
vn 0.84800000 0.53000000 -0.00480000
vn -0.90900000 0.25710000 -0.32800000
vn 0.81610000 0.57770000 0.01550000
vn 0.81890000 0.57380000 0.01160000
vn 0.63070000 0.14750000 -0.76190000
vn 0.78000000 0.62570000 0.01080000
vn -0.93410000 0.35040000 -0.06850000
vn 0.84280000 0.53820000 0.01240000
vn -0.91900000 0.38690000 -0.07560000
vn 0.83260000 0.55380000 0.01050000
vn 0.66150000 0.37880000 -0.64730000
vn 0.84560000 0.53380000 0.00960000
vn 0.94260000 0.33400000 0.00060000
vn -0.94140000 0.31760000 -0.11330000
vn -0.92390000 0.27660000 -0.26430000
vn -0.90980000 0.30070000 -0.28620000
vn 0.94110000 0.33800000 0.00020000
vn 0.94150000 0.33700000 0.00320000
vn 0.95570000 0.29430000 0.00160000
vn 0.92760000 0.37370000 0.00300000
vn 0.96690000 0.25530000 -0.00040000
vn 0.97800000 0.20850000 -0.00140000
vn 0.99990000 -0.01200000 0.00790000
vn -0.93410000 0.35700000 -0.00070000
vn 0.97670000 0.21460000 0.00180000
vn 0.97820000 0.20780000 -0.00040000
vn -0.88280000 0.18550000 -0.43150000
vn -0.89340000 0.26830000 -0.36040000
vn 0.92760000 0.37350000 0.00560000
vn 0.94170000 0.33630000 0.00500000
vn -0.99040000 0.13850000 0.00040000
vn -0.97460000 0.22410000 -0.00080000
vn -0.78860000 0.08990000 -0.60830000
vn -0.83910000 0.08140000 -0.53790000
vn -0.24520000 0.96910000 0.02520000
vn 0.93710000 0.34890000 0.01410000
vn 0.91820000 0.39610000 0.00440000
vn -0.86010000 0.18090000 -0.47700000
vn -0.92460000 0.38020000 -0.02440000
vn -0.90770000 0.41880000 -0.02720000
vn -0.90420000 0.37630000 -0.20220000
vn -0.92270000 0.31080000 -0.22800000
vn -0.91270000 0.38460000 -0.13800000
vn -0.92800000 0.35070000 -0.12570000
vn 0.97710000 0.21290000 0.00080000
vn 0.96140000 0.27510000 -0.00010000
vn -0.97460000 0.22400000 0.00110000
vn 0.96120000 0.27570000 0.00200000
vn -0.96310000 0.26910000 -0.00080000
vn 0.92070000 0.39020000 0.00390000
vn -0.98360000 0.18030000 0.00080000
vn 0.96130000 0.27560000 0.00300000
vn 0.96690000 0.25500000 0.00360000
vn 0.97760000 0.21040000 0.00060000
vn -0.86840000 0.24300000 -0.43220000
vn 0.95560000 0.29460000 0.00180000
vn 0.94500000 0.32690000 0.00710000
vn 0.94780000 0.31880000 -0.00000000
vn 0.95190000 0.30650000 0.00190000
vn 0.95790000 0.28720000 0.00390000
vn 0.70350000 0.13130000 -0.69850000
vn -0.88870000 0.45750000 -0.02980000
vn -0.90840000 0.33740000 -0.24720000
vn -0.89220000 0.36390000 -0.26760000
vn -0.99980000 -0.01820000 0.00450000
vn -0.84490000 0.26890000 -0.46240000
vn -0.97460000 0.22370000 0.00140000
vn 0.26400000 0.96450000 -0.00050000
vn 0.93760000 0.34750000 -0.00990000
vn 0.90270000 0.43020000 0.00250000
vn 0.88000000 0.47490000 0.00980000
vn -0.88480000 0.45720000 -0.09050000
vn 0.92200000 0.38700000 0.00740000
vn 0.90350000 0.42850000 0.00700000
vn 0.21300000 0.97700000 -0.00190000
vn 0.98560000 0.16920000 0.00190000
vn 0.98370000 0.17980000 0.00060000
vn 0.96800000 0.25090000 0.00200000
vn 0.96610000 0.25830000 -0.00000000
vn -0.87420000 0.30200000 -0.38030000
vn -0.89680000 0.41610000 -0.15020000
vn 0.98410000 0.17760000 0.00120000
vn 0.96920000 0.24630000 0.00260000
vn 0.36300000 0.93010000 -0.05600000
vn -0.91840000 0.39570000 -0.00050000
vn 0.97880000 0.20470000 0.00050000
vn 0.41980000 0.90660000 -0.04270000
vn -0.87340000 0.39220000 -0.28870000
vn -0.89380000 0.32480000 -0.30930000
vn -0.84790000 0.25750000 -0.46340000
vn -0.82640000 0.27580000 -0.49090000
vn 0.20120000 0.97810000 -0.05390000
vn 0.55460000 0.80680000 -0.20370000
vn 0.25300000 0.96460000 0.07470000
vn -0.87510000 0.35030000 -0.33390000
vn 0.89790000 0.44000000 0.01130000
vn 0.88080000 0.47340000 0.00560000
vn -0.81420000 0.20340000 -0.54380000
vn 0.99400000 0.10890000 -0.00670000
vn -0.90200000 0.42360000 -0.08310000
vn 0.99980000 0.01760000 -0.01170000
vn 0.99990000 0.00390000 -0.01630000
vn -0.86540000 0.49150000 -0.09780000
vn 0.99750000 0.07030000 -0.00320000
vn -0.90030000 0.43530000 -0.00050000
vn -0.88010000 0.47480000 -0.00020000
vn 0.99390000 0.10970000 0.00600000
vn -0.86820000 0.43680000 -0.23530000
vn 0.98730000 0.15890000 0.00090000
vn 0.99740000 0.05950000 -0.03960000
vn 0.99470000 0.04210000 -0.09360000
vn 0.99000000 0.02960000 -0.13760000
vn 0.99750000 0.07050000 0.00400000
vn 0.71190000 0.00420000 -0.70230000
vn -0.85400000 0.32300000 -0.40790000
vn -0.94930000 0.31450000 -0.00080000
vn -0.83190000 0.34510000 -0.43450000
vn 0.01430000 0.99990000 -0.00500000
vn 0.85840000 0.51300000 0.00500000
vn 0.86620000 0.49970000 0.01110000
vn -0.88760000 0.40550000 -0.21850000
vn 0.45140000 0.89070000 -0.05410000
vn 0.45940000 0.87780000 -0.13550000
vn -0.84740000 0.46730000 -0.25210000
vn -0.80180000 0.37940000 -0.46170000
vn 0.13810000 0.99030000 0.01150000
vn -0.80170000 0.29290000 -0.52110000
vn 0.06160000 0.99690000 -0.04790000
vn 0.12010000 0.99280000 0.00310000
vn 0.16790000 0.98560000 -0.01850000
vn 0.22790000 0.96710000 -0.11280000
vn -0.94940000 0.31420000 0.00290000
vn 0.24290000 0.96980000 0.02230000
vn -0.84800000 0.52880000 -0.03520000
vn -0.86940000 0.49310000 -0.03240000
vn 0.57780000 0.75580000 -0.30790000
vn 0.59030000 0.69840000 -0.40480000
vn -0.84320000 0.52700000 -0.10600000
vn -0.87900000 0.44870000 -0.16140000
vn -0.09700000 0.99460000 -0.03810000
vn -0.14040000 0.98930000 -0.03910000
vn -0.03890000 0.99920000 0.00040000
vn -0.85520000 0.37580000 -0.35710000
vn 0.52900000 0.84210000 -0.10490000
vn -0.09490000 0.99320000 0.06700000
vn -0.81090000 0.38770000 -0.43830000
vn -0.85840000 0.48260000 -0.17400000
vn 0.66790000 0.46890000 -0.57800000
vn -0.99900000 0.04370000 -0.00600000
vn -0.99920000 0.03910000 -0.00010000
vn -0.99840000 0.05590000 0.00010000
vn -0.14250000 0.98980000 0.00530000
vn -0.77530000 0.30760000 -0.55170000
vn -0.76260000 0.22990000 -0.60470000
vn -0.22310000 0.97470000 -0.01050000
vn 0.29480000 0.95550000 0.01140000
vn -0.94920000 0.31450000 0.00250000
vn -0.05090000 0.99870000 0.00090000
vn 0.31520000 0.94490000 -0.08870000
vn -1.00000000 -0.00140000 0.00820000
vn -0.85310000 0.42060000 -0.30880000
vn -0.28670000 0.95800000 -0.00170000
vn -0.19570000 0.97650000 -0.09090000
vn -0.23490000 0.97130000 0.03850000
vn 0.72070000 0.35090000 -0.59790000
vn -0.83150000 0.44700000 -0.32970000
vn -0.29520000 0.95500000 0.02820000
vn -0.83310000 0.40120000 -0.38060000
vn -0.25050000 0.96660000 0.05370000
vn -0.18560000 0.98040000 0.06610000
vn 0.99990000 0.01390000 0.00670000
vn -0.91820000 0.39620000 0.00420000
vn -0.78370000 0.39760000 -0.47720000
vn -1.00000000 0.00830000 0.00430000
vn -0.82520000 0.49620000 -0.26980000
vn -0.99500000 0.09930000 -0.01390000
vn -0.70560000 0.09560000 -0.70210000
vn -0.70950000 0.04590000 -0.70320000
vn -0.26210000 0.96500000 0.01240000
vn -0.82400000 0.56520000 -0.03910000
vn -0.93400000 0.35720000 0.00350000
vn -0.35470000 0.93470000 0.02390000
vn -0.42520000 0.90260000 -0.06650000
vn -0.29290000 0.95360000 0.06960000
vn -0.32090000 0.94600000 0.04630000
vn -0.43770000 0.89840000 0.03580000
vn -0.74850000 0.47040000 -0.46730000
vn -0.35210000 0.93540000 0.03410000
vn 1.00000000 -0.00020000 -0.00610000
vn -0.71980000 0.33580000 -0.60750000
vn -0.80090000 0.52580000 -0.28670000
vn -0.99480000 0.10190000 0.00030000
vn -0.40290000 0.91520000 -0.00440000
vn -0.79890000 0.60000000 -0.04240000
vn -0.81980000 0.56130000 -0.11380000
vn -0.83640000 0.51540000 -0.18650000
vn -0.07780000 0.99690000 0.01520000
vn -0.80740000 0.47180000 -0.35440000
vn -0.74880000 0.32350000 -0.57850000
vn -0.78790000 0.57820000 -0.21210000
vn 0.75820000 0.32850000 -0.56320000
vn -0.81340000 0.54640000 -0.19960000
vn -0.77220000 0.63380000 -0.04600000
vn -0.78430000 0.62030000 -0.00020000
vn -0.81100000 0.58510000 -0.00020000
vn -0.78470000 0.48510000 -0.38590000
vn -0.76020000 0.43460000 -0.48300000
vn -0.90010000 0.43570000 0.00550000
vn 0.66910000 0.59570000 -0.44440000
vn 0.67080000 0.53460000 -0.51400000
vn -0.72960000 0.43930000 -0.52420000
vn -0.76190000 0.60690000 -0.22650000
vn 0.49090000 0.87070000 -0.02840000
vn -0.69340000 0.48470000 -0.53310000
vn -0.74400000 0.66620000 -0.05070000
vn -0.79500000 0.59430000 -0.12140000
vn -0.77480000 0.55460000 -0.30370000
vn -0.76800000 0.62710000 -0.12980000
vn -0.98420000 0.17520000 -0.02490000
vn 0.77790000 0.22160000 -0.58800000
vn -0.73040000 0.53230000 -0.42800000
vn -0.75690000 0.52280000 -0.39210000
vn -0.74850000 0.58170000 -0.31850000
vn -0.69280000 0.35920000 -0.62530000
vn -0.87950000 0.47580000 0.00700000
vn -0.85940000 0.51130000 -0.00010000
vn -0.64700000 0.30230000 -0.70000000
vn 0.31820000 0.94780000 0.02110000
vn -0.74080000 0.65710000 -0.13920000
vn 0.52030000 0.85340000 -0.03260000
vn 0.65970000 0.65610000 -0.36650000
vn -0.83660000 0.54790000 -0.00000000
vn -0.53790000 0.14780000 -0.82990000
vn -0.62380000 0.39060000 -0.67700000
vn 0.76920000 0.40250000 -0.49630000
vn 0.76420000 0.31680000 -0.56180000
vn -0.65830000 0.37670000 -0.65180000
vn -0.96320000 0.26890000 0.00190000
vn 0.36740000 0.92980000 0.02130000
vn -0.62610000 0.44470000 -0.64050000
vn -0.70670000 0.66180000 -0.25030000
vn 0.72180000 0.60570000 -0.33480000
vn -0.71350000 0.68470000 -0.14860000
vn -0.72040000 0.60690000 -0.33580000
vn 0.73040000 0.43450000 -0.52700000
vn -0.70470000 0.48210000 -0.52050000
vn -0.96440000 0.26280000 -0.02830000
vn -0.71530000 0.69660000 -0.05550000
vn -0.73440000 0.63590000 -0.23730000
vn -0.66760000 0.47630000 -0.57220000
vn -0.67670000 0.68410000 -0.27210000
vn -0.50600000 0.81750000 -0.27500000
vn -0.57590000 0.32340000 -0.75090000
vn -0.65690000 0.75090000 -0.06810000
vn -0.68330000 0.71280000 -0.15780000
vn -0.65790000 0.66020000 -0.36250000
vn -0.67040000 0.57820000 -0.46490000
vn -0.69350000 0.60660000 -0.38870000
vn -0.65210000 0.73930000 -0.16770000
vn 0.74260000 0.09730000 -0.66260000
vn 0.82490000 0.27110000 -0.49600000
vn -0.69610000 0.71790000 -0.00140000
vn 0.35440000 0.93500000 0.01450000
vn -0.83510000 0.55000000 0.00930000
vn -0.63510000 0.50400000 -0.58530000
vn -0.58840000 0.41050000 -0.69670000
vn -0.53690000 0.34320000 -0.77070000
vn -0.59520000 0.51820000 -0.61420000
vn -0.62530000 0.77690000 -0.07380000
vn -0.91830000 0.39580000 0.00480000
vn -0.46230000 0.16830000 -0.87060000
vn 0.64460000 0.71270000 -0.27660000
vn -0.20570000 0.97840000 0.02000000
vn 0.73400000 0.49760000 -0.46220000
vn 0.73010000 0.54730000 -0.40920000
vn -0.80910000 0.58760000 0.01090000
vn -0.93550000 0.35330000 0.00390000
vn -0.63360000 0.61090000 -0.47470000
vn -0.95040000 0.31090000 0.00470000
vn -0.54850000 0.44000000 -0.71100000
vn -0.68670000 0.72440000 -0.06080000
vn -0.63500000 0.77250000 -0.00500000
vn 0.79030000 0.30160000 -0.53330000
vn -0.93680000 0.34940000 -0.02020000
vn 0.59530000 0.79900000 -0.08470000
vn 0.70690000 0.66210000 -0.24890000
vn 0.68540000 0.71120000 -0.15630000
vn -0.75640000 0.65420000 -0.00040000
vn -0.72620000 0.68750000 -0.00060000
vn -0.21410000 -0.36250000 -0.90710000
vn 0.62290000 0.76200000 -0.17710000
vn -0.58820000 0.70270000 -0.40030000
vn 0.57270000 0.81950000 -0.02120000
vn 0.78530000 0.49700000 -0.36930000
vn -0.26120000 0.67370000 -0.69130000
vn -0.30790000 0.94970000 -0.05770000
vn -0.59340000 0.79960000 -0.09210000
vn -0.63210000 0.74020000 -0.22940000
vn -0.78190000 0.62330000 0.01230000
vn -0.56230000 0.59680000 -0.57240000
vn -0.59820000 0.62040000 -0.50710000
vn -0.50530000 0.42630000 -0.75030000
vn -0.46580000 0.47380000 -0.74740000
vn 0.80010000 0.37730000 -0.46630000
vn 0.78680000 0.44940000 -0.42310000
vn -0.61530000 0.71510000 -0.33170000
vn 0.83340000 0.34450000 -0.43210000
vn -0.45080000 0.37070000 -0.81200000
vn 0.40730000 0.91290000 0.02690000
vn -0.65780000 0.27640000 -0.70060000
vn -0.40610000 0.34860000 -0.84470000
vn 0.84770000 0.21150000 -0.48650000
vn 0.84500000 0.08360000 -0.52820000
vn -0.75330000 0.65750000 0.01420000
vn 0.83410000 0.39960000 -0.38040000
vn -0.60310000 0.79770000 -0.00700000
vn -0.90220000 0.43140000 0.00580000
vn -0.52040000 0.61280000 -0.59470000
vn -0.37720000 0.40020000 -0.83520000
vn 0.86840000 0.17760000 -0.46300000
vn -0.37790000 0.48600000 -0.78800000
vn -0.63090000 0.33510000 -0.69970000
vn -0.47710000 0.60320000 -0.63920000
vn -0.28220000 0.38630000 -0.87810000
vn -0.30890000 0.33440000 -0.89040000
vn 0.74360000 0.65410000 -0.13850000
vn 0.62610000 0.77950000 -0.01860000
vn 0.65850000 0.74940000 -0.06840000
vn -0.57390000 0.80590000 -0.14550000
vn -0.56160000 0.78790000 -0.25260000
vn 0.85740000 0.24610000 -0.45190000
vn -0.43280000 0.56150000 -0.70530000
vn -0.90300000 0.42820000 -0.03520000
vn 0.18970000 0.97000000 0.15190000
vn -0.66570000 0.74620000 -0.00260000
vn -0.85840000 0.51290000 0.00800000
vn 0.12410000 0.99220000 0.01060000
vn 0.77750000 0.55150000 -0.30220000
vn -0.09060000 0.09530000 -0.99130000
vn 0.82580000 0.49660000 -0.26740000
vn -0.52600000 0.84340000 -0.10960000
vn 0.87430000 0.35150000 -0.33470000
vn -0.54290000 0.75160000 -0.37470000
vn -0.65950000 0.75140000 0.01930000
vn -0.18560000 0.11330000 -0.97610000
vn -0.83530000 0.54960000 0.01050000
vn 0.86210000 0.31450000 -0.39730000
vn -0.32910000 0.54630000 -0.77020000
vn -0.86110000 0.50840000 0.00880000
vn -0.24710000 0.38480000 -0.88930000
vn -0.28700000 0.95770000 0.02340000
vn -0.29900000 0.64650000 -0.70180000
vn -0.01410000 0.99970000 0.01880000
vn -0.06150000 -0.46770000 -0.88180000
vn -0.50000000 0.77120000 -0.39400000
vn 0.88660000 0.08310000 -0.45500000
vn 0.88010000 0.18780000 -0.43600000
vn -0.14210000 0.33520000 -0.93140000
vn -0.46980000 0.74060000 -0.48050000
vn 0.65290000 0.75730000 -0.01430000
vn 0.76350000 0.60540000 -0.22470000
vn -0.60070000 0.38920000 -0.69840000
vn 0.83160000 0.44730000 -0.32920000
vn -0.01380000 0.08220000 -0.99650000
vn 0.79540000 0.59390000 -0.12100000
vn 0.87750000 0.23510000 -0.41810000
vn 0.71820000 0.69350000 -0.05600000
vn -0.07910000 0.99690000 0.00570000
vn -0.50030000 0.84880000 -0.17100000
vn -0.46070000 0.86780000 -0.18620000
vn -0.46270000 0.88600000 -0.02960000
vn -0.62690000 0.77880000 0.02060000
vn 0.28190000 0.95900000 0.02910000
vn -0.86230000 0.50540000 -0.03060000
vn 0.90280000 0.20390000 -0.37860000
vn 0.07780000 0.99700000 0.00570000
vn 0.89820000 0.27070000 -0.34640000
vn 0.06430000 0.99660000 0.05130000
vn 0.87140000 0.39550000 -0.29020000
vn 0.88260000 0.29360000 -0.36710000
vn -0.43390000 0.86670000 -0.24620000
vn 0.92410000 0.10890000 -0.36640000
vn 0.54610000 0.83740000 0.02420000
vn 0.54570000 0.83740000 0.03110000
vn -0.03380000 0.27760000 -0.96010000
vn -0.78490000 0.61940000 0.01450000
vn -0.42260000 0.75250000 -0.50520000
vn -0.38860000 0.70550000 -0.59270000
vn -0.12300000 0.99240000 0.01000000
vn -0.81210000 0.58340000 0.01230000
vn -0.56790000 0.82300000 -0.01040000
vn -0.23130000 0.63850000 -0.73400000
vn 0.91600000 0.24700000 -0.31610000
vn 0.77300000 0.63270000 -0.04650000
vn 0.81360000 0.54630000 -0.19890000
vn 0.89900000 0.31870000 -0.30040000
vn -0.18540000 0.50940000 -0.84030000
vn -0.81380000 0.58040000 -0.02950000
vn -0.33480000 0.75290000 -0.56660000
vn -0.53510000 0.84460000 -0.01640000
vn 0.57380000 0.81870000 0.02340000
vn 0.93370000 0.17300000 -0.31360000
vn -0.56370000 0.44270000 -0.69730000
vn -0.22700000 0.97170000 -0.06480000
vn -0.39130000 0.87980000 -0.26980000
vn -0.75720000 0.65250000 -0.03020000
vn 0.86720000 0.43820000 -0.23660000
vn -0.18190000 0.73470000 -0.65360000
vn 0.94350000 0.03800000 -0.32910000
vn -0.49960000 0.86600000 -0.02010000
vn -0.35830000 0.88060000 -0.31020000
vn 0.95070000 0.08340000 -0.29870000
vn -0.11760000 0.59220000 -0.79720000
vn 0.89560000 0.41880000 -0.15000000
vn 0.93730000 0.23320000 -0.25900000
vn 0.92910000 0.13320000 -0.34510000
vn 0.95300000 0.10690000 -0.28340000
vn -0.27240000 0.87470000 -0.40080000
vn -0.20750000 0.69280000 -0.69070000
vn -0.21920000 0.87080000 -0.44000000
vn 0.08480000 0.31300000 -0.94590000
vn -0.31740000 0.94490000 -0.08010000
vn 0.85710000 0.48420000 -0.17570000
vn 0.80980000 0.58530000 -0.04170000
vn 0.79890000 0.60140000 -0.00380000
vn 0.91730000 0.28940000 -0.27360000
vn 0.93620000 0.28340000 -0.20770000
vn -0.69110000 0.72260000 0.01770000
vn -0.72490000 0.68860000 0.01770000
vn -0.72210000 0.69160000 0.01600000
vn -0.44650000 0.89450000 0.02350000
vn -0.42650000 0.90370000 -0.03760000
vn 0.95750000 0.14080000 -0.25180000
vn -0.20320000 0.97900000 0.01520000
vn -0.30640000 0.89850000 -0.31440000
vn 0.83620000 0.54700000 -0.04030000
vn 0.84190000 0.52880000 -0.10720000
vn 0.82080000 0.57120000 -0.00120000
vn 0.85580000 0.51610000 -0.03590000
vn 0.90710000 0.34000000 -0.24810000
vn 0.90320000 0.37830000 -0.20290000
vn 0.93300000 0.31720000 -0.16990000
vn 0.88360000 0.45910000 -0.09230000
vn 0.64290000 0.76570000 0.02120000
vn -0.43940000 0.89790000 0.02680000
vn -0.69420000 0.71950000 0.01980000
vn 0.96400000 0.15780000 -0.21390000
vn -0.03200000 0.46820000 -0.88300000
vn 0.93710000 0.25480000 -0.23840000
vn 0.93590000 0.21210000 -0.28120000
vn 0.95310000 0.17940000 -0.24370000
vn 0.97120000 0.11520000 -0.20850000
vn 0.96630000 0.06850000 -0.24810000
vn -0.03260000 0.66370000 -0.74730000
vn -0.03180000 0.80470000 -0.59280000
vn 0.07050000 0.45300000 -0.88870000
vn -0.38990000 0.91950000 -0.04990000
vn 0.92790000 0.35090000 -0.12590000
vn 0.08860000 0.63070000 -0.77090000
vn -0.11980000 0.81880000 -0.56150000
vn -0.66250000 0.74880000 0.02210000
vn 0.87990000 0.47390000 -0.03440000
vn -0.52200000 0.49390000 -0.69540000
vn 0.96300000 0.21750000 -0.15890000
vn -0.37490000 0.92700000 0.01170000
vn -0.40900000 0.91230000 0.02150000
vn 0.91860000 0.38760000 -0.07640000
vn 0.97840000 0.12170000 -0.16680000
vn 0.98400000 0.01570000 -0.17740000
vn 0.99410000 0.00800000 -0.10800000
vn -0.59400000 0.80420000 0.02150000
vn 0.39960000 0.91590000 0.03840000
vn 0.95140000 0.27150000 -0.14560000
vn 0.95260000 0.24530000 -0.17990000
vn 0.96190000 0.24090000 -0.12910000
vn 0.74090000 0.67150000 0.01400000
vn 0.76450000 0.64440000 0.01420000
vn 0.74160000 0.67060000 0.01830000
vn 0.76480000 0.64400000 0.01820000
vn 0.97440000 0.05420000 -0.21810000
vn 0.97240000 0.14040000 -0.18650000
vn 0.97090000 0.16200000 -0.17610000
vn 0.95930000 0.18650000 -0.21200000
vn -0.16240000 0.90640000 -0.38980000
vn -0.32590000 0.94540000 0.00680000
vn 0.14670000 0.98880000 0.02840000
vn 0.98110000 0.06620000 -0.18170000
vn 0.98630000 0.03780000 -0.16040000
vn -0.29920000 0.95420000 0.00280000
vn -0.35070000 0.93440000 -0.06160000
vn -0.16090000 0.98680000 0.01650000
vn 0.57680000 0.81640000 0.02960000
vn -0.11230000 0.92780000 -0.35580000
vn 0.16700000 0.48110000 -0.86060000
vn 0.88840000 0.45920000 -0.00190000
vn -0.69620000 0.71770000 -0.01370000
vn 0.95950000 0.20690000 -0.19140000
vn 0.97290000 0.16840000 -0.15870000
vn 0.94090000 0.33240000 -0.06450000
vn 0.94750000 0.30120000 -0.10750000
vn 0.98370000 0.06070000 -0.16960000
vn 0.07890000 0.90080000 -0.42690000
vn 0.08450000 0.77390000 -0.62770000
vn 0.50230000 0.86400000 0.03440000
vn 0.98050000 0.14190000 -0.13570000
vn 0.97890000 0.09800000 -0.17930000
vn -0.25140000 0.96790000 -0.00050000
vn 0.79570000 0.60550000 0.01300000
vn 0.98500000 0.07550000 -0.15490000
vn 0.99090000 0.06490000 -0.11810000
vn 0.31830000 0.51970000 -0.79280000
vn -0.55810000 0.82950000 0.02250000
vn 0.21920000 0.46860000 -0.85580000
vn 0.23940000 0.97060000 0.02470000
vn 0.97250000 0.18790000 -0.13770000
vn 0.98000000 0.16040000 -0.11740000
vn 0.93230000 0.36100000 -0.02320000
vn 0.90730000 0.41970000 -0.02760000
vn -0.62870000 0.77730000 0.02410000
vn 0.31670000 0.12880000 -0.93970000
vn 0.22170000 0.74400000 -0.63040000
vn 0.99810000 0.00670000 -0.06070000
vn 0.94670000 0.32150000 -0.02060000
vn 0.97110000 0.21050000 -0.11270000
vn 0.19940000 0.97970000 0.01910000
vn -0.59540000 0.80300000 0.02610000
vn 0.98570000 0.08900000 -0.14290000
vn 0.99470000 0.01830000 -0.10170000
vn 0.99130000 0.08120000 -0.10370000
vn -0.03000000 0.90670000 -0.42070000
vn 0.82020000 0.57200000 0.00980000
vn 0.79620000 0.60490000 0.01120000
vn 0.27400000 0.41990000 -0.86530000
vn 0.98910000 0.10650000 -0.10170000
vn 0.97990000 0.12260000 -0.15740000
vn -0.02600000 0.98320000 -0.18050000
vn 0.98610000 0.10290000 -0.13030000
vn -0.47830000 0.53820000 -0.69400000
vn -0.27450000 0.95730000 -0.09100000
vn -0.23980000 0.96360000 -0.11840000
vn 0.98980000 0.04930000 -0.13340000
vn 0.96850000 0.23440000 -0.08370000
vn 0.16460000 0.75660000 -0.63280000
vn -0.14570000 0.98680000 -0.07000000
vn -0.14650000 0.70470000 -0.69420000
vn -0.48560000 0.87390000 0.02340000
vn -0.56770000 -0.82300000 0.02120000
vn -0.63750000 -0.76980000 0.03120000
vn -1.00000000 0.00710000 0.00180000
vn -1.00000000 0.00150000 0.00740000
vn 0.99990000 -0.00760000 0.01060000
vn -0.28990000 -0.95680000 0.02430000
vn -1.00000000 -0.00820000 0.00450000
vn 0.68180000 -0.73150000 -0.01030000
vn 0.87200000 -0.35700000 -0.33490000
vn 0.88480000 -0.17250000 -0.43280000
vn 0.04340000 -0.61300000 -0.78890000
vn 0.40830000 -0.91260000 0.02020000
vn 0.88930000 -0.20100000 -0.41070000
vn 0.86660000 -0.24270000 -0.43600000
vn 0.89320000 -0.23290000 -0.38460000
vn -0.60470000 -0.79610000 0.02550000
vn 0.82300000 -0.49970000 -0.27010000
vn 0.89750000 -0.27450000 -0.34510000
vn 0.48640000 -0.87310000 0.03340000
vn 0.87200000 -0.30870000 -0.37980000
vn -0.35110000 -0.93460000 -0.05700000
vn 0.14330000 -0.47560000 -0.86790000
vn 0.94150000 -0.04770000 -0.33360000
vn -0.70960000 -0.70420000 -0.02360000
vn 0.86500000 -0.44220000 -0.23730000
vn -0.99940000 -0.00470000 -0.03560000
vn 0.88160000 -0.07340000 -0.46620000
vn 0.91260000 -0.05620000 -0.40500000
vn -0.37690000 -0.92610000 0.01950000
vn 0.22270000 -0.41760000 -0.88090000
vn -0.49030000 -0.87100000 0.03000000
vn 0.90340000 -0.15290000 -0.40060000
vn 0.91830000 -0.13580000 -0.37200000
vn 0.90720000 -0.30490000 -0.28990000
vn -0.99990000 -0.00660000 -0.01430000
vn 0.00190000 -0.87390000 -0.48620000
vn -0.48650000 -0.53000000 -0.69460000
vn -0.99430000 -0.02240000 -0.10410000
vn 0.31070000 -0.95010000 0.02870000
vn 0.48370000 -0.87490000 0.02640000
vn -1.00000000 0.00180000 -0.00750000
vn -0.99980000 -0.00000000 -0.01920000
vn -0.99950000 -0.01040000 -0.03030000
vn -0.99820000 -0.01500000 -0.05820000
vn 0.81160000 -0.54870000 -0.20030000
vn 0.79330000 -0.59640000 -0.12230000
vn -0.63970000 -0.76820000 0.02360000
vn 0.77070000 -0.63560000 -0.04640000
vn -0.99870000 -0.02460000 -0.04560000
vn -0.17250000 -0.91360000 -0.36820000
vn -0.14970000 -0.86250000 -0.48340000
vn -0.99950000 -0.01600000 -0.02630000
vn -0.99990000 -0.00990000 -0.01080000
vn -0.99990000 0.00970000 0.00800000
vn 0.14600000 -0.98920000 0.01430000
vn -0.99950000 0.02670000 0.01640000
vn -0.99850000 -0.03560000 -0.04260000
vn -0.45160000 -0.89170000 0.03070000
vn 0.90710000 -0.18650000 -0.37740000
vn 0.91000000 -0.21510000 -0.35440000
vn -0.41540000 -0.90940000 0.02210000
vn -1.00000000 -0.00000000 -0.00010000
vn 0.92020000 -0.17310000 -0.35120000
vn -0.99990000 0.01450000 0.00590000
vn -0.98430000 -0.01670000 -0.17580000
vn -0.99950000 -0.02330000 -0.02030000
vn -0.99820000 -0.02850000 -0.05260000
vn -0.99520000 -0.05940000 -0.07810000
vn -1.00000000 -0.00110000 -0.00060000
vn -0.99730000 -0.04460000 -0.05750000
vn 0.84020000 -0.53150000 -0.10740000
vn 0.80910000 -0.58630000 -0.04120000
vn -0.98560000 -0.04070000 -0.16440000
vn 0.87140000 -0.39440000 -0.29160000
vn -1.00000000 -0.00880000 -0.00450000
vn 0.28230000 -0.12520000 -0.95110000
vn -0.99860000 -0.03730000 -0.03760000
vn -0.99590000 -0.06520000 -0.06350000
vn -0.99970000 -0.02490000 -0.00850000
vn -0.98970000 -0.05050000 -0.13400000
vn -0.99540000 -0.03470000 -0.08920000
vn 0.92670000 -0.19990000 -0.31840000
vn -0.99050000 -0.06430000 -0.12150000
vn -0.99860000 -0.04320000 -0.03100000
vn -0.99930000 -0.03710000 -0.00300000
vn 0.55680000 -0.83010000 0.02930000
vn -0.99850000 -0.04740000 -0.02640000
vn 0.91470000 -0.25120000 -0.31660000
vn 0.52600000 -0.85010000 0.02680000
vn -0.98500000 -0.08650000 -0.14920000
vn -0.99100000 -0.08180000 -0.10590000
vn -0.98590000 -0.10020000 -0.13380000
vn 0.93320000 -0.12700000 -0.33610000
vn 0.23730000 -0.62320000 -0.74520000
vn 0.93500000 -0.22280000 -0.27590000
vn 0.35990000 -0.12200000 -0.92500000
vn -0.97460000 -0.05660000 -0.21650000
vn -0.96460000 -0.07160000 -0.25370000
vn 0.85560000 -0.48700000 -0.17570000
vn -0.98500000 -0.11560000 -0.12800000
vn -0.07280000 -0.85850000 -0.50760000
vn 0.95840000 -0.09690000 -0.26850000
vn 0.89370000 -0.42220000 -0.15180000
vn -0.99100000 -0.09710000 -0.09170000
vn 0.90570000 -0.34180000 -0.25070000
vn -0.96760000 -0.08780000 -0.23680000
vn -0.99820000 -0.05900000 -0.01140000
vn -0.99850000 -0.05120000 -0.01840000
vn -0.99990000 -0.01640000 -0.00150000
vn -0.99970000 -0.02240000 -0.00000000
vn -0.99110000 -0.10720000 -0.07850000
vn -0.97660000 -0.07580000 -0.20130000
vn -0.98350000 -0.06300000 -0.16970000
vn -0.97160000 -0.14660000 -0.18590000
vn -0.99800000 -0.06280000 -0.00390000
vn 0.94630000 -0.11030000 -0.30400000
vn -0.22020000 -0.97080000 -0.09540000
vn -0.99580000 -0.07350000 -0.05390000
vn -0.99060000 -0.12090000 -0.06470000
vn -0.99590000 -0.09070000 -0.00540000
vn -0.98500000 -0.15200000 -0.08120000
vn -0.98590000 -0.13490000 -0.09870000
vn -0.97940000 -0.12530000 -0.15840000
vn -0.97830000 -0.10170000 -0.18060000
vn -0.99860000 -0.05220000 -0.00020000
vn -0.99560000 -0.08230000 -0.04410000
vn -0.94690000 -0.04520000 -0.31840000
vn 0.75330000 -0.65770000 -0.00100000
vn 0.13450000 -0.72960000 -0.67050000
vn -0.43790000 -0.57290000 -0.69290000
vn -0.98590000 -0.12240000 -0.11400000
vn -0.97930000 -0.14660000 -0.13980000
vn -0.98830000 -0.14960000 -0.02930000
vn -0.99520000 -0.09180000 -0.03300000
vn -0.95750000 -0.09880000 -0.27080000
vn -0.98980000 -0.13380000 -0.04810000
vn 0.88140000 -0.46320000 -0.09260000
vn -0.96930000 -0.11600000 -0.21690000
vn -0.94950000 -0.14830000 -0.27670000
vn -0.99240000 -0.12280000 -0.00800000
vn -0.99310000 -0.11600000 -0.01460000
vn -0.20750000 -0.97810000 0.01470000
vn -0.99450000 -0.10320000 -0.01940000
vn -0.98640000 -0.16400000 -0.01060000
vn 0.93530000 -0.25780000 -0.24230000
vn -0.97890000 -0.16490000 -0.12090000
vn -0.96110000 -0.13480000 -0.24100000
vn -0.96270000 -0.16830000 -0.21210000
vn -0.96970000 -0.21550000 -0.11530000
vn -0.94180000 -0.10820000 -0.31820000
vn -0.93040000 -0.11700000 -0.34740000
vn -0.97790000 -0.18420000 -0.09870000
vn -0.98390000 -0.16840000 -0.06020000
vn -0.97600000 -0.20500000 -0.07330000
vn 0.32370000 -0.35070000 -0.87880000
vn -0.94610000 -0.11350000 -0.30340000
vn -0.91750000 -0.17510000 -0.35700000
vn 0.94980000 -0.14910000 -0.27490000
vn -0.91790000 -0.14070000 -0.37100000
vn -0.96260000 -0.21830000 -0.16050000
vn -0.96310000 -0.19440000 -0.18610000
vn -0.97150000 -0.17110000 -0.16430000
vn -0.93530000 -0.14700000 -0.32190000
vn -0.94660000 -0.15090000 -0.28500000
vn 0.83290000 -0.55200000 -0.03890000
vn -1.00000000 -0.00020000 0.00060000
vn -0.96710000 -0.23970000 -0.08550000
vn -0.97270000 -0.22770000 -0.04440000
vn -0.97100000 -0.19290000 -0.14140000
vn -0.98150000 -0.18780000 -0.03660000
vn -0.96840000 -0.24870000 -0.01580000
vn -0.22390000 -0.96810000 -0.11230000
vn 0.85390000 -0.51910000 -0.03570000
vn 0.90170000 -0.38100000 -0.20450000
vn 0.93430000 -0.28810000 -0.20980000
vn -0.96070000 -0.24470000 -0.13110000
vn -0.94990000 -0.27550000 -0.14760000
vn -0.94030000 -0.21140000 -0.26680000
vn 0.93780000 -0.17160000 -0.30170000
vn -1.00000000 -0.00990000 0.00020000
vn -0.32340000 -0.94620000 -0.00020000
vn -0.95250000 -0.18900000 -0.23890000
vn -0.88480000 -0.07020000 -0.46060000
vn -0.99930000 -0.03750000 -0.00010000
vn 0.34160000 -0.51930000 -0.78330000
vn 0.70120000 -0.71250000 0.02580000
vn 0.70480000 -0.70900000 0.02390000
vn 0.35470000 -0.93450000 0.02820000
vn -0.99750000 -0.07050000 -0.00030000
vn -0.92690000 -0.23070000 -0.29600000
vn -0.95290000 -0.21930000 -0.20930000
vn 0.96560000 -0.03280000 -0.25800000
vn -0.94060000 -0.24550000 -0.23460000
vn 0.08560000 -0.86500000 -0.49430000
vn -0.96270000 -0.26570000 -0.05180000
vn 0.63530000 -0.77170000 0.03050000
vn -0.91780000 -0.19710000 -0.34480000
vn -0.96500000 -0.26240000 -0.00060000
vn 0.97820000 -0.13640000 -0.15680000
vn 0.96590000 -0.06650000 -0.25040000
vn -0.97860000 -0.20560000 -0.01320000
vn -0.92750000 -0.26980000 -0.25880000
vn -0.90960000 -0.20280000 -0.36270000
vn -0.94560000 -0.30640000 -0.10950000
vn -0.93850000 -0.33900000 -0.06600000
vn -0.95720000 -0.27250000 -0.09720000
vn 0.41400000 -0.28860000 -0.86330000
vn -0.93960000 -0.27590000 -0.20250000
vn 0.97500000 -0.05640000 -0.21480000
vn -0.90250000 -0.15260000 -0.40280000
vn 0.95160000 -0.18620000 -0.24460000
vn -0.95160000 -0.30170000 -0.05870000
vn 0.95260000 -0.22180000 -0.20830000
vn -0.95690000 -0.28970000 -0.01850000
vn -0.95410000 -0.29960000 -0.00260000
vn 0.95050000 -0.20600000 -0.23280000
vn -0.94440000 -0.32810000 -0.02100000
vn -0.95230000 -0.24590000 -0.18080000
vn 0.55140000 -0.83400000 0.01890000
vn -0.99750000 -0.07040000 0.00020000
vn -0.91330000 -0.25310000 -0.31900000
vn -0.29980000 -0.95390000 0.01120000
vn -0.93720000 -0.30750000 -0.16490000
vn -0.64290000 -0.76580000 -0.01070000
vn -0.99480000 -0.10140000 0.00500000
vn -0.84470000 -0.08210000 -0.52890000
vn -0.88510000 -0.19340000 -0.42320000
vn 0.44960000 -0.13450000 -0.88300000
vn -0.99930000 -0.03770000 0.00010000
vn 0.57350000 -0.81880000 0.02690000
vn -0.89790000 -0.27430000 -0.34440000
vn 0.13350000 -0.90410000 -0.40590000
vn -0.26070000 -0.96540000 0.00960000
vn -0.88700000 -0.17330000 -0.42800000
vn -0.25770000 -0.96590000 0.02520000
vn -0.93920000 -0.34350000 -0.00040000
vn -0.86630000 -0.17950000 -0.46630000
vn -0.91430000 -0.29210000 -0.28060000
vn -0.91300000 -0.32870000 -0.24170000
vn -0.93170000 -0.34200000 -0.12240000
vn -0.89340000 -0.21850000 -0.39260000
vn -0.99860000 -0.05210000 0.00010000
vn -0.91700000 -0.37560000 -0.13470000
vn -0.90700000 -0.41320000 -0.08140000
vn 0.95180000 -0.24760000 -0.18090000
vn -0.89890000 -0.31670000 -0.30280000
vn 0.91730000 -0.37490000 -0.13450000
vn 0.40780000 -0.38000000 -0.83030000
vn -0.92330000 -0.33870000 -0.18120000
vn -0.92620000 -0.30420000 -0.22260000
vn -0.92950000 -0.36800000 -0.02350000
vn -0.91230000 -0.40870000 -0.02650000
vn -0.84420000 -0.19050000 -0.50100000
vn 0.87660000 -0.48000000 -0.03330000
vn -0.16000000 -0.97600000 -0.14760000
vn -0.87510000 -0.23650000 -0.42220000
vn 0.23620000 -0.76850000 -0.59470000
vn -0.92340000 -0.37660000 -0.07430000
vn 0.96910000 -0.08710000 -0.23070000
vn 0.95860000 -0.09980000 -0.26680000
vn 0.97750000 -0.07380000 -0.19760000
vn -0.98490000 -0.17300000 0.00060000
vn -0.89740000 -0.35510000 -0.26180000
vn -0.89270000 -0.39700000 -0.21310000
vn -0.87990000 -0.29610000 -0.37160000
vn 0.96170000 -0.13450000 -0.23890000
vn -0.90880000 -0.36800000 -0.19670000
vn 0.96310000 -0.21730000 -0.15910000
vn -0.86020000 -0.31540000 -0.40080000
vn -0.82490000 -0.20920000 -0.52510000
vn -0.85050000 -0.34960000 -0.39300000
vn 0.97920000 -0.09910000 -0.17730000
vn 0.97080000 -0.11420000 -0.21110000
vn 0.58030000 -0.81410000 0.02100000
vn 0.58040000 0.48400000 -0.65480000
vn -0.90160000 -0.40710000 -0.14620000
vn 0.10230000 -0.99470000 0.00760000
vn -0.79710000 -0.09960000 -0.59560000
vn -0.88070000 -0.34230000 -0.32750000
vn -0.87940000 -0.38290000 -0.28280000
vn 0.94980000 -0.27600000 -0.14720000
vn 0.93100000 -0.32200000 -0.17180000
vn 0.89620000 -0.44270000 -0.02900000
vn -0.99970000 -0.02240000 -0.00100000
vn -0.99990000 -0.01010000 -0.00020000
vn -0.85370000 -0.25010000 -0.45670000
vn 0.98380000 -0.01520000 -0.17890000
vn -0.89410000 -0.44700000 -0.02910000
vn -0.89010000 -0.44720000 -0.08840000
vn -0.88440000 -0.43920000 -0.15820000
vn -0.87410000 -0.42790000 -0.23000000
vn -0.82200000 -0.27670000 -0.49780000
vn -0.10560000 -0.99430000 -0.01350000
vn 0.64490000 -0.76400000 0.02310000
vn -0.99210000 -0.12530000 0.01120000
vn -0.85330000 -0.45920000 -0.24700000
vn -0.97690000 -0.21380000 0.00140000
vn -0.81620000 -0.35660000 -0.45460000
vn -0.84090000 -0.33470000 -0.42520000
vn -0.80330000 -0.29520000 -0.51720000
vn 0.68760000 -0.72590000 0.01760000
vn -0.84290000 -0.38940000 -0.37130000
vn 0.96340000 -0.16620000 -0.21010000
vn 0.97250000 -0.14410000 -0.18300000
vn -0.11960000 -0.97810000 -0.17030000
vn -0.07480000 -0.98110000 -0.17840000
vn -0.98530000 -0.17070000 0.00090000
vn 0.43210000 -0.58370000 -0.68740000
vn -0.87130000 -0.48140000 -0.09540000
vn -0.85470000 -0.51790000 -0.03440000
vn -0.87550000 -0.48220000 -0.03180000
vn -0.85890000 -0.41280000 -0.30320000
vn -0.86070000 -0.36820000 -0.35160000
vn -0.75920000 -0.40290000 -0.51120000
vn -0.77270000 -0.22340000 -0.59410000
vn -0.31550000 -0.94510000 0.08490000
vn -0.99930000 -0.03660000 -0.00070000
vn -0.71090000 -0.03450000 -0.70250000
vn -0.56930000 -0.82170000 -0.02650000
vn 0.62350000 -0.78160000 0.01660000
vn -0.99740000 -0.07230000 -0.00700000
vn -0.99760000 -0.06990000 0.00020000
vn -0.99910000 -0.04300000 0.00010000
vn -0.86500000 -0.47170000 -0.17080000
vn -0.84310000 -0.50550000 -0.18320000
vn -0.82670000 -0.55150000 -0.11150000
vn 0.50280000 -0.33680000 -0.79610000
vn 0.33660000 -0.67890000 -0.65250000
vn 0.98690000 -0.04690000 -0.15440000
vn -0.78700000 -0.30410000 -0.53680000
vn -0.95390000 -0.30020000 0.00220000
vn 0.96350000 -0.19360000 -0.18470000
vn -0.80600000 -0.59050000 -0.04110000
vn -0.84970000 -0.51710000 -0.10300000
vn -0.82700000 -0.45530000 -0.32970000
vn 0.99500000 -0.03500000 -0.09360000
vn -0.96520000 -0.26150000 0.00300000
vn -0.33670000 -0.94140000 0.01860000
vn -0.29440000 -0.95530000 0.02610000
vn -0.99560000 -0.09380000 0.00030000
vn -0.99180000 -0.12750000 0.00050000
vn -0.99580000 -0.09200000 -0.00260000
vn -0.99190000 -0.12690000 0.00120000
vn 0.95820000 -0.26920000 -0.09650000
vn 0.94580000 -0.30580000 -0.10950000
vn 0.93200000 -0.34120000 -0.12230000
vn 0.93870000 -0.33840000 -0.06620000
vn 0.91640000 -0.39280000 -0.07740000
vn -0.79290000 -0.38770000 -0.47020000
vn -0.82250000 -0.50030000 -0.27060000
vn -0.84510000 -0.53460000 -0.00280000
vn -0.83130000 -0.55450000 -0.03800000
vn 0.51630000 -0.44970000 -0.72880000
vn -0.81680000 -0.41820000 -0.39730000
vn -0.98560000 -0.16930000 0.00090000
vn 0.43050000 -0.48050000 -0.76400000
vn -0.62350000 -0.15790000 -0.76570000
vn 0.32890000 -0.94400000 0.02800000
vn 0.22940000 -0.86480000 -0.44670000
vn -0.80840000 -0.55340000 -0.20080000
vn -0.96610000 -0.25800000 0.00200000
vn -0.78480000 -0.61780000 -0.04910000
vn 0.58820000 -0.40770000 -0.69840000
vn -0.79420000 -0.47330000 -0.38110000
vn -0.75910000 -0.31700000 -0.56850000
vn 0.21580000 -0.92960000 -0.29890000
vn -0.73030000 -0.33410000 -0.59580000
vn -0.92440000 -0.38140000 0.00370000
vn 0.97980000 -0.16110000 -0.11820000
vn 0.97300000 -0.16680000 -0.15940000
vn -0.79170000 -0.59770000 -0.12640000
vn -0.95380000 -0.30050000 0.00280000
vn -0.41200000 -0.91060000 0.03100000
vn 0.98860000 -0.07060000 -0.13290000
vn -0.78550000 -0.54160000 -0.29940000
vn -0.70860000 -0.08500000 -0.70050000
vn -0.70140000 -0.49600000 -0.51180000
vn -0.38280000 -0.61250000 -0.69160000
vn -0.98590000 -0.16740000 -0.00440000
vn -0.14160000 -0.98980000 0.01310000
vn 0.33350000 -0.82410000 -0.45780000
vn -0.73900000 -0.43280000 -0.51630000
vn 0.91410000 -0.40460000 -0.02700000
vn 0.90530000 -0.42490000 0.00010000
vn 0.30730000 -0.91290000 -0.26860000
vn -0.76930000 -0.42220000 -0.47950000
vn -0.77190000 -0.59610000 -0.22090000
vn -0.75110000 -0.64610000 -0.13570000
vn -0.97720000 -0.21230000 0.00130000
vn -0.96620000 -0.25760000 0.00200000
vn 0.99410000 -0.01070000 -0.10810000
vn -0.69950000 -0.35410000 -0.62070000
vn 0.98590000 -0.03380000 -0.16420000
vn -0.95400000 -0.29970000 0.00250000
vn -0.74000000 -0.52540000 -0.41990000
vn -0.66680000 -0.36870000 -0.64760000
vn -0.61980000 -0.66420000 -0.41800000
vn 0.97210000 -0.18880000 -0.13890000
vn -0.74050000 -0.67210000 -0.00560000
vn -0.76520000 -0.64380000 -0.00370000
vn -0.76600000 -0.51440000 -0.38570000
vn -0.72930000 -0.59860000 -0.33150000
vn -0.75360000 -0.65540000 -0.05040000
vn -0.74470000 -0.62530000 -0.23350000
vn 0.92960000 -0.36790000 -0.02360000
vn -0.33180000 -0.94290000 0.02910000
vn 0.01650000 -0.99950000 -0.02600000
vn 0.00560000 -0.93660000 -0.35040000
vn -0.00110000 -0.98420000 -0.17680000
vn 0.44820000 -0.89380000 0.01670000
vn -0.71570000 -0.65330000 -0.24670000
vn -0.75780000 -0.57280000 -0.31250000
vn 0.79510000 -0.60640000 0.01380000
vn -0.69730000 -0.71440000 -0.05870000
vn -0.86440000 -0.50270000 0.00830000
vn -0.96750000 -0.25250000 -0.00990000
vn 0.54650000 -0.17760000 -0.81840000
vn 0.99400000 -0.02830000 -0.10550000
vn -0.88590000 -0.46390000 0.00710000
vn -0.70040000 -0.14140000 -0.69960000
vn -0.72340000 -0.67500000 -0.14510000
vn -0.69370000 -0.70350000 -0.15430000
vn -0.63120000 -0.39100000 -0.66990000
vn -0.67720000 -0.47250000 -0.56410000
vn -0.68360000 -0.20530000 -0.70040000
vn -0.70630000 -0.70790000 -0.00520000
vn -0.71190000 -0.47390000 -0.51830000
vn 0.98020000 -0.12240000 -0.15580000
vn -0.92430000 -0.38160000 0.00450000
vn 0.98900000 -0.08900000 -0.11780000
vn 0.98910000 -0.09850000 -0.10930000
vn -0.90580000 -0.42360000 0.00590000
vn -0.68630000 -0.67620000 -0.26780000
vn -0.54990000 -0.16780000 -0.81820000
vn 0.06770000 -0.98010000 -0.18680000
vn -0.94060000 -0.33940000 0.00340000
vn 0.96150000 -0.24210000 -0.12990000
vn -0.49060000 -0.87130000 -0.00700000
vn -0.59420000 -0.39750000 -0.69920000
vn 0.14190000 -0.98980000 0.01310000
vn -0.70440000 -0.59390000 -0.38870000
vn -0.66660000 -0.74260000 -0.06460000
vn -0.72640000 -0.68510000 -0.05450000
vn -0.67900000 -0.73410000 -0.00980000
vn -0.56240000 -0.58370000 -0.58570000
vn 0.97910000 -0.17950000 -0.09590000
vn 0.97110000 -0.21070000 -0.11230000
vn 0.27790000 -0.94560000 0.16930000
vn -0.64080000 -0.59480000 -0.48540000
vn -0.63950000 -0.49250000 -0.59030000
vn 0.98060000 -0.14170000 -0.13520000
vn -0.49980000 -0.33010000 -0.80070000
vn -0.92480000 -0.38040000 0.00450000
vn -0.66230000 -0.73080000 -0.16520000
vn 0.99820000 -0.00500000 -0.05950000
vn -0.88610000 -0.46350000 0.00710000
vn -0.66680000 -0.64870000 -0.36670000
vn -0.67910000 -0.56700000 -0.46610000
vn -0.46590000 -0.14650000 -0.87270000
vn -0.63430000 -0.76970000 -0.07210000
vn -0.32540000 -0.64540000 -0.69100000
vn -0.62710000 -0.75890000 -0.17560000
vn -0.37220000 -0.92770000 0.03010000
vn -0.94240000 -0.33410000 -0.01280000
vn -0.07090000 -0.99730000 -0.02000000
vn 0.43400000 -0.69670000 -0.57120000
vn -0.55590000 -0.42350000 -0.71530000
vn 0.95260000 -0.29850000 -0.05820000
vn 0.99690000 -0.01810000 -0.07590000
vn -0.60590000 -0.53940000 -0.58470000
vn -0.56280000 -0.54200000 -0.62410000
vn -0.65110000 -0.70720000 -0.27560000
vn -0.38330000 -0.15280000 -0.91090000
vn 0.11640000 -0.98060000 -0.15760000
vn 0.96850000 -0.23460000 -0.08370000
vn 0.97410000 -0.22180000 -0.04320000
vn -0.62990000 -0.67700000 -0.38050000
vn 0.99970000 -0.00260000 -0.02240000
vn -0.28830000 -0.94320000 0.16500000
vn -0.84420000 -0.53600000 0.01000000
vn 0.60290000 -0.14690000 -0.78420000
vn 0.23600000 -0.94550000 0.22450000
vn -0.79100000 -0.61160000 0.01410000
vn -0.84330000 -0.53740000 0.00960000
vn -0.81480000 -0.57950000 0.01490000
vn 0.65420000 -0.32040000 -0.68510000
vn -0.59640000 -0.67940000 -0.42750000
vn 0.07480000 -0.92890000 -0.36260000
vn -0.51370000 -0.43820000 -0.73760000
vn -0.20400000 -0.97900000 -0.00760000
vn -0.14520000 -0.98930000 -0.01100000
vn -0.90620000 -0.42270000 0.00570000
vn 0.67890000 -0.14730000 -0.71930000
vn 0.99950000 -0.01080000 -0.02820000
vn 0.99810000 -0.01730000 -0.05980000
vn 0.96420000 -0.26010000 -0.05060000
vn 0.94550000 -0.32510000 -0.02080000
vn 0.94030000 -0.34040000 -0.00340000
vn 0.95860000 -0.28420000 -0.01820000
vn -0.35080000 -0.35750000 -0.86550000
vn 0.99990000 -0.00180000 -0.01480000
vn -0.41480000 -0.40440000 -0.81510000
vn -0.88670000 -0.46230000 0.00670000
vn -0.86670000 -0.49880000 0.00840000
vn -0.52350000 -0.57440000 -0.62930000
vn -0.61410000 -0.78910000 -0.01450000
vn -0.57870000 -0.81540000 -0.01220000
vn 0.96990000 -0.24310000 -0.01560000
vn -0.60800000 -0.75520000 -0.24500000
vn -0.66300000 -0.26570000 -0.69980000
vn 0.98900000 -0.11890000 -0.08740000
vn 0.99920000 -0.00310000 -0.04070000
vn 0.84210000 -0.53920000 0.00970000
vn -0.81810000 -0.57490000 0.01180000
vn -0.47340000 -0.43100000 -0.76820000
vn 0.99510000 -0.04810000 -0.08610000
vn 0.99880000 -0.02470000 -0.04260000
vn 0.79250000 -0.60970000 0.01310000
vn 0.42330000 -0.80080000 -0.42380000
vn 0.40460000 -0.86920000 -0.28430000
vn 0.14330000 -0.94530000 -0.29290000
vn 0.75440000 -0.65630000 0.01280000
vn 0.51960000 -0.57020000 -0.63630000
vn 0.51650000 -0.67290000 -0.52950000
vn 0.37980000 -0.90810000 -0.17610000
vn 0.99750000 -0.03450000 -0.06240000
vn 0.71000000 -0.70390000 0.01900000
vn -0.48130000 -0.61240000 -0.62720000
vn -0.13060000 -0.99070000 -0.03770000
vn -0.90880000 -0.41700000 -0.01350000
vn 0.99760000 -0.04410000 -0.05330000
vn -0.56990000 -0.81540000 -0.10220000
vn -0.60110000 -0.79500000 -0.08200000
vn -0.54010000 -0.84100000 -0.03030000
vn 0.19710000 -0.97240000 -0.12450000
vn 0.63340000 -0.77380000 -0.00210000
vn 0.98850000 -0.13330000 -0.07120000
vn 0.98410000 -0.16720000 -0.05960000
vn -0.56740000 -0.78420000 -0.25110000
vn 0.99530000 -0.06080000 -0.07570000
vn -0.44000000 -0.57780000 -0.68740000
vn -0.51840000 -0.71290000 -0.47220000
vn -0.56340000 -0.67640000 -0.47440000
vn -0.79100000 -0.61160000 0.01360000
vn 0.05720000 -0.99820000 -0.01900000
vn 0.51320000 -0.73790000 -0.43830000
vn -0.84530000 -0.53420000 0.00980000
vn 0.24820000 -0.96840000 0.02320000
vn -0.29850000 -0.12570000 -0.94610000
vn 0.50810000 -0.86070000 0.03320000
vn 0.55610000 -0.83040000 0.03500000
vn 0.65800000 -0.37700000 -0.65180000
vn -0.53380000 -0.79730000 -0.28180000
vn 0.10740000 -0.99410000 -0.01680000
vn 0.59810000 -0.50780000 -0.62010000
vn -0.49290000 -0.81810000 -0.29640000
vn 0.29730000 -0.66370000 -0.68640000
vn 0.98920000 -0.10700000 -0.10030000
vn 0.97720000 -0.19990000 -0.07140000
vn -0.51030000 -0.85970000 -0.02290000
vn 0.95520000 -0.29590000 -0.00060000
vn 0.41160000 -0.91010000 0.04730000
vn 0.35330000 -0.64370000 -0.67880000
vn 0.59930000 -0.57980000 -0.55190000
vn 0.59670000 -0.64140000 -0.48230000
vn 0.66660000 -0.46790000 -0.58030000
vn 0.19910000 -0.98000000 -0.00460000
vn 0.99490000 -0.07190000 -0.07070000
vn 0.99990000 -0.00600000 -0.00950000
vn -0.14520000 -0.18120000 -0.97270000
vn -0.43720000 -0.73170000 -0.52290000
vn 0.34780000 -0.93710000 0.02930000
vn 0.09990000 -0.70920000 -0.69790000
vn -0.46010000 -0.87660000 -0.14110000
vn 0.18370000 -0.98290000 0.01510000
vn 0.54950000 0.36960000 0.74920000
vn -0.60710000 -0.37900000 -0.69840000
vn 0.98990000 -0.13370000 -0.04760000
vn 0.97960000 -0.20050000 -0.01260000
vn -0.17450000 -0.93910000 -0.29610000
vn 0.99870000 -0.03310000 -0.03940000
vn -0.36510000 -0.56370000 -0.74090000
vn 0.40560000 -0.60240000 -0.68750000
vn -0.86960000 -0.49360000 -0.01370000
vn 0.49860000 -0.79570000 -0.34390000
vn 0.48020000 -0.84390000 -0.23920000
vn 0.99750000 -0.05410000 -0.04560000
vn 0.99500000 -0.08080000 -0.05890000
vn 0.86320000 -0.50470000 0.01200000
vn 0.71050000 -0.29650000 -0.63810000
vn -0.53180000 -0.83990000 -0.10850000
vn 0.66440000 -0.59880000 -0.44720000
vn 0.30180000 -0.95320000 0.01980000
vn 0.57310000 -0.75900000 -0.30900000
vn -0.46650000 -0.77480000 -0.42670000
vn -0.45050000 -0.84990000 -0.27330000
vn -0.70190000 -0.71200000 0.02070000
vn -0.73500000 -0.67790000 0.01780000
vn 0.99950000 -0.01560000 -0.02630000
vn 0.80650000 -0.59110000 0.01190000
vn 0.71830000 -0.34750000 -0.60270000
vn -0.06190000 -0.17660000 -0.98230000
vn -0.25490000 -0.38540000 -0.88690000
vn -0.70380000 -0.71010000 0.01940000
vn -0.40880000 -0.91250000 -0.01170000
vn 0.84410000 -0.53610000 0.00980000
vn -0.81890000 -0.57380000 0.01160000
vn 0.69340000 -0.72020000 0.02060000
vn -0.18740000 -0.19940000 -0.96180000
vn -0.24730000 -0.94330000 0.22130000
vn 0.75330000 -0.65740000 0.01640000
vn -0.76430000 -0.64460000 0.01540000
vn 0.46440000 -0.56830000 -0.67930000
vn 0.58760000 -0.70390000 -0.39900000
vn 0.99510000 -0.08750000 -0.04680000
vn 0.99460000 -0.09750000 -0.03490000
vn 0.99720000 -0.07020000 -0.02500000
vn 0.55250000 -0.80720000 -0.20760000
vn 0.27930000 -0.95600000 -0.08970000
vn 0.67180000 -0.74030000 0.02380000
vn -0.06340000 -0.71020000 -0.70110000
vn 0.99980000 -0.00000000 -0.01870000
vn 0.99980000 -0.00000000 -0.01830000
vn 1.00000000 0.00180000 -0.00710000
vn 0.99740000 -0.06260000 -0.03440000
vn 0.99880000 -0.03970000 -0.02930000
vn 0.99870000 -0.04460000 -0.02510000
vn -0.63690000 -0.77060000 0.02470000
vn -0.09500000 -0.99550000 0.00680000
vn -0.46850000 -0.88310000 -0.02610000
vn -0.49830000 -0.85750000 -0.12820000
vn 0.79520000 -0.60610000 0.01390000
vn -0.67210000 -0.74020000 0.02150000
vn -0.79320000 -0.60880000 0.01360000
vn -0.24450000 -0.96930000 0.02530000
vn 0.98580000 -0.16500000 -0.03250000
vn 0.99960000 -0.02170000 -0.01930000
vn 0.97750000 -0.21070000 -0.00070000
vn 0.71090000 -0.70310000 0.01720000
vn 0.98560000 -0.16920000 -0.00070000
vn -0.01690000 -0.52450000 -0.85130000
vn -0.27740000 -0.73260000 -0.62160000
vn 0.04980000 -0.70950000 -0.70290000
vn 0.99390000 -0.10830000 -0.02120000
vn 0.24100000 -0.68260000 -0.68990000
vn 0.20840000 -0.73620000 -0.64390000
vn 0.36910000 0.38030000 0.84800000
vn 0.13710000 -0.90240000 -0.40850000
vn 0.99850000 -0.05220000 -0.01780000
vn 0.80790000 -0.58910000 0.01370000
vn -0.27180000 -0.56380000 -0.77990000
vn 0.66790000 -0.53990000 -0.51230000
vn 0.72920000 -0.43150000 -0.53100000
vn 0.21600000 -0.94360000 -0.25090000
vn 0.86750000 -0.49740000 0.00850000
vn 0.09660000 -0.99530000 0.00620000
vn -0.28980000 -0.95670000 0.02590000
vn 1.00000000 0.00460000 0.00480000
vn 0.15350000 -0.98810000 -0.00740000
vn 0.90520000 -0.42500000 0.00540000
vn 0.90590000 -0.42350000 0.00570000
vn -0.12760000 -0.37450000 -0.91840000
vn 0.26920000 -0.94530000 -0.18400000
vn 0.99990000 -0.00990000 -0.00710000
vn 0.99680000 -0.07790000 -0.01520000
vn -0.36560000 -0.74190000 -0.56200000
vn 0.86560000 -0.50070000 0.00840000
vn 0.64230000 -0.71440000 -0.27770000
vn 0.88800000 -0.45980000 0.00680000
vn -0.38950000 0.37870000 0.83960000
vn 0.45550000 -0.88020000 -0.13330000
vn 0.75760000 -0.29470000 -0.58240000
vn 0.80760000 -0.58960000 0.01160000
vn 0.56760000 -0.42150000 -0.70720000
vn -0.57080000 -0.43380000 -0.69710000
vn 0.18460000 -0.96930000 -0.16230000
vn 0.99950000 -0.02890000 -0.01200000
vn 0.99820000 -0.05850000 -0.01270000
vn 0.86710000 -0.49800000 0.00870000
vn 0.99990000 0.01110000 -0.01320000
vn 0.35360000 -0.93340000 -0.06040000
vn -0.60150000 -0.79800000 0.03760000
vn 0.99630000 -0.08560000 -0.00550000
vn 0.99820000 -0.06040000 -0.00390000
vn -0.26430000 -0.67230000 -0.69150000
vn 0.61860000 -0.76470000 -0.18060000
vn 0.54480000 -0.47440000 -0.69150000
vn -0.43150000 -0.90150000 -0.03290000
vn 0.84430000 -0.53580000 0.00970000
vn 0.98700000 -0.16020000 -0.01030000
vn -0.40440000 -0.85630000 -0.32120000
vn 0.99980000 0.01570000 0.01070000
vn 1.00000000 0.00260000 0.00270000
vn 0.99980000 0.02100000 0.00220000
vn 0.78250000 -0.39210000 -0.48360000
vn 0.99990000 -0.00940000 -0.00460000
vn 0.99290000 -0.11900000 -0.00780000
vn 0.99600000 -0.08960000 -0.00040000
vn -0.34610000 -0.86040000 -0.37410000
vn 0.95540000 -0.29540000 0.00200000
vn 0.96740000 -0.25340000 -0.00070000
vn -0.82240000 -0.56870000 -0.01610000
vn -0.24020000 -0.94030000 -0.24100000
vn 0.65530000 -0.65940000 -0.36850000
vn 0.10430000 -0.99090000 -0.08480000
vn 0.70250000 -0.66620000 -0.25030000
vn 0.99980000 -0.01780000 -0.00170000
vn 0.78660000 -0.09060000 -0.61080000
vn 0.58260000 -0.42410000 -0.69330000
vn 0.72680000 -0.50000000 -0.47080000
vn 0.93800000 -0.34660000 0.00830000
vn 0.95540000 -0.29540000 0.00250000
vn -0.40110000 -0.91470000 -0.04930000
vn 0.96750000 -0.25290000 0.00150000
vn 0.26100000 -0.96530000 0.00930000
vn 0.25440000 -0.96680000 0.02380000
vn 0.74250000 -0.13550000 -0.65600000
vn 0.81220000 -0.20730000 -0.54540000
vn 0.92430000 -0.38160000 0.00450000
vn 0.88880000 -0.45820000 0.00680000
vn 0.99930000 -0.03750000 -0.00350000
vn 0.99800000 -0.06340000 -0.00030000
vn 0.81990000 -0.57250000 0.01100000
vn 0.84510000 -0.53450000 0.00960000
vn 0.94140000 -0.33740000 0.00350000
vn -0.40030000 -0.90280000 -0.15700000
vn 0.05330000 -0.39100000 -0.91890000
vn -0.18570000 -0.75570000 -0.62810000
vn 0.88920000 -0.45740000 0.00670000
vn 0.90780000 -0.41940000 0.00590000
vn 0.50090000 -0.86490000 -0.03180000
vn 0.52600000 -0.84400000 -0.10530000
vn 0.59110000 -0.80220000 -0.08350000
vn 0.61230000 -0.37410000 -0.69650000
vn -0.73590000 -0.67690000 0.01720000
vn 0.97790000 -0.20920000 0.00080000
vn 0.98580000 -0.16760000 0.00070000
vn -0.32490000 -0.91990000 -0.21960000
vn 0.97800000 -0.20870000 0.00120000
vn 0.86830000 -0.49600000 0.00850000
vn 0.90740000 -0.42020000 0.00570000
vn 0.64580000 -0.31350000 -0.69620000
vn 0.82540000 -0.27580000 -0.49260000
vn 0.96780000 -0.25180000 0.00190000
vn 0.92480000 -0.38030000 0.00450000
vn -0.18580000 -0.47620000 -0.85950000
vn 0.88890000 -0.45800000 0.00590000
vn 0.68120000 -0.71460000 -0.15900000
vn 0.87020000 -0.49270000 0.00190000
vn 0.94170000 -0.33650000 0.00350000
vn 0.65420000 -0.75330000 -0.06770000
vn 0.99220000 -0.12480000 -0.00060000
vn 0.99220000 -0.12460000 0.00040000
vn 0.90760000 -0.41980000 0.00580000
vn 0.71840000 -0.60910000 -0.33600000
vn 0.72470000 -0.55230000 -0.41200000
vn 0.95580000 -0.29410000 0.00250000
vn 0.96790000 -0.25130000 0.00190000
vn -0.70570000 -0.70820000 0.01960000
vn 0.92390000 -0.38220000 -0.01470000
vn 0.30650000 -0.94460000 -0.11720000
vn 0.99920000 -0.03950000 -0.00010000
vn 0.95610000 -0.29310000 0.00260000
vn 0.99600000 -0.08950000 0.00020000
vn 0.99800000 -0.06330000 0.00020000
vn 0.67090000 -0.24450000 -0.70010000
vn 0.78320000 -0.45170000 -0.42720000
vn 0.99980000 -0.02070000 0.00010000
vn 1.00000000 -0.00000000 0.00040000
vn 0.83160000 -0.34940000 -0.43180000
vn 0.97810000 -0.20810000 0.00120000
vn 0.77440000 -0.55570000 -0.30250000
vn 0.98590000 -0.16720000 0.00080000
vn 0.32180000 -0.94660000 0.02190000
vn 1.00000000 -0.01000000 0.00010000
vn 0.85470000 -0.18620000 -0.48450000
vn 0.99230000 -0.12360000 0.00060000
vn -0.27820000 -0.94550000 -0.16920000
vn 0.95560000 -0.29460000 -0.00510000
vn 0.97840000 -0.20690000 0.00130000
vn 0.98600000 -0.16690000 0.00090000
vn 0.99920000 -0.03960000 0.00010000
vn 0.99610000 -0.08850000 0.00030000
vn 0.99980000 -0.02130000 0.00030000
vn 0.73970000 -0.65820000 -0.13990000
vn 0.68920000 -0.18750000 -0.69990000
vn 0.70320000 -0.13230000 -0.69860000
vn 0.97800000 -0.20870000 -0.00040000
vn 0.98610000 -0.16620000 0.00080000
vn -0.24770000 -0.96850000 0.02530000
vn 0.99180000 -0.12730000 -0.01470000
vn 0.99990000 -0.01010000 0.00010000
vn 0.99730000 -0.06090000 -0.04090000
vn 0.83160000 -0.40270000 -0.38250000
vn 0.70750000 -0.06870000 -0.70340000
vn 0.99460000 -0.04460000 -0.09330000
vn 0.98820000 -0.03250000 -0.14990000
vn -0.92460000 -0.38090000 -0.00210000
vn -0.82920000 -0.55890000 0.00830000
vn 0.45490000 -0.89040000 0.01550000
vn -0.11930000 -0.61780000 -0.77720000
vn 0.52410000 -0.85150000 0.01680000
vn 0.56710000 -0.82340000 -0.01800000
vn 0.61220000 -0.79010000 0.03150000
vn 0.70590000 -0.70820000 -0.00770000
vn 0.65730000 -0.75340000 0.01600000
vn 0.59180000 -0.80590000 0.01750000
vn -0.19390000 -0.97920000 0.05980000
vn 0.67740000 -0.73520000 0.02690000
vn 0.63120000 -0.77550000 -0.00900000
vn 0.72110000 -0.69270000 0.01320000
vn 0.75160000 -0.65950000 0.01500000
vn 0.19020000 -0.98160000 0.01560000
vn 0.12770000 -0.28630000 -0.94960000
vn 0.77870000 -0.62730000 0.01060000
vn 0.75220000 -0.65860000 0.01940000
vn 0.72040000 -0.69320000 0.02110000
vn 0.79810000 -0.60250000 -0.00450000
vn 0.84380000 -0.53650000 0.01130000
vn 0.84620000 -0.53280000 -0.00480000
vn 0.81820000 -0.57490000 -0.00160000
vn -0.30120000 -0.95040000 -0.07740000
vn 0.81660000 -0.57700000 0.01360000
vn 0.86470000 -0.50220000 -0.00180000
vn 0.82990000 -0.55780000 0.00820000
vn 0.87460000 -0.48490000 0.00500000
vn -0.97700000 -0.21310000 -0.00170000
vn -0.99540000 -0.09610000 -0.00280000
vn -0.98460000 -0.17470000 0.00070000
vn -0.98540000 -0.17050000 0.00110000
vn -0.97710000 -0.21280000 0.00050000
vn -0.97080000 -0.23990000 0.00040000
vn -0.98570000 -0.16840000 -0.00060000
vn -0.25260000 -0.90150000 -0.35130000
vn -0.95330000 -0.30220000 -0.00040000
vn -0.93770000 -0.34740000 -0.00080000
vn 0.71370000 -0.69820000 -0.05620000
vn -0.93740000 -0.34830000 0.00580000
vn -0.94670000 -0.32200000 0.00290000
vn -0.95280000 -0.30370000 0.00450000
vn -0.93940000 -0.34280000 0.00320000
vn -0.90400000 -0.42750000 -0.00130000
vn -0.86560000 -0.50070000 -0.00160000
vn -0.88720000 -0.46130000 -0.00360000
vn -0.86200000 -0.50680000 -0.00000000
vn -0.87570000 -0.48280000 0.00740000
vn -0.91410000 -0.40560000 0.00400000
vn -0.90370000 -0.42800000 0.00750000
vn -0.88380000 -0.46790000 0.00940000
vn -0.86050000 -0.50920000 0.01300000
vn -0.81740000 -0.57610000 -0.00300000
vn -0.79510000 -0.60650000 -0.00580000
vn -0.76010000 -0.64980000 -0.00000000
vn -0.77780000 -0.62840000 0.01350000
vn -0.78750000 -0.61610000 0.01660000
vn -0.75620000 -0.65390000 0.02330000
vn 0.78060000 -0.50260000 -0.37160000
vn -0.72070000 -0.69310000 0.01450000
vn 0.76050000 -0.60880000 -0.22610000
vn -0.76810000 -0.64030000 -0.00320000
vn -0.76120000 -0.64830000 0.01530000
vn 0.83090000 -0.44750000 -0.33080000
vn -0.67560000 -0.73690000 0.02200000
vn 0.33740000 -0.93610000 0.09910000
vn 0.43010000 -0.90190000 -0.03930000
vn 0.38920000 -0.92110000 0.00310000
vn 0.41500000 -0.90930000 0.03170000
vn 0.88920000 -0.45760000 -0.00240000
vn 0.93050000 -0.36550000 -0.02340000
vn 0.90820000 -0.41860000 0.00170000
vn 0.88830000 -0.45920000 0.00590000
vn 0.90670000 -0.42170000 0.00610000
vn 0.92450000 -0.38050000 0.02240000
vn 0.99960000 0.02290000 0.01780000
vn -0.45340000 -0.89100000 0.02350000
vn 0.30900000 -0.95100000 -0.01320000
vn -0.65250000 -0.75730000 -0.02890000
vn -0.67750000 -0.73550000 0.00660000
vn -0.61250000 -0.79040000 -0.00050000
vn -0.30820000 -0.94820000 -0.07670000
vn -0.49460000 -0.86870000 0.02730000
vn -0.51730000 -0.85360000 0.06170000
vn -0.86300000 -0.11530000 -0.49180000
vn -0.73840000 0.18610000 -0.64820000
vn -0.22590000 -0.85530000 0.46630000
vn -0.18580000 -0.94730000 0.26090000
vn -0.85860000 -0.04520000 0.51070000
vn -0.71200000 -0.67840000 -0.18110000
vn -0.18180000 -0.85380000 0.48790000
vn -0.69140000 -0.71980000 -0.06150000
vn -0.54170000 -0.58890000 0.59980000
vn -0.90280000 -0.16190000 -0.39830000
vn -0.77650000 -0.04550000 0.62850000
vn -0.87900000 -0.05690000 -0.47340000
vn -0.29390000 -0.92590000 0.23720000
vn -0.43860000 -0.62350000 0.64730000
vn -0.90280000 -0.32410000 -0.28270000
vn -0.70490000 -0.70920000 0.01490000
vn -0.71980000 -0.16080000 0.67530000
vn -0.65740000 -0.22730000 0.71840000
vn 0.00320000 -0.93860000 -0.34510000
vn -0.77430000 -0.63280000 -0.00190000
vn -0.05970000 -0.68130000 -0.72960000
vn -0.02240000 -0.99360000 -0.11060000
vn -0.19300000 -0.93120000 0.30920000
vn -0.63460000 -0.11770000 0.76380000
vn -0.69940000 0.03270000 0.71400000
vn -0.13170000 -0.86130000 0.49070000
vn -0.96120000 -0.15320000 -0.22960000
vn -0.13330000 -0.28120000 -0.95030000
vn -0.09200000 -0.07710000 -0.99280000
vn -0.07940000 -0.97220000 -0.22010000
vn -0.95870000 -0.24630000 -0.14210000
vn -0.29420000 -0.90970000 0.29300000
vn -0.37730000 -0.58320000 0.71940000
vn -0.61670000 -0.07930000 0.78320000
vn -0.09100000 -0.99550000 -0.02570000
vn -0.13750000 -0.87440000 -0.46530000
vn -0.77480000 -0.62220000 0.11200000
vn -0.21080000 -0.22340000 -0.95170000
vn -0.97790000 -0.14570000 -0.14980000
vn -0.19620000 -0.92050000 0.33780000
vn -0.10040000 -0.86640000 0.48910000
vn -0.56970000 -0.07450000 0.81840000
vn -0.20080000 -0.86910000 -0.45210000
vn -0.37510000 -0.45870000 0.80550000
vn -0.66330000 -0.70580000 0.24880000
vn -0.62140000 -0.75050000 0.22480000
vn -0.34840000 -0.23600000 -0.90720000
vn -0.17890000 -0.95940000 -0.21830000
vn -0.08150000 -0.85410000 0.51360000
vn -0.31500000 -0.32880000 -0.89030000
vn -0.29070000 -0.55820000 0.77710000
vn -0.39160000 -0.19290000 -0.89970000
vn -0.27920000 -0.85620000 -0.43480000
vn -0.24330000 -0.90220000 0.35620000
vn -0.46200000 -0.14380000 0.87520000
vn -0.39760000 -0.04490000 -0.91650000
vn -0.77000000 -0.57400000 0.27860000
vn -0.40940000 -0.06970000 0.90970000
vn -0.32980000 -0.88470000 -0.32950000
vn -0.20200000 -0.90660000 0.37050000
vn -0.46290000 -0.65810000 -0.59380000
vn -0.87190000 -0.44500000 0.20440000
vn -0.97740000 -0.15170000 0.14720000
vn -0.43570000 -0.20110000 -0.87730000
vn -0.98540000 -0.06740000 0.15670000
vn -0.20890000 -0.44610000 0.87020000
vn -0.39510000 -0.87470000 -0.28090000
vn -0.96740000 -0.13500000 0.21440000
vn -0.31900000 -0.06650000 0.94540000
vn -0.15000000 -0.97230000 0.17900000
vn -0.56300000 -0.21710000 -0.79740000
vn -0.25340000 0.04880000 0.96610000
vn -0.26360000 -0.86900000 0.41880000
vn -0.07390000 -0.80450000 0.58940000
vn -0.43700000 -0.86470000 -0.24750000
vn -0.17860000 -0.16990000 0.96910000
vn -0.74790000 -0.54950000 0.37240000
vn -0.59510000 -0.10260000 -0.79710000
vn -0.96190000 -0.01890000 0.27270000
vn -0.14230000 -0.16200000 0.97650000
vn -0.87850000 -0.32690000 0.34830000
vn -0.66370000 -0.37140000 -0.64930000
vn -0.93820000 -0.09120000 0.33400000
vn -0.67930000 -0.03560000 -0.73300000
vn -0.08520000 -0.38690000 0.91820000
vn -0.69450000 -0.46620000 -0.54800000
vn -0.76230000 -0.42660000 0.48670000
vn -0.33620000 -0.94160000 0.01730000
vn -0.26250000 -0.86390000 0.42980000
vn -0.07560000 -0.11210000 0.99080000
vn -0.03260000 -0.37760000 0.92540000
vn -0.55060000 -0.81360000 -0.18670000
vn -0.74350000 -0.10110000 -0.66100000
vn -0.60860000 -0.60640000 0.51170000
vn -0.81890000 -0.15940000 -0.55140000
vn -0.87480000 -0.04200000 0.48260000
vn -0.60140000 -0.77590000 -0.19050000
vn -0.12100000 -0.95130000 0.28360000
vn -0.67000000 -0.43020000 0.60500000
vn -0.60910000 -0.78440000 -0.11760000
vn 0.44640000 -0.67010000 0.59300000
vn 0.69760000 -0.70250000 -0.14100000
vn 0.31450000 -0.80920000 0.49630000
vn 0.59690000 -0.79530000 -0.10540000
vn 0.85190000 -0.18570000 -0.48960000
vn 0.80410000 -0.27960000 0.52470000
vn 0.73590000 0.66050000 0.14900000
vn 0.50880000 -0.69220000 0.51180000
vn 0.55040000 -0.60790000 0.57240000
vn 0.80890000 -0.27050000 -0.52200000
vn 0.81860000 -0.07210000 -0.56980000
vn 0.91790000 0.15550000 0.36510000
vn 0.77710000 -0.12890000 -0.61610000
vn 0.90930000 -0.09520000 0.40510000
vn 0.19360000 -0.95930000 0.20560000
vn 0.66050000 -0.57780000 0.47960000
vn 0.65720000 -0.68700000 -0.30990000
vn 0.69380000 -0.02420000 -0.71980000
vn 0.73530000 -0.09920000 -0.67040000
vn 0.01190000 -0.65200000 0.75820000
vn 0.29020000 -0.95430000 0.07100000
vn 0.04300000 -0.31890000 0.94680000
vn 0.50960000 -0.84510000 -0.16190000
vn 0.17380000 -0.88990000 0.42170000
vn 0.68610000 -0.56250000 0.46130000
vn 0.47060000 -0.85140000 -0.23180000
vn 0.19450000 0.31080000 0.93040000
vn 0.09360000 -0.03430000 0.99500000
vn 0.93030000 -0.15790000 0.33100000
vn 0.96740000 -0.01820000 0.25240000
vn 0.30520000 -0.85380000 0.42190000
vn 0.75200000 -0.55330000 0.35840000
vn 0.65070000 -0.22430000 -0.72540000
vn 0.68890000 -0.40990000 -0.59780000
vn 0.14090000 0.01260000 0.98990000
vn 0.04880000 -0.81450000 0.57810000
vn 0.95900000 -0.13090000 0.25140000
vn 0.18910000 -0.89820000 0.39680000
vn 0.61190000 -0.70240000 0.36360000
vn 0.55720000 -0.00520000 -0.83030000
vn 0.60980000 -0.42190000 -0.67090000
vn 0.23850000 -0.10490000 0.96550000
vn 0.43020000 -0.83930000 -0.33230000
vn 0.54140000 -0.10730000 -0.83390000
vn 0.12970000 -0.97670000 0.17120000
vn 0.13910000 -0.56630000 0.81240000
vn 0.25520000 -0.27900000 0.92580000
vn 0.42190000 -0.79530000 -0.43530000
vn 0.50110000 -0.19780000 -0.84250000
vn 0.31380000 -0.91050000 -0.26940000
vn 0.32050000 -0.11130000 0.94070000
vn 0.05900000 -0.86610000 0.49640000
vn 0.69460000 -0.65380000 0.30010000
vn 0.43980000 -0.12460000 -0.88940000
vn 0.35660000 -0.73070000 -0.58220000
vn 0.14130000 -0.98950000 0.02880000
vn 0.21540000 -0.90980000 0.35470000
vn 0.33720000 -0.22210000 0.91480000
vn 0.62720000 -0.72440000 0.28620000
vn 0.23850000 -0.65400000 0.71790000
vn 0.88090000 -0.45490000 0.13070000
vn 0.43070000 0.03640000 0.90180000
vn 0.30290000 -0.77470000 -0.55500000
vn 0.98910000 -0.12180000 -0.08220000
vn 0.29050000 -0.37860000 -0.87880000
vn 0.55750000 -0.03150000 0.82960000
vn 0.19630000 -0.78870000 0.58260000
vn 0.69030000 -0.70870000 0.14580000
vn 0.13260000 -0.98530000 -0.10800000
vn 0.96590000 -0.05280000 -0.25360000
vn 0.39270000 -0.42770000 0.81420000
vn 0.22630000 -0.77750000 0.58680000
vn 0.19950000 -0.78330000 -0.58870000
vn 0.13030000 -0.05030000 -0.99020000
vn 0.52240000 -0.31340000 0.79300000
vn 0.08810000 -0.99410000 -0.06340000
vn 0.11230000 -0.87690000 -0.46740000
vn 0.18570000 -0.20390000 -0.96120000
vn 0.86750000 -0.49730000 -0.00910000
vn 0.94590000 -0.24770000 -0.20970000
vn 0.05780000 -0.96940000 -0.23880000
vn 0.08200000 -0.43410000 -0.89710000
vn 0.02160000 -0.97090000 -0.23830000
vn 0.38300000 -0.65340000 0.65300000
vn 0.91530000 -0.33130000 -0.22890000
vn 0.94000000 -0.00720000 -0.34120000
vn 0.63200000 -0.16500000 0.75720000
vn 0.91070000 -0.10160000 -0.40030000
vn 0.28370000 -0.93190000 0.22590000
vn 0.78120000 -0.61550000 -0.10420000
vn 0.63940000 -0.30860000 0.70420000
vn 0.80740000 0.33500000 0.48570000
vn 0.79890000 -0.06170000 0.59840000
vn 0.10750000 -0.88600000 0.45110000
vn 0.87630000 -0.16810000 -0.45140000
vn 0.51510000 -0.55250000 0.65530000
vn 0.88760000 -0.30000000 -0.34960000
vn 0.72370000 0.00110000 -0.69010000
vn 0.84140000 0.00080000 -0.54040000
vn 0.57980000 0.00070000 -0.81480000
vn 0.95940000 0.00030000 -0.28190000
vn 1.00000000 0.00040000 0.00010000
vn 0.95940000 0.00010000 0.28200000
vn -0.41600000 0.00080000 -0.90940000
vn 0.78580000 0.00020000 0.61840000
vn -0.57980000 0.00110000 -0.81470000
vn 0.72370000 0.00030000 0.69010000
vn -0.65540000 0.00120000 -0.75530000
vn 0.57980000 0.00030000 0.81470000
vn 0.65540000 0.00030000 0.75530000
vn -0.78590000 0.00100000 -0.61840000
vn 0.35790000 0.69670000 0.62170000
vn 0.00310000 1.00000000 0.00660000
vn -0.95940000 0.00020000 -0.28200000
vn 0.14260000 0.00030000 0.98980000
vn -0.95940000 0.00020000 0.28200000
vn -0.98190000 0.00020000 0.18930000
vn -0.23490000 0.69610000 0.67850000
vn -0.92840000 0.00030000 0.37170000
vn -0.93340000 -0.18890000 -0.30520000
vn -0.91810000 -0.05310000 -0.39290000
vn -0.73970000 -0.09780000 -0.66580000
vn -0.69250000 -0.14750000 -0.70620000
vn -0.15790000 -0.03530000 -0.98680000
vn 0.01330000 -0.11200000 -0.99360000
vn 0.33150000 -0.17900000 -0.92630000
vn 1.00000000 -0.00030000 -0.00590000
vn 0.99980000 -0.00000000 -0.01830000
vn 0.99990000 0.00570000 -0.01070000
vn 0.97800000 -0.19350000 0.07750000
vn 0.99560000 -0.04070000 -0.08470000
vn 0.97710000 -0.18880000 -0.09770000
vn 0.99930000 0.00390000 -0.03740000
vn 0.96540000 0.03010000 -0.25900000
vn 0.92840000 0.00050000 -0.37170000
vn 0.91490000 0.05010000 -0.40060000
vn 0.83800000 -0.08130000 -0.53960000
vn 0.78580000 0.00100000 -0.61840000
vn 0.79880000 0.11400000 -0.59070000
vn 0.65530000 0.00100000 -0.75540000
vn 0.69510000 0.15110000 -0.70290000
vn 0.43110000 -0.20090000 -0.87960000
vn 0.49930000 0.00060000 -0.86640000
vn 0.20600000 -0.16360000 -0.96480000
vn 0.23510000 -0.17160000 -0.95670000
vn 0.05580000 0.16500000 -0.98470000
vn 0.11710000 -0.13110000 -0.98440000
vn 0.22590000 0.13100000 -0.96530000
vn 0.14220000 0.00150000 -0.98980000
vn -0.00750000 -0.29720000 -0.95480000
vn 0.04820000 0.00130000 -0.99880000
vn 0.14610000 0.15260000 -0.97740000
vn 0.05120000 0.11150000 -0.99240000
vn -0.22730000 -0.14690000 -0.96270000
vn -0.26030000 -0.27020000 -0.92700000
vn -0.28170000 0.11500000 -0.95260000
vn -0.48990000 -0.14280000 -0.86000000
vn -0.36780000 0.12470000 -0.92150000
vn -0.55450000 -0.00610000 -0.83220000
vn -0.49930000 0.00090000 -0.86640000
vn -0.61010000 0.14240000 -0.77940000
vn -0.61770000 -0.05290000 -0.78460000
vn -0.68160000 0.14660000 -0.71690000
vn -0.76680000 -0.10040000 -0.63400000
vn -0.73350000 0.10470000 -0.67160000
vn -0.88210000 0.07210000 -0.46540000
vn -0.84140000 0.00080000 -0.54040000
vn -0.92840000 0.00040000 -0.37160000
vn -0.91540000 0.05790000 -0.39830000
vn -0.96810000 -0.02950000 -0.24870000
vn -0.99450000 -0.00940000 -0.10390000
vn -0.98190000 0.00020000 -0.18930000
vn -0.99800000 -0.00530000 -0.06330000
vn -0.98400000 -0.17800000 -0.00230000
vn -0.99980000 -0.00280000 -0.02140000
vn -0.99990000 0.00720000 -0.01010000
vn -0.99980000 -0.00000000 -0.01840000
vn -1.00000000 -0.00120000 -0.00860000
vn -0.99980000 -0.00000000 -0.01920000
vn -0.99800000 -0.06290000 0.01070000
vn -1.00000000 -0.00160000 -0.00730000
vn -0.99980000 -0.00000000 -0.01920000
vn -0.99980000 -0.00000000 -0.01840000
vn -0.99990000 0.00150000 -0.01330000
vn -0.99550000 0.00040000 -0.09510000
vn -1.00000000 0.00030000 -0.00650000
vn -0.99980000 -0.00000000 -0.01840000
vn -0.14270000 0.00210000 -0.98980000
vn -0.99980000 -0.01170000 -0.01290000
vn -0.98040000 -0.19180000 -0.04560000
f 76//76 78//78 79//79
f 79//79 2//2 3//3
f 3//3 2//2 4//4
f 1//1 3//3 4//4
f 837//837 1//1 4//4
f 4//4 5//5 837//837
f 837//837 5//5 6//6
f 853//853 837//837 6//6
f 6//6 1234//1234 853//853
f 1319//1319 7//7 8//8
f 967//967 1319//1319 8//8
f 9//9 967//967 8//8
f 7//7 1332//1332 11//11
f 11//11 1332//1332 10//10
f 9//9 8//8 11//11
f 8//8 7//7 11//11
f 10//10 1332//1332 12//12
f 10//10 12//12 13//13
f 12//12 14//14 13//13
f 11//11 10//10 13//13
f 984//984 11//11 13//13
f 14//14 984//984 13//13
f 14//14 12//12 17//17
f 14//14 17//17 15//15
f 14//14 15//15 16//16
f 984//984 14//14 16//16
f 15//15 17//17 19//19
f 16//16 15//15 19//19
f 997//997 16//16 19//19
f 997//997 19//19 18//18
f 18//18 19//19 20//20
f 21//21 997//997 20//20
f 997//997 18//18 20//20
f 20//20 22//22 21//21
f 21//21 22//22 23//23
f 1005//1005 21//21 23//23
f 23//23 22//22 24//24
f 23//23 24//24 1005//1005
f 26//26 1005//1005 25//25
f 1005//1005 24//24 25//25
f 25//25 24//24 26//26
f 24//24 28//28 26//26
f 29//29 26//26 27//27
f 26//26 28//28 27//27
f 28//28 31//31 29//29
f 27//27 28//28 29//29
f 29//29 31//31 30//30
f 32//32 29//29 30//30
f 30//30 31//31 32//32
f 31//31 1293//1293 32//32
f 32//32 1293//1293 34//34
f 33//33 32//32 34//34
f 1293//1293 36//36 33//33
f 34//34 1293//1293 33//33
f 33//33 36//36 35//35
f 37//37 33//33 35//35
f 36//36 38//38 37//37
f 35//35 36//36 37//37
f 37//37 38//38 39//39
f 948//948 37//37 39//39
f 38//38 42//42 40//40
f 39//39 38//38 40//40
f 955//955 948//948 41//41
f 40//40 42//42 41//41
f 948//948 39//39 40//40
f 41//41 948//948 40//40
f 46//46 955//955 44//44
f 42//42 1321//1321 955//955
f 41//41 42//42 955//955
f 1321//1321 44//44 955//955
f 1321//1321 43//43 45//45
f 44//44 1321//1321 45//45
f 44//44 45//45 46//46
f 45//45 43//43 47//47
f 971//971 46//46 47//47
f 46//46 45//45 47//47
f 47//47 43//43 1333//1333
f 47//47 1333//1333 971//971
f 971//971 1333//1333 48//48
f 979//979 971//971 48//48
f 48//48 1333//1333 49//49
f 48//48 49//49 979//979
f 979//979 49//49 51//51
f 49//49 1344//1344 50//50
f 50//50 1344//1344 982//982
f 979//979 51//51 50//50
f 51//51 49//49 50//50
f 982//982 979//979 50//50
f 1344//1344 1353//1353 52//52
f 982//982 1344//1344 52//52
f 55//55 982//982 52//52
f 1353//1353 53//53 56//56
f 52//52 1353//1353 56//56
f 52//52 56//56 55//55
f 56//56 53//53 994//994
f 994//994 53//53 54//54
f 55//55 56//56 994//994
f 53//53 1358//1358 57//57
f 54//54 53//53 57//57
f 994//994 54//54 57//57
f 57//57 1358//1358 59//59
f 1004//1004 58//58 59//59
f 58//58 994//994 57//57
f 59//59 58//58 57//57
f 1358//1358 62//62 61//61
f 59//59 1358//1358 61//61
f 61//61 62//62 60//60
f 1004//1004 59//59 61//61
f 1008//1008 1004//1004 60//60
f 1004//1004 61//61 60//60
f 62//62 63//63 64//64
f 1008//1008 60//60 64//64
f 60//60 62//62 64//64
f 65//65 1008//1008 64//64
f 63//63 65//65 64//64
f 68//68 65//65 66//66
f 63//63 66//66 65//65
f 66//66 69//69 67//67
f 67//67 69//69 68//68
f 66//66 67//67 68//68
f 68//68 69//69 929//929
f 70//70 71//71 929//929
f 69//69 70//70 929//929
f 70//70 1315//1315 71//71
f 73//73 71//71 1315//1315
f 1315//1315 72//72 73//73
f 73//73 72//72 1323//1323
f 74//74 73//73 1323//1323
f 75//75 74//74 1323//1323
f 75//75 1323//1323 77//77
f 76//76 75//75 77//77
f 77//77 78//78 76//76
f 78//78 2//2 79//79
f 157//157 156//156 86//86
f 168//168 157//157 571//571
f 172//172 168//168 572//572
f 178//178 172//172 574//574
f 87//87 178//178 575//575
f 192//192 87//87 80//80
f 97//97 192//192 541//541
f 107//107 97//97 544//544
f 112//112 107//107 546//546
f 88//88 112//112 553//553
f 120//120 88//88 555//555
f 89//89 120//120 558//558
f 134//134 89//89 557//557
f 141//141 134//134 90//90
f 81//81 141//141 414//414
f 82//82 81//81 413//413
f 163//163 82//82 91//91
f 164//164 163//163 420//420
f 174//174 164//164 426//426
f 83//83 174//174 425//425
f 181//181 83//83 92//92
f 193//193 181//181 428//428
f 101//101 193//193 93//93
f 111//111 101//101 434//434
f 118//118 111//111 94//94
f 124//124 118//118 84//84
f 95//95 124//124 85//85
f 132//132 95//95 438//438
f 569//569 86//86 156//156
f 86//86 571//571 157//157
f 571//571 572//572 168//168
f 572//572 574//574 172//172
f 574//574 575//575 178//178
f 575//575 80//80 87//87
f 80//80 541//541 192//192
f 541//541 544//544 97//97
f 544//544 546//546 107//107
f 546//546 553//553 112//112
f 553//553 555//555 88//88
f 555//555 558//558 120//120
f 558//558 557//557 89//89
f 557//557 90//90 134//134
f 90//90 414//414 141//141
f 414//414 413//413 81//81
f 413//413 91//91 82//82
f 91//91 420//420 163//163
f 420//420 426//426 164//164
f 426//426 425//425 174//174
f 425//425 92//92 83//83
f 92//92 428//428 181//181
f 428//428 93//93 193//193
f 93//93 434//434 101//101
f 434//434 94//94 111//111
f 94//94 84//84 118//118
f 84//84 85//85 124//124
f 85//85 438//438 95//95
f 438//438 437//437 132//132
f 98//98 603//603 100//100
f 99//99 187//187 191//191
f 99//99 96//96 187//187
f 99//99 191//191 97//97
f 99//99 97//97 107//107
f 106//106 651//651 96//96
f 102//102 100//100 103//103
f 102//102 98//98 100//100
f 103//103 193//193 101//101
f 102//102 695//695 98//98
f 106//106 96//96 99//99
f 106//106 99//99 107//107
f 102//102 103//103 101//101
f 106//106 646//646 651//651
f 104//104 695//695 102//102
f 105//105 101//101 111//111
f 105//105 102//102 101//101
f 105//105 104//104 102//102
f 110//110 696//696 695//695
f 110//110 695//695 104//104
f 109//109 646//646 106//106
f 109//109 107//107 112//112
f 109//109 106//106 107//107
f 113//113 108//108 646//646
f 113//113 646//646 109//109
f 110//110 105//105 111//111
f 110//110 104//104 105//105
f 113//113 109//109 112//112
f 116//116 696//696 110//110
f 113//113 112//112 88//88
f 114//114 116//116 110//110
f 115//115 108//108 113//113
f 114//114 110//110 111//111
f 114//114 111//111 118//118
f 115//115 113//113 88//88
f 116//116 114//114 118//118
f 122//122 119//119 116//116
f 121//121 117//117 115//115
f 122//122 116//116 118//118
f 122//122 118//118 124//124
f 121//121 115//115 88//88
f 121//121 88//88 120//120
f 127//127 123//123 117//117
f 127//127 117//117 121//121
f 619//619 119//119 122//122
f 127//127 121//121 120//120
f 619//619 122//122 124//124
f 127//127 120//120 89//89
f 126//126 125//125 619//619
f 126//126 124//124 95//95
f 126//126 619//619 124//124
f 128//128 123//123 127//127
f 130//130 625//625 125//125
f 130//130 125//125 126//126
f 130//130 126//126 95//95
f 136//136 625//625 130//130
f 128//128 127//127 89//89
f 136//136 628//628 625//625
f 133//133 128//128 89//89
f 133//133 129//129 128//128
f 133//133 89//89 134//134
f 131//131 136//136 130//130
f 131//131 130//130 95//95
f 131//131 95//95 132//132
f 136//136 629//629 628//628
f 129//129 133//133 134//134
f 135//135 129//129 134//134
f 135//135 635//635 129//129
f 135//135 134//134 141//141
f 137//137 629//629 136//136
f 137//137 136//136 131//131
f 137//137 131//131 132//132
f 140//140 635//635 135//135
f 137//137 132//132 437//437
f 138//138 630//630 629//629
f 140//140 634//634 635//635
f 138//138 629//629 137//137
f 140//140 135//135 141//141
f 138//138 137//137 437//437
f 144//144 354//354 139//139
f 143//143 630//630 138//138
f 145//145 139//139 577//577
f 145//145 577//577 569//569
f 145//145 144//144 139//139
f 142//142 149//149 634//634
f 142//142 634//634 140//140
f 142//142 141//141 81//81
f 142//142 140//140 141//141
f 151//151 148//148 144//144
f 151//151 144//144 145//145
f 151//151 145//145 569//569
f 147//147 143//143 138//138
f 147//147 437//437 439//439
f 147//147 138//138 437//437
f 149//149 142//142 81//81
f 143//143 147//147 439//439
f 154//154 146//146 149//149
f 151//151 569//569 156//156
f 153//153 670//670 148//148
f 154//154 149//149 81//81
f 154//154 81//81 82//82
f 152//152 150//150 143//143
f 152//152 356//356 150//150
f 153//153 148//148 151//151
f 158//158 631//631 146//146
f 158//158 146//146 154//154
f 153//153 151//151 156//156
f 152//152 358//358 356//356
f 153//153 667//667 670//670
f 152//152 143//143 439//439
f 152//152 439//439 576//576
f 152//152 576//576 358//358
f 158//158 159//159 631//631
f 158//158 154//154 82//82
f 155//155 667//667 153//153
f 155//155 153//153 156//156
f 155//155 156//156 157//157
f 160//160 667//667 155//155
f 162//162 160//160 155//155
f 162//162 155//155 157//157
f 161//161 159//159 158//158
f 161//161 158//158 82//82
f 161//161 82//82 163//163
f 166//166 684//684 159//159
f 166//166 159//159 161//161
f 166//166 161//161 163//163
f 162//162 157//157 168//168
f 663//663 160//160 162//162
f 167//167 663//663 162//162
f 167//167 162//162 168//168
f 166//166 627//627 684//684
f 170//170 166//166 163//163
f 170//170 163//163 164//164
f 170//170 627//627 166//166
f 169//169 663//663 167//167
f 169//169 165//165 663//663
f 170//170 623//623 627//627
f 169//169 168//168 172//172
f 169//169 167//167 168//168
f 173//173 165//165 169//169
f 173//173 169//169 172//172
f 171//171 170//170 164//164
f 171//171 623//623 170//170
f 171//171 164//164 174//174
f 620//620 623//623 171//171
f 620//620 171//171 174//174
f 176//176 692//692 173//173
f 176//176 173//173 172//172
f 176//176 172//172 178//178
f 176//176 179//179 692//692
f 175//175 614//614 620//620
f 175//175 620//620 174//174
f 175//175 174//174 83//83
f 183//183 614//614 175//175
f 177//177 179//179 176//176
f 177//177 178//178 87//87
f 177//177 176//176 178//178
f 183//183 175//175 83//83
f 185//185 655//655 179//179
f 185//185 179//179 177//177
f 185//185 177//177 87//87
f 182//182 83//83 181//181
f 182//182 183//183 83//83
f 186//186 87//87 192//192
f 186//186 185//185 87//87
f 184//184 180//180 183//183
f 184//184 183//183 182//182
f 188//188 654//654 655//655
f 188//188 655//655 185//185
f 184//184 182//182 181//181
f 184//184 190//190 180//180
f 188//188 185//185 186//186
f 188//188 186//186 192//192
f 188//188 187//187 654//654
f 189//189 184//184 181//181
f 189//189 190//190 184//184
f 189//189 181//181 193//193
f 100//100 603//603 190//190
f 191//191 188//188 192//192
f 191//191 187//187 188//188
f 103//103 190//190 189//189
f 191//191 192//192 97//97
f 103//103 189//189 193//193
f 103//103 100//100 190//190
f 1382//1382 3504//3504 3287//3287
f 1384//1384 224//224 3296//3296
f 1384//1384 3296//3296 3304//3304
f 1384//1384 3304//3304 3314//3314
f 3433//3433 3390//3390 3399//3399
f 3433//3433 3436//3436 3390//3390
f 235//235 3287//3287 3292//3292
f 235//235 1382//1382 3287//3287
f 3441//3441 3292//3292 3303//3303
f 3441//3441 235//235 3292//3292
f 3440//3440 3303//3303 194//194
f 1383//1383 1384//1384 3314//3314
f 3440//3440 3441//3441 3303//3303
f 3434//3434 3399//3399 3411//3411
f 1383//1383 3314//3314 195//195
f 3434//3434 3433//3433 3399//3399
f 3443//3443 194//194 196//196
f 3443//3443 3440//3440 194//194
f 1385//1385 196//196 3229//3229
f 1385//1385 3443//3443 196//196
f 1386//1386 1385//1385 3229//3229
f 197//197 195//195 3352//3352
f 197//197 1383//1383 195//195
f 1386//1386 3229//3229 199//199
f 198//198 1386//1386 199//199
f 3431//3431 3411//3411 3415//3415
f 198//198 199//199 3241//3241
f 3431//3431 3434//3434 3411//3411
f 230//230 198//198 3241//3241
f 230//230 3241//3241 3249//3249
f 3439//3439 3352//3352 3351//3351
f 3439//3439 197//197 3352//3352
f 3429//3429 3415//3415 3416//3416
f 200//200 230//230 3249//3249
f 200//200 3249//3249 3258//3258
f 3429//3429 3431//3431 3415//3415
f 212//212 200//200 3258//3258
f 1379//1379 3416//3416 203//203
f 212//212 3258//3258 201//201
f 1379//1379 3429//3429 3416//3416
f 202//202 212//212 201//201
f 202//202 201//201 3279//3279
f 213//213 203//203 3330//3330
f 213//213 1379//1379 203//203
f 204//204 3351//3351 3366//3366
f 204//204 3439//3439 3351//3351
f 211//211 202//202 3279//3279
f 205//205 3330//3330 3338//3338
f 205//205 3338//3338 3353//3353
f 211//211 3279//3279 206//206
f 205//205 213//213 3330//3330
f 1381//1381 3366//3366 3375//3375
f 3427//3427 3353//3353 3361//3361
f 1381//1381 3375//3375 3386//3386
f 1381//1381 204//204 3366//3366
f 3427//3427 205//205 3353//3353
f 229//229 3427//3427 3361//3361
f 3442//3442 211//211 206//206
f 229//229 3361//3361 207//207
f 3442//3442 206//206 3293//3293
f 1380//1380 3386//3386 209//209
f 1380//1380 1381//1381 3386//3386
f 1376//1376 229//229 207//207
f 1376//1376 207//207 208//208
f 3426//3426 1376//1376 208//208
f 3426//3426 208//208 3454//3454
f 224//224 3442//3442 3293//3293
f 224//224 3293//3293 3296//3296
f 3436//3436 209//209 3390//3390
f 3436//3436 1380//1380 209//209
f 210//210 224//224 211//211
f 3437//3437 3433//3433 1380//1380
f 1381//1381 1380//1380 238//238
f 1201//1201 3218//3218 215//215
f 217//217 1201//1201 215//215
f 214//214 217//217 2790//2790
f 217//217 215//215 2790//2790
f 219//219 214//214 2824//2824
f 214//214 2790//2790 2824//2824
f 219//219 2824//2824 2918//2918
f 1106//1106 219//219 2989//2989
f 219//219 2918//2918 2989//2989
f 1106//1106 2989//2989 2990//2990
f 1107//1107 1106//1106 1394//1394
f 1106//1106 2990//2990 1394//1394
f 220//220 1107//1107 1395//1395
f 1107//1107 1394//1394 1395//1395
f 221//221 220//220 3012//3012
f 220//220 1395//1395 3012//3012
f 221//221 3012//3012 216//216
f 222//222 221//221 2952//2952
f 221//221 216//216 2952//2952
f 222//222 2952//2952 2821//2821
f 1193//1193 222//222 2658//2658
f 222//222 2821//2821 2658//2658
f 1193//1193 2658//2658 2523//2523
f 214//214 218//218 217//217
f 218//218 1201//1201 217//217
f 1109//1109 214//214 219//219
f 1106//1106 1109//1109 219//219
f 1108//1108 220//220 221//221
f 1108//1108 221//221 222//222
f 1194//1194 1108//1108 222//222
f 1194//1194 222//222 1193//1193
f 223//223 225//225 1075//1075
f 223//223 224//224 225//225
f 211//211 1075//1075 1069//1069
f 211//211 223//223 1075//1075
f 1376//1376 226//226 1086//1086
f 1376//1376 3426//3426 226//226
f 202//202 1069//1069 1067//1067
f 202//202 211//211 1069//1069
f 229//229 1086//1086 227//227
f 229//229 1376//1376 1086//1086
f 212//212 1067//1067 228//228
f 212//212 202//202 1067//1067
f 3427//3427 227//227 1092//1092
f 200//200 228//228 1061//1061
f 3427//3427 229//229 227//227
f 200//200 212//212 228//228
f 205//205 1092//1092 1093//1093
f 230//230 1061//1061 1060//1060
f 230//230 200//200 1061//1061
f 205//205 3427//3427 1092//1092
f 198//198 1060//1060 1055//1055
f 213//213 1093//1093 1099//1099
f 198//198 230//230 1060//1060
f 213//213 205//205 1093//1093
f 1386//1386 1055//1055 1054//1054
f 1379//1379 1099//1099 1102//1102
f 1386//1386 198//198 1055//1055
f 1379//1379 213//213 1099//1099
f 1385//1385 1054//1054 1053//1053
f 1385//1385 1386//1386 1054//1054
f 3429//3429 1102//1102 231//231
f 3429//3429 1379//1379 1102//1102
f 3443//3443 1053//1053 232//232
f 3443//3443 1385//1385 1053//1053
f 3431//3431 3429//3429 231//231
f 3431//3431 231//231 233//233
f 3440//3440 232//232 1047//1047
f 3440//3440 3443//3443 232//232
f 3434//3434 233//233 1103//1103
f 3434//3434 3431//3431 233//233
f 3441//3441 1047//1047 234//234
f 3441//3441 3440//3440 1047//1047
f 3433//3433 1103//1103 1100//1100
f 235//235 234//234 236//236
f 3433//3433 3434//3434 1103//1103
f 235//235 3441//3441 234//234
f 1382//1382 235//235 236//236
f 237//237 1100//1100 1096//1096
f 237//237 3433//3433 1100//1100
f 238//238 237//237 1096//1096
f 238//238 1096//1096 1098//1098
f 1381//1381 1098//1098 1094//1094
f 1381//1381 238//238 1098//1098
f 204//204 1094//1094 1088//1088
f 204//204 1381//1381 1094//1094
f 3439//3439 1088//1088 1087//1087
f 3439//3439 204//204 1088//1088
f 197//197 1087//1087 239//239
f 197//197 3439//3439 1087//1087
f 1383//1383 239//239 240//240
f 1383//1383 240//240 1082//1082
f 1383//1383 197//197 239//239
f 1384//1384 1082//1082 1080//1080
f 1384//1384 1383//1383 1082//1082
f 224//224 1080//1080 225//225
f 224//224 1384//1384 1080//1080
f 785//785 247//247 284//284
f 785//785 782//782 247//247
f 786//786 284//284 287//287
f 786//786 785//785 284//284
f 757//757 705//705 250//250
f 249//249 287//287 289//289
f 757//757 755//755 705//705
f 249//249 786//786 287//287
f 758//758 250//250 281//281
f 248//248 289//289 290//290
f 248//248 249//249 289//289
f 758//758 757//757 250//250
f 251//251 290//290 254//254
f 252//252 281//281 253//253
f 251//251 248//248 290//290
f 252//252 758//758 281//281
f 257//257 254//254 255//255
f 257//257 251//251 254//254
f 761//761 253//253 256//256
f 761//761 252//252 253//253
f 259//259 255//255 296//296
f 259//259 257//257 255//255
f 260//260 256//256 258//258
f 260//260 761//761 256//256
f 261//261 296//296 301//301
f 261//261 259//259 296//296
f 764//764 258//258 292//292
f 764//764 260//260 258//258
f 788//788 301//301 302//302
f 788//788 261//261 301//301
f 262//262 292//292 291//291
f 262//262 764//764 292//292
f 787//787 302//302 304//304
f 787//787 788//788 302//302
f 265//265 262//262 291//291
f 265//265 291//291 298//298
f 781//781 304//304 263//263
f 781//781 787//787 304//304
f 778//778 263//263 309//309
f 268//268 298//298 264//264
f 268//268 265//265 298//298
f 778//778 781//781 263//263
f 266//266 309//309 267//267
f 767//767 264//264 269//269
f 266//266 778//778 309//309
f 767//767 268//268 264//264
f 774//774 266//266 267//267
f 270//270 269//269 305//305
f 270//270 767//767 269//269
f 271//271 270//270 305//305
f 271//271 305//305 308//308
f 768//768 308//308 311//311
f 768//768 271//271 308//308
f 272//272 311//311 273//273
f 272//272 768//768 311//311
f 771//771 273//273 274//274
f 771//771 272//272 273//273
f 772//772 274//274 275//275
f 772//772 275//275 278//278
f 772//772 771//771 274//274
f 775//775 278//278 276//276
f 775//775 772//772 278//278
f 779//779 276//276 277//277
f 779//779 775//775 276//276
f 782//782 277//277 247//247
f 782//782 779//779 277//277
f 672//672 278//278 315//315
f 276//276 672//672 279//279
f 280//280 705//705 706//706
f 276//276 278//278 672//672
f 675//675 276//276 279//279
f 250//250 705//705 280//280
f 277//277 276//276 675//675
f 282//282 250//250 280//280
f 676//676 277//277 675//675
f 281//281 282//282 638//638
f 247//247 676//676 604//604
f 281//281 250//250 282//282
f 247//247 277//277 676//676
f 285//285 247//247 604//604
f 283//283 281//281 638//638
f 284//284 247//247 285//285
f 253//253 281//281 283//283
f 640//640 253//253 283//283
f 286//286 284//284 285//285
f 256//256 253//253 640//640
f 287//287 286//286 610//610
f 641//641 256//256 640//640
f 287//287 284//284 286//286
f 642//642 256//256 641//641
f 288//288 287//287 610//610
f 258//258 256//256 642//642
f 289//289 287//287 288//288
f 618//618 289//289 288//288
f 647//647 258//258 642//642
f 292//292 258//258 647//647
f 290//290 289//289 618//618
f 290//290 618//618 624//624
f 645//645 292//292 647//647
f 320//320 290//290 624//624
f 254//254 290//290 320//320
f 291//291 645//645 650//650
f 293//293 254//254 320//320
f 291//291 292//292 645//645
f 295//295 291//291 650//650
f 255//255 254//254 293//293
f 294//294 255//255 293//293
f 298//298 291//291 295//295
f 616//616 255//255 294//294
f 653//653 298//298 295//295
f 296//296 255//255 616//616
f 299//299 296//296 616//616
f 264//264 653//653 297//297
f 264//264 298//298 653//653
f 301//301 296//296 299//299
f 300//300 264//264 297//297
f 608//608 301//301 299//299
f 269//269 264//264 300//300
f 302//302 301//301 608//608
f 302//302 608//608 303//303
f 656//656 269//269 300//300
f 307//307 302//302 303//303
f 304//304 302//302 307//307
f 305//305 656//656 657//657
f 305//305 269//269 656//656
f 306//306 304//304 307//307
f 660//660 305//305 657//657
f 263//263 304//304 306//306
f 308//308 305//305 660//660
f 263//263 306//306 674//674
f 661//661 308//308 660//660
f 310//310 263//263 674//674
f 309//309 263//263 310//310
f 311//311 661//661 665//665
f 673//673 309//309 310//310
f 311//311 308//308 661//661
f 666//666 311//311 665//665
f 267//267 309//309 673//673
f 267//267 673//673 679//679
f 273//273 311//311 666//666
f 312//312 273//273 666//666
f 274//274 273//273 312//312
f 313//313 274//274 312//312
f 314//314 274//274 313//313
f 275//275 274//274 314//314
f 315//315 275//275 314//314
f 278//278 275//275 315//315
f 318//318 316//316 407//407
f 321//321 320//320 624//624
f 600//600 317//317 319//319
f 600//600 321//321 317//317
f 321//321 293//293 320//320
f 581//581 316//316 318//318
f 581//581 323//323 316//316
f 324//324 293//293 321//321
f 324//324 321//321 600//600
f 324//324 600//600 328//328
f 329//329 294//294 293//293
f 329//329 293//293 324//324
f 325//325 322//322 323//323
f 325//325 323//323 581//581
f 325//325 581//581 326//326
f 329//329 324//324 328//328
f 322//322 325//325 326//326
f 329//329 616//616 294//294
f 330//330 659//659 322//322
f 330//330 322//322 326//326
f 330//330 326//326 336//336
f 327//327 329//329 328//328
f 327//327 328//328 333//333
f 332//332 299//299 616//616
f 332//332 329//329 327//327
f 332//332 616//616 329//329
f 331//331 659//659 330//330
f 332//332 327//327 333//333
f 331//331 330//330 336//336
f 332//332 333//333 334//334
f 335//335 331//331 336//336
f 609//609 299//299 332//332
f 335//335 664//664 331//331
f 335//335 336//336 338//338
f 341//341 668//668 664//664
f 609//609 332//332 334//334
f 341//341 664//664 335//335
f 341//341 335//335 338//338
f 341//341 338//338 342//342
f 340//340 337//337 609//609
f 340//340 609//609 334//334
f 340//340 334//334 345//345
f 339//339 337//337 340//340
f 343//343 668//668 341//341
f 344//344 339//339 340//340
f 344//344 340//340 345//345
f 343//343 341//341 342//342
f 348//348 346//346 343//343
f 347//347 339//339 344//344
f 348//348 343//343 342//342
f 347//347 349//349 339//339
f 348//348 342//342 582//582
f 347//347 344//344 345//345
f 347//347 345//345 602//602
f 346//346 348//348 582//582
f 352//352 349//349 347//347
f 352//352 306//306 349//349
f 350//350 346//346 582//582
f 350//350 353//353 346//346
f 350//350 582//582 351//351
f 352//352 347//347 602//602
f 352//352 602//602 588//588
f 355//355 674//674 306//306
f 355//355 306//306 352//352
f 357//357 671//671 353//353
f 357//357 353//353 350//350
f 355//355 352//352 588//588
f 357//357 350//350 351//351
f 362//362 674//674 355//355
f 361//361 280//280 356//356
f 361//361 356//356 358//358
f 359//359 360//360 671//671
f 359//359 671//671 357//357
f 361//361 358//358 576//576
f 361//361 576//576 589//589
f 359//359 351//351 583//583
f 359//359 357//357 351//351
f 364//364 362//362 355//355
f 366//366 280//280 361//361
f 364//364 355//355 588//588
f 364//364 588//588 578//578
f 368//368 366//366 361//361
f 360//360 359//359 583//583
f 368//368 361//361 589//589
f 362//362 364//364 578//578
f 370//370 363//363 360//360
f 368//368 589//589 369//369
f 370//370 583//583 374//374
f 370//370 360//360 583//583
f 372//372 638//638 366//366
f 367//367 354//354 365//365
f 367//367 365//365 362//362
f 367//367 139//139 354//354
f 371//371 279//279 363//363
f 367//367 577//577 139//139
f 367//367 362//362 578//578
f 367//367 578//578 577//577
f 371//371 363//363 370//370
f 372//372 366//366 368//368
f 372//372 368//368 369//369
f 371//371 675//675 279//279
f 372//372 639//639 638//638
f 371//371 370//370 374//374
f 373//373 639//639 372//372
f 373//373 369//369 579//579
f 373//373 372//372 369//369
f 376//376 639//639 373//373
f 375//375 675//675 371//371
f 375//375 371//371 374//374
f 377//377 376//376 373//373
f 377//377 373//373 579//579
f 375//375 374//374 584//584
f 380//380 676//676 675//675
f 380//380 675//675 375//375
f 380//380 375//375 584//584
f 377//377 579//579 379//379
f 378//378 376//376 377//377
f 382//382 378//378 377//377
f 380//380 604//604 676//676
f 382//382 377//377 379//379
f 381//381 380//380 584//584
f 381//381 584//584 386//386
f 381//381 604//604 380//380
f 381//381 605//605 604//604
f 383//383 378//378 382//382
f 384//384 382//382 379//379
f 384//384 383//383 382//382
f 384//384 379//379 385//385
f 391//391 390//390 383//383
f 391//391 383//383 384//384
f 391//391 384//384 385//385
f 387//387 381//381 386//386
f 387//387 605//605 381//381
f 387//387 386//386 388//388
f 389//389 605//605 387//387
f 389//389 387//387 388//388
f 391//391 385//385 392//392
f 393//393 645//645 390//390
f 393//393 390//390 391//391
f 393//393 391//391 392//392
f 393//393 649//649 645//645
f 394//394 389//389 388//388
f 394//394 612//612 389//389
f 394//394 388//388 395//395
f 400//400 612//612 394//394
f 398//398 649//649 393//393
f 400//400 394//394 395//395
f 398//398 393//393 392//392
f 398//398 392//392 396//396
f 397//397 649//649 398//398
f 397//397 402//402 649//649
f 397//397 398//398 396//396
f 399//399 400//400 395//395
f 399//399 395//395 599//599
f 397//397 396//396 404//404
f 401//401 400//400 399//399
f 599//599 401//401 399//399
f 403//403 402//402 397//397
f 404//404 403//403 397//397
f 405//405 401//401 599//599
f 405//405 621//621 401//401
f 405//405 599//599 319//319
f 317//317 624//624 621//621
f 407//407 406//406 403//403
f 317//317 621//621 405//405
f 407//407 403//403 404//404
f 317//317 405//405 319//319
f 321//321 624//624 317//317
f 407//407 404//404 318//318
f 316//316 406//406 407//407
f 408//408 409//409 445//445
f 410//410 409//409 408//408
f 415//415 414//414 447//447
f 412//412 410//410 408//408
f 411//411 410//410 412//412
f 413//413 414//414 415//415
f 416//416 411//411 412//412
f 417//417 413//413 415//415
f 591//591 411//411 416//416
f 91//91 413//413 417//417
f 419//419 591//591 416//416
f 421//421 91//91 417//417
f 423//423 419//419 418//418
f 423//423 591//591 419//419
f 420//420 91//91 421//421
f 452//452 420//420 421//421
f 422//422 418//418 458//458
f 422//422 423//423 418//418
f 426//426 420//420 452//452
f 424//424 426//426 452//452
f 592//592 458//458 459//459
f 592//592 422//422 458//458
f 425//425 426//426 424//424
f 454//454 425//425 424//424
f 593//593 459//459 427//427
f 593//593 592//592 459//459
f 92//92 425//425 454//454
f 429//429 92//92 454//454
f 594//594 427//427 430//430
f 428//428 92//92 429//429
f 594//594 593//593 427//427
f 431//431 428//428 429//429
f 433//433 430//430 432//432
f 433//433 594//594 430//430
f 93//93 428//428 431//431
f 463//463 93//93 431//431
f 539//539 432//432 540//540
f 434//434 93//93 463//463
f 539//539 433//433 432//432
f 435//435 434//434 463//463
f 94//94 434//434 435//435
f 465//465 94//94 435//435
f 84//84 94//94 465//465
f 436//436 84//84 465//465
f 85//85 84//84 436//436
f 471//471 85//85 436//436
f 438//438 85//85 471//471
f 470//470 438//438 471//471
f 437//437 438//438 470//470
f 473//473 437//437 470//470
f 439//439 437//437 473//473
f 472//472 439//439 473//473
f 576//576 439//439 472//472
f 475//475 576//576 472//472
f 589//589 576//576 475//475
f 440//440 589//589 475//475
f 580//580 589//589 440//440
f 441//441 580//580 440//440
f 442//442 580//580 441//441
f 443//443 442//442 441//441
f 590//590 442//442 443//443
f 448//448 590//590 443//443
f 444//444 590//590 448//448
f 445//445 444//444 448//448
f 409//409 444//444 445//445
f 443//443 490//490 446//446
f 443//443 441//441 490//490
f 448//448 446//446 491//491
f 448//448 443//443 446//446
f 415//415 522//522 483//483
f 415//415 447//447 522//522
f 445//445 491//491 450//450
f 445//445 448//448 491//491
f 417//417 483//483 449//449
f 417//417 415//415 483//483
f 408//408 450//450 493//493
f 408//408 445//445 450//450
f 421//421 449//449 484//484
f 412//412 493//493 492//492
f 421//421 417//417 449//449
f 412//412 408//408 493//493
f 452//452 484//484 451//451
f 416//416 492//492 494//494
f 416//416 412//412 492//492
f 452//452 421//421 484//484
f 424//424 451//451 455//455
f 419//419 494//494 495//495
f 419//419 416//416 494//494
f 424//424 452//452 451//451
f 418//418 495//495 453//453
f 454//454 455//455 456//456
f 418//418 419//419 495//495
f 454//454 424//424 455//455
f 458//458 453//453 496//496
f 429//429 456//456 457//457
f 458//458 418//418 453//453
f 429//429 454//454 456//456
f 459//459 496//496 460//460
f 459//459 458//458 496//496
f 431//431 429//429 457//457
f 431//431 457//457 485//485
f 427//427 460//460 497//497
f 427//427 459//459 460//460
f 463//463 431//431 485//485
f 463//463 485//485 461//461
f 430//430 497//497 462//462
f 430//430 427//427 497//497
f 435//435 461//461 466//466
f 435//435 463//463 461//461
f 432//432 462//462 464//464
f 432//432 430//430 462//462
f 465//465 466//466 467//467
f 465//465 435//435 466//466
f 540//540 432//432 464//464
f 540//540 464//464 502//502
f 436//436 467//467 468//468
f 436//436 465//465 467//467
f 471//471 468//468 486//486
f 471//471 436//436 468//468
f 470//470 486//486 469//469
f 470//470 471//471 486//486
f 473//473 469//469 487//487
f 473//473 470//470 469//469
f 472//472 487//487 474//474
f 472//472 473//473 487//487
f 475//475 474//474 489//489
f 475//475 472//472 474//474
f 440//440 489//489 488//488
f 440//440 475//475 489//489
f 441//441 488//488 490//490
f 441//441 440//440 488//488
f 477//477 476//476 492//492
f 521//521 477//477 492//492
f 523//523 521//521 492//492
f 524//524 523//523 492//492
f 526//526 524//524 492//492
f 527//527 526//526 492//492
f 528//528 527//527 492//492
f 530//530 528//528 492//492
f 478//478 530//530 492//492
f 533//533 478//478 492//492
f 534//534 533//533 492//492
f 535//535 534//534 492//492
f 500//500 535//535 492//492
f 501//501 500//500 492//492
f 505//505 501//501 492//492
f 507//507 505//505 492//492
f 479//479 507//507 492//492
f 511//511 479//479 492//492
f 480//480 511//511 492//492
f 513//513 480//480 492//492
f 481//481 513//513 492//492
f 517//517 481//481 492//492
f 482//482 517//517 492//492
f 519//519 482//482 492//492
f 522//522 519//519 492//492
f 483//483 522//522 492//492
f 449//449 483//483 492//492
f 484//484 449//449 492//492
f 451//451 484//484 492//492
f 455//455 451//451 492//492
f 456//456 455//455 492//492
f 457//457 456//456 492//492
f 485//485 457//457 492//492
f 461//461 485//485 492//492
f 466//466 461//461 492//492
f 467//467 466//466 492//492
f 468//468 467//467 492//492
f 486//486 468//468 492//492
f 469//469 486//486 492//492
f 487//487 469//469 492//492
f 474//474 487//487 492//492
f 489//489 474//474 492//492
f 488//488 489//489 492//492
f 490//490 488//488 492//492
f 446//446 490//490 492//492
f 491//491 446//446 492//492
f 450//450 491//491 492//492
f 493//493 450//450 492//492
f 495//495 494//494 492//492
f 453//453 495//495 492//492
f 496//496 453//453 492//492
f 460//460 496//496 492//492
f 497//497 460//460 492//492
f 462//462 497//497 492//492
f 464//464 462//462 492//492
f 502//502 464//464 492//492
f 498//498 502//502 492//492
f 508//508 498//498 492//492
f 509//509 508//508 492//492
f 499//499 509//509 492//492
f 512//512 499//499 492//492
f 514//514 512//512 492//492
f 515//515 514//514 492//492
f 476//476 515//515 492//492
f 573//573 537//537 500//500
f 503//503 501//501 505//505
f 498//498 540//540 502//502
f 503//503 573//573 501//501
f 538//538 540//540 498//498
f 504//504 505//505 507//507
f 504//504 503//503 505//505
f 508//508 538//538 498//498
f 543//543 538//538 508//508
f 506//506 507//507 479//479
f 506//506 504//504 507//507
f 509//509 543//543 508//508
f 510//510 543//543 509//509
f 547//547 479//479 511//511
f 547//547 506//506 479//479
f 499//499 510//510 509//509
f 551//551 510//510 499//499
f 548//548 511//511 480//480
f 548//548 547//547 511//511
f 512//512 551//551 499//499
f 550//550 551//551 512//512
f 549//549 480//480 513//513
f 549//549 548//548 480//480
f 514//514 550//550 512//512
f 554//554 550//550 514//514
f 552//552 513//513 481//481
f 552//552 549//549 513//513
f 515//515 554//554 514//514
f 556//556 554//554 515//515
f 516//516 481//481 517//517
f 476//476 556//556 515//515
f 516//516 552//552 481//481
f 518//518 556//556 476//476
f 559//559 517//517 482//482
f 559//559 516//516 517//517
f 477//477 518//518 476//476
f 520//520 518//518 477//477
f 560//560 482//482 519//519
f 560//560 559//559 482//482
f 521//521 520//520 477//477
f 561//561 520//520 521//521
f 447//447 560//560 519//519
f 523//523 561//561 521//521
f 447//447 519//519 522//522
f 563//563 561//561 523//523
f 524//524 563//563 523//523
f 525//525 563//563 524//524
f 526//526 525//525 524//524
f 565//565 525//525 526//526
f 527//527 565//565 526//526
f 567//567 565//565 527//527
f 528//528 567//567 527//527
f 529//529 567//567 528//528
f 530//530 529//529 528//528
f 531//531 529//529 530//530
f 478//478 531//531 530//530
f 568//568 531//531 478//478
f 533//533 568//568 478//478
f 532//532 568//568 533//533
f 534//534 532//532 533//533
f 570//570 532//532 534//534
f 536//536 534//534 535//535
f 536//536 570//570 534//534
f 537//537 535//535 500//500
f 537//537 536//536 535//535
f 573//573 500//500 501//501
f 503//503 575//575 573//573
f 80//80 575//575 503//503
f 538//538 539//539 540//540
f 504//504 80//80 503//503
f 541//541 80//80 504//504
f 542//542 539//539 538//538
f 506//506 541//541 504//504
f 543//543 542//542 538//538
f 544//544 541//541 506//506
f 545//545 542//542 543//543
f 547//547 544//544 506//506
f 510//510 545//545 543//543
f 546//546 547//547 548//548
f 546//546 544//544 547//547
f 585//585 545//545 510//510
f 551//551 585//585 510//510
f 553//553 548//548 549//549
f 553//553 546//546 548//548
f 595//595 585//585 551//551
f 550//550 595//595 551//551
f 555//555 549//549 552//552
f 555//555 553//553 549//549
f 596//596 595//595 550//550
f 554//554 596//596 550//550
f 558//558 552//552 516//516
f 558//558 555//555 552//552
f 597//597 596//596 554//554
f 556//556 597//597 554//554
f 557//557 516//516 559//559
f 598//598 597//597 556//556
f 557//557 558//558 516//516
f 518//518 598//598 556//556
f 90//90 559//559 560//560
f 90//90 557//557 559//559
f 586//586 598//598 518//518
f 520//520 586//586 518//518
f 414//414 560//560 447//447
f 587//587 586//586 520//520
f 414//414 90//90 560//560
f 561//561 587//587 520//520
f 562//562 587//587 561//561
f 563//563 562//562 561//561
f 564//564 562//562 563//563
f 525//525 564//564 563//563
f 601//601 564//564 525//525
f 565//565 601//601 525//525
f 566//566 601//601 565//565
f 567//567 566//566 565//565
f 588//588 566//566 567//567
f 529//529 588//588 567//567
f 578//578 588//588 529//529
f 531//531 578//578 529//529
f 577//577 578//578 531//531
f 568//568 577//577 531//531
f 569//569 577//577 568//568
f 532//532 569//569 568//568
f 86//86 569//569 532//532
f 570//570 86//86 532//532
f 571//571 86//86 570//570
f 536//536 571//571 570//570
f 572//572 571//571 536//536
f 537//537 572//572 536//536
f 574//574 572//572 537//537
f 573//573 574//574 537//537
f 575//575 574//574 573//573
f 579//579 369//369 580//580
f 379//379 579//579 442//442
f 385//385 379//379 590//590
f 392//392 385//385 444//444
f 396//396 392//392 409//409
f 404//404 396//396 410//410
f 318//318 404//404 411//411
f 581//581 318//318 591//591
f 326//326 581//581 423//423
f 336//336 326//326 422//422
f 338//338 336//336 592//592
f 342//342 338//338 593//593
f 582//582 342//342 594//594
f 351//351 582//582 433//433
f 583//583 351//351 539//539
f 374//374 583//583 542//542
f 584//584 374//374 545//545
f 386//386 584//584 585//585
f 388//388 386//386 595//595
f 395//395 388//388 596//596
f 599//599 395//395 597//597
f 319//319 599//599 598//598
f 600//600 319//319 586//586
f 328//328 600//600 587//587
f 333//333 328//328 562//562
f 334//334 333//333 564//564
f 345//345 334//334 601//601
f 602//602 345//345 566//566
f 589//589 580//580 369//369
f 580//580 442//442 579//579
f 442//442 590//590 379//379
f 590//590 444//444 385//385
f 444//444 409//409 392//392
f 409//409 410//410 396//396
f 410//410 411//411 404//404
f 411//411 591//591 318//318
f 591//591 423//423 581//581
f 423//423 422//422 326//326
f 422//422 592//592 336//336
f 592//592 593//593 338//338
f 593//593 594//594 342//342
f 594//594 433//433 582//582
f 433//433 539//539 351//351
f 539//539 542//542 583//583
f 542//542 545//545 374//374
f 545//545 585//585 584//584
f 585//585 595//595 386//386
f 595//595 596//596 388//388
f 596//596 597//597 395//395
f 597//597 598//598 599//599
f 598//598 586//586 319//319
f 586//586 587//587 600//600
f 587//587 562//562 328//328
f 562//562 564//564 333//333
f 564//564 601//601 334//334
f 601//601 566//566 345//345
f 566//566 588//588 602//602
f 349//349 306//306 307//307
f 349//349 307//307 339//339
f 604//604 605//605 285//285
f 190//190 603//603 606//606
f 339//339 307//307 303//303
f 339//339 303//303 337//337
f 285//285 605//605 389//389
f 190//190 606//606 180//180
f 285//285 389//389 286//286
f 180//180 606//606 607//607
f 337//337 303//303 608//608
f 696//696 116//116 611//611
f 337//337 608//608 609//609
f 180//180 607//607 183//183
f 286//286 389//389 612//612
f 611//611 116//116 119//119
f 286//286 612//612 610//610
f 183//183 607//607 615//615
f 609//609 608//608 299//299
f 611//611 119//119 613//613
f 610//610 612//612 400//400
f 183//183 615//615 614//614
f 613//613 119//119 619//619
f 610//610 400//400 288//288
f 614//614 615//615 686//686
f 288//288 400//400 401//401
f 613//613 619//619 617//617
f 614//614 686//686 620//620
f 288//288 401//401 618//618
f 617//617 619//619 125//125
f 620//620 686//686 685//685
f 618//618 401//401 621//621
f 617//617 125//125 622//622
f 618//618 621//621 624//624
f 620//620 685//685 623//623
f 622//622 125//125 625//625
f 623//623 685//685 627//627
f 622//622 625//625 626//626
f 626//626 625//625 628//628
f 159//159 684//684 680//680
f 628//628 629//629 630//630
f 159//159 680//680 631//631
f 703//703 630//630 143//143
f 146//146 631//631 677//677
f 703//703 143//143 632//632
f 632//632 143//143 150//150
f 146//146 677//677 149//149
f 150//150 356//356 706//706
f 632//632 150//150 706//706
f 149//149 677//677 633//633
f 149//149 633//633 634//634
f 706//706 356//356 280//280
f 634//634 633//633 709//709
f 634//634 709//709 635//635
f 280//280 366//366 282//282
f 635//635 709//709 636//636
f 635//635 636//636 129//129
f 282//282 366//366 638//638
f 129//129 636//636 637//637
f 129//129 637//637 128//128
f 638//638 639//639 283//283
f 128//128 637//637 707//707
f 128//128 707//707 123//123
f 283//283 639//639 376//376
f 283//283 376//376 640//640
f 123//123 707//707 704//704
f 123//123 704//704 117//117
f 640//640 376//376 378//378
f 640//640 378//378 641//641
f 117//117 704//704 643//643
f 641//641 378//378 383//383
f 117//117 643//643 115//115
f 641//641 383//383 642//642
f 115//115 643//643 644//644
f 642//642 383//383 390//390
f 115//115 644//644 108//108
f 642//642 390//390 647//647
f 108//108 644//644 648//648
f 647//647 390//390 645//645
f 108//108 648//648 646//646
f 646//646 648//648 651//651
f 645//645 649//649 650//650
f 650//650 649//649 402//402
f 651//651 701//701 96//96
f 650//650 402//402 295//295
f 96//96 701//701 652//652
f 295//295 402//402 403//403
f 96//96 652//652 187//187
f 295//295 403//403 653//653
f 187//187 652//652 654//654
f 653//653 403//403 406//406
f 653//653 406//406 297//297
f 297//297 406//406 316//316
f 654//654 693//693 655//655
f 297//297 316//316 300//300
f 655//655 693//693 694//694
f 300//300 316//316 323//323
f 655//655 694//694 179//179
f 300//300 323//323 656//656
f 179//179 694//694 692//692
f 656//656 323//323 322//322
f 656//656 322//322 657//657
f 657//657 322//322 659//659
f 692//692 658//658 173//173
f 657//657 659//659 660//660
f 173//173 658//658 688//688
f 660//660 659//659 331//331
f 173//173 688//688 165//165
f 660//660 331//331 661//661
f 165//165 688//688 662//662
f 165//165 662//662 663//663
f 661//661 331//331 664//664
f 661//661 664//664 665//665
f 663//663 662//662 687//687
f 663//663 687//687 160//160
f 665//665 664//664 668//668
f 665//665 668//668 666//666
f 160//160 687//687 669//669
f 160//160 669//669 667//667
f 666//666 668//668 343//343
f 666//666 343//343 312//312
f 667//667 669//669 670//670
f 312//312 343//343 346//346
f 312//312 346//346 313//313
f 670//670 683//683 148//148
f 313//313 346//346 353//353
f 313//313 353//353 314//314
f 148//148 683//683 681//681
f 148//148 681//681 144//144
f 314//314 353//353 671//671
f 314//314 671//671 315//315
f 144//144 681//681 679//679
f 144//144 679//679 354//354
f 315//315 671//671 360//360
f 354//354 679//679 365//365
f 315//315 360//360 672//672
f 365//365 679//679 673//673
f 672//672 360//360 363//363
f 365//365 673//673 362//362
f 672//672 363//363 279//279
f 362//362 673//673 310//310
f 362//362 310//310 674//674
f 677//677 678//678 633//633
f 747//747 677//677 631//631
f 681//681 267//267 679//679
f 747//747 678//678 677//677
f 680//680 747//747 631//631
f 712//712 267//267 681//681
f 682//682 747//747 680//680
f 683//683 712//712 681//681
f 684//684 682//682 680//680
f 716//716 683//683 670//670
f 748//748 684//684 627//627
f 716//716 712//712 683//683
f 748//748 682//682 684//684
f 685//685 748//748 627//627
f 669//669 716//716 670//670
f 711//711 748//748 685//685
f 715//715 716//716 669//669
f 687//687 715//715 669//669
f 686//686 711//711 685//685
f 717//717 715//715 687//687
f 714//714 686//686 615//615
f 662//662 717//717 687//687
f 714//714 711//711 686//686
f 688//688 717//717 662//662
f 607//607 714//714 615//615
f 722//722 717//717 688//688
f 689//689 714//714 607//607
f 606//606 689//689 607//607
f 658//658 722//722 688//688
f 691//691 722//722 658//658
f 690//690 689//689 606//606
f 690//690 606//606 603//603
f 692//692 691//691 658//658
f 98//98 690//690 603//603
f 721//721 690//690 98//98
f 727//727 692//692 694//694
f 695//695 721//721 98//98
f 727//727 691//691 692//692
f 693//693 727//727 694//694
f 697//697 721//721 695//695
f 696//696 697//697 695//695
f 699//699 727//727 693//693
f 611//611 697//697 696//696
f 654//654 699//699 693//693
f 726//726 697//697 611//611
f 613//613 726//726 611//611
f 698//698 654//654 652//652
f 698//698 699//699 654//654
f 729//729 726//726 613//613
f 701//701 698//698 652//652
f 617//617 729//729 613//613
f 732//732 698//698 701//701
f 700//700 729//729 617//617
f 700//700 617//617 622//622
f 651//651 732//732 701//701
f 626//626 700//700 622//622
f 736//736 700//700 626//626
f 733//733 651//651 648//648
f 733//733 732//732 651//651
f 628//628 736//736 626//626
f 644//644 733//733 648//648
f 739//739 736//736 628//628
f 738//738 733//733 644//644
f 739//739 628//628 630//630
f 643//643 738//738 644//644
f 703//703 739//739 630//630
f 702//702 739//739 703//703
f 740//740 643//643 704//704
f 632//632 702//702 703//703
f 740//740 738//738 643//643
f 707//707 740//740 704//704
f 705//705 702//702 632//632
f 705//705 632//632 706//706
f 741//741 740//740 707//707
f 637//637 741//741 707//707
f 708//708 741//741 637//637
f 636//636 708//708 637//637
f 709//709 708//708 636//636
f 743//743 708//708 709//709
f 633//633 743//743 709//709
f 678//678 743//743 633//633
f 710//710 751//751 748//748
f 774//774 267//267 712//712
f 750//750 711//711 714//714
f 750//750 710//710 711//711
f 773//773 712//712 716//716
f 773//773 774//774 712//712
f 713//713 714//714 689//689
f 713//713 750//750 714//714
f 770//770 716//716 715//715
f 770//770 773//773 716//716
f 749//749 689//689 690//690
f 749//749 713//713 689//689
f 718//718 715//715 717//717
f 718//718 770//770 715//715
f 719//719 690//690 721//721
f 719//719 749//749 690//690
f 769//769 717//717 722//722
f 769//769 718//718 717//717
f 720//720 721//721 697//697
f 720//720 719//719 721//721
f 723//723 722//722 691//691
f 723//723 769//769 722//722
f 724//724 697//697 726//726
f 724//724 720//720 697//697
f 725//725 691//691 727//727
f 725//725 723//723 691//691
f 728//728 726//726 729//729
f 766//766 725//725 727//727
f 728//728 724//724 726//726
f 766//766 727//727 699//699
f 731//731 729//729 700//700
f 731//731 728//728 729//729
f 730//730 766//766 699//699
f 730//730 699//699 698//698
f 752//752 700//700 736//736
f 765//765 730//730 698//698
f 752//752 731//731 700//700
f 765//765 698//698 732//732
f 735//735 736//736 739//739
f 734//734 732//732 733//733
f 734//734 765//765 732//732
f 735//735 752//752 736//736
f 737//737 733//733 738//738
f 737//737 734//734 733//733
f 753//753 739//739 702//702
f 753//753 735//735 739//739
f 755//755 753//753 702//702
f 755//755 702//702 705//705
f 760//760 738//738 740//740
f 760//760 737//737 738//738
f 759//759 740//740 741//741
f 759//759 760//760 740//740
f 742//742 741//741 708//708
f 742//742 759//759 741//741
f 756//756 708//708 743//743
f 756//756 742//742 708//708
f 754//754 756//756 743//743
f 744//744 743//743 678//678
f 744//744 754//754 743//743
f 746//746 678//678 747//747
f 746//746 744//744 678//678
f 745//745 747//747 682//682
f 745//745 746//746 747//747
f 751//751 682//682 748//748
f 751//751 745//745 682//682
f 710//710 748//748 711//711
f 749//749 719//719 1059//1059
f 719//719 1062//1062 1059//1059
f 1062//1062 719//719 720//720
f 1062//1062 720//720 1065//1065
f 713//713 749//749 805//805
f 749//749 1059//1059 805//805
f 1065//1065 720//720 724//724
f 1065//1065 724//724 1070//1070
f 750//750 713//713 806//806
f 713//713 805//805 806//806
f 1070//1070 724//724 728//728
f 1070//1070 728//728 1073//1073
f 710//710 750//750 804//804
f 750//750 806//806 804//804
f 1073//1073 728//728 731//731
f 1073//1073 731//731 1076//1076
f 751//751 710//710 1049//1049
f 710//710 804//804 1049//1049
f 1076//1076 731//731 752//752
f 1076//1076 752//752 810//810
f 745//745 751//751 815//815
f 751//751 1049//1049 815//815
f 810//810 752//752 735//735
f 810//810 735//735 1078//1078
f 746//746 745//745 1046//1046
f 745//745 815//815 1046//1046
f 1078//1078 735//735 753//753
f 1078//1078 753//753 811//811
f 744//744 746//746 1044//1044
f 746//746 1046//1046 1044//1044
f 811//811 753//753 755//755
f 811//811 755//755 1084//1084
f 744//744 1044//1044 754//754
f 754//754 1044//1044 1041//1041
f 1084//1084 755//755 757//757
f 1084//1084 757//757 1085//1085
f 754//754 1041//1041 756//756
f 756//756 1041//1041 814//814
f 1085//1085 757//757 758//758
f 1085//1085 758//758 241//241
f 756//756 814//814 742//742
f 742//742 814//814 1035//1035
f 241//241 758//758 252//252
f 241//241 252//252 1091//1091
f 742//742 1035//1035 759//759
f 759//759 1035//1035 1033//1033
f 1091//1091 252//252 761//761
f 1091//1091 761//761 762//762
f 759//759 1033//1033 760//760
f 760//760 1033//1033 812//812
f 762//762 761//761 260//260
f 762//762 260//260 763//763
f 760//760 812//812 737//737
f 737//737 812//812 813//813
f 763//763 260//260 764//764
f 763//763 764//764 243//243
f 737//737 813//813 734//734
f 734//734 813//813 1027//1027
f 243//243 764//764 262//262
f 243//243 262//262 1101//1101
f 734//734 1027//1027 765//765
f 765//765 1027//1027 1026//1026
f 1101//1101 262//262 265//265
f 1101//1101 265//265 1104//1104
f 1026//1026 1025//1025 730//730
f 765//765 1026//1026 730//730
f 1104//1104 265//265 268//268
f 1105//1105 1104//1104 268//268
f 1025//1025 809//809 766//766
f 730//730 1025//1025 766//766
f 1105//1105 268//268 767//767
f 244//244 1105//1105 767//767
f 809//809 808//808 725//725
f 766//766 809//809 725//725
f 1095//1095 244//244 270//270
f 244//244 767//767 270//270
f 808//808 1030//1030 723//723
f 725//725 808//808 723//723
f 1097//1097 1095//1095 271//271
f 1095//1095 270//270 271//271
f 1030//1030 807//807 769//769
f 723//723 1030//1030 769//769
f 1089//1089 1097//1097 768//768
f 1097//1097 271//271 768//768
f 807//807 1034//1034 718//718
f 769//769 807//807 718//718
f 1089//1089 768//768 272//272
f 1090//1090 1089//1089 272//272
f 1034//1034 1036//1036 770//770
f 718//718 1034//1034 770//770
f 1090//1090 272//272 771//771
f 246//246 1090//1090 771//771
f 1036//1036 1040//1040 773//773
f 770//770 1036//1036 773//773
f 246//246 771//771 772//772
f 245//245 246//246 772//772
f 773//773 1040//1040 774//774
f 1040//1040 776//776 774//774
f 245//245 772//772 1083//1083
f 1083//1083 772//772 775//775
f 774//774 776//776 266//266
f 776//776 1043//1043 266//266
f 1083//1083 775//775 777//777
f 777//777 775//775 779//779
f 266//266 1043//1043 778//778
f 1043//1043 780//780 778//778
f 777//777 779//779 1077//1077
f 1077//1077 779//779 782//782
f 778//778 780//780 781//781
f 780//780 783//783 781//781
f 1077//1077 782//782 784//784
f 784//784 782//782 785//785
f 781//781 783//783 787//787
f 783//783 1050//1050 787//787
f 784//784 785//785 1071//1071
f 1071//1071 785//785 786//786
f 787//787 1050//1050 788//788
f 1050//1050 1052//1052 788//788
f 1071//1071 786//786 1068//1068
f 1068//1068 786//786 249//249
f 788//788 1052//1052 261//261
f 1052//1052 1056//1056 261//261
f 1068//1068 249//249 1066//1066
f 1066//1066 249//249 248//248
f 261//261 1056//1056 259//259
f 1056//1056 1057//1057 259//259
f 1066//1066 248//248 1063//1063
f 1063//1063 248//248 251//251
f 1063//1063 251//251 242//242
f 242//242 251//251 257//257
f 259//259 1057//1057 257//257
f 1057//1057 242//242 257//257
f 794//794 934//934 935//935
f 794//794 1018//1018 934//934
f 794//794 1013//1013 1018//1018
f 794//794 1006//1006 1013//1013
f 794//794 1003//1003 1006//1006
f 794//794 1000//1000 1003//1003
f 794//794 992//992 1000//1000
f 794//794 789//789 992//992
f 794//794 790//790 789//789
f 794//794 978//978 790//790
f 794//794 975//975 978//978
f 794//794 958//958 975//975
f 794//794 953//953 958//958
f 794//794 946//946 953//953
f 794//794 866//866 946//946
f 794//794 844//844 866//866
f 794//794 831//831 844//844
f 794//794 827//827 831//831
f 794//794 828//828 827//827
f 794//794 924//924 828//828
f 794//794 791//791 924//924
f 794//794 792//792 791//791
f 794//794 912//912 792//792
f 794//794 902//902 912//912
f 794//794 793//793 902//902
f 794//794 887//887 793//793
f 794//794 888//888 887//887
f 794//794 877//877 888//888
f 794//794 865//865 877//877
f 794//794 849//849 865//865
f 794//794 847//847 849//849
f 794//794 833//833 847//847
f 794//794 795//795 833//833
f 794//794 825//825 795//795
f 794//794 796//796 825//825
f 794//794 928//928 796//796
f 794//794 922//922 928//928
f 794//794 923//923 922//922
f 794//794 797//797 923//923
f 794//794 798//798 797//797
f 794//794 904//904 798//798
f 794//794 799//799 904//904
f 794//794 892//892 799//799
f 794//794 881//881 892//892
f 794//794 882//882 881//881
f 794//794 872//872 882//882
f 794//794 852//852 872//872
f 794//794 851//851 852//852
f 794//794 800//800 851//851
f 794//794 801//801 800//800
f 794//794 969//969 801//801
f 794//794 962//962 969//969
f 794//794 957//957 962//962
f 794//794 950//950 957//957
f 794//794 941//941 950//950
f 794//794 932//932 941//941
f 794//794 1020//1020 932//932
f 794//794 1017//1017 1020//1020
f 794//794 1014//1014 1017//1017
f 794//794 1007//1007 1014//1014
f 794//794 802//802 1007//1007
f 794//794 998//998 802//802
f 794//794 995//995 998//998
f 794//794 989//989 995//995
f 794//794 980//980 989//989
f 794//794 981//981 980//980
f 794//794 970//970 981//981
f 794//794 960//960 970//970
f 794//794 949//949 960//960
f 794//794 947//947 949//949
f 794//794 803//803 947//947
f 794//794 935//935 803//803
f 818//818 817//817 1123//1123
f 820//820 828//828 924//924
f 820//820 924//924 925//925
f 822//822 816//816 1160//1160
f 822//822 925//925 816//816
f 820//820 925//925 822//822
f 819//819 818//818 1123//1123
f 819//819 1123//1123 1125//1125
f 819//819 817//817 818//818
f 796//796 817//817 819//819
f 796//796 928//928 817//817
f 823//823 819//819 1125//1125
f 821//821 822//822 1160//1160
f 821//821 1160//1160 824//824
f 821//821 820//820 822//822
f 826//826 1125//1125 1127//1127
f 826//826 823//823 1125//1125
f 826//826 819//819 823//823
f 829//829 819//819 826//826
f 829//829 796//796 819//819
f 825//825 796//796 829//829
f 827//827 820//820 821//821
f 830//830 826//826 1127//1127
f 827//827 828//828 820//820
f 829//829 826//826 830//830
f 829//829 795//795 825//825
f 832//832 830//830 1127//1127
f 832//832 1127//1127 834//834
f 832//832 829//829 830//830
f 1165//1165 821//821 824//824
f 795//795 829//829 832//832
f 836//836 977//977 1//1
f 836//836 1//1 837//837
f 839//839 801//801 977//977
f 839//839 977//977 836//836
f 835//835 821//821 1165//1165
f 839//839 800//800 801//801
f 838//838 836//836 837//837
f 833//833 795//795 832//832
f 841//841 834//834 1128//1128
f 835//835 827//827 821//821
f 835//835 831//831 827//827
f 841//841 832//832 834//834
f 845//845 832//832 841//841
f 845//845 833//833 832//832
f 839//839 836//836 838//838
f 842//842 800//800 839//839
f 842//842 851//851 800//800
f 840//840 838//838 837//837
f 842//842 838//838 840//840
f 842//842 839//839 838//838
f 848//848 835//835 1165//1165
f 854//854 835//835 848//848
f 847//847 833//833 845//845
f 843//843 841//841 1128//1128
f 843//843 845//845 841//841
f 843//843 1128//1128 1131//1131
f 854//854 844//844 831//831
f 854//854 831//831 835//835
f 848//848 846//846 1170//1170
f 848//848 1165//1165 846//846
f 843//843 847//847 845//845
f 856//856 840//840 837//837
f 856//856 837//837 853//853
f 864//864 848//848 1170//1170
f 864//864 854//854 848//848
f 856//856 842//842 840//840
f 849//849 847//847 843//843
f 850//850 1131//1131 855//855
f 850//850 843//843 1131//1131
f 857//857 842//842 856//856
f 857//857 851//851 842//842
f 857//857 852//852 851//851
f 859//859 853//853 862//862
f 859//859 856//856 853//853
f 854//854 866//866 844//844
f 850//850 849//849 843//843
f 864//864 1170//1170 1171//1171
f 857//857 856//856 859//859
f 861//861 850//850 855//855
f 866//866 854//854 864//864
f 860//860 859//859 862//862
f 860//860 857//857 859//859
f 865//865 850//850 861//861
f 865//865 849//849 850//850
f 869//869 857//857 860//860
f 861//861 855//855 1133//1133
f 869//869 852//852 857//857
f 869//869 872//872 852//852
f 1171//1171 858//858 868//868
f 863//863 862//862 870//870
f 863//863 860//860 862//862
f 867//867 869//869 860//860
f 867//867 860//860 863//863
f 866//866 1171//1171 868//868
f 866//866 864//864 1171//1171
f 866//866 868//868 946//946
f 872//872 869//869 867//867
f 873//873 863//863 870//870
f 874//874 861//861 1133//1133
f 875//875 863//863 873//873
f 874//874 865//865 861//861
f 875//875 867//867 863//863
f 877//877 865//865 874//874
f 871//871 1133//1133 1137//1137
f 871//871 874//874 1133//1133
f 867//867 882//882 872//872
f 875//875 870//870 878//878
f 875//875 873//873 870//870
f 877//877 874//874 871//871
f 882//882 867//867 875//875
f 876//876 871//871 1137//1137
f 879//879 875//875 878//878
f 876//876 877//877 871//871
f 880//880 876//876 1137//1137
f 880//880 1137//1137 1140//1140
f 882//882 875//875 879//879
f 879//879 878//878 883//883
f 888//888 877//877 876//876
f 888//888 876//876 880//880
f 885//885 880//880 1140//1140
f 881//881 882//882 879//879
f 884//884 879//879 883//883
f 886//886 879//879 884//884
f 888//888 880//880 885//885
f 889//889 879//879 886//886
f 885//885 1140//1140 890//890
f 889//889 881//881 879//879
f 889//889 892//892 881//881
f 886//886 883//883 1115//1115
f 886//886 884//884 883//883
f 887//887 888//888 885//885
f 894//894 886//886 1115//1115
f 893//893 886//886 894//894
f 895//895 885//885 890//890
f 893//893 889//889 886//886
f 895//895 887//887 885//885
f 895//895 793//793 887//887
f 891//891 889//889 893//893
f 793//793 895//895 890//890
f 891//891 799//799 892//892
f 891//891 892//892 889//889
f 893//893 1115//1115 1118//1118
f 893//893 894//894 1115//1115
f 896//896 893//893 1118//1118
f 898//898 890//890 897//897
f 898//898 793//793 890//890
f 899//899 891//891 893//893
f 899//899 893//893 896//896
f 905//905 891//891 899//899
f 900//900 897//897 903//903
f 900//900 898//898 897//897
f 891//891 904//904 799//799
f 899//899 1118//1118 907//907
f 899//899 896//896 1118//1118
f 900//900 793//793 898//898
f 902//902 793//793 900//900
f 904//904 891//891 905//905
f 908//908 899//899 907//907
f 906//906 899//899 908//908
f 909//909 905//905 899//899
f 901//901 902//902 900//900
f 909//909 899//899 906//906
f 901//901 912//912 902//902
f 900//900 903//903 913//913
f 905//905 798//798 904//904
f 911//911 901//901 900//900
f 906//906 907//907 1119//1119
f 906//906 908//908 907//907
f 911//911 912//912 901//901
f 915//915 905//905 909//909
f 915//915 798//798 905//905
f 915//915 797//797 798//798
f 910//910 906//906 1119//1119
f 911//911 900//900 913//913
f 916//916 906//906 910//910
f 914//914 912//912 911//911
f 914//914 792//792 912//912
f 917//917 913//913 1147//1147
f 916//916 909//909 906//906
f 917//917 911//911 913//913
f 915//915 909//909 916//916
f 914//914 911//911 917//917
f 915//915 923//923 797//797
f 921//921 1119//1119 919//919
f 921//921 910//910 1119//1119
f 921//921 916//916 910//910
f 921//921 915//915 916//916
f 914//914 791//791 792//792
f 918//918 1147//1147 1154//1154
f 918//918 917//917 1147//1147
f 918//918 914//914 917//917
f 791//791 914//914 918//918
f 923//923 915//915 921//921
f 920//920 919//919 1120//1120
f 920//920 921//921 919//919
f 926//926 921//921 920//920
f 926//926 923//923 921//921
f 922//922 923//923 926//926
f 927//927 920//920 1120//1120
f 924//924 791//791 918//918
f 925//925 1154//1154 816//816
f 925//925 918//918 1154//1154
f 926//926 928//928 922//922
f 925//925 924//924 918//918
f 817//817 1120//1120 1123//1123
f 817//817 927//927 1120//1120
f 817//817 920//920 927//927
f 817//817 926//926 920//920
f 928//928 926//926 817//817
f 930//930 71//71 73//73
f 931//931 1022//1022 32//32
f 930//930 1023//1023 929//929
f 930//930 929//929 71//71
f 936//936 1023//1023 930//930
f 933//933 1023//1023 936//936
f 933//933 1024//1024 1023//1023
f 935//935 1022//1022 931//931
f 937//937 936//936 930//930
f 938//938 931//931 33//33
f 937//937 930//930 73//73
f 938//938 33//33 37//37
f 937//937 933//933 936//936
f 940//940 933//933 937//937
f 933//933 941//941 932//932
f 937//937 73//73 74//74
f 803//803 935//935 931//931
f 803//803 931//931 938//938
f 944//944 933//933 940//940
f 941//941 933//933 944//944
f 943//943 937//937 74//74
f 942//942 937//937 943//943
f 939//939 37//37 948//948
f 939//939 938//938 37//37
f 942//942 940//940 937//937
f 939//939 803//803 938//938
f 944//944 940//940 942//942
f 947//947 803//803 939//939
f 944//944 950//950 941//941
f 942//942 943//943 74//74
f 942//942 74//74 75//75
f 945//945 942//942 75//75
f 951//951 868//868 858//858
f 951//951 946//946 868//868
f 949//949 947//947 939//939
f 952//952 942//942 945//945
f 953//953 946//946 951//951
f 956//956 939//939 948//948
f 956//956 948//948 955//955
f 952//952 944//944 942//942
f 949//949 939//939 956//956
f 944//944 957//957 950//950
f 951//951 858//858 1174//1174
f 952//952 945//945 75//75
f 952//952 75//75 76//76
f 957//957 944//944 952//952
f 954//954 952//952 76//76
f 956//956 955//955 46//46
f 1112//1112 951//951 1174//1174
f 963//963 952//952 954//954
f 960//960 949//949 956//956
f 957//957 952//952 963//963
f 965//965 951//951 1112//1112
f 963//963 954//954 76//76
f 963//963 76//76 79//79
f 959//959 956//956 46//46
f 965//965 958//958 953//953
f 965//965 953//953 951//951
f 962//962 957//957 963//963
f 964//964 963//963 79//79
f 959//959 960//960 956//956
f 968//968 959//959 46//46
f 968//968 46//46 971//971
f 968//968 960//960 959//959
f 961//961 963//963 964//964
f 970//970 960//960 968//968
f 965//965 1112//1112 967//967
f 973//973 968//968 971//971
f 961//961 969//969 962//962
f 961//961 962//962 963//963
f 965//965 975//975 958//958
f 964//964 79//79 3//3
f 966//966 967//967 9//9
f 966//966 965//965 967//967
f 975//975 965//965 966//966
f 801//801 969//969 961//961
f 970//970 968//968 973//973
f 972//972 964//964 3//3
f 972//972 3//3 1//1
f 974//974 971//971 979//979
f 974//974 973//973 971//971
f 974//974 970//970 973//973
f 981//981 970//970 974//974
f 972//972 1//1 977//977
f 972//972 961//961 964//964
f 976//976 966//966 9//9
f 976//976 9//9 11//11
f 976//976 975//975 966//966
f 972//972 977//977 801//801
f 972//972 801//801 961//961
f 978//978 975//975 976//976
f 983//983 974//974 979//979
f 983//983 979//979 982//982
f 983//983 981//981 974//974
f 980//980 981//981 983//983
f 986//986 983//983 982//982
f 976//976 790//790 978//978
f 987//987 11//11 984//984
f 987//987 976//976 11//11
f 790//790 976//976 987//987
f 986//986 989//989 980//980
f 986//986 980//980 983//983
f 985//985 982//982 55//55
f 985//985 986//986 982//982
f 989//989 986//986 985//985
f 991//991 985//985 55//55
f 987//987 789//789 790//790
f 990//990 987//987 984//984
f 990//990 984//984 16//16
f 990//990 789//789 987//987
f 988//988 985//985 991//991
f 988//988 989//989 985//985
f 988//988 995//995 989//989
f 991//991 55//55 994//994
f 993//993 988//988 991//991
f 995//995 988//988 993//993
f 992//992 789//789 990//990
f 997//997 990//990 16//16
f 992//992 990//990 997//997
f 993//993 991//991 994//994
f 996//996 994//994 58//58
f 996//996 993//993 994//994
f 999//999 993//993 996//996
f 999//999 995//995 993//993
f 998//998 995//995 999//999
f 1000//1000 992//992 997//997
f 802//802 998//998 999//999
f 1002//1002 997//997 21//21
f 58//58 996//996 1001//1001
f 1001//1001 999//999 996//996
f 1001//1001 58//58 1004//1004
f 802//802 999//999 1001//1001
f 1002//1002 1000//1000 997//997
f 1002//1002 1003//1003 1000//1000
f 1002//1002 21//21 1005//1005
f 1007//1007 802//802 1001//1001
f 1011//1011 1004//1004 1008//1008
f 1011//1011 1001//1001 1004//1004
f 1007//1007 1001//1001 1011//1011
f 1005//1005 1003//1003 1002//1002
f 1009//1009 1011//1011 1008//1008
f 1006//1006 1003//1003 1005//1005
f 1014//1014 1007//1007 1011//1011
f 1010//1010 1005//1005 26//26
f 1015//1015 1009//1009 1008//1008
f 1015//1015 1011//1011 1009//1009
f 1015//1015 1008//1008 65//65
f 1014//1014 1011//1011 1015//1015
f 1010//1010 1006//1006 1005//1005
f 1012//1012 1015//1015 65//65
f 1010//1010 26//26 29//29
f 1013//1013 1006//1006 1010//1010
f 1016//1016 1012//1012 65//65
f 1016//1016 1015//1015 1012//1012
f 1016//1016 65//65 68//68
f 1021//1021 1010//1010 29//29
f 1019//1019 1015//1015 1016//1016
f 1019//1019 1014//1014 1015//1015
f 1017//1017 1014//1014 1019//1019
f 1021//1021 1013//1013 1010//1010
f 1018//1018 1013//1013 1021//1021
f 1021//1021 29//29 32//32
f 1019//1019 1020//1020 1017//1017
f 1022//1022 1021//1021 32//32
f 1023//1023 1016//1016 68//68
f 1023//1023 68//68 929//929
f 1024//1024 1019//1019 1016//1016
f 1024//1024 1016//1016 1023//1023
f 1020//1020 1019//1019 1024//1024
f 1022//1022 934//934 1018//1018
f 1022//1022 1018//1018 1021//1021
f 935//935 934//934 1022//1022
f 933//933 932//932 1020//1020
f 933//933 1020//1020 1024//1024
f 931//931 32//32 33//33
f 1184//1184 1025//1025 1185//1185
f 1185//1185 1025//1025 1026//1026
f 1184//1184 1028//1028 809//809
f 1025//1025 1184//1184 809//809
f 1185//1185 1026//1026 1187//1187
f 1187//1187 1026//1026 1027//1027
f 1028//1028 1182//1182 808//808
f 809//809 1028//1028 808//808
f 1187//1187 1027//1027 1029//1029
f 1029//1029 1027//1027 813//813
f 1182//1182 1032//1032 1030//1030
f 808//808 1182//1182 1030//1030
f 1029//1029 813//813 1031//1031
f 1031//1031 813//813 812//812
f 1032//1032 1179//1179 807//807
f 1030//1030 1032//1032 807//807
f 1031//1031 812//812 1189//1189
f 1189//1189 812//812 1033//1033
f 1179//1179 1037//1037 1034//1034
f 807//807 1179//1179 1034//1034
f 1189//1189 1033//1033 1038//1038
f 1038//1038 1033//1033 1035//1035
f 1037//1037 1176//1176 1036//1036
f 1034//1034 1037//1037 1036//1036
f 1038//1038 1035//1035 1039//1039
f 1039//1039 1035//1035 814//814
f 1176//1176 1042//1042 1040//1040
f 1036//1036 1176//1176 1040//1040
f 1039//1039 814//814 1190//1190
f 1190//1190 814//814 1041//1041
f 1040//1040 1042//1042 776//776
f 1042//1042 236//236 776//776
f 1190//1190 1041//1041 1045//1045
f 1045//1045 1041//1041 1044//1044
f 236//236 234//234 1043//1043
f 776//776 236//236 1043//1043
f 1045//1045 1044//1044 1046//1046
f 1048//1048 1045//1045 1046//1046
f 1043//1043 234//234 780//780
f 234//234 1047//1047 780//780
f 1048//1048 1046//1046 815//815
f 1192//1192 1048//1048 815//815
f 780//780 1047//1047 783//783
f 1047//1047 232//232 783//783
f 1051//1051 1192//1192 1049//1049
f 1192//1192 815//815 1049//1049
f 783//783 232//232 1050//1050
f 232//232 1053//1053 1050//1050
f 1175//1175 1051//1051 804//804
f 1051//1051 1049//1049 804//804
f 1050//1050 1053//1053 1052//1052
f 1053//1053 1054//1054 1052//1052
f 1177//1177 1175//1175 806//806
f 1175//1175 804//804 806//806
f 1052//1052 1054//1054 1056//1056
f 1054//1054 1055//1055 1056//1056
f 1178//1178 1177//1177 805//805
f 1177//1177 806//806 805//805
f 1056//1056 1055//1055 1057//1057
f 1055//1055 1060//1060 1057//1057
f 1058//1058 1178//1178 1059//1059
f 1178//1178 805//805 1059//1059
f 1057//1057 1060//1060 242//242
f 1060//1060 1061//1061 242//242
f 1058//1058 1059//1059 1062//1062
f 1058//1058 1062//1062 1064//1064
f 242//242 1061//1061 1063//1063
f 1063//1063 1061//1061 228//228
f 1064//1064 1062//1062 1065//1065
f 1064//1064 1065//1065 1180//1180
f 1063//1063 228//228 1066//1066
f 1066//1066 228//228 1067//1067
f 1180//1180 1065//1065 1070//1070
f 1180//1180 1070//1070 1183//1183
f 1066//1066 1067//1067 1068//1068
f 1068//1068 1067//1067 1069//1069
f 1183//1183 1070//1070 1073//1073
f 1183//1183 1073//1073 1072//1072
f 1068//1068 1069//1069 1071//1071
f 1071//1071 1069//1069 1075//1075
f 1072//1072 1073//1073 1076//1076
f 1072//1072 1076//1076 1074//1074
f 1071//1071 1075//1075 784//784
f 784//784 1075//1075 225//225
f 1074//1074 1076//1076 810//810
f 1074//1074 810//810 1188//1188
f 784//784 225//225 1077//1077
f 1077//1077 225//225 1080//1080
f 1188//1188 810//810 1078//1078
f 1188//1188 1078//1078 1079//1079
f 1077//1077 1080//1080 777//777
f 777//777 1080//1080 1082//1082
f 1079//1079 1078//1078 811//811
f 1079//1079 811//811 1081//1081
f 777//777 1082//1082 1083//1083
f 1083//1083 1082//1082 240//240
f 1081//1081 811//811 1084//1084
f 1081//1081 1084//1084 226//226
f 1083//1083 240//240 245//245
f 245//245 240//240 239//239
f 226//226 1084//1084 1085//1085
f 226//226 1085//1085 1086//1086
f 245//245 239//239 1087//1087
f 246//246 245//245 1087//1087
f 1086//1086 1085//1085 241//241
f 1086//1086 241//241 227//227
f 246//246 1087//1087 1088//1088
f 1090//1090 246//246 1088//1088
f 227//227 241//241 1091//1091
f 227//227 1091//1091 1092//1092
f 1089//1089 1090//1090 1094//1094
f 1090//1090 1088//1088 1094//1094
f 1092//1092 1091//1091 762//762
f 1092//1092 762//762 1093//1093
f 1097//1097 1089//1089 1098//1098
f 1089//1089 1094//1094 1098//1098
f 1093//1093 762//762 763//763
f 1093//1093 763//763 1099//1099
f 1095//1095 1097//1097 1096//1096
f 1097//1097 1098//1098 1096//1096
f 1099//1099 763//763 243//243
f 1099//1099 243//243 1102//1102
f 244//244 1095//1095 1100//1100
f 1095//1095 1096//1096 1100//1100
f 1102//1102 243//243 1101//1101
f 1102//1102 1101//1101 231//231
f 244//244 1100//1100 1103//1103
f 1105//1105 244//244 1103//1103
f 231//231 1101//1101 1104//1104
f 1104//1104 1105//1105 233//233
f 231//231 1104//1104 233//233
f 1105//1105 1103//1103 233//233
f 1107//1107 220//220 1108//1108
f 1109//1109 1106//1106 1107//1107
f 1196//1196 1194//1194 1197//1197
f 1196//1196 1109//1109 1107//1107
f 1196//1196 1108//1108 1194//1194
f 1196//1196 1107//1107 1108//1108
f 218//218 214//214 1109//1109
f 1198//1198 1196//1196 1390//1390
f 1198//1198 1109//1109 1196//1196
f 1110//1110 1109//1109 1198//1198
f 1110//1110 218//218 1109//1109
f 1110//1110 1198//1198 1392//1392
f 1174//1174 1173//1173 1111//1111
f 1174//1174 1111//1111 1112//1112
f 1319//1319 967//967 1112//1112
f 1111//1111 1319//1319 1112//1112
f 853//853 1234//1234 862//862
f 1234//1234 1235//1235 862//862
f 878//878 870//870 1113//1113
f 870//870 862//862 1235//1235
f 1113//1113 870//870 1235//1235
f 1113//1113 1252//1252 878//878
f 1252//1252 1114//1114 878//878
f 883//883 878//878 1114//1114
f 1114//1114 1270//1270 1116//1116
f 1115//1115 883//883 1116//1116
f 883//883 1114//1114 1116//1116
f 1115//1115 1116//1116 1117//1117
f 1116//1116 1270//1270 1117//1117
f 1118//1118 1115//1115 1117//1117
f 1118//1118 1117//1117 1279//1279
f 907//907 1118//1118 1279//1279
f 907//907 1279//1279 1282//1282
f 1119//1119 907//907 1282//1282
f 1282//1282 1285//1285 1119//1119
f 1119//1119 1285//1285 919//919
f 1285//1285 1121//1121 919//919
f 919//919 1121//1121 1120//1120
f 1121//1121 1122//1122 1120//1120
f 1123//1123 1120//1120 1122//1122
f 1122//1122 1212//1212 1123//1123
f 1123//1123 1212//1212 1124//1124
f 1125//1125 1123//1123 1124//1124
f 1124//1124 1212//1212 1125//1125
f 1212//1212 1126//1126 1125//1125
f 1127//1127 1125//1125 1126//1126
f 1126//1126 1227//1227 1127//1127
f 834//834 1127//1127 1227//1227
f 1128//1128 834//834 1231//1231
f 1227//1227 1231//1231 834//834
f 1131//1131 1128//1128 1129//1129
f 1231//1231 1129//1129 1128//1128
f 855//855 1131//1131 1130//1130
f 1244//1244 1130//1130 1131//1131
f 1129//1129 1244//1244 1131//1131
f 1130//1130 1244//1244 1255//1255
f 1130//1130 1255//1255 855//855
f 855//855 1255//1255 1132//1132
f 1132//1132 1255//1255 1261//1261
f 1133//1133 855//855 1134//1134
f 855//855 1132//1132 1134//1134
f 1132//1132 1261//1261 1134//1134
f 1133//1133 1134//1134 1261//1261
f 1261//1261 1135//1135 1136//1136
f 1136//1136 1135//1135 1138//1138
f 1135//1135 1268//1268 1138//1138
f 1137//1137 1133//1133 1136//1136
f 1133//1133 1261//1261 1136//1136
f 1136//1136 1138//1138 1137//1137
f 1138//1138 1268//1268 1139//1139
f 1138//1138 1139//1139 1140//1140
f 1137//1137 1138//1138 1140//1140
f 890//890 1140//1140 1139//1139
f 1139//1139 1268//1268 1141//1141
f 1268//1268 1278//1278 1141//1141
f 890//890 1139//1139 1141//1141
f 897//897 890//890 1142//1142
f 1141//1141 1278//1278 1142//1142
f 890//890 1141//1141 1142//1142
f 903//903 897//897 1144//1144
f 1142//1142 1278//1278 1143//1143
f 1283//1283 1144//1144 1143//1143
f 1278//1278 1283//1283 1143//1143
f 897//897 1142//1142 1143//1143
f 1144//1144 897//897 1143//1143
f 1144//1144 1283//1283 903//903
f 1283//1283 1145//1145 903//903
f 913//913 903//903 1146//1146
f 903//903 1145//1145 1146//1146
f 1145//1145 1149//1149 1148//1148
f 1146//1146 1145//1145 1148//1148
f 1146//1146 1148//1148 913//913
f 1147//1147 913//913 1149//1149
f 913//913 1148//1148 1149//1149
f 1154//1154 1147//1147 1152//1152
f 1149//1149 1150//1150 1151//1151
f 1150//1150 1152//1152 1151//1151
f 1147//1147 1149//1149 1151//1151
f 1152//1152 1147//1147 1151//1151
f 1150//1150 1155//1155 1153//1153
f 1152//1152 1150//1150 1153//1153
f 1154//1154 1152//1152 1153//1153
f 1153//1153 1155//1155 1156//1156
f 816//816 1154//1154 1156//1156
f 1154//1154 1153//1153 1156//1156
f 1156//1156 1155//1155 816//816
f 1155//1155 1157//1157 816//816
f 816//816 1157//1157 1158//1158
f 1160//1160 816//816 1158//1158
f 1158//1158 1157//1157 1159//1159
f 1157//1157 1161//1161 1159//1159
f 1160//1160 1158//1158 1159//1159
f 1160//1160 1159//1159 1161//1161
f 824//824 1160//1160 1161//1161
f 1161//1161 1164//1164 1163//1163
f 824//824 1161//1161 1163//1163
f 1163//1163 1164//1164 1162//1162
f 1165//1165 824//824 1162//1162
f 824//824 1163//1163 1162//1162
f 1162//1162 1164//1164 1166//1166
f 1164//1164 1167//1167 1166//1166
f 1165//1165 1162//1162 1166//1166
f 846//846 1165//1165 1167//1167
f 1165//1165 1166//1166 1167//1167
f 1167//1167 1259//1259 1168//1168
f 846//846 1167//1167 1168//1168
f 1170//1170 846//846 1168//1168
f 1168//1168 1259//1259 1170//1170
f 1259//1259 1169//1169 1170//1170
f 1170//1170 1169//1169 1171//1171
f 1171//1171 1169//1169 1172//1172
f 1171//1171 1172//1172 858//858
f 1172//1172 1173//1173 1174//1174
f 858//858 1172//1172 1174//1174
f 1371//1371 1372//1372 1051//1051
f 3467//3467 1175//1175 1177//1177
f 3467//3467 1371//1371 1175//1175
f 3509//3509 1382//1382 236//236
f 3509//3509 236//236 1042//1042
f 3424//3424 1177//1177 1178//1178
f 3509//3509 1042//1042 1176//1176
f 3424//3424 3467//3467 1177//1177
f 3496//3496 1176//1176 1037//1037
f 3496//3496 3509//3509 1176//1176
f 3464//3464 1178//1178 1058//1058
f 3464//3464 3424//3424 1178//1178
f 3438//3438 1037//1037 1179//1179
f 3438//3438 3496//3496 1037//1037
f 3422//3422 1058//1058 1064//1064
f 3422//3422 3464//3464 1058//1058
f 3492//3492 1179//1179 1032//1032
f 3492//3492 3438//3438 1179//1179
f 3462//3462 1064//1064 1180//1180
f 3462//3462 3422//3422 1064//1064
f 1181//1181 1032//1032 1182//1182
f 1181//1181 3492//3492 1032//1032
f 3423//3423 1180//1180 1183//1183
f 3423//3423 3462//3462 1180//1180
f 3491//3491 1182//1182 1028//1028
f 3491//3491 1181//1181 1182//1182
f 1370//1370 1183//1183 1072//1072
f 1370//1370 3423//3423 1183//1183
f 3435//3435 3491//3491 1028//1028
f 3435//3435 1028//1028 1184//1184
f 3459//3459 1072//1072 1074//1074
f 3459//3459 1370//1370 1072//1072
f 1186//1186 3435//3435 1184//1184
f 1186//1186 1184//1184 1185//1185
f 3425//3425 1074//1074 1188//1188
f 3432//3432 1186//1186 1185//1185
f 3425//3425 3459//3459 1074//1074
f 3432//3432 1185//1185 1187//1187
f 1374//1374 1188//1188 1079//1079
f 3430//3430 1187//1187 1029//1029
f 3430//3430 3432//3432 1187//1187
f 1374//1374 3425//3425 1188//1188
f 3484//3484 1029//1029 1031//1031
f 1375//1375 1079//1079 1081//1081
f 3484//3484 3430//3430 1029//1029
f 1375//1375 1374//1374 1079//1079
f 3426//3426 1375//1375 1081//1081
f 3426//3426 1081//1081 226//226
f 3428//3428 1031//1031 1189//1189
f 3428//3428 3484//3484 1031//1031
f 1378//1378 1189//1189 1038//1038
f 1378//1378 3428//3428 1189//1189
f 1377//1377 1038//1038 1039//1039
f 1377//1377 1378//1378 1038//1038
f 3512//3512 1039//1039 1190//1190
f 3512//3512 1377//1377 1039//1039
f 1191//1191 1190//1190 1045//1045
f 1191//1191 3512//3512 1190//1190
f 3475//3475 1191//1191 1045//1045
f 3473//3473 1045//1045 1048//1048
f 3473//3473 3475//3475 1045//1045
f 1373//1373 1048//1048 1192//1192
f 1373//1373 3473//3473 1048//1048
f 1372//1372 1192//1192 1051//1051
f 1372//1372 1373//1373 1192//1192
f 1371//1371 1051//1051 1175//1175
f 1197//1197 1194//1194 1195//1195
f 1194//1194 1193//1193 1195//1195
f 1196//1196 1197//1197 1388//1388
f 1390//1390 1196//1196 1388//1388
f 1110//1110 1392//1392 1199//1199
f 1110//1110 1199//1199 1200//1200
f 218//218 1110//1110 1201//1201
f 1110//1110 1200//1200 1201//1201
f 1202//1202 1289//1289 3345//3345
f 1121//1121 1202//1202 1203//1203
f 1203//1203 1202//1202 1206//1206
f 1202//1202 3345//3345 1206//1206
f 1287//1287 3327//3327 1204//1204
f 3327//3327 1205//1205 1204//1204
f 1149//1149 1145//1145 1207//1207
f 1121//1121 1203//1203 1122//1122
f 1145//1145 1204//1204 1207//1207
f 1122//1122 1203//1203 1209//1209
f 1203//1203 1206//1206 1209//1209
f 1207//1207 1204//1204 1205//1205
f 1209//1209 1206//1206 1208//1208
f 1207//1207 1205//1205 1219//1219
f 1149//1149 1207//1207 1211//1211
f 1150//1150 1149//1149 1211//1211
f 1207//1207 1219//1219 1211//1211
f 1122//1122 1209//1209 1210//1210
f 1212//1212 1122//1122 1210//1210
f 1210//1210 1209//1209 1216//1216
f 1209//1209 1208//1208 1216//1216
f 1212//1212 1210//1210 1213//1213
f 1211//1211 1219//1219 1214//1214
f 1213//1213 1210//1210 1217//1217
f 1150//1150 1211//1211 1214//1214
f 1210//1210 1216//1216 1217//1217
f 1217//1217 1213//1213 1212//1212
f 4//4 1345//1345 1220//1220
f 1345//1345 1215//1215 1220//1220
f 5//5 4//4 1220//1220
f 1220//1220 1215//1215 1221//1221
f 1126//1126 1212//1212 1223//1223
f 1212//1212 1217//1217 1223//1223
f 1215//1215 3254//3254 1221//1221
f 1218//1218 1214//1214 1219//1219
f 1150//1150 1214//1214 1155//1155
f 1155//1155 1214//1214 1218//1218
f 1217//1217 1216//1216 1426//1426
f 1223//1223 1217//1217 1426//1426
f 1218//1218 1219//1219 1224//1224
f 3254//3254 3246//3246 1221//1221
f 5//5 1220//1220 1225//1225
f 6//6 5//5 1225//1225
f 1220//1220 1221//1221 1225//1225
f 1225//1225 1221//1221 3246//3246
f 1126//1126 1223//1223 1229//1229
f 6//6 1225//1225 1222//1222
f 1227//1227 1126//1126 1229//1229
f 1229//1229 1223//1223 1226//1226
f 1223//1223 1426//1426 1226//1226
f 1157//1157 1155//1155 1218//1218
f 1218//1218 1224//1224 1422//1422
f 1157//1157 1218//1218 1230//1230
f 1234//1234 6//6 1222//1222
f 1227//1227 1229//1229 1228//1228
f 1231//1231 1227//1227 1228//1228
f 1228//1228 1229//1229 1226//1226
f 1230//1230 1218//1218 1422//1422
f 1222//1222 1225//1225 1233//1233
f 1161//1161 1157//1157 1230//1230
f 1230//1230 1422//1422 1232//1232
f 1225//1225 3246//3246 1233//1233
f 1231//1231 1228//1228 1239//1239
f 1234//1234 1222//1222 1238//1238
f 1222//1222 1233//1233 1238//1238
f 1161//1161 1230//1230 1237//1237
f 1235//1235 1234//1234 1238//1238
f 1238//1238 1233//1233 1236//1236
f 1233//1233 3407//3407 1236//1236
f 1228//1228 1226//1226 1240//1240
f 1230//1230 1232//1232 1237//1237
f 1239//1239 1228//1228 1240//1240
f 1235//1235 1238//1238 1241//1241
f 1226//1226 1428//1428 1240//1240
f 1428//1428 1248//1248 1240//1240
f 1231//1231 1239//1239 1242//1242
f 1129//1129 1231//1231 1242//1242
f 1164//1164 1161//1161 1237//1237
f 1241//1241 1238//1238 1246//1246
f 1239//1239 1240//1240 1242//1242
f 1238//1238 1236//1236 1246//1246
f 3407//3407 3405//3405 1236//1236
f 1164//1164 1237//1237 1245//1245
f 1235//1235 1241//1241 1246//1246
f 1113//1113 1235//1235 1246//1246
f 1246//1246 1236//1236 3405//3405
f 1113//1113 1246//1246 1247//1247
f 1242//1242 1240//1240 1248//1248
f 1237//1237 1232//1232 1245//1245
f 1129//1129 1242//1242 1243//1243
f 1244//1244 1129//1129 1243//1243
f 1242//1242 1248//1248 1243//1243
f 1244//1244 1243//1243 1254//1254
f 1247//1247 1246//1246 1250//1250
f 1246//1246 3405//3405 1250//1250
f 1164//1164 1245//1245 1249//1249
f 1167//1167 1164//1164 1249//1249
f 1243//1243 1248//1248 1435//1435
f 1254//1254 1243//1243 1435//1435
f 1255//1255 1244//1244 1254//1254
f 1113//1113 1247//1247 1252//1252
f 1252//1252 1247//1247 1253//1253
f 1254//1254 1435//1435 1437//1437
f 1249//1249 1245//1245 1251//1251
f 1253//1253 1247//1247 1430//1430
f 1247//1247 1250//1250 1430//1430
f 1255//1255 1254//1254 1257//1257
f 1167//1167 1249//1249 1259//1259
f 1252//1252 1253//1253 1258//1258
f 1259//1259 1249//1249 1251//1251
f 1254//1254 1437//1437 1257//1257
f 1255//1255 1257//1257 1256//1256
f 1261//1261 1255//1255 1256//1256
f 1253//1253 1430//1430 1258//1258
f 1114//1114 1252//1252 1258//1258
f 1257//1257 1437//1437 1256//1256
f 1256//1256 1437//1437 1260//1260
f 1258//1258 1430//1430 3393//3393
f 1169//1169 1259//1259 1415//1415
f 1259//1259 1251//1251 1415//1415
f 1258//1258 3393//3393 1263//1263
f 1114//1114 1258//1258 1263//1263
f 1261//1261 1256//1256 1262//1262
f 1135//1135 1261//1261 1262//1262
f 1270//1270 1114//1114 1263//1263
f 1256//1256 1260//1260 1262//1262
f 3393//3393 1264//1264 1272//1272
f 1263//1263 3393//3393 1272//1272
f 1260//1260 1440//1440 1262//1262
f 1270//1270 1263//1263 1265//1265
f 1135//1135 1262//1262 1267//1267
f 1303//1303 1172//1172 1415//1415
f 1172//1172 1169//1169 1415//1415
f 1265//1265 1263//1263 1271//1271
f 1267//1267 1262//1262 1408//1408
f 1262//1262 1440//1440 1408//1408
f 1266//1266 1303//1303 1415//1415
f 1271//1271 1263//1263 1272//1272
f 1135//1135 1267//1267 1268//1268
f 1264//1264 3380//3380 1272//1272
f 1268//1268 1267//1267 1269//1269
f 1265//1265 1271//1271 1275//1275
f 1270//1270 1265//1265 1275//1275
f 1117//1117 1270//1270 1275//1275
f 1271//1271 1272//1272 1275//1275
f 3380//3380 3369//3369 1272//1272
f 1269//1269 1267//1267 1408//1408
f 1117//1117 1275//1275 1273//1273
f 1275//1275 1272//1272 1411//1411
f 1272//1272 3369//3369 1411//1411
f 1117//1117 1273//1273 1274//1274
f 1273//1273 1275//1275 1274//1274
f 1279//1279 1117//1117 1274//1274
f 1274//1274 1275//1275 1411//1411
f 1278//1278 1268//1268 1276//1276
f 1268//1268 1269//1269 1276//1276
f 1269//1269 1408//1408 1276//1276
f 1276//1276 1408//1408 1281//1281
f 1278//1278 1276//1276 1280//1280
f 1279//1279 1274//1274 1277//1277
f 1274//1274 1411//1411 1277//1277
f 1282//1282 1279//1279 1277//1277
f 1411//1411 1414//1414 1277//1277
f 1282//1282 1277//1277 1284//1284
f 1280//1280 1276//1276 1281//1281
f 1278//1278 1280//1280 1283//1283
f 1283//1283 1280//1280 1286//1286
f 1277//1277 1414//1414 1288//1288
f 1284//1284 1277//1277 1288//1288
f 1280//1280 1281//1281 1286//1286
f 1281//1281 1287//1287 1286//1286
f 1282//1282 1284//1284 1289//1289
f 1285//1285 1282//1282 1289//1289
f 1289//1289 1284//1284 1288//1288
f 1283//1283 1286//1286 1204//1204
f 1289//1289 1288//1288 3345//3345
f 1145//1145 1283//1283 1204//1204
f 1285//1285 1289//1289 1202//1202
f 1121//1121 1285//1285 1202//1202
f 1286//1286 1287//1287 1204//1204
f 1367//1367 1420//1420 1292//1292
f 1292//1292 1420//1420 1290//1290
f 66//66 63//63 1294//1294
f 63//63 1368//1368 1294//1294
f 1293//1293 31//31 1291//1291
f 31//31 1292//1292 1291//1291
f 1294//1294 1368//1368 1413//1413
f 1368//1368 1369//1369 1413//1413
f 1292//1292 1290//1290 1291//1291
f 1290//1290 1295//1295 1291//1291
f 66//66 1294//1294 1297//1297
f 1293//1293 1291//1291 1296//1296
f 1294//1294 1413//1413 1297//1297
f 1296//1296 1291//1291 1295//1295
f 36//36 1293//1293 1296//1296
f 1297//1297 1413//1413 1299//1299
f 1413//1413 1410//1410 1299//1299
f 69//69 66//66 1300//1300
f 66//66 1297//1297 1300//1300
f 1300//1300 1297//1297 1299//1299
f 36//36 1296//1296 1301//1301
f 1296//1296 1295//1295 1301//1301
f 1301//1301 1295//1295 1298//1298
f 70//70 69//69 1304//1304
f 69//69 1300//1300 1304//1304
f 1300//1300 1299//1299 1304//1304
f 36//36 1301//1301 38//38
f 38//38 1301//1301 1309//1309
f 1299//1299 1410//1410 1302//1302
f 1304//1304 1299//1299 1302//1302
f 70//70 1304//1304 1308//1308
f 1173//1173 1172//1172 1305//1305
f 1172//1172 1303//1303 1305//1305
f 1301//1301 1298//1298 1309//1309
f 1298//1298 1307//1307 1309//1309
f 1266//1266 1310//1310 1305//1305
f 1303//1303 1266//1266 1305//1305
f 1315//1315 70//70 1308//1308
f 1304//1304 1302//1302 1312//1312
f 1308//1308 1304//1304 1312//1312
f 1302//1302 3312//3312 1312//1312
f 3312//3312 1409//1409 1312//1312
f 1315//1315 1308//1308 1311//1311
f 1111//1111 1173//1173 1306//1306
f 1173//1173 1305//1305 1306//1306
f 38//38 1309//1309 1313//1313
f 42//42 38//38 1313//1313
f 1311//1311 1308//1308 1312//1312
f 1313//1313 1309//1309 1307//1307
f 1305//1305 1310//1310 1306//1306
f 42//42 1313//1313 1314//1314
f 1313//1313 1307//1307 1314//1314
f 1409//1409 3294//3294 1312//1312
f 1314//1314 1307//1307 1438//1438
f 1311//1311 1312//1312 1317//1317
f 1111//1111 1306//1306 1319//1319
f 72//72 1315//1315 1317//1317
f 1315//1315 1311//1311 1317//1317
f 1321//1321 42//42 1314//1314
f 1306//1306 1310//1310 1441//1441
f 1319//1319 1306//1306 1441//1441
f 1321//1321 1314//1314 1322//1322
f 1320//1320 1317//1317 1316//1316
f 1317//1317 1312//1312 1316//1316
f 1312//1312 3294//3294 1316//1316
f 3294//3294 1412//1412 1316//1316
f 72//72 1317//1317 1320//1320
f 7//7 1319//1319 1318//1318
f 1319//1319 1441//1441 1318//1318
f 1314//1314 1438//1438 1322//1322
f 72//72 1320//1320 1323//1323
f 7//7 1318//1318 1324//1324
f 1323//1323 1320//1320 1326//1326
f 1322//1322 1438//1438 1436//1436
f 1320//1320 1316//1316 1326//1326
f 43//43 1321//1321 1327//1327
f 1321//1321 1322//1322 1327//1327
f 1316//1316 1412//1412 1326//1326
f 1327//1327 1322//1322 1436//1436
f 1318//1318 1441//1441 1325//1325
f 1324//1324 1318//1318 1325//1325
f 7//7 1324//1324 1332//1332
f 1412//1412 1334//1334 1326//1326
f 43//43 1327//1327 1328//1328
f 1323//1323 1326//1326 1329//1329
f 1332//1332 1324//1324 1331//1331
f 1333//1333 43//43 1328//1328
f 77//77 1323//1323 1329//1329
f 1327//1327 1436//1436 1328//1328
f 1329//1329 1326//1326 1334//1334
f 1328//1328 1436//1436 1432//1432
f 77//77 1329//1329 1335//1335
f 1333//1333 1328//1328 1330//1330
f 1325//1325 1434//1434 1331//1331
f 1324//1324 1325//1325 1331//1331
f 1335//1335 1329//1329 1334//1334
f 1328//1328 1432//1432 1337//1337
f 1434//1434 3298//3298 1331//1331
f 12//12 1332//1332 1331//1331
f 1330//1330 1328//1328 1337//1337
f 1333//1333 1330//1330 49//49
f 49//49 1330//1330 1338//1338
f 77//77 1335//1335 78//78
f 78//78 1335//1335 1336//1336
f 12//12 1331//1331 1339//1339
f 1338//1338 1330//1330 1337//1337
f 1335//1335 1334//1334 1336//1336
f 1336//1336 1334//1334 3272//3272
f 17//17 12//12 1339//1339
f 1334//1334 1416//1416 3272//3272
f 1331//1331 3298//3298 1339//1339
f 17//17 1339//1339 1341//1341
f 49//49 1338//1338 1340//1340
f 1344//1344 49//49 1340//1340
f 1338//1338 1337//1337 1340//1340
f 1340//1340 1337//1337 3278//3278
f 1336//1336 3272//3272 1343//1343
f 1341//1341 1339//1339 1342//1342
f 2//2 78//78 1343//1343
f 78//78 1336//1336 1343//1343
f 1339//1339 3298//3298 1342//1342
f 2//2 1343//1343 1346//1346
f 17//17 1341//1341 19//19
f 1353//1353 1344//1344 1347//1347
f 19//19 1341//1341 1348//1348
f 1346//1346 1343//1343 1349//1349
f 1344//1344 1340//1340 1347//1347
f 3278//3278 1424//1424 1347//1347
f 1340//1340 3278//3278 1347//1347
f 1353//1353 1347//1347 1352//1352
f 1349//1349 1343//1343 1419//1419
f 1343//1343 3272//3272 1419//1419
f 4//4 2//2 1349//1349
f 1341//1341 1342//1342 1348//1348
f 1345//1345 4//4 1349//1349
f 1215//1215 1345//1345 1349//1349
f 2//2 1346//1346 1349//1349
f 1348//1348 1342//1342 1350//1350
f 1215//1215 1349//1349 1419//1419
f 1352//1352 1347//1347 1424//1424
f 20//20 19//19 1351//1351
f 19//19 1348//1348 1351//1351
f 1351//1351 1348//1348 1350//1350
f 1353//1353 1352//1352 1354//1354
f 53//53 1353//1353 1354//1354
f 1350//1350 1425//1425 1351//1351
f 22//22 20//20 1355//1355
f 1354//1354 1352//1352 1356//1356
f 1352//1352 1424//1424 1356//1356
f 20//20 1351//1351 1355//1355
f 1355//1355 1351//1351 1425//1425
f 22//22 1355//1355 1360//1360
f 1355//1355 1425//1425 1360//1360
f 53//53 1354//1354 1357//1357
f 1357//1357 1354//1354 1356//1356
f 53//53 1357//1357 1358//1358
f 1358//1358 1357//1357 1363//1363
f 1360//1360 1425//1425 1423//1423
f 22//22 1360//1360 24//24
f 24//24 1360//1360 1359//1359
f 1357//1357 1356//1356 1363//1363
f 1356//1356 1361//1361 1363//1363
f 1359//1359 1360//1360 1423//1423
f 1361//1361 1365//1365 1363//1363
f 62//62 1358//1358 1364//1364
f 1358//1358 1363//1363 1364//1364
f 28//28 24//24 1362//1362
f 24//24 1359//1359 1362//1362
f 1364//1364 1363//1363 1365//1365
f 1359//1359 1423//1423 1362//1362
f 1423//1423 1420//1420 1362//1362
f 62//62 1364//1364 1366//1366
f 28//28 1362//1362 1367//1367
f 1364//1364 1365//1365 1366//1366
f 1366//1366 1365//1365 1418//1418
f 31//31 28//28 1367//1367
f 1366//1366 1418//1418 1369//1369
f 63//63 62//62 1368//1368
f 62//62 1366//1366 1368//1368
f 1367//1367 1362//1362 1420//1420
f 31//31 1367//1367 1292//1292
f 1368//1368 1366//1366 1369//1369
f 1380//1380 3433//3433 237//237
f 1380//1380 237//237 238//238
f 211//211 224//224 223//223
f 1193//1193 2523//2523 1387//1387
f 1195//1195 1193//1193 1387//1387
f 1197//1197 1195//1195 3120//3120
f 1195//1195 1387//1387 3120//3120
f 1388//1388 1197//1197 3045//3045
f 1197//1197 3120//3120 3045//3045
f 1388//1388 3045//3045 2922//2922
f 1390//1390 1388//1388 1389//1389
f 1388//1388 2922//2922 1389//1389
f 1198//1198 1390//1390 1391//1391
f 1390//1390 1389//1389 1391//1391
f 1392//1392 1198//1198 2750//2750
f 1198//1198 1391//1391 2750//2750
f 1392//1392 2750//2750 2830//2830
f 1199//1199 1392//1392 2863//2863
f 1392//1392 2830//2830 2863//2863
f 1199//1199 2863//2863 2996//2996
f 1200//1200 1199//1199 2996//2996
f 1200//1200 2996//2996 3005//3005
f 1201//1201 1200//1200 3103//3103
f 1200//1200 3005//3005 3103//3103
f 1201//1201 3103//3103 3218//3218
f 3108//3108 3084//3084 1400//1400
f 3084//3084 3076//3076 1400//1400
f 3076//3076 3051//3051 1400//1400
f 3051//3051 3029//3029 1400//1400
f 3029//3029 1393//1393 1400//1400
f 1393//1393 2955//2955 1400//1400
f 2955//2955 2925//2925 1400//1400
f 2925//2925 2905//2905 1400//1400
f 2905//2905 2899//2899 1400//1400
f 2899//2899 2987//2987 1400//1400
f 2987//2987 2988//2988 1400//1400
f 2988//2988 2915//2915 1400//1400
f 2915//2915 2985//2985 1400//1400
f 2985//2985 1395//1395 1400//1400
f 1394//1394 2963//2963 1400//1400
f 1394//1394 2990//2990 2963//2963
f 1395//1395 1394//1394 1400//1400
f 2963//2963 1396//1396 1400//1400
f 1396//1396 1397//1397 1400//1400
f 1397//1397 3027//3027 1400//1400
f 3027//3027 2803//2803 1400//1400
f 2803//2803 2720//2720 1400//1400
f 2720//2720 2472//2472 1400//1400
f 2472//2472 2379//2379 1400//1400
f 2379//2379 1398//1398 1400//1400
f 1398//1398 3017//3017 1400//1400
f 3017//3017 2919//2919 1400//1400
f 2919//2919 1399//1399 1400//1400
f 1399//1399 2852//2852 1400//1400
f 2852//2852 2767//2767 1400//1400
f 2767//2767 2762//2762 1400//1400
f 2762//2762 2718//2718 1400//1400
f 2718//2718 2660//2660 1400//1400
f 2660//2660 1705//1705 1400//1400
f 1720//1720 1910//1910 1400//1400
f 1857//1857 1720//1720 1400//1400
f 1711//1711 1857//1857 1400//1400
f 1708//1708 1711//1711 1400//1400
f 1679//1679 1708//1708 1400//1400
f 1645//1645 1679//1679 1400//1400
f 1401//1401 1645//1645 1400//1400
f 1612//1612 1401//1401 1400//1400
f 1527//1527 1612//1612 1400//1400
f 1476//1476 1527//1527 1400//1400
f 1485//1485 1476//1476 1400//1400
f 1497//1497 1485//1485 1400//1400
f 1443//1443 1497//1497 1400//1400
f 1402//1402 1443//1443 1400//1400
f 1532//1532 1402//1402 1400//1400
f 1403//1403 1532//1532 1400//1400
f 1404//1404 1403//1403 1400//1400
f 1488//1488 1404//1404 1400//1400
f 1489//1489 1488//1488 1400//1400
f 2341//2341 1489//1489 1400//1400
f 2215//2215 2341//2341 1400//1400
f 2091//2091 2215//2215 1400//1400
f 1618//1618 2091//2091 1400//1400
f 1455//1455 1618//1618 1400//1400
f 1405//1405 1455//1455 1400//1400
f 2334//2334 1405//1405 1400//1400
f 2259//2259 2334//2334 1400//1400
f 2199//2199 2259//2259 1400//1400
f 2158//2158 2199//2199 1400//1400
f 2118//2118 2158//2158 1400//1400
f 2106//2106 2118//2118 1400//1400
f 1406//1406 2106//2106 1400//1400
f 1407//1407 1406//1406 1400//1400
f 1973//1973 1407//1407 1400//1400
f 1974//1974 1973//1973 1400//1400
f 1705//1705 1974//1974 1400//1400
f 1910//1910 3137//3137 1400//1400
f 3137//3137 3129//3129 1400//1400
f 3129//3129 3128//3128 1400//1400
f 3128//3128 3108//3108 1400//1400
f 1408//1408 1440//1440 3362//3362
f 1410//1410 3312//3312 1302//1302
f 3227//3227 1307//1307 1298//1298
f 1408//1408 3362//3362 3355//3355
f 3322//3322 1410//1410 1413//1413
f 1310//1310 1266//1266 3360//3360
f 1408//1408 3355//3355 1281//1281
f 3227//3227 1298//1298 1295//1295
f 3360//3360 1266//1266 1415//1415
f 1281//1281 3355//3355 3348//3348
f 3360//3360 1415//1415 1417//1417
f 3228//3228 1413//1413 1369//1369
f 1334//1334 1412//1412 1416//1416
f 3228//3228 1369//1369 1418//1418
f 3227//3227 1295//1295 3231//3231
f 1417//1417 1415//1415 1251//1251
f 1281//1281 3348//3348 1287//1287
f 1417//1417 1251//1251 3376//3376
f 3237//3237 1418//1418 1365//1365
f 3237//3237 1365//1365 1361//1361
f 3231//3231 1295//1295 1290//1290
f 1251//1251 1245//1245 3376//3376
f 3231//3231 1290//1290 1420//1420
f 3247//3247 1361//1361 1356//1356
f 3231//3231 1420//1420 3250//3250
f 3345//3345 3339//3339 1206//1206
f 1215//1215 1419//1419 3259//3259
f 1219//1219 1205//1205 3325//3325
f 1205//1205 3327//3327 3325//3325
f 3247//3247 1356//1356 3256//3256
f 1245//1245 1232//1232 3391//3391
f 3376//3376 1245//1245 3391//3391
f 1206//1206 3339//3339 1421//1421
f 1206//1206 1421//1421 1208//1208
f 1215//1215 3259//3259 3254//3254
f 1219//1219 3325//3325 3418//3418
f 1224//1224 1219//1219 3418//3418
f 3256//3256 1356//1356 3264//3264
f 3391//3391 1232//1232 3396//3396
f 3264//3264 1356//1356 1424//1424
f 1232//1232 1422//1422 3396//3396
f 1224//1224 3418//3418 3396//3396
f 1422//1422 1224//1224 3396//3396
f 3250//3250 1420//1420 1423//1423
f 3250//3250 1423//1423 3265//3265
f 3265//3265 1423//1423 1425//1425
f 3264//3264 1424//1424 3278//3278
f 1216//1216 1208//1208 3413//3413
f 1216//1216 3413//3413 1426//1426
f 3265//3265 1425//1425 3273//3273
f 3284//3284 3278//3278 1337//1337
f 3273//3273 1425//1425 1350//1350
f 1226//1226 1426//1426 1427//1427
f 3405//3405 3400//3400 1250//1250
f 3284//3284 1337//1337 1432//1432
f 1226//1226 1427//1427 1429//1429
f 3273//3273 1350//1350 1342//1342
f 1226//1226 1429//1429 1428//1428
f 1250//1250 3400//3400 1430//1430
f 3273//3273 1342//1342 3298//3298
f 1430//1430 3400//3400 3393//3393
f 1431//1431 1432//1432 1436//1436
f 1431//1431 1436//1436 3297//3297
f 1248//1248 1433//1433 1435//1435
f 3297//3297 1436//1436 3313//3313
f 1435//1435 1433//1433 3381//3381
f 1435//1435 3381//3381 1437//1437
f 3313//3313 1436//1436 1438//1438
f 1434//1434 1325//1325 1439//1439
f 1437//1437 3381//3381 1440//1440
f 1439//1439 1325//1325 1441//1441
f 1437//1437 1440//1440 1260//1260
f 3380//3380 3374//3374 3369//3369
f 3313//3313 1438//1438 1307//1307
f 3313//3313 1307//1307 3227//3227
f 1439//1439 1441//1441 3344//3344
f 3344//3344 1441//1441 1310//1310
f 1444//1444 1445//1445 2324//2324
f 1468//1468 2337//2337 1445//1445
f 1468//1468 2306//2306 2337//2337
f 2298//2298 2332//2332 2326//2326
f 1484//1484 2330//2330 2325//2325
f 1443//1443 2268//2268 1496//1496
f 1472//1472 1462//1462 2329//2329
f 1443//1443 1461//1461 2268//2268
f 1444//1444 1468//1468 1445//1445
f 1475//1475 1468//1468 1444//1444
f 1951//1951 1958//1958 2303//2303
f 1458//1458 1447//1447 1464//1464
f 1458//1458 1951//1951 1447//1447
f 1452//1452 2316//2316 1448//1448
f 1452//1452 1460//1460 2316//2316
f 1455//1455 1483//1483 1442//1442
f 1454//1454 1450//1450 2338//2338
f 1454//1454 2319//2319 1449//1449
f 1454//1454 2338//2338 1503//1503
f 1454//1454 1449//1449 1450//1450
f 2164//2164 1489//1489 1451//1451
f 1444//1444 2324//2324 2318//2318
f 1463//1463 1454//1454 1503//1503
f 1466//1466 2312//2312 2301//2301
f 1466//1466 2301//2301 2330//2330
f 1459//1459 2313//2313 2319//2319
f 1459//1459 1762//1762 2313//2313
f 1982//1982 1482//1482 2241//2241
f 1456//1456 2330//2330 1484//1484
f 1456//1456 1466//1466 2330//2330
f 2322//2322 1405//1405 1457//1457
f 1498//1498 2298//2298 2339//2339
f 1959//1959 1951//1951 1458//1458
f 1813//1813 1459//1459 2319//2319
f 1808//1808 2327//2327 1800//1800
f 1468//1468 2325//2325 2306//2306
f 1469//1469 3457//3457 1467//1467
f 1469//1469 2318//2318 3457//3457
f 1482//1482 1455//1455 1442//1442
f 1509//1509 1472//1472 1460//1460
f 1509//1509 1460//1460 1452//1452
f 1597//1597 2332//2332 2298//2298
f 1469//1469 1444//1444 2318//2318
f 1546//1546 2310//2310 2169//2169
f 1471//1471 1462//1462 1472//1472
f 1500//1500 2319//2319 1454//1454
f 1500//1500 1454//1454 1463//1463
f 1500//1500 1813//1813 2319//2319
f 1512//1512 1500//1500 1463//1463
f 1937//1937 1464//1464 1477//1477
f 1479//1479 1465//1465 2312//2312
f 1479//1479 2312//2312 1466//1466
f 1480//1480 1466//1466 1456//1456
f 1937//1937 1458//1458 1464//1464
f 1480//1480 1479//1479 1466//1466
f 1597//1597 2298//2298 1498//1498
f 1469//1469 1467//1467 1481//1481
f 1476//1476 2288//2288 1446//1446
f 1473//1473 1808//1808 1534//1534
f 1473//1473 2327//2327 1808//1808
f 1565//1565 1453//1453 2282//2282
f 1565//1565 2282//2282 2321//2321
f 1499//1499 1498//1498 2339//2339
f 1499//1499 2339//2339 2317//2317
f 1474//1474 1468//1468 1475//1475
f 1474//1474 2325//2325 1468//1468
f 1492//1492 1497//1497 2300//2300
f 1518//1518 1444//1444 1469//1469
f 1528//1528 1476//1476 1446//1446
f 1519//1519 1444//1444 1518//1518
f 1519//1519 1475//1475 1444//1444
f 1555//1555 2317//2317 1462//1462
f 1916//1916 1473//1473 1534//1534
f 1484//1484 2325//2325 1474//1474
f 1514//1514 1484//1484 1474//1474
f 1514//1514 1474//1474 1475//1475
f 1519//1519 1514//1514 1475//1475
f 1483//1483 1405//1405 2322//2322
f 1526//1526 1937//1937 1477//1477
f 1937//1937 1959//1959 1458//1458
f 1493//1493 3508//3508 1478//1478
f 1507//1507 1503//1503 1465//1465
f 1507//1507 1465//1465 1479//1479
f 1511//1511 3510//3510 3508//3508
f 1544//1544 1507//1507 1479//1479
f 1487//1487 1493//1493 1478//1478
f 1544//1544 1479//1479 1480//1480
f 1469//1469 1481//1481 1523//1523
f 1493//1493 1511//1511 3508//3508
f 1504//1504 1493//1493 1487//1487
f 1989//1989 1982//1982 1470//1470
f 1483//1483 1455//1455 1405//1405
f 1485//1485 2300//2300 1486//1486
f 1485//1485 1486//1486 2288//2288
f 1530//1530 1462//1462 1471//1471
f 1530//1530 1555//1555 1462//1462
f 1539//1539 1489//1489 2164//2164
f 1539//1539 1488//1488 1489//1489
f 1506//1506 1487//1487 1490//1490
f 1508//1508 1506//1506 1490//1490
f 1555//1555 1499//1499 2317//2317
f 1511//1511 3505//3505 3510//3510
f 1494//1494 1448//1448 1562//1562
f 1494//1494 1452//1452 1448//1448
f 1506//1506 1504//1504 1487//1487
f 1510//1510 1472//1472 1509//1509
f 1492//1492 1485//1485 1497//1497
f 1513//1513 1484//1484 1514//1514
f 1505//1505 1493//1493 1504//1504
f 1536//1536 1565//1565 2321//2321
f 1520//1520 3513//3513 1495//1495
f 1510//1510 1471//1471 1472//1472
f 1511//1511 1495//1495 3505//3505
f 1511//1511 1520//1520 1495//1495
f 1496//1496 1497//1497 1443//1443
f 1515//1515 1485//1485 2288//2288
f 1515//1515 2288//2288 1476//1476
f 1690//1690 1498//1498 1499//1499
f 1690//1690 1597//1597 1498//1498
f 1501//1501 1500//1500 1512//1512
f 1501//1501 1813//1813 1500//1500
f 1485//1485 1492//1492 2300//2300
f 1502//1502 1463//1463 1503//1503
f 1502//1502 1512//1512 1463//1463
f 1502//1502 1503//1503 1507//1507
f 1402//1402 1546//1546 2169//2169
f 1584//1584 1502//1502 1507//1507
f 1584//1584 1507//1507 1544//1544
f 1494//1494 1509//1509 1452//1452
f 1529//1529 1779//1779 3513//3513
f 1573//1573 1509//1509 1494//1494
f 1531//1531 1456//1456 1484//1484
f 1540//1540 1476//1476 1528//1528
f 1541//1541 1520//1520 1511//1511
f 1817//1817 1501//1501 1512//1512
f 1533//1533 1511//1511 1493//1493
f 1576//1576 1471//1471 1510//1510
f 1513//1513 1514//1514 1519//1519
f 1520//1520 1529//1529 3513//3513
f 1515//1515 1476//1476 1485//1485
f 1533//1533 1541//1541 1511//1511
f 1535//1535 1506//1506 1508//1508
f 1531//1531 1484//1484 1513//1513
f 1533//1533 1493//1493 1505//1505
f 1516//1516 1402//1402 1461//1461
f 1516//1516 1461//1461 1443//1443
f 1516//1516 1443//1443 1402//1402
f 1517//1517 1989//1989 1470//1470
f 1542//1542 1508//1508 1543//1543
f 1518//1518 1513//1513 1519//1519
f 1545//1545 1523//1523 1558//1558
f 1545//1545 1469//1469 1523//1523
f 1559//1559 1541//1541 1533//1533
f 1533//1533 1505//1505 1504//1504
f 1542//1542 1535//1535 1508//1508
f 1524//1524 1817//1817 1512//1512
f 1524//1524 1512//1512 1502//1502
f 1525//1525 1477//1477 2332//2332
f 1525//1525 1526//1526 1477//1477
f 1535//1535 1504//1504 1506//1506
f 1527//1527 1528//1528 1491//1491
f 1740//1740 1499//1499 1555//1555
f 1561//1561 1524//1524 1502//1502
f 1561//1561 1502//1502 1584//1584
f 1740//1740 1690//1690 1499//1499
f 1568//1568 1513//1513 1518//1518
f 1548//1548 1535//1535 1542//1542
f 1538//1538 1527//1527 1491//1491
f 1549//1549 1456//1456 1531//1531
f 1549//1549 1544//1544 1480//1480
f 1549//1549 1480//1480 1456//1456
f 1569//1569 1518//1518 1469//1469
f 1603//1603 1555//1555 1530//1530
f 1537//1537 1533//1533 1504//1504
f 1532//1532 1536//1536 2321//2321
f 1532//1532 2321//2321 2310//2310
f 1541//1541 1529//1529 1520//1520
f 1560//1560 1559//1559 1533//1533
f 1892//1892 1916//1916 1534//1534
f 1892//1892 1534//1534 1765//1765
f 1573//1573 1510//1510 1509//1509
f 1569//1569 1568//1568 1518//1518
f 1556//1556 1535//1535 1548//1548
f 1525//1525 2332//2332 1597//1597
f 1567//1567 1531//1531 1513//1513
f 1537//1537 1560//1560 1533//1533
f 1547//1547 1535//1535 1556//1556
f 1547//1547 1504//1504 1535//1535
f 1582//1582 1539//1539 2164//2164
f 1547//1547 1537//1537 1504//1504
f 1540//1540 1527//1527 1476//1476
f 1570//1570 1560//1560 1537//1537
f 1552//1552 1541//1541 1559//1559
f 1861//1861 1529//1529 1541//1541
f 1563//1563 1544//1544 1549//1549
f 1545//1545 1569//1569 1469//1469
f 1546//1546 1532//1532 2310//2310
f 1546//1546 1402//1402 1532//1532
f 1551//1551 1547//1547 1556//1556
f 1574//1574 1527//1527 1538//1538
f 1564//1564 1542//1542 1543//1543
f 1564//1564 1548//1548 1542//1542
f 1552//1552 1861//1861 1541//1541
f 1640//1640 1589//1589 2174//2174
f 1550//1550 1537//1537 1547//1547
f 1550//1550 1547//1547 1551//1551
f 1585//1585 1560//1560 1570//1570
f 1604//1604 1530//1530 1471//1471
f 1568//1568 1567//1567 1513//1513
f 1604//1604 1471//1471 1576//1576
f 1575//1575 1559//1559 1560//1560
f 1567//1567 1549//1549 1531//1531
f 1571//1571 1537//1537 1550//1550
f 1571//1571 1570//1570 1537//1537
f 1527//1527 1540//1540 1528//1528
f 1554//1554 1564//1564 1543//1543
f 1927//1927 1740//1740 1555//1555
f 1554//1554 1543//1543 1606//1606
f 1577//1577 1510//1510 1573//1573
f 1564//1564 1556//1556 1548//1548
f 2172//2172 1640//1640 2174//2174
f 1819//1819 1558//1558 1553//1553
f 1602//1602 1564//1564 1554//1554
f 1819//1819 1545//1545 1558//1558
f 1623//1623 1569//1569 1545//1545
f 1583//1583 1559//1559 1575//1575
f 1623//1623 1545//1545 1819//1819
f 1583//1583 1552//1552 1559//1559
f 1577//1577 1576//1576 1510//1510
f 1608//1608 1861//1861 1552//1552
f 1551//1551 1571//1571 1550//1550
f 1588//1588 1584//1584 1544//1544
f 1588//1588 1544//1544 1563//1563
f 1818//1818 1524//1524 1561//1561
f 1818//1818 1817//1817 1524//1524
f 1575//1575 1560//1560 1585//1585
f 1776//1776 1818//1818 1561//1561
f 1598//1598 1575//1575 1585//1585
f 1566//1566 1494//1494 1562//1562
f 1566//1566 1573//1573 1494//1494
f 1590//1590 1583//1583 1575//1575
f 1621//1621 1564//1564 1602//1602
f 1565//1565 1536//1536 1532//1532
f 1579//1579 1571//1571 1551//1551
f 1565//1565 1532//1532 1403//1403
f 1583//1583 1608//1608 1552//1552
f 1626//1626 1567//1567 1568//1568
f 1626//1626 1568//1568 1569//1569
f 1580//1580 1585//1585 1570//1570
f 1619//1619 1573//1573 1566//1566
f 1580//1580 1570//1570 1571//1571
f 1572//1572 1549//1549 1567//1567
f 1572//1572 1563//1563 1549//1549
f 1574//1574 1612//1612 1527//1527
f 1581//1581 1556//1556 1564//1564
f 1581//1581 1551//1551 1556//1556
f 1615//1615 1575//1575 1598//1598
f 1816//1816 1892//1892 1765//1765
f 1615//1615 1590//1590 1575//1575
f 1618//1618 1482//1482 1982//1982
f 1578//1578 1571//1571 1579//1579
f 1578//1578 1580//1580 1571//1571
f 1671//1671 1619//1619 1566//1566
f 1621//1621 1581//1581 1564//1564
f 1582//1582 1488//1488 1539//1539
f 1601//1601 1581//1581 1621//1621
f 1616//1616 1608//1608 1583//1583
f 1616//1616 1583//1583 1590//1590
f 1587//1587 1561//1561 1584//1584
f 1587//1587 1584//1584 1588//1588
f 1587//1587 1776//1776 1561//1561
f 1586//1586 1585//1585 1580//1580
f 1586//1586 1598//1598 1585//1585
f 1612//1612 1538//1538 1760//1760
f 1606//1606 1602//1602 1554//1554
f 1989//1989 1618//1618 1982//1982
f 1600//1600 1581//1581 1601//1601
f 1632//1632 1587//1587 1588//1588
f 1589//1589 1488//1488 1582//1582
f 1600//1600 1551//1551 1581//1581
f 1623//1623 1626//1626 1569//1569
f 1613//1613 1602//1602 1606//1606
f 1626//1626 1572//1572 1567//1567
f 1642//1642 1760//1760 1614//1614
f 1642//1642 1612//1612 1760//1760
f 1591//1591 1590//1590 1615//1615
f 1592//1592 1563//1563 1572//1572
f 1592//1592 1632//1632 1588//1588
f 1592//1592 1588//1588 1563//1563
f 1622//1622 1616//1616 1590//1590
f 1609//1609 1579//1579 1551//1551
f 1825//1825 1892//1892 1816//1816
f 1609//1609 1551//1551 1600//1600
f 1595//1595 1580//1580 1578//1578
f 1593//1593 2172//2172 1453//1453
f 1595//1595 1586//1586 1580//1580
f 1593//1593 1565//1565 1403//1403
f 1593//1593 1453//1453 1565//1565
f 1826//1826 1816//1816 1594//1594
f 1596//1596 1586//1586 1595//1595
f 1826//1826 1825//1825 1816//1816
f 1596//1596 1598//1598 1586//1586
f 1617//1617 1525//1525 1597//1597
f 1596//1596 1615//1615 1598//1598
f 1612//1612 1574//1574 1538//1538
f 1634//1634 1602//1602 1613//1613
f 1620//1620 1553//1553 1985//1985
f 1634//1634 1621//1621 1602//1602
f 1620//1620 1819//1819 1553//1553
f 1654//1654 1603//1603 1530//1530
f 1605//1605 1613//1613 1606//1606
f 1654//1654 1530//1530 1604//1604
f 1605//1605 1606//1606 1643//1643
f 1648//1648 1576//1576 1577//1577
f 1622//1622 1590//1590 1591//1591
f 1607//1607 1640//1640 2172//2172
f 1607//1607 2172//2172 1593//1593
f 1607//1607 1404//1404 1640//1640
f 1607//1607 1403//1403 1404//1404
f 1607//1607 1593//1593 1403//1403
f 1610//1610 2508//2508 1608//1608
f 1831//1831 1980//1980 1965//1965
f 1639//1639 1600//1600 1601//1601
f 1639//1639 1609//1609 1600//1600
f 1638//1638 1622//1622 1591//1591
f 1647//1647 1613//1613 1605//1605
f 1637//1637 1626//1626 1623//1623
f 1619//1619 1577//1577 1573//1573
f 1627//1627 1592//1592 1572//1572
f 1610//1610 1608//1608 1616//1616
f 1627//1627 1572//1572 1626//1626
f 1644//1644 1632//1632 1592//1592
f 1611//1611 1596//1596 1595//1595
f 1642//1642 1401//1401 1612//1612
f 1636//1636 1555//1555 1603//1603
f 1636//1636 1927//1927 1555//1555
f 1482//1482 1618//1618 1455//1455
f 1629//1629 1579//1579 1609//1609
f 1629//1629 1578//1578 1579//1579
f 1625//1625 1591//1591 1615//1615
f 1625//1625 1615//1615 1596//1596
f 1401//1401 1614//1614 1599//1599
f 1724//1724 1597//1597 1690//1690
f 1647//1647 1634//1634 1613//1613
f 1724//1724 1617//1617 1597//1597
f 1657//1657 1634//1634 1647//1647
f 1778//1778 1776//1776 1587//1587
f 1778//1778 1587//1587 1632//1632
f 1635//1635 1621//1621 1634//1634
f 1662//1662 1401//1401 1599//1599
f 1635//1635 1601//1601 1621//1621
f 1703//1703 1616//1616 1622//1622
f 1967//1967 1623//1623 1819//1819
f 1967//1967 1637//1637 1623//1623
f 1624//1624 1596//1596 1611//1611
f 1624//1624 1625//1625 1596//1596
f 1637//1637 1627//1627 1626//1626
f 1628//1628 1644//1644 1592//1592
f 1630//1630 1629//1629 1609//1609
f 1630//1630 1609//1609 1639//1639
f 1628//1628 1592//1592 1627//1627
f 1641//1641 1595//1595 1578//1578
f 1641//1641 1611//1611 1595//1595
f 1641//1641 1578//1578 1629//1629
f 1631//1631 1778//1778 1632//1632
f 1633//1633 1638//1638 1591//1591
f 1631//1631 1632//1632 1644//1644
f 1633//1633 1591//1591 1625//1625
f 1659//1659 1635//1635 1634//1634
f 1659//1659 1634//1634 1657//1657
f 1704//1704 1703//1703 1622//1622
f 1924//1924 1525//1525 1617//1617
f 1704//1704 1622//1622 1638//1638
f 1955//1955 1636//1636 1603//1603
f 1652//1652 1704//1704 1638//1638
f 1652//1652 1638//1638 1633//1633
f 1653//1653 1633//1633 1625//1625
f 1653//1653 1625//1625 1624//1624
f 1656//1656 1628//1628 1627//1627
f 1401//1401 1642//1642 1614//1614
f 1635//1635 1639//1639 1601//1601
f 1640//1640 1488//1488 1589//1589
f 1654//1654 1955//1955 1603//1603
f 1678//1678 1641//1641 1629//1629
f 1640//1640 1404//1404 1488//1488
f 1678//1678 1629//1629 1630//1630
f 1668//1668 1401//1401 1662//1662
f 1656//1656 1637//1637 3111//3111
f 1656//1656 1627//1627 1637//1637
f 1680//1680 1576//1576 1648//1648
f 1643//1643 1647//1647 1605//1605
f 1680//1680 1604//1604 1576//1576
f 1650//1650 1641//1641 1678//1678
f 1650//1650 1611//1611 1641//1641
f 1658//1658 1647//1647 1643//1643
f 1689//1689 1644//1644 1628//1628
f 1689//1689 1631//1631 1644//1644
f 1664//1664 1639//1639 1635//1635
f 1852//1852 1594//1594 1815//1815
f 1852//1852 1815//1815 1646//1646
f 1852//1852 1826//1826 1594//1594
f 1674//1674 1635//1635 1659//1659
f 1673//1673 1643//1643 3493//3493
f 1673//1673 1658//1658 1643//1643
f 1849//1849 1852//1852 1646//1646
f 1668//1668 1645//1645 1401//1401
f 1675//1675 1577//1577 1619//1619
f 1658//1658 1657//1657 1647//1647
f 1692//1692 1664//1664 1635//1635
f 1692//1692 1635//1635 1674//1674
f 1685//1685 1650//1650 1678//1678
f 1724//1724 1924//1924 1617//1617
f 1702//1702 1689//1689 1628//1628
f 1702//1702 1628//1628 1656//1656
f 1651//1651 1611//1611 1650//1650
f 1651//1651 1624//1624 1611//1611
f 1763//1763 1652//1652 1633//1633
f 1763//1763 1633//1633 1653//1653
f 1655//1655 1658//1658 1673//1673
f 1666//1666 1639//1639 1664//1664
f 1666//1666 1630//1630 1639//1639
f 1693//1693 1702//1702 1656//1656
f 1966//1966 1831//1831 1965//1965
f 1693//1693 1656//1656 3111//3111
f 1670//1670 1649//1649 1770//1770
f 1669//1669 1659//1659 1657//1657
f 1669//1669 1674//1674 1659//1659
f 1669//1669 1657//1657 1658//1658
f 1660//1660 1650//1650 1685//1685
f 1660//1660 1651//1651 1650//1650
f 1661//1661 1763//1763 1653//1653
f 1663//1663 1653//1653 1624//1624
f 1663//1663 1624//1624 1651//1651
f 1663//1663 1661//1661 1653//1653
f 1665//1665 1664//1664 1692//1692
f 1665//1665 1666//1666 1664//1664
f 1667//1667 1630//1630 1666//1666
f 1667//1667 1678//1678 1630//1630
f 1649//1649 1668//1668 1662//1662
f 1707//1707 1671//1671 1566//1566
f 1649//1649 1645//1645 1668//1668
f 1707//1707 1566//1566 1801//1801
f 1655//1655 1669//1669 1658//1658
f 1670//1670 1679//1679 1645//1645
f 1670//1670 1645//1645 1649//1649
f 1683//1683 1663//1663 1651//1651
f 1707//1707 1619//1619 1671//1671
f 1850//1850 1849//1849 1646//1646
f 1683//1683 1651//1651 1660//1660
f 1850//1850 1646//1646 1822//1822
f 1672//1672 1674//1674 1669//1669
f 1672//1672 1669//1669 1655//1655
f 1721//1721 1604//1604 1680//1680
f 1872//1872 1822//1822 1687//1687
f 1872//1872 1850//1850 1822//1822
f 1691//1691 1673//1673 3493//3493
f 1681//1681 1674//1674 1672//1672
f 1681//1681 1692//1692 1674//1674
f 1676//1676 1770//1770 1870//1870
f 1677//1677 1666//1666 1665//1665
f 1780//1780 1577//1577 1675//1675
f 1677//1677 1667//1667 1666//1666
f 1676//1676 1670//1670 1770//1770
f 1697//1697 1667//1667 1677//1677
f 1697//1697 1678//1678 1667//1667
f 1697//1697 1685//1685 1678//1678
f 1691//1691 1655//1655 1673//1673
f 1679//1679 1670//1670 1676//1676
f 1717//1717 1672//1672 1655//1655
f 1750//1750 1672//1672 1717//1717
f 1750//1750 1681//1681 1672//1672
f 1682//1682 1661//1661 1663//1663
f 1682//1682 1663//1663 1683//1683
f 1709//1709 1697//1697 1677//1677
f 1684//1684 1683//1683 1660//1660
f 1684//1684 1685//1685 1697//1697
f 1684//1684 1660//1660 1685//1685
f 1686//1686 1687//1687 1688//1688
f 1718//1718 3493//3493 3490//3490
f 1718//1718 1691//1691 3493//3493
f 1686//1686 1872//1872 1687//1687
f 1695//1695 1686//1686 1688//1688
f 1701//1701 1689//1689 1702//1702
f 1738//1738 1690//1690 1740//1740
f 1738//1738 1724//1724 1690//1690
f 1706//1706 2508//2508 1610//1610
f 1706//1706 1610//1610 1616//1616
f 1713//1713 1655//1655 1691//1691
f 1723//1723 1691//1691 1718//1718
f 1723//1723 1713//1713 1691//1691
f 1696//1696 1679//1679 1676//1676
f 1732//1732 1717//1717 1655//1655
f 1732//1732 1655//1655 1713//1713
f 1710//1710 1692//1692 1681//1681
f 1710//1710 1665//1665 1692//1692
f 1694//1694 1695//1695 1701//1701
f 1714//1714 1616//1616 1703//1703
f 1714//1714 1706//1706 1616//1616
f 1828//1828 1682//1682 1683//1683
f 1696//1696 1708//1708 1679//1679
f 1755//1755 1697//1697 1709//1709
f 1755//1755 1684//1684 1697//1697
f 1897//1897 1702//1702 1693//1693
f 1698//1698 1683//1683 1684//1684
f 1698//1698 1828//1828 1683//1683
f 1898//1898 3111//3111 1699//1699
f 1898//1898 1693//1693 3111//3111
f 1898//1898 1897//1897 1693//1693
f 1700//1700 1701//1701 1702//1702
f 1769//1769 1604//1604 1721//1721
f 1700//1700 1694//1694 1701//1701
f 1749//1749 1681//1681 1750//1750
f 1749//1749 1710//1710 1681//1681
f 1700//1700 1702//1702 1897//1897
f 1769//1769 1654//1654 1604//1604
f 1946//1946 1714//1714 1703//1703
f 1764//1764 1648//1648 1577//1577
f 1946//1946 1703//1703 1704//1704
f 1764//1764 1577//1577 1780//1780
f 1706//1706 1705//1705 2508//2508
f 1807//1807 1619//1619 1707//1707
f 1745//1745 1713//1713 1723//1723
f 1856//1856 1708//1708 1696//1696
f 1728//1728 1677//1677 1665//1665
f 1728//1728 1709//1709 1677//1677
f 1728//1728 1665//1665 1710//1710
f 1807//1807 1675//1675 1619//1619
f 1712//1712 1856//1856 1715//1715
f 1712//1712 1711//1711 1708//1708
f 1712//1712 1708//1708 1856//1856
f 1745//1745 1732//1732 1713//1713
f 1715//1715 1711//1711 1712//1712
f 1880//1880 1955//1955 1654//1654
f 1714//1714 1705//1705 1706//1706
f 1857//1857 1711//1711 1715//1715
f 1857//1857 1882//1882 1716//1716
f 1732//1732 1750//1750 1717//1717
f 1719//1719 1857//1857 1716//1716
f 1719//1719 1720//1720 1857//1857
f 1775//1775 1698//1698 1684//1684
f 1775//1775 1684//1684 1755//1755
f 1909//1909 1720//1720 1719//1719
f 1771//1771 1710//1710 1749//1749
f 1771//1771 1728//1728 1710//1710
f 1906//1906 1720//1720 1909//1909
f 1947//1947 1704//1704 1652//1652
f 1907//1907 1720//1720 1906//1906
f 1908//1908 1720//1720 1907//1907
f 1947//1947 1946//1946 1704//1704
f 1722//1722 1652//1652 1763//1763
f 1908//1908 1910//1910 1720//1720
f 1722//1722 1947//1947 1652//1652
f 1956//1956 1529//1529 1861//1861
f 1757//1757 1723//1723 1718//1718
f 1757//1757 1718//1718 3490//3490
f 1758//1758 1745//1745 1723//1723
f 1758//1758 1723//1723 1757//1757
f 1925//1925 1724//1724 1738//1738
f 1946//1946 1705//1705 1714//1714
f 1725//1725 2180//2180 1741//1741
f 1725//1725 2026//2026 2089//2089
f 1725//1725 2009//2009 2026//2026
f 1782//1782 1726//1726 1786//1786
f 1727//1727 1709//1709 1728//1728
f 1782//1782 1729//1729 2268//2268
f 1751//1751 1750//1750 1732//1732
f 1737//1737 1736//1736 1730//1730
f 1737//1737 1730//1730 1795//1795
f 1784//1784 1732//1732 1745//1745
f 1737//1737 1731//1731 1735//1735
f 1737//1737 2156//2156 1731//1731
f 1811//1811 1751//1751 1732//1732
f 1811//1811 1732//1732 1784//1784
f 1733//1733 1782//1782 1786//1786
f 1733//1733 1729//1729 1782//1782
f 1733//1733 2300//2300 1734//1734
f 1733//1733 1734//1734 1729//1729
f 1733//1733 1786//1786 1741//1741
f 1810//1810 1727//1727 1728//1728
f 1743//1743 1737//1737 1735//1735
f 1743//1743 2274//2274 1736//1736
f 1810//1810 1728//1728 1771//1771
f 1743//1743 1736//1736 1737//1737
f 1743//1743 1735//1735 1744//1744
f 1791//1791 3490//3490 1830//1830
f 1926//1926 1738//1738 1740//1740
f 1926//1926 1925//1925 1738//1738
f 1739//1739 1733//1733 1741//1741
f 1739//1739 1486//1486 2300//2300
f 1926//1926 1740//1740 1927//1927
f 1739//1739 2300//2300 1733//1733
f 1739//1739 1741//1741 2179//2179
f 1802//1802 2304//2304 2275//2275
f 1802//1802 2274//2274 1743//1743
f 1845//1845 1828//1828 1698//1698
f 1802//1802 2275//2275 2274//2274
f 1802//1802 1744//1744 1742//1742
f 1845//1845 1698//1698 1775//1775
f 1802//1802 1742//1742 2221//2221
f 1802//1802 1743//1743 1744//1744
f 1752//1752 2179//2179 2197//2197
f 1974//1974 1947//1947 1722//1722
f 1752//1752 1446//1446 2288//2288
f 1752//1752 2288//2288 1486//1486
f 1752//1752 1486//1486 1739//1739
f 1752//1752 1739//1739 2179//2179
f 1919//1919 1654//1654 1769//1769
f 1752//1752 2197//2197 1746//1746
f 1919//1919 1880//1880 1654//1654
f 1753//1753 1747//1747 1748//1748
f 1773//1773 1749//1749 1750//1750
f 1753//1753 1538//1538 1491//1491
f 1753//1753 1528//1528 1446//1446
f 1773//1773 1750//1750 1751//1751
f 1753//1753 1491//1491 1528//1528
f 1753//1753 1746//1746 2240//2240
f 1933//1933 1648//1648 1764//1764
f 1753//1753 2240//2240 1747//1747
f 1933//1933 1721//1721 1680//1680
f 1753//1753 1446//1446 1752//1752
f 1753//1753 1752//1752 1746//1746
f 1754//1754 1775//1775 1755//1755
f 1754//1754 1709//1709 1727//1727
f 1761//1761 1538//1538 1753//1753
f 1933//1933 1680//1680 1648//1648
f 1761//1761 1760//1760 1538//1538
f 1754//1754 1755//1755 1709//1709
f 1761//1761 1753//1753 1748//1748
f 1761//1761 1748//1748 2272//2272
f 1823//1823 3490//3490 1791//1791
f 1823//1823 1757//1757 3490//3490
f 1766//1766 1756//1756 2291//2291
f 1766//1766 2291//2291 1762//1762
f 1823//1823 1758//1758 1757//1757
f 1766//1766 1765//1765 1534//1534
f 1758//1758 1784//1784 1745//1745
f 1759//1759 2273//2273 2328//2328
f 1759//1759 1599//1599 1614//1614
f 1759//1759 1614//1614 1760//1760
f 1759//1759 1760//1760 1761//1761
f 1759//1759 2272//2272 2273//2273
f 1759//1759 1761//1761 2272//2272
f 1988//1988 1763//1763 1661//1661
f 1767//1767 1766//1766 1762//1762
f 1988//1988 1722//1722 1763//1763
f 1767//1767 1816//1816 1765//1765
f 1767//1767 1765//1765 1766//1766
f 1767//1767 1762//1762 1459//1459
f 1803//1803 1727//1727 1810//1810
f 1768//1768 1662//1662 1599//1599
f 1768//1768 2328//2328 2327//2327
f 1803//1803 1754//1754 1727//1727
f 1768//1768 1649//1649 1662//1662
f 1768//1768 1599//1599 1759//1759
f 1768//1768 1759//1759 2328//2328
f 1944//1944 1675//1675 1807//1807
f 1768//1768 1770//1770 1649//1649
f 1867//1867 1770//1770 1768//1768
f 1912//1912 1845//1845 1775//1775
f 1772//1772 1771//1771 1749//1749
f 1772//1772 1749//1749 1773//1773
f 1774//1774 1775//1775 1754//1754
f 1774//1774 1912//1912 1775//1775
f 1777//1777 1695//1695 1688//1688
f 1777//1777 1631//1631 1689//1689
f 1777//1777 1701//1701 1695//1695
f 1777//1777 1776//1776 1778//1778
f 1777//1777 1688//1688 1687//1687
f 1777//1777 1689//1689 1701//1701
f 1777//1777 1778//1778 1631//1631
f 1838//1838 1773//1773 1751//1751
f 1838//1838 1751//1751 1811//1811
f 1827//1827 1988//1988 1661//1661
f 1827//1827 1661//1661 1682//1682
f 1944//1944 1780//1780 1675//1675
f 1824//1824 1758//1758 1823//1823
f 1970//1970 1861//1861 1608//1608
f 1798//1798 1758//1758 1824//1824
f 1798//1798 1784//1784 1758//1758
f 1783//1783 1864//1864 2059//2059
f 1988//1988 1974//1974 1722//1722
f 1781//1781 1726//1726 1782//1782
f 1781//1781 1783//1783 2059//2059
f 1798//1798 1811//1811 1784//1784
f 1781//1781 1782//1782 1783//1783
f 1781//1781 2059//2059 1726//1726
f 1785//1785 2105//2105 1883//1883
f 1785//1785 1786//1786 2105//2105
f 1785//1785 2009//2009 1725//1725
f 1785//1785 1725//1725 1741//1741
f 1785//1785 1741//1741 1786//1786
f 1785//1785 1918//1918 2009//2009
f 1785//1785 1883//1883 1918//1918
f 1835//1835 1774//1774 1754//1754
f 1787//1787 2089//2089 2123//2123
f 1787//1787 1725//1725 2089//2089
f 1835//1835 1754//1754 1803//1803
f 1793//1793 1787//1787 2123//2123
f 1840//1840 1810//1810 1771//1771
f 1793//1793 2156//2156 1737//1737
f 1840//1840 1771//1771 1772//1772
f 1793//1793 2123//2123 2156//2156
f 1793//1793 1725//1725 1787//1787
f 1788//1788 1840//1840 1772//1772
f 1788//1788 1772//1772 1773//1773
f 1788//1788 1773//1773 1838//1838
f 1812//1812 1811//1811 1798//1798
f 1790//1790 1461//1461 2169//2169
f 1789//1789 2180//2180 1725//1725
f 1789//1789 1725//1725 1793//1793
f 1790//1790 2268//2268 1461//1461
f 1830//1830 1823//1823 1791//1791
f 1790//1790 1782//1782 2268//2268
f 1792//1792 1795//1795 1794//1794
f 1792//1792 1793//1793 1737//1737
f 1792//1792 1789//1789 1793//1793
f 1792//1792 1794//1794 1789//1789
f 1834//1834 1823//1823 1830//1830
f 1792//1792 1737//1737 1795//1795
f 1796//1796 1802//1802 2221//2221
f 1796//1796 2221//2221 2234//2234
f 1796//1796 2234//2234 1797//1797
f 1797//1797 1756//1756 1766//1766
f 1806//1806 1797//1797 1766//1766
f 1885//1885 1798//1798 1824//1824
f 1932//1932 1721//1721 1933//1933
f 1806//1806 1796//1796 1797//1797
f 1885//1885 1812//1812 1798//1798
f 1806//1806 1802//1802 1796//1796
f 1799//1799 1800//1800 2304//2304
f 1799//1799 1808//1808 1800//1800
f 1799//1799 1802//1802 1806//1806
f 1805//1805 1835//1835 1803//1803
f 1799//1799 2304//2304 1802//1802
f 1804//1804 1534//1534 1808//1808
f 1805//1805 1810//1810 1840//1840
f 1804//1804 1766//1766 1534//1534
f 1804//1804 1806//1806 1766//1766
f 1804//1804 1799//1799 1806//1806
f 1961//1961 1807//1807 1707//1707
f 1804//1804 1808//1808 1799//1799
f 1809//1809 1767//1767 1459//1459
f 1805//1805 1803//1803 1810//1810
f 1809//1809 1813//1813 1501//1501
f 1961//1961 1707//1707 1801//1801
f 1859//1859 1838//1838 1811//1811
f 1859//1859 1811//1811 1812//1812
f 1809//1809 1459//1459 1813//1813
f 1814//1814 1816//1816 1767//1767
f 1814//1814 1815//1815 1594//1594
f 1839//1839 1840//1840 1788//1788
f 1814//1814 1594//1594 1816//1816
f 1814//1814 1767//1767 1809//1809
f 1841//1841 1817//1817 1818//1818
f 1841//1841 1818//1818 1776//1776
f 1841//1841 1776//1776 1777//1777
f 1871//1871 1926//1926 1927//1927
f 1620//1620 1967//1967 1819//1819
f 1851//1851 1823//1823 1834//1834
f 1820//1820 1774//1774 1835//1835
f 1820//1820 1912//1912 1774//1774
f 1821//1821 1777//1777 1687//1687
f 1821//1821 1841//1841 1777//1777
f 2006//2006 1780//1780 1944//1944
f 1821//1821 1687//1687 1822//1822
f 1821//1821 1822//1822 1646//1646
f 1851//1851 1824//1824 1823//1823
f 1865//1865 1825//1825 1826//1826
f 1854//1854 1833//1833 1865//1865
f 1854//1854 1865//1865 1826//1826
f 1847//1847 1827//1827 1682//1682
f 1854//1854 1826//1826 1852//1852
f 1847//1847 1682//1682 1828//1828
f 1862//1862 1830//1830 1829//1829
f 1862//1862 1834//1834 1830//1830
f 1853//1853 1833//1833 1854//1854
f 1853//1853 1832//1832 1833//1833
f 1862//1862 1851//1851 1834//1834
f 1855//1855 1856//1856 1696//1696
f 1881//1881 1820//1820 1835//1835
f 1855//1855 1696//1696 1832//1832
f 1855//1855 1832//1832 1853//1853
f 1836//1836 1835//1835 1805//1805
f 1836//1836 1881//1881 1835//1835
f 1837//1837 1838//1838 1859//1859
f 1837//1837 1788//1788 1838//1838
f 1837//1837 1839//1839 1788//1788
f 1890//1890 1790//1790 2169//2169
f 1890//1890 1782//1782 1790//1790
f 1896//1896 1840//1840 1839//1839
f 1890//1890 1783//1783 1782//1782
f 1896//1896 1805//1805 1840//1840
f 1842//1842 1501//1501 1817//1817
f 1860//1860 1812//1812 1885//1885
f 1842//1842 1817//1817 1841//1841
f 1860//1860 1859//1859 1812//1812
f 1842//1842 1809//1809 1501//1501
f 1844//1844 1841//1841 1821//1821
f 1843//1843 1847//1847 1828//1828
f 1844//1844 1809//1809 1842//1842
f 1844//1844 1842//1842 1841//1841
f 1843//1843 1828//1828 1845//1845
f 1844//1844 1814//1814 1809//1809
f 1961//1961 1801//1801 3465//3465
f 1846//1846 1892//1892 1825//1825
f 1846//1846 1825//1825 1865//1865
f 1848//1848 1844//1844 1821//1821
f 1848//1848 1814//1814 1844//1844
f 1848//1848 1646//1646 1815//1815
f 1848//1848 1815//1815 1814//1814
f 1848//1848 1821//1821 1646//1646
f 1886//1886 1851//1851 1862//1862
f 1875//1875 1852//1852 1849//1849
f 1875//1875 1849//1849 1850//1850
f 1876//1876 1824//1824 1851//1851
f 1875//1875 1854//1854 1852//1852
f 1886//1886 1876//1876 1851//1851
f 1869//1869 1832//1832 1696//1696
f 1869//1869 1676//1676 1870//1870
f 1869//1869 1696//1696 1676//1676
f 1891//1891 1824//1824 1876//1876
f 1874//1874 1853//1853 1854//1854
f 1891//1891 1885//1885 1824//1824
f 1874//1874 1855//1855 1853//1853
f 1877//1877 1839//1839 1837//1837
f 1874//1874 1854//1854 1875//1875
f 1941//1941 2287//2287 1966//1966
f 1879//1879 1855//1855 1874//1874
f 1879//1879 1882//1882 1857//1857
f 1879//1879 1856//1856 1855//1855
f 1879//1879 1715//1715 1856//1856
f 1858//1858 1805//1805 1896//1896
f 1879//1879 1857//1857 1715//1715
f 1858//1858 1836//1836 1805//1805
f 1917//1917 1859//1859 1860//1860
f 1917//1917 1877//1877 1837//1837
f 1917//1917 1837//1837 1859//1859
f 1894//1894 1862//1862 1829//1829
f 1970//1970 1608//1608 2508//2508
f 1888//1888 1783//1783 1890//1890
f 1888//1888 1864//1864 1783//1783
f 1863//1863 1847//1847 1843//1843
f 1888//1888 1926//1926 1871//1871
f 1889//1889 1769//1769 1721//1721
f 1888//1888 1871//1871 1864//1864
f 1889//1889 1721//1721 1932//1932
f 1894//1894 1886//1886 1862//1862
f 2005//2005 1780//1780 2006//2006
f 2005//2005 1764//1764 1780//1780
f 1866//1866 1865//1865 1833//1833
f 1866//1866 1846//1846 1865//1865
f 1866//1866 1833//1833 1867//1867
f 1866//1866 1892//1892 1846//1846
f 1911//1911 1876//1876 1886//1886
f 1868//1868 1896//1896 1839//1839
f 1870//1870 1832//1832 1869//1869
f 1870//1870 1867//1867 1833//1833
f 1870//1870 1770//1770 1867//1867
f 1870//1870 1833//1833 1832//1832
f 1868//1868 1839//1839 1877//1877
f 1873//1873 1875//1875 1850//1850
f 1873//1873 1872//1872 1686//1686
f 1873//1873 1874//1874 1875//1875
f 1911//1911 1891//1891 1876//1876
f 1873//1873 1850//1850 1872//1872
f 1905//1905 1874//1874 1873//1873
f 1935//1935 1877//1877 1917//1917
f 1901//1901 1836//1836 1858//1858
f 1878//1878 1882//1882 1879//1879
f 1878//1878 1879//1879 1874//1874
f 1883//1883 1880//1880 1919//1919
f 1901//1901 1881//1881 1836//1836
f 1878//1878 1716//1716 1882//1882
f 1884//1884 1860//1860 1885//1885
f 1878//1878 1719//1719 1716//1716
f 1878//1878 1874//1874 1905//1905
f 1884//1884 1885//1885 1891//1891
f 1887//1887 1886//1886 1894//1894
f 1961//1961 1944//1944 1807//1807
f 1887//1887 1911//1911 1886//1886
f 1922//1922 1888//1888 1890//1890
f 2034//2034 1863//1863 1843//1843
f 2034//2034 1843//1843 1845//1845
f 1922//1922 1890//1890 2130//2130
f 1922//1922 2130//2130 2133//2133
f 2034//2034 1845//1845 1912//1912
f 1939//1939 1891//1891 1911//1911
f 1893//1893 1892//1892 1866//1866
f 1893//1893 1916//1916 1892//1892
f 1921//1921 1829//1829 3489//3489
f 1921//1921 1894//1894 1829//1829
f 1895//1895 1905//1905 1873//1873
f 1895//1895 1686//1686 1695//1695
f 1921//1921 1887//1887 1894//1894
f 1931//1931 1858//1858 1896//1896
f 1895//1895 1873//1873 1686//1686
f 1931//1931 1896//1896 1868//1868
f 1900//1900 1694//1694 1700//1700
f 1900//1900 1897//1897 1898//1898
f 1900//1900 1898//1898 1699//1699
f 1899//1899 1868//1868 1877//1877
f 1899//1899 1931//1931 1868//1868
f 1900//1900 1905//1905 1895//1895
f 1899//1899 1877//1877 1935//1935
f 1900//1900 1695//1695 1694//1694
f 1900//1900 1700//1700 1897//1897
f 1900//1900 1895//1895 1695//1695
f 1902//1902 1901//1901 1858//1858
f 1902//1902 1858//1858 1931//1931
f 1903//1903 1719//1719 1878//1878
f 1903//1903 1878//1878 1905//1905
f 1903//1903 1909//1909 1719//1719
f 1904//1904 1860//1860 1884//1884
f 1904//1904 1917//1917 1860//1860
f 1909//1909 1903//1903 1905//1905
f 1918//1918 1883//1883 1919//1919
f 1909//1909 1905//1905 1900//1900
f 1909//1909 1907//1907 1906//1906
f 1909//1909 1908//1908 1907//1907
f 1909//1909 1699//1699 1910//1910
f 1909//1909 1910//1910 1908//1908
f 1957//1957 1884//1884 1891//1891
f 1909//1909 1900//1900 1699//1699
f 1989//1989 2091//2091 1618//1618
f 1957//1957 1891//1891 1939//1939
f 1913//1913 1911//1911 1887//1887
f 2069//2069 1831//1831 1966//1966
f 1953//1953 1912//1912 1820//1820
f 1953//1953 2034//2034 1912//1912
f 1914//1914 1924//1924 1922//1922
f 1923//1923 1887//1887 1921//1921
f 1964//1964 1911//1911 1913//1913
f 2174//2174 1914//1914 1922//1922
f 2174//2174 1922//1922 2133//2133
f 1964//1964 1939//1939 1911//1911
f 1915//1915 1867//1867 1768//1768
f 1915//1915 1473//1473 1916//1916
f 1915//1915 1916//1916 1893//1893
f 1923//1923 1913//1913 1887//1887
f 1915//1915 2327//2327 1473//1473
f 1915//1915 1866//1866 1867//1867
f 1915//1915 1768//1768 2327//2327
f 1930//1930 1931//1931 1899//1899
f 1915//1915 1893//1893 1866//1866
f 1943//1943 1935//1935 1917//1917
f 1943//1943 1917//1917 1904//1904
f 1940//1940 1918//1918 1919//1919
f 1920//1920 1904//1904 1884//1884
f 1940//1940 1769//1769 1889//1889
f 1940//1940 1919//1919 1769//1769
f 1920//1920 1884//1884 1957//1957
f 1938//1938 1525//1525 1924//1924
f 1938//1938 1924//1924 1914//1914
f 1925//1925 1922//1922 1924//1924
f 1950//1950 1923//1923 1921//1921
f 1925//1925 1924//1924 1724//1724
f 1925//1925 1888//1888 1922//1922
f 1929//1929 1636//1636 1955//1955
f 1950//1950 1921//1921 3489//3489
f 1925//1925 1926//1926 1888//1888
f 1929//1929 1927//1927 1636//1636
f 1929//1929 1871//1871 1927//1927
f 1928//1928 2034//2034 1953//1953
f 1942//1942 1913//1913 1923//1923
f 2022//2022 1931//1931 1930//1930
f 2022//2022 1902//1902 1931//1931
f 2027//2027 1764//1764 2005//2005
f 1936//1936 1959//1959 1937//1937
f 2027//2027 1933//1933 1764//1764
f 1934//1934 1935//1935 1943//1943
f 1936//1936 1525//1525 1938//1938
f 2027//2027 1932//1932 1933//1933
f 1936//1936 1526//1526 1525//1525
f 1934//1934 1899//1899 1935//1935
f 1934//1934 1930//1930 1899//1899
f 1936//1936 1937//1937 1526//1526
f 1948//1948 1936//1936 1938//1938
f 1962//1962 1939//1939 1964//1964
f 1962//1962 1957//1957 1939//1939
f 1942//1942 1964//1964 1913//1913
f 1941//1941 2149//2149 1993//1993
f 1992//1992 1943//1943 1904//1904
f 1992//1992 1904//1904 1920//1920
f 2041//2041 1944//1944 1961//1961
f 1949//1949 1923//1923 1950//1950
f 1949//1949 1942//1942 1923//1923
f 1945//1945 1705//1705 1946//1946
f 1945//1945 1974//1974 1705//1705
f 1945//1945 1946//1946 1947//1947
f 1974//1974 1945//1945 1947//1947
f 2287//2287 2069//2069 1966//1966
f 1983//1983 1950//1950 3489//3489
f 1983//1983 3489//3489 3487//3487
f 1959//1959 1936//1936 1948//1948
f 1983//1983 1949//1949 1950//1950
f 1959//1959 1958//1958 1951//1951
f 2041//2041 2006//2006 1944//1944
f 1966//1966 1948//1948 1941//1941
f 1977//1977 1820//1820 1881//1881
f 1954//1954 1948//1948 1938//1938
f 1977//1977 1928//1928 1953//1953
f 1954//1954 2174//2174 2149//2149
f 1954//1954 1914//1914 2174//2174
f 1952//1952 1955//1955 1880//1880
f 1977//1977 1953//1953 1820//1820
f 1954//1954 1938//1938 1914//1914
f 1952//1952 1929//1929 1955//1955
f 1954//1954 1941//1941 1948//1948
f 1954//1954 2149//2149 1941//1941
f 1976//1976 1930//1930 1934//1934
f 1956//1956 1779//1779 1529//1529
f 2028//2028 1930//1930 1976//1976
f 2028//2028 2022//2022 1930//1930
f 1971//1971 1920//1920 1957//1957
f 1971//1971 1957//1957 1962//1962
f 1991//1991 1976//1976 1934//1934
f 1958//1958 2281//2281 2285//2285
f 1991//1991 1943//1943 1992//1992
f 1991//1991 1934//1934 1943//1943
f 1968//1968 1977//1977 1881//1881
f 1968//1968 1881//1881 1901//1901
f 1960//1960 1975//1975 1958//1958
f 1969//1969 1942//1942 1949//1949
f 1960//1960 1959//1959 1948//1948
f 1960//1960 1948//1948 1966//1966
f 1960//1960 1958//1958 1959//1959
f 1994//1994 1962//1962 1964//1964
f 1963//1963 1960//1960 1966//1966
f 1963//1963 1975//1975 1960//1960
f 1994//1994 1964//1964 1942//1942
f 1995//1995 1949//1949 1983//1983
f 1965//1965 1963//1963 1966//1966
f 1995//1995 1969//1969 1949//1949
f 1967//1967 1620//1620 1985//1985
f 2508//2508 1970//1970 1956//1956
f 1779//1779 2508//2508 1956//1956
f 2068//2068 1932//1932 2027//2027
f 1998//1998 1992//1992 1920//1920
f 1998//1998 1920//1920 1971//1971
f 1864//1864 1871//1871 1929//1929
f 1970//1970 1956//1956 1861//1861
f 1972//1972 1974//1974 1988//1988
f 1972//1972 1973//1973 1974//1974
f 1978//1978 1975//1975 1963//1963
f 1997//1997 3465//3465 2056//2056
f 1978//1978 1958//1958 1975//1975
f 1978//1978 2281//2281 1958//1958
f 1997//1997 1961//1961 3465//3465
f 1990//1990 1976//1976 1991//1991
f 1978//1978 1982//1982 2241//2241
f 2066//2066 1977//1977 1968//1968
f 1978//1978 2261//2261 2281//2281
f 1978//1978 1979//1979 2261//2261
f 1978//1978 2241//2241 1979//1979
f 1984//1984 1978//1978 1963//1963
f 1984//1984 1963//1963 1965//1965
f 1984//1984 1965//1965 1980//1980
f 1984//1984 1982//1982 1978//1978
f 1984//1984 1981//1981 1517//1517
f 1984//1984 1470//1470 1982//1982
f 1984//1984 1517//1517 1470//1470
f 1984//1984 1980//1980 1981//1981
f 1967//1967 3111//3111 1637//1637
f 1986//1986 1983//1983 3487//3487
f 3111//3111 1985//1985 1967//1967
f 1986//1986 1995//1995 1983//1983
f 2002//2002 1942//1942 1969//1969
f 1987//1987 1962//1962 1994//1994
f 1987//1987 1971//1971 1962//1962
f 1973//1973 1988//1988 1827//1827
f 1973//1973 1827//1827 1847//1847
f 1973//1973 1972//1972 1988//1988
f 2003//2003 1969//1969 1995//1995
f 2070//2070 2006//2006 2041//2041
f 2012//2012 1990//1990 1991//1991
f 2012//2012 1992//1992 1998//1998
f 2012//2012 1991//1991 1992//1992
f 2001//2001 2028//2028 1976//1976
f 2001//2001 1976//1976 1990//1990
f 2003//2003 2002//2002 1969//1969
f 2185//2185 2287//2287 1941//1941
f 2002//2002 1994//1994 1942//1942
f 1986//1986 2003//2003 1995//1995
f 2016//2016 1997//1997 2056//2056
f 1996//1996 1971//1971 1987//1987
f 1996//1996 1998//1998 1971//1971
f 2010//2010 3487//3487 3485//3485
f 2010//2010 1986//1986 3487//3487
f 2004//2004 1901//1901 1902//1902
f 2004//2004 1968//1968 1901//1901
f 1864//1864 1929//1929 1952//1952
f 1999//1999 1990//1990 2012//2012
f 2013//2013 1996//1996 1987//1987
f 2013//2013 1994//1994 2002//2002
f 2013//2013 1987//1987 1994//1994
f 2000//2000 1990//1990 1999//1999
f 2000//2000 2001//2001 1990//1990
f 2014//2014 2012//2012 1998//1998
f 2014//2014 1998//1998 1996//1996
f 2020//2020 1986//1986 2010//2010
f 2018//2018 2002//2002 2003//2003
f 2004//2004 2066//2066 1968//1968
f 2087//2087 1932//1932 2068//2068
f 2007//2007 2003//2003 1986//1986
f 2087//2087 1889//1889 1932//1932
f 2007//2007 1986//1986 2020//2020
f 2021//2021 2004//2004 1902//1902
f 2021//2021 1902//1902 2022//2022
f 2015//2015 1847//1847 1863//1863
f 2015//2015 1973//1973 1847//1847
f 2071//2071 2005//2005 2006//2006
f 2071//2071 2006//2006 2070//2070
f 2032//2032 1997//1997 2016//2016
f 2015//2015 1407//1407 1973//1973
f 2032//2032 1961//1961 1997//1997
f 2008//2008 1996//1996 2013//2013
f 2023//2023 2010//2010 3485//3485
f 2023//2023 2020//2020 2010//2010
f 2009//2009 1918//1918 1940//1940
f 2011//2011 1999//1999 2012//2012
f 2011//2011 2012//2012 2014//2014
f 2032//2032 2041//2041 1961//1961
f 2019//2019 2002//2002 2018//2018
f 2019//2019 2013//2013 2002//2002
f 2019//2019 2008//2008 2013//2013
f 2017//2017 2003//2003 2007//2007
f 1993//1993 2185//2185 1941//1941
f 1407//1407 2015//2015 1863//1863
f 2042//2042 2007//2007 2020//2020
f 2026//2026 2009//2009 1940//1940
f 2084//2084 2000//2000 1999//1999
f 2042//2042 2017//2017 2007//2007
f 2025//2025 2011//2011 2014//2014
f 2025//2025 2014//2014 1996//1996
f 2025//2025 1996//1996 2008//2008
f 2092//2092 1517//1517 1981//1981
f 2079//2079 2032//2032 2016//2016
f 2091//2091 1989//1989 1517//1517
f 2017//2017 2018//2018 2003//2003
f 2033//2033 2020//2020 2023//2023
f 2045//2045 2008//2008 2019//2019
f 2033//2033 2042//2042 2020//2020
f 2132//2132 2022//2022 2028//2028
f 2132//2132 2021//2021 2022//2022
f 2036//2036 2023//2023 3485//3485
f 2036//2036 3485//3485 2029//2029
f 2036//2036 2033//2033 2023//2023
f 2044//2044 2011//2011 2025//2025
f 2040//2040 2019//2019 2018//2018
f 2024//2024 1952//1952 1880//1880
f 2040//2040 2018//2018 2017//2017
f 2039//2039 2025//2025 2008//2008
f 2039//2039 2008//2008 2045//2045
f 2081//2081 1940//1940 1889//1889
f 2054//2054 2017//2017 2042//2042
f 2081//2081 1889//1889 2087//2087
f 2081//2081 2026//2026 1940//1940
f 2085//2085 1999//1999 2011//2011
f 2038//2038 2027//2027 2005//2005
f 2085//2085 2084//2084 1999//1999
f 2038//2038 2005//2005 2071//2071
f 2060//2060 2028//2028 2001//2001
f 2060//2060 2132//2132 2028//2028
f 2046//2046 2042//2042 2033//2033
f 2030//2030 2033//2033 2036//2036
f 2030//2030 2046//2046 2033//2033
f 2031//2031 2032//2032 2079//2079
f 2031//2031 2041//2041 2032//2032
f 2043//2043 2034//2034 1928//1928
f 2043//2043 1407//1407 1863//1863
f 2043//2043 1863//1863 2034//2034
f 2035//2035 1880//1880 1883//1883
f 2049//2049 2030//2030 2036//2036
f 2049//2049 2036//2036 2029//2029
f 2035//2035 2024//2024 1880//1880
f 2037//2037 2045//2045 2019//2019
f 2037//2037 2019//2019 2040//2040
f 2077//2077 2044//2044 2025//2025
f 2077//2077 2025//2025 2039//2039
f 2054//2054 2037//2037 2040//2040
f 2054//2054 2040//2040 2017//2017
f 2101//2101 2070//2070 2041//2041
f 2101//2101 2041//2041 2031//2031
f 2053//2053 2042//2042 2046//2046
f 2043//2043 1406//1406 1407//1407
f 2142//2142 2132//2132 2060//2060
f 2061//2061 2046//2046 2030//2030
f 2075//2075 2043//2043 1928//1928
f 2100//2100 2031//2031 2079//2079
f 2062//2062 2030//2030 2049//2049
f 2100//2100 2101//2101 2031//2031
f 2092//2092 2091//2091 1517//1517
f 2058//2058 2085//2085 2011//2011
f 2058//2058 2011//2011 2044//2044
f 2051//2051 2045//2045 2037//2037
f 2051//2051 2039//2039 2045//2045
f 2051//2051 2077//2077 2039//2039
f 2062//2062 2061//2061 2030//2030
f 2059//2059 1864//1864 1952//1952
f 2061//2061 2053//2053 2046//2046
f 2059//2059 1952//1952 2024//2024
f 2053//2053 2054//2054 2042//2042
f 2082//2082 2068//2068 2027//2027
f 2048//2048 2029//2029 2067//2067
f 2082//2082 2027//2027 2038//2038
f 2047//2047 2037//2037 2054//2054
f 2072//2072 2001//2001 2000//2000
f 2072//2072 2060//2060 2001//2001
f 2147//2147 1980//1980 1831//1831
f 2147//2147 1981//1981 1980//1980
f 2074//2074 2053//2053 2061//2061
f 2147//2147 2092//2092 1981//1981
f 2075//2075 1406//1406 2043//2043
f 2063//2063 2049//2049 2029//2029
f 2063//2063 2029//2029 2048//2048
f 2063//2063 2062//2062 2049//2049
f 2050//2050 2077//2077 2051//2051
f 2052//2052 2054//2054 2053//2053
f 2052//2052 2047//2047 2054//2054
f 2055//2055 2051//2051 2037//2037
f 2055//2055 2050//2050 2051//2051
f 2055//2055 2037//2037 2047//2047
f 2064//2064 2061//2061 2062//2062
f 3463//3463 2016//2016 2056//2056
f 2131//2131 2044//2044 2077//2077
f 2057//2057 2079//2079 2016//2016
f 2131//2131 2058//2058 2044//2044
f 2057//2057 2016//2016 3463//3463
f 2059//2059 2024//2024 2035//2035
f 2072//2072 2142//2142 2060//2060
f 2064//2064 2074//2074 2061//2061
f 2098//2098 2048//2048 2067//2067
f 2095//2095 2072//2072 2000//2000
f 2095//2095 2000//2000 2084//2084
f 2076//2076 2062//2062 2063//2063
f 2076//2076 2064//2064 2062//2062
f 2098//2098 2063//2063 2048//2048
f 2098//2098 2076//2076 2063//2063
f 2094//2094 2047//2047 2052//2052
f 2097//2097 2074//2074 2064//2064
f 2065//2065 2050//2050 2055//2055
f 2073//2073 1977//1977 2066//2066
f 2073//2073 2075//2075 1928//1928
f 2073//2073 1928//1928 1977//1977
f 3482//3482 2067//2067 2086//2086
f 2102//2102 2053//2053 2074//2074
f 2083//2083 2068//2068 2082//2082
f 2083//2083 2087//2087 2068//2068
f 2102//2102 2052//2052 2053//2053
f 2090//2090 2070//2070 2101//2101
f 2090//2090 2071//2071 2070//2070
f 2106//2106 2073//2073 2066//2066
f 2089//2089 2026//2026 2081//2081
f 2094//2094 2055//2055 2047//2047
f 2080//2080 2075//2075 2073//2073
f 2200//2200 2147//2147 1831//1831
f 2080//2080 1406//1406 2075//2075
f 2069//2069 2200//2200 1831//1831
f 2096//2096 2064//2064 2076//2076
f 2078//2078 2131//2131 2077//2077
f 2078//2078 2077//2077 2050//2050
f 2078//2078 2050//2050 2065//2065
f 2057//2057 2100//2100 2079//2079
f 2098//2098 2096//2096 2076//2076
f 2080//2080 2106//2106 1406//1406
f 2096//2096 2097//2097 2064//2064
f 2086//2086 2098//2098 2067//2067
f 2102//2102 2094//2094 2052//2052
f 2110//2110 2095//2095 2084//2084
f 2110//2110 2084//2084 2085//2085
f 2107//2107 2086//2086 3482//3482
f 2106//2106 2080//2080 2073//2073
f 2104//2104 2098//2098 2086//2086
f 2105//2105 2035//2035 1883//1883
f 2124//2124 2081//2081 2087//2087
f 2088//2088 2102//2102 2074//2074
f 2124//2124 2087//2087 2083//2083
f 2088//2088 2074//2074 2097//2097
f 2124//2124 2089//2089 2081//2081
f 2134//2134 2038//2038 2071//2071
f 2134//2134 2071//2071 2090//2090
f 2093//2093 2065//2065 2055//2055
f 2093//2093 2055//2055 2094//2094
f 2112//2112 2065//2065 2093//2093
f 2112//2112 2078//2078 2065//2065
f 2114//2114 2096//2096 2098//2098
f 2125//2125 2094//2094 2102//2102
f 2125//2125 2093//2093 2094//2094
f 2099//2099 2098//2098 2104//2104
f 2099//2099 2114//2114 2098//2098
f 2103//2103 2100//2100 2057//2057
f 2103//2103 2101//2101 2100//2100
f 2126//2126 2102//2102 2088//2088
f 2115//2115 3482//3482 3480//3480
f 2226//2226 2110//2110 2085//2085
f 2107//2107 2104//2104 2086//2086
f 2164//2164 2185//2185 1993//1993
f 2107//2107 2099//2099 2104//2104
f 2113//2113 2066//2066 2004//2004
f 2113//2113 2106//2106 2066//2066
f 1726//1726 2105//2105 1786//1786
f 1726//1726 2059//2059 2035//2035
f 1726//1726 2035//2035 2105//2105
f 2115//2115 2107//2107 3482//3482
f 2111//2111 2101//2101 2103//2103
f 2157//2157 2082//2082 2038//2038
f 2157//2157 2038//2038 2134//2134
f 2133//2133 2172//2172 2174//2174
f 2129//2129 2106//2106 2113//2113
f 2139//2139 2088//2088 2097//2097
f 2139//2139 2097//2097 2096//2096
f 2126//2126 2125//2125 2102//2102
f 2108//2108 3463//3463 2109//2109
f 2108//2108 2057//2057 3463//3463
f 2119//2119 2114//2114 2099//2099
f 2128//2128 2099//2099 2107//2107
f 2121//2121 2115//2115 3480//3480
f 2187//2187 2112//2112 2093//2093
f 2118//2118 2004//2004 2021//2021
f 2118//2118 2113//2113 2004//2004
f 2128//2128 2119//2119 2099//2099
f 2116//2116 2108//2108 2109//2109
f 2118//2118 2129//2129 2113//2113
f 2129//2129 2118//2118 2106//2106
f 2122//2122 2083//2083 2082//2082
f 2122//2122 2082//2082 2157//2157
f 2117//2117 2128//2128 2107//2107
f 2117//2117 2107//2107 2115//2115
f 2224//2224 2085//2085 2058//2058
f 2224//2224 2058//2058 2131//2131
f 2224//2224 2226//2226 2085//2085
f 2139//2139 2126//2126 2088//2088
f 2123//2123 2089//2089 2124//2124
f 2120//2120 3480//3480 2141//2141
f 1453//1453 2172//2172 2133//2133
f 2137//2137 2125//2125 2126//2126
f 2159//2159 2101//2101 2111//2111
f 2159//2159 2090//2090 2101//2101
f 2151//2151 2096//2096 2114//2114
f 2151//2151 2139//2139 2096//2096
f 2127//2127 2057//2057 2108//2108
f 2127//2127 2108//2108 2116//2116
f 2120//2120 2121//2121 3480//3480
f 2146//2146 2120//2120 2141//2141
f 2127//2127 2103//2103 2057//2057
f 2156//2156 2123//2123 2124//2124
f 2196//2196 2125//2125 2137//2137
f 2196//2196 2187//2187 2093//2093
f 2196//2196 2093//2093 2125//2125
f 2162//2162 2127//2127 2116//2116
f 2165//2165 2126//2126 2139//2139
f 2155//2155 2114//2114 2119//2119
f 2144//2144 2115//2115 2121//2121
f 2144//2144 2117//2117 2115//2115
f 2163//2163 2083//2083 2122//2122
f 2163//2163 2156//2156 2124//2124
f 2163//2163 2124//2124 2083//2083
f 2146//2146 2121//2121 2120//2120
f 2140//2140 2131//2131 2078//2078
f 2140//2140 2224//2224 2131//2131
f 2149//2149 2164//2164 1993//1993
f 2145//2145 2118//2118 2021//2021
f 2145//2145 2132//2132 2142//2142
f 2145//2145 2021//2021 2132//2132
f 2130//2130 1453//1453 2133//2133
f 2136//2136 2090//2090 2159//2159
f 2136//2136 2134//2134 2090//2090
f 2135//2135 2141//2141 2150//2150
f 2147//2147 2091//2091 2092//2092
f 2147//2147 2215//2215 2091//2091
f 2165//2165 2137//2137 2126//2126
f 2143//2143 2103//2103 2127//2127
f 2143//2143 2127//2127 2162//2162
f 2155//2155 2151//2151 2114//2114
f 2154//2154 2141//2141 2150//2150
f 2184//2184 2128//2128 2117//2117
f 2138//2138 2103//2103 2143//2143
f 2144//2144 2184//2184 2117//2117
f 2138//2138 2111//2111 2103//2103
f 2176//2176 2143//2143 2162//2162
f 2166//2166 2165//2165 2139//2139
f 2166//2166 2139//2139 2151//2151
f 2206//2206 2137//2137 2165//2165
f 2206//2206 2196//2196 2137//2137
f 2282//2282 1453//1453 2130//2130
f 2154//2154 2150//2150 2135//2135
f 2183//2183 2119//2119 2128//2128
f 2183//2183 2155//2155 2119//2119
f 2154//2154 2146//2146 2141//2141
f 2158//2158 2145//2145 2142//2142
f 2176//2176 2138//2138 2143//2143
f 2191//2191 2134//2134 2136//2136
f 2191//2191 2157//2157 2134//2134
f 2153//2153 2116//2116 2109//2109
f 2153//2153 2109//2109 2152//2152
f 2146//2146 2144//2144 2121//2121
f 2153//2153 2162//2162 2116//2116
f 2200//2200 2215//2215 2147//2147
f 2148//2148 2144//2144 2146//2146
f 2177//2177 2151//2151 2155//2155
f 2170//2170 2118//2118 2145//2145
f 2168//2168 2078//2078 2112//2112
f 2168//2168 2140//2140 2078//2078
f 2171//2171 2153//2153 2152//2152
f 2170//2170 2158//2158 2118//2118
f 1731//1731 2156//2156 2163//2163
f 2321//2321 2282//2282 2130//2130
f 2161//2161 2122//2122 2157//2157
f 2161//2161 2157//2157 2191//2191
f 2175//2175 2111//2111 2138//2138
f 2175//2175 2159//2159 2111//2111
f 2171//2171 2162//2162 2153//2153
f 2184//2184 2183//2183 2128//2128
f 2171//2171 2176//2176 2162//2162
f 2177//2177 2166//2166 2151//2151
f 1735//1735 1731//1731 2163//2163
f 2167//2167 2165//2165 2166//2166
f 2167//2167 2206//2206 2165//2165
f 2158//2158 2170//2170 2145//2145
f 1890//1890 2321//2321 2130//2130
f 2193//2193 2146//2146 2154//2154
f 2195//2195 2184//2184 2144//2144
f 2267//2267 2112//2112 2187//2187
f 2267//2267 2168//2168 2112//2112
f 2201//2201 2177//2177 2155//2155
f 2201//2201 2155//2155 2183//2183
f 2181//2181 2154//2154 2135//2135
f 2181//2181 2135//2135 2160//2160
f 2186//2186 2158//2158 2142//2142
f 2186//2186 2142//2142 2072//2072
f 2186//2186 2072//2072 2095//2095
f 2190//2190 2163//2163 2122//2122
f 2190//2190 2122//2122 2161//2161
f 2190//2190 1735//1735 2163//2163
f 2188//2188 2148//2148 2146//2146
f 2203//2203 2159//2159 2175//2175
f 2203//2203 2136//2136 2159//2159
f 2310//2310 2321//2321 1890//1890
f 2173//2173 2176//2176 2171//2171
f 2179//2179 1741//1741 2180//2180
f 2192//2192 2176//2176 2173//2173
f 2192//2192 2138//2138 2176//2176
f 2178//2178 2152//2152 3460//3460
f 2228//2228 2167//2167 2166//2166
f 2228//2228 2166//2166 2177//2177
f 2189//2189 2192//2192 2173//2173
f 2148//2148 2195//2195 2144//2144
f 2209//2209 2193//2193 2154//2154
f 2189//2189 2173//2173 2171//2171
f 2169//2169 2310//2310 1890//1890
f 2197//2197 2179//2179 2180//2180
f 2197//2197 2180//2180 1789//1789
f 2219//2219 2191//2191 2136//2136
f 2219//2219 2136//2136 2203//2203
f 1582//1582 2164//2164 2149//2149
f 2182//2182 2095//2095 2110//2110
f 2182//2182 2186//2186 2095//2095
f 2207//2207 2183//2183 2184//2184
f 2207//2207 2201//2201 2183//2183
f 2193//2193 2188//2188 2146//2146
f 2199//2199 2186//2186 2182//2182
f 2212//2212 2152//2152 2178//2178
f 2195//2195 2207//2207 2184//2184
f 2212//2212 2171//2171 2152//2152
f 2308//2308 2187//2187 2196//2196
f 2213//2213 2212//2212 2178//2178
f 2308//2308 2267//2267 2187//2187
f 2222//2222 2192//2192 2189//2189
f 2233//2233 2191//2191 2219//2219
f 2233//2233 2190//2190 2161//2161
f 2233//2233 2161//2161 2191//2191
f 2236//2236 2192//2192 2222//2222
f 2236//2236 2175//2175 2138//2138
f 2236//2236 2138//2138 2192//2192
f 1744//1744 1735//1735 2190//2190
f 2194//2194 2158//2158 2186//2186
f 1742//1742 1744//1744 2190//2190
f 2253//2253 2177//2177 2201//2201
f 2253//2253 2228//2228 2177//2177
f 2194//2194 2199//2199 2158//2158
f 2231//2231 2207//2207 2195//2195
f 3477//3477 2181//2181 2160//2160
f 2198//2198 2171//2171 2212//2212
f 2244//2244 2154//2154 2181//2181
f 1442//1442 2308//2308 2196//2196
f 1442//1442 2196//2196 2206//2206
f 2202//2202 2182//2182 2110//2110
f 1794//1794 2197//2197 1789//1789
f 2198//2198 2189//2189 2171//2171
f 2244//2244 2209//2209 2154//2154
f 2202//2202 2199//2199 2182//2182
f 2230//2230 2200//2200 2069//2069
f 2214//2214 2195//2195 2148//2148
f 2220//2220 2190//2190 2233//2233
f 2216//2216 2148//2148 2188//2188
f 2220//2220 1742//1742 2190//2190
f 2237//2237 2175//2175 2236//2236
f 2237//2237 2203//2203 2175//2175
f 2199//2199 2194//2194 2186//2186
f 2217//2217 3477//3477 3476//3476
f 2204//2204 2188//2188 2193//2193
f 2204//2204 2193//2193 2209//2209
f 2232//2232 2220//2220 2233//2233
f 1746//1746 2197//2197 1794//1794
f 2286//2286 2253//2253 2201//2201
f 2246//2246 2189//2189 2198//2198
f 2217//2217 2181//2181 3477//3477
f 2287//2287 2230//2230 2069//2069
f 2249//2249 2205//2205 3458//3458
f 2214//2214 2231//2231 2195//2195
f 2208//2208 2178//2178 3460//3460
f 2208//2208 3460//3460 2205//2205
f 2211//2211 2189//2189 2246//2246
f 2211//2211 2222//2222 2189//2189
f 2216//2216 2214//2214 2148//2148
f 2210//2210 2203//2203 2237//2237
f 2210//2210 2219//2219 2203//2203
f 2342//2342 2206//2206 2167//2167
f 2342//2342 1442//1442 2206//2206
f 2240//2240 1794//1794 1795//1795
f 2240//2240 1746//1746 1794//1794
f 2208//2208 2205//2205 2249//2249
f 2225//2225 2202//2202 2110//2110
f 2225//2225 2110//2110 2226//2226
f 2245//2245 2222//2222 2211//2211
f 2213//2213 2178//2178 2208//2208
f 2213//2213 2198//2198 2212//2212
f 2217//2217 2244//2244 2181//2181
f 2230//2230 2215//2215 2200//2200
f 2230//2230 2341//2341 2215//2215
f 2204//2204 2216//2216 2188//2188
f 2218//2218 2201//2201 2207//2207
f 2218//2218 2286//2286 2201//2201
f 2218//2218 2207//2207 2231//2231
f 2239//2239 2233//2233 2219//2219
f 2239//2239 2219//2219 2210//2210
f 2250//2250 2209//2209 2244//2244
f 2221//2221 1742//1742 2220//2220
f 2221//2221 2220//2220 2232//2232
f 2252//2252 2244//2244 2217//2217
f 2223//2223 2222//2222 2245//2245
f 2223//2223 2236//2236 2222//2222
f 2256//2256 2204//2204 2209//2209
f 2234//2234 2221//2221 2232//2232
f 2242//2242 2226//2226 2224//2224
f 2242//2242 2225//2225 2226//2226
f 1730//1730 2240//2240 1795//1795
f 2227//2227 2342//2342 2167//2167
f 2227//2227 2167//2167 2228//2228
f 2229//2229 2198//2198 2213//2213
f 2229//2229 2246//2246 2198//2198
f 2202//2202 2259//2259 2199//2199
f 2335//2335 2218//2218 2231//2231
f 2235//2235 2232//2232 2233//2233
f 2235//2235 2234//2234 2232//2232
f 2235//2235 2233//2233 2239//2239
f 2238//2238 2237//2237 2236//2236
f 2238//2238 2210//2210 2237//2237
f 2238//2238 2236//2236 2223//2223
f 2258//2258 2235//2235 2239//2239
f 1747//1747 1730//1730 1736//1736
f 1747//1747 2240//2240 1730//1730
f 2241//2241 2342//2342 2227//2227
f 2280//2280 2216//2216 2204//2204
f 2264//2264 3458//3458 2265//2265
f 2264//2264 2249//2249 3458//3458
f 2276//2276 2249//2249 2264//2264
f 2257//2257 2224//2224 2140//2140
f 2257//2257 2242//2242 2224//2224
f 2247//2247 2246//2246 2229//2229
f 2262//2262 2227//2227 2228//2228
f 2262//2262 2228//2228 2253//2253
f 1748//1748 1747//1747 1736//1736
f 2243//2243 2247//2247 2229//2229
f 2252//2252 2250//2250 2244//2244
f 3476//3476 2252//2252 2217//2217
f 2279//2279 2245//2245 2211//2211
f 2279//2279 2211//2211 2246//2246
f 2279//2279 2246//2246 2247//2247
f 2279//2279 2247//2247 2243//2243
f 2259//2259 2202//2202 2225//2225
f 2254//2254 2210//2210 2238//2238
f 2249//2249 2213//2213 2208//2208
f 2248//2248 2213//2213 2249//2249
f 2248//2248 2229//2229 2213//2213
f 2256//2256 2280//2280 2204//2204
f 2336//2336 2335//2335 2231//2231
f 2336//2336 2214//2214 2216//2216
f 2336//2336 2231//2231 2214//2214
f 2290//2290 2252//2252 3476//3476
f 1979//1979 2227//2227 2262//2262
f 1979//1979 2241//2241 2227//2227
f 2283//2283 2249//2249 2276//2276
f 2283//2283 2248//2248 2249//2249
f 2250//2250 2256//2256 2209//2209
f 2293//2293 2245//2245 2279//2279
f 2255//2255 2250//2250 2252//2252
f 1451//1451 2287//2287 2185//2185
f 2309//2309 3476//3476 3472//3472
f 1797//1797 2234//2234 2235//2235
f 1797//1797 2235//2235 2258//2258
f 2309//2309 2290//2290 3476//3476
f 2261//2261 2253//2253 2286//2286
f 2263//2263 2210//2210 2254//2254
f 2261//2261 2262//2262 2253//2253
f 2263//2263 2239//2239 2210//2210
f 2315//2315 2140//2140 2168//2168
f 2315//2315 2257//2257 2140//2140
f 2315//2315 2168//2168 2267//2267
f 1756//1756 1797//1797 2258//2258
f 1447//1447 2216//2216 2280//2280
f 1447//1447 2336//2336 2216//2216
f 2270//2270 2245//2245 2293//2293
f 2270//2270 2223//2223 2245//2245
f 2248//2248 2243//2243 2229//2229
f 1402//1402 2169//2169 1461//1461
f 2164//2164 1451//1451 2185//2185
f 2251//2251 2256//2256 2250//2250
f 2242//2242 2259//2259 2225//2225
f 2260//2260 2270//2270 2293//2293
f 2302//2302 2248//2248 2283//2283
f 2274//2274 1748//1748 1736//1736
f 2340//2340 2341//2341 2230//2230
f 2340//2340 2230//2230 2287//2287
f 2329//2329 2309//2309 3472//3472
f 2289//2289 2280//2280 2256//2256
f 2292//2292 2259//2259 2242//2242
f 2290//2290 2255//2255 2252//2252
f 2314//2314 1756//1756 2258//2258
f 2314//2314 2239//2239 2263//2263
f 2314//2314 2258//2258 2239//2239
f 2261//2261 1979//1979 2262//2262
f 2284//2284 2264//2264 2265//2265
f 1589//1589 1582//1582 2149//2149
f 2284//2284 2265//2265 2266//2266
f 2322//2322 2315//2315 2267//2267
f 2322//2322 2267//2267 2308//2308
f 2269//2269 2223//2223 2270//2270
f 2269//2269 2254//2254 2238//2238
f 2269//2269 2238//2238 2223//2223
f 2284//2284 2276//2276 2264//2264
f 2271//2271 2269//2269 2270//2270
f 2271//2271 2270//2270 2260//2260
f 2277//2277 2248//2248 2302//2302
f 2277//2277 2243//2243 2248//2248
f 2292//2292 2334//2334 2259//2259
f 1496//1496 2268//2268 1729//1729
f 2272//2272 1748//1748 2274//2274
f 2299//2299 2251//2251 2250//2250
f 2299//2299 2250//2250 2255//2255
f 1497//1497 1729//1729 1734//1734
f 2300//2300 1497//1497 1734//1734
f 2273//2273 2272//2272 2274//2274
f 2273//2273 2274//2274 2275//2275
f 2331//2331 2277//2277 2302//2302
f 2278//2278 2277//2277 2331//2331
f 2278//2278 2279//2279 2243//2243
f 2278//2278 2293//2293 2279//2279
f 2278//2278 2243//2243 2277//2277
f 1464//1464 2280//2280 2289//2289
f 1464//1464 1447//1447 2280//2280
f 2284//2284 2283//2283 2276//2276
f 2257//2257 2292//2292 2242//2242
f 2281//2281 2261//2261 2286//2286
f 2326//2326 2256//2256 2251//2251
f 2326//2326 2289//2289 2256//2256
f 2296//2296 2254//2254 2269//2269
f 2297//2297 2283//2283 2284//2284
f 2297//2297 2302//2302 2283//2283
f 1450//1450 2296//2296 2269//2269
f 1450//1450 2269//2269 2271//2271
f 2294//2294 2278//2278 2331//2331
f 2294//2294 2293//2293 2278//2278
f 2337//2337 2297//2297 2284//2284
f 2285//2285 2218//2218 2335//2335
f 2285//2285 2281//2281 2286//2286
f 2285//2285 2286//2286 2218//2218
f 2301//2301 2294//2294 2331//2331
f 1451//1451 2340//2340 2287//2287
f 2307//2307 3472//3472 2316//2316
f 2307//2307 2329//2329 3472//3472
f 1477//1477 1464//1464 2289//2289
f 1483//1483 2322//2322 2308//2308
f 2339//2339 2255//2255 2290//2290
f 2326//2326 1477//1477 2289//2289
f 2309//2309 2339//2339 2290//2290
f 2299//2299 2326//2326 2251//2251
f 2291//2291 1756//1756 2314//2314
f 2257//2257 2334//2334 2292//2292
f 1762//1762 2291//2291 2314//2314
f 2311//2311 2293//2293 2294//2294
f 2311//2311 2260//2260 2293//2293
f 2311//2311 2294//2294 2301//2301
f 2339//2339 2299//2299 2255//2255
f 2295//2295 2263//2263 2254//2254
f 2295//2295 2254//2254 2296//2296
f 1449//1449 2295//2295 2296//2296
f 1449//1449 2296//2296 1450//1450
f 1460//1460 2329//2329 2307//2307
f 2305//2305 2302//2302 2297//2297
f 2305//2305 2297//2297 2337//2337
f 2312//2312 2311//2311 2301//2301
f 1497//1497 1496//1496 1729//1729
f 2306//2306 2305//2305 2337//2337
f 2323//2323 2331//2331 2302//2302
f 2323//2323 2302//2302 2305//2305
f 2303//2303 2285//2285 2335//2335
f 2304//2304 2273//2273 2275//2275
f 2306//2306 2323//2323 2305//2305
f 2298//2298 2326//2326 2299//2299
f 2174//2174 1589//1589 2149//2149
f 2316//2316 1460//1460 2307//2307
f 2317//2317 2339//2339 2309//2309
f 2324//2324 2284//2284 2266//2266
f 1442//1442 1483//1483 2308//2308
f 1457//1457 2257//2257 2315//2315
f 2320//2320 2311//2311 2312//2312
f 2320//2320 2260//2260 2311//2311
f 2320//2320 2271//2271 2260//2260
f 2313//2313 2314//2314 2263//2263
f 2313//2313 2263//2263 2295//2295
f 2313//2313 1762//1762 2314//2314
f 2329//2329 2317//2317 2309//2309
f 2324//2324 2266//2266 2318//2318
f 2319//2319 2313//2313 2295//2295
f 2319//2319 2295//2295 1449//1449
f 1465//1465 2320//2320 2312//2312
f 2328//2328 2304//2304 1800//1800
f 2328//2328 2273//2273 2304//2304
f 1958//1958 2285//2285 2303//2303
f 1445//1445 2284//2284 2324//2324
f 2333//2333 2331//2331 2323//2323
f 2333//2333 2323//2323 2306//2306
f 2325//2325 2333//2333 2306//2306
f 1445//1445 2337//2337 2284//2284
f 2332//2332 1477//1477 2326//2326
f 1472//1472 2329//2329 1460//1460
f 2327//2327 2328//2328 1800//1800
f 2330//2330 2331//2331 2333//2333
f 2330//2330 2301//2301 2331//2331
f 2322//2322 1457//1457 2315//2315
f 2325//2325 2330//2330 2333//2333
f 1457//1457 2334//2334 2257//2257
f 1457//1457 1405//1405 2334//2334
f 1951//1951 2303//2303 2335//2335
f 1951//1951 2336//2336 1447//1447
f 1951//1951 2335//2335 2336//2336
f 2338//2338 2271//2271 2320//2320
f 2338//2338 1450//1450 2271//2271
f 1462//1462 2317//2317 2329//2329
f 2338//2338 2320//2320 1465//1465
f 1451//1451 2341//2341 2340//2340
f 2339//2339 2298//2298 2299//2299
f 1451//1451 1489//1489 2341//2341
f 1482//1482 1442//1442 2342//2342
f 1482//1482 2342//2342 2241//2241
f 1503//1503 2338//2338 1465//1465
f 2902//2902 2876//2876 2343//2343
f 3221//3221 2344//2344 2343//2343
f 2876//2876 2849//2849 2343//2343
f 3156//3156 2353//2353 2364//2364
f 3112//3112 3136//3136 2362//2362
f 3120//3120 1387//1387 2619//2619
f 3209//3209 3206//3206 2354//2354
f 3055//3055 3030//3030 2403//2403
f 2972//2972 3217//3217 2403//2403
f 3030//3030 2972//2972 2403//2403
f 2369//2369 3461//3461 2352//2352
f 3461//3461 3118//3118 2352//2352
f 3027//3027 1397//1397 2348//2348
f 3222//3222 3027//3027 2348//2348
f 3143//3143 2393//2393 2443//2443
f 3206//3206 2530//2530 2354//2354
f 2359//2359 3201//3201 2387//2387
f 2398//2398 1779//1779 2346//2346
f 2508//2508 2345//2345 2349//2349
f 2346//2346 2508//2508 1779//1779
f 2346//2346 2349//2349 2508//2508
f 2369//2369 2352//2352 2374//2374
f 3118//3118 2356//2356 2352//2352
f 2345//2345 2406//2406 2346//2346
f 2348//2348 1397//1397 3132//3132
f 2345//2345 2346//2346 2349//2349
f 3111//3111 2347//2347 1985//1985
f 2347//2347 3036//3036 3111//3111
f 2362//2362 3136//3136 2351//2351
f 3471//3471 3156//3156 3468//3468
f 2977//2977 3132//3132 3150//3150
f 2353//2353 2983//2983 2443//2443
f 3070//3070 3176//3176 2392//2392
f 3179//3179 3152//3152 2350//2350
f 3179//3179 2350//2350 3147//3147
f 2387//2387 3201//3201 2388//2388
f 3201//3201 3127//3127 2388//2388
f 3127//3127 3179//3179 2388//2388
f 3136//3136 3204//3204 2416//2416
f 2351//2351 3136//3136 2416//2416
f 2352//2352 2356//2356 2355//2355
f 2983//2983 3143//3143 2443//2443
f 2353//2353 2443//2443 2378//2378
f 3176//3176 3164//3164 2514//2514
f 2355//2355 2356//2356 2357//2357
f 2374//2374 2352//2352 2401//2401
f 2352//2352 2355//2355 2401//2401
f 2355//2355 2357//2357 2402//2402
f 2401//2401 2355//2355 2402//2402
f 3070//3070 2392//2392 2393//2393
f 3156//3156 2364//2364 3468//3468
f 3176//3176 2514//2514 2392//2392
f 2388//2388 3179//3179 2390//2390
f 3204//3204 2359//2359 2367//2367
f 2359//2359 2387//2387 2367//2367
f 2416//2416 3204//3204 2367//2367
f 2363//2363 3055//3055 2371//2371
f 3055//3055 2403//2403 2371//2371
f 2357//2357 2356//2356 2360//2360
f 2356//2356 2362//2362 2360//2360
f 3101//3101 1398//1398 2366//2366
f 2357//2357 2360//2360 2430//2430
f 2402//2402 2357//2357 2430//2430
f 2362//2362 2351//2351 2376//2376
f 2360//2360 2362//2362 2376//2376
f 3468//3468 2364//2364 2372//2372
f 3132//3132 1397//1397 2459//2459
f 3150//3150 3132//3132 2459//2459
f 2361//2361 3209//3209 2382//2382
f 3209//3209 2354//2354 2382//2382
f 2363//2363 2371//2371 2680//2680
f 2360//2360 2376//2376 2430//2430
f 2361//2361 2382//2382 2431//2431
f 3499//3499 3502//3502 2377//2377
f 3101//3101 2366//2366 2379//2379
f 2368//2368 3499//3499 2385//2385
f 3499//3499 2377//2377 2385//2385
f 2367//2367 2387//2387 2441//2441
f 2369//2369 2374//2374 2370//2370
f 2368//2368 2385//2385 3497//3497
f 3502//3502 2383//2383 2404//2404
f 2377//2377 3502//3502 2404//2404
f 3217//3217 2373//2373 2400//2400
f 1398//1398 2379//2379 2366//2366
f 3497//3497 2385//2385 2386//2386
f 2370//2370 2374//2374 2375//2375
f 2374//2374 2401//2401 2375//2375
f 2370//2370 2375//2375 2435//2435
f 2389//2389 2379//2379 2566//2566
f 2386//2386 2385//2385 2391//2391
f 2383//2383 3500//3500 2396//2396
f 3495//3495 3497//3497 2380//2380
f 2385//2385 2377//2377 2394//2394
f 2391//2391 2385//2385 2394//2394
f 2407//2407 3495//3495 2380//2380
f 2383//2383 2396//2396 2404//2404
f 3497//3497 2386//2386 2380//2380
f 3500//3500 1779//1779 2398//2398
f 215//215 3218//3218 2971//2971
f 2380//2380 2386//2386 2423//2423
f 2388//2388 2390//2390 2413//2413
f 2387//2387 2388//2388 2413//2413
f 2441//2441 2387//2387 2413//2413
f 2351//2351 2416//2416 2447//2447
f 2394//2394 2377//2377 2395//2395
f 2377//2377 2404//2404 2395//2395
f 2376//2376 2351//2351 2447//2447
f 3179//3179 3147//3147 2470//2470
f 2390//2390 3179//3179 2470//2470
f 2353//2353 2378//2378 2536//2536
f 2364//2364 2353//2353 2471//2471
f 2386//2386 2391//2391 2423//2423
f 3500//3500 2398//2398 2396//2396
f 2392//2392 2514//2514 2597//2597
f 2394//2394 2395//2395 2408//2408
f 2391//2391 2394//2394 2399//2399
f 2375//2375 2401//2401 2405//2405
f 2404//2404 2396//2396 2417//2417
f 2396//2396 2398//2398 2406//2406
f 2399//2399 2394//2394 2419//2419
f 2394//2394 2408//2408 2419//2419
f 2423//2423 2391//2391 2409//2409
f 3217//3217 2400//2400 2403//2403
f 2405//2405 2401//2401 2424//2424
f 2401//2401 2402//2402 2424//2424
f 2395//2395 2404//2404 2417//2417
f 2375//2375 2405//2405 2521//2521
f 2408//2408 2395//2395 2417//2417
f 2435//2435 2375//2375 2521//2521
f 2391//2391 2399//2399 2409//2409
f 2423//2423 2409//2409 2410//2410
f 2396//2396 2406//2406 2411//2411
f 2405//2405 2424//2424 2521//2521
f 2396//2396 2411//2411 2417//2417
f 2407//2407 2380//2380 2415//2415
f 2389//2389 2566//2566 2358//2358
f 3494//3494 2407//2407 2415//2415
f 2380//2380 2423//2423 2415//2415
f 2343//2343 2358//2358 2661//2661
f 2419//2419 2408//2408 2426//2426
f 2409//2409 2399//2399 2412//2412
f 2410//2410 2409//2409 2412//2412
f 2392//2392 2597//2597 2647//2647
f 2443//2443 2393//2393 2647//2647
f 2393//2393 2392//2392 2647//2647
f 2390//2390 2470//2470 2414//2414
f 2413//2413 2390//2390 2414//2414
f 2415//2415 2423//2423 2422//2422
f 2399//2399 2419//2419 2412//2412
f 2408//2408 2417//2417 2421//2421
f 2413//2413 2414//2414 2507//2507
f 2416//2416 2367//2367 2516//2516
f 2447//2447 2416//2416 2516//2516
f 2417//2417 2411//2411 2421//2421
f 2410//2410 2412//2412 2420//2420
f 2412//2412 2419//2419 2420//2420
f 2415//2415 2422//2422 2455//2455
f 2408//2408 2421//2421 2429//2429
f 2426//2426 2408//2408 2429//2429
f 2438//2438 2418//2418 2497//2497
f 2406//2406 2345//2345 2411//2411
f 2363//2363 2680//2680 2564//2564
f 3164//3164 2363//2363 2564//2564
f 2722//2722 3150//3150 1396//1396
f 2419//2419 2426//2426 2460//2460
f 2420//2420 2419//2419 2460//2460
f 2455//2455 2422//2422 2425//2425
f 2422//2422 2423//2423 2425//2425
f 2372//2372 2364//2364 2436//2436
f 2402//2402 2430//2430 2437//2437
f 2423//2423 2410//2410 2425//2425
f 2424//2424 2402//2402 2437//2437
f 2425//2425 2410//2410 2433//2433
f 2364//2364 2471//2471 2436//2436
f 2365//2365 2370//2370 2458//2458
f 2429//2429 2421//2421 2450//2450
f 2370//2370 2435//2435 2458//2458
f 2455//2455 2425//2425 2432//2432
f 2425//2425 2433//2433 2432//2432
f 3164//3164 2564//2564 2575//2575
f 2514//2514 3164//3164 2575//2575
f 2411//2411 2345//2345 2451//2451
f 2521//2521 2424//2424 2437//2437
f 2361//2361 2431//2431 2561//2561
f 2460//2460 2426//2426 2429//2429
f 2353//2353 2536//2536 2471//2471
f 2428//2428 2361//2361 2561//2561
f 2427//2427 2421//2421 2451//2451
f 2421//2421 2411//2411 2451//2451
f 3494//3494 2415//2415 2439//2439
f 2428//2428 2561//2561 2572//2572
f 2460//2460 2429//2429 2468//2468
f 3146//3146 2428//2428 2572//2572
f 2450//2450 2421//2421 2449//2449
f 2421//2421 2427//2427 2449//2449
f 2430//2430 2376//2376 2437//2437
f 2432//2432 2433//2433 2434//2434
f 3468//3468 2372//2372 2497//2497
f 2418//2418 3468//3468 2497//2497
f 2410//2410 2420//2420 2446//2446
f 2433//2433 2410//2410 2446//2446
f 2469//2469 3494//3494 2440//2440
f 3494//3494 2439//2439 2440//2440
f 2516//2516 2367//2367 2445//2445
f 2367//2367 2441//2441 2445//2445
f 2433//2433 2446//2446 2442//2442
f 2434//2434 2433//2433 2442//2442
f 2468//2468 2429//2429 2476//2476
f 2429//2429 2450//2450 2476//2476
f 2415//2415 2455//2455 2439//2439
f 2435//2435 2521//2521 2458//2458
f 2365//2365 2458//2458 2444//2444
f 2534//2534 2365//2365 2444//2444
f 2439//2439 2455//2455 2454//2454
f 2443//2443 2647//2647 2648//2648
f 2354//2354 2530//2530 2752//2752
f 2442//2442 2446//2446 2473//2473
f 2345//2345 2508//2508 2522//2522
f 2449//2449 2427//2427 2457//2457
f 2437//2437 2376//2376 2487//2487
f 2439//2439 2454//2454 2448//2448
f 2376//2376 2447//2447 2487//2487
f 2440//2440 2439//2439 2448//2448
f 2451//2451 2345//2345 2522//2522
f 2373//2373 3224//3224 2720//2720
f 2476//2476 2450//2450 2449//2449
f 3224//3224 2343//2343 2720//2720
f 2343//2343 2661//2661 2720//2720
f 2420//2420 2460//2460 2453//2453
f 2446//2446 2420//2420 2453//2453
f 2476//2476 2449//2449 2485//2485
f 2371//2371 2403//2403 2805//2805
f 2680//2680 2371//2371 2805//2805
f 2444//2444 2458//2458 2602//2602
f 2427//2427 2451//2451 2452//2452
f 2451//2451 2522//2522 2452//2452
f 2446//2446 2453//2453 2464//2464
f 2473//2473 2446//2446 2464//2464
f 2448//2448 2454//2454 2466//2466
f 2455//2455 2432//2432 2466//2466
f 2454//2454 2455//2455 2466//2466
f 2432//2432 2434//2434 2466//2466
f 2448//2448 2466//2466 2480//2480
f 2480//2480 2466//2466 2456//2456
f 2427//2427 2452//2452 2526//2526
f 2485//2485 2449//2449 2462//2462
f 2449//2449 2457//2457 2462//2462
f 2460//2460 2468//2468 2461//2461
f 3150//3150 2459//2459 2484//2484
f 2453//2453 2460//2460 2461//2461
f 1396//1396 3150//3150 2484//2484
f 2485//2485 2462//2462 2482//2482
f 2453//2453 2461//2461 2463//2463
f 2464//2464 2453//2453 2463//2463
f 2427//2427 2526//2526 2467//2467
f 2457//2457 2427//2427 2467//2467
f 2456//2456 2466//2466 2465//2465
f 2434//2434 2442//2442 2465//2465
f 2466//2466 2434//2434 2465//2465
f 2462//2462 2457//2457 2531//2531
f 2457//2457 2467//2467 2531//2531
f 2441//2441 2413//2413 2479//2479
f 2445//2445 2441//2441 2479//2479
f 2465//2465 2442//2442 2474//2474
f 2465//2465 2474//2474 2456//2456
f 2358//2358 2566//2566 2472//2472
f 2461//2461 2468//2468 2478//2478
f 2468//2468 2476//2476 2478//2478
f 3445//3445 2469//2469 2492//2492
f 2440//2440 2448//2448 2477//2477
f 2448//2448 2480//2480 2477//2477
f 2469//2469 2440//2440 2477//2477
f 2507//2507 2414//2414 3160//3160
f 2414//2414 2470//2470 3160//3160
f 2530//2530 2381//2381 2700//2700
f 2381//2381 3058//3058 2700//2700
f 2461//2461 2478//2478 2495//2495
f 2463//2463 2461//2461 2495//2495
f 2379//2379 2472//2472 2566//2566
f 2469//2469 2477//2477 2492//2492
f 2473//2473 2464//2464 2474//2474
f 2442//2442 2473//2473 2474//2474
f 2492//2492 2477//2477 2498//2498
f 2507//2507 3160//3160 3163//3163
f 2458//2458 2521//2521 2500//2500
f 2456//2456 2474//2474 2504//2504
f 2476//2476 2485//2485 2475//2475
f 2602//2602 2458//2458 2500//2500
f 2354//2354 2752//2752 2382//2382
f 2478//2478 2476//2476 2475//2475
f 2482//2482 2462//2462 3170//3170
f 2462//2462 2531//2531 3170//3170
f 2477//2477 2480//2480 2489//2489
f 2498//2498 2477//2477 2489//2489
f 2495//2495 2478//2478 2512//2512
f 2478//2478 2475//2475 2512//2512
f 2474//2474 2464//2464 2488//2488
f 2480//2480 2456//2456 2489//2489
f 2482//2482 3170//3170 2483//2483
f 2474//2474 2488//2488 2511//2511
f 2504//2504 2474//2474 2511//2511
f 2498//2498 2489//2489 2481//2481
f 2500//2500 2521//2521 2553//2553
f 2487//2487 2447//2447 2517//2517
f 2481//2481 2489//2489 2524//2524
f 1397//1397 1396//1396 2484//2484
f 2482//2482 2483//2483 2486//2486
f 2459//2459 1397//1397 2484//2484
f 2485//2485 2482//2482 2486//2486
f 2475//2475 2485//2485 2486//2486
f 2475//2475 2486//2486 2543//2543
f 2512//2512 2475//2475 2543//2543
f 2464//2464 2463//2463 2494//2494
f 2488//2488 2464//2464 2494//2494
f 2524//2524 2489//2489 2490//2490
f 2489//2489 2456//2456 2490//2490
f 2511//2511 2488//2488 2491//2491
f 2488//2488 2494//2494 2491//2491
f 2490//2490 2456//2456 2503//2503
f 2456//2456 2504//2504 2503//2503
f 3445//3445 2492//2492 2493//2493
f 2490//2490 2503//2503 2524//2524
f 2492//2492 2498//2498 2493//2493
f 2471//2471 2536//2536 2574//2574
f 2494//2494 2463//2463 2496//2496
f 2463//2463 2495//2495 2496//2496
f 2498//2498 2481//2481 2505//2505
f 2493//2493 2498//2498 2505//2505
f 2372//2372 2436//2436 2497//2497
f 3445//3445 2493//2493 2499//2499
f 2525//2525 3445//3445 2499//2499
f 2491//2491 2494//2494 2509//2509
f 2494//2494 2496//2496 2509//2509
f 2493//2493 2505//2505 2501//2501
f 2443//2443 2648//2648 2751//2751
f 2499//2499 2493//2493 2501//2501
f 2525//2525 2499//2499 2501//2501
f 2524//2524 2503//2503 2533//2533
f 2486//2486 2483//2483 3171//3171
f 2602//2602 2500//2500 2608//2608
f 2500//2500 2553//2553 2608//2608
f 2536//2536 2378//2378 2777//2777
f 2503//2503 2504//2504 2502//2502
f 2533//2533 2503//2503 2502//2502
f 2504//2504 2511//2511 2502//2502
f 2495//2495 2512//2512 2510//2510
f 2496//2496 2495//2495 2510//2510
f 2543//2543 2486//2486 3169//3169
f 2486//2486 3171//3171 3169//3169
f 2505//2505 2481//2481 2506//2506
f 2481//2481 2524//2524 2506//2506
f 2572//2572 2561//2561 2616//2616
f 2358//2358 2472//2472 2661//2661
f 2413//2413 2507//2507 2515//2515
f 2479//2479 2413//2413 2515//2515
f 2507//2507 3163//3163 2515//2515
f 2509//2509 2496//2496 2537//2537
f 2496//2496 2510//2510 2537//2537
f 2514//2514 2575//2575 2832//2832
f 2533//2533 2502//2502 2560//2560
f 2378//2378 2443//2443 2751//2751
f 2501//2501 2505//2505 2539//2539
f 2539//2539 2505//2505 2532//2532
f 2505//2505 2506//2506 2532//2532
f 3155//3155 2397//2397 2917//2917
f 2511//2511 2491//2491 2518//2518
f 2502//2502 2511//2511 2518//2518
f 2512//2512 2543//2543 2513//2513
f 2510//2510 2512//2512 2513//2513
f 2597//2597 2514//2514 2832//2832
f 2479//2479 2515//2515 2596//2596
f 2526//2526 2452//2452 2571//2571
f 2517//2517 2447//2447 2624//2624
f 2537//2537 2510//2510 2556//2556
f 2447//2447 2516//2516 2624//2624
f 2510//2510 2513//2513 2556//2556
f 2502//2502 2518//2518 2519//2519
f 2560//2560 2502//2502 2519//2519
f 2521//2521 2437//2437 2553//2553
f 2506//2506 2524//2524 2520//2520
f 2534//2534 2444//2444 2542//2542
f 2524//2524 2533//2533 2535//2535
f 2520//2520 2524//2524 2535//2535
f 2525//2525 2501//2501 2552//2552
f 2467//2467 2526//2526 2584//2584
f 2497//2497 2436//2436 2527//2527
f 2526//2526 2571//2571 2584//2584
f 2531//2531 2467//2467 2584//2584
f 2519//2519 2518//2518 2548//2548
f 2518//2518 2491//2491 2548//2548
f 2491//2491 2509//2509 2548//2548
f 2528//2528 3151//3151 2529//2529
f 2506//2506 2520//2520 2532//2532
f 2520//2520 2535//2535 2532//2532
f 2501//2501 2539//2539 2552//2552
f 2531//2531 2584//2584 2562//2562
f 3170//3170 2531//2531 2562//2562
f 2533//2533 2560//2560 2535//2535
f 2534//2534 2542//2542 2541//2541
f 2629//2629 2534//2534 2541//2541
f 2519//2519 2548//2548 2546//2546
f 2437//2437 2487//2487 2558//2558
f 2553//2553 2437//2437 2558//2558
f 2525//2525 2552//2552 2569//2569
f 2568//2568 2525//2525 2569//2569
f 2569//2569 2552//2552 2576//2576
f 2530//2530 2904//2904 2752//2752
f 2509//2509 2537//2537 2554//2554
f 2548//2548 2509//2509 2554//2554
f 2538//2538 3146//3146 2662//2662
f 3146//3146 2572//2572 2662//2662
f 2532//2532 2535//2535 2544//2544
f 3151//3151 2538//2538 2636//2636
f 2438//2438 2497//2497 2549//2549
f 2538//2538 2662//2662 2636//2636
f 2543//2543 3169//3169 2540//2540
f 2556//2556 2513//2513 2540//2540
f 2541//2541 2542//2542 2551//2551
f 2513//2513 2543//2543 2540//2540
f 2570//2570 2438//2438 2549//2549
f 2544//2544 2535//2535 2550//2550
f 2535//2535 2560//2560 2550//2550
f 3058//3058 3155//3155 2890//2890
f 2552//2552 2539//2539 2545//2545
f 2539//2539 2532//2532 2545//2545
f 2546//2546 2548//2548 2547//2547
f 2548//2548 2554//2554 2547//2547
f 2556//2556 2540//2540 2557//2557
f 2608//2608 2553//2553 2645//2645
f 3170//3170 2562//2562 2567//2567
f 2624//2624 2516//2516 2589//2589
f 2544//2544 2550//2550 2592//2592
f 2516//2516 2445//2445 2589//2589
f 2576//2576 2552//2552 2583//2583
f 2444//2444 2602//2602 2542//2542
f 2553//2553 2558//2558 2674//2674
f 2645//2645 2553//2553 2674//2674
f 2436//2436 2471//2471 2599//2599
f 2552//2552 2545//2545 2583//2583
f 2547//2547 2554//2554 2559//2559
f 2558//2558 2487//2487 2555//2555
f 2556//2556 2557//2557 2559//2559
f 2674//2674 2558//2558 2555//2555
f 2537//2537 2556//2556 2559//2559
f 2554//2554 2537//2537 2559//2559
f 2550//2550 2560//2560 2565//2565
f 2560//2560 2519//2519 2565//2565
f 2547//2547 2559//2559 2593//2593
f 2777//2777 2378//2378 2751//2751
f 2545//2545 2532//2532 2563//2563
f 2624//2624 2589//2589 2688//2688
f 2522//2522 2508//2508 2627//2627
f 2563//2563 2532//2532 2580//2580
f 2564//2564 2680//2680 2681//2681
f 2532//2532 2544//2544 2580//2580
f 2550//2550 2565//2565 2591//2591
f 2592//2592 2550//2550 2591//2591
f 2568//2568 2569//2569 2579//2579
f 2452//2452 2522//2522 2626//2626
f 2522//2522 2627//2627 2626//2626
f 2571//2571 2452//2452 2626//2626
f 2545//2545 2563//2563 2573//2573
f 2583//2583 2545//2545 2573//2573
f 2563//2563 2580//2580 2573//2573
f 2519//2519 2546//2546 2582//2582
f 2565//2565 2519//2519 2582//2582
f 2576//2576 2583//2583 2579//2579
f 2832//2832 2575//2575 2577//2577
f 2569//2569 2576//2576 2579//2579
f 2575//2575 2564//2564 2577//2577
f 2542//2542 2602//2602 2601//2601
f 2564//2564 2681//2681 2577//2577
f 2573//2573 2580//2580 2588//2588
f 2549//2549 2497//2497 2590//2590
f 2571//2571 2626//2626 2659//2659
f 2527//2527 2436//2436 2670//2670
f 2542//2542 2601//2601 2603//2603
f 2565//2565 2582//2582 2585//2585
f 2551//2551 2542//2542 2603//2603
f 2591//2591 2565//2565 2585//2585
f 2568//2568 2579//2579 2613//2613
f 2620//2620 2568//2568 2613//2613
f 2508//2508 1705//1705 2627//2627
f 2593//2593 2559//2559 2578//2578
f 2559//2559 2557//2557 2578//2578
f 2613//2613 2579//2579 2595//2595
f 2580//2580 2544//2544 2581//2581
f 2544//2544 2592//2592 2581//2581
f 2546//2546 2547//2547 2600//2600
f 2582//2582 2546//2546 2600//2600
f 2436//2436 2599//2599 2670//2670
f 2571//2571 2659//2659 2665//2665
f 2584//2584 2571//2571 2665//2665
f 2595//2595 2579//2579 2598//2598
f 2579//2579 2583//2583 2598//2598
f 2572//2572 2616//2616 2662//2662
f 2616//2616 2561//2561 2431//2431
f 2584//2584 2665//2665 2664//2664
f 2567//2567 2562//2562 2664//2664
f 2515//2515 3163//3163 3162//3162
f 2562//2562 2584//2584 2664//2664
f 2471//2471 2574//2574 2701//2701
f 2593//2593 2578//2578 3140//3140
f 2599//2599 2471//2471 2701//2701
f 2585//2585 2582//2582 2586//2586
f 2487//2487 2517//2517 2587//2587
f 2582//2582 2600//2600 2586//2586
f 2674//2674 2555//2555 2587//2587
f 2555//2555 2487//2487 2587//2587
f 2497//2497 2527//2527 2590//2590
f 2588//2588 2580//2580 2605//2605
f 2580//2580 2581//2581 2605//2605
f 2445//2445 2479//2479 2690//2690
f 2589//2589 2445//2445 2690//2690
f 2592//2592 2591//2591 2609//2609
f 2581//2581 2592//2592 2609//2609
f 2591//2591 2585//2585 2609//2609
f 2547//2547 2593//2593 2594//2594
f 2600//2600 2547//2547 2594//2594
f 2595//2595 2598//2598 2628//2628
f 2596//2596 2515//2515 3166//3166
f 2515//2515 3162//3162 3166//3166
f 2597//2597 2832//2832 2833//2833
f 2688//2688 2589//2589 2690//2690
f 2598//2598 2583//2583 2607//2607
f 2583//2583 2573//2573 2607//2607
f 2586//2586 2600//2600 2630//2630
f 2600//2600 2594//2594 2630//2630
f 2601//2601 2602//2602 2615//2615
f 2805//2805 2403//2403 2715//2715
f 2403//2403 2400//2400 2715//2715
f 2602//2602 2608//2608 2615//2615
f 2603//2603 2601//2601 2615//2615
f 2431//2431 2382//2382 2892//2892
f 2605//2605 2581//2581 2606//2606
f 2574//2574 2536//2536 2777//2777
f 2581//2581 2609//2609 2606//2606
f 2573//2573 2588//2588 2607//2607
f 2615//2615 2608//2608 2646//2646
f 2567//2567 2664//2664 2682//2682
f 2637//2637 2567//2567 2682//2682
f 2609//2609 2585//2585 2618//2618
f 2606//2606 2609//2609 2618//2618
f 2523//2523 2658//2658 2998//2998
f 1387//1387 2523//2523 2998//2998
f 2637//2637 2682//2682 2683//2683
f 2674//2674 2587//2587 2610//2610
f 2620//2620 2613//2613 2612//2612
f 2603//2603 2615//2615 2614//2614
f 2607//2607 2588//2588 2621//2621
f 2598//2598 2607//2607 2611//2611
f 2628//2628 2598//2598 2611//2611
f 2590//2590 2527//2527 2698//2698
f 2595//2595 2628//2628 2612//2612
f 2615//2615 2646//2646 2614//2614
f 2613//2613 2595//2595 2612//2612
f 2397//2397 2619//2619 2782//2782
f 2527//2527 2670//2670 2698//2698
f 2597//2597 2833//2833 2635//2635
f 2647//2647 2597//2597 2635//2635
f 3155//3155 2917//2917 2890//2890
f 2611//2611 2607//2607 2655//2655
f 2607//2607 2621//2621 2655//2655
f 2636//2636 2662//2662 2617//2617
f 2606//2606 2618//2618 2632//2632
f 2618//2618 2585//2585 2631//2631
f 2585//2585 2586//2586 2631//2631
f 2619//2619 1387//1387 2998//2998
f 2586//2586 2630//2630 2631//2631
f 2620//2620 2612//2612 2642//2642
f 3446//3446 2620//2620 2642//2642
f 2574//2574 2777//2777 2816//2816
f 2621//2621 2588//2588 2622//2622
f 2588//2588 2605//2605 2622//2622
f 2630//2630 2594//2594 3184//3184
f 2610//2610 2587//2587 2623//2623
f 2594//2594 2593//2593 3184//3184
f 2587//2587 2517//2517 2623//2623
f 2517//2517 2624//2624 2623//2623
f 2593//2593 3140//3140 3184//3184
f 2624//2624 2688//2688 2623//2623
f 2479//2479 2596//2596 2625//2625
f 2690//2690 2479//2479 2625//2625
f 2627//2627 1705//1705 2626//2626
f 2612//2612 2628//2628 2634//2634
f 2642//2642 2612//2612 2634//2634
f 2690//2690 2625//2625 2725//2725
f 2634//2634 2628//2628 2641//2641
f 2397//2397 2782//2782 2917//2917
f 2632//2632 2618//2618 2651//2651
f 2618//2618 2631//2631 2651//2651
f 2630//2630 3184//3184 3186//3186
f 2629//2629 2541//2541 2735//2735
f 2733//2733 2629//2629 2735//2735
f 2631//2631 2630//2630 2653//2653
f 2651//2651 2631//2631 2653//2653
f 215//215 2971//2971 2790//2790
f 2472//2472 2720//2720 2661//2661
f 2541//2541 2551//2551 2735//2735
f 2621//2621 2622//2622 2654//2654
f 2701//2701 2574//2574 2708//2708
f 2655//2655 2621//2621 2654//2654
f 2892//2892 2382//2382 2752//2752
f 2606//2606 2632//2632 2633//2633
f 2530//2530 2700//2700 2904//2904
f 2622//2622 2605//2605 2633//2633
f 2605//2605 2606//2606 2633//2633
f 2610//2610 2623//2623 2779//2779
f 2651//2651 2653//2653 2652//2652
f 2570//2570 2549//2549 2669//2669
f 3058//3058 2890//2890 2700//2700
f 2628//2628 2611//2611 2641//2641
f 2599//2599 2701//2701 2723//2723
f 2670//2670 2599//2599 2723//2723
f 2529//2529 3151//3151 2643//2643
f 3151//3151 2636//2636 2643//2643
f 2611//2611 2655//2655 2641//2641
f 2759//2759 2570//2570 2669//2669
f 2608//2608 2645//2645 2646//2646
f 2637//2637 2683//2683 2649//2649
f 3154//3154 2528//2528 3158//3158
f 2604//2604 2637//2637 2649//2649
f 2528//2528 2529//2529 3158//3158
f 2622//2622 2633//2633 2638//2638
f 2654//2654 2622//2622 2638//2638
f 2698//2698 2670//2670 2650//2650
f 3173//3173 2604//2604 2639//2639
f 2735//2735 2551//2551 2671//2671
f 2679//2679 3173//3173 2639//2639
f 2604//2604 2649//2649 2639//2639
f 2633//2633 2632//2632 2666//2666
f 2634//2634 2641//2641 2640//2640
f 2642//2642 2634//2634 2657//2657
f 3446//3446 2642//2642 2657//2657
f 2549//2549 2590//2590 2669//2669
f 2641//2641 2655//2655 2644//2644
f 2614//2614 2646//2646 2770//2770
f 2641//2641 2644//2644 2696//2696
f 2640//2640 2641//2641 2696//2696
f 2645//2645 2674//2674 2646//2646
f 2647//2647 2635//2635 2807//2807
f 2648//2648 2647//2647 2807//2807
f 2623//2623 2688//2688 2687//2687
f 2779//2779 2623//2623 2687//2687
f 2683//2683 2682//2682 2685//2685
f 2638//2638 2633//2633 2667//2667
f 2633//2633 2666//2666 2667//2667
f 2666//2666 2632//2632 2676//2676
f 2632//2632 2651//2651 2676//2676
f 2651//2651 2652//2652 2676//2676
f 2653//2653 2630//2630 3185//3185
f 2616//2616 2431//2431 2892//2892
f 2652//2652 2653//2653 3185//3185
f 2630//2630 3186//3186 3185//3185
f 2655//2655 2654//2654 2677//2677
f 2644//2644 2655//2655 2677//2677
f 2696//2696 2644//2644 2677//2677
f 3447//3447 3446//3446 2656//2656
f 3446//3446 2657//2657 2656//2656
f 2656//2656 2657//2657 2672//2672
f 2657//2657 2634//2634 2672//2672
f 2634//2634 2640//2640 2672//2672
f 2373//2373 2720//2720 2780//2780
f 2659//2659 2626//2626 2665//2665
f 1705//1705 2660//2660 2665//2665
f 2617//2617 2662//2662 2878//2878
f 2626//2626 1705//1705 2665//2665
f 2652//2652 3185//3185 2693//2693
f 2590//2590 2698//2698 2669//2669
f 2665//2665 2660//2660 2663//2663
f 2664//2664 2665//2665 2663//2663
f 2660//2660 2718//2718 2663//2663
f 2682//2682 2664//2664 2663//2663
f 2666//2666 2676//2676 2668//2668
f 2551//2551 2603//2603 2671//2671
f 2667//2667 2666//2666 2668//2668
f 2676//2676 2652//2652 2694//2694
f 2650//2650 2670//2670 2808//2808
f 2677//2677 2654//2654 2692//2692
f 2654//2654 2638//2638 2692//2692
f 2638//2638 2667//2667 2692//2692
f 2656//2656 2672//2672 2707//2707
f 2680//2680 2805//2805 2748//2748
f 2672//2672 2640//2640 2691//2691
f 2674//2674 2610//2610 2712//2712
f 2707//2707 2672//2672 2691//2691
f 2770//2770 2646//2646 2712//2712
f 2646//2646 2674//2674 2712//2712
f 2779//2779 2687//2687 2686//2686
f 2668//2668 2676//2676 2675//2675
f 2676//2676 2694//2694 2675//2675
f 2603//2603 2614//2614 2716//2716
f 2640//2640 2696//2696 2691//2691
f 2671//2671 2603//2603 2716//2716
f 2671//2671 2716//2716 2678//2678
f 2679//2679 2639//2639 2703//2703
f 2673//2673 2679//2679 2703//2703
f 2656//2656 2707//2707 3447//3447
f 2680//2680 2748//2748 2681//2681
f 2692//2692 2667//2667 2702//2702
f 2663//2663 2718//2718 2684//2684
f 2682//2682 2663//2663 2684//2684
f 2648//2648 2807//2807 2830//2830
f 2685//2685 2682//2682 2684//2684
f 3183//3183 2673//2673 2714//2714
f 2673//2673 2703//2703 2714//2714
f 2751//2751 2648//2648 2830//2830
f 2691//2691 2696//2696 2706//2706
f 2770//2770 2712//2712 2793//2793
f 2649//2649 2683//2683 2697//2697
f 2683//2683 2685//2685 2697//2697
f 2684//2684 2718//2718 2685//2685
f 2658//2658 2821//2821 2998//2998
f 2707//2707 2691//2691 2728//2728
f 2636//2636 2617//2617 2643//2643
f 2649//2649 2697//2697 2731//2731
f 2639//2639 2649//2649 2731//2731
f 2688//2688 2690//2690 2689//2689
f 2686//2686 2687//2687 2689//2689
f 2691//2691 2706//2706 2728//2728
f 2687//2687 2688//2688 2689//2689
f 2690//2690 2725//2725 2689//2689
f 2878//2878 2662//2662 2616//2616
f 2574//2574 2816//2816 2877//2877
f 2708//2708 2574//2574 2877//2877
f 2694//2694 2652//2652 3193//3193
f 2652//2652 2693//2693 3193//3193
f 2675//2675 2694//2694 3193//3193
f 2667//2667 2668//2668 2713//2713
f 2702//2702 2667//2667 2713//2713
f 2668//2668 2675//2675 2713//2713
f 2722//2722 1396//1396 2871//2871
f 2669//2669 2698//2698 2695//2695
f 3447//3447 2707//2707 2709//2709
f 2696//2696 2677//2677 2706//2706
f 2669//2669 2695//2695 2705//2705
f 2625//2625 2596//2596 3210//3210
f 3447//3447 2709//2709 2719//2719
f 2596//2596 3166//3166 3210//3210
f 2699//2699 3447//3447 2719//2719
f 2714//2714 2703//2703 2736//2736
f 2723//2723 2701//2701 2727//2727
f 2701//2701 2708//2708 2727//2727
f 2619//2619 2998//2998 2782//2782
f 2675//2675 3193//3193 3194//3194
f 2639//2639 2731//2731 2703//2703
f 2625//2625 3210//3210 2726//2726
f 2725//2725 2625//2625 2726//2726
f 2713//2713 2675//2675 2704//2704
f 2706//2706 2677//2677 2717//2717
f 2692//2692 2702//2702 2717//2717
f 2677//2677 2692//2692 2717//2717
f 2728//2728 2706//2706 2743//2743
f 2712//2712 2610//2610 2740//2740
f 2707//2707 2728//2728 2724//2724
f 2709//2709 2707//2707 2724//2724
f 2719//2719 2709//2709 2734//2734
f 2686//2686 2689//2689 2810//2810
f 2709//2709 2724//2724 2734//2734
f 2751//2751 2830//2830 2749//2749
f 2712//2712 2740//2740 2711//2711
f 2713//2713 2704//2704 2745//2745
f 2793//2793 2712//2712 2711//2711
f 3183//3183 2714//2714 2778//2778
f 2373//2373 2780//2780 2400//2400
f 2717//2717 2702//2702 2729//2729
f 2706//2706 2717//2717 2754//2754
f 2743//2743 2706//2706 2754//2754
f 2685//2685 2718//2718 2721//2721
f 2731//2731 2697//2697 2721//2721
f 2697//2697 2685//2685 2721//2721
f 3183//3183 2778//2778 2771//2771
f 3190//3190 2710//2710 2771//2771
f 2614//2614 2770//2770 2716//2716
f 2710//2710 3183//3183 2771//2771
f 2719//2719 2734//2734 2738//2738
f 2699//2699 2719//2719 2738//2738
f 2724//2724 2728//2728 2737//2737
f 2731//2731 2721//2721 2762//2762
f 2703//2703 2731//2731 2732//2732
f 2718//2718 2762//2762 2721//2721
f 2869//2869 2643//2643 2617//2617
f 2808//2808 2670//2670 2861//2861
f 2670//2670 2723//2723 2861//2861
f 2722//2722 2871//2871 2971//2971
f 2734//2734 2724//2724 2769//2769
f 2703//2703 2732//2732 2736//2736
f 2708//2708 2877//2877 2727//2727
f 2724//2724 2737//2737 2769//2769
f 2689//2689 2725//2725 2747//2747
f 2725//2725 2726//2726 2747//2747
f 2810//2810 2689//2689 2747//2747
f 2714//2714 2736//2736 2778//2778
f 2728//2728 2743//2743 2737//2737
f 2729//2729 2702//2702 2730//2730
f 2702//2702 2713//2713 2730//2730
f 2713//2713 2745//2745 2730//2730
f 2717//2717 2729//2729 2746//2746
f 2754//2754 2717//2717 2746//2746
f 2704//2704 2675//2675 2742//2742
f 2698//2698 2650//2650 2865//2865
f 2695//2695 2698//2698 2865//2865
f 2675//2675 3194//3194 2742//2742
f 2731//2731 2762//2762 2732//2732
f 2734//2734 2769//2769 2738//2738
f 2699//2699 2738//2738 2739//2739
f 2776//2776 2699//2699 2739//2739
f 2650//2650 2808//2808 2865//2865
f 2610//2610 2779//2779 2789//2789
f 2740//2740 2610//2610 2789//2789
f 2745//2745 2704//2704 2741//2741
f 2704//2704 2742//2742 2741//2741
f 2737//2737 2743//2743 2744//2744
f 2743//2743 2754//2754 2744//2744
f 2730//2730 2745//2745 2785//2785
f 2746//2746 2729//2729 2763//2763
f 2729//2729 2730//2730 2763//2763
f 2810//2810 2747//2747 2839//2839
f 2771//2771 2778//2778 2795//2795
f 2616//2616 2892//2892 2893//2893
f 2769//2769 2737//2737 2783//2783
f 2711//2711 2740//2740 2788//2788
f 2738//2738 2769//2769 2766//2766
f 2740//2740 2789//2789 2788//2788
f 2739//2739 2738//2738 2765//2765
f 2797//2797 2733//2733 2811//2811
f 2738//2738 2766//2766 2765//2765
f 2735//2735 2671//2671 2760//2760
f 3190//3190 2771//2771 2774//2774
f 2733//2733 2735//2735 2760//2760
f 2744//2744 2754//2754 2753//2753
f 2754//2754 2746//2746 2753//2753
f 3154//3154 3158//3158 2860//2860
f 2755//2755 3154//3154 2860//2860
f 2730//2730 2785//2785 2756//2756
f 2763//2763 2730//2730 2756//2756
f 2755//2755 2860//2860 3165//3165
f 2776//2776 2739//2739 2781//2781
f 2716//2716 2770//2770 2772//2772
f 2739//2739 2765//2765 2781//2781
f 2669//2669 2705//2705 2759//2759
f 2732//2732 2762//2762 2758//2758
f 2736//2736 2732//2732 2758//2758
f 2766//2766 2769//2769 2800//2800
f 2737//2737 2744//2744 2783//2783
f 2860//2860 3158//3158 2864//2864
f 2757//2757 2761//2761 2798//2798
f 3190//3190 2774//2774 2798//2798
f 2761//2761 3190//3190 2798//2798
f 2736//2736 2758//2758 2767//2767
f 2733//2733 2760//2760 2811//2811
f 2762//2762 2767//2767 2758//2758
f 2753//2753 2746//2746 2764//2764
f 2777//2777 2751//2751 2887//2887
f 2746//2746 2763//2763 2764//2764
f 2751//2751 2749//2749 2887//2887
f 2765//2765 2766//2766 2792//2792
f 1396//1396 2963//2963 2871//2871
f 2736//2736 2767//2767 2778//2778
f 2785//2785 2745//2745 2768//2768
f 2745//2745 2741//2741 2768//2768
f 2769//2769 2783//2783 2800//2800
f 2772//2772 2770//2770 2773//2773
f 2770//2770 2793//2793 2773//2773
f 2771//2771 2795//2795 2774//2774
f 2766//2766 2800//2800 2792//2792
f 2744//2744 2753//2753 2775//2775
f 2783//2783 2744//2744 2775//2775
f 2760//2760 2671//2671 2678//2678
f 2765//2765 2792//2792 2781//2781
f 2801//2801 2776//2776 2787//2787
f 2779//2779 2686//2686 2817//2817
f 2789//2789 2779//2779 2817//2817
f 2776//2776 2781//2781 2787//2787
f 2720//2720 2803//2803 2780//2780
f 2792//2792 2800//2800 2791//2791
f 2764//2764 2763//2763 2784//2784
f 2763//2763 2756//2756 2784//2784
f 2760//2760 2678//2678 2811//2811
f 2800//2800 2783//2783 2799//2799
f 2783//2783 2775//2775 2799//2799
f 2784//2784 2756//2756 2786//2786
f 2785//2785 2768//2768 2786//2786
f 2756//2756 2785//2785 2786//2786
f 2700//2700 2890//2890 2935//2935
f 2861//2861 2723//2723 2862//2862
f 2775//2775 2753//2753 2796//2796
f 2753//2753 2764//2764 2796//2796
f 2723//2723 2727//2727 2862//2862
f 2801//2801 2787//2787 2794//2794
f 2715//2715 2400//2400 2947//2947
f 2781//2781 2792//2792 2812//2812
f 2865//2865 2808//2808 2866//2866
f 2788//2788 2789//2789 2901//2901
f 2789//2789 2817//2817 2901//2901
f 2700//2700 2935//2935 2914//2914
f 2643//2643 2869//2869 2864//2864
f 2757//2757 2798//2798 2846//2846
f 2826//2826 2757//2757 2846//2846
f 2792//2792 2791//2791 2812//2812
f 2811//2811 2678//2678 2837//2837
f 2787//2787 2781//2781 2809//2809
f 2816//2816 2777//2777 2887//2887
f 2799//2799 2775//2775 2814//2814
f 2773//2773 2793//2793 2900//2900
f 2793//2793 2711//2711 2900//2900
f 2787//2787 2809//2809 2794//2794
f 2892//2892 2752//2752 2904//2904
f 2795//2795 2778//2778 2806//2806
f 2778//2778 2767//2767 2806//2806
f 2727//2727 2877//2877 2961//2961
f 2764//2764 2784//2784 2802//2802
f 2796//2796 2764//2764 2802//2802
f 2797//2797 2811//2811 2837//2837
f 2854//2854 2797//2797 2837//2837
f 2826//2826 2846//2846 2822//2822
f 2774//2774 2795//2795 2834//2834
f 2795//2795 2806//2806 2852//2852
f 2800//2800 2799//2799 2819//2819
f 2791//2791 2800//2800 2819//2819
f 2784//2784 2786//2786 3219//3219
f 2802//2802 2784//2784 3219//3219
f 2814//2814 2775//2775 2804//2804
f 2400//2400 2780//2780 2803//2803
f 2796//2796 2802//2802 2804//2804
f 2775//2775 2796//2796 2804//2804
f 2839//2839 2747//2747 3211//3211
f 2747//2747 2726//2726 3211//3211
f 2767//2767 2852//2852 2806//2806
f 2798//2798 2774//2774 2845//2845
f 2774//2774 2834//2834 2845//2845
f 2400//2400 2803//2803 2947//2947
f 2830//2830 2807//2807 2863//2863
f 2794//2794 2809//2809 2831//2831
f 2862//2862 2727//2727 2867//2867
f 2795//2795 2852//2852 2834//2834
f 2809//2809 2781//2781 2813//2813
f 2781//2781 2812//2812 2813//2813
f 2866//2866 2808//2808 2888//2888
f 2808//2808 2861//2861 2888//2888
f 2816//2816 2887//2887 2896//2896
f 2812//2812 2791//2791 2829//2829
f 2809//2809 2813//2813 2831//2831
f 2686//2686 2810//2810 2838//2838
f 2817//2817 2686//2686 2838//2838
f 2681//2681 2748//2748 2999//2999
f 2801//2801 2794//2794 2857//2857
f 2577//2577 2681//2681 2999//2999
f 2815//2815 2801//2801 2857//2857
f 2819//2819 2799//2799 2851//2851
f 2799//2799 2814//2814 2851//2851
f 2878//2878 2616//2616 2962//2962
f 2863//2863 2807//2807 2996//2996
f 2901//2901 2817//2817 2818//2818
f 2798//2798 2845//2845 2846//2846
f 2817//2817 2838//2838 2818//2818
f 2705//2705 2695//2695 2897//2897
f 2695//2695 2865//2865 2897//2897
f 2804//2804 2802//2802 2875//2875
f 2900//2900 2711//2711 2853//2853
f 2813//2813 2812//2812 2885//2885
f 2812//2812 2829//2829 2885//2885
f 2815//2815 2857//2857 2844//2844
f 2678//2678 2716//2716 2858//2858
f 2794//2794 2831//2831 2857//2857
f 2819//2819 2851//2851 2829//2829
f 2791//2791 2819//2819 2829//2829
f 2802//2802 3219//3219 2848//2848
f 2839//2839 3211//3211 2840//2840
f 2831//2831 2813//2813 2847//2847
f 2814//2814 2804//2804 2851//2851
f 2813//2813 2885//2885 2847//2847
f 2823//2823 2759//2759 2828//2828
f 2826//2826 2822//2822 2856//2856
f 2825//2825 2827//2827 2856//2856
f 2827//2827 2826//2826 2856//2856
f 2823//2823 2828//2828 2835//2835
f 2829//2829 2851//2851 2881//2881
f 2750//2750 2749//2749 2830//2830
f 2837//2837 2678//2678 2868//2868
f 2759//2759 2705//2705 2828//2828
f 2845//2845 2834//2834 2872//2872
f 2834//2834 2852//2852 2872//2872
f 2888//2888 2861//2861 2927//2927
f 2700//2700 2914//2914 2904//2904
f 2577//2577 2999//2999 2977//2977
f 2678//2678 2858//2858 2868//2868
f 2804//2804 2875//2875 2874//2874
f 2854//2854 2837//2837 2836//2836
f 2851//2851 2804//2804 2874//2874
f 2715//2715 2947//2947 2805//2805
f 3203//3203 2825//2825 2886//2886
f 2825//2825 2856//2856 2886//2886
f 2837//2837 2868//2868 2859//2859
f 2845//2845 2872//2872 1399//1399
f 2838//2838 2810//2810 2841//2841
f 2839//2839 2840//2840 2841//2841
f 2810//2810 2839//2839 2841//2841
f 2897//2897 2865//2865 2906//2906
f 2891//2891 2815//2815 2842//2842
f 2820//2820 2854//2854 2836//2836
f 2843//2843 2820//2820 2836//2836
f 2822//2822 2846//2846 2889//2889
f 2845//2845 1399//1399 2846//2846
f 2815//2815 2844//2844 2842//2842
f 2847//2847 2885//2885 2884//2884
f 2875//2875 2802//2802 2849//2849
f 2802//2802 2848//2848 2849//2849
f 2818//2818 2838//2838 2850//2850
f 2838//2838 2841//2841 2850//2850
f 2851//2851 2874//2874 2881//2881
f 2711//2711 2788//2788 2879//2879
f 2853//2853 2711//2711 2879//2879
f 2750//2750 1391//1391 2749//2749
f 2837//2837 2859//2859 2836//2836
f 3161//3161 3165//3165 2855//2855
f 2749//2749 1391//1391 1389//1389
f 2857//2857 2831//2831 2870//2870
f 2831//2831 2847//2847 2870//2870
f 2844//2844 2857//2857 2870//2870
f 2716//2716 2772//2772 2882//2882
f 2858//2858 2716//2716 2882//2882
f 2635//2635 2833//2833 2971//2971
f 2931//2931 3161//3161 3009//3009
f 3161//3161 2855//2855 3009//3009
f 2836//2836 2859//2859 2941//2941
f 2852//2852 1399//1399 2872//2872
f 2855//2855 3165//3165 2942//2942
f 3165//3165 2860//2860 2942//2942
f 2772//2772 2773//2773 2882//2882
f 2927//2927 2861//2861 2928//2928
f 2862//2862 2867//2867 2928//2928
f 2861//2861 2862//2862 2928//2928
f 2942//2942 2860//2860 2864//2864
f 2869//2869 2617//2617 2878//2878
f 2829//2829 2881//2881 2895//2895
f 2885//2885 2829//2829 2895//2895
f 2906//2906 2865//2865 2907//2907
f 2865//2865 2866//2866 2907//2907
f 2867//2867 2727//2727 3023//3023
f 2616//2616 2893//2893 2955//2955
f 2727//2727 2961//2961 3023//3023
f 2616//2616 2955//2955 2962//2962
f 2881//2881 2874//2874 2933//2933
f 2828//2828 2705//2705 2894//2894
f 2858//2858 2882//2882 2873//2873
f 2868//2868 2858//2858 2873//2873
f 2887//2887 2749//2749 1389//1389
f 2869//2869 2878//2878 2950//2950
f 2844//2844 2870//2870 2883//2883
f 2932//2932 2828//2828 2894//2894
f 2847//2847 2884//2884 2870//2870
f 2868//2868 2873//2873 2859//2859
f 2971//2971 2871//2871 2963//2963
f 2873//2873 2882//2882 2929//2929
f 2635//2635 2971//2971 2807//2807
f 2874//2874 2875//2875 2876//2876
f 2875//2875 2849//2849 2876//2876
f 2877//2877 2816//2816 3001//3001
f 2816//2816 2896//2896 3001//3001
f 2879//2879 2788//2788 2880//2880
f 2788//2788 2901//2901 2880//2880
f 2879//2879 2880//2880 2920//2920
f 2864//2864 2869//2869 2953//2953
f 3203//3203 2886//2886 2954//2954
f 2773//2773 2900//2900 2910//2910
f 2882//2882 2773//2773 2910//2910
f 2883//2883 2870//2870 2913//2913
f 2884//2884 2885//2885 2898//2898
f 2885//2885 2895//2895 2898//2898
f 2928//2928 2867//2867 3013//3013
f 2893//2893 2892//2892 2905//2905
f 2889//2889 2846//2846 2926//2926
f 2846//2846 1399//1399 2926//2926
f 2842//2842 2844//2844 2924//2924
f 2843//2843 2836//2836 2911//2911
f 3451//3451 2843//2843 2911//2911
f 2888//2888 2927//2927 2956//2956
f 2907//2907 2866//2866 2956//2956
f 2856//2856 2822//2822 2949//2949
f 2822//2822 2889//2889 2949//2949
f 2866//2866 2888//2888 2956//2956
f 2844//2844 2883//2883 2924//2924
f 2833//2833 2832//2832 2722//2722
f 3478//3478 2891//2891 2945//2945
f 3203//3203 2954//2954 3077//3077
f 2940//2940 3203//3203 3077//3077
f 2877//2877 3001//3001 2909//2909
f 2882//2882 2910//2910 2929//2929
f 2891//2891 2842//2842 2945//2945
f 2894//2894 2705//2705 2908//2908
f 2971//2971 2963//2963 2790//2790
f 2705//2705 2897//2897 2908//2908
f 2895//2895 2881//2881 2973//2973
f 2881//2881 2933//2933 2973//2973
f 2942//2942 2864//2864 2992//2992
f 2869//2869 2950//2950 2953//2953
f 2897//2897 2906//2906 2908//2908
f 2841//2841 2840//2840 2903//2903
f 2577//2577 2977//2977 2832//2832
f 2941//2941 2859//2859 2923//2923
f 2884//2884 2898//2898 2937//2937
f 2859//2859 2873//2873 2923//2923
f 2870//2870 2884//2884 2937//2937
f 2913//2913 2870//2870 2937//2937
f 2987//2987 2899//2899 2914//2914
f 2910//2910 2900//2900 2930//2930
f 2900//2900 2853//2853 2930//2930
f 2901//2901 2818//2818 2978//2978
f 2880//2880 2901//2901 2978//2978
f 2836//2836 2941//2941 2911//2911
f 2874//2874 2876//2876 2902//2902
f 2933//2933 2874//2874 2902//2902
f 2905//2905 2925//2925 2893//2893
f 2920//2920 2880//2880 2978//2978
f 2833//2833 2722//2722 2971//2971
f 2850//2850 2841//2841 3043//3043
f 2841//2841 2903//2903 3043//3043
f 2856//2856 2949//2949 2886//2886
f 2835//2835 2828//2828 2932//2932
f 2956//2956 2927//2927 2936//2936
f 2892//2892 2904//2904 2905//2905
f 2873//2873 2929//2929 2923//2923
f 2782//2782 2998//2998 2915//2915
f 2908//2908 2906//2906 2994//2994
f 2899//2899 2905//2905 2904//2904
f 2906//2906 2907//2907 2994//2994
f 2910//2910 2930//2930 2929//2929
f 2944//2944 2912//2912 3004//3004
f 2889//2889 2926//2926 2919//2919
f 2896//2896 2887//2887 2619//2619
f 2883//2883 2913//2913 2924//2924
f 2782//2782 2915//2915 2917//2917
f 2899//2899 2904//2904 2914//2914
f 2842//2842 2924//2924 2945//2945
f 2898//2898 2895//2895 2916//2916
f 2895//2895 2973//2973 2916//2916
f 1399//1399 2919//2919 2926//2926
f 2923//2923 2929//2929 2968//2968
f 2803//2803 3027//3027 2947//2947
f 3451//3451 2911//2911 3000//3000
f 2966//2966 3451//3451 3000//3000
f 2853//2853 2879//2879 2957//2957
f 2879//2879 2920//2920 2957//2957
f 2930//2930 2853//2853 2957//2957
f 2978//2978 2818//2818 2921//2921
f 2818//2818 2850//2850 2921//2921
f 3045//3045 2887//2887 2922//2922
f 2887//2887 1389//1389 2922//2922
f 2923//2923 2968//2968 2979//2979
f 2941//2941 2923//2923 2979//2979
f 3478//3478 2945//2945 2912//2912
f 2978//2978 2921//2921 3032//3032
f 2924//2924 2913//2913 3008//3008
f 2988//2988 2917//2917 3018//3018
f 2917//2917 2915//2915 3018//3018
f 2878//2878 2962//2962 2950//2950
f 2994//2994 2907//2907 2934//2934
f 2936//2936 2927//2927 2960//2960
f 2913//2913 2937//2937 3033//3033
f 2928//2928 3013//3013 2960//2960
f 2927//2927 2928//2928 2960//2960
f 2930//2930 2957//2957 2967//2967
f 2929//2929 2930//2930 2967//2967
f 2931//2931 3009//3009 3213//3213
f 2933//2933 2902//2902 2972//2972
f 2973//2973 2933//2933 2972//2972
f 2855//2855 2942//2942 2948//2948
f 2937//2937 2898//2898 2938//2938
f 2987//2987 2914//2914 2935//2935
f 2898//2898 2916//2916 2938//2938
f 3033//3033 2937//2937 2938//2938
f 3002//3002 3213//3213 3003//3003
f 2939//2939 2940//2940 2946//2946
f 2940//2940 3077//3077 2946//2946
f 2941//2941 2979//2979 2911//2911
f 2867//2867 3023//3023 3207//3207
f 3013//3013 2867//2867 3207//3207
f 2912//2912 2945//2945 3088//3088
f 2912//2912 3088//3088 3004//3004
f 2894//2894 2908//2908 2943//2943
f 2932//2932 2894//2894 2943//2943
f 2855//2855 2948//2948 3021//3021
f 2945//2945 2924//2924 2993//2993
f 3009//3009 2855//2855 3021//3021
f 2949//2949 2889//2889 3044//3044
f 2807//2807 2971//2971 3005//3005
f 2886//2886 2949//2949 3044//3044
f 2950//2950 2962//2962 2981//2981
f 2996//2996 2807//2807 3005//3005
f 2957//2957 2920//2920 2958//2958
f 2890//2890 2917//2917 2951//2951
f 2987//2987 2935//2935 2951//2951
f 2935//2935 2890//2890 2951//2951
f 2864//2864 2953//2953 2974//2974
f 2992//2992 2864//2864 2974//2974
f 2911//2911 2979//2979 3006//3006
f 2944//2944 3004//3004 2983//2983
f 2893//2893 2925//2925 2955//2955
f 2907//2907 2956//2956 3046//3046
f 2934//2934 2907//2907 3046//3046
f 2956//2956 2936//2936 3046//3046
f 2957//2957 2958//2958 2959//2959
f 2967//2967 2957//2957 2959//2959
f 2960//2960 3013//3013 3074//3074
f 2877//2877 2909//2909 3057//3057
f 2961//2961 2877//2877 3057//3057
f 3023//3023 2961//2961 3057//3057
f 2915//2915 2998//2998 3047//3047
f 2790//2790 2963//2963 2824//2824
f 2953//2953 2950//2950 3029//3029
f 2748//2748 2805//2805 3222//3222
f 3000//3000 2911//2911 3006//3006
f 3033//3033 2938//2938 3068//3068
f 2938//2938 2916//2916 3068//3068
f 3205//3205 2939//2939 2975//2975
f 3453//3453 2966//2966 3000//3000
f 2939//2939 2946//2946 2975//2975
f 2970//2970 3205//3205 2975//2975
f 2929//2929 2967//2967 2969//2969
f 2968//2968 2929//2929 2969//2969
f 2979//2979 2968//2968 2969//2969
f 2942//2942 2992//2992 2948//2948
f 2973//2973 2972//2972 3030//3030
f 2916//2916 2973//2973 3030//3030
f 2943//2943 2908//2908 2995//2995
f 2886//2886 3044//3044 2976//2976
f 2992//2992 2974//2974 3065//3065
f 2889//2889 2919//2919 3044//3044
f 2908//2908 2994//2994 2995//2995
f 2978//2978 3032//3032 2986//2986
f 2958//2958 2920//2920 2986//2986
f 2920//2920 2978//2978 2986//2986
f 3000//3000 3006//3006 3035//3035
f 2955//2955 1393//1393 2962//2962
f 2824//2824 2963//2963 2990//2990
f 2921//2921 2850//2850 2980//2980
f 2850//2850 3043//3043 2980//2980
f 1393//1393 3029//3029 2981//2981
f 2962//2962 1393//1393 2981//2981
f 3032//3032 2921//2921 2982//2982
f 2886//2886 2976//2976 2954//2954
f 2921//2921 2980//2980 2982//2982
f 3449//3449 2944//2944 3069//3069
f 2944//2944 2983//2983 3069//3069
f 2993//2993 2924//2924 2984//2984
f 3046//3046 2936//2936 3010//3010
f 2998//2998 2821//2821 2985//2985
f 3047//3047 2998//2998 2985//2985
f 2959//2959 2958//2958 3007//3007
f 2958//2958 2986//2986 3007//3007
f 2979//2979 2969//2969 3019//3019
f 3006//3006 2979//2979 3019//3019
f 2951//2951 2917//2917 2987//2987
f 2917//2917 2988//2988 2987//2987
f 2896//2896 2619//2619 3001//3001
f 3000//3000 3035//3035 3034//3034
f 2835//2835 2932//2932 3059//3059
f 2932//2932 2943//2943 3059//3059
f 2824//2824 2990//2990 2989//2989
f 2918//2918 2824//2824 2989//2989
f 3019//3019 2969//2969 2991//2991
f 2967//2967 2959//2959 2991//2991
f 2969//2969 2967//2967 2991//2991
f 2722//2722 2832//2832 2977//2977
f 2924//2924 3008//3008 2984//2984
f 2945//2945 2993//2993 3088//3088
f 2995//2995 2994//2994 3052//3052
f 2994//2994 2934//2934 3052//3052
f 2903//2903 2840//2840 3053//3053
f 3021//3021 2948//2948 2997//2997
f 2986//2986 3032//3032 3039//3039
f 3006//3006 3019//3019 3038//3038
f 3453//3453 3000//3000 3216//3216
f 3000//3000 3034//3034 3216//3216
f 3022//3022 3453//3453 3216//3216
f 2909//2909 3001//3001 3155//3155
f 3002//3002 3003//3003 3215//3215
f 2986//2986 3039//3039 3025//3025
f 3007//3007 2986//2986 3025//3025
f 3004//3004 3088//3088 3143//3143
f 2936//2936 2960//2960 3028//3028
f 2991//2991 2959//2959 3020//3020
f 2959//2959 3007//3007 3020//3020
f 3008//3008 2913//2913 3041//3041
f 2960//2960 3074//3074 3028//3028
f 3019//3019 2991//2991 3020//3020
f 3010//3010 2936//2936 3028//3028
f 2913//2913 3033//3033 3041//3041
f 3213//3213 3009//3009 3011//3011
f 3009//3009 3021//3021 3011//3011
f 2983//2983 3004//3004 3143//3143
f 3006//3006 3038//3038 3035//3035
f 3213//3213 3011//3011 3083//3083
f 3003//3003 3213//3213 3083//3083
f 3052//3052 2934//2934 3098//3098
f 3059//3059 2943//2943 3014//3014
f 2821//2821 2952//2952 2985//2985
f 3013//3013 3207//3207 3073//3073
f 3074//3074 3013//3013 3073//3073
f 3222//3222 2805//2805 3027//3027
f 2805//2805 2947//2947 3027//3027
f 2974//2974 2953//2953 3015//3015
f 3065//3065 2974//2974 3015//3015
f 3014//3014 2943//2943 3016//3016
f 2950//2950 2981//2981 3029//3029
f 2948//2948 2992//2992 3031//3031
f 2919//2919 3017//3017 3044//3044
f 2948//2948 3031//3031 2997//2997
f 2915//2915 2988//2988 3018//3018
f 3019//3019 3020//3020 3063//3063
f 3038//3038 3019//3019 3063//3063
f 3011//3011 3021//3021 3062//3062
f 2748//2748 3222//3222 2999//2999
f 1985//1985 3022//3022 3216//3216
f 3011//3011 3062//3062 3083//3083
f 2953//2953 3029//3029 3015//3015
f 3023//3023 3057//3057 3116//3116
f 2970//2970 2975//2975 2389//2389
f 3063//3063 3020//3020 3026//3026
f 3024//3024 2970//2970 2389//2389
f 3020//3020 3007//3007 3026//3026
f 3007//3007 3025//3025 3026//3026
f 3035//3035 3038//3038 3036//3036
f 3028//3028 3074//3074 3075//3075
f 3068//3068 2916//2916 3055//3055
f 2916//2916 3030//3030 3055//3055
f 2992//2992 3065//3065 3031//3031
f 3065//3065 3015//3015 3066//3066
f 3098//3098 2934//2934 3097//3097
f 2934//2934 3046//3046 3097//3097
f 3449//3449 3069//3069 3471//3471
f 3038//3038 3063//3063 3049//3049
f 3021//3021 2997//2997 3062//3062
f 3032//3032 2982//2982 3094//3094
f 3039//3039 3032//3032 3094//3094
f 216//216 3012//3012 2952//2952
f 3014//3014 3016//3016 3037//3037
f 3016//3016 2943//2943 3037//3037
f 2943//2943 2995//2995 3037//3037
f 3034//3034 3035//3035 3036//3036
f 3077//3077 2954//2954 3202//3202
f 2954//2954 2976//2976 3202//3202
f 3025//3025 3039//3039 3040//3040
f 2995//2995 3052//3052 3037//3037
f 3039//3039 3094//3094 3040//3040
f 3026//3026 3025//3025 3040//3040
f 2903//2903 3053//3053 3042//3042
f 3043//3043 2903//2903 3042//3042
f 2952//2952 3012//3012 1395//1395
f 3038//3038 3049//3049 3036//3036
f 3049//3049 3111//3111 3036//3036
f 2975//2975 2946//2946 3101//3101
f 2946//2946 3077//3077 3101//3101
f 3046//3046 3010//3010 3048//3048
f 3097//3097 3046//3046 3048//3048
f 3043//3043 3042//3042 3056//3056
f 2980//2980 3043//3043 3056//3056
f 2985//2985 2915//2915 3047//3047
f 2952//2952 1395//1395 2985//2985
f 2887//2887 3045//3045 3120//3120
f 2619//2619 2887//2887 3120//3120
f 3029//3029 3051//3051 3015//3015
f 3051//3051 3076//3076 3066//3066
f 3015//3015 3051//3051 3066//3066
f 3037//3037 3052//3052 3109//3109
f 3215//3215 3003//3003 3061//3061
f 3003//3003 3083//3083 3061//3061
f 3053//3053 3215//3215 3061//3061
f 3068//3068 3055//3055 2363//2363
f 3042//3042 3053//3053 3054//3054
f 3026//3026 3040//3040 3064//3064
f 3063//3063 3026//3026 3064//3064
f 2909//2909 3155//3155 3058//3058
f 3057//3057 2909//2909 3058//3058
f 3042//3042 3054//3054 3056//3056
f 3031//3031 3065//3065 3066//3066
f 2997//2997 3031//3031 3066//3066
f 3053//3053 3061//3061 3067//3067
f 2993//2993 2984//2984 3070//3070
f 3054//3054 3053//3053 3067//3067
f 3116//3116 3057//3057 3058//3058
f 3088//3088 2993//2993 3070//3070
f 3059//3059 3014//3014 3060//3060
f 3050//3050 3059//3059 3060//3060
f 2997//2997 3066//3066 3082//3082
f 3062//3062 2997//2997 3071//3071
f 3062//3062 3071//3071 3083//3083
f 3049//3049 3063//3063 3104//3104
f 3063//3063 3064//3064 3104//3104
f 3077//3077 3202//3202 1398//1398
f 3044//3044 3017//3017 2976//2976
f 3010//3010 3028//3028 3090//3090
f 3048//3048 3010//3010 3090//3090
f 3041//3041 3033//3033 3080//3080
f 3033//3033 3068//3068 3080//3080
f 2997//2997 3082//3082 3071//3071
f 3049//3049 3104//3104 3110//3110
f 3111//3111 3049//3049 3110//3110
f 3083//3083 3071//3071 3072//3072
f 3024//3024 2389//2389 2358//2358
f 3074//3074 3073//3073 3145//3145
f 3075//3075 3074//3074 3145//3145
f 3052//3052 3098//3098 3199//3199
f 3067//3067 3061//3061 3092//3092
f 3109//3109 3052//3052 3199//3199
f 2980//2980 3056//3056 3078//3078
f 3077//3077 1398//1398 3101//3101
f 2980//2980 3078//3078 3079//3079
f 2982//2982 2980//2980 3079//3079
f 3082//3082 3066//3066 3091//3091
f 3066//3066 3076//3076 3091//3091
f 3078//3078 3056//3056 3081//3081
f 3078//3078 3081//3081 3115//3115
f 3079//3079 3078//3078 3115//3115
f 2999//2999 3222//3222 2348//2348
f 3054//3054 3067//3067 3099//3099
f 3060//3060 3014//3014 3085//3085
f 3056//3056 3054//3054 3086//3086
f 3054//3054 3099//3099 3086//3086
f 3081//3081 3056//3056 3086//3086
f 3071//3071 3082//3082 3089//3089
f 3072//3072 3071//3071 3089//3089
f 3061//3061 3083//3083 3087//3087
f 3092//3092 3061//3061 3087//3087
f 3083//3083 3072//3072 3087//3087
f 3072//3072 3089//3089 3096//3096
f 3096//3096 3089//3089 3084//3084
f 3086//3086 3099//3099 3100//3100
f 3072//3072 3096//3096 3087//3087
f 2999//2999 2348//2348 2977//2977
f 3067//3067 3092//3092 3099//3099
f 3088//3088 3070//3070 3143//3143
f 3471//3471 3069//3069 3156//3156
f 2982//2982 3079//3079 3095//3095
f 3094//3094 2982//2982 3095//3095
f 3076//3076 3084//3084 3091//3091
f 3028//3028 3075//3075 3093//3093
f 3084//3084 3089//3089 3091//3091
f 3090//3090 3028//3028 3093//3093
f 3089//3089 3082//3082 3091//3091
f 2977//2977 2348//2348 3132//3132
f 3064//3064 3040//3040 3106//3106
f 3094//3094 3095//3095 3106//3106
f 3040//3040 3094//3094 3106//3106
f 3079//3079 3115//3115 3095//3095
f 3087//3087 3096//3096 3102//3102
f 3097//3097 3048//3048 3114//3114
f 3098//3098 3097//3097 3114//3114
f 3092//3092 3087//3087 3102//3102
f 3199//3199 3098//3098 3114//3114
f 3081//3081 3086//3086 3113//3113
f 3115//3115 3081//3081 3123//3123
f 3081//3081 3113//3113 3123//3123
f 3008//3008 3041//3041 3176//3176
f 2984//2984 3008//3008 3176//3176
f 3096//3096 3084//3084 3102//3102
f 3104//3104 3064//3064 3107//3107
f 3064//3064 3106//3106 3107//3107
f 3099//3099 3092//3092 3105//3105
f 3100//3100 3099//3099 3105//3105
f 3103//3103 3005//3005 2971//2971
f 3092//3092 3102//3102 3108//3108
f 3086//3086 3100//3100 3113//3113
f 3014//3014 3037//3037 3112//3112
f 3085//3085 3014//3014 3112//3112
f 3085//3085 3112//3112 2362//2362
f 3084//3084 3108//3108 3102//3102
f 3110//3110 3104//3104 3124//3124
f 3104//3104 3107//3107 3124//3124
f 3092//3092 3108//3108 3105//3105
f 3218//3218 3103//3103 2971//2971
f 3100//3100 3105//3105 3128//3128
f 3037//3037 3109//3109 3112//3112
f 3110//3110 3124//3124 3126//3126
f 3111//3111 3110//3110 3117//3117
f 3110//3110 3126//3126 3117//3117
f 1699//1699 3111//3111 3117//3117
f 3114//3114 3048//3048 3201//3201
f 3095//3095 3115//3115 3119//3119
f 3143//3143 3070//3070 2393//2393
f 3115//3115 3123//3123 3119//3119
f 3116//3116 3058//3058 2381//2381
f 1699//1699 3117//3117 3126//3126
f 3461//3461 3050//3050 3118//3118
f 3105//3105 3108//3108 3121//3121
f 3128//3128 3105//3105 3121//3121
f 3107//3107 3106//3106 3125//3125
f 3095//3095 3119//3119 3125//3125
f 3106//3106 3095//3095 3125//3125
f 3116//3116 2381//2381 3206//3206
f 3113//3113 3100//3100 3122//3122
f 3050//3050 3060//3060 3118//3118
f 3060//3060 3085//3085 3118//3118
f 3123//3123 3113//3113 3131//3131
f 3113//3113 3122//3122 3131//3131
f 3223//3223 3224//3224 2373//2373
f 3206//3206 2381//2381 2530//2530
f 3108//3108 3128//3128 3121//3121
f 3100//3100 3128//3128 3122//3122
f 3112//3112 3109//3109 3136//3136
f 3124//3124 3107//3107 3135//3135
f 3107//3107 3125//3125 3135//3135
f 3155//3155 3001//3001 2397//2397
f 3024//3024 2358//2358 2343//2343
f 3001//3001 2619//2619 2397//2397
f 3123//3123 3131//3131 3119//3119
f 3126//3126 3124//3124 3138//3138
f 3124//3124 3135//3135 3138//3138
f 3122//3122 3128//3128 3130//3130
f 3131//3131 3122//3122 3130//3130
f 3119//3119 3131//3131 3133//3133
f 3131//3131 3130//3130 3129//3129
f 3080//3080 3068//3068 3164//3164
f 3068//3068 2363//2363 3164//3164
f 3048//3048 3090//3090 3127//3127
f 3201//3201 3048//3048 3127//3127
f 3090//3090 3093//3093 3127//3127
f 3128//3128 3129//3129 3130//3130
f 3119//3119 3133//3133 3125//3125
f 3075//3075 3145//3145 3152//3152
f 3093//3093 3075//3075 3152//3152
f 3131//3131 3129//3129 3133//3133
f 3069//3069 2983//2983 2353//2353
f 1699//1699 3126//3126 3134//3134
f 1910//1910 1699//1699 3134//3134
f 3129//3129 3137//3137 3133//3133
f 3133//3133 3137//3137 3125//3125
f 2902//2902 3223//3223 3217//3217
f 2972//2972 2902//2902 3217//3217
f 2722//2722 2977//2977 3150//3150
f 3125//3125 3137//3137 3135//3135
f 3135//3135 3137//3137 3138//3138
f 3136//3136 3109//3109 3204//3204
f 3126//3126 3138//3138 3139//3139
f 3109//3109 3199//3199 3204//3204
f 3134//3134 3126//3126 3139//3139
f 3138//3138 3137//3137 3139//3139
f 1910//1910 3134//3134 3139//3139
f 3137//3137 1910//1910 3139//3139
f 3017//3017 1398//1398 3202//3202
f 2976//2976 3017//3017 3202//3202
f 2540//2540 3169//3169 3174//3174
f 3173//3173 2679//2679 3174//3174
f 3118//3118 3085//3085 2356//2356
f 2710//2710 3190//3190 3189//3189
f 3184//3184 3140//3140 3189//3189
f 3193//3193 2693//2693 3141//3141
f 2826//2826 2827//2827 3141//3141
f 2768//2768 2741//2741 3200//3200
f 2940//2940 2939//2939 3200//3200
f 3073//3073 3207//3207 3142//3142
f 3085//3085 2362//2362 2356//2356
f 3209//3209 2361//2361 3142//3142
f 3145//3145 3073//3073 3144//3144
f 3142//3142 2361//2361 3144//3144
f 2361//2361 2428//2428 3144//3144
f 3073//3073 3142//3142 3144//3144
f 3152//3152 3145//3145 3149//3149
f 3145//3145 3144//3144 3149//3149
f 3144//3144 2428//2428 3149//3149
f 2428//2428 3146//3146 3149//3149
f 3146//3146 2538//2538 3149//3149
f 3147//3147 2350//2350 3148//3148
f 3149//3149 2538//2538 3148//3148
f 2538//2538 3151//3151 3148//3148
f 3151//3151 2528//2528 3148//3148
f 3152//3152 3149//3149 3148//3148
f 2350//2350 3152//3152 3148//3148
f 3147//3147 3148//3148 3153//3153
f 2470//2470 3147//3147 3153//3153
f 3156//3156 3069//3069 2353//2353
f 2528//2528 3154//3154 3153//3153
f 3148//3148 2528//2528 3153//3153
f 3153//3153 3154//3154 3157//3157
f 3154//3154 2755//2755 3157//3157
f 2470//2470 3153//3153 3157//3157
f 3160//3160 2470//2470 3157//3157
f 2864//2864 3158//3158 3159//3159
f 2643//2643 2864//2864 3159//3159
f 3158//3158 2529//2529 3159//3159
f 2529//2529 2643//2643 3159//3159
f 3163//3163 3160//3160 3167//3167
f 3166//3166 3162//3162 3167//3167
f 3165//3165 3161//3161 3167//3167
f 3041//3041 3080//3080 3176//3176
f 3162//3162 3163//3163 3167//3167
f 3080//3080 3164//3164 3176//3176
f 3161//3161 2931//2931 3167//3167
f 2755//2755 3165//3165 3167//3167
f 3160//3160 3157//3157 3167//3167
f 3157//3157 2755//2755 3167//3167
f 3210//3210 3166//3166 3168//3168
f 3167//3167 2931//2931 3168//3168
f 2931//2931 3213//3213 3168//3168
f 3166//3166 3167//3167 3168//3168
f 3174//3174 3169//3169 3175//3175
f 2483//2483 3170//3170 3175//3175
f 3169//3169 3171//3171 3175//3175
f 3171//3171 2483//2483 3175//3175
f 2637//2637 2604//2604 3172//3172
f 3174//3174 3175//3175 3172//3172
f 2604//2604 3173//3173 3172//3172
f 3173//3173 3174//3174 3172//3172
f 3175//3175 3170//3170 3172//3172
f 2567//2567 2637//2637 3172//3172
f 3170//3170 2567//2567 3172//3172
f 2540//2540 3174//3174 3177//3177
f 2557//2557 2540//2540 3177//3177
f 2578//2578 2557//2557 3178//3178
f 3140//3140 2578//2578 3178//3178
f 3189//3189 3140//3140 3178//3178
f 2557//2557 3177//3177 3178//3178
f 3189//3189 3178//3178 3181//3181
f 3178//3178 3177//3177 3181//3181
f 3177//3177 3174//3174 3181//3181
f 3127//3127 3093//3093 3179//3179
f 3093//3093 3152//3152 3179//3179
f 3181//3181 3174//3174 3182//3182
f 3174//3174 2679//2679 3182//3182
f 2679//2679 2673//2673 3182//3182
f 3182//3182 2673//2673 3180//3180
f 3181//3181 3182//3182 3180//3180
f 3189//3189 3181//3181 3180//3180
f 2673//2673 3183//3183 3180//3180
f 3183//3183 2710//2710 3180//3180
f 2710//2710 3189//3189 3180//3180
f 3184//3184 3189//3189 3188//3188
f 3186//3186 3184//3184 3188//3188
f 3185//3185 3186//3186 3187//3187
f 2693//2693 3185//3185 3187//3187
f 3141//3141 2693//2693 3187//3187
f 3186//3186 3188//3188 3187//3187
f 3141//3141 3187//3187 3188//3188
f 3188//3188 3189//3189 3191//3191
f 3189//3189 3190//3190 3191//3191
f 3190//3190 2761//2761 3191//3191
f 2826//2826 3141//3141 3192//3192
f 2757//2757 2826//2826 3192//3192
f 3141//3141 3188//3188 3192//3192
f 3191//3191 2761//2761 3192//3192
f 3188//3188 3191//3191 3192//3192
f 2761//2761 2757//2757 3192//3192
f 3193//3193 3141//3141 3194//3194
f 3200//3200 2741//2741 3195//3195
f 2741//2741 2742//2742 3195//3195
f 2742//2742 3194//3194 3195//3195
f 3194//3194 3141//3141 3196//3196
f 3195//3195 3194//3194 3196//3196
f 3200//3200 3195//3195 3196//3196
f 3204//3204 3199//3199 2359//2359
f 2827//2827 2825//2825 3197//3197
f 3196//3196 3141//3141 3197//3197
f 3141//3141 2827//2827 3197//3197
f 3196//3196 3197//3197 3198//3198
f 2825//2825 3203//3203 3198//3198
f 3199//3199 3114//3114 2359//2359
f 3200//3200 3196//3196 3198//3198
f 3114//3114 3201//3201 2359//2359
f 3197//3197 2825//2825 3198//3198
f 2940//2940 3200//3200 3198//3198
f 3203//3203 2940//2940 3198//3198
f 2786//2786 2768//2768 3220//3220
f 3219//3219 2786//2786 3220//3220
f 2768//2768 3200//3200 3220//3220
f 3220//3220 3200//3200 3205//3205
f 3200//3200 2939//2939 3205//3205
f 3116//3116 3206//3206 3208//3208
f 3023//3023 3116//3116 3208//3208
f 3142//3142 3207//3207 3208//3208
f 3207//3207 3023//3023 3208//3208
f 3206//3206 3209//3209 3208//3208
f 3209//3209 3142//3142 3208//3208
f 3210//3210 3168//3168 3212//3212
f 2840//2840 3211//3211 3212//3212
f 2726//2726 3210//3210 3212//3212
f 2389//2389 2975//2975 2379//2379
f 3211//3211 2726//2726 3212//3212
f 3053//3053 2840//2840 3212//3212
f 2975//2975 3101//3101 2379//2379
f 3168//3168 3213//3213 3214//3214
f 3213//3213 3002//3002 3214//3214
f 3215//3215 3053//3053 3214//3214
f 3053//3053 3212//3212 3214//3214
f 3002//3002 3215//3215 3214//3214
f 3212//3212 3168//3168 3214//3214
f 3216//3216 3034//3034 2347//2347
f 3034//3034 3036//3036 2347//2347
f 1985//1985 3216//3216 2347//2347
f 2406//2406 2398//2398 2346//2346
f 3205//3205 2970//2970 2344//2344
f 2970//2970 3024//3024 2344//2344
f 3220//3220 3205//3205 2344//2344
f 3223//3223 2373//2373 3217//3217
f 2984//2984 3176//3176 3070//3070
f 2848//2848 3219//3219 3221//3221
f 3219//3219 3220//3220 3221//3221
f 2849//2849 2848//2848 3221//3221
f 3220//3220 2344//2344 3221//3221
f 2849//2849 3221//3221 2343//2343
f 3223//3223 2902//2902 2343//2343
f 2344//2344 3024//3024 2343//2343
f 3224//3224 3223//3223 2343//2343
f 3319//3319 3225//3225 3226//3226
f 3230//3230 1413//1413 3228//3228
f 3230//3230 3324//3324 1413//1413
f 3231//3231 3323//3323 3227//3227
f 3230//3230 3319//3319 3324//3324
f 3233//3233 3323//3323 3231//3231
f 3230//3230 3225//3225 3319//3319
f 3230//3230 3228//3228 1418//1418
f 3323//3323 199//199 3229//3229
f 3233//3233 199//199 3323//3323
f 3232//3232 3230//3230 1418//1418
f 3235//3235 3233//3233 3231//3231
f 3236//3236 3230//3230 3232//3232
f 3236//3236 3234//3234 3225//3225
f 3236//3236 3225//3225 3230//3230
f 3232//3232 1418//1418 3237//3237
f 3235//3235 3241//3241 199//199
f 3235//3235 199//199 3233//3233
f 3238//3238 3235//3235 3231//3231
f 3234//3234 3236//3236 3232//3232
f 3241//3241 3235//3235 3238//3238
f 3239//3239 3232//3232 3237//3237
f 3239//3239 3234//3234 3232//3232
f 3239//3239 3444//3444 3234//3234
f 3240//3240 3239//3239 3237//3237
f 3240//3240 3237//3237 1361//1361
f 3444//3444 3239//3239 3240//3240
f 3250//3250 3238//3238 3231//3231
f 3242//3242 3238//3238 3250//3250
f 3242//3242 3241//3241 3238//3238
f 3242//3242 3249//3249 3241//3241
f 3246//3246 3243//3243 1233//1233
f 3244//3244 3240//3240 1361//1361
f 3244//3244 1361//1361 3247//3247
f 3248//3248 3242//3242 3250//3250
f 3245//3245 3243//3243 3246//3246
f 3245//3245 3474//3474 3243//3243
f 3244//3244 3444//3444 3240//3240
f 3245//3245 3253//3253 3474//3474
f 3245//3245 3246//3246 3254//3254
f 3244//3244 3247//3247 3256//3256
f 3248//3248 3258//3258 3249//3249
f 3248//3248 3249//3249 3242//3242
f 3251//3251 3444//3444 3244//3244
f 3257//3257 3248//3248 3250//3250
f 3257//3257 3250//3250 3265//3265
f 3255//3255 3244//3244 3256//3256
f 3252//3252 3245//3245 3254//3254
f 3252//3252 3253//3253 3245//3245
f 3252//3252 3448//3448 3253//3253
f 3255//3255 3251//3251 3244//3244
f 3260//3260 3254//3254 3259//3259
f 3255//3255 3263//3263 3251//3251
f 3261//3261 3255//3255 3256//3256
f 3260//3260 3252//3252 3254//3254
f 3262//3262 3252//3252 3260//3260
f 3261//3261 3256//3256 3264//3264
f 3257//3257 3258//3258 3248//3248
f 3448//3448 3252//3252 3262//3262
f 3263//3263 3255//3255 3261//3261
f 3266//3266 3257//3257 3265//3265
f 3262//3262 3479//3479 3448//3448
f 3514//3514 3263//3263 3261//3261
f 3266//3266 201//201 3258//3258
f 3266//3266 3258//3258 3257//3257
f 3268//3268 3266//3266 3265//3265
f 3270//3270 3261//3261 3264//3264
f 3267//3267 3260//3260 3259//3259
f 3267//3267 3262//3262 3260//3260
f 3268//3268 201//201 3266//3266
f 3479//3479 3262//3262 3267//3267
f 3514//3514 3261//3261 3270//3270
f 3267//3267 3259//3259 1419//1419
f 3267//3267 1419//1419 3272//3272
f 3279//3279 201//201 3268//3268
f 3273//3273 3268//3268 3265//3265
f 3269//3269 3270//3270 3264//3264
f 3269//3269 3264//3264 3278//3278
f 3275//3275 3268//3268 3273//3273
f 3274//3274 3479//3479 3267//3267
f 3274//3274 3267//3267 3272//3272
f 3274//3274 3271//3271 3479//3479
f 3279//3279 3268//3268 3275//3275
f 3277//3277 3272//3272 1416//1416
f 3269//3269 3514//3514 3270//3270
f 3277//3277 3274//3274 3272//3272
f 3498//3498 3514//3514 3269//3269
f 3271//3271 3274//3274 3277//3277
f 3276//3276 3280//3280 3271//3271
f 3276//3276 3271//3271 3277//3277
f 3283//3283 3277//3277 1416//1416
f 3283//3283 3276//3276 3277//3277
f 3284//3284 3269//3269 3278//3278
f 3288//3288 3276//3276 3283//3283
f 3282//3282 206//206 3279//3279
f 3282//3282 3275//3275 3273//3273
f 3282//3282 3279//3279 3275//3275
f 3288//3288 3280//3280 3276//3276
f 3281//3281 3269//3269 3284//3284
f 3286//3286 3269//3269 3281//3281
f 3286//3286 3498//3498 3269//3269
f 3286//3286 3504//3504 3498//3498
f 1412//1412 3283//3283 1416//1416
f 3282//3282 3293//3293 206//206
f 3290//3290 3282//3282 3273//3273
f 3290//3290 3273//3273 3298//3298
f 3285//3285 3283//3283 1412//1412
f 3286//3286 3287//3287 3504//3504
f 3281//3281 3284//3284 1432//1432
f 3293//3293 3282//3282 3290//3290
f 3285//3285 3288//3288 3283//3283
f 3287//3287 3286//3286 3281//3281
f 3288//3288 3481//3481 3280//3280
f 3285//3285 3481//3481 3288//3288
f 3291//3291 3285//3285 1412//1412
f 3289//3289 3281//3281 1432//1432
f 3289//3289 3287//3287 3281//3281
f 3289//3289 3292//3292 3287//3287
f 3296//3296 3293//3293 3290//3290
f 3301//3301 3289//3289 1432//1432
f 3295//3295 3285//3285 3291//3291
f 3301//3301 1432//1432 1431//1431
f 3295//3295 3483//3483 3481//3481
f 3295//3295 3481//3481 3285//3285
f 3292//3292 3289//3289 3301//3301
f 3300//3300 3290//3290 3298//3298
f 3296//3296 3290//3290 3300//3300
f 3291//3291 1412//1412 3294//3294
f 3299//3299 3291//3291 3294//3294
f 3299//3299 3295//3295 3291//3291
f 3302//3302 3295//3295 3299//3299
f 3302//3302 3486//3486 3483//3483
f 3302//3302 3483//3483 3295//3295
f 3299//3299 3294//3294 1409//1409
f 1434//1434 3300//3300 3298//3298
f 3297//3297 3301//3301 1431//1431
f 3306//3306 3302//3302 3299//3299
f 3305//3305 3301//3301 3297//3297
f 3306//3306 3486//3486 3302//3302
f 3305//3305 3292//3292 3301//3301
f 3305//3305 3303//3303 3292//3292
f 3300//3300 3304//3304 3296//3296
f 3309//3309 1434//1434 1439//1439
f 3306//3306 3299//3299 1409//1409
f 3309//3309 3300//3300 1434//1434
f 3309//3309 3304//3304 3300//3300
f 3306//3306 3308//3308 3486//3486
f 3307//3307 3297//3297 3313//3313
f 3312//3312 3306//3306 1409//1409
f 3307//3307 3305//3305 3297//3297
f 3310//3310 3306//3306 3312//3312
f 3307//3307 194//194 3303//3303
f 3307//3307 3303//3303 3305//3305
f 3311//3311 3307//3307 3313//3313
f 3309//3309 3314//3314 3304//3304
f 3315//3315 3309//3309 1439//1439
f 3311//3311 194//194 3307//3307
f 3310//3310 3308//3308 3306//3306
f 3318//3318 3311//3311 3313//3313
f 3315//3315 3314//3314 3309//3309
f 3315//3315 1439//1439 3344//3344
f 3316//3316 3312//3312 1410//1410
f 3311//3311 196//196 194//194
f 3318//3318 3313//3313 3227//3227
f 3316//3316 3310//3310 3312//3312
f 3315//3315 195//195 3314//3314
f 3315//3315 3344//3344 195//195
f 3317//3317 3310//3310 3316//3316
f 3317//3317 3488//3488 3308//3308
f 3317//3317 3308//3308 3310//3310
f 3316//3316 1410//1410 3322//3322
f 3318//3318 196//196 3311//3311
f 3321//3321 3316//3316 3322//3322
f 3321//3321 3317//3317 3316//3316
f 3320//3320 3318//3318 3227//3227
f 3319//3319 3226//3226 3488//3488
f 3319//3319 3488//3488 3317//3317
f 3319//3319 3317//3317 3321//3321
f 3324//3324 3321//3321 3322//3322
f 3324//3324 3322//3322 1413//1413
f 3320//3320 3229//3229 196//196
f 3320//3320 196//196 3318//3318
f 3319//3319 3321//3321 3324//3324
f 3323//3323 3320//3320 3227//3227
f 3323//3323 3229//3229 3320//3320
f 3417//3417 3420//3420 3333//3333
f 3417//3417 203//203 3416//3416
f 3333//3333 3325//3325 3327//3327
f 203//203 3417//3417 3333//3333
f 3328//3328 3326//3326 1208//1208
f 3329//3329 3326//3326 3328//3328
f 3329//3329 3419//3419 3326//3326
f 3329//3329 3335//3335 3419//3419
f 3328//3328 1208//1208 1421//1421
f 3330//3330 203//203 3333//3333
f 3331//3331 3330//3330 203//203
f 3334//3334 3328//3328 1421//1421
f 3332//3332 3327//3327 1287//1287
f 3332//3332 3333//3333 3327//3327
f 3334//3334 3329//3329 3328//3328
f 3330//3330 3333//3333 3332//3332
f 3334//3334 3335//3335 3329//3329
f 3334//3334 3337//3337 3335//3335
f 3341//3341 1421//1421 3339//3339
f 3341//3341 3334//3334 1421//1421
f 3337//3337 3334//3334 3341//3341
f 3336//3336 3338//3338 3330//3330
f 3336//3336 3330//3330 3332//3332
f 3340//3340 3332//3332 1287//1287
f 3340//3340 1287//1287 3348//3348
f 3340//3340 3336//3336 3332//3332
f 3345//3345 3341//3341 3339//3339
f 3340//3340 3338//3338 3336//3336
f 3347//3347 3341//3341 3345//3345
f 3243//3243 3407//3407 1233//1233
f 3343//3343 3341//3341 3347//3347
f 3343//3343 3337//3337 3341//3341
f 3343//3343 3342//3342 3337//3337
f 3346//3346 3352//3352 195//195
f 3346//3346 195//195 3344//3344
f 3346//3346 3344//3344 1310//1310
f 3349//3349 3340//3340 3348//3348
f 3358//3358 3347//3347 3345//3345
f 3353//3353 3340//3340 3349//3349
f 3358//3358 3343//3343 3347//3347
f 3353//3353 3338//3338 3340//3340
f 3349//3349 3348//3348 3355//3355
f 3358//3358 3342//3342 3343//3343
f 3358//3358 3357//3357 3342//3342
f 3350//3350 3345//3345 1288//1288
f 3359//3359 3346//3346 1310//1310
f 3350//3350 3358//3358 3345//3345
f 3359//3359 3352//3352 3346//3346
f 3359//3359 3351//3351 3352//3352
f 3350//3350 1288//1288 1414//1414
f 3360//3360 3359//3359 1310//1310
f 3354//3354 3349//3349 3355//3355
f 3354//3354 3353//3353 3349//3349
f 3354//3354 3361//3361 3353//3353
f 3356//3356 3355//3355 3362//3362
f 3356//3356 3354//3354 3355//3355
f 3361//3361 3354//3354 3356//3356
f 3357//3357 3358//3358 3350//3350
f 3363//3363 3356//3356 3362//3362
f 3365//3365 3350//3350 1414//1414
f 3359//3359 3366//3366 3351//3351
f 3363//3363 3362//3362 1440//1440
f 3370//3370 3360//3360 1417//1417
f 3365//3365 3357//3357 3350//3350
f 3365//3365 3364//3364 3357//3357
f 3370//3370 3359//3359 3360//3360
f 3367//3367 3365//3365 1414//1414
f 3367//3367 1414//1414 1411//1411
f 3368//3368 3365//3365 3367//3367
f 3366//3366 3359//3359 3370//3370
f 3368//3368 3364//3364 3365//3365
f 207//207 3356//3356 3363//3363
f 207//207 3361//3361 3356//3356
f 3371//3371 3370//3370 1417//1417
f 3368//3368 3373//3373 3364//3364
f 3369//3369 3367//3367 1411//1411
f 3377//3377 3363//3363 1440//1440
f 3371//3371 3375//3375 3366//3366
f 3371//3371 3366//3366 3370//3370
f 3372//3372 3367//3367 3369//3369
f 3371//3371 1417//1417 3376//3376
f 208//208 3363//3363 3377//3377
f 3372//3372 3368//3368 3367//3367
f 208//208 207//207 3363//3363
f 3372//3372 3369//3369 3374//3374
f 3382//3382 3371//3371 3376//3376
f 3373//3373 3368//3368 3372//3372
f 3382//3382 3375//3375 3371//3371
f 3382//3382 3386//3386 3375//3375
f 3383//3383 3377//3377 1440//1440
f 3378//3378 3373//3373 3372//3372
f 3378//3378 3372//3372 3374//3374
f 3378//3378 3466//3466 3373//3373
f 3379//3379 3374//3374 3380//3380
f 3466//3466 3374//3374 3379//3379
f 3466//3466 3378//3378 3374//3374
f 3454//3454 3377//3377 3383//3383
f 3454//3454 208//208 3377//3377
f 3384//3384 3382//3382 3376//3376
f 3383//3383 1440//1440 3381//3381
f 3385//3385 3454//3454 3383//3383
f 3387//3387 3380//3380 1264//1264
f 3387//3387 3379//3379 3380//3380
f 3385//3385 3455//3455 3454//3454
f 3385//3385 3383//3383 3381//3381
f 3385//3385 3381//3381 1433//1433
f 3384//3384 3386//3386 3382//3382
f 209//209 3386//3386 3384//3384
f 3450//3450 3379//3379 3387//3387
f 3450//3450 3466//3466 3379//3379
f 3387//3387 1264//1264 3393//3393
f 3391//3391 3384//3384 3376//3376
f 3388//3388 3385//3385 1433//1433
f 3395//3395 3384//3384 3391//3391
f 3389//3389 3387//3387 3393//3393
f 3388//3388 3455//3455 3385//3385
f 3388//3388 3456//3456 3455//3455
f 3392//3392 3388//3388 1433//1433
f 3395//3395 209//209 3384//3384
f 3392//3392 1433//1433 1248//1248
f 3389//3389 3450//3450 3387//3387
f 3390//3390 209//209 3395//3395
f 3456//3456 3388//3388 3392//3392
f 3389//3389 3469//3469 3450//3450
f 3397//3397 3393//3393 3400//3400
f 3397//3397 3389//3389 3393//3393
f 3469//3469 3389//3389 3397//3397
f 3403//3403 3456//3456 3392//3392
f 3399//3399 3395//3395 3391//3391
f 3403//3403 3394//3394 3456//3456
f 3399//3399 3390//3390 3395//3395
f 1428//1428 3392//3392 1248//1248
f 3399//3399 3391//3391 3396//3396
f 3403//3403 3392//3392 1428//1428
f 3401//3401 3397//3397 3400//3400
f 3403//3403 1428//1428 1429//1429
f 3402//3402 3397//3397 3401//3401
f 3402//3402 3469//3469 3397//3397
f 3399//3399 3396//3396 3408//3408
f 3402//3402 3398//3398 3469//3469
f 3401//3401 3400//3400 3405//3405
f 3404//3404 3403//3403 1429//1429
f 3404//3404 3394//3394 3403//3403
f 3404//3404 3410//3410 3394//3394
f 1427//1427 3404//3404 1429//1429
f 3406//3406 3401//3401 3405//3405
f 3409//3409 3404//3404 1427//1427
f 3406//3406 3402//3402 3401//3401
f 3406//3406 3398//3398 3402//3402
f 3406//3406 3470//3470 3398//3398
f 3410//3410 3404//3404 3409//3409
f 3406//3406 3405//3405 3407//3407
f 3411//3411 3399//3399 3408//3408
f 3418//3418 3408//3408 3396//3396
f 3409//3409 3412//3412 3410//3410
f 3420//3420 3408//3408 3418//3418
f 3414//3414 1427//1427 1426//1426
f 3406//3406 3407//3407 3243//3243
f 3415//3415 3408//3408 3420//3420
f 3406//3406 3243//3243 3474//3474
f 3415//3415 3411//3411 3408//3408
f 3414//3414 3409//3409 1427//1427
f 3406//3406 3474//3474 3470//3470
f 3414//3414 3412//3412 3409//3409
f 3414//3414 1426//1426 3413//3413
f 3417//3417 3416//3416 3415//3415
f 3417//3417 3415//3415 3420//3420
f 3420//3420 3418//3418 3325//3325
f 3421//3421 3414//3414 3413//3413
f 3421//3421 3412//3412 3414//3414
f 3421//3421 3419//3419 3412//3412
f 3326//3326 3421//3421 3413//3413
f 3326//3326 3413//3413 1208//1208
f 3333//3333 3420//3420 3325//3325
f 3419//3419 3421//3421 3326//3326
f 3436//3436 3433//3433 3437//3437
f 1380//1380 3436//3436 3437//3437
f 3442//3442 224//224 210//210
f 211//211 3442//3442 210//210
f 2469//2469 3445//3445 3444//3444
f 3445//3445 2525//2525 3234//3234
f 2525//2525 2568//2568 3225//3225
f 2568//2568 2620//2620 3226//3226
f 2620//2620 3446//3446 3488//3488
f 3446//3446 3447//3447 3308//3308
f 3447//3447 2699//2699 3486//3486
f 2699//2699 2776//2776 3483//3483
f 2776//2776 2801//2801 3481//3481
f 2801//2801 2815//2815 3280//3280
f 2815//2815 2891//2891 3271//3271
f 2891//2891 3478//3478 3479//3479
f 2843//2843 3451//3451 3454//3454
f 3478//3478 2912//2912 3448//3448
f 2912//2912 2944//2944 3253//3253
f 2944//2944 3449//3449 3474//3474
f 3449//3449 3471//3471 3470//3470
f 3471//3471 3468//3468 3398//3398
f 2820//2820 2843//2843 3454//3454
f 3468//3468 2418//2418 3469//3469
f 2418//2418 2438//2438 3450//3450
f 2438//2438 2570//2570 3466//3466
f 2570//2570 2759//2759 3373//3373
f 2365//2365 2534//2534 3410//3410
f 2854//2854 2820//2820 3454//3454
f 1521//1521 3452//3452 2965//2965
f 1523//1523 3454//3454 3451//3451
f 1557//1557 1522//1522 2964//2964
f 3453//3453 1558//1558 2966//2966
f 1553//1553 1558//1558 3453//3453
f 3022//3022 1553//1553 3453//3453
f 3455//3455 2797//2797 2854//2854
f 3455//3455 2854//2854 3454//3454
f 3426//3426 1523//1523 1481//1481
f 3426//3426 1481//1481 1467//1467
f 3426//3426 1467//1467 3457//3457
f 3426//3426 3454//3454 1523//1523
f 2733//2733 2797//2797 3455//3455
f 3456//3456 2733//2733 3455//3455
f 2629//2629 2733//2733 3456//3456
f 1375//1375 3457//3457 2318//2318
f 1375//1375 2318//2318 2266//2266
f 1375//1375 3426//3426 3457//3457
f 3394//3394 2629//2629 3456//3456
f 2534//2534 2629//2629 3394//3394
f 1374//1374 1375//1375 2266//2266
f 1374//1374 2266//2266 2265//2265
f 3458//3458 1374//1374 2265//2265
f 3410//3410 2534//2534 3394//3394
f 3425//3425 1374//1374 3458//3458
f 2205//2205 3425//3425 3458//3458
f 3412//3412 2365//2365 3410//3410
f 2370//2370 2365//2365 3412//3412
f 3459//3459 3425//3425 2205//2205
f 3419//3419 2370//2370 3412//3412
f 3460//3460 3459//3459 2205//2205
f 2369//2369 2370//2370 3419//3419
f 1370//1370 3459//3459 3460//3460
f 3335//3335 2369//2369 3419//3419
f 2152//2152 1370//1370 3460//3460
f 3461//3461 2369//2369 3335//3335
f 3423//3423 1370//1370 2152//2152
f 3337//3337 3461//3461 3335//3335
f 2109//2109 3423//3423 2152//2152
f 3050//3050 3461//3461 3337//3337
f 3462//3462 3423//3423 2109//2109
f 3342//3342 3050//3050 3337//3337
f 3463//3463 3462//3462 2109//2109
f 3059//3059 3050//3050 3342//3342
f 3422//3422 3462//3462 3463//3463
f 3357//3357 3059//3059 3342//3342
f 2056//2056 3422//3422 3463//3463
f 2835//2835 3059//3059 3357//3357
f 3464//3464 2056//2056 3465//3465
f 3464//3464 3422//3422 2056//2056
f 2823//2823 3357//3357 3364//3364
f 2823//2823 2835//2835 3357//3357
f 2759//2759 2823//2823 3364//3364
f 3373//3373 2759//2759 3364//3364
f 3424//3424 3465//3465 1801//1801
f 3424//3424 3464//3464 3465//3465
f 3466//3466 2570//2570 3373//3373
f 3467//3467 3424//3424 1801//1801
f 3467//3467 1801//1801 1566//1566
f 3450//3450 2438//2438 3466//3466
f 1371//1371 3467//3467 1566//1566
f 1371//1371 1566//1566 1562//1562
f 1448//1448 1371//1371 1562//1562
f 3469//3469 2418//2418 3450//3450
f 1372//1372 1371//1371 1448//1448
f 2316//2316 1372//1372 1448//1448
f 3398//3398 3468//3468 3469//3469
f 1373//1373 1372//1372 2316//2316
f 3472//3472 1373//1373 2316//2316
f 3470//3470 3471//3471 3398//3398
f 3473//3473 1373//1373 3472//3472
f 3476//3476 3473//3473 3472//3472
f 3474//3474 3449//3449 3470//3470
f 3253//3253 2944//2944 3474//3474
f 3475//3475 3473//3473 3476//3476
f 3475//3475 3476//3476 3477//3477
f 2160//2160 3475//3475 3477//3477
f 3448//3448 2912//2912 3253//3253
f 1191//1191 3475//3475 2160//2160
f 2135//2135 1191//1191 2160//2160
f 3479//3479 3478//3478 3448//3448
f 3512//3512 1191//1191 2135//2135
f 3271//3271 2891//2891 3479//3479
f 1377//1377 3512//3512 2141//2141
f 3480//3480 1377//1377 2141//2141
f 3280//3280 2815//2815 3271//3271
f 1378//1378 3480//3480 3482//3482
f 1378//1378 1377//1377 3480//3480
f 3481//3481 2801//2801 3280//3280
f 2067//2067 1378//1378 3482//3482
f 3428//3428 1378//1378 2067//2067
f 3483//3483 2776//2776 3481//3481
f 2029//2029 3428//3428 2067//2067
f 3484//3484 3428//3428 2029//2029
f 3486//3486 2699//2699 3483//3483
f 3485//3485 3484//3484 2029//2029
f 3430//3430 3484//3484 3485//3485
f 3308//3308 3447//3447 3486//3486
f 3487//3487 3430//3430 3485//3485
f 3488//3488 3446//3446 3308//3308
f 3432//3432 3430//3430 3487//3487
f 3489//3489 3432//3432 3487//3487
f 3226//3226 2620//2620 3488//3488
f 1186//1186 3432//3432 3489//3489
f 1829//1829 1186//1186 3489//3489
f 3225//3225 2568//2568 3226//3226
f 3435//3435 1186//1186 1829//1829
f 1830//1830 3435//3435 1829//1829
f 3234//3234 2525//2525 3225//3225
f 3491//3491 1830//1830 3490//3490
f 3491//3491 3435//3435 1830//1830
f 3444//3444 3445//3445 3234//3234
f 1181//1181 3490//3490 3493//3493
f 1181//1181 3491//3491 3490//3490
f 3251//3251 2469//2469 3444//3444
f 3492//3492 3493//3493 1643//1643
f 3492//3492 1181//1181 3493//3493
f 3494//3494 2469//2469 3251//3251
f 3263//3263 3494//3494 3251//3251
f 2407//2407 3494//3494 3263//3263
f 3438//3438 1643//1643 1606//1606
f 3438//3438 3492//3492 1643//1643
f 3514//3514 2407//2407 3263//3263
f 3496//3496 1606//1606 1543//1543
f 3496//3496 3438//3438 1606//1606
f 3498//3498 3495//3495 3514//3514
f 1508//1508 3496//3496 1543//1543
f 3497//3497 3495//3495 3498//3498
f 2368//2368 3497//3497 3498//3498
f 3504//3504 2368//2368 3498//3498
f 3504//3504 3499//3499 2368//2368
f 3502//3502 3499//3499 3504//3504
f 1495//1495 3513//3513 3500//3500
f 2383//2383 1495//1495 3500//3500
f 3509//3509 1508//1508 1490//1490
f 3509//3509 3496//3496 1508//1508
f 3509//3509 1490//1490 1487//1487
f 3506//3506 2384//2384 3503//3503
f 3505//3505 1495//1495 2383//2383
f 3510//3510 3502//3502 3504//3504
f 3511//3511 3507//3507 3501//3501
f 1382//1382 1487//1487 1478//1478
f 1382//1382 1478//1478 3508//3508
f 1382//1382 3508//3508 3510//3510
f 1382//1382 3509//3509 1487//1487
f 1382//1382 3510//3510 3504//3504
f 1985//1985 1553//1553 3022//3022
f 2135//2135 2141//2141 3512//3512
f 1779//1779 3500//3500 3513//3513
f 3495//3495 2407//2407 3514//3514

