mtllib material.mtl
usemtl SWMaterial-2_003
v 0.03657500 0.08559100 0.01800000
v 0.03247900 0.08536500 -0.02416000
v 0.00000700 0.08527800 -0.04014000
v 0.03866500 0.08512700 -0.01330000
v 0.02983600 0.08534400 0.02926000
v 0.01235200 0.08513100 -0.03833000
v 0.02680000 0.08530500 0.03219000
v 0.03973300 0.08545900 -0.00924000
v 0.01948400 0.08559100 -0.03432000
v 0.01625800 0.08527200 -0.03679000
v 0.04119400 0.08509100 -0.00108000
v 0.04107400 0.08529500 0.00313000
v 0.01445100 0.08559100 0.03570000
v 0.04006600 0.08559100 -0.00132000
v 0.02679500 0.08540100 -0.03012000
v 0.03985200 0.08523500 0.01131000
v 0.03855700 0.08536600 0.01520000
v 0.00426100 0.06159100 0.04580000
v 0.00000000 0.06159100 0.04600000
v 0.04105800 0.07859100 -0.01742000
v 0.00000000 0.06959100 0.04600000
v 0.03914700 0.06159100 -0.02119000
v 0.01026600 0.06959100 0.04481000
v 0.03687000 0.06159100 -0.02480000
v 0.03426100 0.06159100 -0.02818000
v 0.03680200 0.07859100 -0.02490000
v 0.02054800 0.06159100 0.04103000
v 0.03134400 0.06159100 -0.03129000
v 0.03119900 0.07859100 -0.03143000
v 0.02375300 0.07859100 0.03922000
v 0.02445600 0.07859100 -0.03677000
v 0.02772800 0.06159100 0.03644000
v 0.00900700 0.06159100 -0.04309000
v 0.03360900 0.07859100 0.03092000
v 0.03391300 0.06159100 0.03058000
v 0.04071000 0.07859100 0.02017000
v 0.00479100 0.06159100 -0.04374000
v 0.04235700 0.07859100 0.01619000
v 0.04085300 0.06159100 0.01987000
v 0.04245600 0.06159100 0.01592000
v 0.04447500 0.07859100 0.00785000
v 0.04367800 0.06159100 0.01183000
v 0.04450700 0.06159100 0.00764000
v 0.04496600 0.07859100 -0.00074000
v 0.00215200 0.06707300 -0.04396000
v 0.00856600 0.07859100 -0.04318000
v 0.04496100 0.06159100 -0.00087000
v 0.04458200 0.06159100 -0.00512000
v -0.04078000 0.08348500 -0.00975000
v -0.03983300 0.08184100 -0.01552000
v -0.04263100 0.07859100 -0.01341000
v -0.04105800 0.07859100 -0.01742000
v -0.02984900 0.08530200 -0.02729000
v -0.02624300 0.08184100 -0.03322000
v -0.02445600 0.07859100 -0.03677000
v -0.02795600 0.07859100 -0.03426000
v -0.01989200 0.08533400 0.03698000
v -0.02073200 0.07859100 -0.03894000
v -0.01983700 0.08546500 -0.03491000
v -0.02155400 0.08184100 -0.03635000
v -0.00825500 0.08539300 -0.03923000
v -0.01115700 0.08184100 -0.04066000
v -0.01275000 0.07859100 -0.04216000
v -0.00562600 0.08184100 -0.04176000
v -0.00332700 0.08530400 -0.04001000
v -0.02160100 0.08184100 0.03832000
v -0.01610800 0.08401600 0.03967000
v -0.02341900 0.08535700 0.03477000
v -0.02685700 0.08510600 0.03229000
v -0.03052200 0.08184100 0.03146000
v -0.03059400 0.07859100 0.03400000
v -0.03423600 0.08184100 0.02722000
v -0.03249200 0.08533500 0.02617000
v -0.02983500 0.08532200 0.02928000
v -0.03631600 0.07859100 0.02757000
v -0.04071000 0.07859100 0.02017000
v -0.03617800 0.08347300 0.02268000
v -0.04235700 0.07859100 0.01619000
v -0.03985400 0.08184100 0.01747000
v -0.04173500 0.08351500 0.00693000
v -0.04312400 0.08184100 0.00097000
v -0.04496600 0.07859100 -0.00074000
v -0.01923300 0.07857000 0.04173000
v 0.01803500 0.07967000 0.04155000
v -0.00183300 0.06509700 -0.04244000
v 0.00363000 0.08122100 0.03600000
v 0.00068500 0.08278600 0.03520000
v 0.02526700 0.09109100 -0.01781000
v 0.02291200 0.09109100 -0.02062000
v 0.00726400 0.09109100 0.03165000
v 0.01077400 0.09109100 -0.02860000
v 0.01413700 0.09109100 0.02915000
v 0.00365700 0.08559100 -0.03029000
v 0.01730900 0.09109100 0.02732000
v 0.01413700 0.08559100 0.02915000
v 0.00000000 0.09109100 -0.03050000
v 0.02024800 0.08559100 0.02513000
v 0.02024800 0.09109100 0.02513000
v 0.02526700 0.09109100 0.01981000
v 0.03017700 0.09109100 0.01003000
v 0.03144700 0.09109100 0.00283000
v 0.03102100 0.09109100 0.00647000
v 0.03144700 0.09109100 -0.00083000
v 0.03144700 0.08559100 0.00283000
v 0.03102100 0.08559100 -0.00447000
v 0.03017700 0.08559100 -0.00803000
v 0.02728000 0.09109100 -0.01475000
v 0.02728000 0.08559100 -0.01475000
v 0.00365700 0.09109100 -0.03029000
v 0.00873300 0.09209100 0.03017000
v 0.01077400 0.09109100 0.03060000
v 0.00726400 0.09109100 -0.02965000
v 0.00365700 0.09109100 0.03229000
v 0.01413700 0.09109100 -0.02715000
v 0.01730900 0.09109100 -0.02532000
v 0.02024800 0.09109100 -0.02313000
v 0.02892400 0.09109100 -0.01148000
v 0.02962800 0.09209100 -0.00603000
v 0.03017700 0.09109100 -0.00803000
v 0.03102100 0.09109100 -0.00447000
v 0.03044800 0.09209100 -0.00077000
v 0.02892400 0.09109100 0.01348000
v 0.02728000 0.09109100 0.01675000
v 0.02291200 0.09109100 0.02262000
v -0.00131000 0.09209100 -0.01565000
v -0.00259200 0.09109100 -0.01454000
v -0.00511400 0.09109100 -0.01390000
v -0.01158800 0.09109100 -0.00967000
v -0.00865200 0.09107100 0.01420000
v 0.00127800 0.09209100 0.01773000
v -0.01735300 0.09208700 -0.01929000
v -0.01735300 0.09208700 -0.01929000
v -0.01735300 0.09208700 -0.01929000
v -0.00184000 0.09209100 0.02359000
v -0.00286700 0.08589100 0.02718000
v -0.00259200 0.08559100 -0.01454000
v -0.00653700 0.08559100 -0.01338000
v -0.00846900 0.09108200 -0.01234000
v -0.01389300 0.09107200 -0.00648000
v -0.01501600 0.08559100 -0.00392000
v -0.01526800 0.09109100 -0.00287000
v -0.01579700 0.09108600 0.00077000
v -0.01526800 0.09109100 0.00487000
v -0.01401200 0.09108800 0.00830000
v -0.01158800 0.09109100 0.01167000
v -0.00749600 0.08559100 0.01485000
v -0.00386800 0.08559100 0.01631000
v -0.00511400 0.09109100 0.01590000
v -0.01895400 0.09159400 0.01645000
v -0.02003400 0.09208900 0.01778000
v -0.02012000 0.09207900 0.01959000
v -0.01839300 0.09208600 0.02113000
v 0.01638600 0.09208800 0.01645000
v 0.01638600 0.09208800 0.01645000
v 0.01593900 0.08459600 0.01681000
v 0.01512500 0.08463800 0.01860000
v 0.01508300 0.09208700 0.01843000
v 0.01629400 0.08447700 -0.01882000
v 0.01519800 0.09159400 -0.01734000
v 0.01548400 0.09208800 -0.01535000
v -0.01954900 0.09155500 -0.01842000
v -0.01927100 0.08459100 0.02063000
v -0.01797900 0.08407800 0.02118000
v -0.01767800 0.08309100 0.01868000
v 0.01580900 0.08454000 0.02042000
v 0.01992300 0.08446500 0.01989000
v 0.02014300 0.08435700 0.01801000
v 0.01800100 0.08447600 0.02127000
v 0.01765500 0.08316000 -0.01671000
v 0.01522300 0.08458600 -0.01733000
v 0.01555500 0.08460600 -0.01518000
v 0.01794900 0.08468900 -0.01919000
v -0.01904400 0.08457600 -0.01883000
v -0.02013200 0.08458600 -0.01733000
v -0.01980000 0.08461400 -0.01518000
v -0.01775700 0.08464100 -0.01413000
v -0.01532700 0.08456800 -0.01577000
v -0.01714900 0.08479400 -0.01917000
v -0.01764300 0.08315800 -0.01665000
v 0.01759500 0.08465100 -0.01413000
v 0.02016800 0.08458900 -0.01706000
v 0.01916100 0.08458700 0.01664000
v 0.01788400 0.08315800 0.01841000
v 0.01767800 0.08458600 0.01614000
v -0.01770900 0.08428100 0.01614000
v -0.01941600 0.08459700 0.01681000
v -0.02014800 0.08435200 0.01928000
v 0.00967400 0.08559100 -0.01143000
v -0.01069900 0.08559100 -0.01060000
v -0.01318500 0.08559100 -0.00761000
v -0.01579700 0.08559100 0.00123000
v -0.01486500 0.08559100 0.00636000
v -0.01243200 0.08559100 0.01072000
v -0.00967400 0.08559100 0.01343000
v 0.01442300 0.08559100 0.00733000
v 0.01561900 0.08559100 -0.00138000
v 0.00000000 0.08559100 0.01675000
v 0.00215200 0.08589100 0.02816000
v 0.00122300 0.08589100 0.02323000
v -0.00108800 0.08589100 0.02307000
v -0.00280300 0.08589100 0.02484000
v -0.01614600 0.08456200 -0.01467000
v -0.01531900 0.08458900 -0.01778000
v 0.01975600 0.08461300 -0.01508000
v 0.01948400 0.08458900 -0.01847000
v 0.01737100 0.09156900 0.02117000
v -0.01571900 0.08456500 0.02048000
v -0.01521300 0.08435700 0.01801000
v -0.01521300 0.08435700 0.01801000
v -0.01619400 0.08458700 0.01664000
v 0.00259200 0.09109100 0.01654000
v 0.00386800 0.08559100 0.01631000
v 0.00749600 0.08559100 0.01485000
v 0.00511400 0.09109100 0.01590000
v 0.00967400 0.08559100 0.01343000
v 0.01243200 0.08559100 0.01072000
v 0.01158800 0.09109100 0.01167000
v 0.01556600 0.08559100 0.00360000
v 0.01579700 0.09108600 0.00077000
v 0.01526800 0.09109100 -0.00287000
v 0.01401400 0.08559100 -0.00629000
v 0.01158800 0.08559100 -0.00967000
v 0.01158800 0.09109100 -0.00967000
v 0.00749600 0.08559100 -0.01285000
v 0.00511400 0.08559100 -0.01390000
v 0.00110800 0.08559100 -0.01476000
v -0.00041700 0.08589100 0.02912000
v 0.00298600 0.08589100 0.02647000
v 0.00270700 0.08589100 0.02456000
v 0.00217400 0.09209100 0.02382000
v 0.00000000 0.09209100 0.02295000
v -0.01562200 0.09208800 -0.01510000
v -0.01562200 0.09208800 -0.01510000
v -0.01523500 0.09209100 -0.01759000
v -0.01523500 0.09209100 -0.01759000
v -0.01523500 0.09209100 -0.01759000
v 0.01863400 0.09209100 -0.01425000
v 0.02024200 0.09153500 -0.01624000
v 0.01839300 0.09208600 -0.01913000
v 0.01839300 0.09208600 -0.01913000
v 0.01920900 0.09208400 0.02079000
v 0.02027300 0.09208900 0.01842000
v 0.01876500 0.09209100 0.01630000
v -0.01508200 0.09208800 0.01843000
v -0.01508200 0.09208800 0.01843000
v -0.01508200 0.09208800 0.01843000
v -0.00133900 0.09105600 0.01673000
v 0.00865200 0.09107100 0.01420000
v 0.01526800 0.09109100 0.00487000
v 0.01389300 0.09107200 0.00848000
v 0.01664700 0.09209100 -0.00031000
v 0.01542700 0.09209100 -0.00539000
v 0.01542700 0.09209100 -0.00539000
v 0.01542700 0.09209100 -0.00539000
v 0.01379800 0.09108500 -0.00669000
v 0.00865200 0.09107100 -0.01220000
v 0.00409700 0.09109100 -0.01426000
v 0.00000000 0.09109100 -0.01475000
v 0.02861200 0.09209100 0.01142000
v 0.02861200 0.09209100 0.01142000
v 0.02861200 0.09209100 0.01142000
v 0.01623700 0.09209100 0.00490000
v -0.00639000 0.09209100 -0.01443000
v -0.00873300 0.09209100 -0.02817000
v -0.01613900 0.09209100 0.02079000
v -0.02543900 0.09209100 0.01773000
v -0.00354100 0.09209100 -0.02929000
v 0.03024300 0.09209100 0.00454000
v 0.01269700 0.09209100 -0.00984000
v 0.00872500 0.09209100 -0.01324000
v 0.01675200 0.09208900 -0.01433000
v 0.01675200 0.09208900 -0.01433000
v 0.01675200 0.09208900 -0.01433000
v 0.01640300 0.09209100 -0.01890000
v -0.00502000 0.09209100 0.03113000
v -0.00187900 0.09209100 0.02847000
v -0.00310800 0.09209100 0.02571000
v 0.00389800 0.09209100 -0.01524000
v 0.00120400 0.09209100 0.02891000
v 0.00873300 0.09209100 -0.02817000
v -0.01662200 0.09209100 0.01628000
v -0.01127100 0.09209100 0.01320000
v -0.01127100 0.09209100 0.01320000
v -0.01127100 0.09209100 0.01320000
v 0.01368800 0.09209100 -0.02626000
v 0.02800600 0.09209100 -0.01108000
v 0.02543900 0.09209100 -0.01573000
v 0.01969200 0.09209100 -0.02242000
v 0.01976600 0.09208000 -0.01811000
v 0.00307400 0.09209100 0.02641000
v -0.00639000 0.09209100 0.01643000
v -0.00639000 0.09209100 0.01643000
v -0.00639000 0.09209100 0.01643000
v -0.01558100 0.09209100 0.00675000
v -0.01664700 0.09209100 -0.00031000
v -0.01925500 0.09209100 -0.01462000
v -0.01542700 0.09209100 -0.00539000
v -0.02800600 0.09209100 -0.01108000
v 0.01522400 0.09209100 0.02737000
v 0.01522400 0.09209100 0.02737000
v 0.01522400 0.09209100 0.02737000
v 0.00639000 0.09209100 0.01643000
v -0.02543900 0.09209100 -0.01573000
v 0.01590700 0.09209100 0.02054000
v -0.01732500 0.09208900 -0.01417000
v -0.02024200 0.09207700 -0.01665000
v -0.01127100 0.09209100 -0.01120000
v -0.01127100 0.09209100 -0.01120000
v -0.01127100 0.09209100 -0.01120000
v -0.01127100 0.09209100 -0.01120000
v -0.02074300 0.09209100 -0.02142000
v 0.02543900 0.09209100 0.01773000
v 0.02122300 0.09209100 0.02297000
v 0.02122300 0.09209100 0.02297000
v 0.01280400 0.09209100 0.01220000
v -0.00278800 0.08165000 0.03501000
v -0.01730900 0.09109100 -0.02532000
v 0.00207100 0.09209100 0.03148000
v 0.00000000 0.09109100 0.03250000
v -0.01522400 0.09209100 -0.02537000
v -0.01077400 0.09109100 -0.02860000
v -0.00726400 0.09109100 -0.02965000
v -0.01206000 0.09209100 0.02896000
v -0.00365700 0.09109100 -0.03029000
v 0.00177000 0.09209100 -0.02940000
v -0.01972700 0.09209100 0.02447000
v -0.01972700 0.09209100 0.02447000
v -0.01972700 0.09209100 0.02447000
v -0.01972700 0.09209100 0.02447000
v -0.02024800 0.09109100 0.02513000
v -0.02526700 0.09109100 0.01981000
v -0.02861200 0.09209100 0.01142000
v -0.02861200 0.09209100 0.01142000
v -0.02861200 0.09209100 0.01142000
v -0.03017700 0.09109100 0.01003000
v -0.02892400 0.09109100 0.01348000
v -0.03024300 0.09209100 0.00454000
v -0.03144700 0.09109100 0.00283000
v -0.03044800 0.09209100 -0.00077000
v -0.03017700 0.09109100 -0.00803000
v -0.03102100 0.09109100 -0.00447000
v -0.02962800 0.09209100 -0.00603000
v -0.02526700 0.09109100 -0.01781000
v -0.02291200 0.09109100 -0.02062000
v 0.00191200 0.07277100 0.03503000
v -0.00365700 0.08559100 -0.03029000
v -0.01730900 0.09109100 0.02732000
v -0.02024800 0.08559100 0.02513000
v -0.01413700 0.09109100 0.02915000
v -0.01730900 0.08559100 0.02732000
v -0.01077400 0.09109100 0.03060000
v -0.00726400 0.09109100 0.03165000
v -0.01413700 0.09109100 -0.02715000
v -0.00365700 0.09109100 0.03229000
v -0.01730900 0.08559100 -0.02532000
v -0.02024800 0.08559100 -0.02313000
v -0.02024800 0.09109100 -0.02313000
v -0.02291200 0.08559100 -0.02062000
v -0.02526700 0.08559100 -0.01781000
v -0.02728000 0.09109100 -0.01475000
v -0.02728000 0.08559100 -0.01475000
v -0.02892400 0.09109100 -0.01148000
v -0.03102100 0.08559100 -0.00447000
v -0.03144700 0.08559100 0.00283000
v -0.03144700 0.09109100 -0.00083000
v -0.03102100 0.09109100 0.00647000
v -0.03017700 0.08559100 0.01003000
v -0.02526700 0.08559100 0.01981000
v -0.02728000 0.09109100 0.01675000
v -0.02291200 0.09109100 0.02262000
v 0.00528600 0.07854200 0.03502000
v -0.00518000 0.07808400 0.03503000
v -0.02291200 0.08559100 0.02262000
v -0.01413700 0.08559100 0.02915000
v -0.02728000 0.08559100 0.01675000
v -0.01077400 0.08559100 0.03060000
v -0.02892400 0.08559100 0.01348000
v -0.03102100 0.08559100 0.00647000
v -0.00726400 0.08559100 0.03165000
v -0.00365700 0.08559100 0.03229000
v -0.03144700 0.08559100 -0.00083000
v 0.00365700 0.08559100 0.03229000
v 0.00000000 0.08559100 0.03250000
v 0.00726400 0.08559100 0.03165000
v -0.03017700 0.08559100 -0.00803000
v 0.01077400 0.08559100 0.03060000
v -0.02892400 0.08559100 -0.01148000
v 0.01730900 0.08559100 0.02732000
v 0.02291200 0.08559100 0.02262000
v 0.02526700 0.08559100 0.01981000
v 0.02728000 0.08559100 0.01675000
v -0.01413700 0.08559100 -0.02715000
v 0.02892400 0.08559100 0.01348000
v -0.01077400 0.08559100 -0.02860000
v 0.03017700 0.08559100 0.01003000
v -0.00726400 0.08559100 -0.02965000
v 0.03102100 0.08559100 0.00647000
v 0.00000000 0.08559100 -0.03050000
v 0.03144700 0.08559100 -0.00083000
v 0.00726400 0.08559100 -0.02965000
v 0.01077400 0.08559100 -0.02860000
v 0.03288300 0.08559100 -0.02208000
v 0.02892400 0.08559100 -0.01148000
v 0.01730900 0.08559100 -0.02532000
v 0.01413700 0.08559100 -0.02715000
v 0.02024800 0.08559100 -0.02313000
v 0.02526700 0.08559100 -0.01781000
v 0.02291200 0.08559100 -0.02062000
v -0.03481800 0.08538200 -0.02080000
v -0.03690700 0.08532800 0.01911000
v -0.03341100 0.08346600 -0.02475000
v -0.02661500 0.08559100 -0.02930000
v -0.02723100 0.08559100 0.03042000
v -0.03860400 0.08525400 0.01526000
v -0.03974500 0.08543000 0.01127000
v -0.02682100 0.08527600 -0.03019000
v -0.04107100 0.08530200 0.00313000
v -0.04105600 0.08532700 -0.00112000
v -0.01625300 0.08534300 -0.03675000
v 0.00000000 0.08559100 -0.03938000
v -0.01234900 0.08509100 -0.03836000
v -0.04062400 0.08533500 -0.00528000
v -0.04033500 0.08559100 0.00166000
v -0.03858500 0.08530500 -0.01322000
v -0.03703400 0.08509100 -0.01716000
v 0.01580500 0.08551900 0.03885000
v -0.00314600 0.07349100 0.03520000
v 0.00240300 0.07308500 0.03600000
v 0.01244100 0.08559100 0.03500000
v -0.01244100 0.08459100 0.03600000
v -0.01244100 0.08559100 0.03500000
v -0.01663600 0.08559100 0.03840000
v 0.00176800 0.06414600 -0.04240000
v 0.01657800 0.07059100 0.04046000
v 0.01342200 0.08458400 0.03616000
v 0.01456800 0.08460000 0.03699000
v -0.00474700 0.07821600 0.03600000
v -0.00158300 0.08267400 0.03600000
v -0.00373000 0.07410300 0.03600000
v 0.00474700 0.07696600 0.03600000
v 0.01244100 0.08459100 0.03600000
v -0.00064700 0.07267600 0.03600000
v -0.01455300 0.08459600 0.03698000
v -0.01342200 0.08458400 0.03616000
v -0.01669300 0.07059100 0.04066000
v -0.01285700 0.07059100 0.03600000
v -0.01379100 0.07059100 0.03636000
v -0.01458200 0.07059100 0.03702000
v -0.01337000 0.07059100 0.04292000
v -0.00458300 0.07059100 0.04488000
v 0.01353900 0.07059100 0.03621000
v 0.01337000 0.07059100 0.04292000
v 0.01458200 0.07059100 0.03702000
v 0.00675700 0.07059100 0.04442000
v 0.01244100 0.07059100 0.03600000
v 0.01982100 0.07858700 0.04141000
v 0.01999000 0.06959100 0.04132000
v -0.00134100 0.06730800 -0.04398000
v 0.00264800 0.06279400 -0.04392000
v 0.01853200 0.06994200 0.04162000
v 0.01750600 0.07063100 0.04129000
v 0.01522800 0.06959100 0.04334000
v 0.00516700 0.06959100 0.04570000
v -0.00516700 0.06959100 0.04570000
v -0.01026600 0.06959100 0.04481000
v -0.01825800 0.07016900 0.04159000
v -0.01711200 0.08110900 0.04104000
v 0.04381300 0.07859100 -0.00927000
v 0.04312400 0.08184100 0.00097000
v 0.04459500 0.07860500 -0.00502000
v 0.04492700 0.07859100 0.00357000
v 0.04358700 0.07860400 0.01218000
v 0.04139400 0.08418900 0.00662000
v 0.03985400 0.08184100 0.01747000
v 0.03701200 0.08512400 0.01916000
v 0.03874400 0.07859800 0.02389000
v 0.03631600 0.07859100 0.02757000
v 0.03482600 0.08536200 0.02281000
v 0.03341200 0.08349100 0.02673000
v 0.03059400 0.07859100 0.03400000
v 0.02343700 0.08532300 0.03478000
v 0.03052200 0.08184100 0.03146000
v 0.02732400 0.07860800 0.03675000
v 0.02160100 0.08184100 0.03832000
v 0.01668000 0.08205000 0.04063000
v 0.00337700 0.08501500 -0.04018000
v 0.00562600 0.08184100 -0.04176000
v 0.00430300 0.07859100 -0.04379000
v 0.01985500 0.08540300 0.03695000
v 0.00826900 0.08536100 -0.03925000
v 0.01115700 0.08184100 -0.04066000
v 0.01992100 0.08529000 -0.03498000
v 0.01275000 0.07859100 -0.04216000
v 0.02073200 0.07859100 -0.03894000
v 0.01691000 0.07859600 -0.04070000
v 0.02155400 0.08184100 -0.03635000
v 0.02354600 0.08512800 -0.03284000
v 0.03048300 0.08184100 -0.02950000
v 0.02784700 0.07860800 -0.03434000
v 0.03420200 0.08184100 -0.02526000
v 0.03485200 0.08532900 -0.02081000
v 0.03415700 0.07859100 -0.02830000
v 0.03907600 0.07860300 -0.02132000
v 0.03690800 0.08532900 -0.01711000
v 0.04164800 0.08184100 -0.01018000
v 0.04063500 0.08531800 -0.00527000
v 0.03983300 0.08184100 -0.01552000
v 0.04263100 0.07859100 -0.01341000
v -0.03680200 0.07859100 -0.02490000
v -0.03687000 0.06159100 -0.02480000
v -0.00426100 0.06159100 0.04580000
v -0.03914700 0.06159100 -0.02119000
v -0.04381300 0.07859100 -0.00927000
v -0.04380300 0.06159100 -0.00931000
v -0.04459500 0.07860500 -0.00502000
v -0.04458200 0.06159100 -0.00512000
v -0.04492700 0.07859100 0.00357000
v -0.04358700 0.07860400 0.01218000
v -0.04447500 0.07859100 0.00785000
v -0.04085300 0.06159100 0.01987000
v -0.04245600 0.06159100 0.01592000
v -0.00430300 0.07859100 -0.04379000
v -0.00302000 0.06308200 -0.04390000
v -0.03869100 0.07859100 0.02398000
v -0.03888200 0.06159100 0.02365000
v 0.00000000 0.07859100 -0.04400000
v -0.03656200 0.06159100 0.02723000
v -0.03391300 0.06159100 0.03058000
v -0.00856600 0.07859100 -0.04318000
v -0.03360900 0.07859100 0.03092000
v -0.00900700 0.06159100 -0.04309000
v -0.03096000 0.06159100 0.03366000
v -0.01691000 0.07859600 -0.04070000
v -0.02732400 0.07860800 0.03675000
v -0.02772800 0.06159100 0.03644000
v -0.02375300 0.07859100 0.03922000
v -0.01999000 0.06959100 0.04132000
v -0.02469400 0.06159100 -0.03662000
v -0.01522800 0.06959100 0.04334000
v -0.01666500 0.06159100 0.04280000
v -0.02814600 0.06159100 -0.03411000
v -0.03131700 0.07859700 -0.03132000
v -0.03415700 0.07859100 -0.02830000
v -0.03134400 0.06159100 -0.03129000
v -0.00848500 0.06159100 0.04519000
v -0.03907600 0.07860300 -0.02132000
v -0.01263100 0.06159100 0.04419000
v -0.00479100 0.06159100 -0.04374000
v 0.00848500 0.06159100 0.04519000
v 0.01263100 0.06159100 0.04419000
v 0.01666500 0.06159100 0.04280000
v 0.02424700 0.06159100 0.03891000
v 0.03096000 0.06159100 0.03366000
v 0.03656200 0.06159100 0.02723000
v 0.03888200 0.06159100 0.02365000
v 0.04493600 0.06159100 0.00340000
v 0.00023600 0.06159100 -0.04397000
v 0.04380300 0.06159100 -0.00931000
v 0.04262900 0.06159100 -0.01341000
v 0.04107300 0.06159100 -0.01739000
v 0.02814600 0.06159100 -0.03411000
v 0.02469400 0.06159100 -0.03662000
v 0.02102100 0.06159100 -0.03879000
v 0.01715800 0.06159100 -0.04060000
v 0.01314100 0.06159100 -0.04204000
v -0.01314100 0.06159100 -0.04204000
v -0.01715800 0.06159100 -0.04060000
v -0.02102100 0.06159100 -0.03879000
v -0.03426100 0.06159100 -0.02818000
v -0.04107300 0.06159100 -0.01739000
v -0.04262900 0.06159100 -0.01341000
v -0.04496100 0.06159100 -0.00087000
v -0.04450700 0.06159100 0.00764000
v -0.04493600 0.06159100 0.00340000
v -0.04367800 0.06159100 0.01183000
v -0.02424700 0.06159100 0.03891000
v -0.02054800 0.06159100 0.04103000
v 0.00151000 0.06528400 -0.04245000
v 0.00052400 0.06615900 -0.04399000
v 0.00095900 0.06318300 -0.04378000
v -0.00227500 0.06211100 -0.04407000
v -0.00108600 0.06396400 -0.04364000
v -0.00219300 0.06683000 -0.04406000
v -0.00053100 0.06609900 -0.04231000
v 0.00156500 0.06381100 -0.03810000
v -0.00055900 0.06634800 -0.03810000
v -0.00143600 0.06373400 -0.03856000
v -0.00068000 0.08186700 0.03600000
v 0.00336500 0.07996600 0.03600000
v 0.00283900 0.07502300 0.03600000
v -0.00303800 0.07839000 0.04200000
v -0.00190800 0.08034700 0.03700000
v 0.00277700 0.07903700 0.02720000
v 0.00240700 0.07603200 0.02720000
v -0.00109700 0.07516400 0.03300000
v -0.00124000 0.07507300 0.02720000
v -0.00270700 0.07676100 0.03300000
v -0.00293500 0.07761000 0.02720000
v -0.00277700 0.07903700 0.03300000
v -0.00233800 0.07979700 0.02720000
v 0.00044700 0.08098000 0.02720000
v -0.00295200 0.07742000 0.03700000
v -0.00097100 0.07502700 0.03700000
v 0.00300500 0.07759500 0.03700000
v 0.00160900 0.08055700 0.03700000
v 0.00293400 0.07702000 0.03300000
v -0.00117900 0.08064800 0.03300000
v 0.00223000 0.07541800 0.03556000
v 0.00225300 0.08021400 0.03513000
v 0.00109300 0.08071900 0.03300000
v 0.00329200 0.07805600 0.03568000
v -0.00340200 0.07794300 0.03504000
v 0.00118300 0.07523500 0.03300000
v 0.00168900 0.07552900 0.03700000
v 0.00190800 0.08034700 0.04200000
v -0.00230900 0.07551500 0.03549000
v -0.00015900 0.07465200 0.03558000
v -0.00219400 0.08046300 0.03566000
v 0.00337700 0.08013000 0.04200000
v -0.00331300 0.07578500 0.04200000
v -0.00191100 0.07566100 0.04200000
v 0.00284800 0.07661200 0.04200000
v 0.00386400 0.07696700 0.04200000
v -0.00109300 0.08071900 0.04200000
v 0.00068000 0.08186700 0.04200000
v 0.00018200 0.07499300 0.04200000
v -0.00098800 0.07403900 0.04200000
v 0.00217100 0.07459900 0.04200000
v -0.00050400 0.07398800 0.03600000
v 0.00005500 0.08127000 0.03534000
v 0.00190500 0.08140400 0.03600000
v 0.00395200 0.07802500 0.03600000
v -0.00261600 0.07501100 0.03600000
v -0.00386400 0.07696700 0.03600000
v -0.00395200 0.07802500 0.04200000
v -0.00337700 0.08013000 0.03600000
v -0.00269700 0.08098900 0.04200000
v -0.02526700 0.08559100 0.01981000
v -0.02728000 0.08559100 0.01675000
v 0.02054800 0.06159100 0.04103000
v 0.02424700 0.06159100 0.03891000
v 0.00095900 0.06318300 -0.04378000
v 0.00095900 0.06318300 -0.04378000
v 0.00095900 0.06318300 -0.04378000
v -0.00227500 0.06211100 -0.04407000
v -0.00227500 0.06211100 -0.04407000
v -0.00227500 0.06211100 -0.04407000
v -0.01983700 0.08546500 -0.03491000
v -0.02682100 0.08527600 -0.03019000
v 0.04458200 0.06159100 -0.00512000
v 0.04380300 0.06159100 -0.00931000
v 0.00191200 0.07277100 0.03503000
v 0.00191200 0.07277100 0.03503000
v 0.00191200 0.07277100 0.03503000
v -0.00314600 0.07349100 0.03520000
v -0.00314600 0.07349100 0.03520000
v -0.00314600 0.07349100 0.03520000
v 0.01638600 0.09208800 0.01645000
v 0.01638600 0.09208800 0.01645000
v 0.01593900 0.08459600 0.01681000
v 0.01593900 0.08459600 0.01681000
v 0.01593900 0.08459600 0.01681000
v -0.02526700 0.08559100 -0.01781000
v -0.02728000 0.08559100 -0.01475000
v -0.00653700 0.08559100 -0.01338000
v -0.01069900 0.08559100 -0.01060000
v 0.00865200 0.09107100 -0.01220000
v 0.00409700 0.09109100 -0.01426000
v -0.01026600 0.06959100 0.04481000
v -0.01522800 0.06959100 0.04334000
v 0.01244100 0.08559100 0.03500000
v -0.01244100 0.08559100 0.03500000
v -0.01244100 0.08559100 0.03500000
v -0.00331300 0.07578500 0.04200000
v -0.00331300 0.07578500 0.04200000
v -0.00261600 0.07501100 0.03600000
v -0.00261600 0.07501100 0.03600000
v -0.00261600 0.07501100 0.03600000
v -0.03017700 0.08559100 0.01003000
v -0.03102100 0.08559100 0.00647000
v -0.00873300 0.09209100 -0.02817000
v -0.01522400 0.09209100 -0.02537000
v -0.01522400 0.09209100 -0.02537000
v -0.01522400 0.09209100 -0.02537000
v -0.01501600 0.08559100 -0.00392000
v -0.01579700 0.08559100 0.00123000
v 0.01579700 0.09108600 0.00077000
v 0.01526800 0.09109100 -0.00287000
v -0.01158800 0.09109100 -0.00967000
v -0.00846900 0.09108200 -0.01234000
v -0.01999000 0.06959100 0.04132000
v -0.01999000 0.06959100 0.04132000
v -0.02024800 0.09109100 0.02513000
v -0.02291200 0.09109100 0.02262000
v 0.00044700 0.08098000 0.02720000
v 0.00044700 0.08098000 0.02720000
v 0.00044700 0.08098000 0.02720000
v 0.00109300 0.08071900 0.03300000
v -0.01508200 0.09208800 0.01843000
v -0.01508200 0.09208800 0.01843000
v -0.01662200 0.09209100 0.01628000
v -0.01662200 0.09209100 0.01628000
v -0.01662200 0.09209100 0.01628000
v -0.01662200 0.09209100 0.01628000
v -0.01662200 0.09209100 0.01628000
v -0.01662200 0.09209100 0.01628000
v -0.01662200 0.09209100 0.01628000
v 0.01263100 0.06159100 0.04419000
v 0.01666500 0.06159100 0.04280000
v -0.01342200 0.08458400 0.03616000
v 0.02445600 0.07859100 -0.03677000
v 0.02073200 0.07859100 -0.03894000
v 0.03866500 0.08512700 -0.01330000
v 0.03973300 0.08545900 -0.00924000
v 0.03973300 0.08545900 -0.00924000
v -0.00117900 0.08064800 0.03300000
v -0.00117900 0.08064800 0.03300000
v -0.00117900 0.08064800 0.03300000
v 0.00005500 0.08127000 0.03534000
v 0.00005500 0.08127000 0.03534000
v 0.00005500 0.08127000 0.03534000
v 0.00005500 0.08127000 0.03534000
v -0.01764300 0.08315800 -0.01665000
v -0.01764300 0.08315800 -0.01665000
v -0.01764300 0.08315800 -0.01665000
v -0.01764300 0.08315800 -0.01665000
v -0.01764300 0.08315800 -0.01665000
v -0.01531900 0.08458900 -0.01778000
v -0.01531900 0.08458900 -0.01778000
v -0.01531900 0.08458900 -0.01778000
v 0.00000000 0.09109100 0.03250000
v -0.00365700 0.09109100 0.03229000
v -0.01318500 0.08559100 -0.00761000
v 0.01548400 0.09208800 -0.01535000
v 0.01548400 0.09208800 -0.01535000
v 0.01548400 0.09208800 -0.01535000
v 0.01548400 0.09208800 -0.01535000
v 0.01548400 0.09208800 -0.01535000
v 0.01640300 0.09209100 -0.01890000
v 0.01640300 0.09209100 -0.01890000
v 0.01640300 0.09209100 -0.01890000
v 0.01640300 0.09209100 -0.01890000
v 0.01640300 0.09209100 -0.01890000
v -0.00190800 0.08034700 0.03700000
v -0.00190800 0.08034700 0.03700000
v -0.00190800 0.08034700 0.03700000
v -0.00109300 0.08071900 0.04200000
v -0.00109300 0.08071900 0.04200000
v 0.00298600 0.08589100 0.02647000
v 0.00298600 0.08589100 0.02647000
v 0.00307400 0.09209100 0.02641000
v 0.00307400 0.09209100 0.02641000
v -0.01923300 0.07857000 0.04173000
v -0.01923300 0.07857000 0.04173000
v -0.01923300 0.07857000 0.04173000
v -0.01825800 0.07016900 0.04159000
v -0.01825800 0.07016900 0.04159000
v -0.01825800 0.07016900 0.04159000
v -0.00233800 0.07979700 0.02720000
v -0.00233800 0.07979700 0.02720000
v -0.00233800 0.07979700 0.02720000
v 0.01623700 0.09209100 0.00490000
v 0.01280400 0.09209100 0.01220000
v 0.01280400 0.09209100 0.01220000
v 0.01280400 0.09209100 0.01220000
v 0.01280400 0.09209100 0.01220000
v 0.01280400 0.09209100 0.01220000
v 0.00000000 0.09109100 -0.01475000
v 0.01413700 0.09109100 0.02915000
v 0.01730900 0.09109100 0.02732000
v 0.03247900 0.08536500 -0.02416000
v 0.03485200 0.08532900 -0.02081000
v 0.00283900 0.07502300 0.03600000
v 0.00283900 0.07502300 0.03600000
v 0.00283900 0.07502300 0.03600000
v 0.00283900 0.07502300 0.03600000
v 0.00217100 0.07459900 0.04200000
v 0.00217100 0.07459900 0.04200000
v -0.00295200 0.07742000 0.03700000
v -0.00295200 0.07742000 0.03700000
v -0.00097100 0.07502700 0.03700000
v -0.00097100 0.07502700 0.03700000
v -0.00097100 0.07502700 0.03700000
v 0.01759500 0.08465100 -0.01413000
v 0.01759500 0.08465100 -0.01413000
v 0.01759500 0.08465100 -0.01413000
v 0.01759500 0.08465100 -0.01413000
v 0.01975600 0.08461300 -0.01508000
v 0.01975600 0.08461300 -0.01508000
v 0.01975600 0.08461300 -0.01508000
v 0.01975600 0.08461300 -0.01508000
v 0.00900700 0.06159100 -0.04309000
v 0.01314100 0.06159100 -0.04204000
v 0.00873300 0.09209100 0.03017000
v 0.00207100 0.09209100 0.03148000
v 0.00363000 0.08122100 0.03600000
v 0.00363000 0.08122100 0.03600000
v 0.00363000 0.08122100 0.03600000
v 0.00528600 0.07854200 0.03502000
v 0.00528600 0.07854200 0.03502000
v 0.00528600 0.07854200 0.03502000
v -0.01625300 0.08534300 -0.03675000
v -0.01625300 0.08534300 -0.03675000
v -0.01610800 0.08401600 0.03967000
v -0.01610800 0.08401600 0.03967000
v -0.01711200 0.08110900 0.04104000
v -0.01711200 0.08110900 0.04104000
v 0.00127800 0.09209100 0.01773000
v 0.00127800 0.09209100 0.01773000
v -0.00639000 0.09209100 0.01643000
v 0.01508300 0.09208700 0.01843000
v 0.01508300 0.09208700 0.01843000
v 0.01508300 0.09208700 0.01843000
v 0.01508300 0.09208700 0.01843000
v 0.00215200 0.06707300 -0.04396000
v 0.00215200 0.06707300 -0.04396000
v 0.00264800 0.06279400 -0.04392000
v 0.00264800 0.06279400 -0.04392000
v 0.01675200 0.09208900 -0.01433000
v 0.01675200 0.09208900 -0.01433000
v -0.01532700 0.08456800 -0.01577000
v -0.01532700 0.08456800 -0.01577000
v -0.01562200 0.09208800 -0.01510000
v -0.01562200 0.09208800 -0.01510000
v -0.01562200 0.09208800 -0.01510000
v -0.00340200 0.07794300 0.03504000
v -0.00340200 0.07794300 0.03504000
v -0.00340200 0.07794300 0.03504000
v -0.00340200 0.07794300 0.03504000
v -0.00340200 0.07794300 0.03504000
v -0.00219400 0.08046300 0.03566000
v -0.00219400 0.08046300 0.03566000
v -0.00219400 0.08046300 0.03566000
v 0.04063500 0.08531800 -0.00527000
v 0.02014300 0.08435700 0.01801000
v 0.02014300 0.08435700 0.01801000
v 0.02014300 0.08435700 0.01801000
v 0.02014300 0.08435700 0.01801000
v 0.02014300 0.08435700 0.01801000
v 0.02014300 0.08435700 0.01801000
v 0.01767800 0.08458600 0.01614000
v 0.01767800 0.08458600 0.01614000
v 0.01767800 0.08458600 0.01614000
v 0.01767800 0.08458600 0.01614000
v 0.02016800 0.08458900 -0.01706000
v 0.02016800 0.08458900 -0.01706000
v 0.01948400 0.08458900 -0.01847000
v 0.01948400 0.08458900 -0.01847000
v 0.01948400 0.08458900 -0.01847000
v 0.01765500 0.08316000 -0.01671000
v 0.01765500 0.08316000 -0.01671000
v 0.01765500 0.08316000 -0.01671000
v 0.01765500 0.08316000 -0.01671000
v 0.01765500 0.08316000 -0.01671000
v -0.00068000 0.08186700 0.03600000
v -0.00068000 0.08186700 0.03600000
v -0.00068000 0.08186700 0.03600000
v 0.00190500 0.08140400 0.03600000
v 0.00190500 0.08140400 0.03600000
v 0.00190500 0.08140400 0.03600000
v -0.01664700 0.09209100 -0.00031000
v -0.01542700 0.09209100 -0.00539000
v -0.01542700 0.09209100 -0.00539000
v -0.01542700 0.09209100 -0.00539000
v 0.01401400 0.08559100 -0.00629000
v 0.01158800 0.08559100 -0.00967000
v 0.01235200 0.08513100 -0.03833000
v 0.01625800 0.08527200 -0.03679000
v 0.01580500 0.08551900 0.03885000
v 0.01580500 0.08551900 0.03885000
v 0.01580500 0.08551900 0.03885000
v 0.01456800 0.08460000 0.03699000
v 0.01456800 0.08460000 0.03699000
v 0.01456800 0.08460000 0.03699000
v 0.00856600 0.07859100 -0.04318000
v 0.01275000 0.07859100 -0.04216000
v 0.00151000 0.06528400 -0.04245000
v 0.00151000 0.06528400 -0.04245000
v 0.00151000 0.06528400 -0.04245000
v -0.00055900 0.06634800 -0.03810000
v -0.00055900 0.06634800 -0.03810000
v -0.00055900 0.06634800 -0.03810000
v 0.01657800 0.07059100 0.04046000
v 0.01458200 0.07059100 0.03702000
v 0.01458200 0.07059100 0.03702000
v -0.01244100 0.08459100 0.03600000
v -0.00134100 0.06730800 -0.04398000
v -0.00134100 0.06730800 -0.04398000
v 0.01413700 0.08559100 0.02915000
v 0.01730900 0.08559100 0.02732000
v -0.04071000 0.07859100 0.02017000
v -0.03869100 0.07859100 0.02398000
v -0.00726400 0.09109100 -0.02965000
v -0.00365700 0.09109100 -0.03029000
v 0.01342200 0.08458400 0.03616000
v 0.01342200 0.08458400 0.03616000
v 0.01342200 0.08458400 0.03616000
v 0.01353900 0.07059100 0.03621000
v 0.01353900 0.07059100 0.03621000
v -0.02984900 0.08530200 -0.02729000
v -0.03481800 0.08538200 -0.02080000
v -0.03481800 0.08538200 -0.02080000
v 0.01788400 0.08315800 0.01841000
v 0.01788400 0.08315800 0.01841000
v 0.01788400 0.08315800 0.01841000
v 0.01788400 0.08315800 0.01841000
v -0.00900700 0.06159100 -0.04309000
v -0.00479100 0.06159100 -0.04374000
v 0.02892400 0.09109100 0.01348000
v 0.02728000 0.09109100 0.01675000
v -0.03914700 0.06159100 -0.02119000
v -0.04107300 0.06159100 -0.01739000
v -0.02003400 0.09208900 0.01778000
v -0.02003400 0.09208900 0.01778000
v -0.02003400 0.09208900 0.01778000
v -0.02003400 0.09208900 0.01778000
v -0.02003400 0.09208900 0.01778000
v -0.02003400 0.09208900 0.01778000
v -0.02003400 0.09208900 0.01778000
v -0.01770900 0.08428100 0.01614000
v -0.01770900 0.08428100 0.01614000
v -0.01770900 0.08428100 0.01614000
v -0.01770900 0.08428100 0.01614000
v -0.01770900 0.08428100 0.01614000
v -0.02012000 0.09207900 0.01959000
v -0.02012000 0.09207900 0.01959000
v -0.02012000 0.09207900 0.01959000
v -0.02012000 0.09207900 0.01959000
v 0.02772800 0.06159100 0.03644000
v 0.03096000 0.06159100 0.03366000
v 0.01526800 0.09109100 0.00487000
v 0.01389300 0.09107200 0.00848000
v 0.01389300 0.09107200 0.00848000
v 0.00479100 0.06159100 -0.04374000
v -0.01077400 0.09109100 -0.02860000
v -0.00639000 0.09209100 -0.01443000
v -0.01127100 0.09209100 -0.01120000
v -0.00277700 0.07903700 0.03300000
v -0.00277700 0.07903700 0.03300000
v 0.01445100 0.08559100 0.03570000
v 0.01445100 0.08559100 0.03570000
v 0.01445100 0.08559100 0.03570000
v 0.00336500 0.07996600 0.03600000
v 0.00336500 0.07996600 0.03600000
v 0.00336500 0.07996600 0.03600000
v 0.00395200 0.07802500 0.03600000
v 0.00395200 0.07802500 0.03600000
v -0.00270700 0.07676100 0.03300000
v -0.00270700 0.07676100 0.03300000
v -0.00230900 0.07551500 0.03549000
v -0.00230900 0.07551500 0.03549000
v -0.00230900 0.07551500 0.03549000
v -0.00230900 0.07551500 0.03549000
v -0.04085300 0.06159100 0.01987000
v -0.04245600 0.06159100 0.01592000
v -0.00373000 0.07410300 0.03600000
v -0.00373000 0.07410300 0.03600000
v -0.00373000 0.07410300 0.03600000
v 0.00068500 0.08278600 0.03520000
v 0.00068500 0.08278600 0.03520000
v 0.00068500 0.08278600 0.03520000
v -0.00386400 0.07696700 0.03600000
v -0.00386400 0.07696700 0.03600000
v -0.00395200 0.07802500 0.04200000
v -0.00395200 0.07802500 0.04200000
v -0.02024800 0.08559100 -0.02313000
v -0.02291200 0.08559100 -0.02062000
v -0.01730900 0.08559100 -0.02532000
v 0.00156500 0.06381100 -0.03810000
v 0.00156500 0.06381100 -0.03810000
v 0.00156500 0.06381100 -0.03810000
v -0.01797900 0.08407800 0.02118000
v -0.01797900 0.08407800 0.02118000
v -0.01797900 0.08407800 0.02118000
v -0.01797900 0.08407800 0.02118000
v -0.01571900 0.08456500 0.02048000
v -0.01571900 0.08456500 0.02048000
v -0.01663600 0.08559100 0.03840000
v -0.01663600 0.08559100 0.03840000
v -0.01663600 0.08559100 0.03840000
v -0.00219300 0.06683000 -0.04406000
v -0.00219300 0.06683000 -0.04406000
v -0.00219300 0.06683000 -0.04406000
v -0.00219300 0.06683000 -0.04406000
v 0.04496100 0.06159100 -0.00087000
v 0.04493600 0.06159100 0.00340000
v -0.00158300 0.08267400 0.03600000
v -0.00158300 0.08267400 0.03600000
v -0.00158300 0.08267400 0.03600000
v -0.04262900 0.06159100 -0.01341000
v 0.04071000 0.07859100 0.02017000
v 0.04235700 0.07859100 0.01619000
v -0.01077400 0.08559100 0.03060000
v -0.00726400 0.08559100 0.03165000
v 0.01916100 0.08458700 0.01664000
v 0.01916100 0.08458700 0.01664000
v -0.01895400 0.09159400 0.01645000
v -0.01895400 0.09159400 0.01645000
v -0.03680200 0.07859100 -0.02490000
v -0.03415700 0.07859100 -0.02830000
v 0.01629400 0.08447700 -0.01882000
v 0.01629400 0.08447700 -0.01882000
v 0.01629400 0.08447700 -0.01882000
v 0.03690800 0.08532900 -0.01711000
v 0.03690800 0.08532900 -0.01711000
v 0.00225300 0.08021400 0.03513000
v 0.00225300 0.08021400 0.03513000
v 0.00225300 0.08021400 0.03513000
v 0.00225300 0.08021400 0.03513000
v 0.00225300 0.08021400 0.03513000
v -0.00050400 0.07398800 0.03600000
v -0.00050400 0.07398800 0.03600000
v -0.00050400 0.07398800 0.03600000
v -0.04380300 0.06159100 -0.00931000
v -0.04458200 0.06159100 -0.00512000
v 0.02526700 0.09109100 -0.01781000
v 0.02291200 0.09109100 -0.02062000
v -0.02469400 0.06159100 -0.03662000
v -0.02814600 0.06159100 -0.03411000
v 0.00967400 0.08559100 0.01343000
v 0.01243200 0.08559100 0.01072000
v 0.00259200 0.09109100 0.01654000
v -0.00133900 0.09105600 0.01673000
v -0.00133900 0.09105600 0.01673000
v 0.00068000 0.08186700 0.04200000
v 0.00068000 0.08186700 0.04200000
v 0.00068000 0.08186700 0.04200000
v 0.00240300 0.07308500 0.03600000
v 0.00240300 0.07308500 0.03600000
v -0.00064700 0.07267600 0.03600000
v -0.00064700 0.07267600 0.03600000
v -0.00064700 0.07267600 0.03600000
v -0.01521300 0.08435700 0.01801000
v -0.01521300 0.08435700 0.01801000
v -0.01521300 0.08435700 0.01801000
v -0.01521300 0.08435700 0.01801000
v 0.01077400 0.08559100 0.03060000
v 0.01691000 0.07859600 -0.04070000
v -0.02526700 0.09109100 -0.01781000
v -0.02728000 0.09109100 -0.01475000
v -0.01243200 0.08559100 0.01072000
v -0.00967400 0.08559100 0.01343000
v 0.02861200 0.09209100 0.01142000
v 0.03024300 0.09209100 0.00454000
v -0.00458300 0.07059100 0.04488000
v 0.00675700 0.07059100 0.04442000
v -0.00108600 0.06396400 -0.04364000
v 0.00386400 0.07696700 0.04200000
v 0.00386400 0.07696700 0.04200000
v -0.02892400 0.08559100 -0.01148000
v 0.02543900 0.09209100 0.01773000
v 0.02543900 0.09209100 0.01773000
v 0.02543900 0.09209100 0.01773000
v 0.00967400 0.08559100 -0.01143000
v -0.02024800 0.08559100 0.02513000
v -0.02291200 0.08559100 0.02262000
v -0.00518000 0.07808400 0.03503000
v -0.00518000 0.07808400 0.03503000
v -0.00518000 0.07808400 0.03503000
v -0.04105600 0.08532700 -0.00112000
v -0.04062400 0.08533500 -0.00528000
v 0.00284800 0.07661200 0.04200000
v 0.00284800 0.07661200 0.04200000
v 0.00284800 0.07661200 0.04200000
v 0.00018200 0.07499300 0.04200000
v 0.00018200 0.07499300 0.04200000
v 0.00018200 0.07499300 0.04200000
v 0.00511400 0.09109100 0.01590000
v 0.00848500 0.06159100 0.04519000
v -0.00865200 0.09107100 0.01420000
v -0.00511400 0.09109100 0.01590000
v 0.01337000 0.07059100 0.04292000
v 0.01337000 0.07059100 0.04292000
v 0.01750600 0.07063100 0.04129000
v 0.01750600 0.07063100 0.04129000
v 0.00474700 0.07696600 0.03600000
v 0.00474700 0.07696600 0.03600000
v 0.03874400 0.07859800 0.02389000
v -0.03059400 0.07859100 0.03400000
v -0.02732400 0.07860800 0.03675000
v 0.01244100 0.07059100 0.03600000
v 0.02728000 0.09109100 -0.01475000
v 0.02892400 0.09109100 -0.01148000
v 0.01561900 0.08559100 -0.00138000
v 0.01556600 0.08559100 0.00360000
v 0.01920900 0.09208400 0.02079000
v 0.01920900 0.09208400 0.02079000
v 0.01920900 0.09208400 0.02079000
v 0.01920900 0.09208400 0.02079000
v 0.01920900 0.09208400 0.02079000
v 0.01920900 0.09208400 0.02079000
v 0.01920900 0.09208400 0.02079000
v 0.01590700 0.09209100 0.02054000
v 0.01590700 0.09209100 0.02054000
v 0.01590700 0.09209100 0.02054000
v 0.01590700 0.09209100 0.02054000
v 0.01590700 0.09209100 0.02054000
v -0.01413700 0.08559100 -0.02715000
v -0.01619400 0.08458700 0.01664000
v -0.01619400 0.08458700 0.01664000
v 0.02024200 0.09153500 -0.01624000
v 0.02024200 0.09153500 -0.01624000
v 0.02024200 0.09153500 -0.01624000
v -0.01337000 0.07059100 0.04292000
v -0.01455300 0.08459600 0.03698000
v -0.01455300 0.08459600 0.03698000
v -0.03144700 0.08559100 0.00283000
v 0.00000000 0.06959100 0.04600000
v 0.00516700 0.06959100 0.04570000
v 0.00511400 0.08559100 -0.01390000
v 0.00110800 0.08559100 -0.01476000
v -0.01234900 0.08509100 -0.03836000
v -0.01523500 0.09209100 -0.01759000
v -0.01523500 0.09209100 -0.01759000
v -0.00303800 0.07839000 0.04200000
v -0.00303800 0.07839000 0.04200000
v -0.00303800 0.07839000 0.04200000
v 0.00300500 0.07759500 0.03700000
v 0.00300500 0.07759500 0.03700000
v 0.03044800 0.09209100 -0.00077000
v 0.02526700 0.08559100 0.01981000
v 0.02728000 0.08559100 0.01675000
v 0.01158800 0.09109100 0.01167000
v 0.01992300 0.08446500 0.01989000
v 0.01992300 0.08446500 0.01989000
v 0.02343700 0.08532300 0.03478000
v 0.01985500 0.08540300 0.03695000
v 0.01664700 0.09209100 -0.00031000
v -0.01730900 0.09109100 0.02732000
v -0.01413700 0.09109100 0.02915000
v -0.01767800 0.08309100 0.01868000
v -0.01767800 0.08309100 0.01868000
v -0.01767800 0.08309100 0.01868000
v 0.01580900 0.08454000 0.02042000
v 0.01580900 0.08454000 0.02042000
v 0.01580900 0.08454000 0.02042000
v -0.00259200 0.09109100 -0.01454000
v -0.00511400 0.09109100 -0.01390000
v -0.00749600 0.08559100 0.01485000
v -0.00386800 0.08559100 0.01631000
v -0.00337700 0.08013000 0.03600000
v -0.00337700 0.08013000 0.03600000
v 0.01863400 0.09209100 -0.01425000
v 0.01863400 0.09209100 -0.01425000
v 0.01863400 0.09209100 -0.01425000
v 0.01863400 0.09209100 -0.01425000
v 0.01863400 0.09209100 -0.01425000
v 0.01863400 0.09209100 -0.01425000
v -0.00131000 0.09209100 -0.01565000
v 0.00389800 0.09209100 -0.01524000
v 0.00000000 0.09109100 -0.03050000
v 0.00365700 0.09109100 -0.03029000
v 0.03631600 0.07859100 0.02757000
v -0.02543900 0.09209100 -0.01573000
v -0.02543900 0.09209100 -0.01573000
v -0.02543900 0.09209100 -0.01573000
v -0.02074300 0.09209100 -0.02142000
v -0.02074300 0.09209100 -0.02142000
v -0.02074300 0.09209100 -0.02142000
v -0.00825500 0.08539300 -0.03923000
v -0.00825500 0.08539300 -0.03923000
v -0.00332700 0.08530400 -0.04001000
v -0.00516700 0.06959100 0.04570000
v 0.00749600 0.08559100 -0.01285000
v -0.03690700 0.08532800 0.01911000
v -0.03860400 0.08525400 0.01526000
v -0.01614600 0.08456200 -0.01467000
v -0.01614600 0.08456200 -0.01467000
v -0.01614600 0.08456200 -0.01467000
v 0.03017700 0.09109100 0.01003000
v 0.03102100 0.09109100 0.00647000
v -0.00191100 0.07566100 0.04200000
v -0.00191100 0.07566100 0.04200000
v 0.02027300 0.09208900 0.01842000
v 0.02027300 0.09208900 0.01842000
v 0.02027300 0.09208900 0.01842000
v 0.02027300 0.09208900 0.01842000
v 0.04245600 0.06159100 0.01592000
v 0.04367800 0.06159100 0.01183000
v 0.01794900 0.08468900 -0.01919000
v 0.01794900 0.08468900 -0.01919000
v 0.01839300 0.09208600 -0.01913000
v 0.01839300 0.09208600 -0.01913000
v -0.01486500 0.08559100 0.00636000
v 0.04262900 0.06159100 -0.01341000
v 0.04107300 0.06159100 -0.01739000
v -0.01730900 0.08559100 0.02732000
v -0.01413700 0.08559100 0.02915000
v 0.01730900 0.09109100 -0.02532000
v 0.02024800 0.09109100 -0.02313000
v 0.00639000 0.09209100 0.01643000
v 0.00639000 0.09209100 0.01643000
v 0.00639000 0.09209100 0.01643000
v 0.04085300 0.06159100 0.01987000
v -0.03391300 0.06159100 0.03058000
v -0.03096000 0.06159100 0.03366000
v -0.03017700 0.09109100 -0.00803000
v -0.02892400 0.09109100 -0.01148000
v 0.03657500 0.08559100 0.01800000
v 0.03657500 0.08559100 0.01800000
v 0.03657500 0.08559100 0.01800000
v 0.03657500 0.08559100 0.01800000
v 0.04139400 0.08418900 0.00662000
v 0.04139400 0.08418900 0.00662000
v 0.00168900 0.07552900 0.03700000
v 0.00168900 0.07552900 0.03700000
v 0.00168900 0.07552900 0.03700000
v 0.04105800 0.07859100 -0.01742000
v 0.04263100 0.07859100 -0.01341000
v 0.01876500 0.09209100 0.01630000
v 0.01876500 0.09209100 0.01630000
v 0.01876500 0.09209100 0.01630000
v 0.01876500 0.09209100 0.01630000
v 0.01876500 0.09209100 0.01630000
v 0.01876500 0.09209100 0.01630000
v -0.03144700 0.09109100 0.00283000
v -0.03102100 0.09109100 0.00647000
v -0.04235700 0.07859100 0.01619000
v -0.04358700 0.07860400 0.01218000
v -0.02341900 0.08535700 0.03477000
v -0.02685700 0.08510600 0.03229000
v -0.03631600 0.07859100 0.02757000
v 0.03360900 0.07859100 0.03092000
v 0.00337700 0.08013000 0.04200000
v 0.00337700 0.08013000 0.04200000
v 0.03144700 0.09109100 0.00283000
v 0.03144700 0.09109100 -0.00083000
v 0.00726400 0.08559100 -0.02965000
v 0.01077400 0.08559100 -0.02860000
v 0.00277700 0.07903700 0.02720000
v 0.00277700 0.07903700 0.02720000
v 0.00240700 0.07603200 0.02720000
v 0.00240700 0.07603200 0.02720000
v 0.00240700 0.07603200 0.02720000
v 0.00865200 0.09107100 0.01420000
v 0.02814600 0.06159100 -0.03411000
v 0.02469400 0.06159100 -0.03662000
v -0.00280300 0.08589100 0.02484000
v -0.00280300 0.08589100 0.02484000
v -0.00310800 0.09209100 0.02571000
v -0.00310800 0.09209100 0.02571000
v -0.00310800 0.09209100 0.02571000
v -0.04447500 0.07859100 0.00785000
v 0.01026600 0.06959100 0.04481000
v 0.01522800 0.06959100 0.04334000
v 0.01737100 0.09156900 0.02117000
v 0.01737100 0.09156900 0.02117000
v -0.03144700 0.09109100 -0.00083000
v -0.00015900 0.07465200 0.03558000
v -0.00015900 0.07465200 0.03558000
v -0.00015900 0.07465200 0.03558000
v -0.00015900 0.07465200 0.03558000
v -0.03144700 0.08559100 -0.00083000
v 0.02291200 0.08559100 0.02262000
v -0.03360900 0.07859100 0.03092000
v -0.03656200 0.06159100 0.02723000
v -0.02892400 0.09109100 0.01348000
v -0.02728000 0.09109100 0.01675000
v 0.04107400 0.08529500 0.00313000
v 0.04107400 0.08529500 0.00313000
v 0.03426100 0.06159100 -0.02818000
v 0.03134400 0.06159100 -0.03129000
v -0.01666500 0.06159100 0.04280000
v -0.01263100 0.06159100 0.04419000
v -0.01158800 0.09109100 0.01167000
v 0.00826900 0.08536100 -0.03925000
v 0.00826900 0.08536100 -0.03925000
v -0.00109700 0.07516400 0.03300000
v -0.00109700 0.07516400 0.03300000
v -0.00124000 0.07507300 0.02720000
v -0.00124000 0.07507300 0.02720000
v 0.01800100 0.08447600 0.02127000
v 0.01800100 0.08447600 0.02127000
v 0.01800100 0.08447600 0.02127000
v 0.01800100 0.08447600 0.02127000
v 0.01800100 0.08447600 0.02127000
v -0.02013200 0.08458600 -0.01733000
v -0.02013200 0.08458600 -0.01733000
v -0.02013200 0.08458600 -0.01733000
v -0.02024200 0.09207700 -0.01665000
v -0.02024200 0.09207700 -0.01665000
v -0.02024200 0.09207700 -0.01665000
v -0.02024200 0.09207700 -0.01665000
v -0.02024200 0.09207700 -0.01665000
v 0.03855700 0.08536600 0.01520000
v 0.03855700 0.08536600 0.01520000
v 0.03701200 0.08512400 0.01916000
v 0.01413700 0.09109100 -0.02715000
v 0.01519800 0.09159400 -0.01734000
v 0.01519800 0.09159400 -0.01734000
v 0.02102100 0.06159100 -0.03879000
v 0.01715800 0.06159100 -0.04060000
v -0.02983500 0.08532200 0.02928000
v -0.04492700 0.07859100 0.00357000
v 0.02375300 0.07859100 0.03922000
v 0.02732400 0.07860800 0.03675000
v 0.01442300 0.08559100 0.00733000
v -0.03102100 0.08559100 -0.00447000
v 0.00749600 0.08559100 0.01485000
v 0.03907600 0.07860300 -0.02132000
v 0.00386800 0.08559100 0.01631000
v 0.01555500 0.08460600 -0.01518000
v 0.01555500 0.08460600 -0.01518000
v 0.01555500 0.08460600 -0.01518000
v -0.01077400 0.09109100 0.03060000
v -0.00726400 0.09109100 0.03165000
v -0.03102100 0.09109100 -0.00447000
v 0.02962800 0.09209100 -0.00603000
v 0.02800600 0.09209100 -0.01108000
v -0.00365700 0.08559100 0.03229000
v -0.01775700 0.08464100 -0.01413000
v -0.01775700 0.08464100 -0.01413000
v -0.01775700 0.08464100 -0.01413000
v -0.01732500 0.09208900 -0.01417000
v -0.01732500 0.09208900 -0.01417000
v -0.01732500 0.09208900 -0.01417000
v -0.01732500 0.09208900 -0.01417000
v -0.04367800 0.06159100 0.01183000
v -0.01613900 0.09209100 0.02079000
v -0.01613900 0.09209100 0.02079000
v -0.01613900 0.09209100 0.02079000
v -0.01613900 0.09209100 0.02079000
v 0.04450700 0.06159100 0.00764000
v -0.00354100 0.09209100 -0.02929000
v 0.01512500 0.08463800 0.01860000
v 0.01512500 0.08463800 0.01860000
v -0.01285700 0.07059100 0.03600000
v -0.01954900 0.09155500 -0.01842000
v -0.01954900 0.09155500 -0.01842000
v -0.02375300 0.07859100 0.03922000
v 0.01522300 0.08458600 -0.01733000
v 0.01522300 0.08458600 -0.01733000
v 0.01522300 0.08458600 -0.01733000
v 0.00365700 0.08559100 0.03229000
v 0.00000000 0.08559100 0.03250000
v -0.00183300 0.06509700 -0.04244000
v -0.00183300 0.06509700 -0.04244000
v 0.00176800 0.06414600 -0.04240000
v 0.00176800 0.06414600 -0.04240000
v 0.00176800 0.06414600 -0.04240000
v -0.01127100 0.09209100 0.01320000
v -0.01558100 0.09209100 0.00675000
v -0.01558100 0.09209100 0.00675000
v -0.01458200 0.07059100 0.03702000
v -0.01458200 0.07059100 0.03702000
v 0.01992100 0.08529000 -0.03498000
v 0.01522400 0.09209100 0.02737000
v 0.01542700 0.09209100 -0.00539000
v 0.03482600 0.08536200 0.02281000
v 0.03482600 0.08536200 0.02281000
v 0.00023600 0.06159100 -0.04397000
v 0.00023600 0.06159100 -0.04397000
v 0.00023600 0.06159100 -0.04397000
v 0.00023600 0.06159100 -0.04397000
v 0.02122300 0.09209100 0.02297000
v -0.00259200 0.08559100 -0.01454000
v -0.02772800 0.06159100 0.03644000
v -0.01735300 0.09208700 -0.01929000
v -0.01735300 0.09208700 -0.01929000
v -0.01735300 0.09208700 -0.01929000
v 0.00120400 0.09209100 0.02891000
v 0.00120400 0.09209100 0.02891000
v 0.00120400 0.09209100 0.02891000
v -0.01314100 0.06159100 -0.04204000
v -0.00502000 0.09209100 0.03113000
v -0.01206000 0.09209100 0.02896000
v -0.03134400 0.06159100 -0.03129000
v -0.03426100 0.06159100 -0.02818000
v -0.00053100 0.06609900 -0.04231000
v -0.00053100 0.06609900 -0.04231000
v -0.00143600 0.06373400 -0.03856000
v -0.00143600 0.06373400 -0.03856000
v -0.00143600 0.06373400 -0.03856000
v -0.00143600 0.06373400 -0.03856000
v 0.03059400 0.07859100 0.03400000
v 0.03144700 0.08559100 0.00283000
v 0.03102100 0.08559100 0.00647000
v 0.00726400 0.08559100 0.03165000
v -0.00184000 0.09209100 0.02359000
v -0.00184000 0.09209100 0.02359000
v 0.00000000 0.09209100 0.02295000
v 0.00000000 0.09209100 0.02295000
v -0.00098800 0.07403900 0.04200000
v -0.00098800 0.07403900 0.04200000
v 0.03102100 0.08559100 -0.00447000
v 0.03144700 0.08559100 -0.00083000
v 0.02983600 0.08534400 0.02926000
v 0.02680000 0.08530500 0.03219000
v 0.00217400 0.09209100 0.02382000
v 0.00217400 0.09209100 0.02382000
v 0.00217400 0.09209100 0.02382000
v 0.01158800 0.09109100 -0.00967000
v 0.01379800 0.09108500 -0.00669000
v -0.01927100 0.08459100 0.02063000
v -0.02014800 0.08435200 0.01928000
v -0.02014800 0.08435200 0.01928000
v -0.02014800 0.08435200 0.01928000
v -0.02014800 0.08435200 0.01928000
v 0.03985200 0.08523500 0.01131000
v 0.03985200 0.08523500 0.01131000
v 0.00293400 0.07702000 0.03300000
v 0.00293400 0.07702000 0.03300000
v 0.00293400 0.07702000 0.03300000
v -0.00302000 0.06308200 -0.04390000
v -0.00302000 0.06308200 -0.04390000
v -0.00187900 0.09209100 0.02847000
v -0.00187900 0.09209100 0.02847000
v -0.00187900 0.09209100 0.02847000
v -0.03017700 0.08559100 -0.00803000
v -0.04496600 0.07859100 -0.00074000
v -0.01989200 0.08533400 0.03698000
v -0.00108800 0.08589100 0.02307000
v -0.00108800 0.08589100 0.02307000
v -0.00108800 0.08589100 0.02307000
v 0.02526700 0.09109100 0.01981000
v 0.02291200 0.09109100 0.02262000
v 0.02728000 0.08559100 -0.01475000
v 0.02526700 0.08559100 -0.01781000
v -0.01715800 0.06159100 -0.04060000
v -0.02102100 0.06159100 -0.03879000
v 0.03017700 0.08559100 -0.00803000
v 0.02892400 0.08559100 -0.01148000
v -0.01389300 0.09107200 -0.00648000
v -0.01526800 0.09109100 -0.00287000
v 0.01976600 0.09208000 -0.01811000
v 0.01976600 0.09208000 -0.01811000
v 0.01976600 0.09208000 -0.01811000
v 0.01976600 0.09208000 -0.01811000
v 0.01976600 0.09208000 -0.01811000
v -0.02424700 0.06159100 0.03891000
v -0.01980000 0.08461400 -0.01518000
v -0.01980000 0.08461400 -0.01518000
v -0.01980000 0.08461400 -0.01518000
v 0.02679500 0.08540100 -0.03012000
v 0.00160900 0.08055700 0.03700000
v 0.00160900 0.08055700 0.03700000
v -0.02892400 0.08559100 0.01348000
v 0.00726400 0.09109100 -0.02965000
v 0.02291200 0.08559100 -0.02062000
v 0.00215200 0.08589100 0.02816000
v 0.00215200 0.08589100 0.02816000
v 0.01269700 0.09209100 -0.00984000
v 0.01269700 0.09209100 -0.00984000
v 0.01269700 0.09209100 -0.00984000
v 0.00872500 0.09209100 -0.01324000
v 0.00872500 0.09209100 -0.01324000
v 0.00872500 0.09209100 -0.01324000
v 0.00122300 0.08589100 0.02323000
v 0.00122300 0.08589100 0.02323000
v -0.00286700 0.08589100 0.02718000
v -0.00286700 0.08589100 0.02718000
v -0.00286700 0.08589100 0.02718000
v 0.00190800 0.08034700 0.04200000
v 0.00190800 0.08034700 0.04200000
v 0.01803500 0.07967000 0.04155000
v 0.01803500 0.07967000 0.04155000
v 0.01982100 0.07858700 0.04141000
v -0.01904400 0.08457600 -0.01883000
v -0.01904400 0.08457600 -0.01883000
v -0.01904400 0.08457600 -0.01883000
v -0.01925500 0.09209100 -0.01462000
v -0.01925500 0.09209100 -0.01462000
v -0.01925500 0.09209100 -0.01462000
v -0.01925500 0.09209100 -0.01462000
v -0.03974500 0.08543000 0.01127000
v 0.00000700 0.08527800 -0.04014000
v 0.00337700 0.08501500 -0.04018000
v 0.01077400 0.09109100 0.03060000
v -0.00293500 0.07761000 0.02720000
v -0.00293500 0.07761000 0.02720000
v 0.02024800 0.09109100 0.02513000
v 0.00873300 0.09209100 -0.02817000
v 0.00177000 0.09209100 -0.02940000
v -0.01669300 0.07059100 0.04066000
v -0.01669300 0.07059100 0.04066000
v 0.00000000 0.06159100 0.04600000
v -0.00426100 0.06159100 0.04580000
v 0.00329200 0.07805600 0.03568000
v 0.00329200 0.07805600 0.03568000
v -0.04263100 0.07859100 -0.01341000
v -0.04381300 0.07859100 -0.00927000
v -0.01839300 0.09208600 0.02113000
v -0.01839300 0.09208600 0.02113000
v -0.01839300 0.09208600 0.02113000
v -0.01730900 0.09109100 -0.02532000
v -0.02024800 0.09109100 -0.02313000
v 0.03914700 0.06159100 -0.02119000
v 0.01668000 0.08205000 0.04063000
v 0.01368800 0.09209100 -0.02626000
v 0.03680200 0.07859100 -0.02490000
v 0.03415700 0.07859100 -0.02830000
v -0.01526800 0.09109100 0.00487000
v -0.01401200 0.09108800 0.00830000
v -0.01401200 0.09108800 0.00830000
v -0.00269700 0.08098900 0.04200000
v -0.00269700 0.08098900 0.04200000
v 0.00270700 0.08589100 0.02456000
v 0.00270700 0.08589100 0.02456000
v -0.01972700 0.09209100 0.02447000
v -0.03888200 0.06159100 0.02365000
v 0.00426100 0.06159100 0.04580000
v 0.01969200 0.09209100 -0.02242000
v 0.01969200 0.09209100 -0.02242000
v 0.01969200 0.09209100 -0.02242000
v 0.01969200 0.09209100 -0.02242000
v -0.03249200 0.08533500 0.02617000
v -0.04105800 0.07859100 -0.01742000
v -0.03907600 0.07860300 -0.02132000
v 0.01730900 0.08559100 -0.02532000
v 0.02024800 0.08559100 -0.02313000
v 0.04381300 0.07859100 -0.00927000
v -0.02073200 0.07859100 -0.03894000
v -0.01691000 0.07859600 -0.04070000
v -0.02054800 0.06159100 0.04103000
v 0.01853200 0.06994200 0.04162000
v 0.01853200 0.06994200 0.04162000
v -0.02291200 0.09109100 -0.02062000
v 0.04447500 0.07859100 0.00785000
v 0.04492700 0.07859100 0.00357000
v 0.03888200 0.06159100 0.02365000
v 0.01413700 0.08559100 -0.02715000
v 0.03656200 0.06159100 0.02723000
v -0.04459500 0.07860500 -0.00502000
v -0.01379100 0.07059100 0.03636000
v 0.02784700 0.07860800 -0.03434000
v 0.00365700 0.08559100 -0.03029000
v 0.00000000 0.08559100 -0.03050000
v 0.00223000 0.07541800 0.03556000
v 0.00223000 0.07541800 0.03556000
v 0.00223000 0.07541800 0.03556000
v 0.00223000 0.07541800 0.03556000
v 0.00118300 0.07523500 0.03300000
v -0.00474700 0.07821600 0.03600000
v -0.00474700 0.07821600 0.03600000
v -0.01413700 0.09109100 -0.02715000
v -0.01275000 0.07859100 -0.04216000
v 0.00365700 0.09109100 0.03229000
v -0.01941600 0.08459700 0.01681000
v -0.01941600 0.08459700 0.01681000
v -0.00041700 0.08589100 0.02912000
v -0.00041700 0.08589100 0.02912000
v -0.00041700 0.08589100 0.02912000
v -0.00278800 0.08165000 0.03501000
v -0.00278800 0.08165000 0.03501000
v -0.00848500 0.06159100 0.04519000
v 0.00726400 0.09109100 0.03165000
v 0.04358700 0.07860400 0.01218000
v -0.04107100 0.08530200 0.00313000
v -0.02543900 0.09209100 0.01773000
v -0.02543900 0.09209100 0.01773000
v -0.02543900 0.09209100 0.01773000
v -0.02861200 0.09209100 0.01142000
v 0.00052400 0.06615900 -0.04399000
v 0.00052400 0.06615900 -0.04399000
v -0.00365700 0.08559100 -0.03029000
v -0.00726400 0.08559100 -0.02965000
v 0.02024800 0.08559100 0.02513000
v -0.03687000 0.06159100 -0.02480000
v -0.02800600 0.09209100 -0.01108000
v -0.02445600 0.07859100 -0.03677000
v -0.02795600 0.07859100 -0.03426000
v 0.02543900 0.09209100 -0.01573000
v 0.02543900 0.09209100 -0.01573000
v 0.02543900 0.09209100 -0.01573000
v -0.04496100 0.06159100 -0.00087000
v 0.03017700 0.09109100 -0.00803000
v 0.04459500 0.07860500 -0.00502000
v 0.03119900 0.07859100 -0.03143000
v -0.01077400 0.08559100 -0.02860000
v -0.02962800 0.09209100 -0.00603000
v 0.03687000 0.06159100 -0.02480000
v 0.03391300 0.06159100 0.03058000
v -0.00856600 0.07859100 -0.04318000
v 0.01244100 0.08459100 0.03600000
v -0.00430300 0.07859100 -0.04379000
v 0.00000000 0.07859100 -0.04400000
v -0.04450700 0.06159100 0.00764000
v 0.01077400 0.09109100 -0.02860000
v 0.04496600 0.07859100 -0.00074000
v 0.01999000 0.06959100 0.04132000
v 0.03017700 0.08559100 0.01003000
v -0.03131700 0.07859700 -0.03132000
v 0.02354600 0.08512800 -0.03284000
v -0.04493600 0.06159100 0.00340000
v -0.01579700 0.09108600 0.00077000
v 0.03102100 0.09109100 -0.00447000
v -0.03703400 0.08509100 -0.01716000
v 0.00000000 0.08559100 0.01675000
v 0.04119400 0.08509100 -0.00108000
v -0.03017700 0.09109100 0.01003000
v -0.03024300 0.09209100 0.00454000
v -0.01714900 0.08479400 -0.01917000
v -0.01714900 0.08479400 -0.01917000
v 0.02892400 0.08559100 0.01348000
v -0.03858500 0.08530500 -0.01322000
v -0.03858500 0.08530500 -0.01322000
v 0.00430300 0.07859100 -0.04379000
v -0.03044800 0.09209100 -0.00077000
v -0.02526700 0.09109100 0.01981000
vn -0.67490000 0.64140000 -0.36480000
vn 0.67220000 0.50790000 -0.53870000
vn -0.00150000 0.49990000 -0.86610000
vn 0.81420000 0.49910000 -0.29650000
vn 0.63230000 0.50930000 0.58390000
vn 0.26170000 0.50260000 -0.82390000
vn 0.56460000 0.50120000 0.65580000
vn 0.07300000 0.99710000 -0.02200000
vn 0.09130000 0.98210000 -0.16490000
vn 0.34620000 0.49900000 -0.79440000
vn 0.53470000 0.84460000 -0.02570000
vn 0.18550000 0.98230000 0.02460000
vn -0.84500000 0.38430000 0.37190000
vn 0.17450000 0.98460000 -0.00670000
vn 0.57110000 0.51100000 -0.64240000
vn -0.67490000 0.64140000 -0.36480000
vn 0.12350000 0.99230000 0.00770000
vn -0.00000000 -1.00000000 -0.00000000
vn -0.00000000 -1.00000000 -0.00000000
vn 0.91230000 0.00020000 -0.40960000
vn 0.01940000 0.78010000 0.62540000
vn -0.00000000 -1.00000000 -0.00000000
vn 0.14960000 0.74110000 0.65450000
vn -0.00000000 -1.00000000 -0.00000000
vn -0.00000000 -1.00000000 -0.00000000
vn 0.70800000 0.51240000 -0.48600000
vn -0.00000000 -1.00000000 -0.00000000
vn 0.69620000 -0.00040000 -0.71790000
vn 0.59470000 0.50330000 -0.62690000
vn 0.46170000 0.50720000 0.72770000
vn 0.47530000 0.51650000 -0.71220000
vn -0.00000000 -1.00000000 -0.00000000
vn -0.00000000 -1.00000000 -0.00000000
vn 0.64760000 0.50000000 0.57490000
vn -0.00000000 -1.00000000 -0.00000000
vn 0.77070000 0.51490000 0.37540000
vn -0.00000000 -1.00000000 -0.00000000
vn 0.94110000 0.00080000 0.33800000
vn -0.00000000 -1.00000000 -0.00000000
vn -0.00000000 -1.00000000 -0.00000000
vn 0.85530000 0.50040000 0.13470000
vn -0.00000000 -1.00000000 -0.00000000
vn 0.98910000 -0.00040000 0.14750000
vn 0.85930000 0.50970000 -0.04270000
vn -0.89910000 -0.10800000 -0.42420000
vn 0.18950000 0.00090000 -0.98190000
vn -0.00000000 -1.00000000 -0.00000000
vn -0.00000000 -1.00000000 -0.00000000
vn -0.82430000 0.52270000 -0.21760000
vn -0.80060000 0.50030000 -0.32980000
vn -0.81960000 0.50160000 -0.27670000
vn -0.78390000 0.50600000 -0.36000000
vn -0.18540000 0.96970000 -0.15890000
vn -0.51740000 0.50870000 -0.68820000
vn -0.47200000 0.50180000 -0.72480000
vn -0.54100000 0.50120000 -0.67530000
vn -0.17240000 0.95770000 0.23040000
vn -0.46130000 0.00070000 -0.88720000
vn -0.42810000 0.50580000 -0.74890000
vn -0.43280000 0.50470000 -0.74700000
vn -0.17860000 0.80910000 -0.55980000
vn -0.22240000 0.49920000 -0.83750000
vn -0.28440000 0.00080000 -0.95870000
vn -0.12750000 0.50070000 -0.85620000
vn -0.02650000 0.95510000 -0.29500000
vn -0.43340000 0.49960000 0.75000000
vn 0.85340000 0.00120000 0.52120000
vn -0.07650000 0.98960000 0.12200000
vn -0.36290000 0.83240000 0.41890000
vn -0.61320000 0.50030000 0.61130000
vn -0.67980000 0.00120000 0.73340000
vn -0.68510000 0.50300000 0.52690000
vn -0.68480000 0.50980000 0.52070000
vn -0.63190000 0.49940000 0.59270000
vn -0.70090000 0.49890000 0.50980000
vn -0.90480000 0.00080000 0.42590000
vn -0.73070000 0.52230000 0.43950000
vn -0.81080000 0.51460000 0.27900000
vn -0.79990000 0.49990000 0.33200000
vn -0.84430000 0.52230000 0.12010000
vn -0.86600000 0.50000000 0.00100000
vn -0.85930000 0.50970000 -0.04270000
vn 0.29010000 0.01770000 0.95680000
vn 0.37950000 0.51760000 0.76690000
vn 0.14720000 0.52200000 -0.84010000
vn -0.00000000 -0.00000000 1.00000000
vn -0.03000000 -0.07480000 0.99670000
vn 0.51220000 0.75670000 -0.40630000
vn 0.47680000 0.77170000 -0.42090000
vn 0.14160000 0.74640000 0.65020000
vn 0.34180000 -0.00000000 -0.93980000
vn 0.27500000 0.75670000 0.59310000
vn 0.11620000 -0.00000000 -0.99320000
vn 0.37590000 0.75720000 0.53420000
vn -0.00000000 1.00000000 -0.00000000
vn -0.00530000 0.73650000 -0.67640000
vn 0.64270000 -0.00000000 0.76610000
vn 0.64270000 -0.00000000 0.76610000
vn 0.80230000 -0.00000000 0.59690000
vn 0.95810000 -0.00000000 0.28660000
vn 0.65350000 0.75670000 0.01760000
vn 0.98480000 -0.00000000 0.17380000
vn 0.70030000 0.71320000 -0.03000000
vn -0.00000000 1.00000000 -0.00000000
vn -0.00000000 1.00000000 -0.00000000
vn -0.00000000 1.00000000 -0.00000000
vn 0.58780000 0.73680000 -0.33410000
vn -0.00000000 1.00000000 -0.00000000
vn 0.09640000 0.75700000 -0.64630000
vn -0.00000000 1.00000000 -0.00000000
vn 0.24260000 0.75640000 0.60750000
vn 0.13120000 0.75630000 -0.64090000
vn 0.10120000 0.71810000 0.68850000
vn 0.44850000 -0.00000000 -0.89380000
vn 0.54960000 -0.00000000 -0.83540000
vn 0.47690000 0.66950000 -0.56940000
vn 0.91830000 -0.00000000 -0.39590000
vn 0.66890000 0.72540000 -0.16230000
vn 0.62170000 0.75540000 -0.20700000
vn 0.66720000 0.73630000 -0.11270000
vn -0.00000000 1.00000000 -0.00000000
vn 0.59210000 0.75650000 0.27770000
vn 0.57580000 0.75680000 0.30920000
vn 0.72730000 -0.00000000 0.68630000
vn -0.00000000 1.00000000 -0.00000000
vn 0.15990000 0.00450000 0.98710000
vn 0.32810000 -0.00570000 0.94460000
vn 0.73740000 -0.01240000 0.67540000
vn 0.54770000 -0.01080000 -0.83660000
vn -0.00000000 1.00000000 -0.00000000
vn -0.00070000 1.00000000 0.00300000
vn -0.00190000 1.00000000 -0.00000000
vn 0.00060000 1.00000000 0.00090000
vn 0.82990000 -0.01660000 0.55760000
vn 0.61950000 0.06410000 -0.78240000
vn -0.00000000 1.00000000 -0.00000000
vn -0.00000000 1.00000000 -0.00000000
vn 0.54150000 -0.00680000 0.84070000
vn 0.87910000 -0.01030000 0.47660000
vn -0.00000000 1.00000000 -0.00000000
vn 0.97120000 -0.00100000 0.23820000
vn 0.79500000 0.60400000 -0.05660000
vn 0.83600000 0.52980000 -0.14280000
vn 0.75520000 0.41510000 -0.50730000
vn 0.73540000 -0.01240000 -0.67760000
vn -0.00000000 1.00000000 -0.00000000
vn -0.00000000 1.00000000 -0.00000000
vn 0.32920000 -0.01260000 -0.94420000
vn 0.77290000 -0.01830000 0.63420000
vn 0.78640000 0.10640000 0.60850000
vn 0.69090000 -0.02210000 -0.72270000
vn -0.14910000 -0.01390000 -0.98870000
vn 0.00020000 1.00000000 0.00060000
vn -0.00120000 1.00000000 0.00170000
vn 0.20080000 0.83730000 0.50850000
vn 0.91030000 0.01460000 0.41360000
vn 0.93220000 -0.00570000 -0.36200000
vn 0.00850000 0.85070000 0.52550000
vn 0.98940000 0.00560000 -0.14520000
vn 0.98960000 0.00610000 -0.14370000
vn 0.37400000 -0.02740000 0.92700000
vn 0.40020000 0.85480000 -0.33050000
vn 0.45470000 0.84580000 -0.27910000
vn 0.49220000 0.79050000 0.36450000
vn 0.46220000 0.87770000 -0.12650000
vn -0.03870000 0.99730000 -0.06180000
vn -0.32480000 0.78700000 0.52460000
vn -0.58250000 0.04130000 -0.81180000
vn 0.52050000 0.84930000 -0.08810000
vn 0.52050000 0.84930000 -0.08810000
vn 0.52050000 0.84930000 -0.08810000
vn -0.42370000 0.01810000 0.90560000
vn 0.00120000 0.83860000 0.54470000
vn 0.51400000 0.85300000 -0.09040000
vn 0.51400000 0.85300000 -0.09040000
vn -0.31720000 0.01330000 -0.94830000
vn -0.47100000 0.86880000 -0.15270000
vn -0.60500000 -0.00390000 0.79620000
vn -0.12830000 0.85220000 -0.50730000
vn -0.40150000 0.04130000 -0.91490000
vn -0.97840000 0.03460000 -0.20380000
vn -0.31940000 0.02610000 0.94730000
vn 0.20080000 0.83730000 0.50850000
vn -0.31940000 0.02610000 0.94730000
vn 0.78640000 0.10640000 0.60850000
vn -0.34900000 0.09190000 -0.93260000
vn 0.78640000 0.10640000 0.60850000
vn -0.00000000 1.00000000 -0.00000000
vn -0.00000000 1.00000000 -0.00000000
vn 0.83640000 0.01250000 0.54800000
vn -0.00000000 1.00000000 -0.00000000
vn 0.94230000 0.01900000 -0.33420000
vn 0.79180000 0.01410000 -0.61060000
vn -0.00000000 1.00000000 -0.00000000
vn -0.00000000 1.00000000 -0.00000000
vn -0.98760000 0.01890000 0.15560000
vn -0.00320000 0.01240000 -0.99990000
vn -0.34940000 0.05970000 -0.93510000
vn -0.13480000 0.01820000 0.99070000
vn -0.06910000 0.03140000 0.99710000
vn -0.00000000 1.00000000 -0.00000000
vn -0.80190000 0.02170000 -0.59700000
vn -0.52190000 0.85300000 0.00680000
vn -0.97840000 0.03460000 -0.20380000
vn -0.89970000 0.01290000 0.43630000
vn -0.19400000 -0.03110000 -0.98050000
vn -0.96950000 0.01560000 -0.24440000
vn -0.81430000 -0.01860000 0.58020000
vn -0.81270000 -0.01780000 0.58240000
vn -0.31840000 0.02730000 0.94760000
vn -0.15180000 0.66760000 -0.72890000
vn -0.00000000 1.00000000 -0.00000000
vn -0.00000000 1.00000000 -0.00000000
vn -0.22380000 0.66380000 -0.71370000
vn -0.62700000 0.00920000 -0.77890000
vn -0.78740000 0.00980000 -0.61640000
vn -0.45260000 0.77980000 -0.43250000
vn -0.98720000 0.01420000 -0.15860000
vn -0.76290000 0.64630000 -0.01670000
vn -0.74850000 0.63650000 0.18600000
vn -0.89050000 0.01030000 0.45480000
vn -0.74660000 0.00330000 0.66530000
vn -0.52650000 0.67270000 0.52000000
vn -0.46770000 -0.00340000 0.88390000
vn -0.32010000 0.00280000 0.94740000
vn -0.06980000 0.00470000 0.99760000
vn -0.34940000 0.05970000 -0.93510000
vn -0.98930000 0.01540000 0.14480000
vn -0.66700000 0.03150000 0.74440000
vn -0.66700000 0.03150000 0.74440000
vn -0.00000000 1.00000000 -0.00000000
vn -0.00160000 1.00000000 0.00100000
vn 0.00010000 1.00000000 -0.00090000
vn -0.00190000 1.00000000 -0.00000000
vn -0.00000000 1.00000000 -0.00000000
vn -0.00160000 1.00000000 0.00100000
vn -0.46890000 -0.87290000 -0.13490000
vn -0.46890000 -0.87290000 -0.13490000
vn 0.00280000 1.00000000 0.00260000
vn 0.00250000 1.00000000 0.00250000
vn -0.91150000 -0.03710000 -0.40950000
vn -0.81480000 -0.01700000 0.57950000
vn -0.31940000 0.02610000 0.94730000
vn 0.00060000 1.00000000 0.00100000
vn -0.00030000 1.00000000 0.00040000
vn -0.00070000 1.00000000 -0.00160000
vn -0.03890000 0.74340000 -0.66770000
vn -0.44690000 0.57450000 -0.68570000
vn -0.70310000 0.68680000 -0.18420000
vn -0.49320000 0.79140000 -0.36120000
vn -0.74390000 0.66470000 0.06840000
vn -0.00000000 1.00000000 -0.00000000
vn -0.00110000 1.00000000 -0.00040000
vn 0.00030000 1.00000000 -0.00020000
vn -0.87440000 -0.00270000 0.48510000
vn -0.42250000 0.66290000 0.61810000
vn -0.21200000 0.66710000 0.71410000
vn -0.03330000 0.65340000 0.75630000
vn 0.00040000 1.00000000 0.00070000
vn -0.00040000 1.00000000 -0.00020000
vn -0.00000000 1.00000000 -0.00000000
vn -0.00000000 1.00000000 -0.00000000
vn -0.00000000 1.00000000 -0.00000000
vn -0.19780000 0.73070000 -0.65340000
vn -0.91210000 -0.03400000 -0.40860000
vn -0.56410000 0.73720000 0.37190000
vn -0.09160000 0.71480000 -0.69330000
vn -0.00000000 1.00000000 -0.00000000
vn -0.56290000 0.67110000 0.48240000
vn -0.37730000 0.66940000 0.63990000
vn -0.00110000 1.00000000 -0.00040000
vn -0.00030000 1.00000000 -0.00070000
vn 0.00030000 1.00000000 -0.00020000
vn 0.79220000 -0.00500000 0.61020000
vn -0.11980000 0.70610000 0.69790000
vn 0.61950000 0.06410000 -0.78240000
vn 0.99860000 0.04530000 0.02720000
vn -0.00000000 1.00000000 -0.00000000
vn -0.34940000 0.05970000 -0.93510000
vn -0.00000000 1.00000000 -0.00000000
vn -0.31840000 0.02730000 0.94760000
vn -0.00000000 1.00000000 -0.00000000
vn 0.00060000 1.00000000 0.00100000
vn -0.00030000 1.00000000 0.00040000
vn -0.00000000 1.00000000 -0.00000000
vn -0.00000000 1.00000000 -0.00000000
vn 0.56430000 0.73360000 -0.37870000
vn 0.46310000 0.69770000 -0.54660000
vn -0.46890000 -0.87290000 -0.13490000
vn -0.00000000 1.00000000 -0.00000000
vn -0.00070000 1.00000000 -0.00160000
vn -0.00000000 1.00000000 -0.00000000
vn -0.00030000 1.00000000 0.00040000
vn 0.72920000 0.64790000 -0.22020000
vn 0.75300000 0.65580000 0.05360000
vn 0.27020000 -0.00900000 -0.96280000
vn 0.68880000 0.66450000 0.28960000
vn -0.00000000 1.00000000 -0.00000000
vn 0.00210000 1.00000000 0.00020000
vn -0.00140000 1.00000000 -0.00190000
vn -0.00000000 1.00000000 -0.00000000
vn -0.29030000 0.67280000 -0.68050000
vn -0.56740000 0.73080000 -0.37940000
vn 0.39270000 0.01980000 -0.91950000
vn 0.22700000 -0.01840000 -0.97370000
vn 0.36020000 -0.84700000 0.39090000
vn -0.00160000 1.00000000 0.00100000
vn -0.00000000 1.00000000 -0.00000000
vn 0.00010000 1.00000000 -0.00090000
vn -0.00020000 1.00000000 -0.00020000
vn -0.48140000 0.70800000 -0.51680000
vn 0.56890000 0.73410000 0.37070000
vn -0.00190000 1.00000000 -0.00150000
vn -0.00140000 1.00000000 -0.00190000
vn -0.46970000 0.76200000 -0.44580000
vn -0.00720000 -0.01850000 0.99980000
vn -0.37550000 0.74740000 -0.54820000
vn -0.00000000 1.00000000 -0.00000000
vn -0.00000000 -0.00000000 1.00000000
vn -0.33690000 0.73430000 -0.58940000
vn -0.34180000 -0.00000000 -0.93980000
vn -0.23110000 -0.00000000 -0.97290000
vn -0.26950000 0.73560000 0.62150000
vn -0.11620000 -0.00000000 -0.99320000
vn 0.04490000 0.73130000 -0.68050000
vn -0.00260000 1.00000000 -0.00250000
vn -0.00000000 1.00000000 -0.00000000
vn -0.00200000 1.00000000 -0.00230000
vn 0.00320000 1.00000000 -0.00270000
vn -0.64270000 -0.00000000 0.76610000
vn -0.50810000 0.75950000 0.40620000
vn -0.00030000 1.00000000 0.00070000
vn 0.00040000 1.00000000 -0.00020000
vn -0.00000000 1.00000000 -0.00000000
vn -0.63260000 0.75600000 0.16810000
vn -0.59210000 0.75650000 0.27770000
vn -0.00000000 1.00000000 -0.00000000
vn -0.65350000 0.75670000 0.01760000
vn -0.70070000 0.71280000 -0.02980000
vn -0.95810000 -0.00000000 -0.28660000
vn -0.98480000 -0.00000000 -0.17380000
vn -0.00000000 1.00000000 -0.00000000
vn -0.51220000 0.75670000 -0.40630000
vn -0.72730000 -0.00000000 -0.68630000
vn -0.12880000 0.96070000 -0.24580000
vn -0.11620000 -0.00000000 -0.99320000
vn -0.32790000 0.76950000 0.54810000
vn -0.00000000 1.00000000 -0.00000000
vn -0.31220000 0.75960000 0.57060000
vn -0.54960000 -0.00000000 0.83540000
vn -0.20440000 0.75630000 0.62150000
vn -0.18030000 0.74330000 0.64420000
vn -0.27490000 0.75680000 -0.59300000
vn -0.11620000 -0.00000000 0.99320000
vn -0.00000000 1.00000000 -0.00000000
vn -0.00000000 1.00000000 -0.00000000
vn -0.43150000 0.71860000 -0.54530000
vn -0.00000000 1.00000000 -0.00000000
vn -0.00000000 1.00000000 -0.00000000
vn -0.86590000 -0.00000000 -0.50020000
vn -0.00000000 1.00000000 -0.00000000
vn -0.64750000 0.71350000 -0.26780000
vn -0.00000000 1.00000000 -0.00000000
vn -0.00000000 1.00000000 -0.00000000
vn -0.99830000 -0.00000000 -0.05810000
vn -0.98480000 -0.00000000 0.17380000
vn -0.00000000 1.00000000 -0.00000000
vn -0.00000000 1.00000000 -0.00000000
vn -0.86590000 -0.00000000 0.50020000
vn -0.72730000 -0.00000000 0.68630000
vn -0.81760000 0.47850000 0.32020000
vn 0.88000000 0.21760000 -0.42220000
vn -0.00000000 1.00000000 -0.00000000
vn -0.00000000 1.00000000 -0.00000000
vn -0.00000000 1.00000000 -0.00000000
vn -0.00000000 1.00000000 -0.00000000
vn -0.00000000 1.00000000 -0.00000000
vn -0.00000000 1.00000000 -0.00000000
vn -0.00000000 1.00000000 -0.00000000
vn -0.00000000 1.00000000 -0.00000000
vn -0.00000000 1.00000000 -0.00000000
vn 0.11620000 -0.00000000 0.99320000
vn -0.00000000 -0.00000000 1.00000000
vn 0.23100000 -0.00000000 0.97290000
vn -0.00000000 1.00000000 -0.00000000
vn -0.00000000 1.00000000 -0.00000000
vn -0.00000000 1.00000000 -0.00000000
vn -0.00000000 1.00000000 -0.00000000
vn -0.00000000 1.00000000 -0.00000000
vn -0.00000000 1.00000000 -0.00000000
vn -0.00000000 1.00000000 -0.00000000
vn -0.00000000 1.00000000 -0.00000000
vn -0.00000000 1.00000000 -0.00000000
vn -0.34180000 -0.00000000 -0.93980000
vn -0.00000000 1.00000000 -0.00000000
vn -0.23110000 -0.00000000 -0.97290000
vn -0.00000000 1.00000000 -0.00000000
vn -0.00000000 -0.00000000 -1.00000000
vn -0.00000000 1.00000000 -0.00000000
vn -0.00000000 1.00000000 -0.00000000
vn -0.00000000 1.00000000 -0.00000000
vn 0.11260000 0.99080000 -0.07570000
vn 0.91830000 -0.00000000 -0.39590000
vn 0.54960000 -0.00000000 -0.83540000
vn -0.00000000 1.00000000 -0.00000000
vn -0.00000000 1.00000000 -0.00000000
vn -0.00000000 1.00000000 -0.00000000
vn -0.00000000 1.00000000 -0.00000000
vn -0.51310000 0.82210000 -0.24660000
vn -0.77180000 0.50100000 0.39150000
vn -0.67530000 0.52070000 -0.52230000
vn -0.12580000 0.98180000 -0.14240000
vn -0.10110000 0.98860000 0.11130000
vn -0.37490000 0.91530000 0.14760000
vn -0.83470000 0.51040000 0.20700000
vn -0.54950000 0.51150000 -0.66060000
vn -0.86210000 0.50360000 0.05620000
vn -0.26670000 0.96350000 -0.02230000
vn -0.17860000 0.80910000 -0.55980000
vn 0.01270000 0.97860000 -0.20530000
vn -0.17860000 0.80910000 -0.55980000
vn -0.11760000 0.99260000 -0.03170000
vn -0.18220000 0.98330000 0.00300000
vn -0.51310000 0.82210000 -0.24660000
vn -0.51310000 0.82210000 -0.24660000
vn 0.38020000 0.49640000 0.78040000
vn 0.39160000 0.84610000 -0.36160000
vn -0.00000000 -0.00000000 1.00000000
vn -0.11070000 0.70280000 0.70270000
vn 0.07910000 -0.00230000 0.99690000
vn 0.59040000 0.26440000 0.76260000
vn 0.62490000 0.60620000 0.49190000
vn 0.16650000 0.47150000 -0.86600000
vn -0.77740000 -0.00240000 0.62900000
vn -0.58640000 -0.00200000 0.81000000
vn -0.58810000 -0.00190000 0.80880000
vn 0.88000000 0.21760000 -0.42220000
vn 0.23290000 -0.80360000 0.54770000
vn 0.88000000 0.21760000 -0.42220000
vn -0.81850000 0.48020000 0.31540000
vn -0.10770000 0.67520000 0.72980000
vn 0.39160000 0.84610000 -0.36160000
vn 0.86570000 -0.00080000 0.50060000
vn 0.47130000 0.15180000 0.86880000
vn 0.51310000 -0.01060000 0.85830000
vn -0.00000000 1.00000000 -0.00000000
vn -0.00000000 1.00000000 -0.00000000
vn -0.00000000 1.00000000 -0.00000000
vn -0.20540000 0.70000000 0.68390000
vn -0.07070000 0.68290000 0.72710000
vn -0.00000000 1.00000000 -0.00000000
vn 0.20890000 0.70220000 0.68070000
vn -0.61370000 0.00110000 0.78960000
vn 0.10470000 0.72760000 0.67790000
vn -0.00000000 1.00000000 -0.00000000
vn 0.39330000 0.51080000 0.76450000
vn 0.29970000 0.64120000 0.70640000
vn -0.03310000 0.00100000 -0.99950000
vn -0.29560000 0.62250000 -0.72470000
vn 0.18790000 -0.00420000 0.98220000
vn -0.47450000 -0.00690000 0.88020000
vn 0.33820000 0.00650000 0.94100000
vn 0.05600000 0.75190000 0.65690000
vn -0.11450000 0.00530000 0.99340000
vn -0.22810000 0.00660000 0.97360000
vn -0.30530000 0.61110000 0.73030000
vn 0.79630000 0.00990000 0.60480000
vn 0.84080000 0.50730000 -0.18870000
vn 0.86600000 0.50010000 -0.00030000
vn 0.99100000 0.00030000 -0.13380000
vn 0.99840000 0.00040000 0.05710000
vn 0.83560000 0.50450000 0.21720000
vn -0.67490000 0.64140000 -0.36480000
vn 0.80150000 0.49810000 0.33100000
vn 0.41700000 0.88670000 0.19980000
vn 0.74460000 0.50420000 0.43750000
vn 0.70050000 0.50210000 0.50710000
vn 0.10820000 0.99040000 0.08650000
vn 0.67450000 0.52230000 0.52190000
vn 0.57760000 0.51060000 0.63690000
vn 0.03320000 0.99890000 0.03340000
vn 0.61230000 0.50070000 0.61190000
vn 0.60700000 0.00120000 0.79470000
vn 0.43310000 0.50000000 0.75000000
vn 0.38300000 0.50260000 0.77500000
vn 0.03490000 0.87500000 -0.48290000
vn 0.12840000 0.50030000 -0.85630000
vn 0.09670000 0.00300000 -0.99530000
vn 0.41520000 0.49850000 0.76100000
vn 0.03190000 0.87020000 -0.49170000
vn 0.22280000 0.49930000 -0.83730000
vn 0.17970000 0.93220000 -0.31430000
vn 0.25240000 0.50480000 -0.82550000
vn 0.38550000 0.51350000 -0.76660000
vn 0.37520000 0.00070000 -0.92700000
vn 0.43220000 0.49940000 -0.75080000
vn 0.29820000 0.84640000 -0.44120000
vn 0.61190000 0.50930000 -0.60520000
vn 0.61960000 0.00100000 -0.78490000
vn 0.68550000 0.50180000 -0.52750000
vn 0.73280000 0.49990000 -0.46160000
vn 0.75900000 0.00040000 -0.65110000
vn 0.74930000 0.50420000 -0.42940000
vn 0.77590000 0.50210000 -0.38190000
vn 0.83610000 0.50090000 -0.22350000
vn 0.85540000 0.49980000 -0.13600000
vn 0.80090000 0.49940000 -0.33040000
vn 0.94740000 0.00010000 -0.32020000
vn -0.81770000 0.00030000 -0.57570000
vn -0.00000000 -1.00000000 -0.00000000
vn -0.09370000 -0.00060000 0.99560000
vn -0.00000000 -1.00000000 -0.00000000
vn -0.84230000 0.50320000 -0.19290000
vn -0.00000000 -1.00000000 -0.00000000
vn -0.99100000 0.00030000 -0.13380000
vn -0.00000000 -1.00000000 -0.00000000
vn -0.99840000 0.00040000 0.05710000
vn -0.96890000 0.00090000 0.24740000
vn -0.98820000 0.00070000 0.15300000
vn -0.90770000 -0.00050000 0.41960000
vn -0.00000000 -1.00000000 -0.00000000
vn -0.09620000 0.00240000 -0.99540000
vn -0.06720000 -0.02280000 -0.99750000
vn -0.85980000 0.00080000 0.51060000
vn -0.00000000 -1.00000000 -0.00000000
vn -0.00050000 0.00410000 -1.00000000
vn -0.00000000 -1.00000000 -0.00000000
vn -0.00000000 -1.00000000 -0.00000000
vn -0.16490000 0.50190000 -0.84910000
vn -0.74700000 0.00120000 0.66480000
vn -0.00000000 -1.00000000 -0.00000000
vn -0.68780000 -0.00080000 0.72590000
vn -0.37520000 0.00070000 -0.92700000
vn -0.60700000 0.00120000 0.79470000
vn -0.00000000 -1.00000000 -0.00000000
vn -0.52770000 0.00090000 0.84940000
vn -0.14320000 -0.03310000 0.98910000
vn -0.00000000 -1.00000000 -0.00000000
vn -0.33820000 0.00650000 0.94100000
vn -0.00000000 -1.00000000 -0.00000000
vn -0.00000000 -1.00000000 -0.00000000
vn -0.69440000 0.00020000 -0.71960000
vn -0.75960000 0.00020000 -0.65040000
vn -0.69610000 -0.00030000 -0.71790000
vn -0.18810000 -0.00230000 0.98210000
vn -0.86870000 0.00020000 -0.49530000
vn -0.28070000 -0.00260000 0.95980000
vn -0.00000000 -1.00000000 -0.00000000
vn -0.00000000 -1.00000000 -0.00000000
vn -0.00000000 -1.00000000 -0.00000000
vn -0.00000000 -1.00000000 -0.00000000
vn -0.00000000 -1.00000000 -0.00000000
vn -0.00000000 -1.00000000 -0.00000000
vn 0.81280000 -0.00080000 0.58260000
vn 0.86400000 -0.00070000 0.50360000
vn -0.00000000 -1.00000000 -0.00000000
vn -0.04560000 -0.05290000 -0.99760000
vn -0.00000000 -1.00000000 -0.00000000
vn -0.00000000 -1.00000000 -0.00000000
vn -0.00000000 -1.00000000 -0.00000000
vn -0.00000000 -1.00000000 -0.00000000
vn 0.54900000 -0.00040000 -0.83580000
vn -0.00000000 -1.00000000 -0.00000000
vn -0.00000000 -1.00000000 -0.00000000
vn -0.00000000 -1.00000000 -0.00000000
vn -0.29230000 -0.00080000 -0.95630000
vn -0.38130000 -0.00060000 -0.92450000
vn -0.46710000 -0.00050000 -0.88420000
vn -0.00000000 -1.00000000 -0.00000000
vn -0.00000000 -1.00000000 -0.00000000
vn -0.00000000 -1.00000000 -0.00000000
vn -0.00000000 -1.00000000 -0.00000000
vn -0.00000000 -1.00000000 -0.00000000
vn -0.00000000 -1.00000000 -0.00000000
vn -0.00000000 -1.00000000 -0.00000000
vn -0.00000000 -1.00000000 -0.00000000
vn -0.00000000 -1.00000000 -0.00000000
vn 0.86130000 0.09050000 -0.50000000
vn 0.86130000 0.09050000 -0.50000000
vn 0.97550000 -0.20440000 -0.08150000
vn -0.98920000 0.01670000 0.14570000
vn 0.34570000 -0.00400000 -0.93840000
vn 0.23140000 0.95610000 0.17960000
vn -0.94650000 0.32180000 -0.02540000
vn -0.14730000 -0.12330000 0.98140000
vn -0.94650000 0.32180000 -0.02540000
vn -0.94650000 0.32180000 -0.02540000
vn 0.14480000 0.80870000 -0.57020000
vn 0.57670000 0.58530000 -0.57000000
vn 0.49230000 -0.16390000 -0.85490000
vn 0.93880000 -0.33490000 0.08110000
vn -0.00000000 -0.00000000 1.00000000
vn -0.00000000 -0.00000000 -1.00000000
vn 0.71280000 -0.69920000 0.05430000
vn -0.37030000 -0.92760000 -0.04950000
vn -0.00000000 -0.00000000 -1.00000000
vn -0.99320000 -0.03060000 -0.11270000
vn -0.83060000 -0.55480000 -0.04860000
vn -0.99370000 0.01000000 -0.11130000
vn -0.39030000 0.91890000 -0.05680000
vn -0.03120000 0.99830000 0.04840000
vn 0.93880000 -0.33490000 0.08110000
vn -0.18530000 0.98140000 0.04940000
vn -0.93520000 -0.35400000 -0.01030000
vn -0.90390000 -0.42620000 0.03630000
vn 0.89410000 0.36420000 -0.26050000
vn -0.03110000 0.99590000 -0.08520000
vn 0.69390000 -0.68060000 -0.23530000
vn 0.62740000 0.10550000 -0.77150000
vn -0.03110000 0.99620000 -0.08150000
vn 0.89410000 0.36420000 -0.26050000
vn -0.59970000 -0.39860000 -0.69390000
vn 0.71120000 -0.69760000 -0.08710000
vn -0.84070000 0.53570000 0.07890000
vn -0.12290000 -0.99180000 -0.03430000
vn -0.58870000 -0.37990000 -0.71350000
vn -0.15260000 -0.47070000 -0.86900000
vn -0.34540000 0.93610000 -0.06660000
vn -0.00000000 -0.00000000 1.00000000
vn -0.00000000 -0.00000000 1.00000000
vn 0.88140000 0.47210000 -0.01750000
vn -0.96680000 -0.24330000 -0.07820000
vn 0.98750000 0.15200000 0.04120000
vn 0.76530000 -0.63910000 -0.07720000
vn -0.25120000 0.96630000 0.05690000
vn -0.18530000 0.98140000 0.04940000
vn -0.56420000 -0.82540000 0.01930000
vn 0.81240000 -0.58100000 0.04940000
vn -0.43580000 -0.89960000 -0.02750000
vn -0.29970000 0.51740000 -0.80160000
vn 0.20870000 0.66240000 -0.71950000
vn 0.93660000 -0.34730000 -0.04750000
vn -0.84260000 -0.53780000 -0.02850000
vn -0.59710000 -0.39420000 -0.69860000
vn -0.94670000 0.32130000 0.02200000
vn -0.54040000 0.83930000 -0.05890000
vn -0.34120000 0.93970000 0.02280000
vn -0.80230000 -0.00000000 0.59690000
vn -0.86590000 -0.00000000 0.50020000
vn 0.45850000 -0.00020000 0.88870000
vn 0.53760000 0.00040000 0.84320000
vn -0.05490000 0.03500000 -0.99790000
vn 0.20770000 -0.95830000 0.19640000
vn 0.86130000 0.09050000 -0.50000000
vn 0.01580000 0.21640000 -0.97620000
vn 0.34570000 -0.00400000 -0.93840000
vn 0.28760000 -0.92970000 0.23010000
vn -0.02440000 0.99800000 -0.05790000
vn -0.22820000 0.93330000 -0.27740000
vn 0.99070000 -0.00020000 -0.13600000
vn 0.97340000 -0.00010000 -0.22930000
vn 0.01100000 0.01610000 0.99980000
vn -0.82580000 0.49600000 0.26850000
vn 0.14040000 0.87860000 0.45640000
vn 0.04140000 0.05530000 0.99760000
vn 0.85960000 0.39280000 0.32680000
vn 0.14040000 0.87860000 0.45640000
vn 0.10800000 -0.02250000 0.99390000
vn 0.83500000 -0.02340000 0.54970000
vn 0.35960000 0.02340000 0.93280000
vn 0.89770000 0.00730000 0.44060000
vn 0.47410000 0.85850000 0.19540000
vn -0.80230000 -0.00000000 -0.59690000
vn -0.86590000 -0.00000000 -0.50020000
vn 0.41830000 0.01710000 0.90820000
vn 0.67330000 0.01500000 0.73930000
vn -0.53950000 -0.01330000 0.84190000
vn -0.26880000 -0.01170000 0.96310000
vn -0.14870000 0.74450000 0.65090000
vn -0.23770000 0.70310000 0.67010000
vn -0.00000000 1.00000000 -0.00000000
vn -0.00000000 1.00000000 -0.00000000
vn 0.02930000 0.70680000 0.70680000
vn -0.60020000 -0.79910000 0.03340000
vn -0.94220000 -0.33450000 0.02070000
vn -0.48250000 -0.87590000 -0.01100000
vn -0.28580000 -0.59010000 -0.75500000
vn -0.58460000 -0.37310000 -0.72040000
vn -0.95810000 -0.00000000 0.28660000
vn -0.98480000 -0.00000000 0.17380000
vn -0.00000000 1.00000000 -0.00000000
vn -0.00000000 1.00000000 -0.00000000
vn 0.00060000 1.00000000 0.00090000
vn -0.00190000 1.00000000 -0.00000000
vn 0.95440000 0.00960000 0.29850000
vn 0.99990000 0.01120000 -0.01230000
vn -0.99990000 -0.00780000 0.00740000
vn -0.96610000 -0.00690000 0.25810000
vn 0.63070000 0.58340000 0.51170000
vn 0.45210000 0.56680000 0.68870000
vn -0.31400000 0.59480000 0.74000000
vn -0.45930000 0.00120000 0.88830000
vn -0.49160000 0.64340000 0.58680000
vn -0.48460000 0.76760000 0.41950000
vn 0.64000000 0.76750000 -0.03680000
vn -0.39030000 0.91890000 -0.05680000
vn -0.00000000 -0.00000000 -1.00000000
vn 0.52110000 0.85100000 -0.06450000
vn -0.81270000 -0.01780000 0.58240000
vn -0.92930000 -0.02170000 -0.36880000
vn -0.81270000 -0.01780000 0.58240000
vn -0.81430000 -0.01860000 0.58020000
vn 0.00060000 1.00000000 0.00100000
vn -0.00030000 1.00000000 0.00070000
vn -0.00000000 1.00000000 -0.00000000
vn 0.07880000 -0.02880000 0.99650000
vn 0.21580000 -0.84480000 0.48960000
vn 0.28070000 -0.00260000 0.95980000
vn 0.37120000 -0.00220000 0.92850000
vn 0.10960000 0.70290000 0.70280000
vn 0.54360000 0.00080000 -0.83930000
vn 0.46130000 0.00070000 -0.88720000
vn 0.54970000 0.80840000 -0.21060000
vn 0.54970000 0.80840000 -0.21060000
vn 0.83930000 0.49990000 -0.21360000
vn -0.34540000 0.93610000 -0.06660000
vn -0.70720000 0.70160000 -0.08670000
vn -0.39030000 0.91890000 -0.05680000
vn -0.34540000 0.93610000 -0.06660000
vn -0.03030000 0.96980000 -0.24180000
vn 0.43130000 0.90190000 -0.02100000
vn 0.16630000 0.76550000 -0.62160000
vn -0.15120000 0.84240000 0.51720000
vn 0.41370000 0.86150000 0.29440000
vn 0.23790000 0.84180000 -0.48460000
vn -0.48260000 0.86760000 -0.12000000
vn 0.51400000 0.85300000 -0.09040000
vn -0.27530000 0.83010000 0.48490000
vn -0.60990000 -0.00590000 0.79250000
vn -0.99990000 0.01130000 -0.00390000
vn -0.01950000 0.73170000 0.68130000
vn -0.06030000 0.71990000 0.69150000
vn -0.00000000 1.00000000 -0.00000000
vn 0.52150000 -0.84260000 0.13420000
vn 0.62670000 -0.01180000 -0.77920000
vn 0.00080000 1.00000000 0.00110000
vn 0.00030000 1.00000000 -0.00040000
vn -0.00030000 1.00000000 -0.00070000
vn 0.52150000 -0.84260000 0.13420000
vn -0.00000000 1.00000000 -0.00000000
vn 0.00280000 1.00000000 0.00260000
vn 0.00080000 1.00000000 0.00110000
vn 0.12950000 -0.01180000 0.99150000
vn 0.05950000 -0.99610000 0.06440000
vn 0.76530000 -0.63910000 -0.07720000
vn 0.93880000 -0.33490000 0.08110000
vn -0.05400000 -0.99850000 0.00320000
vn -0.00000000 -0.00000000 1.00000000
vn -0.89660000 0.00840000 -0.44270000
vn -0.00000000 1.00000000 -0.00000000
vn -0.95530000 -0.03110000 0.29390000
vn -0.82030000 -0.03900000 -0.57060000
vn -0.14320000 -0.03310000 0.98910000
vn -0.39470000 0.51060000 0.76390000
vn -0.48540000 0.00100000 0.87430000
vn -0.14320000 -0.03310000 0.98910000
vn -0.13940000 0.96880000 0.20500000
vn 0.47990000 -0.00610000 0.87730000
vn -0.70940000 0.70380000 0.03850000
vn -0.00000000 -0.00000000 -1.00000000
vn -0.96410000 0.26290000 -0.03850000
vn -0.72510000 0.66590000 -0.17540000
vn -0.78050000 0.50600000 -0.36710000
vn -0.00000000 1.00000000 -0.00000000
vn 0.00020000 1.00000000 0.00060000
vn 0.00030000 1.00000000 0.00050000
vn -0.00120000 1.00000000 0.00170000
vn -0.00650000 -0.00310000 1.00000000
vn 0.44850000 -0.00000000 0.89380000
vn 0.54960000 -0.00000000 0.83540000
vn 0.15910000 0.97770000 -0.13710000
vn 0.20470000 0.97180000 -0.11680000
vn 0.29560000 -0.95470000 -0.03450000
vn 0.90940000 -0.41540000 -0.02080000
vn 0.18320000 -0.59180000 -0.78500000
vn 0.18320000 -0.59200000 -0.78480000
vn 0.21450000 -0.97670000 0.00380000
vn -0.00000000 -0.00000000 1.00000000
vn 0.82790000 0.56040000 0.02470000
vn -0.00000000 -0.00000000 1.00000000
vn -0.00000000 -0.00000000 1.00000000
vn 0.76860000 0.63650000 0.06390000
vn 0.30340000 0.95080000 -0.06350000
vn -0.20210000 0.84590000 -0.49360000
vn 0.22990000 0.84500000 -0.48290000
vn 0.04250000 -0.02210000 -0.99890000
vn 0.45700000 0.02790000 -0.88900000
vn -0.20210000 0.84590000 -0.49360000
vn -0.50320000 0.85650000 -0.11500000
vn -0.78360000 -0.04880000 -0.61940000
vn -0.40150000 0.04130000 -0.91490000
vn 0.19950000 -0.00110000 -0.97990000
vn 0.29230000 -0.00080000 -0.95630000
vn 0.19760000 0.73360000 0.65020000
vn 0.04760000 0.70380000 0.70880000
vn -0.70480000 -0.18510000 -0.68490000
vn -0.20000000 -0.71740000 -0.66730000
vn -0.47740000 -0.54670000 0.68790000
vn -0.70480000 -0.18510000 -0.68490000
vn -0.47740000 -0.54670000 0.68790000
vn -0.00670000 -0.01430000 0.99990000
vn -0.34740000 0.49870000 -0.79410000
vn -0.03700000 0.99010000 -0.13510000
vn -0.38480000 0.49660000 0.77800000
vn 0.62490000 0.60620000 0.49190000
vn -0.38340000 0.51010000 0.77000000
vn 0.34020000 0.01160000 0.94030000
vn 0.14770000 0.46820000 -0.87120000
vn -0.08160000 0.71680000 -0.69250000
vn 0.28650000 0.65920000 -0.69520000
vn 0.00020000 1.00000000 0.00060000
vn 0.00030000 1.00000000 0.00050000
vn 0.00100000 1.00000000 -0.00230000
vn 0.84870000 -0.01730000 0.52850000
vn 0.05710000 -0.00050000 -0.99840000
vn -0.07960000 -0.50200000 -0.86120000
vn 0.06730000 -0.02940000 -0.99730000
vn -0.89910000 -0.10800000 -0.42420000
vn 0.59790000 -0.00460000 -0.80160000
vn 0.04250000 -0.02210000 -0.99890000
vn -0.99940000 0.00400000 -0.03390000
vn -0.80190000 0.02170000 -0.59700000
vn -0.80190000 0.02170000 -0.59700000
vn -0.47910000 -0.01680000 -0.87760000
vn -0.98780000 -0.02510000 -0.15350000
vn -0.89730000 0.43980000 -0.03890000
vn -0.90530000 -0.41970000 -0.06520000
vn -0.35260000 0.37950000 -0.85540000
vn -0.94100000 0.14480000 -0.30580000
vn -0.95130000 -0.02930000 -0.30700000
vn -0.89730000 0.43980000 -0.03890000
vn -0.35970000 0.52380000 -0.77220000
vn -0.69310000 0.68760000 -0.21650000
vn 0.28470000 0.95820000 -0.02660000
vn -0.07350000 0.97360000 0.21610000
vn -0.48680000 0.80080000 -0.34900000
vn -0.81400000 -0.01660000 0.58060000
vn -0.81480000 -0.01700000 0.57950000
vn -0.99280000 0.02300000 -0.11730000
vn -0.03870000 0.99730000 -0.06180000
vn -0.07350000 0.97360000 0.21610000
vn -0.32480000 0.78700000 0.52460000
vn 0.30710000 0.01360000 0.95160000
vn 0.20080000 0.83730000 0.50850000
vn -0.48780000 0.87120000 0.05580000
vn -0.91340000 0.00810000 0.40700000
vn -0.45850000 0.86040000 0.22240000
vn -0.44980000 0.01320000 0.89310000
vn -0.17980000 0.84670000 0.50080000
vn -0.49060000 0.87070000 0.03390000
vn 0.22990000 0.84500000 -0.48290000
vn 0.44040000 0.86130000 0.25330000
vn -0.08510000 0.85260000 0.51560000
vn -0.20210000 0.84590000 -0.49360000
vn 0.17620000 0.98360000 -0.03990000
vn -0.30930000 0.52560000 -0.79250000
vn -0.45490000 0.89020000 -0.02270000
vn 0.65780000 0.75320000 -0.00140000
vn 0.17620000 0.98360000 -0.03990000
vn 0.57670000 0.58530000 -0.57000000
vn -0.00000000 1.00000000 -0.00000000
vn 0.00120000 1.00000000 -0.00050000
vn -0.00020000 1.00000000 -0.00020000
vn -0.00000000 1.00000000 -0.00000000
vn -0.00000000 1.00000000 -0.00000000
vn -0.00000000 1.00000000 -0.00000000
vn 0.15560000 0.86670000 -0.47400000
vn 0.08960000 0.96500000 -0.24630000
vn -0.84500000 0.38430000 0.37190000
vn 0.03270000 0.99940000 0.00880000
vn -0.84460000 0.05980000 0.53200000
vn -0.84500000 0.38430000 0.37190000
vn -0.42610000 0.69830000 0.57510000
vn -0.85570000 0.02870000 0.51670000
vn 0.16490000 0.50190000 -0.84910000
vn 0.28440000 0.00080000 -0.95870000
vn 0.75060000 0.62860000 0.20340000
vn 0.97550000 -0.20440000 -0.08150000
vn 0.37490000 0.92110000 0.10460000
vn 0.75060000 0.62860000 0.20340000
vn 0.36710000 0.92870000 -0.05250000
vn -0.14730000 -0.12330000 0.98140000
vn -0.01010000 0.99990000 -0.01320000
vn -0.86490000 0.00020000 0.50190000
vn -0.00000000 1.00000000 -0.00000000
vn 0.05690000 0.70600000 0.70590000
vn -0.03340000 -0.56620000 -0.82360000
vn 0.90240000 -0.36280000 -0.23260000
vn 0.44850000 -0.00000000 0.89380000
vn 0.54960000 -0.00000000 0.83540000
vn -0.77990000 0.50350000 0.37180000
vn -0.74460000 0.50080000 0.44130000
vn -0.13160000 0.75600000 -0.64130000
vn -0.09140000 0.71520000 -0.69300000
vn -0.16230000 0.00010000 0.98670000
vn -0.42610000 0.69830000 0.57510000
vn -0.13370000 0.52150000 0.84270000
vn -0.18770000 0.00190000 0.98220000
vn -0.61190000 0.00090000 0.79090000
vn -0.63210000 0.50830000 -0.58490000
vn -0.05460000 0.99820000 -0.02660000
vn -0.72370000 0.50950000 -0.46550000
vn -0.32480000 0.78700000 0.52460000
vn -0.48680000 0.80080000 -0.34900000
vn 0.18790000 0.88910000 -0.41740000
vn 0.47460000 0.87930000 0.03940000
vn -0.19950000 -0.00110000 -0.97990000
vn -0.11110000 -0.01230000 -0.99370000
vn 0.91830000 -0.00000000 0.39590000
vn 0.86590000 -0.00000000 0.50020000
vn -0.86990000 -0.00030000 -0.49320000
vn -0.91270000 -0.00000000 -0.40860000
vn -0.34900000 0.09190000 -0.93260000
vn 0.99890000 -0.00550000 0.04730000
vn 0.21580000 -0.84480000 0.48960000
vn 0.00040000 1.00000000 -0.00020000
vn 0.00030000 1.00000000 0.00550000
vn -0.00030000 1.00000000 0.00070000
vn 0.77290000 -0.01830000 0.63420000
vn -0.34900000 0.09190000 -0.93260000
vn 0.31310000 0.01310000 0.94960000
vn -0.32060000 0.86190000 0.39280000
vn 0.49220000 0.79050000 0.36450000
vn -0.31840000 0.02730000 0.94760000
vn 0.99890000 -0.00550000 0.04730000
vn 0.00320000 1.00000000 -0.00270000
vn 0.00030000 1.00000000 0.00550000
vn -0.00200000 1.00000000 -0.00230000
vn 0.61610000 -0.00090000 0.78770000
vn 0.68780000 -0.00080000 0.72590000
vn -0.96910000 -0.01260000 -0.24650000
vn -0.88070000 -0.01020000 -0.47350000
vn -0.77250000 0.52570000 -0.35620000
vn 0.11230000 -0.01020000 -0.99360000
vn -0.24270000 0.75650000 -0.60730000
vn 0.28900000 0.66630000 0.68750000
vn 0.52790000 0.63560000 0.56330000
vn -0.89730000 0.43980000 -0.03890000
vn -0.70800000 0.70240000 -0.07250000
vn 0.01530000 0.99980000 0.00950000
vn -0.20370000 0.63330000 0.74660000
vn -0.42610000 0.69830000 0.57510000
vn 0.95720000 0.28940000 -0.00990000
vn 0.70170000 0.71220000 -0.02090000
vn 0.59430000 0.11090000 -0.79650000
vn 0.96840000 0.24920000 0.00530000
vn 0.43610000 -0.01440000 -0.89980000
vn -0.90530000 -0.41970000 -0.06520000
vn -0.72610000 -0.68140000 -0.09210000
vn -0.90530000 -0.41970000 -0.06520000
vn -0.37030000 -0.92760000 -0.04950000
vn -0.25810000 -0.56650000 -0.78260000
vn -0.68430000 -0.69000000 -0.23580000
vn -0.00000000 -1.00000000 -0.00000000
vn -0.94340000 -0.00060000 0.33160000
vn 0.85960000 0.39280000 0.32680000
vn -0.00000000 -0.00000000 1.00000000
vn 0.39160000 0.84610000 -0.36160000
vn -0.47740000 -0.54670000 0.68790000
vn -0.20000000 -0.71740000 -0.66730000
vn 0.23290000 -0.80360000 0.54770000
vn -0.87520000 -0.48350000 -0.01480000
vn -0.97910000 0.15070000 -0.13640000
vn -0.96110000 -0.27420000 0.03430000
vn -0.00000000 -0.00000000 1.00000000
vn -0.64270000 -0.00000000 -0.76610000
vn -0.72730000 -0.00000000 -0.68630000
vn -0.54960000 -0.00000000 -0.83540000
vn 0.00880000 -0.99400000 0.10900000
vn 0.75060000 0.62860000 0.20340000
vn 0.97550000 -0.20440000 -0.08150000
vn -0.24760000 0.95990000 -0.13160000
vn -0.50200000 0.78210000 -0.36930000
vn -0.27090000 0.01540000 -0.96250000
vn 0.39660000 0.01480000 -0.91790000
vn -0.24760000 0.95990000 -0.13160000
vn -0.30020000 0.02250000 -0.95360000
vn -0.02140000 0.99940000 0.02840000
vn -0.37900000 0.50050000 0.77840000
vn 0.61630000 0.20510000 0.76030000
vn 0.34570000 -0.00400000 -0.93840000
vn -0.01130000 -0.14930000 -0.98870000
vn -0.98920000 0.01670000 0.14570000
vn -0.15240000 0.85210000 0.50070000
vn 0.99910000 -0.00020000 -0.04150000
vn 0.99860000 -0.00030000 0.05330000
vn -0.20000000 -0.71740000 -0.66730000
vn -0.00000000 -0.00000000 1.00000000
vn 0.76920000 -0.52620000 -0.36240000
vn -0.94740000 -0.00010000 -0.32000000
vn 0.90500000 0.00070000 0.42540000
vn 0.81080000 0.51460000 0.27900000
vn -0.34180000 -0.00000000 0.93980000
vn -0.23100000 -0.00000000 0.97290000
vn -0.07350000 0.97360000 0.21610000
vn -0.81400000 -0.01660000 0.58060000
vn 0.21580000 -0.84480000 0.48960000
vn 0.11880000 -0.02180000 0.99270000
vn -0.70840000 0.50780000 -0.49020000
vn -0.64730000 0.51090000 -0.56560000
vn 0.44040000 0.86130000 0.25330000
vn 0.80880000 0.00220000 0.58800000
vn 0.21730000 0.00710000 0.97610000
vn 0.15440000 0.98530000 -0.07310000
vn 0.54970000 0.80840000 -0.21060000
vn 0.57670000 0.58530000 -0.57000000
vn 0.46960000 0.88160000 -0.04670000
vn 0.98220000 0.18410000 0.03760000
vn 0.89410000 0.36420000 -0.26050000
vn 0.22440000 0.61710000 -0.75420000
vn 0.25900000 -0.96570000 -0.01710000
vn -0.18050000 -0.49690000 -0.84880000
vn 0.18320000 -0.59180000 -0.78500000
vn -0.97340000 -0.00010000 -0.22930000
vn -0.99070000 -0.00020000 -0.13600000
vn 0.80230000 -0.00000000 -0.59690000
vn 0.72730000 -0.00000000 -0.68630000
vn -0.54900000 -0.00040000 -0.83580000
vn -0.62550000 -0.00030000 -0.78020000
vn -0.00000000 1.00000000 -0.00000000
vn -0.00000000 1.00000000 -0.00000000
vn -0.14730000 -0.00930000 -0.98910000
vn 0.08190000 -0.01020000 -0.99660000
vn 0.15020000 0.48300000 -0.86260000
vn -0.00000000 -0.00000000 1.00000000
vn 0.17620000 0.98360000 -0.03990000
vn 0.54080000 0.83990000 0.04570000
vn -0.12880000 0.96070000 -0.24580000
vn -0.82730000 0.49970000 0.25680000
vn -0.12880000 0.96070000 -0.24580000
vn 0.14040000 0.87860000 0.45640000
vn -0.00000000 -0.00000000 1.00000000
vn -0.50200000 0.78210000 -0.36930000
vn -0.32070000 0.86180000 0.39300000
vn -0.24760000 0.95990000 -0.13160000
vn -0.97880000 0.02760000 -0.20310000
vn 0.34180000 -0.00000000 0.93980000
vn 0.32650000 0.50490000 -0.79910000
vn -0.80230000 -0.00000000 -0.59690000
vn -0.58780000 0.73680000 -0.33410000
vn -0.00000000 1.00000000 -0.00000000
vn 0.62700000 0.00920000 -0.77890000
vn 0.63640000 0.73580000 0.23150000
vn 0.67770000 0.73080000 0.08140000
vn -0.00000000 1.00000000 -0.00000000
vn -0.00000000 1.00000000 -0.00000000
vn -0.02840000 0.03080000 -0.99910000
vn 0.85640000 -0.51590000 0.02080000
vn -0.00000000 -0.00000000 1.00000000
vn -0.91830000 -0.00000000 -0.39590000
vn -0.00040000 1.00000000 -0.00020000
vn -0.00010000 1.00000000 0.00210000
vn -0.00190000 1.00000000 -0.00150000
vn -0.61770000 0.00350000 0.78640000
vn -0.64270000 -0.00000000 0.76610000
vn -0.72730000 -0.00000000 0.68630000
vn 0.01200000 0.01610000 0.99980000
vn 0.85960000 0.39280000 0.32680000
vn 0.78170000 -0.55070000 -0.29260000
vn -0.86400000 0.50140000 -0.04650000
vn -0.84830000 0.51070000 -0.14010000
vn -0.00000000 -0.00000000 1.00000000
vn -0.51800000 0.85290000 -0.06460000
vn -0.84070000 0.53570000 0.07890000
vn -0.51800000 0.85290000 -0.06460000
vn 0.30340000 0.95080000 -0.06350000
vn -0.00000000 -0.00000000 1.00000000
vn -0.34180000 -0.00930000 -0.93970000
vn 0.18810000 -0.00230000 0.98210000
vn 0.45350000 0.57100000 -0.68430000
vn 0.21230000 0.65520000 -0.72500000
vn -0.00000000 1.00000000 -0.00000000
vn -0.00190000 1.00000000 -0.00240000
vn 0.26140000 0.71210000 0.65170000
vn -0.01990000 0.99950000 -0.02590000
vn -0.00000000 -0.00000000 1.00000000
vn -0.70480000 -0.18510000 -0.68490000
vn 0.86050000 0.00070000 0.50950000
vn -0.57760000 0.51060000 0.63690000
vn -0.52490000 0.50410000 0.68580000
vn -0.09370000 0.00090000 0.99560000
vn 0.86590000 -0.00000000 -0.50020000
vn 0.64750000 0.71350000 -0.26780000
vn -0.00000000 1.00000000 -0.00000000
vn -0.00000000 1.00000000 -0.00000000
vn -0.00010000 1.00000000 0.00210000
vn 0.00210000 1.00000000 0.00020000
vn -0.00190000 1.00000000 -0.00150000
vn -0.00140000 1.00000000 -0.00190000
vn 0.05200000 -0.70630000 -0.70600000
vn -0.58250000 0.04130000 -0.81180000
vn -0.19400000 -0.03110000 -0.98050000
vn 0.00100000 1.00000000 -0.00230000
vn -0.00000000 1.00000000 -0.00000000
vn 0.00210000 1.00000000 0.00020000
vn 0.05200000 -0.70630000 -0.70600000
vn 0.93140000 -0.00630000 -0.36390000
vn -0.44850000 -0.00000000 -0.89380000
vn -0.29790000 0.88340000 0.36170000
vn -0.81430000 -0.01860000 0.58020000
vn -0.78360000 -0.04880000 -0.61940000
vn -0.97020000 -0.01810000 0.24180000
vn -0.97840000 0.03460000 -0.20380000
vn -0.01540000 0.99960000 0.02260000
vn 0.62490000 0.60620000 0.49190000
vn 0.60570000 0.14170000 0.78290000
vn -0.99830000 -0.00000000 0.05810000
vn -0.00000000 0.00410000 1.00000000
vn 0.11450000 0.00530000 0.99340000
vn -0.00000000 1.00000000 -0.00000000
vn -0.00000000 1.00000000 -0.00000000
vn -0.26120000 0.50230000 -0.82430000
vn -0.99150000 -0.01910000 -0.12910000
vn -0.62580000 -0.01280000 0.77990000
vn 0.76530000 -0.63910000 -0.07720000
vn 0.92270000 0.38110000 -0.05810000
vn -0.00000000 -0.00000000 1.00000000
vn -0.84070000 0.53570000 0.07890000
vn -0.00000000 -0.00000000 1.00000000
vn 0.70070000 0.71280000 -0.02980000
vn 0.80230000 -0.00000000 0.59690000
vn 0.86590000 -0.00000000 0.50020000
vn -0.73460000 -0.01220000 -0.67830000
vn -0.98460000 0.01160000 -0.17420000
vn -0.58250000 0.04130000 -0.81180000
vn 0.49260000 0.50120000 0.71140000
vn 0.03160000 0.99940000 0.01350000
vn -0.00000000 1.00000000 -0.00000000
vn -0.54960000 -0.00000000 0.83540000
vn -0.44850000 -0.00000000 0.89380000
vn -0.32870000 0.85370000 0.40390000
vn 0.39990000 0.85480000 -0.33080000
vn -0.50200000 0.78210000 -0.36930000
vn 0.18790000 0.88910000 -0.41740000
vn 0.93520000 -0.00340000 -0.35420000
vn 0.36190000 0.01010000 -0.93220000
vn 0.15370000 0.64200000 0.75110000
vn 0.22200000 0.66240000 0.71550000
vn 0.46140000 0.00900000 -0.88710000
vn 0.24730000 0.01020000 -0.96890000
vn -0.35770000 0.41860000 -0.83480000
vn -0.97490000 0.20990000 -0.07370000
vn 0.04250000 -0.02210000 -0.99890000
vn -0.40150000 0.04130000 -0.91490000
vn -0.78360000 -0.04880000 -0.61940000
vn -0.00070000 1.00000000 -0.00310000
vn -0.00110000 1.00000000 -0.00040000
vn -0.00000000 1.00000000 -0.00000000
vn 0.05740000 0.66750000 0.74240000
vn -0.16730000 0.66540000 0.72750000
vn -0.00000000 -0.00000000 -1.00000000
vn 0.11620000 -0.00000000 -0.99320000
vn 0.80720000 0.00100000 0.59020000
vn -0.00000000 1.00000000 -0.00000000
vn 0.00140000 1.00000000 -0.00760000
vn 0.00320000 1.00000000 0.00260000
vn 0.00060000 1.00000000 0.00090000
vn -0.00070000 1.00000000 0.00300000
vn 0.00320000 1.00000000 0.00260000
vn -0.17070000 0.50140000 -0.84820000
vn -0.02520000 0.99710000 -0.07160000
vn -0.07400000 0.50380000 -0.86070000
vn -0.09530000 0.66390000 0.74170000
vn -0.00000000 1.00000000 -0.00000000
vn -0.08190000 0.99570000 0.04310000
vn -0.81380000 0.50000000 0.29640000
vn -0.34370000 0.00850000 -0.93910000
vn -0.41000000 0.86110000 -0.30060000
vn -0.12830000 0.85220000 -0.50730000
vn 0.63260000 0.75600000 0.16810000
vn 0.64040000 0.75640000 0.13350000
vn -0.00000000 -0.00000000 1.00000000
vn 0.30340000 0.95080000 -0.06350000
vn -0.92950000 -0.02820000 -0.36770000
vn -0.00010000 1.00000000 0.00210000
vn 0.00040000 1.00000000 0.00070000
vn -0.00040000 1.00000000 -0.00020000
vn 0.94340000 -0.00060000 0.33160000
vn 0.97070000 -0.00050000 0.24040000
vn 0.20180000 0.00380000 0.97940000
vn -0.08790000 0.85250000 0.51520000
vn -0.57390000 -0.01140000 0.81880000
vn 0.11480000 -0.01500000 0.99330000
vn -0.00000000 1.00000000 -0.00000000
vn 0.94740000 -0.00010000 -0.32000000
vn 0.91270000 -0.00000000 -0.40860000
vn -0.00000000 1.00000000 -0.00000000
vn -0.44850000 -0.00000000 0.89380000
vn 0.36330000 0.74170000 -0.56390000
vn 0.64270000 -0.00000000 -0.76610000
vn 0.00100000 1.00000000 -0.00230000
vn 0.00030000 1.00000000 0.00050000
vn -0.00000000 1.00000000 -0.00000000
vn 0.90770000 -0.00050000 0.41960000
vn -0.75390000 -0.00080000 0.65690000
vn -0.00000000 -1.00000000 -0.00000000
vn -0.62170000 0.75540000 -0.20700000
vn -0.91830000 -0.00000000 -0.39590000
vn 0.01670000 0.99980000 0.01130000
vn 0.63930000 0.74790000 0.17860000
vn 0.40460000 0.89090000 0.20620000
vn 0.12350000 0.99230000 0.00770000
vn 0.63930000 0.74790000 0.17860000
vn 0.85940000 0.49810000 0.11500000
vn -0.00000000 -0.00000000 1.00000000
vn -0.18530000 0.98140000 0.04940000
vn -0.51800000 0.85290000 -0.06460000
vn 0.78390000 0.50600000 -0.36000000
vn 0.81880000 0.50280000 -0.27710000
vn -0.81480000 -0.01700000 0.57950000
vn -0.81400000 -0.01660000 0.58060000
vn 0.00040000 1.00000000 0.00070000
vn -0.00000000 1.00000000 -0.00000000
vn -0.00120000 1.00000000 0.00170000
vn 0.06290000 -0.03040000 0.99760000
vn -0.99830000 -0.00000000 0.05810000
vn -0.64040000 0.75640000 0.13350000
vn -0.94110000 0.00080000 0.33800000
vn -0.83570000 0.50440000 0.21740000
vn -0.49260000 0.50090000 0.71170000
vn -0.56430000 0.50120000 0.65610000
vn -0.80690000 0.00100000 0.59070000
vn 0.74700000 0.00120000 0.66480000
vn 0.57650000 0.81650000 0.03200000
vn 0.98300000 0.18100000 0.03060000
vn 0.99830000 -0.00000000 0.05810000
vn 0.99830000 -0.00000000 -0.05810000
vn 0.23110000 -0.00000000 -0.97290000
vn 0.34180000 -0.00000000 -0.93980000
vn 0.99860000 -0.03590000 -0.03940000
vn 0.62230000 0.78140000 -0.04590000
vn -0.00000000 -0.00000000 -1.00000000
vn 0.99010000 -0.12220000 -0.06910000
vn 0.25350000 -0.96410000 -0.07900000
vn -0.54770000 -0.01080000 -0.83660000
vn 0.62550000 -0.00040000 -0.78030000
vn -0.00000000 -1.00000000 -0.00000000
vn 0.75350000 0.01540000 0.65730000
vn 0.99860000 0.04530000 0.02720000
vn 0.85780000 -0.02990000 0.51320000
vn -0.00000000 1.00000000 -0.00000000
vn 0.91190000 -0.06080000 -0.40590000
vn -0.85510000 0.50090000 0.13400000
vn 0.22810000 0.00660000 0.97360000
vn 0.24190000 0.71140000 0.65980000
vn 0.05200000 -0.70630000 -0.70600000
vn 0.40210000 0.02280000 -0.91530000
vn -0.70030000 0.71320000 -0.03000000
vn -0.37030000 -0.92760000 -0.04950000
vn 0.18320000 -0.59180000 -0.78500000
vn 0.18320000 -0.59200000 -0.78480000
vn 0.18710000 -0.97460000 -0.12290000
vn -0.99830000 -0.00000000 -0.05810000
vn 0.72730000 -0.00000000 0.68630000
vn -0.64670000 0.50240000 0.57400000
vn -0.81270000 -0.00090000 0.58270000
vn -0.91830000 -0.00000000 0.39590000
vn -0.57590000 0.75680000 0.30920000
vn 0.63930000 0.74790000 0.17860000
vn 0.87120000 0.48890000 0.04460000
vn 0.76140000 -0.00030000 -0.64830000
vn -0.00000000 -1.00000000 -0.00000000
vn -0.37120000 -0.00220000 0.92850000
vn -0.00000000 -1.00000000 -0.00000000
vn 0.63530000 0.57980000 -0.51020000
vn 0.17250000 0.50070000 -0.84820000
vn 0.03540000 0.99100000 -0.12930000
vn -0.70160000 -0.70750000 -0.08490000
vn 0.03100000 -0.99620000 -0.08160000
vn 0.20150000 -0.97780000 -0.05680000
vn -0.80400000 -0.59390000 -0.03050000
vn -0.19400000 -0.03110000 -0.98050000
vn 0.36730000 0.01180000 -0.93000000
vn -0.48680000 0.80080000 -0.34900000
vn -0.03870000 0.99730000 -0.06180000
vn 0.18790000 0.88910000 -0.41740000
vn 0.83170000 0.01720000 0.55490000
vn 0.41370000 0.86150000 0.29440000
vn 0.98790000 0.02840000 -0.15270000
vn 0.00320000 1.00000000 0.00260000
vn -0.00070000 1.00000000 0.00300000
vn 0.00140000 1.00000000 -0.00760000
vn 0.92040000 -0.02240000 -0.39040000
vn 0.92890000 -0.01990000 0.36970000
vn 0.81380000 0.49980000 0.29650000
vn 0.39760000 0.89330000 0.20980000
vn 0.77690000 0.50010000 0.38260000
vn 0.30510000 0.71210000 -0.63230000
vn 0.52150000 -0.84260000 0.13420000
vn 0.79510000 -0.00380000 0.60650000
vn 0.46710000 -0.00050000 -0.88420000
vn 0.38130000 -0.00060000 -0.92450000
vn -0.17390000 0.97150000 0.16120000
vn -0.86300000 0.50250000 0.05160000
vn 0.52810000 0.00060000 0.84920000
vn 0.52490000 0.50410000 0.68580000
vn -0.91650000 0.01220000 -0.39990000
vn -0.98480000 -0.00000000 -0.17380000
vn -0.46140000 0.00900000 -0.88710000
vn 0.86870000 0.00020000 -0.49530000
vn -0.24540000 0.01070000 -0.96940000
vn 0.48140000 0.02250000 -0.87620000
vn 0.22990000 0.84500000 -0.48290000
vn 0.98850000 0.00380000 -0.15090000
vn -0.34180000 -0.00000000 0.93980000
vn -0.23100000 -0.00000000 0.97290000
vn -0.66720000 0.73630000 -0.11270000
vn -0.00000000 1.00000000 -0.00000000
vn 0.64780000 0.71320000 -0.26770000
vn -0.11620000 -0.00000000 0.99320000
vn 0.42150000 0.02510000 -0.90650000
vn 0.23790000 0.84180000 -0.48460000
vn -0.12830000 0.85220000 -0.50730000
vn -0.45760000 -0.01260000 -0.88910000
vn 0.00010000 1.00000000 -0.00090000
vn -0.00020000 1.00000000 -0.00020000
vn 0.00120000 1.00000000 -0.00050000
vn -0.97070000 -0.00050000 0.24040000
vn -0.00070000 1.00000000 -0.00160000
vn -0.00260000 1.00000000 -0.00250000
vn -0.00000000 1.00000000 -0.00000000
vn -0.17680000 -0.00730000 -0.98420000
vn -0.00000000 -1.00000000 -0.00000000
vn -0.00000000 1.00000000 -0.00000000
vn 0.93600000 -0.00270000 -0.35190000
vn 0.47400000 0.88020000 0.02390000
vn 0.18150000 0.00180000 0.98340000
vn 0.36020000 -0.84700000 0.39090000
vn 0.91600000 -0.01390000 0.40090000
vn -0.46090000 0.50690000 0.72850000
vn 0.44040000 0.86130000 0.25330000
vn 0.98830000 0.00330000 -0.15240000
vn 0.81230000 0.00370000 0.58320000
vn -0.00000000 1.00000000 -0.00000000
vn -0.00000000 1.00000000 -0.00000000
vn -0.07100000 -0.51420000 -0.85470000
vn 0.90240000 -0.36280000 -0.23260000
vn -0.11060000 -0.45610000 -0.88300000
vn -0.29560000 0.62250000 -0.72470000
vn -0.89910000 -0.10800000 -0.42420000
vn 0.53600000 0.62630000 -0.56610000
vn -0.00000000 1.00000000 -0.00000000
vn 0.76050000 0.40430000 -0.50810000
vn 0.64090000 0.00090000 0.76760000
vn 0.86500000 -0.00030000 0.50180000
vn 0.41550000 0.49960000 -0.76010000
vn 0.33830000 0.73560000 0.58690000
vn -0.68080000 0.67950000 0.27340000
vn 0.42390000 0.88420000 0.19620000
vn 0.72370000 0.51110000 0.46370000
vn -0.00000000 -1.00000000 -0.00000000
vn -0.29560000 0.62250000 -0.72470000
vn 0.05030000 -0.05960000 -0.99700000
vn 0.18000000 0.43440000 -0.88260000
vn 0.48870000 0.70750000 0.51040000
vn 0.16660000 0.00640000 0.98600000
vn -0.61610000 -0.00090000 0.78770000
vn -0.62190000 -0.01110000 0.78310000
vn 0.33840000 -0.01850000 0.94080000
vn 0.36020000 -0.84700000 0.39090000
vn -0.00000000 1.00000000 -0.00000000
vn -0.79970000 -0.04990000 -0.59830000
vn 0.14090000 -0.07030000 -0.98750000
vn -0.00000000 -1.00000000 -0.00000000
vn -0.00000000 1.00000000 -0.00000000
vn -0.00000000 1.00000000 -0.00000000
vn -0.00000000 -1.00000000 -0.00000000
vn -0.76140000 -0.00030000 -0.64830000
vn -0.15240000 0.85210000 0.50070000
vn 0.32750000 0.93890000 0.10600000
vn -0.15240000 0.85210000 0.50070000
vn 0.09800000 -0.98400000 0.14880000
vn -0.14730000 -0.12330000 0.98140000
vn -0.98920000 0.01670000 0.14570000
vn 0.67980000 0.00120000 0.73340000
vn 0.99830000 -0.00000000 0.05810000
vn 0.98480000 -0.00000000 0.17380000
vn -0.00000000 1.00000000 -0.00000000
vn -0.00000000 1.00000000 -0.00000000
vn 0.32830000 -0.03930000 0.94380000
vn 0.32830000 -0.03930000 0.94380000
vn -0.31000000 -0.01820000 0.95060000
vn -0.00000000 -0.00000000 1.00000000
vn 0.17450000 -0.98440000 0.02240000
vn 0.98480000 -0.00000000 -0.17380000
vn 0.99830000 -0.00000000 -0.05810000
vn 0.03720000 0.99830000 0.04520000
vn 0.03750000 0.99800000 0.05080000
vn -0.00000000 1.00000000 -0.00000000
vn -0.94370000 -0.04200000 0.32810000
vn -0.37140000 -0.03130000 0.92800000
vn -0.73560000 -0.00550000 0.67740000
vn -0.67400000 0.62600000 0.39220000
vn 0.63050000 0.01340000 -0.77610000
vn 0.83710000 0.01890000 -0.54680000
vn 0.34680000 0.85880000 -0.37720000
vn 0.99890000 -0.00550000 0.04730000
vn 0.49220000 0.79050000 0.36450000
vn 0.12350000 0.99230000 0.00770000
vn 0.83790000 0.50040000 0.21780000
vn 0.99290000 0.11840000 0.01440000
vn 0.92710000 -0.37420000 0.02050000
vn 0.71220000 -0.69860000 -0.06870000
vn 0.90240000 -0.36280000 -0.23260000
vn 0.16300000 0.48090000 -0.86150000
vn 0.14090000 -0.07030000 -0.98750000
vn 0.91190000 -0.06080000 -0.40590000
vn -0.00000000 1.00000000 -0.00000000
vn -0.95810000 -0.00000000 -0.28660000
vn -0.99930000 0.00030000 -0.03870000
vn -0.41520000 0.49750000 0.76170000
vn -0.00000000 1.00000000 -0.00000000
vn 0.71770000 0.02870000 0.69570000
vn 0.32830000 -0.03930000 0.94380000
vn 0.52660000 0.74660000 0.40660000
vn 0.52050000 0.71690000 0.46380000
vn 0.86590000 -0.00000000 -0.50020000
vn 0.80230000 -0.00000000 -0.59690000
vn -0.00000000 -1.00000000 -0.00000000
vn -0.00000000 -1.00000000 -0.00000000
vn 0.95810000 -0.00000000 -0.28660000
vn -0.00000000 1.00000000 -0.00000000
vn 0.69170000 0.56910000 0.44470000
vn 0.74950000 0.63550000 0.18550000
vn 0.00250000 1.00000000 0.00250000
vn -0.00300000 1.00000000 0.00260000
vn -0.00070000 1.00000000 -0.00310000
vn -0.96210000 -0.01340000 0.27240000
vn -0.59640000 -0.01610000 0.80250000
vn -0.53760000 0.00040000 0.84320000
vn 0.97870000 0.01760000 -0.20470000
vn 0.23790000 0.84180000 -0.48460000
vn 0.45650000 0.03330000 -0.88910000
vn 0.08430000 0.99160000 -0.09770000
vn -0.00000000 -0.00000000 1.00000000
vn -0.00280000 -0.99950000 0.03080000
vn -0.91830000 -0.00000000 0.39590000
vn 0.23110000 -0.00000000 -0.97290000
vn 0.72730000 -0.00000000 -0.68630000
vn -0.87280000 -0.00790000 -0.48810000
vn -0.00000000 1.00000000 -0.00000000
vn -0.00030000 1.00000000 -0.00070000
vn 0.00030000 1.00000000 -0.00020000
vn 0.00030000 1.00000000 -0.00040000
vn -0.00000000 1.00000000 -0.00000000
vn 0.00030000 1.00000000 -0.00040000
vn 0.00080000 1.00000000 0.00110000
vn -0.00000000 1.00000000 -0.00000000
vn -0.66700000 0.03150000 0.74440000
vn -0.00000000 1.00000000 -0.00000000
vn 0.99860000 0.04530000 0.02720000
vn 0.91190000 -0.06080000 -0.40590000
vn -0.00000000 -0.00000000 1.00000000
vn -0.94940000 -0.31180000 -0.03670000
vn 0.08510000 0.01150000 0.99630000
vn -0.54190000 0.00750000 0.84040000
vn 0.26490000 0.00610000 0.96430000
vn 0.21590000 0.01120000 0.97640000
vn 0.80920000 0.02410000 0.58700000
vn 0.41370000 0.86150000 0.29440000
vn -0.00000000 1.00000000 -0.00000000
vn 0.00120000 1.00000000 -0.00050000
vn 0.00140000 1.00000000 -0.00760000
vn 0.89880000 -0.03290000 -0.43700000
vn -0.06230000 0.99780000 0.02460000
vn 0.03110000 0.92430000 -0.38040000
vn 0.07330000 0.50330000 -0.86100000
vn 0.34180000 -0.00000000 0.93980000
vn -0.97990000 0.19840000 -0.02220000
vn -0.00000000 -0.00000000 -1.00000000
vn 0.40790000 0.74520000 0.52760000
vn 0.19380000 0.73050000 -0.65490000
vn -0.00000000 1.00000000 -0.00000000
vn 0.85980000 0.00050000 0.51070000
vn -0.07710000 0.99060000 0.11340000
vn -0.00000000 -0.00000000 1.00000000
vn -0.00000000 -1.00000000 -0.00000000
vn 0.47320000 -0.00890000 -0.88090000
vn 0.92710000 -0.37420000 0.02050000
vn -0.94740000 0.00010000 -0.32020000
vn -0.97370000 0.00010000 -0.22800000
vn -0.00260000 1.00000000 -0.00250000
vn -0.00200000 1.00000000 -0.00230000
vn 0.63840000 -0.02350000 -0.76940000
vn -0.54960000 -0.00000000 -0.83540000
vn -0.64270000 -0.00000000 -0.76610000
vn 0.86990000 -0.00030000 -0.49320000
vn -0.81740000 0.01090000 0.57600000
vn 0.30510000 0.71270000 -0.63160000
vn 0.81770000 0.00030000 -0.57570000
vn 0.65480000 0.50330000 -0.56390000
vn 0.97260000 -0.00690000 -0.23230000
vn 0.88320000 -0.00780000 -0.46900000
vn 0.68480000 0.68450000 -0.25020000
vn -0.00000000 -0.00000000 1.00000000
vn -0.91980000 0.38930000 0.04850000
vn -0.98140000 0.00090000 0.19190000
vn -0.00000000 1.00000000 -0.00000000
vn -0.47140000 0.68070000 0.56070000
vn -0.86400000 -0.00080000 0.50350000
vn 0.09370000 -0.00060000 0.99560000
vn 0.00250000 1.00000000 0.00250000
vn -0.00300000 1.00000000 0.00260000
vn 0.00280000 1.00000000 0.00260000
vn -0.00000000 1.00000000 -0.00000000
vn -0.10040000 0.99290000 0.06450000
vn -0.91230000 0.00020000 -0.40960000
vn -0.74940000 0.50450000 -0.42880000
vn -0.00000000 1.00000000 -0.00000000
vn 0.64270000 -0.00000000 -0.76610000
vn 0.97370000 0.00010000 -0.22800000
vn -0.38550000 0.51350000 -0.76660000
vn -0.32660000 0.50470000 -0.79910000
vn -0.45850000 -0.00020000 0.88870000
vn 0.29070000 0.65980000 0.69290000
vn -0.31190000 -0.00910000 0.95010000
vn -0.50350000 0.74460000 -0.43830000
vn 0.98820000 0.00070000 0.15300000
vn 0.86430000 0.50040000 0.05090000
vn -0.00000000 -1.00000000 -0.00000000
vn 0.44850000 -0.00000000 -0.89380000
vn -0.00000000 -1.00000000 -0.00000000
vn -0.85600000 0.50420000 -0.11430000
vn 0.50780000 0.00220000 0.86150000
vn 0.53250000 0.50380000 -0.68020000
vn -0.00000000 1.00000000 -0.00000000
vn -0.00000000 1.00000000 -0.00000000
vn 0.30440000 -0.95090000 -0.05660000
vn 0.92710000 -0.37420000 0.02050000
vn 0.18320000 -0.59200000 -0.78480000
vn 0.50530000 -0.16500000 -0.84700000
vn 0.13400000 -0.98760000 -0.08200000
vn -0.00000000 -0.00000000 1.00000000
vn 0.78420000 -0.55660000 -0.27410000
vn -0.44850000 -0.00000000 -0.89380000
vn -0.25240000 0.50480000 -0.82550000
vn 0.11620000 -0.00000000 0.99320000
vn 0.36900000 0.02350000 0.92910000
vn 0.77290000 -0.01830000 0.63420000
vn 0.61950000 0.06410000 -0.78240000
vn -0.00000000 1.00000000 -0.00000000
vn 0.14090000 -0.07030000 -0.98750000
vn 0.23290000 -0.80360000 0.54770000
vn 0.76150000 -0.51300000 -0.39630000
vn -0.00000000 -1.00000000 -0.00000000
vn 0.23100000 -0.00000000 0.97290000
vn 0.96890000 0.00090000 0.24740000
vn -0.31350000 0.94910000 0.02970000
vn 0.00040000 1.00000000 -0.00020000
vn 0.00030000 1.00000000 0.00550000
vn 0.00320000 1.00000000 -0.00270000
vn -0.63640000 0.73580000 0.23150000
vn 0.30670000 0.92470000 0.22570000
vn -0.04650000 -0.12390000 -0.99120000
vn -0.00000000 1.00000000 -0.00000000
vn -0.00000000 1.00000000 -0.00000000
vn -0.00000000 1.00000000 -0.00000000
vn -0.81960000 -0.00040000 -0.57300000
vn -0.64780000 0.71320000 -0.26770000
vn -0.54370000 0.00080000 -0.83930000
vn -0.62140000 0.00070000 -0.78350000
vn -0.00000000 1.00000000 -0.00000000
vn -0.00070000 1.00000000 -0.00310000
vn -0.00300000 1.00000000 0.00260000
vn -0.99910000 -0.00020000 -0.04150000
vn 0.95810000 -0.00000000 -0.28660000
vn 0.85550000 0.50480000 -0.11540000
vn 0.69220000 0.00080000 -0.72180000
vn -0.00000000 1.00000000 -0.00000000
vn -0.66890000 0.72550000 -0.16230000
vn 0.81960000 -0.00040000 -0.57300000
vn 0.75390000 -0.00080000 0.65690000
vn -0.18950000 0.00090000 -0.98190000
vn -0.08060000 -0.00000000 0.99670000
vn -0.08100000 0.49360000 -0.86590000
vn -0.00030000 0.49630000 -0.86820000
vn -0.98910000 -0.00040000 0.14750000
vn 0.24260000 0.75640000 -0.60750000
vn 0.99930000 0.00030000 -0.03870000
vn 0.40520000 -0.00040000 0.91420000
vn 0.95810000 -0.00000000 0.28660000
vn -0.60250000 0.50410000 -0.61880000
vn 0.49410000 0.49950000 -0.71160000
vn -0.99860000 -0.00030000 0.05330000
vn 0.99990000 0.00300000 0.01680000
vn 0.98480000 -0.00000000 -0.17380000
vn -0.77590000 0.50240000 -0.38150000
vn -0.00000000 1.00000000 -0.00000000
vn 0.86400000 0.50130000 -0.04620000
vn -0.95810000 -0.00000000 0.28660000
vn -0.67770000 0.73080000 0.08140000
vn -0.13500000 0.84290000 0.52080000
vn 0.17420000 0.02110000 0.98450000
vn 0.91830000 -0.00000000 0.39590000
vn -0.81310000 0.50670000 -0.28660000
vn -0.07870000 0.99650000 -0.02840000
vn 0.08130000 0.49320000 -0.86610000
vn -0.00000000 1.00000000 -0.00000000
vn -0.80230000 -0.00000000 0.59690000
f 17//17 1399//1399 1202//1202
f 1201//1201 475//475 1286//1286
f 771//771 1434//1434 402//402
f 1349//1349 475//475 1201//1201
f 772//772 771//771 402//402
f 402//402 1004//1004 772//772
f 5//5 479//479 1350//1350
f 420//420 486//486 1466//1466
f 1387//1387 478//478 1199//1199
f 490//490 486//486 420//420
f 940//940 1387//1387 1199//1199
f 714//714 713//713 1005//1005
f 8//8 1004//1004 402//402
f 1267//1267 420//420 9//9
f 940//940 1388//1388 1387//1387
f 8//8 402//402 14//14
f 868//868 867//867 1267//1267
f 9//9 868//868 1267//1267
f 940//940 481//481 1388//1388
f 14//14 834//834 8//8
f 492//492 868//868 9//9
f 12//12 11//11 834//834
f 14//14 12//12 834//834
f 1127//1127 481//481 940//940
f 1127//1127 940//940 870//870
f 1434//1434 497//497 492//492
f 1434//1434 492//492 9//9
f 1434//1434 9//9 402//402
f 1200//1200 1203//1203 1259//1259
f 1199//1199 12//12 14//14
f 16//16 473//473 1//1
f 2//2 498//498 15//15
f 508//508 1511//1511 651//651
f 508//508 651//651 1185//1185
f 508//508 1185//1185 1186//1186
f 1501//1501 1108//1108 1476//1476
f 20//20 1186//1186 1487//1487
f 1109//1109 1108//1108 1501//1501
f 20//20 508//508 1186//1186
f 1069//1069 1109//1109 1501//1501
f 1300//1300 1487//1487 1571//1571
f 1300//1300 20//20 1487//1487
f 1244//1244 1069//1069 708//708
f 1244//1244 1109//1109 1069//1069
f 1490//1490 1571//1571 1261//1261
f 1490//1490 1300//1300 1571//1571
f 462//462 708//708 709//709
f 462//462 1244//1244 708//708
f 502//502 1261//1261 28//28
f 502//502 1490//1490 1261//1261
f 1580//1580 462//462 709//709
f 1580//1580 709//709 640//640
f 1568//1568 28//28 1236//1236
f 1568//1568 502//502 28//28
f 641//641 1580//1580 640//640
f 499//499 1236//1236 562//562
f 499//499 1568//1568 1236//1236
f 711//711 562//562 1291//1291
f 1295//1295 1580//1580 641//641
f 711//711 499//499 562//562
f 1295//1295 1457//1457 1580//1580
f 712//712 1291//1291 1292//1292
f 712//712 711//711 1291//1291
f 483//483 1295//1295 641//641
f 483//483 641//641 929//929
f 495//495 1292//1292 793//793
f 1375//1375 483//483 929//929
f 495//495 712//712 1292//1292
f 1375//1375 929//929 930//930
f 876//876 495//495 793//793
f 876//876 793//793 792//792
f 1223//1223 1375//1375 930//930
f 1223//1223 930//930 1572//1572
f 46//46 876//876 792//792
f 46//46 792//792 934//934
f 1153//1153 1223//1223 1572//1572
f 1153//1153 1572//1572 554//554
f 1078//1078 1153//1153 554//554
f 1078//1078 554//554 555//555
f 991//991 1078//1078 555//555
f 991//991 555//555 1194//1194
f 815//815 934//934 817//817
f 38//38 991//991 1194//1194
f 38//38 1194//1194 1178//1178
f 1547//1547 38//38 1178//1178
f 1547//1547 1178//1178 1179//1179
f 1353//1353 817//817 934//934
f 1518//1518 1547//1547 1179//1179
f 1518//1518 1179//1179 43//43
f 471//471 1518//1518 43//43
f 471//471 43//43 986//986
f 1579//1579 471//471 986//986
f 1579//1579 986//986 985//985
f 488//488 46//46 934//934
f 470//470 1579//1579 985//985
f 488//488 934//934 815//815
f 470//470 985//985 650//650
f 1511//1511 650//650 651//651
f 1511//1511 470//470 650//650
f 526//526 488//488 815//815
f 49//49 51//51 513//513
f 49//49 1523//1523 1061//1061
f 49//49 513//513 1523//1523
f 50//50 49//49 1595//1595
f 50//50 1595//1595 1587//1587
f 50//50 52//52 51//51
f 50//50 51//51 49//49
f 1508//1508 1587//1587 902//902
f 1508//1508 50//50 1587//1587
f 1508//1508 52//52 50//50
f 411//411 1508//1508 902//902
f 411//411 999//999 1508//1508
f 411//411 1000//1000 999//999
f 1582//1582 900//900 416//416
f 1582//1582 1000//1000 411//411
f 1582//1582 411//411 900//900
f 54//54 1582//1582 416//416
f 54//54 56//56 1582//1582
f 54//54 55//55 56//56
f 60//60 54//54 59//59
f 60//60 55//55 54//54
f 60//60 1512//1512 55//55
f 1411//1411 804//804 979//979
f 1513//1513 59//59 802//802
f 1513//1513 802//802 1112//1112
f 1513//1513 60//60 59//59
f 1513//1513 1512//1512 60//60
f 62//62 1112//1112 1160//1160
f 62//62 1513//1513 1112//1112
f 62//62 529//529 1536//1536
f 62//62 1536//1536 1513//1513
f 64//64 1160//1160 1162//1162
f 64//64 1575//1575 529//529
f 64//64 62//62 1160//1160
f 64//64 529//529 62//62
f 1162//1162 3//3 1576//1576
f 1162//1162 1576//1576 1575//1575
f 1162//1162 1575//1575 64//64
f 66//66 1411//1411 1220//1220
f 66//66 1330//1330 754//754
f 66//66 754//754 806//806
f 66//66 806//806 804//804
f 66//66 804//804 1411//1411
f 1080//1080 1220//1220 1221//1221
f 1080//1080 1330//1330 66//66
f 1080//1080 66//66 1220//1220
f 70//70 1221//1221 74//74
f 70//70 1255//1255 1079//1079
f 70//70 1080//1080 1221//1221
f 70//70 1079//1079 1080//1080
f 72//72 74//74 73//73
f 72//72 73//73 77//77
f 72//72 75//75 1255//1255
f 72//72 70//70 74//74
f 72//72 1255//1255 70//70
f 77//77 75//75 72//72
f 77//77 892//892 75//75
f 77//77 891//891 892//892
f 79//79 410//410 1166//1166
f 79//79 77//77 410//410
f 79//79 891//891 77//77
f 79//79 78//78 891//891
f 1219//1219 1166//1166 415//415
f 1219//1219 415//415 80//80
f 1219//1219 79//79 1166//1166
f 1219//1219 78//78 79//79
f 80//80 1294//1294 1243//1243
f 80//80 1243//1243 1219//1219
f 81//81 1294//1294 80//80
f 81//81 417//417 1060//1060
f 81//81 82//82 1294//1294
f 81//81 80//80 417//417
f 1523//1523 1060//1060 1061//1061
f 1523//1523 82//82 81//81
f 1523//1523 81//81 1060//1060
f 753//753 537//537 756//756
f 1488//1488 434//434 461//461
f 1456//1456 461//461 1516//1516
f 1456//1456 1488//1488 461//461
f 799//799 1077//1077 796//796
f 959//959 800//800 798//798
f 960//960 797//797 987//987
f 1543//1543 961//961 438//438
f 1059//1059 1544//1544 989//989
f 1059//1059 989//989 1534//1534
f 1017//1017 1439//1439 1510//1510
f 1017//1017 1016//1016 1439//1439
f 1190//1190 1510//1510 404//404
f 1190//1190 1017//1017 1510//1510
f 1537//1537 383//383 382//382
f 115//115 404//404 1521//1521
f 1537//1537 319//319 383//383
f 115//115 1190//1190 404//404
f 1546//1546 382//382 384//384
f 114//114 1521//1521 1229//1229
f 114//114 115//115 1521//1521
f 1546//1546 1537//1537 382//382
f 91//91 1229//1229 1228//1228
f 1468//1468 384//384 1037//1037
f 91//91 114//114 1229//1229
f 1468//1468 1546//1546 384//384
f 1438//1438 1228//1228 93//93
f 1438//1438 91//91 1228//1228
f 769//769 1037//1037 889//889
f 769//769 1468//1468 1037//1037
f 1152//1152 93//93 398//398
f 1152//1152 1438//1438 93//93
f 770//770 889//889 890//890
f 770//770 769//769 889//889
f 1151//1151 1152//1152 398//398
f 98//98 890//890 97//97
f 98//98 770//770 890//890
f 124//124 97//97 1254//1254
f 124//124 98//98 97//97
f 99//99 1254//1254 1121//1121
f 99//99 124//124 1254//1254
f 910//910 1121//1121 1122//1122
f 910//910 99//99 1121//1121
f 909//909 1122//1122 1594//1594
f 909//909 910//910 1122//1122
f 100//100 909//909 1594//1594
f 100//100 1594//1594 1581//1581
f 102//102 100//100 1581//1581
f 102//102 1581//1581 1377//1377
f 1226//1226 1377//1377 1376//1376
f 1226//1226 102//102 1377//1377
f 1227//1227 1376//1376 1386//1386
f 1227//1227 1226//1226 1376//1376
f 1586//1586 1386//1386 1385//1385
f 1586//1586 1385//1385 1421//1421
f 1586//1586 1227//1227 1386//1386
f 1566//1566 1421//1421 403//403
f 1566//1566 1586//1586 1421//1421
f 117//117 403//403 1417//1417
f 117//117 1566//1566 403//403
f 1082//1082 1417//1417 1418//1418
f 1082//1082 117//117 1417//1417
f 1016//1016 1418//1418 1439//1439
f 1016//1016 1082//1082 1418//1418
f 92//92 94//94 1347//1347
f 794//794 92//92 1347//1347
f 109//109 96//96 325//325
f 111//111 92//92 794//794
f 112//112 325//325 1472//1472
f 90//90 111//111 794//794
f 112//112 109//109 325//325
f 795//795 90//90 794//794
f 113//113 90//90 795//795
f 1578//1578 112//112 1472//1472
f 731//731 113//113 795//795
f 1288//1288 1472//1472 1489//1489
f 1288//1288 1578//1578 1472//1472
f 1189//1189 1489//1489 288//288
f 1189//1189 1288//1288 1489//1489
f 116//116 1189//1189 288//288
f 89//89 116//116 288//288
f 287//287 89//89 288//288
f 88//88 89//89 287//287
f 107//107 88//88 287//287
f 1309//1309 107//107 287//287
f 1083//1083 107//107 1309//1309
f 118//118 1083//1083 1309//1309
f 119//119 1083//1083 118//118
f 120//120 119//119 118//118
f 1120//1120 120//120 118//118
f 103//103 120//120 1120//1120
f 1044//1044 103//103 1120//1120
f 101//101 103//103 1044//1044
f 1171//1171 101//101 1044//1044
f 1043//1043 1171//1171 1044//1044
f 1170//1170 1171//1171 1043//1043
f 122//122 1170//1170 1043//1043
f 312//312 122//122 1043//1043
f 123//123 122//122 312//312
f 1415//1415 123//123 312//312
f 1355//1355 1415//1415 312//312
f 1416//1416 1415//1415 1355//1355
f 1471//1471 1416//1416 1355//1355
f 1347//1347 1471//1471 1355//1355
f 94//94 1471//1471 1347//1347
f 1137//1137 258//258 1149//1149
f 1138//1138 1137//1137 936//936
f 1137//1137 1149//1149 936//936
f 690//690 1138//1138 936//936
f 690//690 936//936 937//937
f 689//689 690//690 937//937
f 1423//1423 689//689 937//937
f 1423//1423 937//937 297//297
f 1424//1424 1423//1423 297//297
f 142//142 1424//1424 295//295
f 1424//1424 297//297 295//295
f 142//142 295//295 294//294
f 142//142 294//294 143//143
f 143//143 294//294 1494//1494
f 144//144 1343//1343 1341//1341
f 144//144 1341//1341 1265//1265
f 1265//1265 1341//1341 1070//1070
f 1070//1070 1341//1341 810//810
f 1070//1070 810//810 1071//1071
f 1071//1071 810//810 1024//1024
f 1024//1024 810//810 808//808
f 997//997 707//707 915//915
f 1246//1246 1096//1096 1090//1090
f 1289//1289 739//739 734//734
f 1328//1328 1360//1360 306//306
f 1414//1414 1381//1381 1380//1380
f 1238//1238 1413//1413 134//134
f 1238//1238 134//134 1240//1240
f 1451//1451 1239//1239 277//277
f 1452//1452 1242//1242 1407//1407
f 1540//1540 135//135 276//276
f 1542//1542 1406//1406 1363//1363
f 226//226 768//768 126//126
f 1356//1356 226//226 126//126
f 665//665 1356//1356 127//127
f 1356//1356 126//126 127//127
f 665//665 127//127 138//138
f 666//666 665//665 138//138
f 190//190 666//666 128//128
f 666//666 138//138 128//128
f 190//190 128//128 139//139
f 685//685 190//190 139//139
f 685//685 139//139 141//141
f 686//686 685//685 1585//1585
f 685//685 141//141 1585//1585
f 192//192 686//686 1492//1492
f 686//686 1585//1585 1492//1492
f 192//192 1492//1492 1493//1493
f 193//193 192//192 1493//1493
f 1042//1042 193//193 145//145
f 193//193 1493//1493 145//145
f 1042//1042 145//145 129//129
f 1139//1139 1042//1042 129//129
f 1139//1139 129//129 148//148
f 1140//1140 1139//1139 148//148
f 1140//1140 148//148 1023//1023
f 197//197 1140//1140 1023//1023
f 921//921 706//706 998//998
f 1538//1538 921//921 998//998
f 1539//1539 149//149 919//919
f 1397//1397 914//914 925//925
f 1394//1394 1395//1395 151//151
f 975//975 1394//1394 1484//1484
f 1394//1394 151//151 1484//1484
f 843//843 1215//1215 658//658
f 660//660 843//843 658//658
f 156//156 661//661 814//814
f 661//661 659//659 814//814
f 1135//1135 1325//1325 157//157
f 1135//1135 157//157 1097//1097
f 1273//1273 1136//1136 304//304
f 1273//1273 304//304 1247//1247
f 1180//1180 1183//1183 743//743
f 1003//1003 1180//1180 743//743
f 1333//1333 1002//1002 1290//1290
f 1002//1002 274//274 1290//1290
f 1304//1304 1332//1332 159//159
f 1304//1304 159//159 160//160
f 787//787 1302//1302 819//819
f 1302//1302 735//735 819//819
f 786//786 820//820 1143//1143
f 1458//1458 1593//1593 1359//1359
f 1458//1458 1359//1359 161//161
f 1277//1277 1459//1459 1329//1329
f 1277//1277 1329//1329 1284//1284
f 1431//1431 1279//1279 1283//1283
f 1431//1431 1283//1283 1464//1464
f 1311//1311 1433//1433 296//296
f 1311//1311 296//296 305//305
f 163//163 1132//1132 162//162
f 1132//1132 1396//1396 162//162
f 1033//1033 1133//1133 973//973
f 976//976 1035//1035 972//972
f 836//836 904//904 1274//1274
f 905//905 1134//1134 1276//1276
f 840//840 1275//1275 166//166
f 906//906 1326//1326 165//165
f 851//851 1303//1303 785//785
f 1001//1001 1331//1331 852//852
f 170//170 171//171 169//169
f 853//853 1181//1181 158//158
f 1460//1460 1278//1278 724//724
f 1432//1432 1312//1312 725//725
f 1592//1592 173//173 723//723
f 174//174 175//175 727//727
f 726//726 1168//1168 177//177
f 728//728 1592//1592 723//723
f 177//177 203//203 726//726
f 179//179 1313//1313 1169//1169
f 853//853 849//849 1181//1181
f 789//789 845//845 850//850
f 845//845 847//847 850//850
f 784//784 788//788 854//854
f 995//995 841//841 835//835
f 842//842 903//903 167//167
f 662//662 1326//1326 906//906
f 844//844 155//155 183//183
f 1099//1099 922//922 1034//1034
f 1131//1131 1034//1034 922//922
f 1398//1398 164//164 923//923
f 186//186 913//913 920//920
f 150//150 187//187 185//185
f 865//865 866//866 1588//1588
f 866//866 188//188 1588//1588
f 188//188 1164//1164 1588//1588
f 1164//1164 1110//1110 1588//1588
f 1110//1110 1111//1111 1588//1588
f 1111//1111 136//136 1588//1588
f 136//136 137//137 1588//1588
f 137//137 189//189 1588//1588
f 189//189 733//733 1588//1588
f 733//733 140//140 1588//1588
f 140//140 191//191 1588//1588
f 191//191 1184//1184 1588//1588
f 1184//1184 1041//1041 1588//1588
f 1041//1041 194//194 1588//1588
f 194//194 146//146 1588//1588
f 146//146 147//147 1588//1588
f 212//212 213//213 1588//1588
f 213//213 1020//1020 1588//1588
f 1020//1020 1021//1021 1588//1588
f 1021//1021 195//195 1588//1588
f 195//195 1085//1085 1588//1588
f 1085//1085 1084//1084 1588//1588
f 1084//1084 865//865 1588//1588
f 1541//1541 1441//1441 1412//1412
f 1441//1441 750//750 1412//1412
f 750//750 1498//1498 1412//1412
f 1498//1498 1448//1448 1412//1412
f 201//201 1450//1450 1412//1412
f 1450//1450 1541//1541 1412//1412
f 1167//1167 176//176 1314//1314
f 1167//1167 1314//1314 824//824
f 822//822 202//202 823//823
f 730//730 821//821 1113//1113
f 821//821 825//825 1113//1113
f 178//178 729//729 1358//1358
f 729//729 1114//1114 1358//1358
f 791//791 180//180 1144//1144
f 790//790 1145//1145 1101//1101
f 181//181 204//204 1103//1103
f 205//205 846//846 1428//1428
f 846//846 1102//1102 1428//1428
f 172//172 848//848 1182//1182
f 848//848 1429//1429 1182//1182
f 1272//1272 206//206 1092//1092
f 1125//1125 168//168 1091//1091
f 1124//1124 241//241 1174//1174
f 839//839 1124//1124 1174//1174
f 996//996 837//837 1211//1211
f 838//838 242//242 1210//1210
f 184//184 182//182 243//243
f 974//974 152//152 1322//1322
f 977//977 974//974 1322//1322
f 207//207 265//265 700//700
f 1036//1036 207//207 700//700
f 1100//1100 208//208 702//702
f 209//209 699//699 701//701
f 924//924 210//210 281//281
f 197//197 1023//1023 1022//1022
f 1301//1301 197//197 1022//1022
f 1299//1299 1301//1301 1068//1068
f 1301//1301 1022//1022 1068//1068
f 215//215 1299//1299 1235//1235
f 1299//1299 1068//1068 1235//1235
f 216//216 215//215 1123//1123
f 215//215 1235//1235 1123//1123
f 1297//1297 216//216 932//932
f 216//216 1123//1123 932//932
f 218//218 1297//1297 931//931
f 1297//1297 932//932 931//931
f 196//196 218//218 687//687
f 218//218 931//931 687//687
f 221//221 196//196 688//688
f 196//196 687//687 688//688
f 221//221 688//688 255//255
f 222//222 221//221 255//255
f 1054//1054 222//222 1392//1392
f 222//222 255//255 1392//1392
f 1054//1054 1392//1392 667//667
f 224//224 1054//1054 667//667
f 224//224 667//667 668//668
f 225//225 224//224 668//668
f 226//226 225//225 668//668
f 226//226 668//668 768//768
f 198//198 227//227 279//279
f 749//749 1440//1440 752//752
f 1440//1440 1362//1362 752//752
f 1497//1497 228//228 751//751
f 1497//1497 751//751 1390//1390
f 1449//1449 229//229 230//230
f 200//200 199//199 1382//1382
f 199//199 1391//1391 1382//1382
f 238//238 237//237 289//289
f 211//211 247//247 809//809
f 214//214 211//211 302//302
f 211//211 809//809 302//302
f 248//248 214//214 302//302
f 248//248 302//302 315//315
f 217//217 248//248 315//315
f 250//250 217//217 315//315
f 249//249 933//933 762//762
f 933//933 763//763 762//762
f 219//219 249//249 762//762
f 219//219 762//762 251//251
f 219//219 251//251 220//220
f 220//220 251//251 1348//1348
f 220//220 1348//1348 1393//1393
f 1393//1393 1348//1348 269//269
f 1393//1393 269//269 223//223
f 223//223 269//269 256//256
f 256//256 269//269 270//270
f 256//256 270//270 257//257
f 257//257 270//270 1150//1150
f 257//257 1150//1150 258//258
f 258//258 1150//1150 1149//1149
f 235//235 308//308 263//263
f 1157//1157 133//133 683//683
f 764//764 1213//1213 262//262
f 132//132 234//234 684//684
f 928//928 328//328 1483//1483
f 262//262 1213//1213 261//261
f 1177//1177 1051//1051 260//260
f 1212//1212 1176//1176 259//259
f 1551//1551 329//329 926//926
f 682//682 235//235 681//681
f 235//235 263//263 681//681
f 1482//1482 326//326 1320//1320
f 1550//1550 927//927 917//917
f 327//327 1366//1366 1321//1321
f 263//263 125//125 681//681
f 262//262 261//261 268//268
f 333//333 1549//1549 916//916
f 681//681 125//125 1324//1324
f 1128//1128 262//262 268//268
f 332//332 918//918 704//704
f 1324//1324 125//125 1473//1473
f 738//738 1442//1442 272//272
f 1446//1446 1444//1444 737//737
f 1128//1128 268//268 121//121
f 1443//1443 254//254 273//273
f 271//271 253//253 1147//1147
f 1447//1447 736//736 742//742
f 125//125 278//278 1473//1473
f 278//278 1445//1445 740//740
f 1365//1365 1408//1408 1241//1241
f 1128//1128 121//121 1308//1308
f 1365//1365 318//318 1408//1408
f 1408//1408 318//318 1361//1361
f 1366//1366 1365//1365 1241//1241
f 1473//1473 278//278 280//280
f 1321//1321 1366//1366 1241//1241
f 252//252 1128//1128 1308//1308
f 278//278 740//740 280//280
f 1361//1361 318//318 290//290
f 703//703 244//244 283//283
f 252//252 1308//1308 286//286
f 1148//1148 252//252 286//286
f 280//280 740//740 285//285
f 1148//1148 286//286 1562//1562
f 285//285 740//740 1505//1505
f 741//741 239//239 1504//1504
f 1427//1427 1146//1146 1563//1563
f 290//290 318//318 110//110
f 284//284 245//245 293//293
f 246//246 1319//1319 291//291
f 240//240 1425//1425 1502//1502
f 1426//1426 1564//1564 1503//1503
f 705//705 282//282 1342//1342
f 1241//1241 1379//1379 292//292
f 1321//1321 1241//1241 292//292
f 334//334 705//705 1342//1342
f 1379//1379 231//231 130//130
f 292//292 1379//1379 130//130
f 337//337 334//334 1342//1342
f 1598//1598 337//337 861//861
f 337//337 1342//1342 861//861
f 231//231 1389//1389 130//130
f 342//342 1598//1598 861//861
f 130//130 1389//1389 1193//1193
f 1389//1389 290//290 1193//1193
f 298//298 342//342 864//864
f 342//342 861//861 864//864
f 1154//1154 298//298 1461//1461
f 298//298 864//864 1461//1461
f 110//110 301//301 1094//1094
f 290//290 110//110 1094//1094
f 1193//1193 290//290 1094//1094
f 1155//1155 1463//1463 1282//1282
f 1462//1462 862//862 1317//1317
f 863//863 310//310 1316//1316
f 1191//1191 1093//1093 813//813
f 766//766 1192//1192 812//812
f 1095//1095 299//299 1087//1087
f 300//300 314//314 1089//1089
f 1156//1156 1280//1280 1159//1159
f 1315//1315 309//309 233//233
f 765//765 811//811 153//153
f 1158//1158 1281//1281 131//131
f 154//154 1214//1214 767//767
f 236//236 232//232 307//307
f 1175//1175 1086//1086 1052//1052
f 1088//1088 313//313 1053//1053
f 316//316 1057//1057 652//652
f 316//316 652//652 801//801
f 317//317 311//311 320//320
f 317//317 357//357 311//311
f 275//275 731//731 795//795
f 732//732 731//731 275//275
f 353//353 317//317 320//320
f 935//935 320//320 264//264
f 352//352 732//732 275//275
f 935//935 353//353 320//320
f 323//323 352//352 275//275
f 351//351 352//352 323//323
f 893//893 935//935 264//264
f 894//894 264//264 267//267
f 349//349 351//351 323//323
f 894//894 893//893 264//264
f 1499//1499 349//349 323//323
f 96//96 267//267 325//325
f 347//347 349//349 1499//1499
f 96//96 894//894 267//267
f 693//693 347//347 1499//1499
f 694//694 693//693 1499//1499
f 331//331 1499//1499 266//266
f 331//331 694//694 1499//1499
f 1258//1258 331//331 266//266
f 336//336 266//266 1552//1552
f 336//336 1258//1258 266//266
f 335//335 336//336 1552//1552
f 1217//1217 335//335 1552//1552
f 1217//1217 1552//1552 1591//1591
f 338//338 1217//1217 1591//1591
f 1248//1248 338//338 1591//1591
f 1248//1248 1591//1591 339//339
f 1307//1307 339//339 1570//1570
f 1307//1307 1248//1248 339//339
f 1197//1197 1307//1307 1570//1570
f 362//362 1570//1570 1559//1559
f 362//362 1197//1197 1570//1570
f 1040//1040 1559//1559 303//303
f 1040//1040 362//362 1559//1559
f 343//343 1040//1040 303//303
f 1517//1517 303//303 311//311
f 1517//1517 343//343 303//303
f 357//357 1517//1517 311//311
f 330//330 1056//1056 1055//1055
f 330//330 370//370 1056//1056
f 1151//1151 398//398 346//346
f 1129//1129 1055//1055 350//350
f 1129//1129 330//330 1055//1055
f 324//324 346//346 396//396
f 324//324 1151//1151 346//346
f 1130//1130 350//350 1188//1188
f 1130//1130 1129//1129 350//350
f 322//322 396//396 394//394
f 322//322 324//324 396//396
f 1305//1305 1188//1188 993//993
f 1305//1305 1130//1130 1188//1188
f 321//321 394//394 1098//1098
f 321//321 322//322 394//394
f 1306//1306 993//993 994//994
f 1535//1535 1098//1098 968//968
f 1306//1306 1305//1305 993//993
f 1535//1535 321//321 1098//1098
f 354//354 994//994 1310//1310
f 1485//1485 968//968 966//966
f 1485//1485 1535//1535 968//968
f 354//354 1306//1306 994//994
f 319//319 1310//1310 383//383
f 319//319 354//354 1310//1310
f 1486//1486 966//966 967//967
f 1486//1486 1485//1485 966//966
f 344//344 967//967 663//663
f 344//344 1486//1486 967//967
f 1039//1039 663//663 664//664
f 1039//1039 344//344 663//663
f 360//360 664//664 1050//1050
f 360//360 1039//1039 664//664
f 1198//1198 360//360 1050//1050
f 1198//1198 1050//1050 1409//1409
f 340//340 1198//1198 1409//1409
f 340//340 1409//1409 1298//1298
f 341//341 340//340 1298//1298
f 365//365 341//341 1298//1298
f 365//365 1298//1298 1253//1253
f 1216//1216 1253//1253 1107//1107
f 1216//1216 365//365 1253//1253
f 366//366 1107//1107 680//680
f 366//366 1216//1216 1107//1107
f 1590//1590 366//366 680//680
f 1590//1590 680//680 679//679
f 1257//1257 679//679 1437//1437
f 1257//1257 1590//1590 679//679
f 369//369 1437//1437 639//639
f 369//369 1257//1257 1437//1437
f 1599//1599 639//639 638//638
f 1599//1599 369//369 639//639
f 370//370 638//638 1056//1056
f 370//370 1599//1599 638//638
f 87//87 316//316 801//801
f 1057//1057 655//655 652//652
f 373//373 413//413 348//348
f 413//413 373//373 368//368
f 348//348 413//413 1187//1187
f 413//413 978//978 1187//1187
f 413//413 368//368 375//375
f 978//978 672//672 374//374
f 1187//1187 978//978 374//374
f 413//413 375//375 377//377
f 423//423 413//413 377//377
f 374//374 672//672 376//376
f 423//423 377//377 367//367
f 376//376 672//672 379//379
f 423//423 367//367 378//378
f 379//379 672//672 380//380
f 423//423 378//378 364//364
f 380//380 672//672 1335//1335
f 423//423 364//364 381//381
f 423//423 381//381 363//363
f 1334//1334 1335//1335 671//671
f 1378//1378 1334//1334 671//671
f 423//423 363//363 385//385
f 671//671 940//940 386//386
f 1378//1378 671//671 386//386
f 423//423 385//385 387//387
f 386//386 940//940 95//95
f 423//423 387//387 361//361
f 423//423 361//361 412//412
f 95//95 940//940 388//388
f 412//412 361//361 359//359
f 388//388 940//940 1557//1557
f 412//412 359//359 358//358
f 1557//1557 940//940 389//389
f 412//412 358//358 356//356
f 389//389 940//940 1199//1199
f 389//389 1199//1199 390//390
f 412//412 356//356 355//355
f 391//391 390//390 1199//1199
f 393//393 391//391 1199//1199
f 355//355 392//392 412//412
f 395//395 393//393 1199//1199
f 392//392 1569//1569 420//420
f 412//412 392//392 420//420
f 1569//1569 1556//1556 420//420
f 397//397 395//395 1199//1199
f 1556//1556 1555//1555 420//420
f 397//397 1199//1199 14//14
f 104//104 397//397 14//14
f 1555//1555 1527//1527 420//420
f 399//399 104//104 14//14
f 1527//1527 1526//1526 420//420
f 105//105 399//399 14//14
f 1526//1526 400//400 420//420
f 106//106 105//105 14//14
f 420//420 400//400 9//9
f 400//400 401//401 9//9
f 106//106 14//14 402//402
f 401//401 405//405 9//9
f 1422//1422 106//106 402//402
f 108//108 1422//1422 402//402
f 405//405 1509//1509 9//9
f 407//407 108//108 402//402
f 1509//1509 406//406 402//402
f 9//9 1509//1509 402//402
f 408//408 407//407 402//402
f 406//406 408//408 402//402
f 1335//1335 672//672 671//671
f 412//412 901//901 423//423
f 900//900 411//411 902//902
f 412//412 53//53 901//901
f 1465//1465 413//413 423//423
f 1465//1465 1165//1165 413//413
f 414//414 1165//1165 1465//1465
f 412//412 649//649 53//53
f 648//648 649//649 412//412
f 59//59 54//54 416//416
f 417//417 80//80 415//415
f 423//423 1548//1548 1465//1465
f 423//423 418//418 1548//1548
f 413//413 57//57 978//978
f 413//413 68//68 57//57
f 648//648 412//412 420//420
f 420//420 803//803 648//648
f 61//61 421//421 419//419
f 420//420 1161//1161 803//803
f 422//422 418//418 423//423
f 1293//1293 69//69 68//68
f 1293//1293 68//68 413//413
f 1595//1595 49//49 1061//1061
f 1596//1596 422//422 423//423
f 1506//1506 1293//1293 413//413
f 65//65 1161//1161 420//420
f 65//65 420//420 1466//1466
f 409//409 425//425 424//424
f 901//901 1596//1596 423//423
f 1165//1165 1506//1506 413//413
f 410//410 77//77 73//73
f 869//869 13//13 872//872
f 896//896 873//873 942//942
f 441//441 897//897 941//941
f 441//441 941//941 429//429
f 656//656 1058//1058 956//956
f 372//372 437//437 439//439
f 654//654 657//657 1031//1031
f 427//427 958//958 442//442
f 345//345 1030//1030 1028//1028
f 371//371 653//653 440//440
f 653//653 1029//1029 440//440
f 886//886 441//441 429//429
f 673//673 886//886 429//429
f 710//710 886//886 673//673
f 1106//1106 444//444 431//431
f 1106//1106 431//431 980//980
f 432//432 805//805 1105//1105
f 871//871 874//874 1488//1488
f 884//884 434//434 874//874
f 434//434 1488//1488 874//874
f 895//895 1574//1574 1081//1081
f 895//895 1081//1081 898//898
f 436//436 435//435 899//899
f 436//436 899//899 453//453
f 988//988 430//430 1533//1533
f 430//430 1327//1327 1533//1533
f 1533//1533 1327//1327 957//957
f 957//957 1327//1327 1032//1032
f 86//86 1076//1076 1574//1574
f 988//988 86//86 1574//1574
f 430//430 988//988 1574//1574
f 1076//1076 428//428 1081//1081
f 1574//1574 1076//1076 1081//1081
f 1032//1032 1327//1327 1081//1081
f 428//428 1032//1032 1081//1081
f 444//444 1106//1106 1524//1524
f 1106//1106 1344//1344 1524//1524
f 444//444 1524//1524 1327//1327
f 430//430 444//444 1327//1327
f 1345//1345 443//443 1474//1474
f 443//443 67//67 1474//1474
f 446//446 447//447 448//448
f 1104//1104 448//448 1475//1475
f 1104//1104 1475//1475 757//757
f 1104//1104 446//446 448//448
f 1045//1045 446//446 1104//1104
f 885//885 451//451 455//455
f 1072//1072 885//885 455//455
f 1072//1072 455//455 1046//1046
f 883//883 885//885 1073//1073
f 1075//1075 883//883 1073//1073
f 455//455 1045//1045 1046//1046
f 455//455 446//446 1045//1045
f 1457//1457 460//460 1580//1580
f 1457//1457 1455//1455 460//460
f 1337//1337 1404//1404 888//888
f 1336//1336 887//887 816//816
f 1338//1338 1336//1336 816//816
f 1340//1340 45//45 818//818
f 1339//1339 459//459 1352//1352
f 433//433 1354//1354 1405//1405
f 85//85 433//433 1405//1405
f 1245//1245 457//457 1515//1515
f 1245//1245 1515//1515 1074//1074
f 452//452 1245//1245 1074//1074
f 23//23 452//452 454//454
f 23//23 1245//1245 452//452
f 463//463 23//23 454//454
f 21//21 454//454 450//450
f 21//21 463//463 454//454
f 1163//1163 21//21 450//450
f 669//669 1163//1163 450//450
f 449//449 669//669 450//450
f 670//670 669//669 449//449
f 466//466 670//670 449//449
f 691//691 670//670 466//466
f 807//807 758//758 445//445
f 807//807 83//83 758//758
f 67//67 467//467 1474//1474
f 1567//1567 506//506 1589//1589
f 1567//1567 505//505 506//506
f 1567//1567 468//468 505//505
f 469//469 1589//1589 1260//1260
f 469//469 44//44 1567//1567
f 469//469 1519//1519 44//44
f 469//469 1567//1567 1589//1589
f 1204//1204 41//41 1519//1519
f 1204//1204 469//469 1260//1260
f 1204//1204 1519//1519 469//469
f 472//472 1204//1204 1400//1400
f 472//472 1400//1400 1285//1285
f 472//472 41//41 1204//1204
f 474//474 472//472 1285//1285
f 474//474 1285//1285 1287//1287
f 474//474 36//36 992//992
f 474//474 992//992 472//472
f 476//476 474//474 1287//1287
f 476//476 36//36 474//474
f 476//476 1287//1287 1350//1350
f 479//479 476//476 1350//1350
f 479//479 477//477 476//476
f 479//479 34//34 477//477
f 482//482 5//5 7//7
f 482//482 479//479 5//5
f 482//482 34//34 479//479
f 482//482 480//480 34//34
f 1296//1296 7//7 1126//1126
f 1296//1296 482//482 7//7
f 1296//1296 480//480 482//482
f 484//484 84//84 456//456
f 484//484 1126//1126 489//489
f 484//484 1296//1296 1126//1126
f 484//484 485//485 84//84
f 484//484 30//30 1296//1296
f 484//484 456//456 30//30
f 484//484 489//489 485//485
f 1467//1467 1576//1576 3//3
f 1467//1467 1597//1597 1576//1576
f 1467//1467 487//487 1597//1597
f 485//485 489//489 426//426
f 487//487 1467//1467 1266//1266
f 487//487 875//875 1597//1597
f 491//491 1266//1266 6//6
f 491//491 493//493 875//875
f 491//491 487//487 1266//1266
f 491//491 875//875 487//487
f 1038//1038 6//6 10//10
f 1038//1038 10//10 1346//1346
f 1038//1038 493//493 491//491
f 1038//1038 491//491 6//6
f 496//496 1346//1346 1583//1583
f 496//496 1038//1038 1346//1346
f 496//496 31//31 494//494
f 496//496 494//494 1038//1038
f 1525//1525 1583//1583 15//15
f 1525//1525 496//496 1583//1583
f 1525//1525 31//31 496//496
f 498//498 1491//1491 29//29
f 498//498 1525//1525 15//15
f 498//498 29//29 1525//1525
f 500//500 498//498 2//2
f 500//500 2//2 501//501
f 500//500 26//26 1491//1491
f 500//500 1491//1491 498//498
f 503//503 501//501 504//504
f 503//503 500//500 501//501
f 503//503 26//26 500//500
f 507//507 1208//1208 503//503
f 507//507 503//503 504//504
f 507//507 504//504 4//4
f 507//507 1209//1209 1208//1208
f 505//505 4//4 715//715
f 505//505 715//715 506//506
f 505//505 507//507 4//4
f 505//505 1209//1209 507//507
f 505//505 468//468 1209//1209
f 546//546 509//509 1558//1558
f 1108//1108 511//511 1476//1476
f 1507//1507 911//911 912//912
f 1507//1507 546//546 911//911
f 1480//1480 912//912 990//990
f 1480//1480 990//990 1014//1014
f 1480//1480 1507//1507 912//912
f 1481//1481 1014//1014 1015//1015
f 1481//1481 1480//1480 1014//1014
f 515//515 1015//1015 1565//1565
f 515//515 1481//1481 1015//1015
f 1410//1410 1565//1565 1584//1584
f 1410//1410 515//515 1565//1565
f 517//517 1584//1584 1577//1577
f 517//517 1410//1410 1584//1584
f 519//519 1577//1577 1318//1318
f 519//519 517//517 1577//1577
f 518//518 1318//1318 955//955
f 518//518 519//519 1318//1318
f 526//526 815//815 458//458
f 1218//1218 955//955 520//520
f 1218//1218 518//518 955//955
f 76//76 520//520 1500//1500
f 76//76 1218//1218 520//520
f 522//522 458//458 523//523
f 524//524 1500//1500 1256//1256
f 524//524 76//76 1500//1500
f 522//522 523//523 908//908
f 522//522 526//526 458//458
f 1222//1222 524//524 1256//1256
f 1573//1573 908//908 907//907
f 1222//1222 1256//1256 1195//1195
f 1573//1573 522//522 908//908
f 530//530 1222//1222 1195//1195
f 63//63 907//907 566//566
f 530//530 1195//1195 532//532
f 63//63 1573//1573 907//907
f 71//71 530//530 532//532
f 71//71 532//532 1357//1357
f 533//533 566//566 567//567
f 533//533 63//63 566//566
f 534//534 71//71 1357//1357
f 534//534 1357//1357 1430//1430
f 58//58 567//567 568//568
f 58//58 533//533 567//567
f 536//536 534//534 1430//1430
f 1560//1560 568//568 1018//1018
f 692//692 536//536 1430//1430
f 1560//1560 58//58 568//568
f 692//692 1430//1430 1514//1514
f 1263//1263 692//692 1514//1514
f 755//755 536//536 692//692
f 1561//1561 1018//1018 1019//1019
f 1561//1561 1560//1560 1018//1018
f 539//539 692//692 1263//1263
f 542//542 1019//1019 544//544
f 539//539 1263//1263 547//547
f 542//542 1561//1561 1019//1019
f 543//543 544//544 1368//1368
f 465//465 539//539 547//547
f 543//543 542//542 544//544
f 465//465 547//547 545//545
f 509//509 1368//1368 1558//1558
f 464//464 465//465 545//545
f 509//509 543//543 1368//1368
f 464//464 545//545 511//511
f 546//546 1558//1558 911//911
f 1108//1108 464//464 511//511
f 1264//1264 540//540 1351//1351
f 1545//1545 1264//1264 1351//1351
f 1477//1477 1545//1545 1351//1351
f 19//19 1477//1477 1351//1351
f 908//908 523//523 557//557
f 18//18 19//19 1351//1351
f 549//549 18//18 1351//1351
f 550//550 549//549 1351//1351
f 551//551 550//550 1351//1351
f 27//27 551//551 1351//1351
f 552//552 27//27 1351//1351
f 32//32 552//552 1351//1351
f 553//553 32//32 1351//1351
f 35//35 553//553 1351//1351
f 1522//1522 35//35 1351//1351
f 1520//1520 1522//1522 1351//1351
f 39//39 1520//1520 1351//1351
f 40//40 39//39 1351//1351
f 42//42 40//40 1351//1351
f 1323//1323 42//42 1351//1351
f 556//556 1323//1323 1351//1351
f 47//47 556//556 1351//1351
f 48//48 47//47 1351//1351
f 558//558 48//48 1351//1351
f 559//559 558//558 1351//1351
f 560//560 559//559 1351//1351
f 22//22 560//560 1351//1351
f 24//24 22//22 1351//1351
f 25//25 24//24 1351//1351
f 1262//1262 25//25 1351//1351
f 561//561 1262//1262 1351//1351
f 1237//1237 561//561 1351//1351
f 563//563 1237//1237 1351//1351
f 564//564 563//563 1351//1351
f 565//565 564//564 1351//1351
f 33//33 565//565 1351//1351
f 37//37 33//33 1351//1351
f 531//531 548//548 1351//1351
f 1364//1364 531//531 1351//1351
f 1419//1419 1364//1364 1351//1351
f 1420//1420 1419//1419 1351//1351
f 538//538 1420//1420 1351//1351
f 541//541 538//538 1351//1351
f 1367//1367 541//541 1351//1351
f 569//569 1367//1367 1351//1351
f 510//510 569//569 1351//1351
f 512//512 510//510 1351//1351
f 570//570 512//512 1351//1351
f 571//571 570//570 1351//1351
f 514//514 571//571 1351//1351
f 516//516 514//514 1351//1351
f 572//572 516//516 1351//1351
f 574//574 572//572 1351//1351
f 573//573 574//574 1351//1351
f 575//575 573//573 1351//1351
f 521//521 575//575 1351//1351
f 954//954 521//521 1351//1351
f 525//525 954//954 1351//1351
f 527//527 525//525 1351//1351
f 528//528 527//527 1351//1351
f 1196//1196 528//528 1351//1351
f 535//535 1196//1196 1351//1351
f 576//576 535//535 1351//1351
f 577//577 576//576 1351//1351
f 540//540 577//577 1351//1351
f 969//969 1372//1372 643//643
f 971//971 580//580 878//878
f 880//880 970//970 877//877
f 881//881 879//879 1370//1370
f 578//578 644//644 579//579
f 1553//1553 1370//1370 879//879
f 1047//1047 1554//1554 642//642
f 1047//1047 642//642 645//645
f 646//646 981//981 582//582
f 1047//1047 982//982 1554//1554
f 647//647 643//643 1372//1372
f 581//581 1374//1374 983//983
f 1369//1369 984//984 1371//1371
f 1553//1553 583//583 1370//1370
f 1373//1373 585//585 882//882
f 586//586 584//584 587//587
f 1011//1011 777//777 1384//1384
f 1011//1011 773//773 777//777
f 859//859 855//855 1026//1026
f 858//858 1027//1027 1224//1224
f 944//944 858//858 1224//1224
f 946//946 943//943 1225//1225
f 946//946 1225//1225 623//623
f 774//774 632//632 1048//1048
f 774//774 1048//1048 628//628
f 1402//1402 1479//1479 1529//1529
f 744//744 1436//1436 747//747
f 745//745 624//624 1115//1115
f 602//602 746//746 591//591
f 779//779 1116//1116 621//621
f 782//782 779//779 621//621
f 783//783 1173//1173 1066//1066
f 1231//1231 698//698 1007//1007
f 1231//1231 695//695 698//698
f 1230//1230 1008//1008 1401//1401
f 1233//1233 1230//1230 1401//1401
f 594//594 1403//1403 613//613
f 1270//1270 1234//1234 1532//1532
f 1270//1270 1532//1532 1269//1269
f 596//596 1470//1470 760//760
f 1232//1232 596//596 760//760
f 593//593 1232//1232 760//760
f 697//697 593//593 760//760
f 1271//1271 1268//1268 949//949
f 598//598 1271//1271 949//949
f 1469//1469 597//597 599//599
f 761//761 1469//1469 599//599
f 759//759 939//939 717//717
f 696//696 600//600 718//718
f 601//601 607//607 610//610
f 1435//1435 592//592 780//780
f 1435//1435 780//780 781//781
f 1435//1435 781//781 1205//1205
f 1435//1435 1205//1205 1119//1119
f 1252//1252 1532//1532 1528//1528
f 827//827 948//948 950//950
f 953//953 949//949 1268//1268
f 826//826 831//831 938//938
f 939//939 833//833 717//717
f 613//613 1403//1403 608//608
f 618//618 719//719 716//716
f 607//607 720//720 610//610
f 606//606 1009//1009 611//611
f 951//951 595//595 1249//1249
f 830//830 599//599 597//597
f 698//698 721//721 1007//1007
f 1269//1269 1532//1532 1252//1252
f 1206//1206 603//603 626//626
f 1207//1207 1065//1065 1063//1063
f 1118//1118 614//614 1064//1064
f 605//605 604//604 1454//1454
f 604//604 622//622 1454//1454
f 1436//1436 615//615 747//747
f 1067//1067 778//778 1062//1062
f 748//748 1453//1453 1025//1025
f 1062//1062 1049//1049 619//619
f 1453//1453 1062//1062 619//619
f 1495//1495 1117//1117 748//748
f 1025//1025 1453//1453 619//619
f 620//620 1383//1383 1172//1172
f 1062//1062 778//778 1049//1049
f 965//965 620//620 1117//1117
f 620//620 1172//1172 1117//1117
f 1172//1172 1383//1383 1067//1067
f 1495//1495 748//748 1025//1025
f 1383//1383 778//778 1067//1067
f 1495//1495 965//965 1117//1117
f 1013//1013 1250//1250 775//775
f 634//634 616//616 678//678
f 1251//1251 1530//1530 776//776
f 1478//1478 947//947 590//590
f 1531//1531 1478//1478 590//590
f 1006//1006 860//860 589//589
f 1141//1141 856//856 832//832
f 677//677 952//952 1012//1012
f 1012//1012 952//952 617//617
f 609//609 945//945 1478//1478
f 1478//1478 945//945 947//947
f 1141//1141 832//832 828//828
f 832//832 856//856 630//630
f 963//963 1142//1142 829//829
f 722//722 588//588 631//631
f 634//634 612//612 616//616
f 722//722 631//631 1010//1010
f 857//857 637//637 625//625
f 676//676 629//629 627//627
f 676//676 627//627 674//674
f 962//962 633//633 675//675
f 962//962 675//675 964//964
f 1142//1142 963//963 635//635
f 1142//1142 635//635 1496//1496
f 857//857 636//636 637//637

