mtllib material.mtl
usemtl RAL9005.001
v 0.14600000 0.03528800 0.01660200
v 0.14600000 0.03528800 0.01660200
v 0.14600000 0.03528800 0.01660200
v 0.14600000 0.03528800 0.01660200
v 0.14600000 0.03528800 0.01660200
v 0.14600000 0.03892300 -0.00245200
v 0.14600000 0.03892300 -0.00245200
v 0.14600000 0.03892300 -0.00245200
v 0.14600000 0.03892300 -0.00245200
v 0.14600000 0.03830900 -0.00731100
v 0.14600000 0.03830900 -0.00731100
v 0.14600000 0.03830900 -0.00731100
v 0.14600000 0.03830900 -0.00731100
v 0.14600000 0.03709100 -0.01205500
v 0.14600000 0.03709100 -0.01205500
v 0.14600000 0.03709100 -0.01205500
v 0.14600000 0.03528800 -0.01660900
v 0.14600000 0.03528800 -0.01660900
v 0.14600000 0.03528800 -0.01660900
v 0.14600000 0.03892300 0.00244600
v 0.14600000 0.03892300 0.00244600
v 0.14600000 0.03892300 0.00244600
v 0.14600000 0.03892300 0.00244600
v 0.14600000 0.03709100 0.01204900
v 0.14600000 0.03709100 0.01204900
v 0.14600000 0.03709100 0.01204900
v 0.14600000 -0.03709100 0.01204900
v 0.14600000 -0.03709100 0.01204900
v 0.14600000 -0.03709100 0.01204900
v 0.14600000 -0.03709100 0.01204900
v 0.14600000 -0.03528800 0.01660200
v 0.14600000 -0.03528800 0.01660200
v 0.14600000 -0.03528800 0.01660200
v 0.14600000 -0.03292900 0.02089400
v 0.14600000 -0.03292900 0.02089400
v 0.14600000 -0.03292900 0.02089400
v 0.14600000 -0.03005000 0.02485600
v 0.14600000 -0.03005000 0.02485600
v 0.14600000 -0.03005000 0.02485600
v 0.14600000 -0.03005000 0.02485600
v 0.14600000 -0.03005000 0.02485600
v 0.14600000 -0.03892300 -0.00245200
v 0.14600000 -0.03892300 -0.00245200
v 0.14600000 -0.03892300 -0.00245200
v 0.14600000 -0.03892300 0.00244600
v 0.14600000 -0.03892300 0.00244600
v 0.14600000 -0.03892300 0.00244600
v 0.14600000 -0.03892300 0.00244600
v 0.14600000 -0.03292900 -0.02090000
v 0.14600000 -0.03292900 -0.02090000
v 0.14600000 -0.03292900 -0.02090000
v 0.14600000 -0.03528800 -0.01660900
v 0.14600000 -0.03528800 -0.01660900
v 0.14600000 -0.03528800 -0.01660900
v 0.14600000 -0.03528800 -0.01660900
v 0.14600000 0.03292900 -0.02090000
v 0.14600000 0.03292900 -0.02090000
v 0.14600000 0.03292900 -0.02090000
v 0.14600000 0.03830900 0.00730500
v 0.14600000 0.03830900 0.00730500
v 0.14600000 0.03830900 0.00730500
v 0.14600000 -0.00969900 -0.03777800
v 0.14600000 -0.00969900 -0.03777800
v 0.14600000 -0.00969900 -0.03777800
v 0.14600000 -0.01878800 0.03417300
v 0.14600000 -0.01878800 0.03417300
v 0.14600000 -0.01878800 0.03417300
v 0.14600000 -0.01435700 0.03625800
v 0.14600000 -0.01435700 0.03625800
v 0.14600000 -0.01435700 0.03625800
v 0.14600000 -0.03830900 0.00730500
v 0.14600000 -0.03830900 0.00730500
v 0.14600000 -0.03830900 0.00730500
v 0.14600000 -0.03830900 0.00730500
v 0.14600000 -0.03830900 -0.00731100
v 0.14600000 -0.03830900 -0.00731100
v 0.14600000 -0.03830900 -0.00731100
v 0.14600000 -0.03005000 -0.02486300
v 0.14600000 -0.03005000 -0.02486300
v 0.14600000 -0.03005000 -0.02486300
v 0.14600000 -0.01435700 -0.03626400
v 0.14600000 -0.01435700 -0.03626400
v 0.14600000 -0.01435700 -0.03626400
v 0.14600000 0.02669700 0.02842700
v 0.14600000 0.02669700 0.02842700
v 0.14600000 0.02669700 0.02842700
v 0.14600000 0.01878800 -0.03417900
v 0.14600000 0.01878800 -0.03417900
v 0.14600000 0.01878800 -0.03417900
v 0.14600000 0.01435700 -0.03626400
v 0.14600000 0.01435700 -0.03626400
v 0.14600000 0.01435700 -0.03626400
v 0.14600000 -0.02292400 0.03154900
v 0.14600000 -0.02292400 0.03154900
v 0.14600000 -0.02292400 0.03154900
v 0.14600000 -0.02292400 0.03154900
v 0.14600000 -0.03709100 -0.01205500
v 0.14600000 -0.03709100 -0.01205500
v 0.14600000 -0.03709100 -0.01205500
v 0.14600000 -0.03709100 -0.01205500
v 0.14600000 -0.02292400 -0.03155500
v 0.14600000 -0.02292400 -0.03155500
v 0.14600000 -0.02292400 -0.03155500
v 0.14600000 -0.02669700 -0.02843300
v 0.14600000 -0.02669700 -0.02843300
v 0.14600000 -0.02669700 -0.02843300
v 0.14600000 -0.02669700 -0.02843300
v 0.14600000 -0.01878800 -0.03417900
v 0.14600000 -0.01878800 -0.03417900
v 0.14600000 -0.01878800 -0.03417900
v 0.14600000 -0.01878800 -0.03417900
v 0.14600000 0.02292400 -0.03155500
v 0.14600000 0.02292400 -0.03155500
v 0.14600000 0.02292400 -0.03155500
v 0.14600000 0.02292400 -0.03155500
v 0.14600000 0.03005000 -0.02486300
v 0.14600000 0.03005000 -0.02486300
v 0.14600000 0.03005000 -0.02486300
v 0.14600000 0.03005000 -0.02486300
v 0.14600000 0.03005000 -0.02486300
v 0.14600000 0.02669700 -0.02843300
v 0.14600000 0.02669700 -0.02843300
v 0.14600000 0.02669700 -0.02843300
v 0.14600000 0.03292900 0.02089400
v 0.14600000 0.03292900 0.02089400
v 0.14600000 0.03292900 0.02089400
v 0.14600000 0.03292900 0.02089400
v 0.14600000 0.03005000 0.02485600
v 0.14600000 0.03005000 0.02485600
v 0.14600000 0.03005000 0.02485600
v 0.14600000 0.03005000 0.02485600
v 0.14600000 0.00969900 -0.03777800
v 0.14600000 0.00969900 -0.03777800
v 0.14600000 0.00969900 -0.03777800
v 0.14600000 0.00969900 0.03777200
v 0.14600000 0.00969900 0.03777200
v 0.14600000 0.00969900 0.03777200
v 0.14600000 0.01435700 0.03625800
v 0.14600000 0.01435700 0.03625800
v 0.14600000 0.01435700 0.03625800
v 0.14600000 -0.02669700 0.02842700
v 0.14600000 -0.02669700 0.02842700
v 0.14600000 -0.02669700 0.02842700
v 0.14600000 0.01878800 0.03417300
v 0.14600000 0.01878800 0.03417300
v 0.14600000 0.01878800 0.03417300
v 0.14600000 0.01878800 0.03417300
v 0.14600000 0.00000000 0.03899700
v 0.14600000 0.00000000 0.03899700
v 0.14600000 0.00000000 0.03899700
v 0.14600000 0.00488800 0.03868900
v 0.14600000 0.00488800 0.03868900
v 0.14600000 0.00488800 0.03868900
v 0.14600000 -0.00969900 0.03777200
v 0.14600000 -0.00969900 0.03777200
v 0.14600000 -0.00969900 0.03777200
v 0.14600000 -0.00488800 0.03868900
v 0.14600000 -0.00488800 0.03868900
v 0.14600000 -0.00488800 0.03868900
v 0.14600000 0.00000000 -0.03900300
v 0.14600000 0.00000000 -0.03900300
v 0.14600000 0.00000000 -0.03900300
v 0.14600000 -0.00488800 -0.03869600
v 0.14600000 -0.00488800 -0.03869600
v 0.14600000 -0.00488800 -0.03869600
v 0.14600000 0.00488800 -0.03869600
v 0.14600000 0.00488800 -0.03869600
v 0.14600000 0.00488800 -0.03869600
v 0.14600000 0.02292400 0.03154900
v 0.14600000 0.02292400 0.03154900
v 0.14600000 0.02292400 0.03154900
v 0.15170000 -0.00488800 0.03868900
v 0.15170000 -0.00488800 0.03868900
v 0.15170000 -0.00488800 0.03868900
v 0.15170000 0.00000000 0.03899700
v 0.15170000 0.00000000 0.03899700
v 0.15170000 0.00000000 0.03899700
v 0.15170000 -0.00969900 0.03777200
v 0.15170000 -0.00969900 0.03777200
v 0.15170000 -0.00969900 0.03777200
v 0.15170000 -0.01435700 0.03625800
v 0.15170000 -0.01435700 0.03625800
v 0.15170000 -0.01435700 0.03625800
v 0.15170000 -0.01878800 0.03417300
v 0.15170000 -0.01878800 0.03417300
v 0.15170000 -0.01878800 0.03417300
v 0.15170000 -0.01878800 0.03417300
v 0.15170000 -0.02292400 0.03154900
v 0.15170000 -0.02292400 0.03154900
v 0.15170000 -0.02292400 0.03154900
v 0.15170000 -0.02669700 0.02842700
v 0.15170000 -0.02669700 0.02842700
v 0.15170000 -0.02669700 0.02842700
v 0.15170000 -0.03005000 0.02485600
v 0.15170000 -0.03005000 0.02485600
v 0.15170000 -0.03005000 0.02485600
v 0.15170000 -0.03292900 0.02089400
v 0.15170000 -0.03292900 0.02089400
v 0.15170000 -0.03292900 0.02089400
v 0.15170000 -0.03528800 0.01660200
v 0.15170000 -0.03528800 0.01660200
v 0.15170000 -0.03528800 0.01660200
v 0.15170000 -0.03709100 0.01204900
v 0.15170000 -0.03709100 0.01204900
v 0.15170000 -0.03709100 0.01204900
v 0.15170000 -0.03830900 0.00730500
v 0.15170000 -0.03830900 0.00730500
v 0.15170000 -0.03830900 0.00730500
v 0.15170000 -0.03892300 0.00244600
v 0.15170000 -0.03892300 0.00244600
v 0.15170000 -0.03892300 0.00244600
v 0.15170000 -0.03892300 -0.00245200
v 0.15170000 -0.03892300 -0.00245200
v 0.15170000 -0.03892300 -0.00245200
v 0.15170000 -0.03830900 -0.00731100
v 0.15170000 -0.03830900 -0.00731100
v 0.15170000 -0.03830900 -0.00731100
v 0.15170000 -0.03709100 -0.01205500
v 0.15170000 -0.03709100 -0.01205500
v 0.15170000 -0.03709100 -0.01205500
v 0.15170000 -0.03528800 -0.01660900
v 0.15170000 -0.03528800 -0.01660900
v 0.15170000 -0.03528800 -0.01660900
v 0.15170000 -0.03292900 -0.02090000
v 0.15170000 -0.03292900 -0.02090000
v 0.15170000 -0.03292900 -0.02090000
v 0.15170000 -0.03005000 -0.02486300
v 0.15170000 -0.03005000 -0.02486300
v 0.15170000 -0.03005000 -0.02486300
v 0.15170000 -0.03005000 -0.02486300
v 0.15170000 -0.02669700 -0.02843300
v 0.15170000 -0.02669700 -0.02843300
v 0.15170000 -0.02669700 -0.02843300
v 0.15170000 -0.02292400 -0.03155500
v 0.15170000 -0.02292400 -0.03155500
v 0.15170000 -0.02292400 -0.03155500
v 0.15170000 -0.02292400 -0.03155500
v 0.15170000 -0.01878800 -0.03417900
v 0.15170000 -0.01878800 -0.03417900
v 0.15170000 -0.01878800 -0.03417900
v 0.15170000 -0.01435700 -0.03626400
v 0.15170000 -0.01435700 -0.03626400
v 0.15170000 -0.01435700 -0.03626400
v 0.15170000 -0.00969900 -0.03777800
v 0.15170000 -0.00969900 -0.03777800
v 0.15170000 -0.00969900 -0.03777800
v 0.15170000 -0.00488800 -0.03869600
v 0.15170000 -0.00488800 -0.03869600
v 0.15170000 -0.00488800 -0.03869600
v 0.15170000 0.00000000 -0.03900300
v 0.15170000 0.00000000 -0.03900300
v 0.15170000 0.00000000 -0.03900300
v 0.15170000 0.00000000 -0.03900300
v 0.15170000 0.00488800 -0.03869600
v 0.15170000 0.00488800 -0.03869600
v 0.15170000 0.00488800 -0.03869600
v 0.15170000 0.00969900 -0.03777800
v 0.15170000 0.00969900 -0.03777800
v 0.15170000 0.00969900 -0.03777800
v 0.15170000 0.01435700 -0.03626400
v 0.15170000 0.01435700 -0.03626400
v 0.15170000 0.01435700 -0.03626400
v 0.15170000 0.01878800 -0.03417900
v 0.15170000 0.01878800 -0.03417900
v 0.15170000 0.01878800 -0.03417900
v 0.15170000 0.01878800 -0.03417900
v 0.15170000 0.02292400 -0.03155500
v 0.15170000 0.02292400 -0.03155500
v 0.15170000 0.02292400 -0.03155500
v 0.15170000 0.02669700 -0.02843300
v 0.15170000 0.02669700 -0.02843300
v 0.15170000 0.02669700 -0.02843300
v 0.15170000 0.02669700 -0.02843300
v 0.15170000 0.03005000 -0.02486300
v 0.15170000 0.03005000 -0.02486300
v 0.15170000 0.03005000 -0.02486300
v 0.15170000 0.03292900 -0.02090000
v 0.15170000 0.03292900 -0.02090000
v 0.15170000 0.03292900 -0.02090000
v 0.15170000 0.03528800 -0.01660900
v 0.15170000 0.03528800 -0.01660900
v 0.15170000 0.03528800 -0.01660900
v 0.15170000 0.03709100 -0.01205500
v 0.15170000 0.03709100 -0.01205500
v 0.15170000 0.03709100 -0.01205500
v 0.15170000 0.03830900 -0.00731100
v 0.15170000 0.03830900 -0.00731100
v 0.15170000 0.03830900 -0.00731100
v 0.15170000 0.03892300 -0.00245200
v 0.15170000 0.03892300 -0.00245200
v 0.15170000 0.03892300 -0.00245200
v 0.15170000 0.03892300 0.00244600
v 0.15170000 0.03892300 0.00244600
v 0.15170000 0.03892300 0.00244600
v 0.15170000 0.03830900 0.00730500
v 0.15170000 0.03830900 0.00730500
v 0.15170000 0.03830900 0.00730500
v 0.15170000 0.03709100 0.01204900
v 0.15170000 0.03709100 0.01204900
v 0.15170000 0.03709100 0.01204900
v 0.15170000 0.03528800 0.01660200
v 0.15170000 0.03528800 0.01660200
v 0.15170000 0.03528800 0.01660200
v 0.15170000 0.03292900 0.02089400
v 0.15170000 0.03292900 0.02089400
v 0.15170000 0.03292900 0.02089400
v 0.15170000 0.03005000 0.02485600
v 0.15170000 0.03005000 0.02485600
v 0.15170000 0.03005000 0.02485600
v 0.15170000 0.02669700 0.02842700
v 0.15170000 0.02669700 0.02842700
v 0.15170000 0.02669700 0.02842700
v 0.15170000 0.02292400 0.03154900
v 0.15170000 0.02292400 0.03154900
v 0.15170000 0.02292400 0.03154900
v 0.15170000 0.02292400 0.03154900
v 0.15170000 0.01878800 0.03417300
v 0.15170000 0.01878800 0.03417300
v 0.15170000 0.01878800 0.03417300
v 0.15170000 0.01435700 0.03625800
v 0.15170000 0.01435700 0.03625800
v 0.15170000 0.01435700 0.03625800
v 0.15170000 0.00969900 0.03777200
v 0.15170000 0.00969900 0.03777200
v 0.15170000 0.00969900 0.03777200
v 0.15170000 0.00488800 0.03868900
v 0.15170000 0.00488800 0.03868900
v 0.15170000 0.00488800 0.03868900
v 0.15170000 0.03132700 -0.00329600
v 0.15170000 0.03132700 -0.00329600
v 0.15170000 0.03132700 -0.00329600
v 0.15170000 0.03148100 0.00109600
v 0.15170000 0.03148100 0.00109600
v 0.15170000 0.03148100 0.00109600
v 0.15170000 0.03102100 0.00546700
v 0.15170000 0.03102100 0.00546700
v 0.15170000 0.03102100 0.00546700
v 0.15170000 -0.03148100 0.00109600
v 0.15170000 -0.03148100 0.00109600
v 0.15170000 -0.03148100 0.00109600
v 0.15170000 -0.03102100 0.00546700
v 0.15170000 -0.03102100 0.00546700
v 0.15170000 -0.03102100 0.00546700
v 0.15170000 -0.03132700 -0.00329600
v 0.15170000 -0.03132700 -0.00329600
v 0.15170000 -0.03132700 -0.00329600
v 0.15170000 0.03056400 -0.00762400
v 0.15170000 0.03056400 -0.00762400
v 0.15170000 0.03056400 -0.00762400
v 0.15170000 0.02920600 -0.01180300
v 0.15170000 0.02920600 -0.01180300
v 0.15170000 0.02920600 -0.01180300
v 0.15170000 0.02920600 -0.01180300
v 0.15170000 0.02995800 0.00973100
v 0.15170000 0.02995800 0.00973100
v 0.15170000 0.02995800 0.00973100
v 0.15170000 0.02995800 0.00973100
v 0.15170000 0.02995800 0.00973100
v 0.15170000 -0.03056400 -0.00762400
v 0.15170000 -0.03056400 -0.00762400
v 0.15170000 -0.03056400 -0.00762400
v 0.15170000 -0.02920600 -0.01180300
v 0.15170000 -0.02920600 -0.01180300
v 0.15170000 -0.02920600 -0.01180300
v 0.15170000 -0.02920600 -0.01180300
v 0.15170000 0.02482200 -0.01939600
v 0.15170000 0.02482200 -0.01939600
v 0.15170000 0.02482200 -0.01939600
v 0.15170000 0.02188200 -0.02266200
v 0.15170000 0.02188200 -0.02266200
v 0.15170000 0.02188200 -0.02266200
v 0.15170000 0.02188200 -0.02266200
v 0.15170000 0.02188200 -0.02266200
v 0.15170000 0.02728000 -0.01575300
v 0.15170000 0.02728000 -0.01575300
v 0.15170000 0.02728000 -0.01575300
v 0.15170000 0.02831200 0.01380600
v 0.15170000 0.02831200 0.01380600
v 0.15170000 0.02831200 0.01380600
v 0.15170000 0.02831200 0.01380600
v 0.15170000 0.02611500 0.01761100
v 0.15170000 0.02611500 0.01761100
v 0.15170000 0.02611500 0.01761100
v 0.15170000 -0.02995800 0.00973100
v 0.15170000 -0.02995800 0.00973100
v 0.15170000 -0.02995800 0.00973100
v 0.15170000 -0.02995800 0.00973100
v 0.15170000 -0.02340900 0.02107400
v 0.15170000 -0.02340900 0.02107400
v 0.15170000 -0.02340900 0.02107400
v 0.15170000 -0.02340900 0.02107400
v 0.15170000 -0.02611500 0.01761100
v 0.15170000 -0.02611500 0.01761100
v 0.15170000 -0.02611500 0.01761100
v 0.15170000 -0.02728000 -0.01575300
v 0.15170000 -0.02728000 -0.01575300
v 0.15170000 -0.02728000 -0.01575300
v 0.15170000 -0.02482200 -0.01939600
v 0.15170000 -0.02482200 -0.01939600
v 0.15170000 -0.02482200 -0.01939600
v 0.15170000 0.02340900 0.02107400
v 0.15170000 0.02340900 0.02107400
v 0.15170000 0.02340900 0.02107400
v 0.15170000 0.02340900 0.02107400
v 0.15170000 0.02024800 0.02412700
v 0.15170000 0.02024800 0.02412700
v 0.15170000 0.02024800 0.02412700
v 0.15170000 0.02024800 0.02412700
v 0.15170000 -0.02831200 0.01380600
v 0.15170000 -0.02831200 0.01380600
v 0.15170000 -0.02831200 0.01380600
v 0.15170000 0.01669200 0.02671000
v 0.15170000 0.01669200 0.02671000
v 0.15170000 0.01669200 0.02671000
v 0.15170000 0.01669200 0.02671000
v 0.15170000 -0.02024800 0.02412700
v 0.15170000 -0.02024800 0.02412700
v 0.15170000 -0.02024800 0.02412700
v 0.15170000 -0.02024800 0.02412700
v 0.15170000 -0.02024800 0.02412700
v 0.15170000 -0.01669200 0.02671000
v 0.15170000 -0.01669200 0.02671000
v 0.15170000 -0.01669200 0.02671000
v 0.15170000 0.01077400 -0.02960400
v 0.15170000 0.01077400 -0.02960400
v 0.15170000 0.01077400 -0.02960400
v 0.15170000 0.01077400 -0.02960400
v 0.15170000 0.01077400 -0.02960400
v 0.15170000 0.01478800 -0.02781600
v 0.15170000 0.01478800 -0.02781600
v 0.15170000 0.01478800 -0.02781600
v 0.15170000 0.01478800 -0.02781600
v 0.15170000 0.01851500 -0.02548700
v 0.15170000 0.01851500 -0.02548700
v 0.15170000 0.01851500 -0.02548700
v 0.15170000 0.01851500 -0.02548700
v 0.15170000 0.01851500 -0.02548700
v 0.15170000 -0.00868300 0.03027700
v 0.15170000 -0.00868300 0.03027700
v 0.15170000 -0.00868300 0.03027700
v 0.15170000 -0.00868300 0.03027700
v 0.15170000 -0.00438400 0.03119000
v 0.15170000 -0.00438400 0.03119000
v 0.15170000 -0.00438400 0.03119000
v 0.15170000 -0.01281200 0.02877400
v 0.15170000 -0.01281200 0.02877400
v 0.15170000 -0.01281200 0.02877400
v 0.15170000 -0.02188200 -0.02266200
v 0.15170000 -0.02188200 -0.02266200
v 0.15170000 -0.02188200 -0.02266200
v 0.15170000 -0.02188200 -0.02266200
v 0.15170000 -0.02188200 -0.02266200
v 0.15170000 -0.01851500 -0.02548700
v 0.15170000 -0.01851500 -0.02548700
v 0.15170000 -0.01851500 -0.02548700
v 0.15170000 -0.01851500 -0.02548700
v 0.15170000 0.01281200 0.02877400
v 0.15170000 0.01281200 0.02877400
v 0.15170000 0.01281200 0.02877400
v 0.15170000 0.00868300 0.03027700
v 0.15170000 0.00868300 0.03027700
v 0.15170000 0.00868300 0.03027700
v 0.15170000 0.00868300 0.03027700
v 0.15170000 0.00438400 0.03119000
v 0.15170000 0.00438400 0.03119000
v 0.15170000 0.00438400 0.03119000
v 0.15170000 0.00000000 0.03149700
v 0.15170000 0.00000000 0.03149700
v 0.15170000 0.00000000 0.03149700
v 0.15170000 -0.01077400 -0.02960400
v 0.15170000 -0.01077400 -0.02960400
v 0.15170000 -0.01077400 -0.02960400
v 0.15170000 -0.01077400 -0.02960400
v 0.15170000 -0.01077400 -0.02960400
v 0.15170000 -0.01478800 -0.02781600
v 0.15170000 -0.01478800 -0.02781600
v 0.15170000 -0.01478800 -0.02781600
v 0.15170000 -0.01478800 -0.02781600
v 0.15170000 -0.01478800 -0.02781600
v 0.15170000 -0.00654900 -0.03081500
v 0.15170000 -0.00654900 -0.03081500
v 0.15170000 -0.00654900 -0.03081500
v 0.15170000 -0.00654900 -0.03081500
v 0.15170000 0.00219700 -0.03142600
v 0.15170000 0.00219700 -0.03142600
v 0.15170000 0.00219700 -0.03142600
v 0.15170000 0.00219700 -0.03142600
v 0.15170000 0.00654900 -0.03081500
v 0.15170000 0.00654900 -0.03081500
v 0.15170000 0.00654900 -0.03081500
v 0.15170000 0.00654900 -0.03081500
v 0.15170000 -0.00219700 -0.03142600
v 0.15170000 -0.00219700 -0.03142600
v 0.15170000 -0.00219700 -0.03142600
v 0.15170000 0.00000000 -0.03150300
v 0.15170000 0.00000000 -0.03150300
v 0.15170000 0.00000000 -0.03150300
v 0.15170000 0.00000000 -0.03150300
v 0.15800000 -0.00438400 0.03119000
v 0.15800000 -0.00438400 0.03119000
v 0.15800000 -0.00438400 0.03119000
v 0.15800000 0.00000000 0.03149700
v 0.15800000 0.00000000 0.03149700
v 0.15800000 0.00000000 0.03149700
v 0.15800000 -0.00868300 0.03027700
v 0.15800000 -0.00868300 0.03027700
v 0.15800000 -0.00868300 0.03027700
v 0.15800000 -0.01281200 0.02877400
v 0.15800000 -0.01281200 0.02877400
v 0.15800000 -0.01281200 0.02877400
v 0.15800000 -0.00883900 0.03022000
v 0.15800000 -0.00883900 0.03022000
v 0.15800000 -0.00883900 0.03022000
v 0.15800000 -0.01669200 0.02671000
v 0.15800000 -0.01669200 0.02671000
v 0.15800000 -0.01669200 0.02671000
v 0.15800000 -0.01669200 0.02671000
v 0.15800000 -0.02024800 0.02412700
v 0.15800000 -0.02024800 0.02412700
v 0.15800000 -0.02024800 0.02412700
v 0.15800000 -0.02313900 0.02133600
v 0.15800000 -0.02313900 0.02133600
v 0.15800000 -0.02313900 0.02133600
v 0.15800000 -0.02133900 0.02307400
v 0.15800000 -0.02133900 0.02307400
v 0.15800000 -0.02133900 0.02307400
v 0.15800000 -0.02340900 0.02107400
v 0.15800000 -0.02340900 0.02107400
v 0.15800000 -0.02340900 0.02107400
v 0.15800000 -0.02611500 0.01761100
v 0.15800000 -0.02611500 0.01761100
v 0.15800000 -0.02611500 0.01761100
v 0.15800000 -0.02831200 0.01380600
v 0.15800000 -0.02831200 0.01380600
v 0.15800000 -0.02831200 0.01380600
v 0.15800000 -0.02995800 0.00973100
v 0.15800000 -0.02995800 0.00973100
v 0.15800000 -0.02995800 0.00973100
v 0.15800000 -0.03102100 0.00546700
v 0.15800000 -0.03102100 0.00546700
v 0.15800000 -0.03102100 0.00546700
v 0.15800000 -0.03018100 0.00883600
v 0.15800000 -0.03018100 0.00883600
v 0.15800000 -0.03018100 0.00883600
v 0.15800000 -0.03148100 0.00109600
v 0.15800000 -0.03148100 0.00109600
v 0.15800000 -0.03148100 0.00109600
v 0.15800000 -0.03132700 -0.00329600
v 0.15800000 -0.03132700 -0.00329600
v 0.15800000 -0.03132700 -0.00329600
v 0.15800000 -0.03056400 -0.00762400
v 0.15800000 -0.03056400 -0.00762400
v 0.15800000 -0.03056400 -0.00762400
v 0.15800000 -0.02920600 -0.01180300
v 0.15800000 -0.02920600 -0.01180300
v 0.15800000 -0.02920600 -0.01180300
v 0.15800000 -0.03016800 -0.00884200
v 0.15800000 -0.03016800 -0.00884200
v 0.15800000 -0.03016800 -0.00884200
v 0.15800000 -0.02728000 -0.01575300
v 0.15800000 -0.02728000 -0.01575300
v 0.15800000 -0.02728000 -0.01575300
v 0.15800000 -0.02482200 -0.01939600
v 0.15800000 -0.02482200 -0.01939600
v 0.15800000 -0.02482200 -0.01939600
v 0.15800000 -0.02307100 -0.02134200
v 0.15800000 -0.02307100 -0.02134200
v 0.15800000 -0.02307100 -0.02134200
v 0.15800000 -0.02188200 -0.02266200
v 0.15800000 -0.02188200 -0.02266200
v 0.15800000 -0.02188200 -0.02266200
v 0.15800000 -0.01851500 -0.02548700
v 0.15800000 -0.01851500 -0.02548700
v 0.15800000 -0.01851500 -0.02548700
v 0.15800000 -0.01851500 -0.02548700
v 0.15800000 -0.02133900 -0.02311800
v 0.15800000 -0.02133900 -0.02311800
v 0.15800000 -0.02133900 -0.02311800
v 0.15800000 -0.02133900 -0.02311800
v 0.15800000 -0.01478800 -0.02781600
v 0.15800000 -0.01478800 -0.02781600
v 0.15800000 -0.01478800 -0.02781600
v 0.15800000 -0.01088700 -0.02955300
v 0.15800000 -0.01088700 -0.02955300
v 0.15800000 -0.01088700 -0.02955300
v 0.15800000 -0.01088700 -0.02955300
v 0.15800000 -0.01077400 -0.02960400
v 0.15800000 -0.01077400 -0.02960400
v 0.15800000 -0.01077400 -0.02960400
v 0.15800000 -0.00654900 -0.03081500
v 0.15800000 -0.00654900 -0.03081500
v 0.15800000 -0.00654900 -0.03081500
v 0.15800000 -0.00883900 -0.03015800
v 0.15800000 -0.00883900 -0.03015800
v 0.15800000 -0.00883900 -0.03015800
v 0.15800000 -0.00883900 -0.03015800
v 0.15800000 -0.00219700 -0.03142600
v 0.15800000 -0.00219700 -0.03142600
v 0.15800000 -0.00219700 -0.03142600
v 0.15800000 0.00219700 -0.03142600
v 0.15800000 0.00219700 -0.03142600
v 0.15800000 0.00219700 -0.03142600
v 0.15800000 0.00000000 -0.03150300
v 0.15800000 0.00000000 -0.03150300
v 0.15800000 0.00000000 -0.03150300
v 0.15800000 0.00654900 -0.03081500
v 0.15800000 0.00654900 -0.03081500
v 0.15800000 0.00654900 -0.03081500
v 0.15800000 0.00883900 -0.03015800
v 0.15800000 0.00883900 -0.03015800
v 0.15800000 0.00883900 -0.03015800
v 0.15800000 0.00883900 -0.03015800
v 0.15800000 0.01077400 -0.02960400
v 0.15800000 0.01077400 -0.02960400
v 0.15800000 0.01077400 -0.02960400
v 0.15800000 0.01478800 -0.02781600
v 0.15800000 0.01478800 -0.02781600
v 0.15800000 0.01478800 -0.02781600
v 0.15800000 0.01478800 -0.02781600
v 0.15800000 0.01088700 -0.02955300
v 0.15800000 0.01088700 -0.02955300
v 0.15800000 0.01088700 -0.02955300
v 0.15800000 0.01088700 -0.02955300
v 0.15800000 0.01851500 -0.02548700
v 0.15800000 0.01851500 -0.02548700
v 0.15800000 0.01851500 -0.02548700
v 0.15800000 0.02133900 -0.02311800
v 0.15800000 0.02133900 -0.02311800
v 0.15800000 0.02133900 -0.02311800
v 0.15800000 0.02133900 -0.02311800
v 0.15800000 0.02188200 -0.02266200
v 0.15800000 0.02188200 -0.02266200
v 0.15800000 0.02188200 -0.02266200
v 0.15800000 0.02482200 -0.01939600
v 0.15800000 0.02482200 -0.01939600
v 0.15800000 0.02482200 -0.01939600
v 0.15800000 0.02307100 -0.02134200
v 0.15800000 0.02307100 -0.02134200
v 0.15800000 0.02307100 -0.02134200
v 0.15800000 0.02728000 -0.01575300
v 0.15800000 0.02728000 -0.01575300
v 0.15800000 0.02728000 -0.01575300
v 0.15800000 0.02920600 -0.01180300
v 0.15800000 0.02920600 -0.01180300
v 0.15800000 0.02920600 -0.01180300
v 0.15800000 0.03016800 -0.00884200
v 0.15800000 0.03016800 -0.00884200
v 0.15800000 0.02955000 -0.01074500
v 0.15800000 0.02955000 -0.01074500
v 0.15800000 0.02955000 -0.01074500
v 0.15800000 0.03056400 -0.00762400
v 0.15800000 0.03056400 -0.00762400
v 0.15800000 0.03056400 -0.00762400
v 0.15800000 0.03132700 -0.00329600
v 0.15800000 0.03132700 -0.00329600
v 0.15800000 0.03132700 -0.00329600
v 0.15800000 0.03148100 0.00109600
v 0.15800000 0.03148100 0.00109600
v 0.15800000 0.03148100 0.00109600
v 0.15800000 0.03102100 0.00546700
v 0.15800000 0.03102100 0.00546700
v 0.15800000 0.03102100 0.00546700
v 0.15800000 0.03018100 0.00883600
v 0.15800000 0.03018100 0.00883600
v 0.15800000 0.03018100 0.00883600
v 0.15800000 0.02995800 0.00973100
v 0.15800000 0.02995800 0.00973100
v 0.15800000 0.02995800 0.00973100
v 0.15800000 0.02831200 0.01380600
v 0.15800000 0.02831200 0.01380600
v 0.15800000 0.02831200 0.01380600
v 0.15800000 0.02955000 0.01074100
v 0.15800000 0.02955000 0.01074100
v 0.15800000 0.02955000 0.01074100
v 0.15800000 0.02955000 0.01074100
v 0.15800000 0.02611500 0.01761100
v 0.15800000 0.02611500 0.01761100
v 0.15800000 0.02611500 0.01761100
v 0.15800000 0.02340900 0.02107400
v 0.15800000 0.02340900 0.02107400
v 0.15800000 0.02340900 0.02107400
v 0.15800000 0.02133900 0.02307400
v 0.15800000 0.02133900 0.02307400
v 0.15800000 0.02133900 0.02307400
v 0.15800000 0.02313900 0.02133600
v 0.15800000 0.02313900 0.02133600
v 0.15800000 0.02313900 0.02133600
v 0.15800000 0.02024800 0.02412700
v 0.15800000 0.02024800 0.02412700
v 0.15800000 0.02024800 0.02412700
v 0.15800000 0.02024800 0.02412700
v 0.15800000 0.01669200 0.02671000
v 0.15800000 0.01669200 0.02671000
v 0.15800000 0.01669200 0.02671000
v 0.15800000 0.01281200 0.02877400
v 0.15800000 0.01281200 0.02877400
v 0.15800000 0.01281200 0.02877400
v 0.15800000 0.00883900 0.03022000
v 0.15800000 0.00883900 0.03022000
v 0.15800000 0.00883900 0.03022000
v 0.15800000 0.00868300 0.03027700
v 0.15800000 0.00868300 0.03027700
v 0.15800000 0.00868300 0.03027700
v 0.15800000 0.00438400 0.03119000
v 0.15800000 0.00438400 0.03119000
v 0.15800000 0.00438400 0.03119000
v 0.15800000 0.02955000 -0.00884200
v 0.15800000 0.02955000 0.00883600
v 0.15800000 0.02760000 -0.00000300
v 0.15800000 0.02760000 -0.00000300
v 0.15800000 0.02760000 -0.00000300
v 0.15800000 0.02133900 -0.00884200
v 0.15800000 0.02252700 -0.00080700
v 0.15800000 0.02252700 -0.00080700
v 0.15800000 0.02252700 -0.00080700
v 0.15800000 0.02240000 -0.00000300
v 0.15800000 0.02240000 -0.00000300
v 0.15800000 0.02240000 -0.00000300
v 0.15800000 0.02747300 -0.00080700
v 0.15800000 0.02747300 -0.00080700
v 0.15800000 0.02747300 -0.00080700
v 0.15800000 0.02710300 -0.00153100
v 0.15800000 0.02710300 -0.00153100
v 0.15800000 0.02710300 -0.00153100
v 0.15800000 0.02747300 0.00080000
v 0.15800000 0.02747300 0.00080000
v 0.15800000 0.02747300 0.00080000
v 0.15800000 0.02133900 0.00883600
v 0.15800000 0.02500000 0.00259700
v 0.15800000 0.02500000 0.00259700
v 0.15800000 0.02500000 0.00259700
v 0.15800000 0.02252700 0.00080000
v 0.15800000 0.02252700 0.00080000
v 0.15800000 0.02252700 0.00080000
v 0.15800000 0.02289700 0.00152500
v 0.15800000 0.02289700 0.00152500
v 0.15800000 0.02289700 0.00152500
v 0.15800000 0.02652800 0.00210000
v 0.15800000 0.02652800 0.00210000
v 0.15800000 0.02652800 0.00210000
v 0.15800000 0.02710300 0.00152500
v 0.15800000 0.02710300 0.00152500
v 0.15800000 0.02710300 0.00152500
v 0.15800000 0.02580300 0.00247000
v 0.15800000 0.02580300 0.00247000
v 0.15800000 0.02580300 0.00247000
v 0.15800000 0.02347200 0.00210000
v 0.15800000 0.02347200 0.00210000
v 0.15800000 0.02347200 0.00210000
v 0.15800000 0.02419700 0.00247000
v 0.15800000 0.02419700 0.00247000
v 0.15800000 0.02419700 0.00247000
v 0.15800000 0.02347200 -0.00210700
v 0.15800000 0.02347200 -0.00210700
v 0.15800000 0.02347200 -0.00210700
v 0.15800000 0.02289700 -0.00153100
v 0.15800000 0.02289700 -0.00153100
v 0.15800000 0.02289700 -0.00153100
v 0.15800000 0.02500000 -0.00260300
v 0.15800000 0.02500000 -0.00260300
v 0.15800000 0.02500000 -0.00260300
v 0.15800000 0.02419700 -0.00247600
v 0.15800000 0.02419700 -0.00247600
v 0.15800000 0.02419700 -0.00247600
v 0.15800000 0.02580300 -0.00247600
v 0.15800000 0.02580300 -0.00247600
v 0.15800000 0.02580300 -0.00247600
v 0.15800000 0.02652800 -0.00210700
v 0.15800000 0.02652800 -0.00210700
v 0.15800000 0.02652800 -0.00210700
v 0.15800000 0.00883900 -0.00884200
v 0.15800000 0.00883900 -0.02134200
v 0.15800000 0.01511000 -0.01727400
v 0.15800000 0.01511000 -0.01727400
v 0.15800000 0.01511000 -0.01727400
v 0.15800000 0.01536100 -0.01650000
v 0.15800000 0.01536100 -0.01650000
v 0.15800000 0.01536100 -0.01650000
v 0.15800000 0.02133900 -0.02134200
v 0.15800000 0.02024600 -0.01808800
v 0.15800000 0.02024600 -0.01808800
v 0.15800000 0.02024600 -0.01808800
v 0.15800000 0.01999400 -0.01886100
v 0.15800000 0.01999400 -0.01886100
v 0.15800000 0.01999400 -0.01886100
v 0.15800000 0.02024600 -0.01727400
v 0.15800000 0.02024600 -0.01727400
v 0.15800000 0.02024600 -0.01727400
v 0.15800000 0.01511000 -0.01808800
v 0.15800000 0.01511000 -0.01808800
v 0.15800000 0.01511000 -0.01808800
v 0.15800000 0.01649700 -0.01999700
v 0.15800000 0.01649700 -0.01999700
v 0.15800000 0.01649700 -0.01999700
v 0.15800000 0.01583900 -0.01951900
v 0.15800000 0.01583900 -0.01951900
v 0.15800000 0.01583900 -0.01951900
v 0.15800000 0.01951600 -0.01584200
v 0.15800000 0.01951600 -0.01584200
v 0.15800000 0.01951600 -0.01584200
v 0.15800000 0.01999400 -0.01650000
v 0.15800000 0.01999400 -0.01650000
v 0.15800000 0.01999400 -0.01650000
v 0.15800000 0.01649700 -0.01536400
v 0.15800000 0.01649700 -0.01536400
v 0.15800000 0.01649700 -0.01536400
v 0.15800000 0.01727100 -0.01511300
v 0.15800000 0.01727100 -0.01511300
v 0.15800000 0.01727100 -0.01511300
v 0.15800000 0.01583900 -0.01584200
v 0.15800000 0.01583900 -0.01584200
v 0.15800000 0.01583900 -0.01584200
v 0.15800000 0.01727100 -0.02024900
v 0.15800000 0.01727100 -0.02024900
v 0.15800000 0.01727100 -0.02024900
v 0.15800000 0.01808400 -0.02024900
v 0.15800000 0.01808400 -0.02024900
v 0.15800000 0.01808400 -0.02024900
v 0.15800000 0.01951600 -0.01951900
v 0.15800000 0.01951600 -0.01951900
v 0.15800000 0.01951600 -0.01951900
v 0.15800000 0.01885800 -0.01536400
v 0.15800000 0.01885800 -0.01536400
v 0.15800000 0.01885800 -0.01536400
v 0.15800000 0.01536100 -0.01886100
v 0.15800000 0.01536100 -0.01886100
v 0.15800000 0.01536100 -0.01886100
v 0.15800000 0.01808400 -0.01511300
v 0.15800000 0.01808400 -0.01511300
v 0.15800000 0.01808400 -0.01511300
v 0.15800000 0.01885800 -0.01999700
v 0.15800000 0.01885800 -0.01999700
v 0.15800000 0.01885800 -0.01999700
v 0.15800000 0.00883900 0.00883600
v 0.15800000 0.02133900 0.02133600
v 0.15800000 0.02024600 0.01808100
v 0.15800000 0.02024600 0.01808100
v 0.15800000 0.02024600 0.01808100
v 0.15800000 0.02024600 0.01726800
v 0.15800000 0.02024600 0.01726800
v 0.15800000 0.02024600 0.01726800
v 0.15800000 0.01951600 0.01951300
v 0.15800000 0.01951600 0.01951300
v 0.15800000 0.01951600 0.01951300
v 0.15800000 0.01999400 0.01885500
v 0.15800000 0.01999400 0.01885500
v 0.15800000 0.01999400 0.01885500
v 0.15800000 0.01999400 0.01649400
v 0.15800000 0.01999400 0.01649400
v 0.15800000 0.01999400 0.01649400
v 0.15800000 0.01808400 0.02024300
v 0.15800000 0.01808400 0.02024300
v 0.15800000 0.01808400 0.02024300
v 0.15800000 0.01885800 0.01999100
v 0.15800000 0.01885800 0.01999100
v 0.15800000 0.01885800 0.01999100
v 0.15800000 0.00883900 0.02133600
v 0.15800000 0.01727100 0.02024300
v 0.15800000 0.01727100 0.02024300
v 0.15800000 0.01727100 0.02024300
v 0.15800000 0.01583900 0.01951300
v 0.15800000 0.01583900 0.01951300
v 0.15800000 0.01583900 0.01951300
v 0.15800000 0.01649700 0.01999100
v 0.15800000 0.01649700 0.01999100
v 0.15800000 0.01649700 0.01999100
v 0.15800000 0.01536100 0.01649400
v 0.15800000 0.01536100 0.01649400
v 0.15800000 0.01536100 0.01649400
v 0.15800000 0.01511000 0.01726800
v 0.15800000 0.01511000 0.01726800
v 0.15800000 0.01511000 0.01726800
v 0.15800000 0.01583900 0.01583600
v 0.15800000 0.01583900 0.01583600
v 0.15800000 0.01583900 0.01583600
v 0.15800000 0.01727100 0.01510700
v 0.15800000 0.01727100 0.01510700
v 0.15800000 0.01727100 0.01510700
v 0.15800000 0.01649700 0.01535800
v 0.15800000 0.01649700 0.01535800
v 0.15800000 0.01649700 0.01535800
v 0.15800000 0.01951600 0.01583600
v 0.15800000 0.01951600 0.01583600
v 0.15800000 0.01951600 0.01583600
v 0.15800000 0.01536100 0.01885500
v 0.15800000 0.01536100 0.01885500
v 0.15800000 0.01536100 0.01885500
v 0.15800000 0.01511000 0.01808100
v 0.15800000 0.01511000 0.01808100
v 0.15800000 0.01511000 0.01808100
v 0.15800000 0.01885800 0.01535800
v 0.15800000 0.01885800 0.01535800
v 0.15800000 0.01885800 0.01535800
v 0.15800000 0.01808400 0.01510700
v 0.15800000 0.01808400 0.01510700
v 0.15800000 0.01808400 0.01510700
v 0.15800000 -0.00883900 -0.02955300
v 0.15800000 -0.00247300 -0.02580700
v 0.15800000 -0.00247300 -0.02580700
v 0.15800000 -0.00247300 -0.02580700
v 0.15800000 -0.00260000 -0.02500300
v 0.15800000 -0.00260000 -0.02500300
v 0.15800000 -0.00260000 -0.02500300
v 0.15800000 -0.00883900 -0.02134200
v 0.15800000 -0.00152800 -0.02710700
v 0.15800000 -0.00152800 -0.02710700
v 0.15800000 -0.00152800 -0.02710700
v 0.15800000 -0.00210300 -0.02653100
v 0.15800000 -0.00210300 -0.02653100
v 0.15800000 -0.00210300 -0.02653100
v 0.15800000 0.00883900 -0.02955300
v 0.15800000 0.00260000 -0.02500300
v 0.15800000 0.00260000 -0.02500300
v 0.15800000 0.00260000 -0.02500300
v 0.15800000 -0.00080300 -0.02253000
v 0.15800000 -0.00080300 -0.02253000
v 0.15800000 -0.00080300 -0.02253000
v 0.15800000 0.00000000 -0.02240300
v 0.15800000 0.00000000 -0.02240300
v 0.15800000 0.00000000 -0.02240300
v 0.15800000 -0.00247300 -0.02420000
v 0.15800000 -0.00247300 -0.02420000
v 0.15800000 -0.00247300 -0.02420000
v 0.15800000 -0.00210300 -0.02347500
v 0.15800000 -0.00210300 -0.02347500
v 0.15800000 -0.00210300 -0.02347500
v 0.15800000 0.00000000 -0.02760300
v 0.15800000 0.00000000 -0.02760300
v 0.15800000 0.00000000 -0.02760300
v 0.15800000 0.00247300 -0.02420000
v 0.15800000 0.00247300 -0.02420000
v 0.15800000 0.00247300 -0.02420000
v 0.15800000 0.00152800 -0.02290000
v 0.15800000 0.00152800 -0.02290000
v 0.15800000 0.00152800 -0.02290000
v 0.15800000 0.00210300 -0.02347500
v 0.15800000 0.00210300 -0.02347500
v 0.15800000 0.00210300 -0.02347500
v 0.15800000 0.00080300 -0.02253000
v 0.15800000 0.00080300 -0.02253000
v 0.15800000 0.00080300 -0.02253000
v 0.15800000 -0.00152800 -0.02290000
v 0.15800000 -0.00152800 -0.02290000
v 0.15800000 -0.00152800 -0.02290000
v 0.15800000 -0.00080300 -0.02747600
v 0.15800000 -0.00080300 -0.02747600
v 0.15800000 -0.00080300 -0.02747600
v 0.15800000 0.00247300 -0.02580700
v 0.15800000 0.00247300 -0.02580700
v 0.15800000 0.00247300 -0.02580700
v 0.15800000 0.00210300 -0.02653100
v 0.15800000 0.00210300 -0.02653100
v 0.15800000 0.00210300 -0.02653100
v 0.15800000 0.00152800 -0.02710700
v 0.15800000 0.00152800 -0.02710700
v 0.15800000 0.00152800 -0.02710700
v 0.15800000 0.00080300 -0.02747600
v 0.15800000 0.00080300 -0.02747600
v 0.15800000 0.00080300 -0.02747600
v 0.15800000 -0.00883900 -0.00884200
v 0.15800000 -0.00883900 0.00883600
v 0.15800000 -0.00883900 0.02133600
v 0.15800000 -0.02133900 -0.02134200
v 0.15800000 -0.02024600 -0.01808800
v 0.15800000 -0.02024600 -0.01808800
v 0.15800000 -0.02024600 -0.01808800
v 0.15800000 -0.02024600 -0.01727400
v 0.15800000 -0.02024600 -0.01727400
v 0.15800000 -0.02024600 -0.01727400
v 0.15800000 -0.01951600 -0.01951900
v 0.15800000 -0.01951600 -0.01951900
v 0.15800000 -0.01951600 -0.01951900
v 0.15800000 -0.01999400 -0.01886100
v 0.15800000 -0.01999400 -0.01886100
v 0.15800000 -0.01999400 -0.01886100
v 0.15800000 -0.01536100 -0.01650000
v 0.15800000 -0.01536100 -0.01650000
v 0.15800000 -0.01536100 -0.01650000
v 0.15800000 -0.01511000 -0.01727400
v 0.15800000 -0.01511000 -0.01727400
v 0.15800000 -0.01511000 -0.01727400
v 0.15800000 -0.02133900 -0.00884200
v 0.15800000 -0.01999400 -0.01650000
v 0.15800000 -0.01999400 -0.01650000
v 0.15800000 -0.01999400 -0.01650000
v 0.15800000 -0.01511000 -0.01808800
v 0.15800000 -0.01511000 -0.01808800
v 0.15800000 -0.01511000 -0.01808800
v 0.15800000 -0.01583900 -0.01584200
v 0.15800000 -0.01583900 -0.01584200
v 0.15800000 -0.01583900 -0.01584200
v 0.15800000 -0.01727100 -0.01511300
v 0.15800000 -0.01727100 -0.01511300
v 0.15800000 -0.01727100 -0.01511300
v 0.15800000 -0.01808400 -0.02024900
v 0.15800000 -0.01808400 -0.02024900
v 0.15800000 -0.01808400 -0.02024900
v 0.15800000 -0.01885800 -0.01999700
v 0.15800000 -0.01885800 -0.01999700
v 0.15800000 -0.01885800 -0.01999700
v 0.15800000 -0.01649700 -0.01536400
v 0.15800000 -0.01649700 -0.01536400
v 0.15800000 -0.01649700 -0.01536400
v 0.15800000 -0.01727100 -0.02024900
v 0.15800000 -0.01727100 -0.02024900
v 0.15800000 -0.01727100 -0.02024900
v 0.15800000 -0.01885800 -0.01536400
v 0.15800000 -0.01885800 -0.01536400
v 0.15800000 -0.01885800 -0.01536400
v 0.15800000 -0.01808400 -0.01511300
v 0.15800000 -0.01808400 -0.01511300
v 0.15800000 -0.01808400 -0.01511300
v 0.15800000 -0.01583900 -0.01951900
v 0.15800000 -0.01583900 -0.01951900
v 0.15800000 -0.01583900 -0.01951900
v 0.15800000 -0.01649700 -0.01999700
v 0.15800000 -0.01649700 -0.01999700
v 0.15800000 -0.01649700 -0.01999700
v 0.15800000 -0.01951600 -0.01584200
v 0.15800000 -0.01951600 -0.01584200
v 0.15800000 -0.01951600 -0.01584200
v 0.15800000 -0.01536100 -0.01886100
v 0.15800000 -0.01536100 -0.01886100
v 0.15800000 -0.01536100 -0.01886100
v 0.15800000 -0.02133900 0.00883600
v 0.15800000 -0.01511000 0.01726800
v 0.15800000 -0.01511000 0.01726800
v 0.15800000 -0.01511000 0.01726800
v 0.15800000 -0.01536100 0.01649400
v 0.15800000 -0.01536100 0.01649400
v 0.15800000 -0.01536100 0.01649400
v 0.15800000 -0.01511000 0.01808100
v 0.15800000 -0.01511000 0.01808100
v 0.15800000 -0.01511000 0.01808100
v 0.15800000 -0.01649700 0.01999100
v 0.15800000 -0.01649700 0.01999100
v 0.15800000 -0.01649700 0.01999100
v 0.15800000 -0.01583900 0.01951300
v 0.15800000 -0.01583900 0.01951300
v 0.15800000 -0.01583900 0.01951300
v 0.15800000 -0.02133900 0.02133600
v 0.15800000 -0.01808400 0.02024300
v 0.15800000 -0.01808400 0.02024300
v 0.15800000 -0.01808400 0.02024300
v 0.15800000 -0.01727100 0.02024300
v 0.15800000 -0.01727100 0.02024300
v 0.15800000 -0.01727100 0.02024300
v 0.15800000 -0.02024600 0.01808100
v 0.15800000 -0.02024600 0.01808100
v 0.15800000 -0.02024600 0.01808100
v 0.15800000 -0.01999400 0.01885500
v 0.15800000 -0.01999400 0.01885500
v 0.15800000 -0.01999400 0.01885500
v 0.15800000 -0.02024600 0.01726800
v 0.15800000 -0.02024600 0.01726800
v 0.15800000 -0.02024600 0.01726800
v 0.15800000 -0.01583900 0.01583600
v 0.15800000 -0.01583900 0.01583600
v 0.15800000 -0.01583900 0.01583600
v 0.15800000 -0.01885800 0.01999100
v 0.15800000 -0.01885800 0.01999100
v 0.15800000 -0.01885800 0.01999100
v 0.15800000 -0.01536100 0.01885500
v 0.15800000 -0.01536100 0.01885500
v 0.15800000 -0.01536100 0.01885500
v 0.15800000 -0.01951600 0.01951300
v 0.15800000 -0.01951600 0.01951300
v 0.15800000 -0.01951600 0.01951300
v 0.15800000 -0.01951600 0.01583600
v 0.15800000 -0.01951600 0.01583600
v 0.15800000 -0.01951600 0.01583600
v 0.15800000 -0.01999400 0.01649400
v 0.15800000 -0.01999400 0.01649400
v 0.15800000 -0.01999400 0.01649400
v 0.15800000 -0.01649700 0.01535800
v 0.15800000 -0.01649700 0.01535800
v 0.15800000 -0.01649700 0.01535800
v 0.15800000 -0.01727100 0.01510700
v 0.15800000 -0.01727100 0.01510700
v 0.15800000 -0.01727100 0.01510700
v 0.15800000 -0.01885800 0.01535800
v 0.15800000 -0.01885800 0.01535800
v 0.15800000 -0.01885800 0.01535800
v 0.15800000 -0.01808400 0.01510700
v 0.15800000 -0.01808400 0.01510700
v 0.15800000 -0.01808400 0.01510700
v 0.15800000 0.00247300 0.02580000
v 0.15800000 0.00247300 0.02580000
v 0.15800000 0.00247300 0.02580000
v 0.15800000 0.00260000 0.02499700
v 0.15800000 0.00260000 0.02499700
v 0.15800000 0.00260000 0.02499700
v 0.15800000 0.00210300 0.02652500
v 0.15800000 0.00210300 0.02652500
v 0.15800000 0.00210300 0.02652500
v 0.15800000 0.00152800 0.02710000
v 0.15800000 0.00152800 0.02710000
v 0.15800000 0.00152800 0.02710000
v 0.15800000 0.00000000 0.02759700
v 0.15800000 0.00000000 0.02759700
v 0.15800000 0.00000000 0.02759700
v 0.15800000 0.00080300 0.02747000
v 0.15800000 0.00080300 0.02747000
v 0.15800000 0.00080300 0.02747000
v 0.15800000 -0.00080300 0.02747000
v 0.15800000 -0.00080300 0.02747000
v 0.15800000 -0.00080300 0.02747000
v 0.15800000 -0.00210300 0.02652500
v 0.15800000 -0.00210300 0.02652500
v 0.15800000 -0.00210300 0.02652500
v 0.15800000 -0.00152800 0.02710000
v 0.15800000 -0.00152800 0.02710000
v 0.15800000 -0.00152800 0.02710000
v 0.15800000 -0.00247300 0.02580000
v 0.15800000 -0.00247300 0.02580000
v 0.15800000 -0.00247300 0.02580000
v 0.15800000 -0.00260000 0.02499700
v 0.15800000 -0.00260000 0.02499700
v 0.15800000 -0.00260000 0.02499700
v 0.15800000 0.00247300 0.02419300
v 0.15800000 0.00247300 0.02419300
v 0.15800000 0.00247300 0.02419300
v 0.15800000 0.00210300 0.02346900
v 0.15800000 0.00210300 0.02346900
v 0.15800000 0.00210300 0.02346900
v 0.15800000 -0.00247300 0.02419300
v 0.15800000 -0.00247300 0.02419300
v 0.15800000 -0.00247300 0.02419300
v 0.15800000 0.00080300 0.02252400
v 0.15800000 0.00080300 0.02252400
v 0.15800000 0.00080300 0.02252400
v 0.15800000 0.00000000 0.02239700
v 0.15800000 0.00000000 0.02239700
v 0.15800000 0.00000000 0.02239700
v 0.15800000 -0.00152800 0.02289300
v 0.15800000 -0.00152800 0.02289300
v 0.15800000 -0.00152800 0.02289300
v 0.15800000 -0.00210300 0.02346900
v 0.15800000 -0.00210300 0.02346900
v 0.15800000 -0.00210300 0.02346900
v 0.15800000 0.00152800 0.02289300
v 0.15800000 0.00152800 0.02289300
v 0.15800000 0.00152800 0.02289300
v 0.15800000 -0.00080300 0.02252400
v 0.15800000 -0.00080300 0.02252400
v 0.15800000 -0.00080300 0.02252400
v 0.15800000 -0.02652800 0.00210000
v 0.15800000 -0.02652800 0.00210000
v 0.15800000 -0.02652800 0.00210000
v 0.15800000 -0.02747300 0.00080000
v 0.15800000 -0.02747300 0.00080000
v 0.15800000 -0.02747300 0.00080000
v 0.15800000 -0.02747300 -0.00080700
v 0.15800000 -0.02747300 -0.00080700
v 0.15800000 -0.02747300 -0.00080700
v 0.15800000 -0.02760000 -0.00000300
v 0.15800000 -0.02760000 -0.00000300
v 0.15800000 -0.02760000 -0.00000300
v 0.15800000 -0.02252700 0.00080000
v 0.15800000 -0.02252700 0.00080000
v 0.15800000 -0.02252700 0.00080000
v 0.15800000 -0.02240000 -0.00000300
v 0.15800000 -0.02240000 -0.00000300
v 0.15800000 -0.02240000 -0.00000300
v 0.15800000 -0.02710300 0.00152500
v 0.15800000 -0.02710300 0.00152500
v 0.15800000 -0.02710300 0.00152500
v 0.15800000 -0.02652800 -0.00210700
v 0.15800000 -0.02652800 -0.00210700
v 0.15800000 -0.02652800 -0.00210700
v 0.15800000 -0.02710300 -0.00153100
v 0.15800000 -0.02710300 -0.00153100
v 0.15800000 -0.02710300 -0.00153100
v 0.15800000 -0.02252700 -0.00080700
v 0.15800000 -0.02252700 -0.00080700
v 0.15800000 -0.02252700 -0.00080700
v 0.15800000 -0.02289700 -0.00153100
v 0.15800000 -0.02289700 -0.00153100
v 0.15800000 -0.02289700 -0.00153100
v 0.15800000 -0.02580300 0.00247000
v 0.15800000 -0.02580300 0.00247000
v 0.15800000 -0.02580300 0.00247000
v 0.15800000 -0.02500000 0.00259700
v 0.15800000 -0.02500000 0.00259700
v 0.15800000 -0.02500000 0.00259700
v 0.15800000 -0.02580300 -0.00247600
v 0.15800000 -0.02580300 -0.00247600
v 0.15800000 -0.02580300 -0.00247600
v 0.15800000 -0.02500000 -0.00260300
v 0.15800000 -0.02500000 -0.00260300
v 0.15800000 -0.02500000 -0.00260300
v 0.15800000 -0.02347200 0.00210000
v 0.15800000 -0.02347200 0.00210000
v 0.15800000 -0.02347200 0.00210000
v 0.15800000 -0.02289700 0.00152500
v 0.15800000 -0.02289700 0.00152500
v 0.15800000 -0.02289700 0.00152500
v 0.15800000 -0.02419700 0.00247000
v 0.15800000 -0.02419700 0.00247000
v 0.15800000 -0.02419700 0.00247000
v 0.15800000 -0.02347200 -0.00210700
v 0.15800000 -0.02347200 -0.00210700
v 0.15800000 -0.02347200 -0.00210700
v 0.15800000 -0.02419700 -0.00247600
v 0.15800000 -0.02419700 -0.00247600
v 0.15800000 -0.02419700 -0.00247600
v 0.14800000 0.02580300 -0.00247600
v 0.14800000 0.02580300 -0.00247600
v 0.14800000 0.02580300 -0.00247600
v 0.14800000 0.02580300 -0.00247600
v 0.14800000 0.02500000 -0.00260300
v 0.14800000 0.02500000 -0.00260300
v 0.14800000 0.02500000 -0.00260300
v 0.14800000 0.02652800 -0.00210700
v 0.14800000 0.02652800 -0.00210700
v 0.14800000 0.02652800 -0.00210700
v 0.14800000 0.02652800 -0.00210700
v 0.14800000 0.02710300 -0.00153100
v 0.14800000 0.02710300 -0.00153100
v 0.14800000 0.02710300 -0.00153100
v 0.14800000 0.02747300 -0.00080700
v 0.14800000 0.02747300 -0.00080700
v 0.14800000 0.02747300 -0.00080700
v 0.14800000 0.02760000 -0.00000300
v 0.14800000 0.02760000 -0.00000300
v 0.14800000 0.02760000 -0.00000300
v 0.14800000 0.02747300 0.00080000
v 0.14800000 0.02747300 0.00080000
v 0.14800000 0.02747300 0.00080000
v 0.14800000 0.02710300 0.00152500
v 0.14800000 0.02710300 0.00152500
v 0.14800000 0.02710300 0.00152500
v 0.14800000 0.02652800 0.00210000
v 0.14800000 0.02652800 0.00210000
v 0.14800000 0.02652800 0.00210000
v 0.14800000 0.02580300 0.00247000
v 0.14800000 0.02580300 0.00247000
v 0.14800000 0.02580300 0.00247000
v 0.14800000 0.02580300 0.00247000
v 0.14800000 0.02580300 0.00247000
v 0.14800000 0.02500000 0.00259700
v 0.14800000 0.02500000 0.00259700
v 0.14800000 0.02500000 0.00259700
v 0.14800000 0.02500000 0.00259700
v 0.14800000 0.02419700 0.00247000
v 0.14800000 0.02419700 0.00247000
v 0.14800000 0.02419700 0.00247000
v 0.14800000 0.02419700 0.00247000
v 0.14800000 0.02347200 0.00210000
v 0.14800000 0.02347200 0.00210000
v 0.14800000 0.02347200 0.00210000
v 0.14800000 0.02347200 0.00210000
v 0.14800000 0.02289700 0.00152500
v 0.14800000 0.02289700 0.00152500
v 0.14800000 0.02289700 0.00152500
v 0.14800000 0.02252700 0.00080000
v 0.14800000 0.02252700 0.00080000
v 0.14800000 0.02252700 0.00080000
v 0.14800000 0.02240000 -0.00000300
v 0.14800000 0.02240000 -0.00000300
v 0.14800000 0.02240000 -0.00000300
v 0.14800000 0.02252700 -0.00080700
v 0.14800000 0.02252700 -0.00080700
v 0.14800000 0.02252700 -0.00080700
v 0.14800000 0.02289700 -0.00153100
v 0.14800000 0.02289700 -0.00153100
v 0.14800000 0.02289700 -0.00153100
v 0.14800000 0.02347200 -0.00210700
v 0.14800000 0.02347200 -0.00210700
v 0.14800000 0.02347200 -0.00210700
v 0.14800000 0.02419700 -0.00247600
v 0.14800000 0.02419700 -0.00247600
v 0.14800000 0.02419700 -0.00247600
v 0.14800000 0.02419700 -0.00247600
v 0.14800000 0.01999400 0.01649400
v 0.14800000 0.01999400 0.01649400
v 0.14800000 0.01999400 0.01649400
v 0.14800000 0.01951600 0.01583600
v 0.14800000 0.01951600 0.01583600
v 0.14800000 0.01951600 0.01583600
v 0.14800000 0.02024600 0.01726800
v 0.14800000 0.02024600 0.01726800
v 0.14800000 0.02024600 0.01726800
v 0.14800000 0.02024600 0.01808100
v 0.14800000 0.02024600 0.01808100
v 0.14800000 0.02024600 0.01808100
v 0.14800000 0.01999400 0.01885500
v 0.14800000 0.01999400 0.01885500
v 0.14800000 0.01999400 0.01885500
v 0.14800000 0.01951600 0.01951300
v 0.14800000 0.01951600 0.01951300
v 0.14800000 0.01951600 0.01951300
v 0.14800000 0.01885800 0.01999100
v 0.14800000 0.01885800 0.01999100
v 0.14800000 0.01885800 0.01999100
v 0.14800000 0.01808400 0.02024300
v 0.14800000 0.01808400 0.02024300
v 0.14800000 0.01808400 0.02024300
v 0.14800000 0.01727100 0.02024300
v 0.14800000 0.01727100 0.02024300
v 0.14800000 0.01727100 0.02024300
v 0.14800000 0.01649700 0.01999100
v 0.14800000 0.01649700 0.01999100
v 0.14800000 0.01649700 0.01999100
v 0.14800000 0.01583900 0.01951300
v 0.14800000 0.01583900 0.01951300
v 0.14800000 0.01583900 0.01951300
v 0.14800000 0.01536100 0.01885500
v 0.14800000 0.01536100 0.01885500
v 0.14800000 0.01536100 0.01885500
v 0.14800000 0.01511000 0.01808100
v 0.14800000 0.01511000 0.01808100
v 0.14800000 0.01511000 0.01808100
v 0.14800000 0.01511000 0.01726800
v 0.14800000 0.01511000 0.01726800
v 0.14800000 0.01511000 0.01726800
v 0.14800000 0.01536100 0.01649400
v 0.14800000 0.01536100 0.01649400
v 0.14800000 0.01536100 0.01649400
v 0.14800000 0.01583900 0.01583600
v 0.14800000 0.01583900 0.01583600
v 0.14800000 0.01583900 0.01583600
v 0.14800000 0.01649700 0.01535800
v 0.14800000 0.01649700 0.01535800
v 0.14800000 0.01649700 0.01535800
v 0.14800000 0.01727100 0.01510700
v 0.14800000 0.01727100 0.01510700
v 0.14800000 0.01727100 0.01510700
v 0.14800000 0.01808400 0.01510700
v 0.14800000 0.01808400 0.01510700
v 0.14800000 0.01808400 0.01510700
v 0.14800000 0.01885800 0.01535800
v 0.14800000 0.01885800 0.01535800
v 0.14800000 0.01885800 0.01535800
v 0.14800000 0.00247300 0.02580000
v 0.14800000 0.00247300 0.02580000
v 0.14800000 0.00247300 0.02580000
v 0.14800000 0.00260000 0.02499700
v 0.14800000 0.00260000 0.02499700
v 0.14800000 0.00260000 0.02499700
v 0.14800000 0.00210300 0.02652500
v 0.14800000 0.00210300 0.02652500
v 0.14800000 0.00210300 0.02652500
v 0.14800000 0.00152800 0.02710000
v 0.14800000 0.00152800 0.02710000
v 0.14800000 0.00152800 0.02710000
v 0.14800000 0.00080300 0.02747000
v 0.14800000 0.00080300 0.02747000
v 0.14800000 0.00080300 0.02747000
v 0.14800000 0.00080300 0.02747000
v 0.14800000 0.00080300 0.02747000
v 0.14800000 0.00000000 0.02759700
v 0.14800000 0.00000000 0.02759700
v 0.14800000 0.00000000 0.02759700
v 0.14800000 0.00000000 0.02759700
v 0.14800000 -0.00080300 0.02747000
v 0.14800000 -0.00080300 0.02747000
v 0.14800000 -0.00080300 0.02747000
v 0.14800000 -0.00080300 0.02747000
v 0.14800000 -0.00152800 0.02710000
v 0.14800000 -0.00152800 0.02710000
v 0.14800000 -0.00152800 0.02710000
v 0.14800000 -0.00152800 0.02710000
v 0.14800000 -0.00210300 0.02652500
v 0.14800000 -0.00210300 0.02652500
v 0.14800000 -0.00210300 0.02652500
v 0.14800000 -0.00247300 0.02580000
v 0.14800000 -0.00247300 0.02580000
v 0.14800000 -0.00247300 0.02580000
v 0.14800000 -0.00260000 0.02499700
v 0.14800000 -0.00260000 0.02499700
v 0.14800000 -0.00260000 0.02499700
v 0.14800000 -0.00247300 0.02419300
v 0.14800000 -0.00247300 0.02419300
v 0.14800000 -0.00247300 0.02419300
v 0.14800000 -0.00210300 0.02346900
v 0.14800000 -0.00210300 0.02346900
v 0.14800000 -0.00210300 0.02346900
v 0.14800000 -0.00152800 0.02289300
v 0.14800000 -0.00152800 0.02289300
v 0.14800000 -0.00152800 0.02289300
v 0.14800000 -0.00080300 0.02252400
v 0.14800000 -0.00080300 0.02252400
v 0.14800000 -0.00080300 0.02252400
v 0.14800000 -0.00080300 0.02252400
v 0.14800000 0.00000000 0.02239700
v 0.14800000 0.00000000 0.02239700
v 0.14800000 0.00000000 0.02239700
v 0.14800000 0.00080300 0.02252400
v 0.14800000 0.00080300 0.02252400
v 0.14800000 0.00080300 0.02252400
v 0.14800000 0.00080300 0.02252400
v 0.14800000 0.00152800 0.02289300
v 0.14800000 0.00152800 0.02289300
v 0.14800000 0.00152800 0.02289300
v 0.14800000 0.00152800 0.02289300
v 0.14800000 0.00210300 0.02346900
v 0.14800000 0.00210300 0.02346900
v 0.14800000 0.00210300 0.02346900
v 0.14800000 0.00247300 0.02419300
v 0.14800000 0.00247300 0.02419300
v 0.14800000 0.00247300 0.02419300
v 0.14800000 -0.01649700 0.01999100
v 0.14800000 -0.01649700 0.01999100
v 0.14800000 -0.01649700 0.01999100
v 0.14800000 -0.01583900 0.01951300
v 0.14800000 -0.01583900 0.01951300
v 0.14800000 -0.01583900 0.01951300
v 0.14800000 -0.01727100 0.02024300
v 0.14800000 -0.01727100 0.02024300
v 0.14800000 -0.01727100 0.02024300
v 0.14800000 -0.01808400 0.02024300
v 0.14800000 -0.01808400 0.02024300
v 0.14800000 -0.01808400 0.02024300
v 0.14800000 -0.01885800 0.01999100
v 0.14800000 -0.01885800 0.01999100
v 0.14800000 -0.01885800 0.01999100
v 0.14800000 -0.01951600 0.01951300
v 0.14800000 -0.01951600 0.01951300
v 0.14800000 -0.01951600 0.01951300
v 0.14800000 -0.01999400 0.01885500
v 0.14800000 -0.01999400 0.01885500
v 0.14800000 -0.01999400 0.01885500
v 0.14800000 -0.02024600 0.01808100
v 0.14800000 -0.02024600 0.01808100
v 0.14800000 -0.02024600 0.01808100
v 0.14800000 -0.02024600 0.01726800
v 0.14800000 -0.02024600 0.01726800
v 0.14800000 -0.02024600 0.01726800
v 0.14800000 -0.01999400 0.01649400
v 0.14800000 -0.01999400 0.01649400
v 0.14800000 -0.01999400 0.01649400
v 0.14800000 -0.01951600 0.01583600
v 0.14800000 -0.01951600 0.01583600
v 0.14800000 -0.01951600 0.01583600
v 0.14800000 -0.01885800 0.01535800
v 0.14800000 -0.01885800 0.01535800
v 0.14800000 -0.01885800 0.01535800
v 0.14800000 -0.01808400 0.01510700
v 0.14800000 -0.01808400 0.01510700
v 0.14800000 -0.01808400 0.01510700
v 0.14800000 -0.01727100 0.01510700
v 0.14800000 -0.01727100 0.01510700
v 0.14800000 -0.01727100 0.01510700
v 0.14800000 -0.01649700 0.01535800
v 0.14800000 -0.01649700 0.01535800
v 0.14800000 -0.01649700 0.01535800
v 0.14800000 -0.01583900 0.01583600
v 0.14800000 -0.01583900 0.01583600
v 0.14800000 -0.01583900 0.01583600
v 0.14800000 -0.01536100 0.01649400
v 0.14800000 -0.01536100 0.01649400
v 0.14800000 -0.01536100 0.01649400
v 0.14800000 -0.01511000 0.01726800
v 0.14800000 -0.01511000 0.01726800
v 0.14800000 -0.01511000 0.01726800
v 0.14800000 -0.01511000 0.01808100
v 0.14800000 -0.01511000 0.01808100
v 0.14800000 -0.01511000 0.01808100
v 0.14800000 -0.01536100 0.01885500
v 0.14800000 -0.01536100 0.01885500
v 0.14800000 -0.01536100 0.01885500
v 0.14800000 -0.02580300 0.00247000
v 0.14800000 -0.02580300 0.00247000
v 0.14800000 -0.02580300 0.00247000
v 0.14800000 -0.02580300 0.00247000
v 0.14800000 -0.02500000 0.00259700
v 0.14800000 -0.02500000 0.00259700
v 0.14800000 -0.02500000 0.00259700
v 0.14800000 -0.02500000 0.00259700
v 0.14800000 -0.02652800 0.00210000
v 0.14800000 -0.02652800 0.00210000
v 0.14800000 -0.02652800 0.00210000
v 0.14800000 -0.02652800 0.00210000
v 0.14800000 -0.02710300 0.00152500
v 0.14800000 -0.02710300 0.00152500
v 0.14800000 -0.02710300 0.00152500
v 0.14800000 -0.02747300 0.00080000
v 0.14800000 -0.02747300 0.00080000
v 0.14800000 -0.02747300 0.00080000
v 0.14800000 -0.02760000 -0.00000300
v 0.14800000 -0.02760000 -0.00000300
v 0.14800000 -0.02760000 -0.00000300
v 0.14800000 -0.02747300 -0.00080700
v 0.14800000 -0.02747300 -0.00080700
v 0.14800000 -0.02747300 -0.00080700
v 0.14800000 -0.02710300 -0.00153100
v 0.14800000 -0.02710300 -0.00153100
v 0.14800000 -0.02710300 -0.00153100
v 0.14800000 -0.02652800 -0.00210700
v 0.14800000 -0.02652800 -0.00210700
v 0.14800000 -0.02652800 -0.00210700
v 0.14800000 -0.02580300 -0.00247600
v 0.14800000 -0.02580300 -0.00247600
v 0.14800000 -0.02580300 -0.00247600
v 0.14800000 -0.02580300 -0.00247600
v 0.14800000 -0.02500000 -0.00260300
v 0.14800000 -0.02500000 -0.00260300
v 0.14800000 -0.02500000 -0.00260300
v 0.14800000 -0.02419700 -0.00247600
v 0.14800000 -0.02419700 -0.00247600
v 0.14800000 -0.02419700 -0.00247600
v 0.14800000 -0.02419700 -0.00247600
v 0.14800000 -0.02347200 -0.00210700
v 0.14800000 -0.02347200 -0.00210700
v 0.14800000 -0.02347200 -0.00210700
v 0.14800000 -0.02347200 -0.00210700
v 0.14800000 -0.02289700 -0.00153100
v 0.14800000 -0.02289700 -0.00153100
v 0.14800000 -0.02289700 -0.00153100
v 0.14800000 -0.02252700 -0.00080700
v 0.14800000 -0.02252700 -0.00080700
v 0.14800000 -0.02252700 -0.00080700
v 0.14800000 -0.02240000 -0.00000300
v 0.14800000 -0.02240000 -0.00000300
v 0.14800000 -0.02240000 -0.00000300
v 0.14800000 -0.02252700 0.00080000
v 0.14800000 -0.02252700 0.00080000
v 0.14800000 -0.02252700 0.00080000
v 0.14800000 -0.02289700 0.00152500
v 0.14800000 -0.02289700 0.00152500
v 0.14800000 -0.02289700 0.00152500
v 0.14800000 -0.02347200 0.00210000
v 0.14800000 -0.02347200 0.00210000
v 0.14800000 -0.02347200 0.00210000
v 0.14800000 -0.02419700 0.00247000
v 0.14800000 -0.02419700 0.00247000
v 0.14800000 -0.02419700 0.00247000
v 0.14800000 -0.02419700 0.00247000
v 0.14800000 -0.02419700 0.00247000
v 0.14800000 -0.01999400 -0.01650000
v 0.14800000 -0.01999400 -0.01650000
v 0.14800000 -0.01999400 -0.01650000
v 0.14800000 -0.01951600 -0.01584200
v 0.14800000 -0.01951600 -0.01584200
v 0.14800000 -0.01951600 -0.01584200
v 0.14800000 -0.02024600 -0.01727400
v 0.14800000 -0.02024600 -0.01727400
v 0.14800000 -0.02024600 -0.01727400
v 0.14800000 -0.02024600 -0.01808800
v 0.14800000 -0.02024600 -0.01808800
v 0.14800000 -0.02024600 -0.01808800
v 0.14800000 -0.01999400 -0.01886100
v 0.14800000 -0.01999400 -0.01886100
v 0.14800000 -0.01999400 -0.01886100
v 0.14800000 -0.01951600 -0.01951900
v 0.14800000 -0.01951600 -0.01951900
v 0.14800000 -0.01951600 -0.01951900
v 0.14800000 -0.01885800 -0.01999700
v 0.14800000 -0.01885800 -0.01999700
v 0.14800000 -0.01885800 -0.01999700
v 0.14800000 -0.01808400 -0.02024900
v 0.14800000 -0.01808400 -0.02024900
v 0.14800000 -0.01808400 -0.02024900
v 0.14800000 -0.01727100 -0.02024900
v 0.14800000 -0.01727100 -0.02024900
v 0.14800000 -0.01727100 -0.02024900
v 0.14800000 -0.01649700 -0.01999700
v 0.14800000 -0.01649700 -0.01999700
v 0.14800000 -0.01649700 -0.01999700
v 0.14800000 -0.01583900 -0.01951900
v 0.14800000 -0.01583900 -0.01951900
v 0.14800000 -0.01583900 -0.01951900
v 0.14800000 -0.01536100 -0.01886100
v 0.14800000 -0.01536100 -0.01886100
v 0.14800000 -0.01536100 -0.01886100
v 0.14800000 -0.01511000 -0.01808800
v 0.14800000 -0.01511000 -0.01808800
v 0.14800000 -0.01511000 -0.01808800
v 0.14800000 -0.01511000 -0.01727400
v 0.14800000 -0.01511000 -0.01727400
v 0.14800000 -0.01511000 -0.01727400
v 0.14800000 -0.01536100 -0.01650000
v 0.14800000 -0.01536100 -0.01650000
v 0.14800000 -0.01536100 -0.01650000
v 0.14800000 -0.01583900 -0.01584200
v 0.14800000 -0.01583900 -0.01584200
v 0.14800000 -0.01583900 -0.01584200
v 0.14800000 -0.01649700 -0.01536400
v 0.14800000 -0.01649700 -0.01536400
v 0.14800000 -0.01649700 -0.01536400
v 0.14800000 -0.01727100 -0.01511300
v 0.14800000 -0.01727100 -0.01511300
v 0.14800000 -0.01727100 -0.01511300
v 0.14800000 -0.01808400 -0.01511300
v 0.14800000 -0.01808400 -0.01511300
v 0.14800000 -0.01808400 -0.01511300
v 0.14800000 -0.01885800 -0.01536400
v 0.14800000 -0.01885800 -0.01536400
v 0.14800000 -0.01885800 -0.01536400
v 0.14800000 -0.00247300 -0.02580700
v 0.14800000 -0.00247300 -0.02580700
v 0.14800000 -0.00247300 -0.02580700
v 0.14800000 -0.00260000 -0.02500300
v 0.14800000 -0.00260000 -0.02500300
v 0.14800000 -0.00260000 -0.02500300
v 0.14800000 -0.00210300 -0.02653100
v 0.14800000 -0.00210300 -0.02653100
v 0.14800000 -0.00210300 -0.02653100
v 0.14800000 -0.00152800 -0.02710700
v 0.14800000 -0.00152800 -0.02710700
v 0.14800000 -0.00152800 -0.02710700
v 0.14800000 -0.00080300 -0.02747600
v 0.14800000 -0.00080300 -0.02747600
v 0.14800000 -0.00080300 -0.02747600
v 0.14800000 -0.00080300 -0.02747600
v 0.14800000 0.00000000 -0.02760300
v 0.14800000 0.00000000 -0.02760300
v 0.14800000 0.00000000 -0.02760300
v 0.14800000 0.00080300 -0.02747600
v 0.14800000 0.00080300 -0.02747600
v 0.14800000 0.00080300 -0.02747600
v 0.14800000 0.00080300 -0.02747600
v 0.14800000 0.00152800 -0.02710700
v 0.14800000 0.00152800 -0.02710700
v 0.14800000 0.00152800 -0.02710700
v 0.14800000 0.00152800 -0.02710700
v 0.14800000 0.00210300 -0.02653100
v 0.14800000 0.00210300 -0.02653100
v 0.14800000 0.00210300 -0.02653100
v 0.14800000 0.00247300 -0.02580700
v 0.14800000 0.00247300 -0.02580700
v 0.14800000 0.00247300 -0.02580700
v 0.14800000 0.00260000 -0.02500300
v 0.14800000 0.00260000 -0.02500300
v 0.14800000 0.00260000 -0.02500300
v 0.14800000 0.00247300 -0.02420000
v 0.14800000 0.00247300 -0.02420000
v 0.14800000 0.00247300 -0.02420000
v 0.14800000 0.00210300 -0.02347500
v 0.14800000 0.00210300 -0.02347500
v 0.14800000 0.00210300 -0.02347500
v 0.14800000 0.00152800 -0.02290000
v 0.14800000 0.00152800 -0.02290000
v 0.14800000 0.00152800 -0.02290000
v 0.14800000 0.00080300 -0.02253000
v 0.14800000 0.00080300 -0.02253000
v 0.14800000 0.00080300 -0.02253000
v 0.14800000 0.00080300 -0.02253000
v 0.14800000 0.00080300 -0.02253000
v 0.14800000 0.00000000 -0.02240300
v 0.14800000 0.00000000 -0.02240300
v 0.14800000 0.00000000 -0.02240300
v 0.14800000 0.00000000 -0.02240300
v 0.14800000 -0.00080300 -0.02253000
v 0.14800000 -0.00080300 -0.02253000
v 0.14800000 -0.00080300 -0.02253000
v 0.14800000 -0.00080300 -0.02253000
v 0.14800000 -0.00152800 -0.02290000
v 0.14800000 -0.00152800 -0.02290000
v 0.14800000 -0.00152800 -0.02290000
v 0.14800000 -0.00152800 -0.02290000
v 0.14800000 -0.00210300 -0.02347500
v 0.14800000 -0.00210300 -0.02347500
v 0.14800000 -0.00210300 -0.02347500
v 0.14800000 -0.00247300 -0.02420000
v 0.14800000 -0.00247300 -0.02420000
v 0.14800000 -0.00247300 -0.02420000
v 0.14800000 0.01649700 -0.01999700
v 0.14800000 0.01649700 -0.01999700
v 0.14800000 0.01649700 -0.01999700
v 0.14800000 0.01583900 -0.01951900
v 0.14800000 0.01583900 -0.01951900
v 0.14800000 0.01583900 -0.01951900
v 0.14800000 0.01727100 -0.02024900
v 0.14800000 0.01727100 -0.02024900
v 0.14800000 0.01727100 -0.02024900
v 0.14800000 0.01808400 -0.02024900
v 0.14800000 0.01808400 -0.02024900
v 0.14800000 0.01808400 -0.02024900
v 0.14800000 0.01885800 -0.01999700
v 0.14800000 0.01885800 -0.01999700
v 0.14800000 0.01885800 -0.01999700
v 0.14800000 0.01951600 -0.01951900
v 0.14800000 0.01951600 -0.01951900
v 0.14800000 0.01951600 -0.01951900
v 0.14800000 0.01999400 -0.01886100
v 0.14800000 0.01999400 -0.01886100
v 0.14800000 0.01999400 -0.01886100
v 0.14800000 0.02024600 -0.01808800
v 0.14800000 0.02024600 -0.01808800
v 0.14800000 0.02024600 -0.01808800
v 0.14800000 0.02024600 -0.01727400
v 0.14800000 0.02024600 -0.01727400
v 0.14800000 0.02024600 -0.01727400
v 0.14800000 0.01999400 -0.01650000
v 0.14800000 0.01999400 -0.01650000
v 0.14800000 0.01999400 -0.01650000
v 0.14800000 0.01951600 -0.01584200
v 0.14800000 0.01951600 -0.01584200
v 0.14800000 0.01951600 -0.01584200
v 0.14800000 0.01885800 -0.01536400
v 0.14800000 0.01885800 -0.01536400
v 0.14800000 0.01885800 -0.01536400
v 0.14800000 0.01808400 -0.01511300
v 0.14800000 0.01808400 -0.01511300
v 0.14800000 0.01808400 -0.01511300
v 0.14800000 0.01727100 -0.01511300
v 0.14800000 0.01727100 -0.01511300
v 0.14800000 0.01727100 -0.01511300
v 0.14800000 0.01649700 -0.01536400
v 0.14800000 0.01649700 -0.01536400
v 0.14800000 0.01649700 -0.01536400
v 0.14800000 0.01583900 -0.01584200
v 0.14800000 0.01583900 -0.01584200
v 0.14800000 0.01583900 -0.01584200
v 0.14800000 0.01536100 -0.01650000
v 0.14800000 0.01536100 -0.01650000
v 0.14800000 0.01536100 -0.01650000
v 0.14800000 0.01511000 -0.01727400
v 0.14800000 0.01511000 -0.01727400
v 0.14800000 0.01511000 -0.01727400
v 0.14800000 0.01511000 -0.01808800
v 0.14800000 0.01511000 -0.01808800
v 0.14800000 0.01511000 -0.01808800
v 0.14800000 0.01536100 -0.01886100
v 0.14800000 0.01536100 -0.01886100
v 0.14800000 0.01536100 -0.01886100
vn -1.00000000 -0.00010000 -0.00000000
vn -1.00000000 0.00010000 -0.00000000
vn -0.00000000 0.92980000 0.36820000
vn -0.00000000 0.87630000 0.48170000
vn -1.00000000 -0.00000000 -0.00000000
vn -0.00000000 0.99210000 -0.12530000
vn -1.00000000 0.00010000 -0.00000000
vn -1.00000000 -0.00010000 -0.00000000
vn -0.00000000 1.00000000 -0.00000000
vn -0.00000000 0.99210000 -0.12530000
vn -0.00000000 0.96860000 -0.24870000
vn -1.00000000 -0.00010000 -0.00000000
vn -1.00000000 -0.00000000 -0.00000000
vn -0.00000000 0.96860000 -0.24870000
vn -1.00000000 -0.00000000 -0.00000000
vn -0.00000000 0.92980000 -0.36810000
vn -0.00000000 0.87630000 -0.48180000
vn -0.00000000 0.92980000 -0.36810000
vn -1.00000000 -0.00000000 -0.00000000
vn -0.00000000 1.00000000 -0.00000000
vn -1.00000000 -0.00000000 -0.00000000
vn -1.00000000 0.00010000 -0.00000000
vn -0.00000000 0.99210000 0.12530000
vn -1.00000000 -0.00000000 -0.00000000
vn -0.00000000 0.92980000 0.36820000
vn -0.00000000 0.96860000 0.24870000
vn -1.00000000 -0.00000000 -0.00000000
vn -1.00000000 -0.00020000 -0.00000000
vn -0.00000000 -0.96860000 0.24870000
vn -0.00000000 -0.92980000 0.36820000
vn -0.00000000 -0.92980000 0.36820000
vn -1.00000000 -0.00000000 -0.00000000
vn -0.00000000 -0.87630000 0.48170000
vn -0.00000000 -0.87630000 0.48170000
vn -1.00000000 -0.00000000 -0.00000000
vn -0.00000000 -0.80900000 0.58780000
vn -1.00000000 -0.00020000 -0.00000000
vn -1.00000000 -0.00000000 -0.00000000
vn -0.00000000 -0.80900000 0.58780000
vn -1.00000000 0.00010000 -0.00000000
vn -0.00000000 -0.72900000 0.68450000
vn -0.00000000 -1.00000000 -0.00000000
vn -1.00000000 -0.00000000 -0.00000000
vn -0.00000000 -0.99210000 -0.12530000
vn -1.00000000 -0.00000000 -0.00000000
vn -1.00000000 0.00010000 -0.00000000
vn -0.00000000 -0.99210000 0.12530000
vn -0.00000000 -1.00000000 -0.00000000
vn -0.00000000 -0.87630000 -0.48180000
vn -0.00000000 -0.80910000 -0.58770000
vn -1.00000000 -0.00000000 -0.00000000
vn -1.00000000 0.00010000 -0.00000000
vn -0.00000000 -0.87630000 -0.48180000
vn -0.00000000 -0.92980000 -0.36810000
vn -1.00000000 -0.00000000 -0.00000000
vn -1.00000000 -0.00000000 -0.00000000
vn -0.00000000 0.80910000 -0.58770000
vn -0.00000000 0.87630000 -0.48180000
vn -0.00000000 0.96860000 0.24870000
vn -1.00000000 -0.00000000 -0.00000000
vn -0.00000000 0.99210000 0.12530000
vn -0.00000000 -0.18740000 -0.98230000
vn -0.00000000 -0.30910000 -0.95100000
vn -1.00000000 -0.00000000 -0.00000000
vn -0.00000000 -0.53580000 0.84430000
vn -0.00000000 -0.42570000 0.90490000
vn -1.00000000 -0.00000000 -0.00000000
vn -0.00000000 -0.30910000 0.95100000
vn -0.00000000 -0.42570000 0.90490000
vn -1.00000000 -0.00000000 -0.00000000
vn -1.00000000 -0.00020000 -0.00000000
vn -0.00000000 -0.96860000 0.24870000
vn -0.00000000 -0.99210000 0.12530000
vn -1.00000000 0.00010000 -0.00000000
vn -0.00000000 -0.99210000 -0.12530000
vn -0.00000000 -0.96860000 -0.24870000
vn -1.00000000 -0.00000000 -0.00000000
vn -0.00000000 -0.80910000 -0.58770000
vn -0.00000000 -0.72900000 -0.68460000
vn -1.00000000 -0.00000000 -0.00000000
vn -0.00000000 -0.30910000 -0.95100000
vn -0.00000000 -0.42570000 -0.90490000
vn -1.00000000 -0.00000000 -0.00000000
vn -0.00000000 0.72900000 0.68450000
vn -1.00000000 -0.00000000 -0.00000000
vn -0.00000000 0.63740000 0.77050000
vn -0.00000000 0.53580000 -0.84430000
vn -1.00000000 -0.00000000 -0.00000000
vn -0.00000000 0.42570000 -0.90490000
vn -0.00000000 0.42570000 -0.90490000
vn -1.00000000 -0.00000000 -0.00000000
vn -0.00000000 0.30910000 -0.95100000
vn -0.00000000 -0.53580000 0.84430000
vn -1.00000000 -0.00000000 -0.00000000
vn -0.00000000 -0.63740000 0.77050000
vn -0.00000000 -0.53580000 0.84440000
vn -1.00000000 -0.00000000 -0.00000000
vn -1.00000000 0.00010000 -0.00000000
vn -0.00000000 -0.96860000 -0.24870000
vn -0.00000000 -0.92980000 -0.36810000
vn -0.00000000 -0.53580000 -0.84430000
vn -0.00000000 -0.63740000 -0.77050000
vn -1.00000000 -0.00000000 -0.00000000
vn -1.00000000 -0.00000000 -0.00000000
vn -0.00000000 -0.72900000 -0.68460000
vn -0.00000000 -0.63740000 -0.77050000
vn -0.00000000 -0.72890000 -0.68460000
vn -1.00000000 -0.00000000 -0.00000000
vn -0.00000000 -0.42570000 -0.90490000
vn -0.00000000 -0.53580000 -0.84440000
vn -0.00000000 -0.53580000 -0.84430000
vn -0.00000000 0.53580000 -0.84430000
vn -1.00000000 -0.00000000 -0.00000000
vn -0.00000000 0.63740000 -0.77050000
vn -0.00000000 0.53580000 -0.84440000
vn -1.00000000 -0.00000000 -0.00000000
vn -0.00000000 0.80910000 -0.58770000
vn -0.00000000 0.72890000 -0.68460000
vn -1.00000000 0.00010000 -0.00000000
vn -0.00000000 0.72900000 -0.68460000
vn -0.00000000 0.72900000 -0.68460000
vn -1.00000000 -0.00000000 -0.00000000
vn -0.00000000 0.63740000 -0.77050000
vn -1.00000000 0.00010000 -0.00000000
vn -0.00000000 0.87630000 0.48170000
vn -0.00000000 0.80900000 0.58780000
vn -1.00000000 -0.00000000 -0.00000000
vn -1.00000000 -0.00000000 -0.00000000
vn -0.00000000 0.72900000 0.68450000
vn -0.00000000 0.80900000 0.58780000
vn -1.00000000 0.00010000 -0.00000000
vn -1.00000000 -0.00000000 -0.00000000
vn -0.00000000 0.18740000 -0.98230000
vn -0.00000000 0.30910000 -0.95100000
vn -0.00000000 0.30910000 0.95100000
vn -0.00000000 0.18720000 0.98230000
vn -1.00000000 -0.00000000 -0.00000000
vn -0.00000000 0.30910000 0.95100000
vn -1.00000000 -0.00000000 -0.00000000
vn -0.00000000 0.42570000 0.90490000
vn -1.00000000 -0.00000000 -0.00000000
vn -0.00000000 -0.72900000 0.68450000
vn -0.00000000 -0.63740000 0.77050000
vn -1.00000000 -0.00000000 -0.00000000
vn -0.00000000 0.53580000 0.84430000
vn -0.00000000 0.42570000 0.90490000
vn -0.00000000 0.53580000 0.84440000
vn -0.00000000 0.06290000 0.99800000
vn -1.00000000 -0.00000000 -0.00000000
vn -0.00000000 -0.06290000 0.99800000
vn -1.00000000 -0.00000000 -0.00000000
vn -0.00000000 0.06290000 0.99800000
vn -0.00000000 0.18720000 0.98230000
vn -0.00000000 -0.30910000 0.95100000
vn -0.00000000 -0.18720000 0.98230000
vn -1.00000000 -0.00000000 -0.00000000
vn -1.00000000 -0.00000000 -0.00000000
vn -0.00000000 -0.06290000 0.99800000
vn -0.00000000 -0.18720000 0.98230000
vn -0.00000000 -0.06270000 -0.99800000
vn -0.00000000 0.06270000 -0.99800000
vn -1.00000000 -0.00000000 -0.00000000
vn -0.00000000 -0.06270000 -0.99800000
vn -0.00000000 -0.18740000 -0.98230000
vn -1.00000000 -0.00000000 -0.00000000
vn -0.00000000 0.06270000 -0.99800000
vn -0.00000000 0.18740000 -0.98230000
vn -1.00000000 -0.00000000 -0.00000000
vn -1.00000000 -0.00000000 -0.00000000
vn -0.00000000 0.53580000 0.84430000
vn -0.00000000 0.63740000 0.77050000
vn -0.00000000 -0.06290000 0.99800000
vn -0.00000000 -0.18720000 0.98230000
vn 1.00000000 -0.00000000 -0.00000000
vn 1.00000000 -0.00000000 -0.00000000
vn -0.00000000 0.06290000 0.99800000
vn -0.00000000 -0.06290000 0.99800000
vn 1.00000000 -0.00000000 -0.00000000
vn -0.00000000 -0.30910000 0.95100000
vn -0.00000000 -0.18720000 0.98230000
vn -0.00000000 -0.42570000 0.90490000
vn -0.00000000 -0.30910000 0.95100000
vn 1.00000000 -0.00000000 -0.00000000
vn -0.00000000 -0.53580000 0.84430000
vn -0.00000000 -0.53580000 0.84440000
vn -0.00000000 -0.42570000 0.90490000
vn 1.00000000 -0.00000000 -0.00000000
vn -0.00000000 -0.53580000 0.84440000
vn 1.00000000 -0.00000000 -0.00000000
vn -0.00000000 -0.63740000 0.77050000
vn 1.00000000 -0.00000000 -0.00000000
vn -0.00000000 -0.72900000 0.68450000
vn -0.00000000 -0.63740000 0.77050000
vn -0.00000000 -0.80900000 0.58780000
vn -0.00000000 -0.72900000 0.68450000
vn 1.00000000 -0.00000000 -0.00000000
vn 1.00000000 -0.00000000 -0.00000000
vn -0.00000000 -0.80900000 0.58780000
vn -0.00000000 -0.87630000 0.48170000
vn -0.00000000 -0.87630000 0.48170000
vn 1.00000000 -0.00000000 -0.00000000
vn -0.00000000 -0.92980000 0.36820000
vn -0.00000000 -0.92980000 0.36820000
vn -0.00000000 -0.96860000 0.24870000
vn 1.00000000 -0.00000000 -0.00000000
vn 1.00000000 -0.00000000 -0.00000000
vn -0.00000000 -0.96860000 0.24870000
vn -0.00000000 -0.99210000 0.12530000
vn -0.00000000 -1.00000000 -0.00000000
vn 1.00000000 -0.00000000 -0.00000000
vn -0.00000000 -0.99210000 0.12530000
vn -0.00000000 -1.00000000 -0.00000000
vn -0.00000000 -0.99210000 -0.12530000
vn 1.00000000 -0.00000000 -0.00000000
vn -0.00000000 -0.99210000 -0.12530000
vn 1.00000000 -0.00000000 -0.00000000
vn -0.00000000 -0.96860000 -0.24870000
vn -0.00000000 -0.92980000 -0.36810000
vn 1.00000000 -0.00000000 -0.00000000
vn -0.00000000 -0.96860000 -0.24870000
vn 1.00000000 -0.00000000 -0.00000000
vn -0.00000000 -0.92980000 -0.36810000
vn -0.00000000 -0.87630000 -0.48180000
vn 1.00000000 -0.00000000 -0.00000000
vn -0.00000000 -0.80910000 -0.58770000
vn -0.00000000 -0.87630000 -0.48180000
vn 1.00000000 -0.00000000 -0.00000000
vn -0.00000000 -0.72890000 -0.68460000
vn -0.00000000 -0.80910000 -0.58770000
vn -0.00000000 -0.72900000 -0.68460000
vn -0.00000000 -0.63740000 -0.77050000
vn -0.00000000 -0.72890000 -0.68460000
vn 1.00000000 -0.00000000 -0.00000000
vn -0.00000000 -0.53580000 -0.84440000
vn -0.00000000 -0.53580000 -0.84430000
vn -0.00000000 -0.63740000 -0.77050000
vn 1.00000000 -0.00000000 -0.00000000
vn -0.00000000 -0.42570000 -0.90490000
vn -0.00000000 -0.53580000 -0.84440000
vn 1.00000000 -0.00000000 -0.00000000
vn -0.00000000 -0.42570000 -0.90490000
vn -0.00000000 -0.30910000 -0.95100000
vn 1.00000000 -0.00000000 -0.00000000
vn 1.00000000 -0.00000000 -0.00000000
vn -0.00000000 -0.18740000 -0.98230000
vn -0.00000000 -0.30910000 -0.95100000
vn -0.00000000 -0.06270000 -0.99800000
vn -0.00000000 -0.18740000 -0.98230000
vn 1.00000000 -0.00000000 -0.00000000
vn 1.00000000 -0.00010000 -0.00000000
vn -0.00000000 0.06270000 -0.99800000
vn -0.00000000 -0.06270000 -0.99800000
vn 1.00000000 -0.00000000 -0.00000000
vn -0.00000000 0.06270000 -0.99800000
vn -0.00000000 0.18740000 -0.98230000
vn 1.00000000 -0.00000000 -0.00000000
vn -0.00000000 0.30910000 -0.95100000
vn 1.00000000 -0.00000000 -0.00000000
vn -0.00000000 0.18740000 -0.98230000
vn -0.00000000 0.30910000 -0.95100000
vn 1.00000000 -0.00000000 -0.00000000
vn -0.00000000 0.42570000 -0.90490000
vn -0.00000000 0.42570000 -0.90490000
vn -0.00000000 0.53580000 -0.84440000
vn 1.00000000 -0.00000000 -0.00000000
vn -0.00000000 0.53580000 -0.84430000
vn 1.00000000 -0.00000000 -0.00000000
vn -0.00000000 0.63740000 -0.77050000
vn -0.00000000 0.53580000 -0.84440000
vn -0.00000000 0.72890000 -0.68460000
vn -0.00000000 0.72900000 -0.68460000
vn -0.00000000 0.63740000 -0.77050000
vn 1.00000000 -0.00000000 -0.00000000
vn -0.00000000 0.72890000 -0.68460000
vn 1.00000000 -0.00000000 -0.00000000
vn -0.00000000 0.80910000 -0.58770000
vn -0.00000000 0.87630000 -0.48180000
vn -0.00000000 0.80910000 -0.58770000
vn 1.00000000 -0.00000000 -0.00000000
vn -0.00000000 0.87630000 -0.48180000
vn 1.00000000 -0.00000000 -0.00000000
vn -0.00000000 0.92980000 -0.36810000
vn -0.00000000 0.92980000 -0.36810000
vn -0.00000000 0.96860000 -0.24870000
vn 1.00000000 -0.00000000 -0.00000000
vn 1.00000000 -0.00000000 -0.00000000
vn -0.00000000 0.99210000 -0.12530000
vn -0.00000000 0.96860000 -0.24870000
vn -0.00000000 1.00000000 -0.00000000
vn -0.00000000 0.99210000 -0.12530000
vn 1.00000000 -0.00000000 -0.00000000
vn -0.00000000 0.99210000 0.12530000
vn 1.00000000 -0.00000000 -0.00000000
vn -0.00000000 1.00000000 -0.00000000
vn -0.00000000 0.99210000 0.12530000
vn -0.00000000 0.96860000 0.24870000
vn 1.00000000 -0.00000000 -0.00000000
vn 1.00000000 -0.00000000 -0.00000000
vn -0.00000000 0.96860000 0.24870000
vn -0.00000000 0.92980000 0.36820000
vn -0.00000000 0.87630000 0.48170000
vn -0.00000000 0.92980000 0.36820000
vn 1.00000000 -0.00000000 -0.00000000
vn -0.00000000 0.80900000 0.58780000
vn 1.00000000 -0.00000000 -0.00000000
vn -0.00000000 0.87630000 0.48170000
vn -0.00000000 0.72900000 0.68450000
vn -0.00000000 0.80900000 0.58780000
vn 1.00000000 -0.00000000 -0.00000000
vn 1.00000000 -0.00000000 -0.00000000
vn -0.00000000 0.72900000 0.68450000
vn -0.00000000 0.63740000 0.77050000
vn -0.00000000 0.53580000 0.84430000
vn -0.00000000 0.53580000 0.84440000
vn -0.00000000 0.63740000 0.77050000
vn 1.00000000 -0.00000000 -0.00000000
vn 1.00000000 -0.00000000 -0.00000000
vn -0.00000000 0.42570000 0.90490000
vn -0.00000000 0.53580000 0.84440000
vn 1.00000000 -0.00000000 -0.00000000
vn -0.00000000 0.30910000 0.95100000
vn -0.00000000 0.42570000 0.90490000
vn -0.00000000 0.30910000 0.95100000
vn -0.00000000 0.18720000 0.98230000
vn 1.00000000 -0.00000000 -0.00000000
vn -0.00000000 0.06290000 0.99800000
vn 1.00000000 -0.00000000 -0.00000000
vn -0.00000000 0.18720000 0.98230000
vn -0.00000000 0.98480000 -0.17360000
vn 1.00000000 -0.00000000 -0.00000000
vn -0.00000000 0.99940000 -0.03490000
vn -0.00000000 0.99450000 0.10450000
vn -0.00000000 0.99940000 -0.03490000
vn 1.00000000 -0.00000000 -0.00000000
vn -0.00000000 0.97030000 0.24190000
vn 1.00000000 -0.00000000 -0.00000000
vn -0.00000000 0.99450000 0.10450000
vn 1.00000000 -0.00000000 -0.00000000
vn -0.00000000 -0.99940000 -0.03490000
vn -0.00000000 -0.99450000 0.10450000
vn -0.00000000 -0.97030000 0.24190000
vn -0.00000000 -0.99450000 0.10450000
vn 1.00000000 -0.00000000 -0.00000000
vn 1.00000000 -0.00000000 -0.00000000
vn -0.00000000 -0.98480000 -0.17360000
vn -0.00000000 -0.99940000 -0.03490000
vn 1.00000000 -0.00000000 -0.00000000
vn -0.00000000 0.98480000 -0.17360000
vn -0.00000000 0.95100000 -0.30910000
vn 1.00000000 -0.00000000 -0.00000000
vn -0.00000000 0.89880000 -0.43840000
vn -0.00000000 0.95110000 -0.30900000
vn -0.00000000 0.95100000 -0.30910000
vn -0.00000000 0.92720000 0.37460000
vn 1.00000000 -0.00000000 -0.00000000
vn -0.00000000 0.97030000 0.24200000
vn -0.00000000 0.97030000 0.24190000
vn -0.00000000 0.92710000 0.37480000
vn -0.00000000 -0.98480000 -0.17360000
vn -0.00000000 -0.95100000 -0.30910000
vn 1.00000000 -0.00000000 -0.00000000
vn 1.00000000 -0.00000000 -0.00000000
vn -0.00000000 -0.95100000 -0.30910000
vn -0.00000000 -0.95100000 -0.30900000
vn -0.00000000 -0.89880000 -0.43840000
vn -0.00000000 0.74320000 -0.66910000
vn 1.00000000 -0.00000000 -0.00000000
vn -0.00000000 0.82900000 -0.55920000
vn -0.00000000 0.74310000 -0.66920000
vn 1.00000000 -0.00000000 -0.00000000
vn -0.00010000 0.64280000 -0.76600000
vn -0.00000000 0.64310000 -0.76580000
vn -0.00000000 0.74320000 -0.66910000
vn -0.00000000 0.89880000 -0.43840000
vn 1.00000000 -0.00000000 -0.00000000
vn -0.00000000 0.82900000 -0.55920000
vn -0.00000000 0.92720000 0.37460000
vn 1.00000000 -0.00000000 -0.00000000
vn -0.00000000 0.92720000 0.37450000
vn -0.00000000 0.86600000 0.50010000
vn -0.00000000 0.86600000 0.50010000
vn 1.00000000 -0.00000000 -0.00000000
vn -0.00000000 0.78800000 0.61570000
vn -0.00000000 -0.92720000 0.37460000
vn 1.00000000 -0.00000000 -0.00000000
vn -0.00000000 -0.97030000 0.24190000
vn -0.00000000 -0.97030000 0.24200000
vn 1.00000000 -0.00000000 -0.00000000
vn -0.00000000 -0.69570000 0.71840000
vn -0.00010000 -0.69470000 0.71930000
vn -0.00000000 -0.78800000 0.61570000
vn -0.00000000 -0.78800000 0.61570000
vn 1.00000000 -0.00000000 -0.00000000
vn -0.00000000 -0.86600000 0.50010000
vn -0.00000000 -0.89880000 -0.43840000
vn 1.00000000 -0.00000000 -0.00000000
vn -0.00000000 -0.82900000 -0.55920000
vn 1.00000000 -0.00000000 -0.00000000
vn -0.00000000 -0.82900000 -0.55920000
vn -0.00000000 -0.74320000 -0.66910000
vn -0.00000000 0.78800000 0.61570000
vn -0.00010000 0.69470000 0.71930000
vn -0.00000000 0.69570000 0.71840000
vn 1.00000000 -0.00000000 -0.00000000
vn -0.00000000 0.58780000 0.80900000
vn 1.00000000 -0.00000000 -0.00000000
vn -0.00000000 0.69440000 0.71950000
vn -0.00010000 0.69470000 0.71930000
vn -0.00000000 -0.86600000 0.50010000
vn -0.00000000 -0.92720000 0.37460000
vn 1.00000000 -0.00000000 -0.00000000
vn -0.00000000 0.58780000 0.80900000
vn 1.00000000 -0.00000000 -0.00000000
vn -0.00000000 0.46960000 0.88290000
vn -0.00000000 0.58770000 0.80910000
vn -0.00000000 -0.58770000 0.80910000
vn 1.00000000 -0.00000000 -0.00000000
vn -0.00000000 -0.58780000 0.80900000
vn -0.00010000 -0.69470000 0.71930000
vn -0.00000000 -0.69440000 0.71950000
vn -0.00000000 -0.58780000 0.80900000
vn 1.00000000 -0.00000000 -0.00000000
vn -0.00000000 -0.46960000 0.88290000
vn -0.00000000 0.27530000 -0.96140000
vn 0.00010000 0.27560000 -0.96130000
vn -0.00000000 0.41070000 -0.91180000
vn 1.00000000 -0.00000000 -0.00000000
vn 0.00010000 0.40680000 -0.91350000
vn 1.00000000 -0.00000000 -0.00000000
vn -0.00000000 0.53000000 -0.84800000
vn 0.00010000 0.40680000 -0.91350000
vn -0.00000000 0.40670000 -0.91360000
vn -0.00010000 0.64280000 -0.76600000
vn 1.00000000 -0.00000000 -0.00000000
vn -0.00000000 0.64270000 -0.76610000
vn -0.00000000 0.53000000 -0.84800000
vn -0.00000000 0.52990000 -0.84800000
vn -0.00000000 -0.34340000 0.93920000
vn -0.00000000 -0.34200000 0.93970000
vn 1.00000000 -0.00000000 -0.00000000
vn -0.00000000 -0.20770000 0.97820000
vn -0.00000000 -0.20770000 0.97820000
vn 1.00000000 -0.00000000 -0.00000000
vn -0.00000000 -0.06990000 0.99760000
vn -0.00000000 -0.46960000 0.88290000
vn 1.00000000 -0.00000000 -0.00000000
vn -0.00000000 -0.34200000 0.93970000
vn -0.00000000 -0.64310000 -0.76580000
vn -0.00000000 -0.64280000 -0.76600000
vn 1.00000000 -0.00000000 -0.00000000
vn -0.00000000 -0.74310000 -0.66920000
vn -0.00000000 -0.74320000 -0.66910000
vn -0.00000000 -0.64280000 -0.76600000
vn -0.00000000 -0.64270000 -0.76610000
vn -0.00000000 -0.53000000 -0.84800000
vn 1.00000000 -0.00000000 -0.00000000
vn -0.00000000 0.34200000 0.93970000
vn -0.00000000 0.46960000 0.88290000
vn 1.00000000 -0.00000000 -0.00000000
vn -0.00000000 0.34200000 0.93970000
vn 1.00000000 -0.00000000 -0.00000000
vn -0.00000000 0.34340000 0.93920000
vn -0.00000000 0.20770000 0.97820000
vn -0.00000000 0.20770000 0.97820000
vn 1.00000000 -0.00000000 -0.00000000
vn -0.00000000 0.06990000 0.99760000
vn -0.00000000 0.06990000 0.99760000
vn 1.00000000 -0.00000000 -0.00000000
vn -0.00000000 -0.06990000 0.99760000
vn -0.00000000 -0.41070000 -0.91180000
vn 0.00010000 -0.27560000 -0.96130000
vn 0.00010000 -0.40680000 -0.91350000
vn 1.00000000 -0.00000000 -0.00000000
vn -0.00000000 -0.27530000 -0.96140000
vn -0.00000000 -0.53000000 -0.84800000
vn -0.00000000 -0.40670000 -0.91360000
vn 1.00000000 -0.00000000 -0.00000000
vn 0.00010000 -0.40680000 -0.91350000
vn -0.00000000 -0.52990000 -0.84800000
vn 1.00000000 -0.00000000 -0.00000000
vn -0.00000000 -0.13900000 -0.99030000
vn -0.00000000 -0.27580000 -0.96120000
vn 0.00010000 -0.27560000 -0.96130000
vn -0.00000000 0.03500000 -0.99940000
vn 1.00000000 -0.00010000 -0.00000000
vn -0.00000000 0.13900000 -0.99030000
vn 1.00000000 -0.00000000 -0.00000000
vn 0.00010000 0.27560000 -0.96130000
vn 1.00000000 -0.00000000 -0.00000000
vn -0.00000000 0.13900000 -0.99030000
vn -0.00000000 0.27580000 -0.96120000
vn -0.00000000 -0.13900000 -0.99030000
vn -0.00000000 -0.03500000 -0.99940000
vn 1.00000000 -0.00000000 -0.00000000
vn 1.00000000 -0.00000000 -0.00000000
vn 1.00000000 -0.00010000 -0.00000000
vn -0.00000000 -0.03500000 -0.99940000
vn -0.00000000 0.03500000 -0.99940000
vn -0.00000000 -0.06990000 0.99760000
vn -0.00000000 -0.20770000 0.97820000
vn 1.00000000 -0.00000000 -0.00000000
vn -0.00000000 -0.06990000 0.99760000
vn 1.00000000 -0.00000000 -0.00000000
vn -0.00000000 0.06990000 0.99760000
vn 1.00000000 -0.00000000 -0.00000000
vn -0.00000000 -0.20770000 0.97820000
vn -0.00000000 -0.34340000 0.93920000
vn 1.00000000 -0.00000000 -0.00000000
vn -0.00000000 -0.46960000 0.88290000
vn -0.00000000 -0.34200000 0.93970000
vn -0.00000000 -0.34340000 0.93920000
vn 1.00000000 -0.00000000 -0.00000000
vn -0.00000000 -0.34200000 0.93970000
vn -0.00000000 -0.58770000 0.80910000
vn -0.00000000 -0.46960000 0.88290000
vn 1.00000000 -0.00000000 -0.00000000
vn -0.00000000 -0.58780000 0.80900000
vn -0.00000000 -0.58770000 0.80910000
vn 1.00000000 -0.00000000 -0.00000000
vn -0.00000000 -0.69440000 0.71950000
vn -0.00010000 -0.69470000 0.71930000
vn 1.00000000 -0.00000000 -0.00000000
vn -0.00000000 -0.69570000 0.71840000
vn 1.00000000 -0.00000000 -0.00000000
vn -0.00010000 -0.69470000 0.71930000
vn -0.00000000 -0.69440000 0.71950000
vn -0.00000000 -0.69570000 0.71840000
vn 1.00000000 -0.00000000 -0.00000000
vn -0.00000000 -0.78800000 0.61570000
vn -0.00000000 -0.86600000 0.50010000
vn -0.00000000 -0.78800000 0.61570000
vn 1.00000000 -0.00000000 -0.00000000
vn -0.00000000 -0.86600000 0.50010000
vn 1.00000000 -0.00000000 -0.00000000
vn -0.00000000 -0.92720000 0.37460000
vn -0.00000000 -0.97030000 0.24200000
vn 1.00000000 -0.00000000 -0.00000000
vn -0.00000000 -0.92720000 0.37460000
vn -0.00000000 -0.99450000 0.10450000
vn -0.00000000 -0.97030000 0.24190000
vn 1.00000000 -0.00000000 -0.00000000
vn -0.00000000 -0.97030000 0.24200000
vn 1.00000000 -0.00000000 -0.00000000
vn -0.00000000 -0.97030000 0.24190000
vn -0.00000000 -0.99450000 0.10450000
vn 1.00000000 -0.00000000 -0.00000000
vn -0.00000000 -0.99940000 -0.03490000
vn -0.00000000 -0.98480000 -0.17360000
vn -0.00000000 -0.99940000 -0.03490000
vn 1.00000000 -0.00000000 -0.00000000
vn -0.00000000 -0.95100000 -0.30910000
vn 1.00000000 -0.00000000 -0.00000000
vn -0.00000000 -0.98480000 -0.17360000
vn -0.00000000 -0.95100000 -0.30900000
vn 1.00000000 -0.00000000 -0.00000000
vn -0.00000000 -0.89880000 -0.43840000
vn -0.00000000 -0.95100000 -0.30910000
vn 1.00000000 -0.00000000 -0.00000000
vn -0.00000000 -0.95100000 -0.30900000
vn -0.00000000 -0.89880000 -0.43840000
vn 1.00000000 -0.00000000 -0.00000000
vn -0.00000000 -0.82900000 -0.55920000
vn 1.00000000 -0.00000000 -0.00000000
vn -0.00000000 -0.74320000 -0.66910000
vn -0.00000000 -0.82900000 -0.55920000
vn -0.00000000 -0.74320000 -0.66910000
vn -0.00000000 -0.74310000 -0.66920000
vn 1.00000000 -0.00000000 -0.00000000
vn 1.00000000 -0.00000000 -0.00000000
vn -0.00000000 -0.74310000 -0.66920000
vn -0.00000000 -0.64310000 -0.76580000
vn 1.00000000 -0.00000000 -0.00000000
vn -0.00000000 -0.52990000 -0.84800000
vn -0.00000000 -0.64270000 -0.76610000
vn -0.00000000 -0.53000000 -0.84800000
vn -0.00000000 -0.64270000 -0.76610000
vn -0.00000000 -0.64280000 -0.76600000
vn -0.00000000 -0.64310000 -0.76580000
vn 1.00000000 -0.00000000 -0.00000000
vn -0.00000000 -0.40670000 -0.91360000
vn 1.00000000 -0.00000000 -0.00000000
vn -0.00000000 -0.52990000 -0.84800000
vn 0.00010000 -0.40680000 -0.91350000
vn 1.00000000 -0.00000000 -0.00000000
vn -0.00000000 -0.41070000 -0.91180000
vn -0.00000000 -0.40670000 -0.91360000
vn -0.00000000 -0.27530000 -0.96140000
vn -0.00000000 -0.41070000 -0.91180000
vn 1.00000000 -0.00000000 -0.00000000
vn -0.00000000 -0.27580000 -0.96120000
vn -0.00000000 -0.13900000 -0.99030000
vn 1.00000000 -0.00000000 -0.00000000
vn 0.00010000 -0.27560000 -0.96130000
vn -0.00000000 -0.27530000 -0.96140000
vn 1.00000000 -0.00000000 -0.00000000
vn -0.00000000 -0.27580000 -0.96120000
vn 1.00000000 -0.00000000 -0.00000000
vn -0.00000000 -0.13900000 -0.99030000
vn -0.00000000 -0.03500000 -0.99940000
vn 1.00000000 -0.00000000 -0.00000000
vn -0.00000000 0.13900000 -0.99030000
vn -0.00000000 0.03500000 -0.99940000
vn 1.00000000 -0.00000000 -0.00000000
vn -0.00000000 0.03500000 -0.99940000
vn -0.00000000 -0.03500000 -0.99940000
vn 1.00000000 -0.00000000 -0.00000000
vn -0.00000000 0.13900000 -0.99030000
vn -0.00000000 0.27580000 -0.96120000
vn 1.00000000 -0.00000000 -0.00000000
vn 0.00010000 0.27560000 -0.96130000
vn -0.00000000 0.27580000 -0.96120000
vn -0.00000000 0.27530000 -0.96140000
vn -0.00000000 0.27530000 -0.96140000
vn -0.00000000 0.41070000 -0.91180000
vn 1.00000000 -0.00000000 -0.00000000
vn -0.00000000 0.52990000 -0.84800000
vn -0.00000000 0.40670000 -0.91360000
vn 1.00000000 -0.00000000 -0.00000000
vn -0.00000000 0.53000000 -0.84800000
vn 1.00000000 -0.00000000 -0.00000000
vn -0.00000000 0.40670000 -0.91360000
vn 0.00010000 0.40680000 -0.91350000
vn -0.00000000 0.41070000 -0.91180000
vn -0.00000000 0.64270000 -0.76610000
vn 1.00000000 -0.00000000 -0.00000000
vn -0.00000000 0.52990000 -0.84800000
vn -0.00000000 0.64270000 -0.76610000
vn -0.00010000 0.64280000 -0.76600000
vn 1.00000000 -0.00000000 -0.00000000
vn -0.00000000 0.64310000 -0.76580000
vn -0.00000000 0.64310000 -0.76580000
vn 1.00000000 -0.00000000 -0.00000000
vn -0.00000000 0.74310000 -0.66920000
vn 1.00000000 -0.00000000 -0.00000000
vn -0.00000000 0.82900000 -0.55920000
vn -0.00000000 0.74320000 -0.66910000
vn -0.00000000 0.74320000 -0.66910000
vn 1.00000000 -0.00000000 -0.00000000
vn -0.00000000 0.74310000 -0.66920000
vn -0.00000000 0.82900000 -0.55920000
vn 1.00000000 -0.00000000 -0.00000000
vn -0.00000000 0.89880000 -0.43840000
vn -0.00000000 0.89880000 -0.43840000
vn -0.00000000 0.95110000 -0.30900000
vn 1.00000000 -0.00000000 -0.00000000
vn -0.00000000 0.95100000 -0.30910000
vn 1.00000000 -0.00000000 -0.00000000
vn 1.00000000 -0.00000000 -0.00000000
vn -0.00000000 0.95110000 -0.30900000
vn -0.00000000 0.95100000 -0.30910000
vn -0.00000000 0.98480000 -0.17360000
vn 1.00000000 -0.00000000 -0.00000000
vn -0.00000000 0.95100000 -0.30910000
vn -0.00000000 0.99940000 -0.03490000
vn -0.00000000 0.98480000 -0.17360000
vn 1.00000000 -0.00000000 -0.00000000
vn 1.00000000 -0.00000000 -0.00000000
vn -0.00000000 0.99450000 0.10450000
vn -0.00000000 0.99940000 -0.03490000
vn -0.00000000 0.97030000 0.24190000
vn -0.00000000 0.99450000 0.10450000
vn 1.00000000 -0.00000000 -0.00000000
vn -0.00000000 0.97030000 0.24190000
vn 1.00000000 -0.00000000 -0.00000000
vn -0.00000000 0.97030000 0.24200000
vn -0.00000000 0.97030000 0.24200000
vn 1.00000000 -0.00000000 -0.00000000
vn -0.00000000 0.92710000 0.37480000
vn -0.00000000 0.86600000 0.50010000
vn 1.00000000 -0.00000000 -0.00000000
vn -0.00000000 0.92720000 0.37450000
vn -0.00000000 0.92710000 0.37480000
vn -0.00000000 0.92720000 0.37460000
vn -0.00000000 0.92720000 0.37450000
vn 1.00000000 -0.00000000 -0.00000000
vn -0.00000000 0.78800000 0.61570000
vn 1.00000000 -0.00000000 -0.00000000
vn -0.00000000 0.86600000 0.50010000
vn -0.00000000 0.78800000 0.61570000
vn 1.00000000 -0.00000000 -0.00000000
vn -0.00000000 0.69570000 0.71840000
vn -0.00010000 0.69470000 0.71930000
vn 1.00000000 -0.00000000 -0.00000000
vn -0.00000000 0.69440000 0.71950000
vn -0.00010000 0.69470000 0.71930000
vn -0.00000000 0.69570000 0.71840000
vn 1.00000000 -0.00000000 -0.00000000
vn -0.00000000 0.58780000 0.80900000
vn -0.00000000 0.69440000 0.71950000
vn -0.00000000 0.58770000 0.80910000
vn 1.00000000 -0.00000000 -0.00000000
vn 1.00000000 -0.00000000 -0.00000000
vn -0.00000000 0.46960000 0.88290000
vn -0.00000000 0.58770000 0.80910000
vn -0.00000000 0.46960000 0.88290000
vn -0.00000000 0.34200000 0.93970000
vn 1.00000000 -0.00000000 -0.00000000
vn -0.00000000 0.34200000 0.93970000
vn -0.00000000 0.34340000 0.93920000
vn 1.00000000 -0.00000000 -0.00000000
vn -0.00000000 0.20770000 0.97820000
vn 1.00000000 -0.00000000 -0.00000000
vn -0.00000000 0.34340000 0.93920000
vn 1.00000000 -0.00000000 -0.00000000
vn -0.00000000 0.20770000 0.97820000
vn -0.00000000 0.06990000 0.99760000
vn 1.00000000 -0.00000000 -0.00000000
vn 1.00000000 -0.00000000 -0.00000000
vn -0.00000000 -0.98770000 0.15630000
vn 1.00000000 -0.00000000 -0.00000000
vn -0.00000000 -0.98770000 -0.15650000
vn 1.00000000 -0.00000000 -0.00000000
vn -0.00000000 0.89080000 0.45440000
vn -0.00000000 0.98770000 0.15630000
vn 1.00000000 -0.00000000 -0.00000000
vn -0.00000000 0.98770000 0.15630000
vn 1.00000000 -0.00000000 -0.00000000
vn -0.00000000 0.98770000 -0.15650000
vn -0.00000000 -0.89080000 0.45440000
vn -0.00000000 -0.98770000 0.15630000
vn 1.00000000 -0.00000000 -0.00000000
vn 1.00000000 -0.00000000 -0.00000000
vn -0.00000000 -0.70760000 0.70660000
vn -0.00000000 -0.89080000 0.45440000
vn -0.00000000 -0.98770000 -0.15650000
vn -0.00000000 -0.89110000 -0.45390000
vn 1.00000000 -0.00000000 -0.00000000
vn 1.00000000 -0.00000000 -0.00000000
vn -0.00000000 -0.15620000 -0.98770000
vn 1.00000000 -0.00000000 -0.00000000
vn -0.00000000 0.15620000 -0.98770000
vn 1.00000000 -0.00000000 -0.00000000
vn -0.00000000 0.98770000 -0.15650000
vn -0.00000000 0.89100000 -0.45390000
vn -0.00000000 0.89100000 -0.45390000
vn 1.00000000 -0.00000000 -0.00000000
vn -0.00000000 0.70700000 -0.70730000
vn -0.00000000 -0.45470000 -0.89070000
vn 1.00000000 -0.00000000 -0.00000000
vn -0.00000000 -0.70690000 -0.70730000
vn -0.00000000 -0.70690000 -0.70730000
vn 1.00000000 -0.00000000 -0.00000000
vn -0.00000000 -0.89110000 -0.45390000
vn -0.00000000 -0.45470000 -0.89070000
vn 1.00000000 -0.00000000 -0.00000000
vn -0.00000000 -0.15620000 -0.98770000
vn -0.00000000 0.45470000 -0.89070000
vn 1.00000000 -0.00000000 -0.00000000
vn -0.00000000 0.70700000 -0.70730000
vn -0.00000000 0.45470000 -0.89070000
vn 1.00000000 -0.00000000 -0.00000000
vn -0.00000000 0.15620000 -0.98770000
vn -0.00000000 0.45370000 0.89110000
vn 1.00000000 -0.00000000 -0.00000000
vn -0.00000000 0.70760000 0.70660000
vn 1.00000000 -0.00000000 -0.00000000
vn -0.00000000 0.89080000 0.45440000
vn -0.00000000 0.70760000 0.70660000
vn -0.00000000 0.15610000 0.98770000
vn -0.00000000 -0.15610000 0.98770000
vn 1.00000000 -0.00000000 -0.00000000
vn 1.00000000 -0.00000000 -0.00000000
vn -0.00000000 0.15610000 0.98770000
vn -0.00000000 0.45370000 0.89110000
vn 1.00000000 -0.00000000 -0.00000000
vn -0.00000000 -0.45370000 0.89110000
vn -0.00000000 -0.15610000 0.98770000
vn -0.00000000 -0.45370000 0.89110000
vn -0.00000000 -0.70760000 0.70660000
vn 1.00000000 -0.00000000 -0.00000000
vn 1.00000000 -0.00000000 -0.00000000
vn 1.00000000 -0.00000000 -0.00000000
vn -0.00000000 0.95110000 -0.30890000
vn 1.00000000 -0.00000000 -0.00000000
vn -0.00000000 1.00000000 -0.00000000
vn -0.00000000 0.80900000 -0.58780000
vn -0.00000000 0.95110000 -0.30890000
vn 1.00000000 -0.00000000 -0.00000000
vn 1.00000000 -0.00000000 -0.00000000
vn 1.00000000 -0.00000000 -0.00000000
vn -0.00000000 -0.95100000 0.30920000
vn -0.00000000 -1.00000000 -0.00000000
vn 1.00000000 -0.00000000 -0.00000000
vn -0.00000000 -0.80900000 0.58790000
vn -0.00000000 -0.95100000 0.30920000
vn 1.00000000 -0.00000000 -0.00000000
vn -0.00000000 -1.00000000 -0.00000000
vn -0.00000000 -0.95110000 -0.30890000
vn -0.00000000 1.00000000 -0.00000000
vn -0.00000000 0.95100000 0.30920000
vn 1.00000000 -0.00000000 -0.00000000
vn -0.00000000 0.58770000 0.80910000
vn 1.00000000 -0.00000000 -0.00000000
vn -0.00000000 0.30970000 0.95080000
vn -0.00000000 0.58770000 0.80910000
vn 1.00000000 -0.00000000 -0.00000000
vn -0.00000000 0.80900000 0.58790000
vn -0.00000000 -0.58770000 -0.80910000
vn 1.00000000 -0.00000000 -0.00000000
vn -0.00000000 -0.80900000 -0.58780000
vn -0.00000000 -0.80900000 -0.58780000
vn -0.00000000 -0.95110000 -0.30890000
vn 1.00000000 -0.00000000 -0.00000000
vn -0.00000000 0.30860000 -0.95120000
vn 1.00000000 -0.00000000 -0.00000000
vn -0.00000000 0.58770000 -0.80910000
vn -0.00000000 -0.00000000 -1.00000000
vn 1.00000000 -0.00000000 -0.00000000
vn -0.00000000 0.30860000 -0.95120000
vn 1.00000000 -0.00000000 -0.00000000
vn -0.00000000 0.58770000 -0.80910000
vn -0.00000000 0.80900000 -0.58780000
vn -0.00000000 0.30970000 0.95080000
vn 1.00000000 -0.00000000 -0.00000000
vn -0.00000000 -0.00000000 1.00000000
vn -0.00000000 -0.00000000 1.00000000
vn 1.00000000 -0.00000000 -0.00000000
vn -0.00000000 -0.30970000 0.95080000
vn -0.00000000 -0.58770000 0.80910000
vn -0.00000000 -0.80900000 0.58790000
vn 1.00000000 -0.00000000 -0.00000000
vn -0.00000000 -0.30860000 -0.95120000
vn -0.00000000 -0.58770000 -0.80910000
vn 1.00000000 -0.00000000 -0.00000000
vn -0.00000000 0.80900000 0.58790000
vn 1.00000000 -0.00000000 -0.00000000
vn -0.00000000 0.95100000 0.30920000
vn -0.00000000 -0.00000000 -1.00000000
vn -0.00000000 -0.30860000 -0.95120000
vn 1.00000000 -0.00000000 -0.00000000
vn -0.00000000 -0.58770000 0.80910000
vn -0.00000000 -0.30970000 0.95080000
vn 1.00000000 -0.00000000 -0.00000000
vn 1.00000000 -0.00000000 -0.00000000
vn 1.00000000 -0.00000000 -0.00000000
vn 1.00000000 -0.00000000 -0.00000000
vn -0.00000000 -0.95110000 -0.30890000
vn -0.00000000 -1.00000000 -0.00000000
vn 1.00000000 -0.00000000 -0.00000000
vn -0.00000000 -0.95110000 0.30890000
vn -0.00000000 -1.00000000 -0.00000000
vn -0.00000000 -0.80900000 -0.58790000
vn 1.00000000 -0.00000000 -0.00000000
vn -0.00000000 -0.58770000 -0.80910000
vn -0.00000000 -0.80900000 -0.58790000
vn 1.00000000 -0.00000000 -0.00000000
vn -0.00000000 -0.95110000 -0.30890000
vn 1.00000000 -0.00000000 -0.00000000
vn -0.00000000 -0.95110000 0.30890000
vn -0.00000000 -0.80900000 0.58790000
vn -0.00000000 -0.30970000 -0.95080000
vn -0.00000000 -0.00000000 -1.00000000
vn 1.00000000 -0.00000000 -0.00000000
vn -0.00000000 -0.30970000 -0.95080000
vn -0.00000000 -0.58770000 -0.80910000
vn 1.00000000 -0.00000000 -0.00000000
vn 1.00000000 -0.00000000 -0.00000000
vn 1.00000000 -0.00000000 -0.00000000
vn -0.00000000 -0.00000000 -1.00000000
vn -0.00000000 0.30970000 -0.95080000
vn -0.00000000 0.58770000 -0.80910000
vn -0.00000000 0.80900000 -0.58790000
vn 1.00000000 -0.00000000 -0.00000000
vn -0.00000000 0.58770000 -0.80910000
vn -0.00000000 0.30970000 -0.95080000
vn 1.00000000 -0.00000000 -0.00000000
vn -0.00000000 0.80900000 0.58790000
vn -0.00000000 0.95110000 0.30890000
vn 1.00000000 -0.00000000 -0.00000000
vn 1.00000000 -0.00000000 -0.00000000
vn -0.00000000 0.95110000 0.30890000
vn -0.00000000 1.00000000 -0.00000000
vn -0.00000000 0.80900000 0.58790000
vn -0.00000000 0.58770000 0.80910000
vn 1.00000000 -0.00000000 -0.00000000
vn -0.00000000 0.30860000 0.95120000
vn 1.00000000 -0.00000000 -0.00000000
vn -0.00000000 -0.00000000 1.00000000
vn -0.00000000 0.30860000 0.95120000
vn -0.00000000 0.58770000 0.80910000
vn 1.00000000 -0.00000000 -0.00000000
vn -0.00000000 -0.80900000 0.58790000
vn -0.00000000 -0.58770000 0.80910000
vn 1.00000000 -0.00000000 -0.00000000
vn -0.00000000 0.95110000 -0.30890000
vn -0.00000000 0.80900000 -0.58790000
vn 1.00000000 -0.00000000 -0.00000000
vn -0.00000000 0.95110000 -0.30890000
vn -0.00000000 1.00000000 -0.00000000
vn 1.00000000 -0.00000000 -0.00000000
vn -0.00000000 -0.58770000 0.80910000
vn -0.00000000 -0.30860000 0.95120000
vn 1.00000000 -0.00000000 -0.00000000
vn -0.00000000 -0.30860000 0.95120000
vn 1.00000000 -0.00000000 -0.00000000
vn -0.00000000 -0.00000000 1.00000000
vn 1.00000000 -0.00000000 -0.00000000
vn -0.00000000 0.89080000 0.45440000
vn -0.00000000 0.98770000 0.15630000
vn 1.00000000 -0.00000000 -0.00000000
vn -0.00000000 0.98770000 0.15630000
vn -0.00000000 0.98770000 -0.15650000
vn 1.00000000 -0.00000000 -0.00000000
vn 1.00000000 -0.00000000 -0.00000000
vn -0.00000000 0.45370000 0.89110000
vn 1.00000000 -0.00000000 -0.00000000
vn -0.00000000 0.70760000 0.70660000
vn -0.00000000 0.70760000 0.70660000
vn 1.00000000 -0.00000000 -0.00000000
vn -0.00000000 0.89080000 0.45440000
vn 1.00000000 -0.00000000 -0.00000000
vn -0.00000000 -0.98770000 -0.15650000
vn -0.00000000 -0.98770000 0.15630000
vn 1.00000000 -0.00000000 -0.00000000
vn 1.00000000 -0.00000000 -0.00000000
vn -0.00000000 0.45470000 -0.89070000
vn -0.00000000 0.15620000 -0.98770000
vn -0.00000000 -0.15620000 -0.98770000
vn -0.00000000 0.15620000 -0.98770000
vn 1.00000000 -0.00000000 -0.00000000
vn -0.00000000 0.89110000 -0.45390000
vn -0.00000000 0.98770000 -0.15650000
vn 1.00000000 -0.00000000 -0.00000000
vn -0.00000000 0.70700000 -0.70730000
vn -0.00000000 0.89110000 -0.45390000
vn 1.00000000 -0.00000000 -0.00000000
vn 1.00000000 -0.00000000 -0.00000000
vn -0.00000000 0.15610000 0.98770000
vn -0.00000000 -0.15610000 0.98770000
vn -0.00000000 -0.89110000 -0.45390000
vn 1.00000000 -0.00000000 -0.00000000
vn -0.00000000 -0.98770000 -0.15650000
vn -0.00000000 -0.70700000 -0.70730000
vn 1.00000000 -0.00000000 -0.00000000
vn -0.00000000 -0.45470000 -0.89070000
vn -0.00000000 -0.70700000 -0.70730000
vn -0.00000000 -0.89110000 -0.45390000
vn 1.00000000 -0.00000000 -0.00000000
vn 1.00000000 -0.00000000 -0.00000000
vn -0.00000000 -0.45470000 -0.89070000
vn -0.00000000 -0.15620000 -0.98770000
vn 1.00000000 -0.00000000 -0.00000000
vn -0.00000000 0.70700000 -0.70730000
vn -0.00000000 0.45470000 -0.89070000
vn -0.00000000 0.15610000 0.98770000
vn 1.00000000 -0.00000000 -0.00000000
vn -0.00000000 0.45370000 0.89110000
vn -0.00000000 -0.89080000 0.45440000
vn -0.00000000 -0.98770000 0.15630000
vn 1.00000000 -0.00000000 -0.00000000
vn 1.00000000 -0.00000000 -0.00000000
vn -0.00000000 -0.89080000 0.45440000
vn -0.00000000 -0.70760000 0.70660000
vn -0.00000000 -0.70760000 0.70660000
vn -0.00000000 -0.45370000 0.89110000
vn 1.00000000 -0.00000000 -0.00000000
vn 1.00000000 -0.00000000 -0.00000000
vn -0.00000000 -0.15610000 0.98770000
vn -0.00000000 -0.45370000 0.89110000
vn 1.00000000 -0.00000000 -0.00000000
vn 1.00000000 -0.00000000 -0.00000000
vn 1.00000000 -0.00000000 -0.00000000
vn 1.00000000 -0.00000000 -0.00000000
vn -0.00000000 0.95100000 0.30920000
vn 1.00000000 -0.00000000 -0.00000000
vn -0.00000000 1.00000000 -0.00000000
vn -0.00000000 0.95110000 -0.30890000
vn 1.00000000 -0.00000000 -0.00000000
vn -0.00000000 1.00000000 -0.00000000
vn 1.00000000 -0.00000000 -0.00000000
vn -0.00000000 0.80900000 0.58790000
vn -0.00000000 0.58770000 0.80910000
vn -0.00000000 0.95100000 0.30920000
vn -0.00000000 0.80900000 0.58790000
vn 1.00000000 -0.00000000 -0.00000000
vn 1.00000000 -0.00000000 -0.00000000
vn -0.00000000 -0.80900000 -0.58780000
vn -0.00000000 -0.95110000 -0.30890000
vn 1.00000000 -0.00000000 -0.00000000
vn -0.00000000 -0.95110000 -0.30890000
vn -0.00000000 -1.00000000 -0.00000000
vn 1.00000000 -0.00000000 -0.00000000
vn -0.00000000 0.95110000 -0.30890000
vn -0.00000000 0.80900000 -0.58780000
vn 1.00000000 -0.00000000 -0.00000000
vn -0.00000000 -0.95100000 0.30920000
vn 1.00000000 -0.00000000 -0.00000000
vn -0.00000000 -1.00000000 -0.00000000
vn 1.00000000 -0.00000000 -0.00000000
vn -0.00000000 -0.58770000 -0.80910000
vn -0.00000000 -0.80900000 -0.58780000
vn -0.00000000 -0.00000000 -1.00000000
vn -0.00000000 -0.30860000 -0.95120000
vn 1.00000000 -0.00000000 -0.00000000
vn 1.00000000 -0.00000000 -0.00000000
vn -0.00000000 -0.00000000 1.00000000
vn -0.00000000 0.30970000 0.95080000
vn 1.00000000 -0.00000000 -0.00000000
vn -0.00000000 0.58770000 0.80910000
vn -0.00000000 0.30970000 0.95080000
vn -0.00000000 -0.30860000 -0.95120000
vn -0.00000000 -0.58770000 -0.80910000
vn 1.00000000 -0.00000000 -0.00000000
vn -0.00000000 -0.30970000 0.95080000
vn 1.00000000 -0.00000000 -0.00000000
vn -0.00000000 -0.00000000 1.00000000
vn 1.00000000 -0.00000000 -0.00000000
vn -0.00000000 0.30860000 -0.95120000
vn -0.00000000 0.58770000 -0.80910000
vn -0.00000000 0.30860000 -0.95120000
vn -0.00000000 -0.00000000 -1.00000000
vn 1.00000000 -0.00000000 -0.00000000
vn -0.00000000 -0.58770000 0.80910000
vn -0.00000000 -0.80900000 0.58790000
vn 1.00000000 -0.00000000 -0.00000000
vn -0.00000000 -0.30970000 0.95080000
vn -0.00000000 -0.58770000 0.80910000
vn 1.00000000 -0.00000000 -0.00000000
vn -0.00000000 0.80900000 -0.58780000
vn -0.00000000 0.58770000 -0.80910000
vn 1.00000000 -0.00000000 -0.00000000
vn -0.00000000 -0.80900000 0.58790000
vn -0.00000000 -0.95100000 0.30920000
vn 1.00000000 -0.00000000 -0.00000000
vn 1.00000000 -0.00000000 -0.00000000
vn -0.00000000 -0.95110000 0.30890000
vn 1.00000000 -0.00000000 -0.00000000
vn -0.00000000 -1.00000000 -0.00000000
vn -0.00000000 -0.95110000 0.30890000
vn 1.00000000 -0.00000000 -0.00000000
vn -0.00000000 -0.80900000 0.58790000
vn 1.00000000 -0.00000000 -0.00000000
vn -0.00000000 -1.00000000 -0.00000000
vn -0.00000000 -0.95110000 -0.30890000
vn -0.00000000 -0.58770000 -0.80910000
vn 1.00000000 -0.00000000 -0.00000000
vn -0.00000000 -0.30970000 -0.95080000
vn -0.00000000 -0.80900000 -0.58790000
vn -0.00000000 -0.58770000 -0.80910000
vn 1.00000000 -0.00000000 -0.00000000
vn 1.00000000 -0.00000000 -0.00000000
vn -0.00000000 0.30970000 -0.95080000
vn -0.00000000 -0.00000000 -1.00000000
vn 1.00000000 -0.00000000 -0.00000000
vn 1.00000000 -0.00000000 -0.00000000
vn -0.00000000 -0.00000000 -1.00000000
vn -0.00000000 -0.30970000 -0.95080000
vn -0.00000000 0.95110000 -0.30890000
vn -0.00000000 1.00000000 -0.00000000
vn 1.00000000 -0.00000000 -0.00000000
vn 1.00000000 -0.00000000 -0.00000000
vn -0.00000000 0.80900000 -0.58790000
vn -0.00000000 0.95110000 -0.30890000
vn -0.00000000 1.00000000 -0.00000000
vn -0.00000000 0.95110000 0.30890000
vn 1.00000000 -0.00000000 -0.00000000
vn 1.00000000 -0.00000000 -0.00000000
vn -0.00000000 -0.58770000 0.80910000
vn -0.00000000 -0.80900000 0.58790000
vn -0.00000000 0.30970000 -0.95080000
vn -0.00000000 0.58770000 -0.80910000
vn 1.00000000 -0.00000000 -0.00000000
vn 1.00000000 -0.00000000 -0.00000000
vn -0.00000000 -0.80900000 -0.58790000
vn -0.00000000 -0.95110000 -0.30890000
vn -0.00000000 0.80900000 -0.58790000
vn -0.00000000 0.58770000 -0.80910000
vn 1.00000000 -0.00000000 -0.00000000
vn -0.00000000 0.80900000 0.58790000
vn -0.00000000 0.58770000 0.80910000
vn 1.00000000 -0.00000000 -0.00000000
vn -0.00000000 0.80900000 0.58790000
vn -0.00000000 0.95110000 0.30890000
vn 1.00000000 -0.00000000 -0.00000000
vn -0.00000000 -0.30860000 0.95120000
vn -0.00000000 -0.58770000 0.80910000
vn 1.00000000 -0.00000000 -0.00000000
vn -0.00000000 -0.30860000 0.95120000
vn 1.00000000 -0.00000000 -0.00000000
vn -0.00000000 -0.00000000 1.00000000
vn -0.00000000 0.30860000 0.95120000
vn 1.00000000 -0.00000000 -0.00000000
vn -0.00000000 0.58770000 0.80910000
vn 1.00000000 -0.00000000 -0.00000000
vn -0.00000000 0.30860000 0.95120000
vn -0.00000000 -0.00000000 1.00000000
vn -0.00000000 -0.89110000 -0.45390000
vn -0.00000000 -0.98770000 -0.15650000
vn 1.00000000 -0.00000000 -0.00000000
vn -0.00000000 -0.98770000 -0.15650000
vn -0.00000000 -0.98770000 0.15630000
vn 1.00000000 -0.00000000 -0.00000000
vn 1.00000000 -0.00000000 -0.00000000
vn -0.00000000 -0.70700000 -0.70730000
vn -0.00000000 -0.89110000 -0.45390000
vn -0.00000000 -0.45470000 -0.89070000
vn -0.00000000 -0.70700000 -0.70730000
vn 1.00000000 -0.00000000 -0.00000000
vn 1.00000000 -0.00000000 -0.00000000
vn -0.00000000 0.15620000 -0.98770000
vn -0.00000000 -0.15620000 -0.98770000
vn -0.00000000 -0.15620000 -0.98770000
vn -0.00000000 -0.45470000 -0.89070000
vn 1.00000000 -0.00000000 -0.00000000
vn -0.00000000 0.45470000 -0.89070000
vn -0.00000000 0.15620000 -0.98770000
vn 1.00000000 -0.00000000 -0.00000000
vn -0.00000000 0.70700000 -0.70730000
vn -0.00000000 0.89110000 -0.45390000
vn 1.00000000 -0.00000000 -0.00000000
vn -0.00000000 0.70700000 -0.70730000
vn 1.00000000 -0.00000000 -0.00000000
vn -0.00000000 0.45470000 -0.89070000
vn -0.00000000 0.89110000 -0.45390000
vn 1.00000000 -0.00000000 -0.00000000
vn -0.00000000 0.98770000 -0.15650000
vn 1.00000000 -0.00000000 -0.00000000
vn -0.00000000 0.98770000 0.15630000
vn -0.00000000 0.98770000 -0.15650000
vn 1.00000000 -0.00000000 -0.00000000
vn -0.00000000 -0.89080000 0.45440000
vn -0.00000000 -0.98770000 0.15630000
vn -0.00000000 -0.70760000 0.70660000
vn -0.00000000 -0.89080000 0.45440000
vn 1.00000000 -0.00000000 -0.00000000
vn -0.00000000 0.89080000 0.45440000
vn -0.00000000 0.98770000 0.15630000
vn 1.00000000 -0.00000000 -0.00000000
vn -0.00000000 -0.15610000 0.98770000
vn 1.00000000 -0.00000000 -0.00000000
vn -0.00000000 -0.45370000 0.89110000
vn -0.00000000 0.15610000 0.98770000
vn 1.00000000 -0.00000000 -0.00000000
vn -0.00000000 -0.15610000 0.98770000
vn -0.00000000 0.70760000 0.70660000
vn -0.00000000 0.45370000 0.89110000
vn 1.00000000 -0.00000000 -0.00000000
vn 1.00000000 -0.00000000 -0.00000000
vn -0.00000000 0.89080000 0.45440000
vn -0.00000000 0.70760000 0.70660000
vn -0.00000000 -0.70760000 0.70660000
vn -0.00000000 -0.45370000 0.89110000
vn 1.00000000 -0.00000000 -0.00000000
vn -0.00000000 0.15610000 0.98770000
vn 1.00000000 -0.00000000 -0.00000000
vn -0.00000000 0.45370000 0.89110000
vn -0.00000000 0.45470000 -0.89070000
vn 1.00000000 -0.00000000 -0.00000000
vn -0.00000000 0.70690000 -0.70730000
vn 1.00000000 -0.00000000 -0.00000000
vn -0.00000000 0.98770000 -0.15650000
vn -0.00000000 0.89110000 -0.45390000
vn 1.00000000 -0.00000000 -0.00000000
vn -0.00000000 0.89080000 0.45440000
vn -0.00000000 0.98770000 0.15630000
vn -0.00000000 0.98770000 0.15630000
vn -0.00000000 0.98770000 -0.15650000
vn 1.00000000 -0.00000000 -0.00000000
vn -0.00000000 -0.98770000 -0.15650000
vn 1.00000000 -0.00000000 -0.00000000
vn -0.00000000 -0.89100000 -0.45390000
vn -0.00000000 -0.98770000 0.15630000
vn 1.00000000 -0.00000000 -0.00000000
vn -0.00000000 -0.98770000 -0.15650000
vn -0.00000000 0.70690000 -0.70730000
vn -0.00000000 0.89110000 -0.45390000
vn 1.00000000 -0.00000000 -0.00000000
vn -0.00000000 0.45370000 0.89110000
vn 1.00000000 -0.00000000 -0.00000000
vn -0.00000000 0.70760000 0.70660000
vn -0.00000000 0.70760000 0.70660000
vn 1.00000000 -0.00000000 -0.00000000
vn -0.00000000 0.89080000 0.45440000
vn -0.00000000 -0.89080000 0.45440000
vn 1.00000000 -0.00000000 -0.00000000
vn -0.00000000 -0.98770000 0.15630000
vn -0.00000000 -0.89080000 0.45440000
vn -0.00000000 -0.70760000 0.70660000
vn 1.00000000 -0.00000000 -0.00000000
vn -0.00000000 0.15620000 -0.98770000
vn -0.00000000 0.45470000 -0.89070000
vn 1.00000000 -0.00000000 -0.00000000
vn -0.00000000 -0.15620000 -0.98770000
vn 1.00000000 -0.00000000 -0.00000000
vn -0.00000000 0.15620000 -0.98770000
vn -0.00000000 0.15610000 0.98770000
vn -0.00000000 0.45370000 0.89110000
vn 1.00000000 -0.00000000 -0.00000000
vn -0.00000000 0.15610000 0.98770000
vn -0.00000000 -0.15610000 0.98770000
vn 1.00000000 -0.00000000 -0.00000000
vn -0.00000000 -0.70700000 -0.70730000
vn 1.00000000 -0.00000000 -0.00000000
vn -0.00000000 -0.45470000 -0.89070000
vn -0.00000000 -0.70700000 -0.70730000
vn 1.00000000 -0.00000000 -0.00000000
vn -0.00000000 -0.89100000 -0.45390000
vn -0.00000000 -0.45470000 -0.89070000
vn 1.00000000 -0.00000000 -0.00000000
vn -0.00000000 -0.15620000 -0.98770000
vn -0.00000000 -0.45370000 0.89110000
vn 1.00000000 -0.00000000 -0.00000000
vn -0.00000000 -0.70760000 0.70660000
vn -0.00000000 -0.15610000 0.98770000
vn -0.00000000 -0.45370000 0.89110000
vn 1.00000000 -0.00000000 -0.00000000
vn 1.00000000 -0.00000000 -0.00000000
vn -0.00000000 -0.15610000 0.98770000
vn -0.00000000 -0.45370000 0.89110000
vn 1.00000000 0.00010000 -0.00000000
vn -0.00000000 0.15610000 0.98770000
vn -0.00000000 -0.15610000 0.98770000
vn 1.00000000 -0.00000000 -0.00000000
vn -0.00000000 -0.45370000 0.89110000
vn 1.00000000 -0.00000000 -0.00000000
vn -0.00000000 -0.70760000 0.70660000
vn 1.00000000 0.00010000 -0.00000000
vn -0.00000000 -0.70760000 0.70660000
vn -0.00000000 -0.89080000 0.45440000
vn 1.00000000 -0.00000000 -0.00000000
vn 1.00000000 -0.00000000 -0.00000000
vn -0.00000000 -0.89080000 0.45440000
vn -0.00000000 -0.98770000 0.15630000
vn -0.00000000 -0.98770000 0.15630000
vn -0.00000000 -0.98770000 -0.15650000
vn 1.00000000 -0.00000000 -0.00000000
vn -0.00000000 -0.89110000 -0.45390000
vn -0.00000000 -0.98770000 -0.15650000
vn 1.00000000 -0.00000000 -0.00000000
vn -0.00000000 -0.70690000 -0.70730000
vn -0.00000000 -0.89110000 -0.45390000
vn 1.00000000 -0.00000000 -0.00000000
vn -0.00000000 -0.70690000 -0.70730000
vn 1.00000000 -0.00000000 -0.00000000
vn -0.00000000 -0.45470000 -0.89070000
vn -0.00000000 -0.45470000 -0.89070000
vn -0.00000000 -0.15620000 -0.98770000
vn 1.00000000 -0.00000000 -0.00000000
vn 1.00000000 0.00010000 -0.00000000
vn 1.00000000 -0.00010000 -0.00000000
vn -0.00000000 -0.15620000 -0.98770000
vn 1.00000000 -0.00000000 -0.00000000
vn -0.00000000 0.15620000 -0.98770000
vn 1.00000000 -0.00010000 -0.00000000
vn 1.00000000 -0.00010000 -0.00000000
vn -0.00000000 0.45470000 -0.89070000
vn -0.00000000 0.15620000 -0.98770000
vn 1.00000000 -0.00000000 -0.00000000
vn 1.00000000 -0.00000000 -0.00000000
vn -0.00000000 0.45470000 -0.89070000
vn -0.00000000 0.70700000 -0.70730000
vn 1.00000000 -0.00010000 -0.00000000
vn -0.00000000 0.89100000 -0.45390000
vn -0.00000000 0.70700000 -0.70730000
vn 1.00000000 -0.00000000 -0.00000000
vn 1.00000000 -0.00000000 -0.00000000
vn -0.00000000 0.98770000 -0.15650000
vn -0.00000000 0.89100000 -0.45390000
vn -0.00000000 0.98770000 -0.15650000
vn -0.00000000 0.98770000 0.15630000
vn 1.00000000 -0.00000000 -0.00000000
vn 1.00000000 -0.00000000 -0.00000000
vn -0.00000000 0.98770000 0.15630000
vn -0.00000000 0.89080000 0.45440000
vn 1.00000000 -0.00000000 -0.00000000
vn -0.00000000 0.70760000 0.70660000
vn -0.00000000 0.89080000 0.45440000
vn -0.00000000 0.70760000 0.70660000
vn 1.00000000 -0.00000000 -0.00000000
vn -0.00000000 0.45370000 0.89110000
vn 1.00000000 -0.00010000 -0.00000000
vn -0.00000000 0.15610000 0.98770000
vn -0.00000000 0.45370000 0.89110000
vn 1.00000000 -0.00000000 -0.00000000
vn -0.00000000 -0.95110000 0.30890000
vn -0.00000000 -0.80900000 0.58790000
vn 1.00000000 -0.00000000 -0.00000000
vn 1.00000000 -0.00000000 -0.00000000
vn -0.00000000 -0.58770000 0.80910000
vn -0.00000000 -0.80900000 0.58790000
vn -0.00000000 -1.00000000 -0.00000000
vn 1.00000000 -0.00000000 -0.00000000
vn -0.00000000 -0.95110000 0.30890000
vn -0.00000000 -0.95110000 -0.30890000
vn -0.00000000 -1.00000000 -0.00000000
vn 1.00000000 -0.00000000 -0.00000000
vn 1.00000000 -0.00000000 -0.00000000
vn -0.00000000 -0.95110000 -0.30890000
vn -0.00000000 -0.80900000 -0.58790000
vn 1.00000000 -0.00000000 -0.00000000
vn -0.00000000 -0.80900000 -0.58790000
vn -0.00000000 -0.58770000 -0.80910000
vn -0.00000000 -0.58770000 -0.80910000
vn -0.00000000 -0.30970000 -0.95080000
vn 1.00000000 -0.00000000 -0.00000000
vn -0.00000000 -0.30970000 -0.95080000
vn 1.00000000 -0.00000000 -0.00000000
vn -0.00000000 -0.00000000 -1.00000000
vn 1.00000000 -0.00000000 -0.00000000
vn -0.00000000 -0.00000000 -1.00000000
vn -0.00000000 0.30970000 -0.95080000
vn 1.00000000 -0.00000000 -0.00000000
vn -0.00000000 0.30970000 -0.95080000
vn -0.00000000 0.58770000 -0.80910000
vn -0.00000000 0.58770000 -0.80910000
vn -0.00000000 0.80900000 -0.58790000
vn 1.00000000 -0.00000000 -0.00000000
vn 1.00000000 -0.00000000 -0.00000000
vn -0.00000000 0.95110000 -0.30890000
vn -0.00000000 0.80900000 -0.58790000
vn 1.00000000 -0.00000000 -0.00000000
vn -0.00000000 0.95110000 -0.30890000
vn -0.00000000 1.00000000 -0.00000000
vn 1.00000000 -0.00000000 -0.00000000
vn -0.00000000 0.95110000 0.30890000
vn -0.00000000 1.00000000 -0.00000000
vn -0.00000000 0.80900000 0.58790000
vn -0.00000000 0.95110000 0.30890000
vn 1.00000000 -0.00000000 -0.00000000
vn 1.00000000 -0.00000000 -0.00000000
vn -0.00000000 0.58770000 0.80910000
vn -0.00000000 0.80900000 0.58790000
vn -0.00000000 0.58770000 0.80910000
vn -0.00000000 0.30860000 0.95120000
vn 1.00000000 -0.00000000 -0.00000000
vn -0.00000000 -0.00000000 1.00000000
vn -0.00000000 0.30860000 0.95120000
vn 1.00000000 -0.00000000 -0.00000000
vn -0.00000000 -0.30860000 0.95120000
vn 1.00000000 -0.00000000 -0.00000000
vn -0.00000000 -0.00000000 1.00000000
vn -0.00000000 -0.58770000 0.80910000
vn -0.00000000 -0.30860000 0.95120000
vn 1.00000000 -0.00000000 -0.00000000
vn 1.00000000 -0.00000000 -0.00000000
vn -0.00000000 -0.98770000 -0.15650000
vn -0.00000000 -0.89110000 -0.45390000
vn -0.00000000 -0.98770000 -0.15650000
vn 1.00000000 -0.00000000 -0.00000000
vn -0.00000000 -0.98770000 0.15630000
vn -0.00000000 -0.89110000 -0.45390000
vn 1.00000000 -0.00000000 -0.00000000
vn -0.00000000 -0.70700000 -0.70730000
vn 1.00000000 -0.00000000 -0.00000000
vn -0.00000000 -0.70700000 -0.70730000
vn -0.00000000 -0.45470000 -0.89070000
vn 1.00000000 -0.00010000 -0.00000000
vn 1.00000000 0.00010000 -0.00000000
vn 1.00000000 -0.00000000 -0.00000000
vn -0.00000000 -0.45470000 -0.89070000
vn -0.00000000 -0.15620000 -0.98770000
vn 1.00000000 -0.00010000 -0.00000000
vn -0.00000000 0.15620000 -0.98770000
vn 1.00000000 -0.00000000 -0.00000000
vn -0.00000000 -0.15620000 -0.98770000
vn -0.00000000 0.45470000 -0.89070000
vn 1.00000000 -0.00010000 -0.00000000
vn -0.00000000 0.15620000 -0.98770000
vn 1.00000000 -0.00000000 -0.00000000
vn -0.00000000 0.45470000 -0.89070000
vn 1.00000000 -0.00010000 -0.00000000
vn 1.00000000 -0.00000000 -0.00000000
vn -0.00000000 0.70700000 -0.70730000
vn -0.00000000 0.70700000 -0.70730000
vn 1.00000000 -0.00000000 -0.00000000
vn -0.00000000 0.89110000 -0.45390000
vn -0.00000000 0.89110000 -0.45390000
vn -0.00000000 0.98770000 -0.15650000
vn 1.00000000 -0.00000000 -0.00000000
vn -0.00000000 0.98770000 0.15630000
vn -0.00000000 0.98770000 -0.15650000
vn 1.00000000 -0.00000000 -0.00000000
vn -0.00000000 0.98770000 0.15630000
vn -0.00000000 0.89080000 0.45440000
vn 1.00000000 -0.00000000 -0.00000000
vn -0.00000000 0.89080000 0.45440000
vn -0.00000000 0.70760000 0.70660000
vn 1.00000000 -0.00000000 -0.00000000
vn -0.00000000 0.45370000 0.89110000
vn -0.00000000 0.70760000 0.70660000
vn 1.00000000 -0.00000000 -0.00000000
vn 1.00000000 -0.00000000 -0.00000000
vn 1.00000000 -0.00010000 -0.00000000
vn -0.00000000 0.15610000 0.98770000
vn -0.00000000 0.45370000 0.89110000
vn -0.00000000 -0.15610000 0.98770000
vn -0.00000000 0.15610000 0.98770000
vn 1.00000000 -0.00000000 -0.00000000
vn 1.00000000 -0.00000000 -0.00000000
vn -0.00000000 -0.45370000 0.89110000
vn -0.00000000 -0.15610000 0.98770000
vn 1.00000000 0.00010000 -0.00000000
vn -0.00000000 -0.70760000 0.70660000
vn 1.00000000 -0.00000000 -0.00000000
vn 1.00000000 0.00010000 -0.00000000
vn -0.00000000 -0.45370000 0.89110000
vn 1.00000000 -0.00000000 -0.00000000
vn -0.00000000 -0.70760000 0.70660000
vn -0.00000000 -0.89080000 0.45440000
vn 1.00000000 -0.00000000 -0.00000000
vn -0.00000000 -0.98770000 0.15630000
vn -0.00000000 -0.89080000 0.45440000
vn -0.00000000 -0.30970000 -0.95080000
vn -0.00000000 -0.58770000 -0.80910000
vn 1.00000000 -0.00000000 -0.00000000
vn 1.00000000 -0.00000000 -0.00000000
vn -0.00000000 -0.58770000 -0.80910000
vn -0.00000000 -0.80900000 -0.58790000
vn -0.00000000 -0.00000000 -1.00000000
vn -0.00000000 -0.30970000 -0.95080000
vn 1.00000000 -0.00000000 -0.00000000
vn 1.00000000 -0.00000000 -0.00000000
vn -0.00000000 -0.00000000 -1.00000000
vn -0.00000000 0.30970000 -0.95080000
vn 1.00000000 -0.00000000 -0.00000000
vn -0.00000000 0.30970000 -0.95080000
vn -0.00000000 0.58770000 -0.80910000
vn 1.00000000 -0.00000000 -0.00000000
vn -0.00000000 0.58770000 -0.80910000
vn -0.00000000 0.80900000 -0.58790000
vn 1.00000000 -0.00000000 -0.00000000
vn -0.00000000 0.95110000 -0.30890000
vn -0.00000000 0.80900000 -0.58790000
vn -0.00000000 0.95110000 -0.30890000
vn 1.00000000 -0.00000000 -0.00000000
vn -0.00000000 1.00000000 -0.00000000
vn -0.00000000 1.00000000 -0.00000000
vn -0.00000000 0.95110000 0.30890000
vn 1.00000000 -0.00000000 -0.00000000
vn 1.00000000 -0.00000000 -0.00000000
vn -0.00000000 0.95110000 0.30890000
vn -0.00000000 0.80900000 0.58790000
vn 1.00000000 -0.00000000 -0.00000000
vn -0.00000000 0.58770000 0.80910000
vn -0.00000000 0.80900000 0.58790000
vn -0.00000000 0.58770000 0.80910000
vn 1.00000000 -0.00000000 -0.00000000
vn -0.00000000 0.30860000 0.95120000
vn -0.00000000 0.30860000 0.95120000
vn -0.00000000 -0.00000000 1.00000000
vn 1.00000000 -0.00000000 -0.00000000
vn -0.00000000 -0.00000000 1.00000000
vn 1.00000000 -0.00000000 -0.00000000
vn -0.00000000 -0.30860000 0.95120000
vn -0.00000000 -0.58770000 0.80910000
vn 1.00000000 -0.00000000 -0.00000000
vn -0.00000000 -0.30860000 0.95120000
vn -0.00000000 -0.58770000 0.80910000
vn 1.00000000 -0.00000000 -0.00000000
vn -0.00000000 -0.80900000 0.58790000
vn -0.00000000 -0.80900000 0.58790000
vn 1.00000000 -0.00000000 -0.00000000
vn -0.00000000 -0.95110000 0.30890000
vn -0.00000000 -0.95110000 0.30890000
vn -0.00000000 -1.00000000 -0.00000000
vn 1.00000000 -0.00000000 -0.00000000
vn 1.00000000 -0.00000000 -0.00000000
vn -0.00000000 -0.95110000 -0.30890000
vn -0.00000000 -1.00000000 -0.00000000
vn -0.00000000 -0.95110000 -0.30890000
vn 1.00000000 -0.00000000 -0.00000000
vn -0.00000000 -0.80900000 -0.58790000
vn -0.00000000 0.45470000 -0.89070000
vn 1.00000000 -0.00010000 -0.00000000
vn -0.00000000 0.15620000 -0.98770000
vn 1.00000000 -0.00000000 -0.00000000
vn -0.00000000 -0.15620000 -0.98770000
vn -0.00000000 0.15620000 -0.98770000
vn 1.00000000 -0.00010000 -0.00000000
vn 1.00000000 -0.00000000 -0.00000000
vn 1.00000000 -0.00010000 -0.00000000
vn 1.00000000 -0.00000000 -0.00000000
vn -0.00000000 0.70690000 -0.70730000
vn -0.00000000 0.45470000 -0.89070000
vn -0.00000000 0.70690000 -0.70730000
vn 1.00000000 -0.00000000 -0.00000000
vn -0.00000000 0.89110000 -0.45390000
vn -0.00000000 0.89110000 -0.45390000
vn 1.00000000 -0.00000000 -0.00000000
vn -0.00000000 0.98770000 -0.15650000
vn -0.00000000 0.98770000 -0.15650000
vn -0.00000000 0.98770000 0.15630000
vn 1.00000000 -0.00000000 -0.00000000
vn -0.00000000 0.89080000 0.45440000
vn 1.00000000 -0.00000000 -0.00000000
vn -0.00000000 0.98770000 0.15630000
vn -0.00000000 0.70760000 0.70660000
vn 1.00000000 -0.00000000 -0.00000000
vn -0.00000000 0.89080000 0.45440000
vn 1.00000000 -0.00000000 -0.00000000
vn -0.00000000 0.45370000 0.89110000
vn -0.00000000 0.70760000 0.70660000
vn -0.00000000 0.45370000 0.89110000
vn 1.00000000 -0.00000000 -0.00000000
vn 1.00000000 -0.00010000 -0.00000000
vn -0.00000000 0.15610000 0.98770000
vn -0.00000000 0.15610000 0.98770000
vn -0.00000000 -0.15610000 0.98770000
vn 1.00000000 -0.00000000 -0.00000000
vn 1.00000000 -0.00000000 -0.00000000
vn -0.00000000 -0.15610000 0.98770000
vn -0.00000000 -0.45370000 0.89110000
vn 1.00000000 0.00010000 -0.00000000
vn 1.00000000 -0.00000000 -0.00000000
vn 1.00000000 0.00010000 -0.00000000
vn -0.00000000 -0.45370000 0.89110000
vn -0.00000000 -0.70760000 0.70660000
vn -0.00000000 -0.70760000 0.70660000
vn -0.00000000 -0.89080000 0.45440000
vn 1.00000000 -0.00000000 -0.00000000
vn -0.00000000 -0.98770000 0.15630000
vn -0.00000000 -0.89080000 0.45440000
vn 1.00000000 -0.00000000 -0.00000000
vn 1.00000000 -0.00000000 -0.00000000
vn -0.00000000 -0.98770000 -0.15650000
vn -0.00000000 -0.98770000 0.15630000
vn -0.00000000 -0.89100000 -0.45390000
vn 1.00000000 -0.00000000 -0.00000000
vn -0.00000000 -0.98770000 -0.15650000
vn -0.00000000 -0.70700000 -0.70730000
vn 1.00000000 -0.00000000 -0.00000000
vn -0.00000000 -0.89100000 -0.45390000
vn -0.00000000 -0.45470000 -0.89070000
vn 1.00000000 -0.00000000 -0.00000000
vn -0.00000000 -0.70700000 -0.70730000
vn -0.00000000 -0.15620000 -0.98770000
vn -0.00000000 -0.45470000 -0.89070000
vn 1.00000000 -0.00000000 -0.00000000
vn 1.00000000 0.00010000 -0.00000000
vn 1.00000000 -0.00010000 -0.00000000
vn 1.00000000 -0.00000000 -0.00000000
vn -0.00000000 0.95110000 -0.30890000
vn -0.00000000 0.80900000 -0.58780000
vn -0.00000000 0.80900000 -0.58780000
vn -0.00000000 0.58770000 -0.80910000
vn 1.00000000 -0.00000000 -0.00000000
vn -0.00000000 1.00000000 -0.00000000
vn -0.00000000 0.95110000 -0.30890000
vn 1.00000000 -0.00000000 -0.00000000
vn -0.00000000 1.00000000 -0.00000000
vn -0.00000000 0.95100000 0.30920000
vn 1.00000000 -0.00000000 -0.00000000
vn 1.00000000 -0.00000000 -0.00000000
vn -0.00000000 0.80900000 0.58790000
vn -0.00000000 0.95100000 0.30920000
vn -0.00000000 0.58770000 0.80910000
vn -0.00000000 0.80900000 0.58790000
vn 1.00000000 -0.00000000 -0.00000000
vn -0.00000000 0.30970000 0.95080000
vn -0.00000000 0.58770000 0.80910000
vn 1.00000000 -0.00000000 -0.00000000
vn 1.00000000 -0.00000000 -0.00000000
vn -0.00000000 -0.00000000 1.00000000
vn -0.00000000 0.30970000 0.95080000
vn 1.00000000 -0.00000000 -0.00000000
vn -0.00000000 -0.00000000 1.00000000
vn -0.00000000 -0.30970000 0.95080000
vn -0.00000000 -0.58770000 0.80910000
vn 1.00000000 -0.00000000 -0.00000000
vn -0.00000000 -0.30970000 0.95080000
vn 1.00000000 -0.00000000 -0.00000000
vn -0.00000000 -0.80900000 0.58790000
vn -0.00000000 -0.58770000 0.80910000
vn -0.00000000 -0.80900000 0.58790000
vn -0.00000000 -0.95100000 0.30920000
vn 1.00000000 -0.00000000 -0.00000000
vn -0.00000000 -1.00000000 -0.00000000
vn -0.00000000 -0.95100000 0.30920000
vn 1.00000000 -0.00000000 -0.00000000
vn 1.00000000 -0.00000000 -0.00000000
vn -0.00000000 -0.95110000 -0.30890000
vn -0.00000000 -1.00000000 -0.00000000
vn 1.00000000 -0.00000000 -0.00000000
vn -0.00000000 -0.80900000 -0.58780000
vn -0.00000000 -0.95110000 -0.30890000
vn -0.00000000 -0.58770000 -0.80910000
vn -0.00000000 -0.80900000 -0.58780000
vn 1.00000000 -0.00000000 -0.00000000
vn 1.00000000 -0.00000000 -0.00000000
vn -0.00000000 -0.58770000 -0.80910000
vn -0.00000000 -0.30860000 -0.95120000
vn -0.00000000 -0.30860000 -0.95120000
vn -0.00000000 -0.00000000 -1.00000000
vn 1.00000000 -0.00000000 -0.00000000
vn -0.00000000 0.30860000 -0.95120000
vn -0.00000000 -0.00000000 -1.00000000
vn 1.00000000 -0.00000000 -0.00000000
vn 1.00000000 -0.00000000 -0.00000000
vn -0.00000000 0.30860000 -0.95120000
vn -0.00000000 0.58770000 -0.80910000
vn 1.00000000 -0.00000000 -0.00000000
vn -0.00000000 0.98770000 0.15630000
vn -0.00000000 0.89080000 0.45440000
vn -0.00000000 0.98770000 0.15630000
vn 1.00000000 -0.00000000 -0.00000000
vn -0.00000000 0.98770000 -0.15650000
vn -0.00000000 0.70760000 0.70660000
vn -0.00000000 0.89080000 0.45440000
vn 1.00000000 -0.00000000 -0.00000000
vn -0.00000000 0.70760000 0.70660000
vn 1.00000000 -0.00000000 -0.00000000
vn -0.00000000 0.45370000 0.89110000
vn -0.00000000 0.15610000 0.98770000
vn -0.00000000 0.45370000 0.89110000
vn 1.00000000 -0.00010000 -0.00000000
vn 1.00000000 -0.00000000 -0.00000000
vn 1.00000000 -0.00000000 -0.00000000
vn -0.00000000 0.15610000 0.98770000
vn -0.00000000 -0.15610000 0.98770000
vn 1.00000000 -0.00000000 -0.00000000
vn 1.00000000 0.00010000 -0.00000000
vn -0.00000000 -0.45370000 0.89110000
vn -0.00000000 -0.15610000 0.98770000
vn 1.00000000 -0.00000000 -0.00000000
vn -0.00000000 -0.45370000 0.89110000
vn 1.00000000 0.00010000 -0.00000000
vn -0.00000000 -0.70760000 0.70660000
vn -0.00000000 -0.89080000 0.45440000
vn -0.00000000 -0.70760000 0.70660000
vn 1.00000000 -0.00000000 -0.00000000
vn -0.00000000 -0.98770000 0.15630000
vn -0.00000000 -0.89080000 0.45440000
vn 1.00000000 -0.00000000 -0.00000000
vn 1.00000000 -0.00000000 -0.00000000
vn -0.00000000 -0.98770000 0.15630000
vn -0.00000000 -0.98770000 -0.15650000
vn -0.00000000 -0.98770000 -0.15650000
vn -0.00000000 -0.89110000 -0.45390000
vn 1.00000000 -0.00000000 -0.00000000
vn -0.00000000 -0.89110000 -0.45390000
vn 1.00000000 -0.00000000 -0.00000000
vn -0.00000000 -0.70700000 -0.70730000
vn -0.00000000 -0.70700000 -0.70730000
vn 1.00000000 -0.00000000 -0.00000000
vn -0.00000000 -0.45470000 -0.89070000
vn 1.00000000 0.00010000 -0.00000000
vn -0.00000000 -0.45470000 -0.89070000
vn 1.00000000 -0.00000000 -0.00000000
vn 1.00000000 -0.00010000 -0.00000000
vn -0.00000000 -0.15620000 -0.98770000
vn -0.00000000 0.15620000 -0.98770000
vn -0.00000000 -0.15620000 -0.98770000
vn 1.00000000 -0.00000000 -0.00000000
vn 1.00000000 -0.00010000 -0.00000000
vn 1.00000000 -0.00010000 -0.00000000
vn -0.00000000 0.45470000 -0.89070000
vn -0.00000000 0.15620000 -0.98770000
vn 1.00000000 -0.00000000 -0.00000000
vn 1.00000000 -0.00000000 -0.00000000
vn -0.00000000 0.70700000 -0.70730000
vn -0.00000000 0.45470000 -0.89070000
vn 1.00000000 -0.00010000 -0.00000000
vn -0.00000000 0.89110000 -0.45390000
vn 1.00000000 -0.00000000 -0.00000000
vn -0.00000000 0.70700000 -0.70730000
vn -0.00000000 0.89110000 -0.45390000
vn 1.00000000 -0.00000000 -0.00000000
vn -0.00000000 0.98770000 -0.15650000
vn -0.00000000 0.30970000 0.95080000
vn 1.00000000 -0.00000000 -0.00000000
vn -0.00000000 0.58770000 0.80910000
vn -0.00000000 0.58770000 0.80910000
vn -0.00000000 0.80900000 0.58790000
vn 1.00000000 -0.00000000 -0.00000000
vn 1.00000000 -0.00000000 -0.00000000
vn -0.00000000 -0.00000000 1.00000000
vn -0.00000000 0.30970000 0.95080000
vn 1.00000000 -0.00000000 -0.00000000
vn -0.00000000 -0.30970000 0.95080000
vn -0.00000000 -0.00000000 1.00000000
vn 1.00000000 -0.00000000 -0.00000000
vn -0.00000000 -0.30970000 0.95080000
vn -0.00000000 -0.58770000 0.80910000
vn 1.00000000 -0.00000000 -0.00000000
vn -0.00000000 -0.80900000 0.58790000
vn -0.00000000 -0.58770000 0.80910000
vn 1.00000000 -0.00000000 -0.00000000
vn -0.00000000 -0.95100000 0.30920000
vn -0.00000000 -0.80900000 0.58790000
vn -0.00000000 -0.95100000 0.30920000
vn -0.00000000 -1.00000000 -0.00000000
vn 1.00000000 -0.00000000 -0.00000000
vn 1.00000000 -0.00000000 -0.00000000
vn -0.00000000 -1.00000000 -0.00000000
vn -0.00000000 -0.95110000 -0.30890000
vn -0.00000000 -0.95110000 -0.30890000
vn -0.00000000 -0.80900000 -0.58780000
vn 1.00000000 -0.00000000 -0.00000000
vn 1.00000000 -0.00000000 -0.00000000
vn -0.00000000 -0.58770000 -0.80910000
vn -0.00000000 -0.80900000 -0.58780000
vn -0.00000000 -0.30860000 -0.95120000
vn 1.00000000 -0.00000000 -0.00000000
vn -0.00000000 -0.58770000 -0.80910000
vn -0.00000000 -0.00000000 -1.00000000
vn -0.00000000 -0.30860000 -0.95120000
vn 1.00000000 -0.00000000 -0.00000000
vn 1.00000000 -0.00000000 -0.00000000
vn -0.00000000 0.30860000 -0.95120000
vn -0.00000000 -0.00000000 -1.00000000
vn -0.00000000 0.30860000 -0.95120000
vn -0.00000000 0.58770000 -0.80910000
vn 1.00000000 -0.00000000 -0.00000000
vn -0.00000000 0.58770000 -0.80910000
vn -0.00000000 0.80900000 -0.58780000
vn 1.00000000 -0.00000000 -0.00000000
vn -0.00000000 0.95110000 -0.30890000
vn 1.00000000 -0.00000000 -0.00000000
vn -0.00000000 0.80900000 -0.58780000
vn -0.00000000 1.00000000 -0.00000000
vn -0.00000000 0.95110000 -0.30890000
vn 1.00000000 -0.00000000 -0.00000000
vn 1.00000000 -0.00000000 -0.00000000
vn -0.00000000 0.95100000 0.30920000
vn -0.00000000 1.00000000 -0.00000000
vn 1.00000000 -0.00000000 -0.00000000
vn -0.00000000 0.80900000 0.58790000
vn -0.00000000 0.95100000 0.30920000
f 1//1 8//8 12//12
f 5//5 15//15 19//19
f 2//2 22//22 7//7
f 21//21 5//5 24//24
f 27//27 32//32 35//35
f 38//38 43//43 45//45
f 38//38 51//51 55//55
f 19//19 56//56 5//5
f 24//24 60//60 21//21
f 64//64 67//67 70//70
f 37//37 71//71 28//28
f 38//38 77//77 43//43
f 38//38 80//80 51//51
f 38//38 64//64 83//83
f 85//85 88//88 91//91
f 13//13 15//15 5//5
f 64//64 94//94 67//67
f 46//46 74//74 40//40
f 52//52 98//98 40//40
f 38//38 103//103 104//104
f 83//83 108//108 38//38
f 85//85 113//113 88//88
f 85//85 116//116 122//122
f 116//116 127//127 5//5
f 116//116 85//85 128//128
f 132//132 137//137 139//139
f 64//64 141//141 94//94
f 97//97 77//77 38//38
f 108//108 103//103 38//38
f 122//122 113//113 85//85
f 131//131 124//124 119//119
f 139//139 144//144 132//132
f 64//64 149//149 151//151
f 64//64 156//156 157//157
f 64//64 38//38 141//141
f 104//104 80//80 38//38
f 137//137 162//162 165//165
f 137//137 132//132 168//168
f 56//56 116//116 5//5
f 144//144 169//169 132//132
f 157//157 149//149 64//64
f 35//35 38//38 27//27
f 168//168 162//162 137//137
f 169//169 85//85 132//132
f 70//70 156//156 64//64
f 91//91 132//132 85//85
f 165//165 64//64 137//137
f 151//151 137//137 64//64
f 158//158 172//172 177//177
f 155//155 180//180 173//173
f 68//68 182//182 179//179
f 66//66 186//186 181//181
f 96//96 188//188 185//185
f 143//143 193//193 190//190
f 41//41 195//195 192//192
f 36//36 198//198 194//194
f 33//33 200//200 199//199
f 30//30 203//203 202//202
f 72//72 207//207 204//204
f 47//47 211//211 208//208
f 42//42 212//212 209//209
f 75//75 215//215 213//213
f 99//99 220//220 217//217
f 54//54 222//222 218//218
f 49//49 226//226 223//223
f 78//78 229//229 225//225
f 107//107 232//232 228//228
f 102//102 236//236 231//231
f 110//110 239//239 234//234
f 82//82 241//241 238//238
f 63//63 246//246 242//242
f 164//164 248//248 245//245
f 160//160 252//252 247//247
f 166//166 254//254 251//251
f 133//133 259//259 255//255
f 92//92 260//260 257//257
f 89//89 263//263 262//262
f 115//115 269//269 264//264
f 123//123 272//272 268//268
f 118//118 274//274 270//270
f 57//57 278//278 276//276
f 17//17 280//280 277//277
f 16//16 283//283 282//282
f 11//11 288//288 284//284
f 6//6 290//290 287//287
f 20//20 294//294 289//289
f 61//61 295//295 292//292
f 26//26 299//299 296//296
f 3//3 302//302 300//300
f 125//125 306//306 301//301
f 130//130 308//308 304//304
f 84//84 311//311 307//307
f 171//171 315//315 312//312
f 147//147 319//319 314//314
f 140//140 322//322 318//318
f 135//135 323//323 321//321
f 153//153 328//328 324//324
f 148//148 176//176 326//326
f 326//326 152//152 148//148
f 324//324 136//136 153//153
f 321//321 138//138 135//135
f 318//318 146//146 140//140
f 313//313 170//170 145//145
f 312//312 86//86 171//171
f 307//307 129//129 84//84
f 304//304 126//126 130//130
f 301//301 4//4 125//125
f 300//300 25//25 3//3
f 296//296 59//59 26//26
f 292//292 23//23 61//61
f 289//289 9//9 20//20
f 287//287 10//10 6//6
f 284//284 14//14 11//11
f 282//282 18//18 16//16
f 277//277 58//58 17//17
f 276//276 117//117 57//57
f 271//271 121//121 120//120
f 268//268 114//114 123//123
f 266//266 87//87 112//112
f 262//262 90//90 89//89
f 257//257 134//134 92//92
f 255//255 167//167 133//133
f 251//251 161//161 166//166
f 247//247 163//163 160//160
f 245//245 62//62 164//164
f 242//242 81//81 63//63
f 238//238 109//109 82//82
f 235//235 101//101 111//111
f 231//231 106//106 102//102
f 230//230 79//79 105//105
f 225//225 50//50 78//78
f 223//223 53//53 49//49
f 218//218 100//100 54//54
f 217//217 76//76 99//99
f 213//213 44//44 75//75
f 209//209 48//48 42//42
f 208//208 73//73 47//47
f 204//204 29//29 72//72
f 202//202 31//31 30//30
f 199//199 34//34 33//33
f 194//194 39//39 36//36
f 192//192 142//142 41//41
f 190//190 95//95 143//143
f 184//184 65//65 93//93
f 181//181 69//69 66//66
f 179//179 154//154 68//68
f 173//173 159//159 155//155
f 177//177 150//150 158//158
f 286//286 291//291 330//330
f 291//291 293//293 334//334
f 334//334 330//330 291//291
f 293//293 297//297 336//336
f 210//210 338//338 343//343
f 214//214 344//344 338//338
f 285//285 347//347 350//350
f 336//336 334//334 293//293
f 297//297 298//298 355//355
f 338//338 210//210 214//214
f 216//216 361//361 344//344
f 219//219 221//221 362//362
f 275//275 367//367 370//370
f 279//279 375//375 367//367
f 350//350 281//281 285//285
f 355//355 336//336 297//297
f 303//303 378//378 355//355
f 305//305 382//382 378//378
f 201//201 205//205 385//385
f 206//206 343//343 385//385
f 344//344 214//214 216//216
f 361//361 216//216 219//219
f 367//367 275//275 279//279
f 281//281 350//350 375//375
f 330//330 347//347 286//286
f 378//378 303//303 305//305
f 191//191 196//196 388//388
f 196//196 197//197 393//393
f 385//385 205//205 206//206
f 362//362 361//361 219//219
f 221//221 224//224 396//396
f 224//224 227//227 398//398
f 375//375 279//279 281//281
f 355//355 298//298 303//303
f 309//309 404//404 382//382
f 310//310 406//406 404//404
f 393//393 388//388 196//196
f 197//197 201//201 411//411
f 343//343 206//206 210//210
f 398//398 396//396 224//224
f 285//285 286//286 347//347
f 404//404 309//309 310//310
f 316//316 317//317 413//413
f 189//189 417//417 422//422
f 411//411 393//393 197//197
f 396//396 362//362 221//221
f 382//382 305//305 309//309
f 406//406 310//310 316//316
f 422//422 187//187 189//189
f 385//385 411//411 201//201
f 258//258 261//261 427//427
f 261//261 265//265 429//429
f 273//273 370//370 434//434
f 413//413 406//406 316//316
f 178//178 440//440 443//443
f 183//183 446//446 440//440
f 187//187 422//422 446//446
f 388//388 417//417 191//191
f 227//227 233//233 450//450
f 233//233 237//237 456//456
f 429//429 427//427 261//261
f 265//265 267//267 434//434
f 370//370 273//273 275//275
f 317//317 320//320 459//459
f 320//320 325//325 461//461
f 325//325 327//327 465//465
f 174//174 443//443 468//468
f 440//440 178//178 183//183
f 189//189 191//191 417//417
f 456//456 450//450 233//233
f 243//243 473//473 477//477
f 244//244 480//480 473//473
f 434//434 429//429 265//265
f 459//459 413//413 317//317
f 465//465 461//461 325//325
f 327//327 175//175 468//468
f 443//443 174//174 178//178
f 450//450 398//398 227//227
f 240//240 477//477 456//456
f 473//473 243//243 244//244
f 253//253 256//256 487//487
f 256//256 258//258 489//489
f 434//434 267//267 273//273
f 468//468 465//465 327//327
f 446//446 183//183 187//187
f 477//477 240//240 243//243
f 249//249 494//494 480//480
f 253//253 495//495 494//494
f 489//489 487//487 256//256
f 461//461 459//459 320//320
f 456//456 237//237 240//240
f 494//494 249//249 253//253
f 427//427 489//489 258//258
f 480//480 244//244 249//249
f 468//468 175//175 174//174
f 485//485 496//496 250//250
f 444//444 499//499 502//502
f 441//441 506//506 500//500
f 447//447 510//510 513//513
f 513//513 439//439 447//447
f 423//423 515//515 509//509
f 416//416 518//518 514//514
f 390//390 521//521 525//525
f 525//525 419//419 390//390
f 389//389 527//527 523//523
f 392//392 531//531 529//529
f 409//409 533//533 530//530
f 384//384 538//538 535//535
f 341//341 540//540 544//544
f 544//544 386//386 341//341
f 340//340 545//545 539//539
f 346//346 549//549 547//547
f 359//359 553//553 548//548
f 364//364 554//554 559//559
f 557//557 360//360 363//363
f 395//395 560//560 556//556
f 399//399 565//565 562//562
f 400//400 452//452 566//566
f 451//451 570//570 567//567
f 454//454 574//574 576//576
f 577//577 449//449 453//453
f 479//479 582//582 573//573
f 478//478 472//472 583//583
f 470//470 588//588 585//585
f 482//482 590//590 596//596
f 593//593 471//471 483//483
f 492//492 598//598 591//591
f 484//484 602//602 604//604
f 599//599 493//493 497//497
f 497//497 605//605 599//599
f 490//490 607//607 601//601
f 488//488 425//425 610//610
f 424//424 613//613 612//612
f 432//432 617//617 621//621
f 622//622 428//428 431//431
f 437//437 626//626 616//616
f 433//433 371//371 628//628
f 372//372 631//631 630//630
f 366//366 636//636 637//637
f 637//637 373//373 366//366
f 376//376 640//640 635//635
f 351//351 643//643 642//642
f 353//353 349//349 646//646
f 646//646 650//650 353//353
f 349//349 653//653 646//646
f 329//329 655//655 651//651
f 333//333 659//659 654//654
f 337//337 661//661 658//658
f 335//335 357//357 663//663
f 356//356 666//666 665//665
f 379//379 671//671 674//674
f 673//673 354//354 377//377
f 381//381 678//678 669//669
f 401//401 679//679 676//676
f 402//402 408//408 682//682
f 682//682 685//685 402//402
f 407//407 689//689 684//684
f 415//415 694//694 690//690
f 458//458 695//695 693//693
f 457//457 460//460 698//698
f 462//462 703//703 699//699
f 464//464 705//705 701//701
f 467//467 504//504 706//706
f 706//706 466//466 467//467
f 701//701 463//463 464//464
f 698//698 696//696 457//457
f 693//693 414//414 458//458
f 688//688 405//405 412//412
f 686//686 681//681 403//403
f 676//676 383//383 401//401
f 669//669 380//380 381//381
f 672//672 668//668 358//358
f 663//663 660//660 335//335
f 658//658 332//332 337//337
f 654//654 331//331 333//333
f 651//651 348//348 329//329
f 649//649 644//644 352//352
f 642//642 374//374 351//351
f 635//635 368//368 376//376
f 639//639 633//633 369//369
f 627//627 624//624 435//435
f 619//619 430//430 436//436
f 623//623 614//614 426//426
f 611//611 608//608 491//491
f 601//601 486//486 490//490
f 604//604 498//498 484//484
f 591//591 481//481 492//492
f 594//594 587//587 474//474
f 586//586 580//580 476//476
f 575//575 455//455 475//475
f 578//578 571//571 448//448
f 566//566 564//564 400//400
f 562//562 397//397 399//399
f 556//556 365//365 395//395
f 557//557 551//551 360//360
f 548//548 345//345 359//359
f 547//547 339//339 346//346
f 539//539 342//342 340//340
f 542//542 536//536 387//387
f 535//535 410//410 384//384
f 530//530 394//394 409//409
f 529//529 391//391 392//392
f 526//526 520//520 420//420
f 517//517 421//421 418//418
f 509//509 445//445 423//423
f 511//511 507//507 438//438
f 500//500 442//442 441//441
f 502//502 469//469 444//444
f 707//707 708//708 710//710
f 712//712 715//715 717//717
f 707//707 721//721 722//722
f 708//708 727//727 710//710
f 708//708 728//728 730//730
f 728//728 732//732 736//736
f 717//717 728//728 712//712
f 710//710 721//721 707//707
f 708//708 739//739 742//742
f 730//730 745//745 708//708
f 728//728 748//748 751//751
f 717//717 732//732 728//728
f 712//712 754//754 756//756
f 742//742 727//727 708//708
f 751//751 730//730 728//728
f 756//756 715//715 712//712
f 712//712 761//761 762//762
f 707//707 765//765 761//761
f 745//745 739//739 708//708
f 762//762 754//754 712//712
f 707//707 770//770 765//765
f 736//736 748//748 728//728
f 722//722 770//770 707//707
f 771//771 772//772 774//774
f 774//774 778//778 771//771
f 779//779 780//780 783//783
f 779//779 712//712 786//786
f 772//772 791//791 774//774
f 772//772 793//793 796//796
f 786//786 780//780 779//779
f 712//712 799//799 803//803
f 771//771 805//805 808//808
f 778//778 810//810 771//771
f 772//772 814//814 793//793
f 779//779 817//817 814//814
f 783//783 821//821 779//779
f 712//712 824//824 799//799
f 808//808 712//712 771//771
f 772//772 826//826 791//791
f 814//814 772//772 779//779
f 803//803 786//786 712//712
f 808//808 830//830 712//712
f 796//796 826//826 772//772
f 821//821 833//833 779//779
f 810//810 805//805 771//771
f 830//830 824//824 712//712
f 712//712 728//728 834//834
f 835//835 836//836 839//839
f 835//835 843//843 846//846
f 728//728 839//839 848//848
f 846//846 836//836 835//835
f 839//839 728//728 835//835
f 835//835 853//853 856//856
f 835//835 857//857 858//858
f 857//857 863//863 866//866
f 834//834 869//869 870//870
f 856//856 843//843 835//835
f 866//866 858//858 857//857
f 834//834 875//875 869//869
f 834//834 728//728 877//877
f 858//858 853//853 835//835
f 870//870 857//857 834//834
f 877//877 881//881 834//834
f 848//848 884//884 728//728
f 881//881 875//875 834//834
f 857//857 887//887 863//863
f 870//870 890//890 857//857
f 884//884 893//893 728//728
f 728//728 895//895 877//877
f 890//890 887//887 857//857
f 897//897 900//900 903//903
f 903//903 904//904 897//897
f 897//897 906//906 909//909
f 911//911 772//772 914//914
f 904//904 915//915 920//920
f 904//904 923//923 926//926
f 909//909 900//900 897//897
f 897//897 911//911 927//927
f 772//772 931//931 914//914
f 772//772 934//934 938//938
f 772//772 920//920 939//939
f 904//904 942//942 915//915
f 903//903 923//923 904//904
f 927//927 946//946 897//897
f 911//911 950//950 951//951
f 938//938 931//931 772//772
f 920//920 772//772 904//904
f 946//946 906//906 897//897
f 914//914 950//950 911//911
f 926//926 942//942 904//904
f 911//911 956//956 957//957
f 939//939 934//934 772//772
f 951//951 956//956 911//911
f 772//772 771//771 960//960
f 771//771 834//834 961//961
f 834//834 857//857 962//962
f 963//963 965//965 968//968
f 963//963 970//970 975//975
f 960//960 976//976 979//979
f 982//982 968//968 985//985
f 975//975 965//965 963//963
f 904//904 979//979 987//987
f 960//960 989//989 976//976
f 960//960 982//982 994//994
f 968//968 982//982 963//963
f 963//963 995//995 998//998
f 979//979 904//904 960//960
f 994//994 1003//1003 960//960
f 998//998 970//970 963//963
f 963//963 904//904 1005//1005
f 1003//1003 989//989 960//960
f 982//982 1007//1007 1012//1012
f 1005//1005 995//995 963//963
f 904//904 1015//1015 1018//1018
f 1012//1012 994//994 982//982
f 985//985 1021//1021 982//982
f 904//904 1024//1024 1015//1015
f 1021//1021 1007//1007 982//982
f 987//987 1024//1024 904//904
f 960//960 961//961 1025//1025
f 961//961 962//962 1027//1027
f 1027//1027 1030//1030 961//961
f 962//962 1032//1032 1027//1027
f 962//962 1036//1036 1040//1040
f 1041//1041 1044//1044 1045//1045
f 1041//1041 1050//1050 1051//1051
f 1041//1041 1025//1025 1056//1056
f 1030//1030 1057//1057 961//961
f 962//962 1045//1045 1036//1036
f 1041//1041 1062//1062 1044//1044
f 1056//1056 1050//1050 1041//1041
f 962//962 1063//1063 1032//1032
f 1045//1045 962//962 1041//1041
f 1051//1051 1068//1068 1041//1041
f 1025//1025 1071//1071 1074//1074
f 961//961 1077//1077 1079//1079
f 1040//1040 1063//1063 962//962
f 1074//1074 1056//1056 1025//1025
f 1057//1057 1077//1077 961//961
f 1025//1025 1082//1082 1071//1071
f 1068//1068 1062//1062 1041//1041
f 1025//1025 1079//1079 1084//1084
f 1084//1084 1082//1082 1025//1025
f 911//911 609//609 615//615
f 772//772 625//625 629//629
f 772//772 618//618 625//625
f 772//772 911//911 620//620
f 620//620 618//618 772//772
f 779//779 629//629 632//632
f 712//712 645//645 648//648
f 712//712 634//634 641//641
f 641//641 645//645 712//712
f 712//712 779//779 638//638
f 638//638 634//634 712//712
f 708//708 657//657 662//662
f 707//707 652//652 656//656
f 708//708 656//656 657//657
f 707//707 647//647 652//652
f 656//656 708//708 707//707
f 708//708 664//664 667//667
f 728//728 680//680 687//687
f 728//728 677//677 680//680
f 728//728 670//670 677//677
f 728//728 708//708 675//675
f 675//675 670//670 728//728
f 857//857 692//692 697//697
f 857//857 691//691 692//692
f 857//857 835//835 683//683
f 683//683 691//691 857//857
f 700//700 1089//1089 1092//1092
f 1089//1089 700//700 702//702
f 1093//1093 702//702 704//704
f 1092//1092 857//857 700//700
f 704//704 1098//1098 1093//1093
f 503//503 1099//1099 1104//1104
f 503//503 501//501 1107//1107
f 1110//1110 1112//1112 501//501
f 1115//1115 1110//1110 505//505
f 512//512 962//962 1117//1117
f 857//857 1120//1120 1125//1125
f 702//702 1093//1093 1089//1089
f 1104//1104 704//704 503//503
f 501//501 1112//1112 1107//1107
f 505//505 512//512 1115//1115
f 962//962 1128//1128 1117//1117
f 857//857 1130//1130 1133//1133
f 1092//1092 1120//1120 857//857
f 1107//1107 1099//1099 503//503
f 1117//1117 1115//1115 512//512
f 962//962 1137//1137 1138//1138
f 857//857 1143//1143 1130//1130
f 1104//1104 1098//1098 704//704
f 1138//1138 1128//1128 962//962
f 962//962 1133//1133 1145//1145
f 1125//1125 1143//1143 857//857
f 1145//1145 1137//1137 962//962
f 501//501 505//505 1110//1110
f 962//962 512//512 508//508
f 962//962 519//519 524//524
f 508//508 516//516 962//962
f 516//516 519//519 962//962
f 1025//1025 1041//1041 522//522
f 1025//1025 532//532 534//534
f 522//522 528//528 1025//1025
f 528//528 532//532 1025//1025
f 534//534 537//537 1025//1025
f 1148//1148 543//543 541//541
f 541//541 546//546 1150//1150
f 550//550 1153//1153 1158//1158
f 1025//1025 1160//1160 1163//1163
f 1150//1150 1167//1167 541//541
f 1158//1158 546//546 550//550
f 552//552 1169//1169 1172//1172
f 982//982 1175//1175 1179//1179
f 1163//1163 982//982 1025//1025
f 543//543 1182//1182 1184//1184
f 1158//1158 1150//1150 546//546
f 1172//1172 550//550 552//552
f 1188//1188 1169//1169 552//552
f 558//558 982//982 1191//1191
f 1163//1163 1175//1175 982//982
f 1025//1025 1193//1193 1196//1196
f 1025//1025 1184//1184 1199//1199
f 543//543 1148//1148 1182//1182
f 1172//1172 1153//1153 550//550
f 1191//1191 1188//1188 558//558
f 982//982 1202//1202 1206//1206
f 1196//1196 1160//1160 1025//1025
f 1184//1184 1025//1025 543//543
f 552//552 558//558 1188//1188
f 1179//1179 1202//1202 982//982
f 541//541 1167//1167 1148//1148
f 1199//1199 1193//1193 1025//1025
f 982//982 563//563 568//568
f 982//982 561//561 563//563
f 982//982 558//558 555//555
f 555//555 561//561 982//982
f 963//963 568//568 569//569
f 904//904 963//963 579//579
f 904//904 581//581 584//584
f 579//579 572//572 904//904
f 572//572 581//581 904//904
f 897//897 584//584 589//589
f 911//911 897//897 600//600
f 600//600 606//606 911//911
f 897//897 595//595 592//592
f 897//897 603//603 600//600
f 592//592 597//597 897//897
f 597//597 603//603 897//897
f 606//606 609//609 911//911
f 589//589 595//595 897//897
f 584//584 897//897 904//904
f 569//569 579//579 963//963
f 568//568 963//963 982//982
f 1206//1206 1191//1191 982//982
f 537//537 543//543 1025//1025
f 522//522 1041//1041 524//524
f 524//524 1041//1041 962//962
f 1133//1133 962//962 857//857
f 697//697 700//700 857//857
f 683//683 835//835 687//687
f 687//687 835//835 728//728
f 667//667 675//675 708//708
f 662//662 664//664 708//708
f 647//647 707//707 648//648
f 648//648 707//707 712//712
f 632//632 638//638 779//779
f 629//629 779//779 772//772
f 615//615 620//620 911//911
f 1079//1079 1025//1025 961//961
f 1025//1025 982//982 960//960
f 1018//1018 1005//1005 904//904
f 962//962 961//961 834//834
f 961//961 960//960 771//771
f 960//960 904//904 772//772
f 957//957 927//927 911//911
f 893//893 895//895 728//728
f 834//834 771//771 712//712
f 833//833 817//817 779//779
f 761//761 712//712 707//707
f 767//767 1208//1208 1212//1212
f 768//768 1214//1214 1209//1209
f 723//723 1218//1218 1216//1216
f 719//719 1222//1222 1219//1219
f 709//709 1224//1224 1223//1223
f 725//725 1228//1228 1225//1225
f 743//743 1231//1231 1227//1227
f 740//740 1233//1233 1230//1230
f 744//744 1236//1236 1235//1235
f 729//729 1241//1241 1237//1237
f 752//752 1247//1247 1243//1243
f 747//747 1250//1250 1246//1246
f 737//737 1254//1254 1251//1251
f 734//734 1258//1258 1253//1253
f 718//718 1259//1259 1257//1257
f 714//714 1263//1263 1260//1260
f 757//757 1267//1267 1264//1264
f 755//755 1268//1268 1266//1266
f 764//764 1273//1273 1270//1270
f 759//759 1211//1211 1272//1272
f 1272//1272 763//763 759//759
f 1270//1270 753//753 764//764
f 1266//1266 758//758 755//755
f 1264//1264 713//713 757//757
f 1260//1260 716//716 714//714
f 1257//1257 733//733 718//718
f 1253//1253 735//735 734//734
f 1251//1251 749//749 737//737
f 1246//1246 750//750 747//747
f 1243//1243 731//731 752//752
f 1237//1237 746//746 729//729
f 1235//1235 738//738 744//744
f 1230//1230 741//741 740//740
f 1227//1227 726//726 743//743
f 1225//1225 711//711 725//725
f 1223//1223 720//720 709//709
f 1219//1219 724//724 719//719
f 1216//1216 769//769 723//723
f 1209//1209 766//766 768//768
f 1212//1212 760//760 767//767
f 1265//1265 1255//1255 1256//1256
f 1232//1232 1220//1220 1221//1221
f 1255//1255 1265//1265 1269//1269
f 1256//1256 1261//1261 1265//1265
f 1220//1220 1232//1232 1234//1234
f 1221//1221 1226//1226 1232//1232
f 1261//1261 1262//1262 1265//1265
f 1271//1271 1245//1245 1252//1252
f 1226//1226 1229//1229 1232//1232
f 1239//1239 1210//1210 1217//1217
f 1249//1249 1255//1255 1274//1274
f 1271//1271 1240//1240 1244//1244
f 1215//1215 1220//1220 1238//1238
f 1238//1238 1274//1274 1213//1213
f 1242//1242 1248//1248 1274//1274
f 1213//1213 1207//1207 1238//1238
f 1234//1234 1238//1238 1220//1220
f 1269//1269 1274//1274 1255//1255
f 850//850 1276//1276 1280//1280
f 840//840 1283//1283 1275//1275
f 838//838 1285//1285 1281//1281
f 847//847 1288//1288 1284//1284
f 842//842 1291//1291 1289//1289
f 855//855 1293//1293 1292//1292
f 851//851 1296//1296 1294//1294
f 859//859 1300//1300 1298//1298
f 865//865 1303//1303 1301//1301
f 861//861 1305//1305 1304//1304
f 886//886 1310//1310 1306//1306
f 888//888 1312//1312 1309//1309
f 872//872 1316//1316 1313//1313
f 868//868 1318//1318 1315//1315
f 873//873 1322//1322 1317//1317
f 880//880 1323//1323 1321//1321
f 876//876 1327//1327 1324//1324
f 896//896 1331//1331 1326//1326
f 892//892 1333//1333 1329//1329
f 883//883 1279//1279 1332//1332
f 1332//1332 891//891 883//883
f 1329//1329 894//894 892//892
f 1326//1326 878//878 896//896
f 1324//1324 879//879 876//876
f 1321//1321 874//874 880//880
f 1317//1317 867//867 873//873
f 1315//1315 871//871 868//868
f 1313//1313 889//889 872//872
f 1309//1309 885//885 888//888
f 1306//1306 862//862 886//886
f 1304//1304 864//864 861//861
f 1301//1301 860//860 865//865
f 1298//1298 852//852 859//859
f 1294//1294 854//854 851//851
f 1292//1292 844//844 855//855
f 1289//1289 845//845 842//842
f 1284//1284 837//837 847//847
f 1281//1281 841//841 838//838
f 1275//1275 849//849 840//840
f 1280//1280 882//882 850//850
f 1311//1311 1302//1302 1307//1307
f 1299//1299 1287//1287 1290//1290
f 1299//1299 1277//1277 1282//1282
f 1302//1302 1325//1325 1328//1328
f 1302//1302 1319//1319 1320//1320
f 1307//1307 1308//1308 1311//1311
f 1290//1290 1295//1295 1299//1299
f 1282//1282 1286//1286 1299//1299
f 1320//1320 1325//1325 1302//1302
f 1311//1311 1314//1314 1302//1302
f 1286//1286 1287//1287 1299//1299
f 1299//1299 1334//1334 1278//1278
f 1314//1314 1319//1319 1302//1302
f 1278//1278 1277//1277 1299//1299
f 1328//1328 1330//1330 1302//1302
f 1295//1295 1297//1297 1299//1299
f 1299//1299 1302//1302 1334//1334
f 1330//1330 1334//1334 1302//1302
f 1088//1088 1336//1336 1338//1338
f 1095//1095 1341//1341 1337//1337
f 1097//1097 1345//1345 1343//1343
f 1103//1103 1350//1350 1346//1346
f 1101//1101 1355//1355 1351//1351
f 1106//1106 1358//1358 1353//1353
f 1113//1113 1360//1360 1356//1356
f 1108//1108 1364//1364 1363//1363
f 1114//1114 1367//1367 1366//1366
f 1119//1119 1371//1371 1368//1368
f 1127//1127 1373//1373 1370//1370
f 1139//1139 1376//1376 1374//1374
f 1135//1135 1380//1380 1377//1377
f 1146//1146 1385//1385 1379//1379
f 1132//1132 1387//1387 1384//1384
f 1129//1129 1391//1391 1386//1386
f 1142//1142 1396//1396 1390//1390
f 1123//1123 1398//1398 1393//1393
f 1121//1121 1402//1402 1399//1399
f 1091//1091 1340//1340 1401//1401
f 1401//1401 1122//1122 1091//1091
f 1399//1399 1124//1124 1121//1121
f 1393//1393 1141//1141 1123//1123
f 1390//1390 1131//1131 1142//1142
f 1386//1386 1134//1134 1129//1129
f 1384//1384 1144//1144 1132//1132
f 1379//1379 1136//1136 1146//1146
f 1377//1377 1140//1140 1135//1135
f 1374//1374 1126//1126 1139//1139
f 1370//1370 1118//1118 1127//1127
f 1368//1368 1116//1116 1119//1119
f 1366//1366 1109//1109 1114//1114
f 1363//1363 1111//1111 1108//1108
f 1356//1356 1105//1105 1113//1113
f 1353//1353 1100//1100 1106//1106
f 1351//1351 1102//1102 1101//1101
f 1346//1346 1096//1096 1103//1103
f 1343//1343 1094//1094 1097//1097
f 1337//1337 1087//1087 1095//1095
f 1338//1338 1090//1090 1088//1088
f 1397//1397 1339//1339 1335//1335
f 1378//1378 1365//1365 1369//1369
f 1397//1397 1342//1342 1344//1344
f 1397//1397 1400//1400 1339//1339
f 1365//1365 1378//1378 1381//1381
f 1369//1369 1372//1372 1378//1378
f 1335//1335 1342//1342 1397//1397
f 1348//1348 1392//1392 1395//1395
f 1372//1372 1375//1375 1378//1378
f 1383//1383 1357//1357 1361//1361
f 1394//1394 1397//1397 1349//1349
f 1349//1349 1382//1382 1388//1388
f 1362//1362 1365//1365 1382//1382
f 1383//1383 1347//1347 1352//1352
f 1388//1388 1389//1389 1349//1349
f 1354//1354 1359//1359 1382//1382
f 1381//1381 1382//1382 1365//1365
f 1344//1344 1349//1349 1397//1397
f 1035//1035 1404//1404 1407//1407
f 1047//1047 1410//1410 1403//1403
f 1043//1043 1413//1413 1409//1409
f 1060//1060 1416//1416 1414//1414
f 1067//1067 1419//1419 1417//1417
f 1052//1052 1423//1423 1420//1420
f 1048//1048 1424//1424 1422//1422
f 1054//1054 1427//1427 1426//1426
f 1073//1073 1431//1431 1428//1428
f 1069//1069 1435//1435 1432//1432
f 1083//1083 1436//1436 1434//1434
f 1085//1085 1439//1439 1438//1438
f 1080//1080 1442//1442 1440//1440
f 1075//1075 1447//1447 1444//1444
f 1058//1058 1448//1448 1445//1445
f 1031//1031 1451//1451 1450//1450
f 1026//1026 1454//1454 1453//1453
f 1033//1033 1459//1459 1455//1455
f 1065//1065 1460//1460 1458//1458
f 1038//1038 1408//1408 1462//1462
f 1462//1462 1064//1064 1038//1038
f 1458//1458 1034//1034 1065//1065
f 1455//1455 1028//1028 1033//1033
f 1453//1453 1029//1029 1026//1026
f 1450//1450 1059//1059 1031//1031
f 1445//1445 1076//1076 1058//1058
f 1444//1444 1078//1078 1075//1075
f 1440//1440 1086//1086 1080//1080
f 1438//1438 1081//1081 1085//1085
f 1434//1434 1070//1070 1083//1083
f 1432//1432 1072//1072 1069//1069
f 1428//1428 1055//1055 1073//1073
f 1426//1426 1049//1049 1054//1054
f 1422//1422 1053//1053 1048//1048
f 1420//1420 1066//1066 1052//1052
f 1417//1417 1061//1061 1067//1067
f 1414//1414 1042//1042 1060//1060
f 1409//1409 1046//1046 1043//1043
f 1403//1403 1037//1037 1047//1047
f 1407//1407 1039//1039 1035//1035
f 1443//1443 1456//1456 1457//1457
f 1461//1461 1433//1433 1437//1437
f 1412//1412 1425//1425 1429//1429
f 1430//1430 1405//1405 1411//1411
f 1443//1443 1452//1452 1456//1456
f 1443//1443 1446//1446 1449//1449
f 1461//1461 1430//1430 1433//1433
f 1412//1412 1421//1421 1425//1425
f 1412//1412 1415//1415 1418//1418
f 1430//1430 1406//1406 1405//1405
f 1449//1449 1452//1452 1443//1443
f 1437//1437 1441//1441 1461//1461
f 1418//1418 1421//1421 1412//1412
f 1430//1430 1461//1461 1406//1406
f 1441//1441 1443//1443 1461//1461
f 1411//1411 1412//1412 1430//1430
f 1429//1429 1430//1430 1412//1412
f 1457//1457 1461//1461 1443//1443
f 1180//1180 1465//1465 1468//1468
f 1147//1147 1474//1474 1463//1463
f 1165//1165 1475//1475 1473//1473
f 1152//1152 1478//1478 1477//1477
f 1157//1157 1481//1481 1480//1480
f 1155//1155 1486//1486 1482//1482
f 1173//1173 1489//1489 1484//1484
f 1170//1170 1492//1492 1487//1487
f 1187//1187 1493//1493 1491//1491
f 1189//1189 1497//1497 1496//1496
f 1204//1204 1501//1501 1498//1498
f 1201//1201 1506//1506 1502//1502
f 1178//1178 1508//1508 1507//1507
f 1174//1174 1512//1512 1509//1509
f 1162//1162 1516//1516 1511//1511
f 1159//1159 1519//1519 1515//1515
f 1197//1197 1522//1522 1517//1517
f 1192//1192 1525//1525 1520//1520
f 1198//1198 1527//1527 1523//1523
f 1183//1183 1467//1467 1526//1526
f 1526//1526 1200//1200 1183//1183
f 1523//1523 1194//1194 1198//1198
f 1520//1520 1195//1195 1192//1192
f 1517//1517 1161//1161 1197//1197
f 1515//1515 1164//1164 1159//1159
f 1511//1511 1176//1176 1162//1162
f 1509//1509 1177//1177 1174//1174
f 1507//1507 1203//1203 1178//1178
f 1502//1502 1205//1205 1201//1201
f 1498//1498 1190//1190 1204//1204
f 1496//1496 1186//1186 1189//1189
f 1491//1491 1168//1168 1187//1187
f 1487//1487 1171//1171 1170//1170
f 1484//1484 1154//1154 1173//1173
f 1482//1482 1156//1156 1155//1155
f 1480//1480 1151//1151 1157//1157
f 1477//1477 1166//1166 1152//1152
f 1473//1473 1149//1149 1165//1165
f 1463//1463 1181//1181 1147//1147
f 1468//1468 1185//1185 1180//1180
f 1521//1521 1510//1510 1513//1513
f 1488//1488 1476//1476 1479//1479
f 1510//1510 1521//1521 1524//1524
f 1513//1513 1514//1514 1521//1521
f 1476//1476 1488//1488 1490//1490
f 1479//1479 1483//1483 1488//1488
f 1514//1514 1518//1518 1521//1521
f 1529//1529 1503//1503 1505//1505
f 1483//1483 1485//1485 1488//1488
f 1495//1495 1464//1464 1471//1471
f 1504//1504 1510//1510 1528//1528
f 1528//1528 1494//1494 1499//1499
f 1472//1472 1476//1476 1494//1494
f 1495//1495 1530//1530 1469//1469
f 1499//1499 1500//1500 1528//1528
f 1470//1470 1466//1466 1494//1494
f 1490//1490 1494//1494 1476//1476
f 1524//1524 1528//1528 1510//1510
f 984//984 1533//1533 1534//1534
f 967//967 1538//1538 1532//1532
f 966//966 1540//1540 1537//1537
f 973//973 1545//1545 1541//1541
f 971//971 1547//1547 1544//1544
f 999//999 1550//1550 1546//1546
f 997//997 1554//1554 1549//1549
f 1006//1006 1556//1556 1553//1553
f 1016//1016 1560//1560 1557//1557
f 1013//1013 1563//1563 1558//1558
f 1022//1022 1564//1564 1562//1562
f 986//986 1568//1568 1565//1565
f 981//981 1572//1572 1567//1567
f 978//978 1575//1575 1571//1571
f 991//991 1577//1577 1574//1574
f 1002//1002 1580//1580 1576//1576
f 993//993 1582//1582 1581//1581
f 1011//1011 1586//1586 1583//1583
f 1008//1008 1589//1589 1585//1585
f 1020//1020 1535//1535 1590//1590
f 1590//1590 1009//1009 1020//1020
f 1585//1585 1010//1010 1008//1008
f 1583//1583 992//992 1011//1011
f 1581//1581 1001//1001 993//993
f 1576//1576 990//990 1002//1002
f 1574//1574 977//977 991//991
f 1571//1571 980//980 978//978
f 1567//1567 988//988 981//981
f 1565//1565 1023//1023 986//986
f 1562//1562 1014//1014 1022//1022
f 1558//1558 1017//1017 1013//1013
f 1557//1557 1004//1004 1016//1016
f 1553//1553 996//996 1006//1006
f 1549//1549 1000//1000 997//997
f 1546//1546 972//972 999//999
f 1544//1544 974//974 971//971
f 1541//1541 964//964 973//973
f 1537//1537 969//969 966//966
f 1532//1532 983//983 967//967
f 1534//1534 1019//1019 984//984
f 1569//1569 1559//1559 1561//1561
f 1555//1555 1543//1543 1548//1548
f 1555//1555 1531//1531 1539//1539
f 1559//1559 1579//1579 1584//1584
f 1559//1559 1573//1573 1578//1578
f 1561//1561 1566//1566 1569//1569
f 1548//1548 1551//1551 1555//1555
f 1539//1539 1542//1542 1555//1555
f 1578//1578 1579//1579 1559//1559
f 1569//1569 1570//1570 1559//1559
f 1542//1542 1543//1543 1555//1555
f 1555//1555 1588//1588 1536//1536
f 1570//1570 1573//1573 1559//1559
f 1536//1536 1531//1531 1555//1555
f 1584//1584 1587//1587 1559//1559
f 1551//1551 1552//1552 1555//1555
f 1555//1555 1559//1559 1588//1588
f 1587//1587 1588//1588 1559//1559
f 899//899 1592//1592 1594//1594
f 910//910 1598//1598 1593//1593
f 907//907 1600//1600 1597//1597
f 947//947 1604//1604 1602//1602
f 928//928 1608//1608 1603//1603
f 958//958 1613//1613 1609//1609
f 955//955 1615//1615 1612//1612
f 953//953 1619//1619 1617//1617
f 948//948 1622//1622 1618//1618
f 913//913 1625//1625 1621//1621
f 932//932 1627//1627 1626//1626
f 937//937 1630//1630 1628//1628
f 933//933 1633//1633 1632//1632
f 940//940 1637//1637 1635//1635
f 918//918 1642//1642 1640//1640
f 917//917 1647//1647 1641//1641
f 944//944 1651//1651 1646//1646
f 924//924 1655//1655 1650//1650
f 921//921 1656//1656 1653//1653
f 902//902 1596//1596 1658//1658
f 1658//1658 922//922 902//902
f 1653//1653 925//925 921//921
f 1650//1650 943//943 924//924
f 1646//1646 916//916 944//944
f 1641//1641 919//919 917//917
f 1640//1640 941//941 918//918
f 1635//1635 935//935 940//940
f 1632//1632 936//936 933//933
f 1628//1628 930//930 937//937
f 1626//1626 912//912 932//932
f 1621//1621 949//949 913//913
f 1618//1618 952//952 948//948
f 1617//1617 954//954 953//953
f 1612//1612 959//959 955//955
f 1609//1609 929//929 958//958
f 1603//1603 945//945 928//928
f 1602//1602 905//905 947//947
f 1597//1597 908//908 907//907
f 1593//1593 898//898 910//910
f 1594//1594 901//901 899//899
f 1654//1654 1595//1595 1591//1591
f 1620//1620 1624//1624 1629//1629
f 1654//1654 1599//1599 1601//1601
f 1654//1654 1657//1657 1595//1595
f 1620//1620 1631//1631 1634//1634
f 1620//1620 1623//1623 1624//1624
f 1591//1591 1599//1599 1654//1654
f 1605//1605 1645//1645 1652//1652
f 1629//1629 1631//1631 1620//1620
f 1636//1636 1611//1611 1616//1616
f 1649//1649 1654//1654 1606//1606
f 1605//1605 1639//1639 1644//1644
f 1614//1614 1620//1620 1638//1638
f 1638//1638 1606//1606 1607//1607
f 1643//1643 1648//1648 1606//1606
f 1607//1607 1610//1610 1638//1638
f 1634//1634 1638//1638 1620//1620
f 1601//1601 1606//1606 1654//1654
f 792//792 1661//1661 1662//1662
f 813//813 1667//1667 1659//1659
f 816//816 1670//1670 1666//1666
f 832//832 1672//1672 1669//1669
f 819//819 1676//1676 1673//1673
f 784//784 1679//1679 1675//1675
f 781//781 1680//1680 1678//1678
f 787//787 1684//1684 1681//1681
f 802//802 1686//1686 1685//1685
f 800//800 1691//1691 1687//1687
f 823//823 1694//1694 1690//1690
f 829//829 1696//1696 1692//1692
f 807//807 1700//1700 1695//1695
f 804//804 1701//1701 1699//1699
f 811//811 1704//1704 1702//1702
f 776//776 1709//1709 1705//1705
f 773//773 1711//1711 1707//1707
f 789//789 1715//1715 1710//1710
f 827//827 1718//1718 1714//1714
f 797//797 1663//1663 1717//1717
f 1717//1717 825//825 797//797
f 1714//1714 790//790 827//827
f 1710//1710 775//775 789//789
f 1707//1707 777//777 773//773
f 1705//1705 812//812 776//776
f 1702//1702 806//806 811//811
f 1699//1699 809//809 804//804
f 1695//1695 828//828 807//807
f 1692//1692 822//822 829//829
f 1690//1690 798//798 823//823
f 1687//1687 801//801 800//800
f 1685//1685 788//788 802//802
f 1681//1681 782//782 787//787
f 1678//1678 785//785 781//781
f 1675//1675 820//820 784//784
f 1673//1673 831//831 819//819
f 1669//1669 818//818 832//832
f 1666//1666 815//815 816//816
f 1659//1659 794//794 813//813
f 1662//1662 795//795 792//792
f 1698//1698 1712//1712 1713//1713
f 1716//1716 1689//1689 1693//1693
f 1668//1668 1682//1682 1683//1683
f 1688//1688 1660//1660 1665//1665
f 1698//1698 1708//1708 1712//1712
f 1698//1698 1703//1703 1706//1706
f 1693//1693 1697//1697 1716//1716
f 1668//1668 1677//1677 1682//1682
f 1668//1668 1671//1671 1674//1674
f 1688//1688 1664//1664 1660//1660
f 1706//1706 1708//1708 1698//1698
f 1716//1716 1688//1688 1689//1689
f 1674//1674 1677//1677 1668//1668
f 1688//1688 1716//1716 1664//1664
f 1697//1697 1698//1698 1716//1716
f 1665//1665 1668//1668 1688//1688
f 1683//1683 1688//1688 1668//1668
f 1713//1713 1716//1716 1698//1698

