mtllib material.mtl
usemtl verbindung_001
v -0.00018100 -0.04430300 0.01112900
v 0.00525800 -0.04398100 0.01128300
v 0.00521700 -0.04396500 0.01290800
v 0.00028100 -0.04424500 0.01291900
v 0.01040100 -0.04303800 0.01327800
v 0.01056200 -0.04302400 0.01167700
v 0.01597700 -0.04132600 0.01225900
v 0.01585700 -0.04132900 0.01411300
v 0.02070400 -0.03917600 0.01312600
v 0.02532600 -0.03635200 0.01430400
v 0.02100400 -0.03896600 0.01496900
v 0.02599500 -0.03583800 0.01619200
v 0.02983400 -0.03275200 0.01582300
v 0.03053500 -0.03200100 0.01788600
v 0.03238000 -0.03020200 0.01846500
v 0.03347300 -0.02903400 0.01736400
v 0.03437800 -0.02789400 0.01940300
v 0.03735100 -0.02381500 0.01942100
v 0.03774500 -0.02312900 0.02130800
v 0.03993700 -0.01916000 0.02134700
v 0.04211500 -0.01377100 0.02346700
v 0.04051900 -0.01782800 0.02343800
v 0.04249200 -0.01239200 0.02571100
v 0.04332800 -0.00922500 0.02541200
v 0.04378700 -0.00649200 0.02799800
v 0.04420200 -0.00288000 0.02797200
v 0.04424100 -0.00112800 0.03024400
v 0.04424500 0.00227900 0.03000900
v 0.04368300 0.00735400 0.03209000
v 0.04309700 0.01014700 0.03461600
v 0.04271400 0.01178500 0.03386500
v 0.04199100 0.01409300 0.03488300
v 0.04159400 0.01517200 0.03673500
v 0.03910300 0.02074500 0.03894400
v 0.03820700 0.02240600 0.03826700
v 0.03628700 0.02534800 0.04081500
v 0.03525800 0.02681300 0.04004300
v 0.03294000 0.02958000 0.04246900
v 0.03121900 0.03142400 0.04189000
v 0.02876700 0.03365600 0.04405500
v 0.02694900 0.03514700 0.04345400
v 0.02454200 0.03681800 0.04546900
v 0.01760400 0.04064500 0.04569600
v 0.01732200 0.04071000 0.04702800
v 0.01455400 0.04177000 0.04749400
v 0.01258600 0.04246700 0.04644300
v 0.01162400 0.04269000 0.04787800
v 0.00821900 0.04348500 0.04812300
v 0.00821900 0.04352300 0.04687300
v 0.00412300 0.04407800 0.04828200
v -0.00005000 0.04426300 0.04842700
v 0.00395300 0.04411600 0.04711400
v -0.00011400 0.04431100 0.04708600
v -0.04499900 0.00211400 0.00794000
v -0.04500600 0.00025600 0.02878100
v -0.04499000 0.00181900 -0.00838000
v -0.04492200 0.00196500 0.00039700
v -0.04476000 0.00477800 0.03058800
v -0.04464600 0.00561200 0.01579400
v -0.04500600 -0.00133500 -0.05550300
v -0.04478400 0.00455100 -0.05551100
v -0.04478100 0.00444100 -0.01487600
v -0.04417500 0.00855400 -0.01784400
v -0.04362000 0.01107300 0.01945400
v -0.04405100 0.00910500 -0.05550400
v -0.04332400 0.01211400 -0.05550500
v -0.04280900 0.01385500 -0.02139100
v -0.04212300 0.01582600 0.02275000
v -0.04192600 0.01637600 -0.05550500
v -0.04100100 0.01858400 -0.02464500
v -0.03989600 0.02082200 0.02627500
v -0.03668700 0.02606900 0.03020300
v -0.03940000 0.02177100 -0.05550300
v -0.03823000 0.02374400 -0.02847600
v -0.03352800 0.03003000 0.04075200
v -0.03362000 0.02991800 0.03316500
v -0.03677100 0.02593800 -0.05550300
v -0.03457100 0.02878900 -0.03234700
v -0.02975800 0.03373100 0.03628100
v -0.03393900 0.02957200 -0.05550700
v -0.03134200 0.03230900 -0.03515300
v -0.02566100 0.03696700 0.03903800
v -0.03078400 0.03280800 -0.05550500
v -0.02847200 0.03482900 -0.05550300
v -0.02707500 0.03596600 -0.03819200
v -0.02100400 0.03979800 0.04145000
v -0.02079100 0.03991400 0.04469900
v -0.02592800 0.03675700 -0.05550300
v -0.01849200 0.04108700 0.04241200
v -0.02340100 0.03842300 -0.05550400
v -0.02191900 0.03930800 -0.04106000
v -0.01597800 0.04206600 0.04362300
v -0.02074200 0.03991600 -0.05550400
v -0.01788700 0.04129300 -0.04287900
v -0.01124700 0.04356600 0.04509500
v -0.01785700 0.04129100 -0.05550500
v -0.01492800 0.04244500 -0.05550400
v -0.01286200 0.04312400 -0.04463800
v -0.00617100 0.04457500 0.04610300
v -0.01080200 0.04369000 -0.05550600
v -0.00813700 0.04425500 -0.04578200
v -0.00206100 0.04496300 0.04649500
v -0.00725700 0.04442600 -0.05550300
v -0.00285800 0.04490700 -0.04642900
v -0.00305200 0.04488200 -0.05550400
v 0.00325600 0.04487500 0.04641600
v 0.00142100 0.04500300 -0.05550300
v 0.00145300 0.04497900 -0.04652300
v 0.01166100 0.04347500 0.04619500
v 0.00770100 0.04433800 0.04585100
v 0.00644300 0.04452800 -0.04604100
v 0.00778900 0.04433500 -0.05550500
v 0.01228000 0.04330500 0.04479000
v 0.01493400 0.04250000 0.04377900
v 0.01117400 0.04358100 -0.04510500
v 0.01217400 0.04331000 -0.05550400
v 0.01553800 0.04224200 -0.04375800
v 0.01503600 0.04240200 -0.05550300
v 0.01794000 0.04125500 -0.05550400
v 0.01845700 0.04104200 -0.04263200
v 0.02553500 0.03707900 0.04359300
v 0.02250800 0.03895700 0.04076000
v 0.02202600 0.03927200 -0.05550600
v 0.02717700 0.03584800 0.03805200
v 0.02556500 0.03704700 -0.03909200
v 0.02593000 0.03675900 -0.05550400
v 0.03348600 0.03008600 0.04076100
v 0.03160600 0.03204400 0.03493200
v 0.02842900 0.03486200 -0.05550300
v 0.02962600 0.03387000 -0.03641700
v 0.03188100 0.03177900 -0.05550500
v 0.03484500 0.02848400 0.03211200
v 0.03346700 0.03007800 -0.03336800
v 0.03603700 0.02697000 -0.05550000
v 0.03951300 0.02155800 0.03736300
v 0.03806200 0.02404200 0.02871500
v 0.03926600 0.02201200 -0.05550000
v 0.04057400 0.01942100 0.02529200
v 0.03982100 0.02096200 -0.02642000
v 0.04360800 0.01116700 0.03315700
v 0.04306400 0.01308500 0.02082200
v 0.04128600 0.01787700 -0.05550500
v 0.04221800 0.01557300 -0.02257900
v 0.04299900 0.01332100 -0.05550200
v 0.04432700 0.00793700 0.01732400
v 0.04386900 0.01003500 -0.01880200
v 0.04440000 0.00738900 -0.05550300
v 0.04468600 0.00531400 -0.01531000
v 0.04490200 0.00303600 0.01406900
v 0.04494600 0.00290300 0.01117600
v 0.04499200 0.00106500 -0.00488500
v 0.04494900 0.00256900 0.00107100
v 0.04498800 0.00200900 0.00707000
v 0.04489100 0.00299200 -0.05550300
v 0.04496100 0.00222300 -0.01092600
v 0.04499100 0.00008200 -0.05550500
v -0.00020500 0.04929600 0.04365400
v 0.00032100 0.04794600 0.04500400
v 0.00066700 0.04942300 0.04365200
v 0.00135500 0.04995200 0.04364800
v 0.00238700 0.04915600 0.04495400
v 0.00170300 0.05078500 0.04365000
v 0.00281800 0.04998400 0.04492100
v 0.00297700 0.05099000 0.04492000
v 0.00157400 0.05167400 0.04364800
v 0.00104500 0.05235700 0.04364900
v 0.00212600 0.05315900 0.04495900
v 0.00021600 0.05270200 0.04365900
v 0.00000000 0.05400000 0.04495000
v -0.00164300 0.05040200 0.04346900
v -0.00170200 0.05121800 0.04364900
v -0.00157600 0.05033100 0.04364900
v -0.00071900 0.04942500 0.04349600
v -0.00104500 0.04964300 0.04364800
v 0.00039800 0.04932300 0.04349800
v 0.00121700 0.04979600 0.04348300
v 0.00162700 0.05047000 0.04347000
v 0.00167800 0.05139200 0.04346800
v -0.03377900 0.02976700 -0.06584900
v -0.03377900 0.02976700 -0.06584900
v 0.02182900 0.03937800 -0.06585000
v -0.03746800 0.02497000 -0.06585000
v -0.03746800 0.02497000 -0.06585000
v -0.03746800 0.02497000 -0.06585000
v -0.03746800 0.02497000 -0.06585000
v -0.03746800 0.02497000 -0.06585000
v 0.01621500 0.04200400 -0.06585000
v 0.01621500 0.04200400 -0.06585000
v -0.03995500 0.02070300 -0.06585000
v 0.01214100 0.04333100 -0.06585000
v 0.01214100 0.04333100 -0.06585000
v 0.04498900 0.00181000 -0.06585000
v -0.04180000 0.01672900 -0.06585000
v -0.04180000 0.01672900 -0.06585000
v 0.00733600 0.04442500 -0.06585000
v 0.00733600 0.04442500 -0.06585000
v 0.00733600 0.04442500 -0.06585000
v 0.00733600 0.04442500 -0.06585000
v 0.04432300 0.00792600 -0.06585000
v 0.04432300 0.00792600 -0.06585000
v -0.04333100 0.01214100 -0.06585000
v -0.04333100 0.01214100 -0.06585000
v -0.04432900 0.00787600 -0.06585000
v 0.00125700 0.04500800 -0.06585000
v 0.04333100 0.01214100 -0.06585000
v 0.04333100 0.01214100 -0.06585000
v 0.04178600 0.01676700 -0.06585000
v 0.04178600 0.01676700 -0.06585000
v -0.04500900 0.00151600 -0.06585000
v -0.00479500 0.04476500 -0.06585000
v 0.03995500 0.02070300 -0.06585000
v -0.01092400 0.04367900 -0.06585000
v 0.03750800 0.02490400 -0.06585100
v -0.01507000 0.04240200 -0.06585000
v 0.03490700 0.02839900 -0.06585000
v 0.03490700 0.02839900 -0.06585000
v 0.03490700 0.02839900 -0.06585000
v -0.01962400 0.04052300 -0.06585000
v -0.01962400 0.04052300 -0.06585000
v -0.01962400 0.04052300 -0.06585000
v 0.03164400 0.03202900 -0.06585100
v -0.02471400 0.03762400 -0.06585000
v 0.02698800 0.03603900 -0.06585000
v -0.02938300 0.03411300 -0.06585000
v -0.04052500 -0.01959600 -0.05550500
v -0.03842600 -0.02339600 -0.05550500
v -0.03969600 -0.02123200 0.02014200
v -0.00162300 -0.04499700 -0.05549900
v 0.00475700 -0.04476700 -0.05550400
v 0.04488100 -0.00308900 -0.05550500
v -0.00523300 -0.04469600 0.01065900
v 0.04456200 -0.00617000 -0.05550500
v 0.04415400 -0.00875900 0.02513800
v -0.04237100 -0.01514400 -0.05550300
v 0.04374400 -0.01065400 -0.05550400
v 0.04259600 -0.01453900 0.02280300
v -0.04330200 -0.01218800 -0.05550500
v -0.04389700 -0.00992000 0.02465600
v -0.00616400 -0.04456400 -0.05550300
v -0.04433500 -0.00783900 -0.05550400
v 0.04192300 -0.01636700 -0.05550300
v 0.04050900 -0.01961600 -0.05550300
v -0.01060100 -0.04375200 -0.05550200
v 0.03753100 -0.02487000 -0.05550600
v 0.03488800 -0.02840200 -0.05550300
v 0.03370600 -0.02983200 0.01664600
v 0.03281900 -0.03076600 -0.05550300
v -0.01502600 -0.04240600 -0.05550500
v -0.01929100 -0.04067700 -0.05550400
v 0.02934000 -0.03415100 -0.05550100
v 0.02453300 -0.03774100 -0.05552000
v -0.02453100 -0.03774100 -0.05550900
v 0.01936600 -0.04062400 -0.05550500
v 0.01588500 -0.04212100 0.01172200
v -0.02834000 -0.03494100 -0.05550400
v 0.01614400 -0.04201300 -0.05550500
v 0.01052000 -0.04376600 -0.05550600
v -0.03167000 -0.03198100 -0.05550600
v -0.03588400 -0.02718800 -0.05550300
v -0.03696200 -0.02569400 0.01835800
v 0.03608200 -0.02686000 0.01794100
v 0.03730600 -0.02517300 0.01855700
v 0.03772400 0.02438000 0.03864500
v 0.03769000 0.02414300 0.03860500
v 0.03302000 -0.03053300 0.01648800
v 0.03569400 -0.02714800 0.01788300
v 0.03416100 -0.02905900 0.01711000
v 0.00265300 0.04464600 0.04689000
v -0.00001500 0.04487300 0.04693400
v 0.00000000 0.04472500 0.04692100
v 0.03646800 0.02623000 0.03939000
v 0.03702500 0.02562400 0.03898500
v 0.03913700 0.02173500 0.03765800
v 0.03255700 -0.03086000 0.01640300
v 0.04035500 0.01938000 0.03668800
v 0.04039600 0.01981100 0.03670200
v 0.03070300 -0.03273300 0.01567600
v 0.04174700 0.01659400 0.03550100
v 0.04136600 0.01712700 0.03577100
v 0.03004600 -0.03350900 0.01517500
v 0.02899100 -0.03422900 0.01502100
v 0.04171300 0.01689300 0.03548900
v 0.02778500 -0.03537400 0.01451300
v 0.04234000 0.01456700 0.03473700
v 0.04245000 0.01488600 0.03473500
v 0.04316700 0.01191600 0.03367200
v 0.02709500 -0.03575200 0.01440600
v 0.00271600 0.04486800 0.04685400
v -0.00003100 0.04500100 0.04677300
v 0.02515900 -0.03715600 0.01386000
v 0.00529100 0.04441100 0.04679400
v 0.04372000 0.01048100 0.03301800
v 0.04375400 0.00955300 0.03271400
v 0.00584700 0.04452000 0.04677300
v 0.02462800 -0.03768900 0.01350200
v 0.00563200 0.04464300 0.04665300
v 0.02308700 -0.03848400 0.01332900
v 0.00765900 0.04406500 0.04665500
v 0.04426400 0.00683500 0.03161300
v 0.01000300 0.04359400 0.04646400
v 0.04452600 0.00612100 0.03127700
v 0.00779700 0.04428800 0.04658400
v 0.02097100 -0.03967000 0.01283000
v 0.04461100 0.00598400 0.03108300
v 0.04460500 0.00410100 0.03050800
v 0.02031400 -0.04015800 0.01254200
v 0.01078900 0.04361700 0.04639000
v 0.04476800 0.00162300 0.02950700
v 0.04476800 0.00162300 0.02950700
v 0.04476800 0.00162300 0.02950700
v 0.01887700 -0.04071300 0.01241300
v 0.04482200 0.00317400 0.03009300
v 0.01255400 0.04292900 0.04620500
v 0.01655400 -0.04171400 0.01201200
v 0.04501300 0.00021300 0.02877900
v 0.04479700 -0.00082100 0.02853300
v 0.01553400 0.04214000 0.04580300
v 0.01511200 0.04209900 0.04586000
v 0.04466000 -0.00361000 0.02739200
v 0.01410700 -0.04259600 0.01164100
v 0.01735000 0.04122900 0.04550900
v 0.01325400 -0.04292100 0.01151300
v 0.01620200 0.04199400 0.04559200
v 0.04477300 -0.00454400 0.02691800
v 0.01746500 0.04132900 0.04550900
v 0.01180800 -0.04329100 0.01136000
v 0.04440300 -0.00604700 0.02641900
v 0.01025800 -0.04382700 0.01106300
v 0.02018500 0.04010300 0.04499200
v 0.01977800 0.04012200 0.04506100
v 0.00947900 -0.04386100 0.01113000
v 0.02043500 0.04009300 0.04482800
v 0.02214400 0.03886900 0.04455500
v 0.04403700 -0.00901600 0.02516500
v 0.04399500 -0.00852900 0.02540500
v 0.02264400 0.03874000 0.04446000
v 0.02444300 0.03746900 0.04399200
v 0.02215400 0.03915600 0.04448400
v 0.04342600 -0.01110500 0.02437800
v 0.00711800 -0.04430800 0.01095300
v 0.00587600 -0.04463200 0.01073700
v 0.02563500 0.03692300 0.04368400
v 0.04358200 -0.01117900 0.02421900
v 0.00449300 -0.04464900 0.01081200
v 0.02664100 0.03594300 0.04337300
v 0.04270600 -0.01361500 0.02335600
v 0.04244600 -0.01492300 0.02273900
v 0.00226200 -0.04483400 0.01076800
v 0.00000000 -0.04487500 0.01072000
v -0.00216500 -0.04493500 0.01065700
v 0.04192000 -0.01591000 0.02245500
v 0.02888000 0.03417700 0.04270300
v 0.00000300 -0.04500600 0.01056300
v 0.04096200 -0.01821800 0.02149000
v 0.03059400 0.03296600 0.04203100
v 0.03071800 0.03253900 0.04202800
v 0.02941000 0.03407200 0.04239000
v 0.04115300 -0.01820400 0.02136300
v 0.04014000 -0.02033500 0.02053500
v 0.03977600 -0.02068900 0.02049200
v 0.03380300 0.02964300 0.04074600
v 0.03268300 0.03056500 0.04120000
v 0.03858100 -0.02284900 0.01962900
v 0.03726600 -0.02494500 0.01878100
v 0.03446900 0.02854600 0.04038800
v 0.03867300 -0.02299300 0.01946500
v 0.03614900 0.02638800 0.03951300
v -0.03415200 0.02891800 0.04054800
v -0.03586700 0.02713800 0.03967600
v -0.03909700 -0.02195100 0.01998700
v -0.03767400 -0.02432700 0.01903900
v -0.03387200 0.02950600 0.04070700
v -0.03252800 0.03073100 0.04126700
v -0.04038800 -0.01980000 0.02078900
v -0.04035500 -0.01953600 0.02095800
v -0.03170100 0.03187000 0.04163100
v -0.03079500 0.03246400 0.04197100
v -0.04137000 -0.01727300 0.02187400
v -0.02958900 0.03382400 0.04243200
v -0.04157400 -0.01718100 0.02183000
v -0.03005400 0.03350300 0.04216000
v -0.04229000 -0.01538400 0.02254000
v -0.02899100 0.03407900 0.04262000
v -0.04234000 -0.01471700 0.02290500
v -0.04316400 -0.01207900 0.02397900
v -0.02706500 0.03562300 0.04328100
v -0.04331900 -0.01214700 0.02383600
v -0.02728000 0.03578000 0.04311000
v -0.00265000 -0.04479600 0.01075200
v -0.02516700 0.03718000 0.04381400
v -0.02512400 0.03701700 0.04380700
v -0.04377100 -0.00969300 0.02497500
v -0.02308800 0.03831800 0.04433200
v -0.00529800 -0.04457100 0.01086500
v -0.04426400 -0.00698500 0.02602900
v -0.02531700 0.03720700 0.04363200
v -0.00766200 -0.04421500 0.01098900
v -0.02096700 0.03951700 0.04482800
v -0.04459900 -0.00584500 0.02641400
v -0.02319000 0.03851700 0.04428000
v -0.00756500 -0.04434900 0.01087600
v -0.02080600 0.03981400 0.04485300
v -0.04460500 -0.00425900 0.02713300
v -0.04476500 -0.00461200 0.02683500
v -0.01033600 -0.04379600 0.01107800
v -0.01000300 -0.04374400 0.01117700
v -0.01893000 0.04052800 0.04526200
v -0.04493300 -0.00186200 0.02800300
v -0.04495700 -0.00021700 0.02871100
v -0.01257700 -0.04307300 0.01144800
v -0.04476800 -0.00177300 0.02813500
v -0.01265400 -0.04317000 0.01135000
v -0.01774500 0.04135700 0.04537700
v -0.01663800 0.04163600 0.04564500
v -0.04479300 0.00070800 0.02913700
v -0.01661200 0.04153100 0.04563100
v -0.01513500 -0.04224900 0.01179600
v -0.01420100 0.04241800 0.04603400
v -0.01500100 0.04242900 0.04577100
v -0.01603200 -0.04207500 0.01175300
v -0.01735000 -0.04137900 0.01213300
v -0.04472700 0.00452200 0.03063000
v -0.04466000 0.00346000 0.03024900
v -0.01978500 -0.04027000 0.01258900
v -0.04439500 0.00592900 0.03124700
v -0.01180800 0.04314100 0.04628100
v -0.01196800 0.04336200 0.04618400
v -0.00978700 0.04384100 0.04648600
v -0.00947900 0.04371000 0.04651100
v -0.02085900 -0.03989600 0.01263500
v -0.00979400 0.04392300 0.04631700
v -0.02214500 -0.03902500 0.01309600
v -0.00705800 0.04416200 0.04667900
v -0.04399400 0.00838700 0.03224300
v -0.04407200 0.00901800 0.03238300
v -0.00601100 0.04450600 0.04676800
v -0.04339300 0.01106300 0.03332000
v -0.04365300 0.01089100 0.03311500
v -0.02443600 -0.03762400 0.01365000
v -0.04273300 0.01340200 0.03430100
v -0.00562000 0.04466400 0.04664300
v -0.00328500 0.04483500 0.04685600
v -0.02551900 -0.03708800 0.01378100
v -0.00449300 0.04449900 0.04683000
v -0.02663900 -0.03609400 0.01426500
v -0.04268400 0.01410200 0.03448300
v -0.02875700 -0.03442700 0.01494200
v -0.04190400 0.01577000 0.03522600
v -0.00225900 0.04466600 0.04690300
v -0.02909300 -0.03432200 0.01490000
v -0.04123400 0.01793700 0.03600500
v -0.04241300 0.01508400 0.03475000
v -0.03077500 -0.03263100 0.01566700
v -0.04096200 0.01806800 0.03615100
v -0.03072700 -0.03286000 0.01550500
v -0.04019100 0.02022400 0.03687700
v -0.03978700 0.02051800 0.03714700
v -0.03326500 -0.03030700 0.01650300
v -0.03268300 -0.03071500 0.01644100
v -0.03446900 -0.02891300 0.01710400
v -0.03447300 -0.02869000 0.01726300
v -0.03773100 0.02431700 0.03864700
v -0.03858200 0.02269500 0.03802100
v -0.03727200 0.02478400 0.03886800
v -0.03615400 -0.02653700 0.01813500
v -0.03800900 0.02413500 0.03841000
v -0.03569400 0.02699800 0.03975900
v 0.03977600 -0.02068900 0.02049200
v 0.03977600 -0.02068900 0.02049200
v 0.03977600 -0.02068900 0.02049200
v 0.04048000 -0.01859700 0.02133700
v 0.04048000 -0.01859700 0.02133700
v 0.04048000 -0.01859700 0.02133700
v 0.03926500 -0.02103100 0.02035400
v 0.03926500 -0.02103100 0.02035400
v 0.03926500 -0.02103100 0.02035400
v 0.00000000 -0.04487500 0.01072000
v 0.00000000 -0.04487500 0.01072000
v 0.00000000 -0.04487500 0.01072000
v 0.00172600 -0.04445100 0.01089200
v 0.00172600 -0.04445100 0.01089200
v -0.00091800 -0.04447500 0.01088200
v -0.00091800 -0.04447500 0.01088200
v -0.00091800 -0.04447500 0.01088200
v 0.03077500 0.03248100 0.04197400
v 0.03077500 0.03248100 0.04197400
v 0.03077500 0.03248100 0.04197400
v 0.03077500 0.03248100 0.04197400
v 0.03159900 0.03157700 0.04160900
v 0.03159900 0.03157700 0.04160900
v 0.03159900 0.03157700 0.04160900
v 0.03268300 0.03056500 0.04120000
v 0.03268300 0.03056500 0.04120000
v 0.03268300 0.03056500 0.04120000
v 0.02875700 0.03427700 0.04270000
v 0.02875700 0.03427700 0.04270000
v 0.02798300 0.03483300 0.04292500
v 0.02798300 0.03483300 0.04292500
v 0.02798300 0.03483300 0.04292500
v 0.02798300 0.03483300 0.04292500
v -0.04449800 -0.00280100 0.02771900
v -0.04449800 -0.00280100 0.02771900
v -0.04476800 -0.00177300 0.02813500
v -0.04476800 -0.00177300 0.02813500
v -0.04476800 -0.00177300 0.02813500
v -0.04460500 -0.00425100 0.02713300
v -0.04460500 -0.00425100 0.02713300
v -0.04460500 -0.00425100 0.02713300
v -0.02403300 0.03767400 0.04407200
v -0.02403300 0.03767400 0.04407200
v -0.02403300 0.03767400 0.04407200
v -0.02308800 0.03831800 0.04433200
v -0.02308800 0.03831800 0.04433200
v -0.02308800 0.03831800 0.04433200
v -0.02512400 0.03701700 0.04380700
v -0.02512400 0.03701700 0.04380700
v -0.02512400 0.03701700 0.04380700
v 0.03858200 -0.02284500 0.01962100
v 0.03858200 -0.02284500 0.01962100
v 0.02664100 0.03594300 0.04337300
v 0.02664100 0.03594300 0.04337300
v 0.03804300 -0.02315700 0.01949500
v 0.03804300 -0.02315700 0.01949500
v 0.03344400 0.02960800 0.04081400
v 0.03344400 0.02960800 0.04081400
v 0.03344400 0.02960800 0.04081400
v -0.02624000 0.03616800 0.04346400
v -0.02624000 0.03616800 0.04346400
v -0.02624000 0.03616800 0.04346400
v -0.04423300 -0.00554500 0.02661000
v -0.04423300 -0.00554500 0.02661000
v -0.04423300 -0.00554500 0.02661000
v 0.03447600 0.02853300 0.04037900
v 0.03447600 0.02853300 0.04037900
v 0.03447600 0.02853300 0.04037900
v -0.00265000 -0.04479600 0.01075200
v -0.00265000 -0.04479600 0.01075200
v -0.00265000 -0.04479600 0.01075200
v 0.02605400 0.03630200 0.04351800
v 0.02605400 0.03630200 0.04351800
v 0.03501100 0.02773000 0.04005500
v 0.03501100 0.02773000 0.04005500
v 0.03501100 0.02773000 0.04005500
v 0.02443600 0.03747400 0.04399100
v 0.02443600 0.03747400 0.04399100
v 0.02443600 0.03747400 0.04399100
v -0.00355000 -0.04434300 0.01093500
v -0.00355000 -0.04434300 0.01093500
v -0.00355000 -0.04434300 0.01093500
v -0.02709500 0.03560200 0.04323500
v -0.02709500 0.03560200 0.04323500
v -0.02709500 0.03560200 0.04323500
v -0.04426400 -0.00698500 0.02602900
v -0.04426400 -0.00698500 0.02602900
v -0.04426400 -0.00698500 0.02602900
v 0.02404400 0.03766700 0.04407000
v 0.02404400 0.03766700 0.04407000
v 0.02404400 0.03766700 0.04407000
v 0.03614900 0.02638800 0.03951300
v 0.03614900 0.02638800 0.03951300
v 0.03614900 0.02638800 0.03951300
v 0.03648400 0.02575200 0.03925500
v 0.03648400 0.02575200 0.03925500
v 0.02214400 0.03886900 0.04455500
v 0.02214400 0.03886900 0.04455500
v -0.04384800 -0.00800900 0.02561500
v -0.04384800 -0.00800900 0.02561500
v 0.03727300 -0.02492900 0.01877900
v 0.03727300 -0.02492900 0.01877900
v 0.03727300 -0.02492900 0.01877900
v -0.00529100 -0.04456100 0.01084700
v -0.00529100 -0.04456100 0.01084700
v -0.00529100 -0.04456100 0.01084700
v 0.03655700 -0.02542800 0.01857700
v 0.03655700 -0.02542800 0.01857700
v 0.02196700 0.03891900 0.04457500
v 0.02196700 0.03891900 0.04457500
v 0.03769000 0.02414300 0.03860500
v 0.03769000 0.02414300 0.03860500
v -0.00593800 -0.04408700 0.01103900
v -0.00593800 -0.04408700 0.01103900
v -0.00593800 -0.04408700 0.01103900
v 0.03784400 0.02370000 0.03842600
v 0.03784400 0.02370000 0.03842600
v 0.03784400 0.02370000 0.03842600
v -0.04375600 -0.00968900 0.02493600
v -0.04375600 -0.00968900 0.02493600
v -0.02836000 0.03452400 0.04280000
v -0.02836000 0.03452400 0.04280000
v -0.02836000 0.03452400 0.04280000
v 0.01960300 0.04016500 0.04507900
v 0.01960300 0.04016500 0.04507900
v -0.02899100 0.03407900 0.04262000
v -0.02899100 0.03407900 0.04262000
v -0.02899100 0.03407900 0.04262000
v -0.04333000 -0.01043300 0.02463600
v -0.04333000 -0.01043300 0.02463600
v -0.04333000 -0.01043300 0.02463600
v 0.03909300 0.02180500 0.03766100
v 0.03909300 0.02180500 0.03766100
v 0.03909300 0.02180500 0.03766100
v -0.00765900 -0.04421600 0.01098700
v -0.00765900 -0.04421600 0.01098700
v -0.00765900 -0.04421600 0.01098700
v 0.03908500 0.02158200 0.03757100
v 0.03908500 0.02158200 0.03757100
v 0.03908500 0.02158200 0.03757100
v 0.03569400 -0.02714800 0.01788300
v 0.03569400 -0.02714800 0.01788300
v 0.01735000 0.04122900 0.04550900
v 0.01735000 0.04122900 0.04550900
v 0.01735000 0.04122900 0.04550900
v -0.00830000 -0.04370400 0.01119200
v 0.03494400 -0.02759400 0.01770200
v 0.03494400 -0.02759400 0.01770200
v 0.03494400 -0.02759400 0.01770200
v -0.04315800 -0.01209300 0.02396500
v -0.04315800 -0.01209300 0.02396500
v -0.04315800 -0.01209300 0.02396500
v 0.01741900 0.04116200 0.04548100
v 0.01741900 0.04116200 0.04548100
v 0.01741900 0.04116200 0.04548100
v 0.04035600 0.01937700 0.03668000
v 0.04035600 0.01937700 0.03668000
v 0.04035600 0.01937700 0.03668000
v 0.04035600 0.01937700 0.03668000
v -0.04260300 -0.01306600 0.02357200
v -0.04260300 -0.01306600 0.02357200
v 0.04020800 0.01939500 0.03668700
v 0.04020800 0.01939500 0.03668700
v 0.01511200 0.04209900 0.04586000
v 0.01511200 0.04209900 0.04586000
v 0.01511200 0.04209900 0.04586000
v -0.03038700 0.03274900 0.04208200
v -0.03038700 0.03274900 0.04208200
v -0.03038700 0.03274900 0.04208200
v -0.01008300 -0.04332900 0.01134500
v -0.01008300 -0.04332900 0.01134500
v -0.01000300 -0.04374400 0.01117700
v -0.01000300 -0.04374400 0.01117700
v -0.01000300 -0.04374400 0.01117700
v -0.01000300 -0.04374400 0.01117700
v -0.03080300 0.03245500 0.04196400
v -0.03080300 0.03245500 0.04196400
v -0.03080300 0.03245500 0.04196400
v 0.03416100 -0.02905900 0.01711000
v 0.03416100 -0.02905900 0.01711000
v 0.03416100 -0.02905900 0.01711000
v 0.01493200 0.04213100 0.04587300
v 0.01493200 0.04213100 0.04587300
v 0.01493200 0.04213100 0.04587300
v 0.03320700 -0.02965500 0.01687000
v 0.03320700 -0.02965500 0.01687000
v 0.03320700 -0.02965500 0.01687000
v -0.01185000 -0.04288100 0.01152600
v -0.01185000 -0.04288100 0.01152600
v 0.04136600 0.01712700 0.03577100
v 0.04136600 0.01712700 0.03577100
v 0.04121400 0.01713900 0.03577600
v 0.04121400 0.01713900 0.03577600
v -0.04234000 -0.01471700 0.02290500
v -0.04234000 -0.01471700 0.02290500
v -0.04234000 -0.01471700 0.02290500
v -0.03230200 0.03085500 0.04131700
v -0.03230200 0.03085500 0.04131700
v -0.04171500 -0.01565100 0.02252800
v -0.04171500 -0.01565100 0.02252800
v -0.04171500 -0.01565100 0.02252800
v 0.01265000 0.04287400 0.04617300
v 0.01265000 0.04287400 0.04617300
v 0.01257700 0.04292300 0.04619300
v 0.01257700 0.04292300 0.04619300
v 0.01257700 0.04292300 0.04619300
v 0.01257700 0.04292300 0.04619300
v -0.01257700 -0.04307300 0.01144800
v -0.01257700 -0.04307300 0.01144800
v -0.03252800 0.03073100 0.04126700
v -0.03252800 0.03073100 0.04126700
v 0.03252800 -0.03088100 0.01637400
v 0.03252800 -0.03088100 0.01637400
v 0.03252800 -0.03088100 0.01637400
v 0.04234000 0.01456700 0.03473700
v 0.04234000 0.01456700 0.03473700
v 0.04218200 0.01457500 0.03474000
v 0.04218200 0.01457500 0.03474000
v 0.03134100 -0.03161400 0.01607800
v 0.03134100 -0.03161400 0.01607800
v 0.03134100 -0.03161400 0.01607800
v -0.01415000 -0.04218000 0.01180900
v -0.01415000 -0.04218000 0.01180900
v -0.04136600 -0.01727700 0.02187000
v -0.04136600 -0.01727700 0.02187000
v -0.04136600 -0.01727700 0.02187000
v -0.04066400 -0.01819400 0.02150000
v -0.04066400 -0.01819400 0.02150000
v -0.04066400 -0.01819400 0.02150000
v 0.01048600 0.04345500 0.04640800
v 0.01048600 0.04345500 0.04640800
v 0.01048600 0.04345500 0.04640800
v -0.01511200 -0.04224900 0.01178100
v -0.01511200 -0.04224900 0.01178100
v 0.01000300 0.04359400 0.04646400
v 0.01000300 0.04359400 0.04646400
v -0.01641200 -0.04135400 0.01214300
v -0.01641200 -0.04135400 0.01214300
v -0.01641200 -0.04135400 0.01214300
v 0.04291900 0.01221600 0.03378700
v 0.04291900 0.01221600 0.03378700
v -0.03409700 0.02885100 0.04050800
v -0.03409700 0.02885100 0.04050800
v -0.03409700 0.02885100 0.04050800
v -0.03416100 0.02890900 0.04053100
v -0.03416100 0.02890900 0.04053100
v -0.04035600 -0.01952800 0.02096100
v -0.04035600 -0.01952800 0.02096100
v -0.04035600 -0.01952800 0.02096100
v 0.04315800 0.01194300 0.03367600
v 0.04315800 0.01194300 0.03367600
v 0.03080300 -0.03260500 0.01567800
v 0.03080300 -0.03260500 0.01567800
v 0.03080300 -0.03260500 0.01567800
v -0.03958800 -0.02041900 0.02060100
v -0.03958800 -0.02041900 0.02060100
v -0.03958800 -0.02041900 0.02060100
v -0.01735000 -0.04137900 0.01213300
v -0.01735000 -0.04137900 0.01213300
v -0.01735000 -0.04137900 0.01213300
v 0.00827500 0.04393000 0.04660000
v -0.01862700 -0.04040800 0.01252500
v -0.01862700 -0.04040800 0.01252500
v -0.01862700 -0.04040800 0.01252500
v -0.03569400 0.02699800 0.03975900
v -0.03569400 0.02699800 0.03975900
v -0.03569400 0.02699800 0.03975900
v 0.00765900 0.04406500 0.04665500
v 0.02937400 -0.03344400 0.01533900
v 0.02937400 -0.03344400 0.01533900
v 0.04352400 0.00982000 0.03281900
v 0.04352400 0.00982000 0.03281900
v 0.04375600 0.00953900 0.03270500
v 0.04375600 0.00953900 0.03270500
v 0.00541500 0.04438700 0.04678600
v -0.03909300 -0.02195500 0.01998000
v -0.03909300 -0.02195500 0.01998000
v -0.03839600 -0.02256900 0.01973200
v -0.03839600 -0.02256900 0.01973200
v -0.03839600 -0.02256900 0.01973200
v -0.01977800 -0.04027300 0.01258000
v -0.01977800 -0.04027300 0.01258000
v -0.02078300 -0.03934600 0.01295400
v -0.02078300 -0.03934600 0.01295400
v -0.03577300 0.02673700 0.03965300
v -0.03577300 0.02673700 0.03965300
v -0.03577300 0.02673700 0.03965300
v 0.02899100 -0.03422900 0.01502100
v 0.02899100 -0.03422900 0.01502100
v -0.03769000 -0.02429300 0.01903600
v -0.03769000 -0.02429300 0.01903600
v -0.03769000 -0.02429300 0.01903600
v 0.04399700 0.00738100 0.03183300
v 0.04399700 0.00738100 0.03183300
v 0.04399700 0.00738100 0.03183300
v -0.03708400 -0.02465600 0.01888900
v -0.03708400 -0.02465600 0.01888900
v -0.03708400 -0.02465600 0.01888900
v 0.04426400 0.00683500 0.03161300
v 0.04426400 0.00683500 0.03161300
v 0.04426400 0.00683500 0.03161300
v -0.02288300 -0.03816600 0.01343100
v -0.02288300 -0.03816600 0.01343100
v -0.02288300 -0.03816600 0.01343100
v -0.02214400 -0.03901900 0.01308600
v -0.02214400 -0.03901900 0.01308600
v -0.02214400 -0.03901900 0.01308600
v -0.03727300 0.02477900 0.03886200
v -0.03727300 0.02477900 0.03886200
v 0.02730300 -0.03514900 0.01465000
v 0.02730300 -0.03514900 0.01465000
v 0.00302400 0.04460200 0.04687200
v -0.03614900 -0.02653800 0.01812900
v -0.03614900 -0.02653800 0.01812900
v -0.03614900 -0.02653800 0.01812900
v 0.04436200 0.00465700 0.03073200
v 0.04436200 0.00465700 0.03073200
v -0.03566200 -0.02666400 0.01807800
v -0.03566200 -0.02666400 0.01807800
v -0.03566200 -0.02666400 0.01807800
v 0.04460500 0.00410100 0.03050800
v -0.03732300 0.02451600 0.03875600
v -0.03732300 0.02451600 0.03875600
v -0.02513800 -0.03672400 0.01401300
v -0.02513800 -0.03672400 0.01401300
v -0.02443600 -0.03762400 0.01365000
v -0.02443600 -0.03762400 0.01365000
v 0.00038300 0.04470300 0.04691200
v 0.02709500 -0.03575200 0.01440600
v 0.02709500 -0.03575200 0.01440600
v 0.02709500 -0.03575200 0.01440600
v -0.03447600 -0.02868300 0.01726200
v -0.03447600 -0.02868300 0.01726200
v -0.03447600 -0.02868300 0.01726200
v -0.03447600 -0.02868300 0.01726200
v -0.03414300 -0.02857700 0.01730500
v -0.03414300 -0.02857700 0.01730500
v -0.03252500 -0.03039800 0.01656900
v -0.03252500 -0.03039800 0.01656900
v -0.03252500 -0.03039800 0.01656900
v -0.03861200 0.02242000 0.03790900
v 0.00000000 0.04472500 0.04692100
v 0.04454600 0.00218700 0.02973500
v 0.04454600 0.00218700 0.02973500
v -0.02710000 -0.03530500 0.01458700
v -0.02710000 -0.03530500 0.01458700
v -0.02664100 -0.03609300 0.01426800
v -0.02664100 -0.03609300 0.01426800
v -0.02664100 -0.03609300 0.01426800
v -0.03268300 -0.03071500 0.01644100
v -0.03268300 -0.03071500 0.01644100
v -0.03078100 -0.03215100 0.01584600
v -0.02899700 -0.03376900 0.01520700
v -0.02899700 -0.03376900 0.01520700
v -0.02875700 -0.03442700 0.01494200
v -0.03077500 -0.03263100 0.01566700
v 0.02983300 0.03325600 0.04228700
v 0.02983300 0.03325600 0.04228700
v 0.02514400 -0.03672000 0.01401500
v 0.02514400 -0.03672000 0.01401500
v 0.02514400 -0.03672000 0.01401500
v 0.02512400 -0.03716700 0.01383500
v 0.02512400 -0.03716700 0.01383500
v 0.02512400 -0.03716700 0.01383500
v -0.00200900 0.04465900 0.04689500
v 0.04458900 -0.00054100 0.02863200
v 0.04458900 -0.00054100 0.02863200
v -0.03977600 0.02053800 0.03714900
v -0.03977600 0.02053800 0.03714900
v -0.03977600 0.02053800 0.03714900
v 0.04479300 -0.00085800 0.02850400
v 0.04479300 -0.00085800 0.02850400
v -0.00448800 0.04449500 0.04681700
v -0.03978000 0.02026400 0.03703800
v -0.03978000 0.02026400 0.03703800
v -0.03978000 0.02026400 0.03703800
v 0.02289800 -0.03815600 0.01343500
v 0.02289800 -0.03815600 0.01343500
v 0.02289800 -0.03815600 0.01343500
v 0.02308800 -0.03846700 0.01330900
v 0.02308800 -0.03846700 0.01330900
v 0.02308800 -0.03846700 0.01330900
v 0.04448400 -0.00301700 0.02763200
v 0.04448400 -0.00301700 0.02763200
v -0.04096200 0.01806800 0.03615100
v -0.04096200 0.01806800 0.03615100
v -0.04096200 0.01806800 0.03615100
v 0.02079900 -0.03933700 0.01295800
v 0.02079900 -0.03933700 0.01295800
v 0.02079900 -0.03933700 0.01295800
v 0.04466000 -0.00361000 0.02739200
v 0.04466000 -0.00361000 0.02739200
v 0.04424000 -0.00549200 0.02663200
v 0.04424000 -0.00549200 0.02663200
v 0.04424000 -0.00549200 0.02663200
v -0.04092900 0.01781400 0.03604800
v -0.04092900 0.01781400 0.03604800
v -0.04092900 0.01781400 0.03604800
v 0.04439500 -0.00607900 0.02639500
v 0.04439500 -0.00607900 0.02639500
v 0.04439500 -0.00607900 0.02639500
v 0.02098500 -0.03965600 0.01282900
v 0.02098500 -0.03965600 0.01282900
v 0.02098500 -0.03965600 0.01282900
v -0.04189900 0.01578300 0.03522800
v -0.04189900 0.01578300 0.03522800
v -0.04189900 0.01578300 0.03522800
v -0.00936300 0.04371100 0.04651100
v 0.01864200 -0.04040100 0.01252800
v 0.01864200 -0.04040100 0.01252800
v 0.01864200 -0.04040100 0.01252800
v 0.01882300 -0.04072900 0.01239500
v -0.00947900 0.04371000 0.04651100
v 0.04381100 -0.00820800 0.02553500
v 0.04381100 -0.00820800 0.02553500
v 0.04399500 -0.00852900 0.02540500
v 0.04399500 -0.00852900 0.02540500
v -0.04193500 0.01527600 0.03502300
v -0.04193500 0.01527600 0.03502300
v -0.04193500 0.01527600 0.03502300
v -0.01180800 0.04314100 0.04628100
v -0.01180800 0.04314100 0.04628100
v -0.04271100 0.01344400 0.03428300
v -0.04271100 0.01344400 0.03428300
v -0.04271100 0.01344400 0.03428300
v 0.01661200 -0.04168100 0.01201100
v 0.01661200 -0.04168100 0.01201100
v 0.01661200 -0.04168100 0.01201100
v 0.01619600 -0.04143900 0.01210800
v 0.01619600 -0.04143900 0.01210800
v 0.01619600 -0.04143900 0.01210800
v -0.01192900 0.04308000 0.04625600
v -0.01192900 0.04308000 0.04625600
v -0.04271200 0.01293000 0.03407500
v -0.04271200 0.01293000 0.03407500
v -0.04271200 0.01293000 0.03407500
v -0.04339300 0.01106300 0.03332000
v -0.04339300 0.01106300 0.03332000
v -0.04339300 0.01106300 0.03332000
v -0.01410700 0.04244600 0.04600000
v -0.01410700 0.04244600 0.04600000
v -0.01410700 0.04244600 0.04600000
v 0.04322000 -0.01087600 0.02445700
v 0.04322000 -0.01087600 0.02445700
v 0.04322000 -0.01087600 0.02445700
v 0.01410700 -0.04259600 0.01164100
v 0.01410700 -0.04259600 0.01164100
v 0.04339300 -0.01121200 0.02432100
v 0.04339300 -0.01121200 0.02432100
v 0.04339300 -0.01121200 0.02432100
v 0.01369800 -0.04232800 0.01174900
v 0.01369800 -0.04232800 0.01174900
v -0.01446300 0.04229500 0.04593900
v -0.01446300 0.04229500 0.04593900
v -0.01446300 0.04229500 0.04593900
v -0.04335500 0.01055100 0.03311400
v -0.04335500 0.01055100 0.03311400
v -0.04335500 0.01055100 0.03311400
v 0.01180800 -0.04329100 0.01136000
v 0.01180800 -0.04329100 0.01136000
v 0.01180800 -0.04329100 0.01136000
v -0.01661200 0.04153100 0.04563100
v -0.01661200 0.04153100 0.04563100
v -0.01661200 0.04153100 0.04563100
v -0.04399500 0.00837800 0.03223600
v -0.04399500 0.00837800 0.03223600
v -0.04399500 0.00837800 0.03223600
v 0.04271100 -0.01359400 0.02335900
v 0.04271100 -0.01359400 0.02335900
v 0.04246600 -0.01350200 0.02339600
v 0.04246600 -0.01350200 0.02339600
v 0.04246600 -0.01350200 0.02339600
v 0.04246600 -0.01350200 0.02339600
v 0.01115900 -0.04306500 0.01145100
v 0.01115900 -0.04306500 0.01145100
v 0.01115900 -0.04306500 0.01145100
v -0.04391400 0.00786600 0.03202900
v -0.04391400 0.00786600 0.03202900
v -0.04391400 0.00786600 0.03202900
v 0.00947900 -0.04386100 0.01113000
v 0.00947900 -0.04386100 0.01113000
v 0.00947900 -0.04386100 0.01113000
v -0.01694700 0.04135900 0.04556100
v -0.01694700 0.04135900 0.04556100
v -0.01694700 0.04135900 0.04556100
v -0.04439500 0.00592900 0.03124700
v -0.04439500 0.00592900 0.03124700
v -0.04439500 0.00592900 0.03124700
v -0.01882300 0.04057900 0.04524600
v -0.01882300 0.04057900 0.04524600
v -0.01882300 0.04057900 0.04524600
v 0.00882400 -0.04360300 0.01123400
v 0.00882400 -0.04360300 0.01123400
v 0.00882400 -0.04360300 0.01123400
v 0.04189900 -0.01593300 0.02241400
v 0.04189900 -0.01593300 0.02241400
v 0.04155200 -0.01607600 0.02235600
v 0.04155200 -0.01607600 0.02235600
v -0.04430800 0.00514300 0.03092900
v -0.04430800 0.00514300 0.03092900
v -0.04430800 0.00514300 0.03092900
v 0.00712800 -0.04430400 0.01095100
v 0.00712800 -0.04430400 0.01095100
v -0.04466000 0.00346000 0.03024900
v -0.04466000 0.00346000 0.03024900
v -0.04466000 0.00346000 0.03024900
v -0.01938700 0.04027000 0.04512100
v -0.01938700 0.04027000 0.04512100
v -0.01938700 0.04027000 0.04512100
v 0.00647300 -0.04401300 0.01106900
v 0.00647300 -0.04401300 0.01106900
v -0.02098500 0.03950600 0.04481300
v -0.02098500 0.03950600 0.04481300
v -0.02098500 0.03950600 0.04481300
v 0.04096200 -0.01821800 0.02149000
v 0.04096200 -0.01821800 0.02149000
v 0.04096200 -0.01821800 0.02149000
v -0.04453500 0.00240200 0.02982200
v -0.04453500 0.00240200 0.02982200
v -0.04453500 0.00240200 0.02982200
v 0.00449300 -0.04464900 0.01081200
v 0.00449300 -0.04464900 0.01081200
v 0.00449300 -0.04464900 0.01081200
v 0.00410800 -0.04429500 0.01095400
v 0.00410800 -0.04429500 0.01095400
v 0.00410800 -0.04429500 0.01095400
v -0.04479300 0.00070800 0.02913700
v -0.04479300 0.00070800 0.02913700
v -0.02174800 0.03904200 0.04462500
v -0.02174800 0.03904200 0.04462500
v -0.02174800 0.03904200 0.04462500
v -0.04459400 -0.00006800 0.02882400
v -0.04459400 -0.00006800 0.02882400
v 0.00224900 -0.04481800 0.01074300
v 0.00224900 -0.04481800 0.01074300
v -0.03657100 0.02691400 0.02882800
v -0.03399300 0.03010900 0.03161500
v 0.03165300 0.05400200 0.03214900
v -0.00531600 0.04711500 0.04467900
v 0.00305900 0.04542700 0.04538500
v 0.00020000 0.04587100 0.04524300
v 0.01498900 0.05399900 0.04264400
v -0.03389100 0.03117900 0.03063700
v -0.03605400 0.02874600 0.02814100
v -0.00434900 0.04502400 0.04560600
v -0.01596500 0.04795800 0.04205000
v -0.01846200 0.04644200 0.04096800
v 0.02510600 0.05027000 0.03739700
v -0.03210900 0.03441800 0.03154100
v -0.02919600 0.03801300 0.03402600
v -0.03229300 0.03589400 0.03108200
v -0.01342600 0.04979300 0.04296600
v 0.00308800 0.04604800 0.04499100
v -0.03385300 0.03282200 0.02969900
v 0.02244800 0.04195900 0.03879800
v 0.00747600 0.05116600 0.04442500
v 0.01214700 0.05216400 0.04343600
v -0.00628400 0.04469900 0.04558900
v 0.00736400 0.04584300 0.04442100
v -0.03918400 0.02218500 0.02694300
v 0.01266000 0.04479600 0.04318000
v -0.02368700 0.04112200 0.03810400
v -0.02364200 0.04958400 0.03831900
v -0.02568200 0.04016400 0.03674300
v -0.03691200 0.02764600 0.02705700
v -0.01138600 0.05333400 0.04365000
v 0.01491300 0.04450300 0.04235900
v 0.01719000 0.04797500 0.04156600
v 0.01178400 0.05400000 0.04356600
v -0.03392000 0.03441800 0.02932200
v -0.00836800 0.04426000 0.04549400
v -0.03653000 0.03002100 0.02641100
v -0.01844200 0.05061800 0.04111900
v -0.02104500 0.04545100 0.03966900
v 0.03001400 0.05399500 0.03369100
v -0.00309900 0.04590200 0.04503000
v 0.00287700 0.05188000 0.04493300
v 0.01994300 0.04999800 0.04038100
v -0.03922900 0.02394800 0.02390200
v -0.00379200 0.04560200 0.04514500
v -0.02812000 0.04636700 0.03506400
v 0.04497200 0.00588200 0.00528300
v 0.01202300 0.04651000 0.04332000
v 0.00737800 0.05261800 0.04446600
v -0.04027200 0.02155100 0.02275300
v 0.04499500 0.00691100 0.00078500
v -0.02103200 0.05022800 0.03984000
v 0.02717800 0.05119000 0.03595200
v -0.00616900 0.04516500 0.04497300
v 0.04458000 0.00661800 0.01365000
v -0.00825900 0.04455600 0.04493500
v -0.03653200 0.03206000 0.02603100
v -0.02957500 0.05371500 0.03407300
v 0.04414000 0.00957100 0.01485200
v 0.04490000 0.00874500 0.00468500
v -0.00589300 0.05102900 0.04463800
v -0.04192000 0.01669600 0.02198700
v 0.02254300 0.04981800 0.03898900
v 0.04458300 0.00989100 0.00905900
v -0.04019500 0.02375300 0.02110300
v -0.03927100 0.02659600 0.02214100
v 0.00096600 0.04633300 0.04503000
v 0.04490500 0.01402700 0.00301400
v -0.02578900 0.05031700 0.03694000
v -0.01113000 0.04390300 0.04433300
v 0.04499000 0.02863900 -0.00044500
v 0.04411800 0.01217000 0.01172100
v 0.04309400 0.01394300 0.01792700
v 0.04458400 0.01521300 0.00645300
v 0.04415700 0.01376900 0.01020400
v 0.01494200 0.04805900 0.04243300
v 0.02724100 0.05294700 0.03596500
v -0.01606600 0.05399800 0.04221000
v 0.04309500 0.01558700 0.01571200
v -0.01351500 0.04296500 0.04422200
v 0.04160900 0.01714600 0.02350600
v 0.04413100 0.01663200 0.00908600
v 0.02514300 0.05225400 0.03745100
v -0.00184100 0.04617400 0.04504400
v -0.04199400 0.01750200 0.01992700
v 0.04458700 0.04003100 0.00605100
v 0.04161500 0.01888000 0.01992100
v 0.04415800 0.02013600 0.00856900
v -0.03203700 0.05118400 0.03167100
v 0.04309500 0.01717000 0.01444900
v 0.02250500 0.05052300 0.03903800
v 0.04494000 0.04834800 0.00247000
v 0.04316900 0.02096600 0.01264400
v 0.04281400 0.01977700 0.01436100
v 0.02618000 0.05400000 0.03682800
v 0.04412200 0.03156800 0.00876100
v 0.00642000 0.04788200 0.04452700
v -0.04192600 0.01875900 0.01869000
v 0.04051500 0.02114100 0.02233200
v -0.00827300 0.04513200 0.04443000
v 0.03893300 0.02301300 0.02641800
v -0.03921500 0.02952300 0.02182900
v 0.04159900 0.02170700 0.01786700
v 0.04048300 0.02321200 0.02062200
v 0.03761000 0.02524500 0.02778100
v 0.03893300 0.02397800 0.02492600
v 0.04158700 0.02455800 0.01697200
v 0.04281700 0.03936200 0.01377100
v 0.01736800 0.04886600 0.04152700
v 0.01213000 0.04922600 0.04336100
v 0.04500400 0.05400000 0.00008600
v 0.04045700 0.02613300 0.01952900
v -0.04192700 0.02068600 0.01726000
v 0.03893400 0.02573300 0.02340300
v -0.04036300 0.02662500 0.01965700
v 0.03762900 0.02672100 0.02602200
v -0.01594900 0.04232000 0.04300000
v -0.01351100 0.05400000 0.04307900
v -0.01355400 0.04335100 0.04350100
v 0.00315500 0.04789000 0.04487500
v 0.03557400 0.02805200 0.03011500
v -0.00732300 0.04572600 0.04446200
v -0.04355300 0.01191800 0.01762900
v -0.00795000 0.05163900 0.04434700
v 0.00333500 0.05399100 0.04489600
v 0.03890300 0.02855900 0.02239600
v 0.03761700 0.02871500 0.02484800
v 0.03461700 0.02942500 0.03088100
v 0.01430300 0.04869700 0.04267900
v 0.03502300 0.03000300 0.02932000
v -0.04409800 0.00927100 0.01677700
v 0.03762100 0.03078800 0.02445400
v -0.01118800 0.04463400 0.04372700
v -0.04353100 0.01296900 0.01572400
v 0.04484400 0.05399900 0.00366200
v 0.03504300 0.03161900 0.02834100
v 0.03021700 0.03334400 0.03597100
v 0.03198200 0.03221700 0.03351400
v 0.00807200 0.04819600 0.04426500
v -0.03605700 0.04464400 0.02683900
v -0.04198200 0.02330600 0.01616500
v -0.01346700 0.04401600 0.04308300
v -0.00266800 0.05244600 0.04494100
v -0.02368300 0.05141500 0.03836500
v 0.04422700 0.05399900 0.00838200
v 0.03182300 0.03318400 0.03272500
v 0.01502600 0.04928200 0.04244400
v 0.03018600 0.03397600 0.03495000
v 0.01741900 0.05098700 0.04157200
v 0.04326800 0.05399600 0.01242400
v 0.03504800 0.03344200 0.02798700
v 0.04048200 0.04624000 0.01961700
v -0.00617300 0.05234400 0.04461500
v 0.03003100 0.03507700 0.03402900
v -0.02104900 0.05147600 0.03987600
v 0.01515800 0.04987500 0.04241600
v -0.01598900 0.04299800 0.04231300
v -0.04399900 0.01167000 0.01339900
v 0.03165100 0.03461800 0.03206600
v -0.00202000 0.04713800 0.04496200
v 0.00633200 0.05399800 0.04460500
v 0.01999000 0.05399800 0.04050700
v 0.03875100 0.04648000 0.02285400
v 0.02506300 0.03738600 0.03934000
v 0.02732000 0.03671700 0.03656300
v -0.04376400 0.01565000 0.01172400
v 0.03017400 0.03675500 0.03319000
v 0.03181800 0.03608800 0.03157500
v -0.01848200 0.04170700 0.04154700
v 0.02509300 0.03778400 0.03854300
v 0.04160300 0.04605900 0.01712300
v 0.04159600 0.05400000 0.01723300
v -0.04461100 0.00753800 0.01109700
v 0.02722200 0.03796100 0.03589000
v -0.04165500 0.03119900 0.01684400
v 0.02506400 0.03848400 0.03783300
v 0.00639300 0.04933000 0.04455200
v 0.01997900 0.04031700 0.04196500
v 0.02249600 0.03969000 0.03964400
v -0.01109800 0.04549000 0.04354900
v 0.03554500 0.05273200 0.02768500
v -0.02811800 0.05073000 0.03519800
v 0.01501600 0.05073500 0.04249100
v 0.02254100 0.05400200 0.03913900
v 0.02254100 0.05400200 0.03913900
v -0.02110000 0.04029100 0.04047500
v 0.03455100 0.05369400 0.02894800
v -0.04493800 0.00252700 0.01158600
v 0.02724500 0.03914300 0.03560700
v 0.01994600 0.04073600 0.04119600
v 0.00161100 0.04841100 0.04497700
v -0.04220300 0.03807300 0.01551800
v 0.02505300 0.03986500 0.03723100
v 0.01764800 0.04140000 0.04295200
v -0.02369800 0.03827100 0.04007500
v 0.01195100 0.04961900 0.04341400
v 0.04044000 0.05399700 0.01981900
v -0.03907300 0.05399900 0.02242000
v -0.04351800 0.02019300 0.01137300
v 0.01742300 0.04193400 0.04221100
v -0.02105100 0.04077200 0.04013700
v -0.03408300 0.04789300 0.02936500
v -0.01332900 0.04495600 0.04291600
v 0.02249000 0.04060300 0.03902500
v -0.01855100 0.04231400 0.04113700
v 0.03198500 0.04751100 0.03162600
v -0.02367800 0.03889700 0.03905600
v -0.01597000 0.04389600 0.04201500
v 0.01993500 0.04144900 0.04057400
v -0.04495800 0.00543400 0.00571300
v 0.01474500 0.04273300 0.04349200
v 0.01748300 0.05245900 0.04159700
v 0.01731100 0.04257900 0.04174000
v 0.03017400 0.05087400 0.03346200
v 0.01494800 0.04294900 0.04301700
v -0.02561900 0.03745100 0.03812300
v -0.00820500 0.04752900 0.04422900
v 0.00804600 0.04989200 0.04429700
v 0.01199000 0.05025400 0.04342000
v -0.01988300 0.05400000 0.04057800
v -0.00097600 0.04809700 0.04499200
v 0.01480100 0.05217000 0.04261200
v 0.02981400 0.04998800 0.03374300
v -0.04464000 0.01256700 0.00676000
v 0.01219800 0.04344600 0.04441600
v -0.04409900 0.01790400 0.00906100
v -0.01846100 0.04311700 0.04094500
v -0.03662100 0.05399300 0.02628200
v -0.02462600 0.05400000 0.03787300
v 0.03891600 0.05399600 0.02269700
v 0.01996800 0.04263900 0.04022200
v -0.02088300 0.04190200 0.03975900
v 0.01209600 0.04385000 0.04388300
v 0.03751700 0.05350400 0.02494800
v -0.02806900 0.03515600 0.03750800
v 0.02726700 0.05020500 0.03584800
v 0.00805900 0.04448000 0.04516700
v 0.01490400 0.04350300 0.04262300
v -0.00181000 0.05341800 0.04497100
v -0.02811300 0.05399900 0.03530900
v -0.02367200 0.04003500 0.03830500
v 0.00640000 0.04474600 0.04541600
v 0.01751700 0.04343400 0.04137200
v -0.03389400 0.05167000 0.02968000
v 0.00028400 0.04502500 0.04644100
v -0.02568100 0.03855700 0.03711400
v 0.03633300 0.05400300 0.02672600
v -0.02884600 0.03525100 0.03574700
v -0.04410100 0.02926800 0.00885900
v 0.00085500 0.05396400 0.04500800
v -0.03297700 0.05400300 0.03081700
v 0.01215000 0.04443800 0.04345900
v -0.03605900 0.05149300 0.02698600
v -0.04462600 0.01881000 0.00571200
v 0.00227600 0.04506800 0.04605400
v -0.04498800 0.00684400 0.00164200
v -0.00210100 0.04880600 0.04495800
v -0.00471000 0.05366600 0.04479700
v -0.04491900 0.01281800 0.00296300
v -0.04018600 0.05400100 0.02035100
v 0.00802100 0.04479300 0.04477900
v -0.02894300 0.03613400 0.03485200
v 0.00281600 0.04515100 0.04576700
v 0.00116800 0.04519900 0.04590000
v -0.00822400 0.05399400 0.04432400
v -0.00822400 0.05399400 0.04432400
v -0.03207100 0.03165700 0.03430400
v -0.00082300 0.05397000 0.04500600
v -0.00414900 0.05399700 0.04484100
v -0.03213500 0.03262000 0.03264300
v -0.04499000 0.02895700 0.00054500
v 0.00736400 0.04521100 0.04466200
v -0.04172800 0.05399900 0.01691700
v -0.02883200 0.03745700 0.03445100
v -0.04487100 0.04505400 0.00356800
v -0.04350000 0.05400000 0.01159600
v -0.00191800 0.04522100 0.04576000
v -0.04410300 0.04405700 0.00891500
v -0.04424900 0.05399900 0.00827600
v -0.04462900 0.04378800 0.00574000
v -0.00297000 0.05045500 0.04491300
v 0.00060800 0.04545100 0.04557900
v -0.04465000 0.05036400 0.00560100
v -0.04494500 0.05023900 0.00235700
v -0.04488700 0.05400100 0.00331100
v -0.02635900 0.05078500 -0.03654600
v -0.01325800 0.04340100 -0.04372500
v 0.01957900 0.04969800 -0.04055600
v -0.02791600 0.05082600 -0.03537500
v -0.01548600 0.04225600 -0.04369800
v -0.04493100 0.00428800 -0.00876100
v -0.04491900 0.00291400 -0.01344200
v -0.01290900 0.05155300 -0.04319100
v 0.02018900 0.05090500 -0.04031200
v -0.01762200 0.05231500 -0.04153900
v -0.01592200 0.04240900 -0.04292700
v 0.02470000 0.05400100 -0.03779100
v 0.02470000 0.05400100 -0.03779100
v 0.02470000 0.05400100 -0.03779100
v 0.02709600 0.05400000 -0.03610700
v 0.02709600 0.05400000 -0.03610700
v -0.00820000 0.04566700 -0.04425800
v -0.00508000 0.04516100 -0.04526400
v -0.00824800 0.04502000 -0.04451400
v 0.01679600 0.04942200 -0.04177800
v -0.02714600 0.05400000 -0.03610700
v -0.02714600 0.05400000 -0.03610700
v 0.00370700 0.05399900 -0.04487500
v 0.00370700 0.05399900 -0.04487500
v 0.00370700 0.05399900 -0.04487500
v 0.00370700 0.05399900 -0.04487500
v 0.00370700 0.05399900 -0.04487500
v -0.01302000 0.04377900 -0.04344500
v -0.00820600 0.04464100 -0.04487900
v -0.01314500 0.05397600 -0.04319200
v -0.01582300 0.05399100 -0.04230600
v -0.04312400 0.01737800 -0.01414400
v -0.04410600 0.01287100 -0.01099000
v -0.04281500 0.02376300 -0.01369400
v -0.04167600 0.02425900 -0.01678600
v -0.02321800 0.05399800 -0.03874100
v -0.02321800 0.05399800 -0.03874100
v -0.00531900 0.04597600 -0.04471600
v -0.04322800 0.02080400 -0.01244400
v -0.01934200 0.05400100 -0.04086200
v 0.02228000 0.05400300 -0.03928600
v -0.03093500 0.05361900 -0.03282500
v -0.03153500 0.04392600 -0.03196300
v -0.01812200 0.04144800 -0.04222600
v -0.00430600 0.05399800 -0.04483600
v -0.00430600 0.05399800 -0.04483600
v -0.00430600 0.05399800 -0.04483600
v -0.00430600 0.05399800 -0.04483600
v -0.04459400 0.01150400 -0.00769800
v 0.01826700 0.05056200 -0.04119700
v 0.00089800 0.04619900 -0.04504900
v 0.00407000 0.04607500 -0.04487800
v 0.00527000 0.04697700 -0.04469100
v -0.04053300 0.02605300 -0.01938200
v -0.03904600 0.05400100 -0.02244600
v -0.03843300 0.03015300 -0.02316600
v -0.04413200 0.01794700 -0.00872900
v 0.01525200 0.04934300 -0.04236900
v -0.01568600 0.04277600 -0.04269500
v 0.02035900 0.05400000 -0.04033000
v 0.02035900 0.05400000 -0.04033000
v -0.03440600 0.05183100 -0.02908100
v -0.01282100 0.04429500 -0.04323800
v -0.04489000 0.00768200 -0.00593200
v 0.01800700 0.05148400 -0.04135400
v -0.01575900 0.04341500 -0.04223400
v 0.04496400 0.00465900 -0.00614400
v -0.03211500 0.05188200 -0.03161300
v 0.04498800 0.00555300 -0.00286900
v -0.04459500 0.01636200 -0.00616600
v -0.01807200 0.04178400 -0.04180900
v -0.04499600 0.00451900 -0.00411400
v -0.00290500 0.04708200 -0.04489900
v -0.02104100 0.04002400 -0.04094200
v 0.01518800 0.05046100 -0.04242700
v -0.03213300 0.05399900 -0.03165200
v -0.03213300 0.05399900 -0.03165200
v -0.03213300 0.05399900 -0.03165200
v 0.04499600 0.01351300 -0.00106800
v 0.04473100 0.00725800 -0.00928700
v -0.04497700 0.00462100 -0.00208700
v -0.00811500 0.05399700 -0.04434800
v -0.04488100 0.01462300 -0.00337700
v -0.01285600 0.04510000 -0.04307100
v -0.04302700 0.05399100 -0.01325600
v 0.04472500 0.01058200 -0.00668500
v 0.01114600 0.04923500 -0.04361400
v 0.04392200 0.01084100 -0.01526500
v -0.03439600 0.05399900 -0.02914800
v -0.03439600 0.05399900 -0.02914800
v -0.00088000 0.05400000 -0.04500200
v -0.03596200 0.05399600 -0.02717600
v -0.03596200 0.05399600 -0.02717600
v -0.03600600 0.03201500 -0.02673000
v -0.02372300 0.03826500 -0.04003300
v 0.04324500 0.01238700 -0.02019900
v -0.04497300 0.01232800 -0.00161400
v 0.00961600 0.04942600 -0.04397900
v -0.02159400 0.04010600 -0.04020300
v 0.04471000 0.01587900 -0.00506100
v 0.04384500 0.01361400 -0.01258200
v -0.01807800 0.04259600 -0.04128100
v 0.04325800 0.01447300 -0.01595000
v -0.03804500 0.05366400 -0.02412800
v 0.04230500 0.01585500 -0.02061500
v 0.04391800 0.01646400 -0.01042800
v 0.04336900 0.01662500 -0.01333700
v -0.04480400 0.05400200 -0.00450800
v -0.04480400 0.05400200 -0.00450800
v 0.04223300 0.01756100 -0.01843500
v 0.04118500 0.01811600 -0.02425700
v -0.04049000 0.05400000 -0.01972000
v -0.04049000 0.05400000 -0.01972000
v -0.02544400 0.03738000 -0.03861500
v -0.01547400 0.04442600 -0.04216300
v -0.04500600 0.05399600 -0.00050900
v -0.04165400 0.05399900 -0.01709600
v -0.04165400 0.05399900 -0.01709600
v 0.04384600 0.02175700 -0.00998400
v 0.04122100 0.01964700 -0.02109300
v 0.00663500 0.04916100 -0.04451900
v 0.04226700 0.01959000 -0.01662500
v -0.01796500 0.04356900 -0.04114700
v -0.04412500 0.05400000 -0.00887100
v -0.04412500 0.05400000 -0.00887100
v 0.04325900 0.01947300 -0.01260700
v 0.04337000 0.02243800 -0.01184300
v -0.02366400 0.03905500 -0.03896300
v -0.02153500 0.04100500 -0.03960000
v 0.03158600 0.03936600 -0.03180000
v 0.03349700 0.03477900 -0.02980100
v 0.03349200 0.04198800 -0.02988900
v 0.02897600 0.04434500 -0.03431500
v 0.04003500 0.03870800 -0.02039000
v 0.04122400 0.03579700 -0.01788200
v 0.03849400 0.04468400 -0.02323900
v 0.03700600 0.04043300 -0.02544100
v 0.03532500 0.04352600 -0.02776300
v 0.03981300 0.02160300 -0.02475800
v 0.04024000 0.04798800 -0.02012500
v 0.03984500 0.05399500 -0.02099200
v 0.04120700 0.05399900 -0.01814700
v 0.03158700 0.04600200 -0.03198100
v 0.03696500 0.05141300 -0.02573100
v 0.03529000 0.05399800 -0.02804600
v 0.02518900 0.04378200 -0.03712800
v 0.03353700 0.04817400 -0.02999600
v 0.03344000 0.05399800 -0.03025100
v 0.02959700 0.05399500 -0.03405700
v 0.02959700 0.05399500 -0.03405700
v 0.02908200 0.04825700 -0.03432800
v 0.04122200 0.02183400 -0.01910100
v 0.01758200 0.05399600 -0.04160000
v 0.01758200 0.05399600 -0.04160000
v 0.02723100 0.05102900 -0.03590500
v 0.04215900 0.03373700 -0.01558600
v 0.04320400 0.03652700 -0.01248600
v 0.04205100 0.04575500 -0.01599300
v 0.04226600 0.02273800 -0.01538700
v 0.03988100 0.02285900 -0.02279500
v 0.04220900 0.05399500 -0.01565700
v 0.04220900 0.05399500 -0.01565700
v 0.02558600 0.04753500 -0.03698500
v 0.02512000 0.05089200 -0.03741900
v 0.04314800 0.04903400 -0.01278200
v 0.04339900 0.05399900 -0.01196900
v 0.04339900 0.05399900 -0.01196900
v 0.02284700 0.04603500 -0.03868800
v 0.01906400 0.04526400 -0.04064500
v 0.02225900 0.05037800 -0.03917800
v 0.04395800 0.03398200 -0.00951200
v -0.02599800 0.03765100 -0.03742600
v 0.04407000 0.04582900 -0.00908500
v 0.04401000 0.05399900 -0.00944500
v 0.04401000 0.05399900 -0.00944500
v 0.04475300 0.05399900 -0.00479000
v 0.01970200 0.04797000 -0.04043700
v 0.04465000 0.03815900 -0.00555400
v 0.01545100 0.04693800 -0.04220700
v 0.01093900 0.04690000 -0.04361200
v 0.01117600 0.04821500 -0.04358200
v 0.04120400 0.02484500 -0.01794500
v 0.00399300 0.04904500 -0.04482800
v 0.03701200 0.02558200 -0.02987000
v 0.03980700 0.02566800 -0.02121700
v -0.02786700 0.03602500 -0.03644400
v -0.02364000 0.03997500 -0.03835600
v 0.03704100 0.02707300 -0.02715800
v 0.03535000 0.02787200 -0.03148400
v -0.02145600 0.04215800 -0.03940100
v 0.00647600 0.04958000 -0.04454600
v 0.03536400 0.02879800 -0.02972200
v 0.03980700 0.02803400 -0.02076600
v 0.00935800 0.05082900 -0.04406200
v 0.01511200 0.05399500 -0.04256800
v 0.03701400 0.02948200 -0.02570400
v 0.00115900 0.04909300 -0.04498700
v 0.03340100 0.03074600 -0.03219500
v 0.03535000 0.03032000 -0.02846300
v -0.02640000 0.03812300 -0.03664200
v 0.00398200 0.04969900 -0.04482700
v 0.03343900 0.03161300 -0.03107100
v 0.02963800 0.03446300 -0.03519800
v 0.03706000 0.03141500 -0.02527400
v -0.02329600 0.04145300 -0.03831800
v 0.03531500 0.03251100 -0.02765800
v 0.03339300 0.03315300 -0.03025000
v -0.02804500 0.03673100 -0.03558400
v -0.03095500 0.03310500 -0.03453400
v -0.02630400 0.03904400 -0.03639400
v 0.02724700 0.03633500 -0.03699900
v 0.02958700 0.03563500 -0.03428900
v -0.03211000 0.03200500 -0.03353500
v -0.00279600 0.04926800 -0.04491500
v -0.03150700 0.03349400 -0.03304800
v 0.02523200 0.03794600 -0.03814100
v 0.00125300 0.04974000 -0.04498400
v 0.02960300 0.03719200 -0.03368900
v 0.00638100 0.05077600 -0.04456800
v 0.02717000 0.03770600 -0.03601900
v 0.01045200 0.05399600 -0.04390300
v 0.01045200 0.05399600 -0.04390300
v 0.01045200 0.05399600 -0.04390300
v 0.02123300 0.03968200 -0.04140800
v -0.02802300 0.03836900 -0.03498600
v 0.02516000 0.03871500 -0.03760000
v 0.02220600 0.03974600 -0.03988800
v -0.02640100 0.04180400 -0.03624800
v 0.02041400 0.04044300 -0.04108500
v -0.00544300 0.04939600 -0.04467700
v 0.02722900 0.03935100 -0.03562600
v -0.03139200 0.03487000 -0.03233800
v -0.03438400 0.02962100 -0.03128600
v 0.02499200 0.03991900 -0.03728700
v -0.03449400 0.02986100 -0.03067100
v -0.03600800 0.02704100 -0.03067800
v 0.02053300 0.04074200 -0.04066000
v 0.01906200 0.04115300 -0.04161500
v 0.01531400 0.04255400 -0.04330900
v 0.02121200 0.04119200 -0.03979000
v 0.01467800 0.04264300 -0.04372600
v -0.03441400 0.03133800 -0.02950600
v 0.01792900 0.04160200 -0.04220100
v -0.00826000 0.04924500 -0.04424700
v -0.00290300 0.04976500 -0.04491100
v -0.03208700 0.03527800 -0.03134500
v -0.03095600 0.03706800 -0.03242500
v 0.01741200 0.04267100 -0.04165800
v 0.01633300 0.04267700 -0.04233400
v -0.03604700 0.02859300 -0.02822600
v 0.00953900 0.04398800 -0.04539700
v 0.02196300 0.04183300 -0.03914400
v 0.01106400 0.04392000 -0.04436600
v -0.00565200 0.05060900 -0.04466500
v -0.03804800 0.02473100 -0.02711400
v 0.03712700 0.05400000 -0.02553800
v 0.03712700 0.05400000 -0.02553800
v 0.01463400 0.04339000 -0.04283800
v -0.03429000 0.03351000 -0.02892700
v 0.00960400 0.04415800 -0.04490800
v 0.01852400 0.04309400 -0.04093100
v -0.03900000 0.02308900 -0.02585900
v -0.00229800 0.05066800 -0.04495400
v -0.01306400 0.04928600 -0.04308300
v 0.00407800 0.04496700 -0.04580100
v -0.03603200 0.02998400 -0.02733900
v 0.00118700 0.05120100 -0.04498400
v -0.03853600 0.02537800 -0.02467500
v 0.01553400 0.04404900 -0.04220200
v 0.00961400 0.04449000 -0.04444200
v 0.00656100 0.04469600 -0.04547900
v 0.00658400 0.04502400 -0.04502400
v -0.04038900 0.02023300 -0.02436100
v -0.01308700 0.04996000 -0.04309600
v -0.01542900 0.04945200 -0.04230500
v -0.00814000 0.05090200 -0.04429500
v 0.01055000 0.04470200 -0.04395600
v -0.00313300 0.05107700 -0.04490100
v -0.03860400 0.02731700 -0.02336900
v -0.04049400 0.02138800 -0.02211000
v 0.00098300 0.04521400 -0.04587200
v -0.01561300 0.05025700 -0.04226400
v -0.01831400 0.04962200 -0.04114000
v 0.00401200 0.04542700 -0.04521300
v -0.03853500 0.02881200 -0.02311200
v 0.01069400 0.04520100 -0.04372800
v -0.00253200 0.04514700 -0.04582400
v -0.04160300 0.01844700 -0.02053300
v -0.01309400 0.05092700 -0.04311200
v -0.04051800 0.02315200 -0.02055500
v -0.00523000 0.04476800 -0.04591300
v 0.00101400 0.04545100 -0.04553400
v -0.01792900 0.05051600 -0.04133800
v 0.00661300 0.04572200 -0.04458600
v -0.04277000 0.01518000 -0.01812700
v -0.00278600 0.04523400 -0.04565600
v -0.02104800 0.05004800 -0.03982800
v -0.04337000 0.01201100 -0.01993000
v -0.04165300 0.02095600 -0.01813300
v -0.04336700 0.01321500 -0.01660200
v -0.02314900 0.05046500 -0.03866200
v -0.01569700 0.05183800 -0.04227900
v -0.00287200 0.04540400 -0.04542600
v -0.00816000 0.04438700 -0.04530000
v 0.00665200 0.05399900 -0.04457300
v 0.00665200 0.05399900 -0.04457300
v -0.00273700 0.04594200 -0.04505700
v -0.04412400 0.00948600 -0.01572900
v -0.04459400 0.00708600 -0.01192900
v -0.01301600 0.04320900 -0.04420500
v -0.04055400 -0.01799900 0.02165800
v -0.03000400 0.03268600 0.04221900
v -0.03209500 0.03066700 0.04137500
v -0.03960200 -0.02039300 0.02061200
v -0.04171100 -0.01565500 0.02252000
v -0.04066200 -0.01819200 0.02149300
v -0.04061700 -0.01767400 0.02197500
v -0.03229800 0.03085900 0.04130700
v -0.03376400 0.02866300 0.04081400
v -0.03808200 -0.02262600 0.01992900
v -0.03933800 -0.02042200 0.02074700
v -0.03397500 0.02864200 0.04049800
v -0.03409700 0.02885100 0.04050800
v -0.03737900 -0.02395800 0.01922800
v -0.03577300 0.02673700 0.03965300
v -0.03714800 0.02411900 0.03897600
v -0.03560200 0.02656200 0.03968600
v -0.03839400 -0.02256500 0.01972500
v -0.03732300 0.02451600 0.03875600
v -0.03860600 0.02243000 0.03790600
v -0.03802900 0.02292100 0.03824300
v -0.03708400 -0.02465700 0.01888100
v -0.03566200 -0.02666400 0.01807800
v -0.03510600 -0.02701400 0.01815700
v -0.03439800 -0.02804200 0.01757400
v 0.01000100 0.04328700 0.04649000
v 0.00561800 0.04407000 0.04679600
v -0.03977900 0.02026400 0.03703700
v -0.03988800 0.01929500 0.03694200
v 0.00304000 0.04460300 0.04684900
v 0.00720200 0.04401200 0.04665700
v 0.00827500 0.04393000 0.04660000
v 0.00565200 0.04434500 0.04676800
v 0.00310600 0.04429400 0.04691700
v -0.03414400 -0.02857400 0.01730400
v -0.03124300 -0.03142200 0.01631200
v -0.04046600 0.01838700 0.03635200
v 0.00021900 0.04453600 0.04689200
v -0.03252500 -0.03039800 0.01656900
v -0.04093000 0.01781100 0.03604000
v -0.04206000 0.01389900 0.03479900
v -0.04159800 0.01538800 0.03522300
v 0.00038300 0.04470300 0.04691200
v -0.04240700 0.01329000 0.03427400
v -0.04193400 0.01528000 0.03502100
v -0.00207900 0.04440900 0.04690100
v -0.00201000 0.04466000 0.04689400
v -0.02740400 -0.03481000 0.01497300
v -0.00539200 0.04399400 0.04691300
v -0.04271300 0.01292800 0.03406900
v -0.00434900 0.04449200 0.04681600
v -0.02897500 -0.03378000 0.01519500
v -0.04349200 0.00839100 0.03255100
v -0.04297700 0.01097500 0.03343500
v -0.02503400 -0.03678400 0.01396500
v -0.04351300 0.00914000 0.03258500
v -0.04335500 0.01055100 0.03311400
v -0.00676300 0.04418900 0.04670500
v -0.00671500 0.04386900 0.04675800
v -0.02710000 -0.03530500 0.01458700
v -0.01047600 0.04305100 0.04663700
v -0.02280100 -0.03821700 0.01341600
v -0.04391400 0.00786600 0.03202900
v -0.02187200 -0.03853600 0.01341900
v -0.01034200 0.04329300 0.04641600
v -0.00936300 0.04371100 0.04651100
v -0.01147300 0.04282500 0.04640600
v -0.04430800 0.00514300 0.03092900
v -0.04421500 0.00272700 0.03027200
v -0.04410400 0.00480800 0.03090900
v -0.01193600 0.04308100 0.04624300
v -0.02078200 -0.03934800 0.01295700
v -0.04429600 0.00245700 0.02993700
v -0.01726500 -0.04081200 0.01249400
v -0.01600900 0.04129800 0.04596300
v -0.01434600 0.04193700 0.04607900
v -0.04453500 0.00240200 0.02982200
v -0.04435700 -0.00007400 0.02893200
v -0.01764400 -0.04074000 0.01242000
v -0.01446200 0.04229700 0.04593200
v -0.01862700 -0.04040800 0.01252500
v -0.01655200 0.04118600 0.04566900
v -0.04422300 -0.00250500 0.02814800
v -0.01692500 0.04137100 0.04555100
v -0.04459400 -0.00006800 0.02882400
v -0.01641300 -0.04135500 0.01214500
v -0.04427100 -0.00283400 0.02779600
v -0.02073800 0.03913500 0.04507900
v -0.01950200 0.03983100 0.04519200
v -0.01351800 -0.04227200 0.01182100
v -0.01271700 -0.04244400 0.01186400
v -0.04449800 -0.00280100 0.02771900
v -0.02041000 0.03956200 0.04489600
v -0.01938700 0.04027000 0.04512100
v -0.01414400 -0.04218300 0.01180700
v -0.04398100 -0.00563000 0.02671100
v -0.04363800 -0.00763400 0.02599500
v -0.02159500 0.03874300 0.04471800
v -0.02175100 0.03904100 0.04462000
v -0.01185000 -0.04288100 0.01152600
v -0.04422900 -0.00554700 0.02659500
v -0.01039800 -0.04309200 0.01157500
v -0.02509300 0.03649800 0.04401600
v -0.04341200 -0.00921400 0.02521200
v -0.02503800 0.03680800 0.04377900
v -0.00824800 -0.04352200 0.01146600
v -0.04384800 -0.00800900 0.02561500
v -0.02402900 0.03767800 0.04407100
v -0.02576600 0.03610500 0.04365800
v -0.01008300 -0.04332900 0.01134500
v -0.04333000 -0.01042600 0.02463000
v -0.04288100 -0.01112100 0.02460900
v -0.04258300 -0.01311200 0.02353700
v -0.02624300 0.03616500 0.04345900
v -0.04237600 -0.01302700 0.02376600
v -0.02848000 0.03424200 0.04273300
v -0.02980100 0.03276000 0.04246100
v -0.02809300 0.03428200 0.04295000
v -0.04168800 -0.01523100 0.02277400
v -0.02836000 0.03452400 0.04280000
v -0.03038700 0.03274900 0.04208200
v 0.04121400 0.01713900 0.03577600
v 0.03328500 -0.02934600 0.01703800
v 0.04018900 0.01943000 0.03668800
v 0.04000200 0.01928100 0.03674600
v 0.04072400 0.01744100 0.03616400
v 0.03826800 0.02260600 0.03806800
v 0.03320500 -0.02965500 0.01686700
v 0.03494600 -0.02759200 0.01770200
v 0.03553600 -0.02654600 0.01821000
v 0.03908500 0.02158200 0.03757100
v 0.03738200 -0.02398700 0.01920100
v 0.03783300 0.02372000 0.03842800
v 0.03655700 -0.02542800 0.01857700
v 0.03641100 0.02533300 0.03926200
v 0.03805000 -0.02314200 0.01949600
v 0.03648400 0.02575200 0.03925500
v 0.03926500 -0.02103100 0.02035400
v 0.03952900 -0.02012200 0.02082000
v 0.03435600 0.02818900 0.04034800
v 0.04048200 -0.01859400 0.02133800
v -0.00362700 -0.04431600 0.01090900
v -0.00400800 -0.04411600 0.01122500
v -0.00593800 -0.04408700 0.01103900
v 0.03498600 0.02775900 0.04005700
v 0.04146200 -0.01581000 0.02252900
v 0.03344400 0.02960800 0.04081400
v -0.00091800 -0.04447500 0.01088200
v 0.00089400 -0.04437700 0.01096700
v 0.03128800 0.03157800 0.04168200
v 0.04155200 -0.01607600 0.02235600
v 0.03159900 0.03157700 0.04160900
v 0.02983300 0.03325600 0.04228700
v 0.02958700 0.03316500 0.04233600
v 0.04246600 -0.01350200 0.02339600
v 0.00172600 -0.04445100 0.01089200
v 0.02798300 0.03483300 0.04292500
v 0.02666600 0.03545600 0.04337000
v 0.02423400 0.03754900 0.04402400
v 0.00589500 -0.04395500 0.01115100
v 0.02607700 0.03628500 0.04350700
v 0.00644000 -0.04401700 0.01106800
v 0.04313800 -0.01110400 0.02428700
v 0.00410800 -0.04429500 0.01095400
v 0.04381300 -0.00811800 0.02552400
v 0.02401300 0.03730800 0.04410300
v 0.00882400 -0.04360300 0.01123400
v 0.00844600 -0.04353800 0.01130800
v 0.02196600 0.03891900 0.04453500
v 0.04423700 -0.00548700 0.02662200
v 0.04397800 -0.00558100 0.02672200
v 0.01117900 -0.04306100 0.01145800
v 0.02211800 0.03837500 0.04468500
v 0.01263600 -0.04249400 0.01177700
v 0.04447900 -0.00294900 0.02761300
v 0.04440800 -0.00058700 0.02866800
v 0.01948500 0.03992600 0.04510500
v 0.01957000 0.04018800 0.04506500
v 0.04458900 -0.00054200 0.02863000
v 0.01726200 0.04087800 0.04555000
v 0.01371300 -0.04232500 0.01175500
v 0.04454000 0.00219600 0.02970300
v 0.01741900 0.04116200 0.04548100
v 0.04415700 0.00482700 0.03086000
v 0.01619600 -0.04143900 0.01210800
v 0.01493100 0.04213200 0.04586600
v 0.01487400 0.04187500 0.04588200
v 0.04436200 0.00465700 0.03073200
v 0.01874500 -0.04020900 0.01264000
v 0.01253500 0.04253700 0.04627000
v 0.01864200 -0.04040100 0.01252800
v 0.04381800 0.00745800 0.03190800
v 0.01258400 0.04272500 0.04615300
v 0.04399700 0.00738100 0.03183300
v 0.01265000 0.04287400 0.04617300
v 0.02079900 -0.03933700 0.01295800
v 0.02289800 -0.03815600 0.01343500
v 0.02295900 -0.03797600 0.01353600
v 0.04309700 0.01067500 0.03327400
v 0.04349700 0.00992800 0.03282300
v 0.01048600 0.04345500 0.04640800
v 0.02642100 -0.03568200 0.01445500
v 0.02514000 -0.03671900 0.01401700
v 0.04291900 0.01221600 0.03378700
v 0.02730300 -0.03514900 0.01465000
v 0.04204800 0.01428400 0.03470700
v 0.03069900 -0.03201900 0.01600300
v 0.04218200 0.01457500 0.03474000
v 0.03127900 -0.03166700 0.01604400
v 0.02937400 -0.03344400 0.01533900
v -0.00065000 0.05258400 0.04364400
v -0.00135500 0.05204700 0.04365000
v 0.00126700 -0.04500600 -0.05550900
v -0.00522500 0.04396700 0.04818400
v -0.01039600 0.04303800 0.04785200
v -0.01587100 0.04133000 0.04711700
v -0.01850900 0.04019800 0.04679200
v -0.02601800 0.03582400 0.04491300
v -0.03051000 0.03207500 0.04347700
v -0.03443800 0.02781600 0.04176700
v -0.03781000 0.02301400 0.03985600
v -0.04027600 0.01838200 0.03796300
v -0.04237000 0.01284100 0.03574600
v -0.04360800 0.00731100 0.03370400
v -0.04402800 -0.00438600 0.02893400
v -0.04313900 -0.00990400 0.02668900
v -0.04148700 -0.01531100 0.02459700
v -0.03930100 -0.02028000 0.02259300
v -0.03650100 -0.02499700 0.02069100
v -0.03312200 -0.02933700 0.01891600
v -0.02956300 -0.03295000 0.01737200
v -0.02020900 -0.03936900 0.01487900
v -0.01530300 -0.04153100 0.01398000
v -0.01239800 -0.04247100 0.01368000
v -0.00833700 -0.04344500 0.01325100
v 0.00120700 0.05221300 0.04348300
v 0.00053200 0.05262600 0.04349800
v -0.00039800 0.05267600 0.04349800
v -0.00121800 0.05220300 0.04348300
v -0.00162700 0.05152900 0.04347000
v 0.03408200 -0.02942100 -0.06585000
v 0.03408200 -0.02942100 -0.06585000
v 0.03408200 -0.02942100 -0.06585000
v 0.03676300 -0.02595100 -0.06585000
v 0.03935900 -0.02186000 -0.06585000
v 0.03935900 -0.02186000 -0.06585000
v 0.03935900 -0.02186000 -0.06585000
v 0.03935900 -0.02186000 -0.06585000
v -0.01074300 -0.04373000 -0.06585000
v -0.01074300 -0.04373000 -0.06585000
v -0.01074300 -0.04373000 -0.06585000
v -0.04477900 -0.00460400 -0.06585000
v -0.04477900 -0.00460400 -0.06585000
v 0.04127400 -0.01792800 -0.06585000
v -0.00433400 -0.04481500 -0.06585000
v -0.04381000 -0.01038900 -0.06585000
v -0.04381000 -0.01038900 -0.06585000
v -0.04381000 -0.01038900 -0.06585000
v 0.04297900 -0.01341400 -0.06585000
v 0.04297900 -0.01341400 -0.06585000
v 0.00000000 -0.04500000 -0.06585000
v -0.04240200 -0.01507000 -0.06585000
v 0.04405900 -0.00915600 -0.06585000
v 0.00490400 -0.04475700 -0.06585000
v -0.04074800 -0.01914800 -0.06585100
v -0.04074800 -0.01914800 -0.06585100
v -0.04074800 -0.01914800 -0.06585100
v -0.04074800 -0.01914800 -0.06585100
v -0.04074800 -0.01914800 -0.06585100
v 0.04482100 -0.00428400 -0.06585000
v 0.01091400 -0.04368100 -0.06585000
v 0.01091400 -0.04368100 -0.06585000
v -0.03844900 -0.02338100 -0.06585000
v -0.03604600 -0.02698100 -0.06584900
v -0.03604600 -0.02698100 -0.06584900
v -0.03604600 -0.02698100 -0.06584900
v 0.01676200 -0.04178800 -0.06585000
v 0.01676200 -0.04178800 -0.06585000
v -0.03288700 -0.03071500 -0.06585000
v -0.02980300 -0.03374900 -0.06585000
v -0.02980300 -0.03374900 -0.06585000
v -0.02980300 -0.03374900 -0.06585000
v -0.02980300 -0.03374900 -0.06585000
v -0.02980300 -0.03374900 -0.06585000
v 0.02228000 -0.03912500 -0.06585000
v 0.02228000 -0.03912500 -0.06585000
v -0.02476800 -0.03761300 -0.06585000
v 0.02746300 -0.03568100 -0.06585000
v 0.03071500 -0.03288800 -0.06585000
v 0.03071500 -0.03288800 -0.06585000
v 0.03071500 -0.03288800 -0.06585000
v 0.03071500 -0.03288800 -0.06585000
v 0.03071500 -0.03288800 -0.06585000
v 0.03071500 -0.03288800 -0.06585000
v -0.01931500 -0.04066400 -0.06585000
v -0.01931500 -0.04066400 -0.06585000
v -0.01931500 -0.04066400 -0.06585000
v -0.01931500 -0.04066400 -0.06585000
v -0.01507000 -0.04240200 -0.06585000
v 0.04400700 0.00480900 0.03254800
v 0.04398100 0.00371200 0.03231600
v 0.02701000 -0.03497500 0.01669200
v 0.01993900 0.03946700 0.04660400
v 0.02414400 0.03681400 0.04570100
v 0.01817600 0.04008100 0.04702600
v 0.04334600 0.00850800 0.03418700
v 0.04302400 0.00973500 0.03475400
v 0.04182400 0.01409300 0.03648300
v 0.01310100 0.04197800 0.04780500
v 0.03441900 -0.02768500 0.01964000
v 0.03441900 -0.02768500 0.01964000
v 0.03441900 -0.02768500 0.01964000
v 0.03930700 0.02012800 0.03890900
v -0.00416100 -0.04404500 0.01300900
v 0.03762200 -0.02312500 0.02148100
v 0.03762200 -0.02312500 0.02148100
v 0.00818400 0.04323700 0.04829400
v 0.03641500 0.02483200 0.04086000
v 0.04015400 -0.01836400 0.02340500
v 0.00644700 -0.04374500 0.01315400
v 0.03273400 0.02924800 0.04266800
v 0.01227800 -0.04247600 0.01367200
v 0.03287400 0.02936700 0.04266200
v 0.04222600 -0.01278900 0.02566600
v 0.03279900 0.02929200 0.04267500
v 0.02868100 0.03349300 0.04432900
v 0.03273400 0.02924800 0.04266800
v 0.04349800 -0.00765200 0.02771800
v 0.02861900 0.03337600 0.04432400
v 0.02857700 0.03330800 0.04430800
v 0.02857700 0.03330800 0.04430800
v 0.04409800 -0.00147600 0.03022200
v 0.02214700 -0.03825300 0.01537800
v -0.02510600 -0.03643400 0.01607800
v -0.04419200 0.00155800 0.03136900
v -0.02189600 0.03825800 0.04625100
v -0.01841100 0.04001200 0.04697600
v -0.02113500 0.03888200 0.04626900
v -0.02311400 0.03761100 0.04591400
v -0.04401000 0.00148500 0.03144200
v -0.04394100 0.00150300 0.03145800
v -0.04394100 0.00150300 0.03145800
v -0.04341300 0.00686000 0.03362300
v -0.02664500 0.03523100 0.04496500
v -0.04386700 -0.00420400 0.02914600
v -0.02645300 0.03516200 0.04504400
v -0.03123900 0.03117400 0.04337500
v -0.04298600 -0.00975800 0.02689600
v 0.00361700 0.04397100 0.04852400
v -0.03484000 0.02709100 0.04172600
v 0.00008200 0.04398800 0.04860400
v -0.00277700 0.04403100 0.04854000
v -0.03794600 0.02252500 0.03988700
v -0.03794600 0.02252500 0.03988700
v -0.00507500 0.04383100 0.04844800
v -0.00903400 0.04320900 0.04819100
v -0.04039400 0.01779600 0.03797500
v -0.00794300 0.04325600 0.04831500
v -0.01291300 0.04215200 0.04782700
v -0.04243800 0.01207700 0.03568800
v -0.01575900 0.04124000 0.04739000
v -0.02893900 -0.03339600 0.01733300
v -0.02893900 -0.03339600 0.01733300
v -0.02893900 -0.03339600 0.01733300
v -0.04340100 0.00737000 0.03381900
v -0.04341300 0.00686000 0.03362300
v 0.04447900 -0.00294900 0.02761300
v -0.01841100 0.04001200 0.04697600
v -0.01575900 0.04124000 0.04739000
v -0.04480400 0.05400200 -0.00450800
v -0.04500600 0.05399600 -0.00050900
v 0.03160600 0.03204400 0.03493200
v 0.03021700 0.03334400 0.03597100
v 0.00733600 0.04442500 -0.06585000
v 0.00125700 0.04500800 -0.06585000
v 0.02553500 0.03707900 0.04359300
v 0.02215400 0.03915600 0.04448400
v 0.00475700 -0.04476700 -0.05550400
v 0.00126700 -0.04500600 -0.05550900
v -0.04180000 0.01672900 -0.06585000
v -0.04333100 0.01214100 -0.06585000
v -0.04341300 0.00686000 0.03362300
v -0.04341300 0.00686000 0.03362300
v -0.04341300 0.00686000 0.03362300
v -0.04341300 0.00686000 0.03362300
v -0.04341300 0.00686000 0.03362300
v 0.02070400 -0.03917600 0.01312600
v 0.02070400 -0.03917600 0.01312600
v 0.02070400 -0.03917600 0.01312600
v 0.01874500 -0.04020900 0.01264000
v 0.01874500 -0.04020900 0.01264000
v 0.00525800 -0.04398100 0.01128300
v 0.00120700 0.05221300 0.04348300
v 0.00120700 0.05221300 0.04348300
v 0.00120700 0.05221300 0.04348300
v 0.00053200 0.05262600 0.04349800
v 0.00053200 0.05262600 0.04349800
v 0.00053200 0.05262600 0.04349800
v -0.02187200 -0.03853600 0.01341900
v -0.01726500 -0.04081200 0.01249400
v -0.02909300 -0.03432200 0.01490000
v -0.02909300 -0.03432200 0.01490000
v -0.03326500 -0.03030700 0.01650300
v -0.03326500 -0.03030700 0.01650300
v -0.03326500 -0.03030700 0.01650300
v 0.02250800 0.03895700 0.04076000
v 0.02250800 0.03895700 0.04076000
v 0.02250800 0.03895700 0.04076000
v 0.01764800 0.04140000 0.04295200
v -0.04123400 0.01793700 0.03600500
v -0.04019100 0.02022400 0.03687700
v -0.04019100 0.02022400 0.03687700
v -0.04402800 -0.00438600 0.02893400
v -0.04419200 0.00155800 0.03136900
v -0.04419200 0.00155800 0.03136900
v -0.04419200 0.00155800 0.03136900
v -0.03995500 0.02070300 -0.06585000
v -0.01314500 0.05397600 -0.04319200
v -0.01582300 0.05399100 -0.04230600
v 0.03347300 -0.02903400 0.01736400
v 0.03347300 -0.02903400 0.01736400
v 0.03553600 -0.02654600 0.01821000
v 0.03273400 0.02924800 0.04266800
v 0.03273400 0.02924800 0.04266800
v 0.03273400 0.02924800 0.04266800
v 0.02857700 0.03330800 0.04430800
v 0.02857700 0.03330800 0.04430800
v -0.03696200 -0.02569400 0.01835800
v -0.03696200 -0.02569400 0.01835800
v 0.04432300 0.00792600 -0.06585000
v 0.04333100 0.01214100 -0.06585000
v 0.03993700 -0.01916000 0.02134700
v 0.03993700 -0.01916000 0.02134700
v 0.03993700 -0.01916000 0.02134700
v 0.03952900 -0.02012200 0.02082000
v 0.02709600 0.05400000 -0.03610700
v 0.02959700 0.05399500 -0.03405700
v 0.02717700 0.03584800 0.03805200
v 0.02717700 0.03584800 0.03805200
v 0.02717700 0.03584800 0.03805200
v 0.01726200 0.04087800 0.04555000
v 0.01487400 0.04187500 0.04588200
v 0.02857700 0.03330800 0.04430800
v 0.02857700 0.03330800 0.04430800
v 0.02857700 0.03330800 0.04430800
v 0.02857700 0.03330800 0.04430800
v -0.04401000 0.00148500 0.03144200
v -0.04401000 0.00148500 0.03144200
v -0.00039800 0.05267600 0.04349800
v -0.00039800 0.05267600 0.04349800
v -0.00039800 0.05267600 0.04349800
v -0.00121800 0.05220300 0.04348300
v -0.00121800 0.05220300 0.04348300
v -0.00121800 0.05220300 0.04348300
v -0.00523300 -0.04469600 0.01065900
v -0.00523300 -0.04469600 0.01065900
v -0.00523300 -0.04469600 0.01065900
v -0.00756500 -0.04434900 0.01087600
v -0.04360800 0.00731100 0.03370400
v 0.03608200 -0.02686000 0.01794100
v 0.03730600 -0.02517300 0.01855700
v 0.03730600 -0.02517300 0.01855700
v 0.03730600 -0.02517300 0.01855700
v -0.02516700 0.03718000 0.04381400
v -0.02516700 0.03718000 0.04381400
v -0.02319000 0.03851700 0.04428000
v -0.02319000 0.03851700 0.04428000
v -0.02319000 0.03851700 0.04428000
v 0.02182900 0.03937800 -0.06585000
v 0.01621500 0.04200400 -0.06585000
v 0.04326800 0.05399600 0.01242400
v 0.04159600 0.05400000 0.01723300
v -0.04432900 0.00787600 -0.06585000
v -0.04500900 0.00151600 -0.06585000
v -0.00562000 0.04466400 0.04664300
v -0.00328500 0.04483500 0.04685600
v -0.00328500 0.04483500 0.04685600
v -0.00328500 0.04483500 0.04685600
v -0.01047600 0.04305100 0.04663700
v -0.01600900 0.04129800 0.04596300
v -0.01600900 0.04129800 0.04596300
v -0.03072700 -0.03286000 0.01550500
v 0.01758200 0.05399600 -0.04160000
v 0.01511200 0.05399500 -0.04256800
v 0.03930700 0.02012800 0.03890900
v 0.03930700 0.02012800 0.03890900
v 0.03930700 0.02012800 0.03890900
v 0.03930700 0.02012800 0.03890900
v 0.03641500 0.02483200 0.04086000
v 0.00587600 -0.04463200 0.01073700
v 0.00587600 -0.04463200 0.01073700
v 0.00000300 -0.04500600 0.01056300
v 0.00000300 -0.04500600 0.01056300
v 0.00000300 -0.04500600 0.01056300
v 0.03441900 -0.02768500 0.01964000
v 0.03762200 -0.02312500 0.02148100
v -0.02321800 0.05399800 -0.03874100
v -0.01934200 0.05400100 -0.04086200
v -0.04394100 0.00150300 0.03145800
v -0.04394100 0.00150300 0.03145800
v -0.04394100 0.00150300 0.03145800
v -0.03352800 0.03003000 0.04075200
v -0.03352800 0.03003000 0.04075200
v -0.03586700 0.02713800 0.03967600
v -0.03586700 0.02713800 0.03967600
v -0.03586700 0.02713800 0.03967600
v 0.02043500 0.04009300 0.04482800
v 0.02043500 0.04009300 0.04482800
v -0.02096700 0.03951700 0.04482800
v -0.00830000 -0.04370400 0.01119200
v -0.00830000 -0.04370400 0.01119200
v -0.00830000 -0.04370400 0.01119200
v -0.00830000 -0.04370400 0.01119200
v -0.01039800 -0.04309200 0.01157500
v -0.01039800 -0.04309200 0.01157500
v 0.02228000 0.05400300 -0.03928600
v 0.02035900 0.05400000 -0.04033000
v 0.03279900 0.02929200 0.04267500
v 0.03273400 0.02924800 0.04266800
v 0.03273400 0.02924800 0.04266800
v 0.04339900 0.05399900 -0.01196900
v 0.04401000 0.05399900 -0.00944500
v 0.04221800 0.01557300 -0.02257900
v 0.04118500 0.01811600 -0.02425700
v 0.04415400 -0.00875900 0.02513800
v 0.04415400 -0.00875900 0.02513800
v 0.04358200 -0.01117900 0.02421900
v 0.04358200 -0.01117900 0.02421900
v 0.03984500 0.05399500 -0.02099200
v 0.03984500 0.05399500 -0.02099200
v 0.03712700 0.05400000 -0.02553800
v -0.04241300 0.01508400 0.03475000
v -0.04241300 0.01508400 0.03475000
v -0.04241300 0.01508400 0.03475000
v -0.04241300 0.01508400 0.03475000
v 0.01214100 0.04333100 -0.06585000
v -0.03960200 -0.02039300 0.02061200
v -0.03960200 -0.02039300 0.02061200
v -0.02189600 0.03825800 0.04625100
v -0.02189600 0.03825800 0.04625100
v -0.02311400 0.03761100 0.04591400
v -0.02311400 0.03761100 0.04591400
v 0.01056200 -0.04302400 0.01167700
v 0.01056200 -0.04302400 0.01167700
v 0.01056200 -0.04302400 0.01167700
v 0.01371300 -0.04232500 0.01175500
v 0.02666600 0.03545600 0.04337000
v -0.01033600 -0.04379600 0.01107800
v -0.01033600 -0.04379600 0.01107800
v -0.01033600 -0.04379600 0.01107800
v -0.01603200 -0.04207500 0.01175300
v -0.01603200 -0.04207500 0.01175300
v -0.03377900 0.02976700 -0.06584900
v -0.03746800 0.02497000 -0.06585000
v 0.04222600 -0.01278900 0.02566600
v 0.04349800 -0.00765200 0.02771800
v 0.04349800 -0.00765200 0.02771800
v 0.01325400 -0.04292100 0.01151300
v 0.01325400 -0.04292100 0.01151300
v 0.01025800 -0.04382700 0.01106300
v -0.04313900 -0.00990400 0.02668900
v -0.04148700 -0.01531100 0.02459700
v -0.04148700 -0.01531100 0.02459700
v 0.01585700 -0.04132900 0.01411300
v 0.02100400 -0.03896600 0.01496900
v -0.02551900 -0.03708800 0.01378100
v 0.00039800 0.04932300 0.04349800
v 0.00039800 0.04932300 0.04349800
v 0.00039800 0.04932300 0.04349800
v 0.00121700 0.04979600 0.04348300
v 0.00121700 0.04979600 0.04348300
v 0.00121700 0.04979600 0.04348300
v -0.04477900 -0.00460400 -0.06585000
v -0.04381000 -0.01038900 -0.06585000
v 0.02958700 0.03316500 0.04233600
v 0.02958700 0.03316500 0.04233600
v 0.02423400 0.03754900 0.04402400
v 0.02423400 0.03754900 0.04402400
v -0.00206100 0.04496300 0.04649500
v -0.00206100 0.04496300 0.04649500
v -0.00003100 0.04500100 0.04677300
v -0.00003100 0.04500100 0.04677300
v -0.00003100 0.04500100 0.04677300
v 0.03302000 -0.03053300 0.01648800
v 0.03070300 -0.03273300 0.01567600
v 0.03070300 -0.03273300 0.01567600
v 0.00162700 0.05047000 0.04347000
v 0.00162700 0.05047000 0.04347000
v 0.04127400 -0.01792800 -0.06585000
v 0.04297900 -0.01341400 -0.06585000
v 0.01166100 0.04347500 0.04619500
v 0.01166100 0.04347500 0.04619500
v 0.00779700 0.04428800 0.04658400
v 0.00779700 0.04428800 0.04658400
v 0.00779700 0.04428800 0.04658400
v 0.04146200 -0.01581000 0.02252900
v 0.04146200 -0.01581000 0.02252900
v 0.00157400 0.05167400 0.04364800
v 0.00157400 0.05167400 0.04364800
v 0.00157400 0.05167400 0.04364800
v 0.02295900 -0.03797600 0.01353600
v 0.02295900 -0.03797600 0.01353600
v 0.04500400 0.05400000 0.00008600
v 0.04475300 0.05399900 -0.00479000
v 0.04475300 0.05399900 -0.00479000
v -0.04157400 -0.01718100 0.02183000
v -0.04157400 -0.01718100 0.02183000
v -0.04229000 -0.01538400 0.02254000
v -0.04229000 -0.01538400 0.02254000
v -0.04229000 -0.01538400 0.02254000
v 0.03935900 -0.02186000 -0.06585000
v 0.02264400 0.03874000 0.04446000
v 0.02563500 0.03692300 0.04368400
v -0.03376400 0.02866300 0.04081400
v -0.03714800 0.02411900 0.03897600
v 0.03408200 -0.02942100 -0.06585000
v 0.03676300 -0.02595100 -0.06585000
v 0.00104500 0.05235700 0.04364900
v 0.00104500 0.05235700 0.04364900
v 0.00104500 0.05235700 0.04364900
v -0.02308800 0.03831800 0.04433200
v -0.00162300 -0.04499700 -0.05549900
v 0.04174700 0.01659400 0.03550100
v 0.04245000 0.01488600 0.03473500
v 0.04245000 0.01488600 0.03473500
v -0.02113500 0.03888200 0.04626900
v -0.02728000 0.03578000 0.04311000
v -0.02728000 0.03578000 0.04311000
v -0.02531700 0.03720700 0.04363200
v -0.02531700 0.03720700 0.04363200
v -0.04421500 0.00272700 0.03027200
v -0.04422300 -0.00250500 0.02814800
v 0.01597700 -0.04132600 0.01225900
v 0.01263600 -0.04249400 0.01177700
v 0.01746500 0.04132900 0.04550900
v 0.02018500 0.04010300 0.04499200
v -0.03969600 -0.02123200 0.02014200
v -0.03969600 -0.02123200 0.02014200
v -0.03969600 -0.02123200 0.02014200
v -0.00162700 0.05152900 0.04347000
v -0.00162700 0.05152900 0.04347000
v 0.00032100 0.04794600 0.04500400
v 0.00161100 0.04841100 0.04497700
v 0.01078900 0.04361700 0.04639000
v -0.04394100 0.00150300 0.03145800
v -0.04394100 0.00150300 0.03145800
v -0.04394100 0.00150300 0.03145800
v -0.04398100 -0.00563000 0.02671100
v -0.04398100 -0.00563000 0.02671100
v -0.04363800 -0.00763400 0.02599500
v -0.04363800 -0.00763400 0.02599500
v 0.00370700 0.05399900 -0.04487500
v -0.00088000 0.05400000 -0.04500200
v -0.00088000 0.05400000 -0.04500200
v -0.00088000 0.05400000 -0.04500200
v -0.00088000 0.05400000 -0.04500200
v -0.00088000 0.05400000 -0.04500200
v -0.00088000 0.05400000 -0.04500200
v -0.00088000 0.05400000 -0.04500200
v -0.00088000 0.05400000 -0.04500200
v -0.00088000 0.05400000 -0.04500200
v -0.00088000 0.05400000 -0.04500200
v -0.00088000 0.05400000 -0.04500200
v -0.00088000 0.05400000 -0.04500200
v -0.00088000 0.05400000 -0.04500200
v -0.00088000 0.05400000 -0.04500200
v -0.00088000 0.05400000 -0.04500200
v -0.00088000 0.05400000 -0.04500200
v -0.00088000 0.05400000 -0.04500200
v 0.01999000 0.05399800 0.04050700
v 0.02254100 0.05400200 0.03913900
v -0.04240700 0.01329000 0.03427400
v -0.04351300 0.00914000 0.03258500
v 0.00021600 0.05270200 0.04365900
v 0.00021600 0.05270200 0.04365900
v 0.00021600 0.05270200 0.04365900
v -0.04459900 -0.00584500 0.02641400
v -0.04476500 -0.00461200 0.02683500
v -0.02510600 -0.03643400 0.01607800
v -0.02893900 -0.03339600 0.01733300
v 0.03001400 0.05399500 0.03369100
v 0.02618000 0.05400000 0.03682800
v 0.02618000 0.05400000 0.03682800
v -0.02080600 0.03981400 0.04485300
v -0.03387200 0.02950600 0.04070700
v -0.03387200 0.02950600 0.04070700
v -0.03170100 0.03187000 0.04163100
v -0.03170100 0.03187000 0.04163100
v -0.03170100 0.03187000 0.04163100
v -0.03802900 0.02292100 0.03824300
v -0.04046600 0.01838700 0.03635200
v -0.04046600 0.01838700 0.03635200
v 0.00167800 0.05139200 0.04346800
v 0.00167800 0.05139200 0.04346800
v 0.00167800 0.05139200 0.04346800
v 0.04015400 -0.01836400 0.02340500
v 0.04015400 -0.01836400 0.02340500
v 0.03735100 -0.02381500 0.01942100
v -0.02740400 -0.03481000 0.01497300
v -0.00539200 0.04399400 0.04691300
v 0.01760400 0.04064500 0.04569600
v 0.02211800 0.03837500 0.04468500
v -0.01074300 -0.04373000 -0.06585000
v -0.00433400 -0.04481500 -0.06585000
v 0.00563200 0.04464300 0.04665300
v 0.00563200 0.04464300 0.04665300
v -0.01931500 -0.04066400 -0.06585000
v -0.01507000 -0.04240200 -0.06585000
v -0.00164300 0.05040200 0.04346900
v -0.00164300 0.05040200 0.04346900
v -0.00164300 0.05040200 0.04346900
v -0.00164300 0.05040200 0.04346900
v 0.04244600 -0.01492300 0.02273900
v 0.04115300 -0.01820400 0.02136300
v 0.04115300 -0.01820400 0.02136300
v 0.03165300 0.05400200 0.03214900
v 0.03633300 0.05400300 0.02672600
v 0.02470000 0.05400100 -0.03779100
v -0.02975800 0.03373100 0.03628100
v -0.02975800 0.03373100 0.03628100
v -0.02566100 0.03696700 0.03903800
v -0.02566100 0.03696700 0.03903800
v -0.02566100 0.03696700 0.03903800
v -0.04038800 -0.01980000 0.02078900
v -0.03446900 -0.02891300 0.01710400
v 0.01997900 0.04031700 0.04196500
v -0.04495700 -0.00021700 0.02871100
v -0.04472700 0.00452200 0.03063000
v 0.03750800 0.02490400 -0.06585100
v 0.03750800 0.02490400 -0.06585100
v 0.03750800 0.02490400 -0.06585100
v 0.03750800 0.02490400 -0.06585100
v 0.03750800 0.02490400 -0.06585100
v 0.03750800 0.02490400 -0.06585100
v 0.03490700 0.02839900 -0.06585000
v 0.03287400 0.02936700 0.04266200
v -0.03907300 0.05399900 0.02242000
v -0.03662100 0.05399300 0.02628200
v 0.03820700 0.02240600 0.03826700
v 0.04072400 0.01744100 0.03616400
v -0.04410400 0.00480800 0.03090900
v -0.04429600 0.00245700 0.02993700
v 0.00821900 0.04352300 0.04687300
v 0.00395300 0.04411600 0.04711400
v 0.01000100 0.04328700 0.04649000
v 0.01000100 0.04328700 0.04649000
v 0.00304000 0.04460300 0.04684900
v 0.00304000 0.04460300 0.04684900
v 0.03982100 0.02096200 -0.02642000
v 0.04057400 0.01942100 0.02529200
v 0.04306400 0.01308500 0.02082200
v 0.04249200 -0.01239200 0.02571100
v -0.00216500 -0.04493500 0.01065700
v 0.02746300 -0.03568100 -0.06585000
v 0.03071500 -0.03288800 -0.06585000
v -0.03773100 0.02431700 0.03864700
v -0.03773100 0.02431700 0.03864700
v -0.03569400 0.02699800 0.03975900
v 0.03641100 0.02533300 0.03926200
v 0.03435600 0.02818900 0.04034800
v 0.03435600 0.02818900 0.04034800
v 0.03435600 0.02818900 0.04034800
v -0.02369800 0.03827100 0.04007500
v 0.00720200 0.04401200 0.04665700
v 0.04424100 -0.00112800 0.03024400
v 0.04398100 0.00371200 0.03231600
v -0.00065000 0.05258400 0.04364400
v -0.00065000 0.05258400 0.04364400
v -0.00065000 0.05258400 0.04364400
v -0.03209500 0.03066700 0.04137500
v -0.03397500 0.02864200 0.04049800
v -0.03397500 0.02864200 0.04049800
v 0.02694900 0.03514700 0.04345400
v 0.02694900 0.03514700 0.04345400
v -0.03005400 0.03350300 0.04216000
v -0.03005400 0.03350300 0.04216000
v 0.04171300 0.01689300 0.03548900
v 0.04171300 0.01689300 0.03548900
v 0.04171300 0.01689300 0.03548900
v -0.03415200 0.02891800 0.04054800
v 0.00561800 0.04407000 0.04679600
v -0.01507000 0.04240200 -0.06585000
v -0.01962400 0.04052300 -0.06585000
v 0.04160900 0.01714600 0.02350600
v -0.02079100 0.03991400 0.04469900
v -0.02079100 0.03991400 0.04469900
v -0.01774500 0.04135700 0.04537700
v -0.01774500 0.04135700 0.04537700
v -0.01774500 0.04135700 0.04537700
v -0.00020500 0.04929600 0.04365400
v -0.00020500 0.04929600 0.04365400
v -0.00020500 0.04929600 0.04365400
v -0.00362700 -0.04431600 0.01090900
v -0.00362700 -0.04431600 0.01090900
v -0.00362700 -0.04431600 0.01090900
v -0.02476800 -0.03761300 -0.06585000
v 0.00281800 0.04998400 0.04492100
v 0.00297700 0.05099000 0.04492000
v 0.04477300 -0.00454400 0.02691800
v 0.02228000 -0.03912500 -0.06585000
v -0.04407200 0.00901800 0.03238300
v -0.04407200 0.00901800 0.03238300
v -0.04365300 0.01089100 0.03311500
v -0.04365300 0.01089100 0.03311500
v 0.00226200 -0.04483400 0.01076800
v 0.00226200 -0.04483400 0.01076800
v 0.04422700 0.05399900 0.00838200
v -0.02958900 0.03382400 0.04243200
v -0.02958900 0.03382400 0.04243200
v -0.04061700 -0.01767400 0.02197500
v -0.03808200 -0.02262600 0.01992900
v -0.03808200 -0.02262600 0.01992900
v 0.04220900 0.05399500 -0.01565700
v 0.04482200 0.00317400 0.03009300
v 0.04482200 0.00317400 0.03009300
v 0.04501300 0.00021300 0.02877900
v -0.02073800 0.03913500 0.04507900
v -0.02509300 0.03649800 0.04401600
v 0.00644700 -0.04374500 0.01315400
v 0.00644700 -0.04374500 0.01315400
v 0.00644700 -0.04374500 0.01315400
v 0.01227800 -0.04247600 0.01367200
v 0.01227800 -0.04247600 0.01367200
v 0.03783300 0.02372000 0.03842800
v 0.03783300 0.02372000 0.03842800
v -0.02471400 0.03762400 -0.06585000
v -0.01034200 0.04329300 0.04641600
v -0.01692500 0.04137100 0.04555100
v -0.01692500 0.04137100 0.04555100
v -0.00135500 0.05204700 0.04365000
v -0.00135500 0.05204700 0.04365000
v 0.03164400 0.03202900 -0.06585100
v -0.00011400 0.04431100 0.04708600
v 0.02642100 -0.03568200 0.01445500
v 0.02642100 -0.03568200 0.01445500
v -0.04268400 0.01410200 0.03448300
v -0.04488700 0.05400100 0.00331100
v 0.01498900 0.05399900 0.04264400
v 0.02983400 -0.03275200 0.01582300
v 0.02983400 -0.03275200 0.01582300
v 0.02983400 -0.03275200 0.01582300
v -0.04412500 0.05400000 -0.00887100
v -0.04389700 -0.00992000 0.02465600
v -0.04389700 -0.00992000 0.02465600
v -0.04049000 0.05400000 -0.01972000
v -0.04165400 0.05399900 -0.01709600
v -0.03439600 0.05399900 -0.02914800
v -0.03596200 0.05399600 -0.02717600
v -0.02664500 0.03523100 0.04496500
v -0.04500600 0.00025600 0.02878100
v -0.04493300 -0.00186200 0.02800300
v -0.04493300 -0.00186200 0.02800300
v 0.01676200 -0.04178800 -0.06585000
v 0.00135500 0.04995200 0.04364800
v 0.00135500 0.04995200 0.04364800
v 0.00170300 0.05078500 0.04365000
v 0.00170300 0.05078500 0.04365000
v 0.00170300 0.05078500 0.04365000
v 0.00089400 -0.04437700 0.01096700
v 0.03053500 -0.03200100 0.01788600
v 0.03053500 -0.03200100 0.01788600
v 0.03053500 -0.03200100 0.01788600
v 0.03701200 0.02558200 -0.02987000
v 0.03535000 0.02787200 -0.03148400
v -0.01265400 -0.04317000 0.01135000
v -0.03604600 -0.02698100 -0.06584900
v -0.03288700 -0.03071500 -0.06585000
v -0.03844900 -0.02338100 -0.06585000
v 0.03004600 -0.03350900 0.01517500
v 0.02462800 -0.03768900 0.01350200
v 0.04044000 0.05399700 0.01981900
v 0.03891600 0.05399600 0.02269700
v 0.00238700 0.04915600 0.04495400
v 0.02532600 -0.03635200 0.01430400
v -0.04340100 0.00737000 0.03381900
v -0.01500100 0.04242900 0.04577100
v -0.01500100 0.04242900 0.04577100
v -0.01500100 0.04242900 0.04577100
v -0.00170200 0.05121800 0.04364900
v -0.00170200 0.05121800 0.04364900
v -0.00170200 0.05121800 0.04364900
v -0.01606600 0.05399800 0.04221000
v -0.01988300 0.05400000 0.04057800
v -0.00071900 0.04942500 0.04349600
v -0.00071900 0.04942500 0.04349600
v -0.00071900 0.04942500 0.04349600
v 0.02414400 0.03681400 0.04570100
v 0.02868100 0.03349300 0.04432900
v 0.02868100 0.03349300 0.04432900
v 0.02868100 0.03349300 0.04432900
v -0.02100400 0.03979800 0.04145000
v -0.04499000 0.00181900 -0.00838000
v -0.04492200 0.00196500 0.00039700
v 0.00066700 0.04942300 0.04365200
v 0.00066700 0.04942300 0.04365200
v 0.00066700 0.04942300 0.04365200
v -0.01434600 0.04193700 0.04607900
v -0.01434600 0.04193700 0.04607900
v 0.01178400 0.05400000 0.04356600
v 0.03069900 -0.03201900 0.01600300
v 0.03069900 -0.03201900 0.01600300
v 0.02778500 -0.03537400 0.01451300
v 0.02778500 -0.03537400 0.01451300
v -0.00104500 0.04964300 0.04364800
v -0.00104500 0.04964300 0.04364800
v -0.00104500 0.04964300 0.04364800
v -0.02714600 0.05400000 -0.03610700
v -0.03213300 0.05399900 -0.03165200
v -0.03510600 -0.02701400 0.01815700
v -0.03124300 -0.03142200 0.01631200
v -0.04331900 -0.01214700 0.02383600
v 0.04360800 0.01116700 0.03315700
v 0.01091400 -0.04368100 -0.06585000
v -0.04172800 0.05399900 0.01691700
v -0.04350000 0.05400000 0.01159600
v -0.00824800 -0.04352200 0.01146600
v -0.00824800 -0.04352200 0.01146600
v 0.04204800 0.01428400 0.03470700
v 0.04204800 0.01428400 0.03470700
v -0.03904600 0.05400100 -0.02244600
v -0.03904600 0.05400100 -0.02244600
v -0.03988800 0.01929500 0.03694200
v -0.04206000 0.01389900 0.03479900
v 0.00333500 0.05399100 0.04489600
v 0.00085500 0.05396400 0.04500800
v 0.00085500 0.05396400 0.04500800
v -0.00266800 0.05244600 0.04494100
v -0.00297000 0.05045500 0.04491300
v -0.03794600 0.02252500 0.03988700
v -0.04039400 0.01779600 0.03797500
v -0.04039400 0.01779600 0.03797500
v -0.04039400 0.01779600 0.03797500
v -0.00277700 0.04403100 0.04854000
v -0.00277700 0.04403100 0.04854000
v -0.00507500 0.04383100 0.04844800
v 0.03805000 -0.02314200 0.01949600
v 0.04048200 -0.01859400 0.02133800
v 0.02698800 0.03603900 -0.06585000
v 0.02698800 0.03603900 -0.06585000
v 0.02698800 0.03603900 -0.06585000
v 0.02698800 0.03603900 -0.06585000
v 0.02698800 0.03603900 -0.06585000
v -0.04427100 -0.00283400 0.02779600
v -0.01351100 0.05400000 0.04307900
v -0.00822400 0.05399400 0.04432400
v -0.00601100 0.04450600 0.04676800
v 0.03128800 0.03157800 0.04168200
v -0.00833700 -0.04344500 0.01325100
v -0.00416100 -0.04404500 0.01300900
v -0.01655200 0.04118600 0.04566900
v -0.02041000 0.03956200 0.04489600
v -0.04243800 0.01207700 0.03568800
v -0.04074800 -0.01914800 -0.06585100
v 0.00818400 0.04323700 0.04829400
v 0.00361700 0.04397100 0.04852400
v -0.02980300 -0.03374900 -0.06585000
v 0.04349700 0.00992800 0.03282300
v 0.04349700 0.00992800 0.03282300
v -0.00903400 0.04320900 0.04819100
v -0.01291300 0.04215200 0.04782700
v -0.04499900 0.00211400 0.00794000
v -0.01271700 -0.04244400 0.01186400
v -0.03800900 0.02413500 0.03841000
v -0.03800900 0.02413500 0.03841000
v -0.02462600 0.05400000 0.03787300
v -0.02462600 0.05400000 0.03787300
v -0.02811300 0.05399900 0.03530900
v 0.03772400 0.02438000 0.03864500
v 0.03646800 0.02623000 0.03939000
v 0.04120700 0.05399900 -0.01814700
v 0.04120700 0.05399900 -0.01814700
v 0.03059400 0.03296600 0.04203100
v 0.03059400 0.03296600 0.04203100
v 0.01045200 0.05399600 -0.04390300
v 0.00665200 0.05399900 -0.04457300
v -0.03312200 -0.02933700 0.01891600
v -0.03312200 -0.02933700 0.01891600
v -0.04435700 -0.00007400 0.02893200
v -0.02938300 0.03411300 -0.06585000
v -0.02938300 0.03411300 -0.06585000
v -0.02938300 0.03411300 -0.06585000
v 0.04014000 -0.02033500 0.02053500
v 0.04014000 -0.02033500 0.02053500
v 0.04014000 -0.02033500 0.02053500
v 0.03867300 -0.02299300 0.01946500
v -0.01124700 0.04356600 0.04509500
v -0.03933800 -0.02042200 0.02074700
v -0.03737900 -0.02395800 0.01922800
v 0.03529000 0.05399800 -0.02804600
v 0.03529000 0.05399800 -0.02804600
v 0.03529000 0.05399800 -0.02804600
v 0.03344000 0.05399800 -0.03025100
v 0.03344000 0.05399800 -0.03025100
v 0.04452600 0.00612100 0.03127700
v 0.04452600 0.00612100 0.03127700
v -0.01663800 0.04163600 0.04564500
v 0.03370600 -0.02983200 0.01664600
v 0.03370600 -0.02983200 0.01664600
v 0.00008200 0.04398800 0.04860400
v -0.03560200 0.02656200 0.03968600
v -0.03560200 0.02656200 0.03968600
v 0.04259600 -0.01453900 0.02280300
v 0.04259600 -0.01453900 0.02280300
v 0.04259600 -0.01453900 0.02280300
v 0.04334600 0.00850800 0.03418700
v 0.02506300 0.03738600 0.03934000
v -0.02085900 -0.03989600 0.01263500
v 0.00633200 0.05399800 0.04460500
v 0.00633200 0.05399800 0.04460500
v -0.01420100 0.04241800 0.04603400
v 0.03628700 0.02534800 0.04081500
v -0.02645300 0.03516200 0.04504400
v -0.03123900 0.03117400 0.04337500
v 0.00271600 0.04486800 0.04685400
v 0.00271600 0.04486800 0.04685400
v 0.00271600 0.04486800 0.04685400
v 0.04498900 0.00181000 -0.06585000
v 0.04482100 -0.00428400 -0.06585000
v 0.04482100 -0.00428400 -0.06585000
v 0.04381800 0.00745800 0.03190800
v -0.04424900 0.05399900 0.00827600
v 0.02701000 -0.03497500 0.01669200
v 0.02701000 -0.03497500 0.01669200
v 0.02214700 -0.03825300 0.01537800
v 0.02214700 -0.03825300 0.01537800
v 0.03346700 0.03007800 -0.03336800
v 0.04313800 -0.01110400 0.02428700
v -0.04341200 -0.00921400 0.02521200
v -0.03484000 0.02709100 0.04172600
v -0.04302700 0.05399100 -0.01325600
v -0.04302700 0.05399100 -0.01325600
v 0.04368300 0.00735400 0.03209000
v 0.00000000 -0.04500000 -0.06585000
v 0.00028100 -0.04424500 0.01291900
v -0.04349200 0.00839100 0.03255100
v 0.03951300 0.02155800 0.03736300
v 0.03951300 0.02155800 0.03736300
v 0.04039600 0.01981100 0.03670200
v 0.00000000 0.05400000 0.04495000
v -0.00082300 0.05397000 0.04500600
v -0.00082300 0.05397000 0.04500600
v 0.00584700 0.04452000 0.04677300
v 0.04018900 0.01943000 0.03668800
v 0.04018900 0.01943000 0.03668800
v 0.04018900 0.01943000 0.03668800
v -0.00430600 0.05399800 -0.04483600
v -0.04422900 -0.00554700 0.02659500
v -0.04333000 -0.01042600 0.02463000
v 0.03525800 0.02681300 0.04004300
v 0.03525800 0.02681300 0.04004300
v -0.04298600 -0.00975800 0.02689600
v 0.01310100 0.04197800 0.04780500
v 0.03826800 0.02260600 0.03806800
v -0.00978700 0.04384100 0.04648600
v -0.00181000 0.05341800 0.04497100
v 0.00325600 0.04487500 0.04641600
v 0.02599500 -0.03583800 0.01619200
v -0.02980100 0.03276000 0.04246100
v 0.00028400 0.04502500 0.04644100
v 0.04484400 0.05399900 0.00366200
v -0.00979400 0.04392300 0.04631700
v 0.04420200 -0.00288000 0.02797200
v 0.04424500 0.00227900 0.03000900
v 0.01817600 0.04008100 0.04702600
v 0.04409800 -0.00147600 0.03022200
v -0.03297700 0.05400300 0.03081700
v 0.03380300 0.02964300 0.04074600
v 0.04302400 0.00973500 0.03475400
v 0.04182400 0.01409300 0.03648300
v 0.04182400 0.01409300 0.03648300
v 0.01253500 0.04253700 0.04627000
v -0.04240200 -0.01507000 -0.06585000
v 0.03121900 0.03142400 0.04189000
v -0.03860600 0.02243000 0.03790600
v -0.03860600 0.02243000 0.03790600
v 0.04476800 0.00162300 0.02950700
v 0.04476800 0.00162300 0.02950700
v -0.00811500 0.05399700 -0.04434800
v 0.04405900 -0.00915600 -0.06585000
v 0.04405900 -0.00915600 -0.06585000
v 0.04405900 -0.00915600 -0.06585000
v 0.04405900 -0.00915600 -0.06585000
v 0.04405900 -0.00915600 -0.06585000
v -0.00414900 0.05399700 0.04484100
v -0.01196800 0.04336200 0.04618400
v -0.01196800 0.04336200 0.04618400
v 0.01993900 0.03946700 0.04660400
v 0.00287700 0.05188000 0.04493300
v -0.00097600 0.04809700 0.04499200
v 0.00490400 -0.04475700 -0.06585000
v -0.02191900 0.03930800 -0.04106000
v -0.02372300 0.03826500 -0.04003300
v -0.04237600 -0.01302700 0.02376600
v -0.00001500 0.04487300 0.04693400
v -0.04018600 0.05400100 0.02035100
v 0.00821900 0.04348500 0.04812300
v 0.01732200 0.04071000 0.04702800
v 0.00644300 0.04452800 -0.04604100
v 0.01117400 0.04358100 -0.04510500
v 0.01162400 0.04269000 0.04787800
v -0.01092400 0.04367900 -0.06585000
v -0.01092400 0.04367900 -0.06585000
v 0.01655400 -0.04171400 0.01201200
v -0.02707500 0.03596600 -0.03819200
v -0.01530300 -0.04153100 0.01398000
v -0.01239800 -0.04247100 0.01368000
v -0.00157600 0.05033100 0.04364900
v -0.00157600 0.05033100 0.04364900
v 0.04234000 0.01456700 0.03473700
v 0.03995500 0.02070300 -0.06585000
v 0.00844600 -0.04353800 0.01130800
v -0.00210100 0.04880600 0.04495800
v 0.00212600 0.05315900 0.04495900
v 0.02888000 0.03417700 0.04270300
v -0.02020900 -0.03936900 0.01487900
v 0.02861900 0.03337600 0.04432400
v 0.02861900 0.03337600 0.04432400
v 0.03328500 -0.02934600 0.01703800
v -0.03000400 0.03268600 0.04221900
v -0.02848000 0.03424200 0.04273300
v 0.01040100 -0.04303800 0.01327800
v 0.01258600 0.04246700 0.04644300
v 0.01455400 0.04177000 0.04749400
v 0.04211500 -0.01377100 0.02346700
v 0.04332800 -0.00922500 0.02541200
v -0.00479500 0.04476500 -0.06585000
v -0.00479500 0.04476500 -0.06585000
v -0.00479500 0.04476500 -0.06585000
v 0.00953900 0.04398800 -0.04539700
v -0.03930100 -0.02028000 0.02259300
v -0.03930100 -0.02028000 0.02259300
v -0.03930100 -0.02028000 0.02259300
v -0.02806900 0.03515600 0.03750800
v 0.04178600 0.01676700 -0.06585000
v -0.03650100 -0.02499700 0.02069100
v -0.03650100 -0.02499700 0.02069100
v -0.03650100 -0.02499700 0.02069100
v -0.02280100 -0.03821700 0.01341600
v 0.01957000 0.04018800 0.04506500
v 0.01493100 0.04213200 0.04586600
v -0.02897500 -0.03378000 0.01519500
v -0.02503400 -0.03678400 0.01396500
v -0.00434900 0.04449200 0.04681600
v 0.00116900 -0.03752000 0.03510000
v 0.00116900 -0.03752000 0.03510000
v 0.00116900 -0.03752000 0.03510000
v 0.00116900 -0.03752000 0.03510000
v 0.00116900 -0.03752000 0.03510000
v 0.00116900 -0.03752000 0.03510000
v 0.00086200 -0.03722200 0.04344500
v 0.00086200 -0.03722200 0.04344500
v 0.00086200 -0.03722200 0.04344500
v 0.00086200 -0.03722200 0.04344500
v 0.00086200 -0.03722200 0.04344500
v 0.00086200 -0.03722200 0.04344500
v 0.00005000 -0.03689800 0.03510000
v 0.00005000 -0.03689800 0.03510000
v 0.00005000 -0.03689800 0.03510000
v 0.00005000 -0.03689800 0.03510000
v 0.00005000 -0.03689800 0.03510000
v -0.00154200 -0.03782700 0.03510000
v -0.00154200 -0.03782700 0.03510000
v -0.00154200 -0.03782700 0.03510000
v -0.00154200 -0.03782700 0.03510000
v -0.00139300 -0.03754900 0.04345500
v -0.00139300 -0.03754900 0.04345500
v -0.00139300 -0.03754900 0.04345500
v -0.00139300 -0.03754900 0.04345500
v -0.00139300 -0.03754900 0.04345500
v -0.00139300 -0.03754900 0.04345500
v 0.00140700 -0.03846500 0.04348000
v 0.00140700 -0.03846500 0.04348000
v 0.00140700 -0.03846500 0.04348000
v 0.00140700 -0.03846500 0.04348000
v 0.00140700 -0.03846500 0.04348000
v 0.00140700 -0.03846500 0.04348000
v 0.00140700 -0.03846500 0.04348000
v -0.00095200 -0.03710500 0.03510000
v -0.00095200 -0.03710500 0.03510000
v -0.00095200 -0.03710500 0.03510000
v -0.00095200 -0.03710500 0.03510000
v -0.00095200 -0.03710500 0.03510000
v -0.00095200 -0.03710500 0.03510000
v 0.00129800 -0.03897300 0.03510000
v 0.00129800 -0.03897300 0.03510000
v 0.00129800 -0.03897300 0.03510000
v 0.00129800 -0.03897300 0.03510000
v 0.00129800 -0.03897300 0.03510000
v -0.00072700 -0.03700200 0.04345600
v -0.00072700 -0.03700200 0.04345600
v -0.00072700 -0.03700200 0.04345600
v -0.00072700 -0.03700200 0.04345600
v -0.00072700 -0.03700200 0.04345600
v -0.00072700 -0.03700200 0.04345600
v -0.00116200 -0.03579600 0.04470300
v -0.00116200 -0.03579600 0.04470300
v -0.00116200 -0.03579600 0.04470300
v -0.00116200 -0.03579600 0.04470300
v -0.00116200 -0.03579600 0.04470300
v -0.00116200 -0.03579600 0.04470300
v 0.00034700 -0.03567700 0.04469800
v 0.00034700 -0.03567700 0.04469800
v 0.00034700 -0.03567700 0.04469800
v 0.00034700 -0.03567700 0.04469800
v 0.00034700 -0.03567700 0.04469800
v -0.00223300 -0.03661800 0.04468800
v -0.00223300 -0.03661800 0.04468800
v -0.00223300 -0.03661800 0.04468800
v -0.00223300 -0.03661800 0.04468800
v -0.00223300 -0.03661800 0.04468800
v -0.00283100 -0.03771500 0.04471300
v -0.00283100 -0.03771500 0.04471300
v -0.00283100 -0.03771500 0.04471300
v -0.00283100 -0.03771500 0.04471300
v -0.00283100 -0.03771500 0.04471300
v -0.00283100 -0.03771500 0.04471300
v -0.00169000 -0.03855800 0.04347900
v -0.00169000 -0.03855800 0.04347900
v -0.00169000 -0.03855800 0.04347900
v -0.00169000 -0.03855800 0.04347900
v -0.00169000 -0.03855800 0.04347900
v -0.00169000 -0.03855800 0.04347900
v -0.00149300 -0.03911500 0.04347600
v -0.00149300 -0.03911500 0.04347600
v -0.00149300 -0.03911500 0.04347600
v -0.00149300 -0.03911500 0.04347600
v -0.00149300 -0.03911500 0.04347600
v -0.00096900 -0.03968000 0.04347400
v -0.00096900 -0.03968000 0.04347400
v -0.00096900 -0.03968000 0.04347400
v -0.00096900 -0.03968000 0.04347400
v -0.00096900 -0.03968000 0.04347400
v -0.00096900 -0.03968000 0.04347400
v -0.00270500 -0.03949700 0.04467800
v -0.00270500 -0.03949700 0.04467800
v -0.00270500 -0.03949700 0.04467800
v -0.00270500 -0.03949700 0.04467800
v -0.00270500 -0.03949700 0.04467800
v -0.00270500 -0.03949700 0.04467800
v -0.00270500 -0.03949700 0.04467800
v -0.00160000 -0.04081200 0.04470500
v -0.00160000 -0.04081200 0.04470500
v -0.00160000 -0.04081200 0.04470500
v -0.00160000 -0.04081200 0.04470500
v -0.00160000 -0.04081200 0.04470500
v -0.00160000 -0.04081200 0.04470500
v -0.00012500 -0.03993900 0.04345400
v -0.00012500 -0.03993900 0.04345400
v -0.00012500 -0.03993900 0.04345400
v -0.00012500 -0.03993900 0.04345400
v -0.00012500 -0.03993900 0.04345400
v -0.00012500 -0.03993900 0.04345400
v 0.00014500 -0.04117300 0.04469600
v 0.00014500 -0.04117300 0.04469600
v 0.00014500 -0.04117300 0.04469600
v 0.00014500 -0.04117300 0.04469600
v 0.00014500 -0.04117300 0.04469600
v 0.00263600 -0.03803500 0.04510000
v 0.00263600 -0.03803500 0.04510000
v 0.00263600 -0.03803500 0.04510000
v 0.00263600 -0.03803500 0.04510000
v 0.00263600 -0.03803500 0.04510000
v 0.00082900 -0.03577100 0.04510100
v 0.00082900 -0.03577100 0.04510100
v 0.00082900 -0.03577100 0.04510100
v 0.00082900 -0.03577100 0.04510100
v 0.00082900 -0.03577100 0.04510100
v 0.00082900 -0.03577100 0.04510100
v -0.00228800 -0.03665100 0.04510000
v -0.00228800 -0.03665100 0.04510000
v -0.00228800 -0.03665100 0.04510000
v -0.00228800 -0.03665100 0.04510000
v -0.00228800 -0.03665100 0.04510000
v -0.00228800 -0.03665100 0.04510000
v 0.00202100 -0.03667300 0.04510100
v 0.00202100 -0.03667300 0.04510100
v 0.00202100 -0.03667300 0.04510100
v 0.00202100 -0.03667300 0.04510100
v 0.00202100 -0.03667300 0.04510100
v -0.00102300 -0.03574700 0.04510100
v -0.00102300 -0.03574700 0.04510100
v -0.00102300 -0.03574700 0.04510100
v -0.00102300 -0.03574700 0.04510100
v -0.00102300 -0.03574700 0.04510100
v -0.00102300 -0.03574700 0.04510100
v 0.00230300 -0.03710200 0.04469700
v 0.00230300 -0.03710200 0.04469700
v 0.00230300 -0.03710200 0.04469700
v 0.00230300 -0.03710200 0.04469700
v 0.00230300 -0.03710200 0.04469700
v -0.00103200 -0.03963400 0.03510000
v -0.00103200 -0.03963400 0.03510000
v -0.00103200 -0.03963400 0.03510000
v -0.00103200 -0.03963400 0.03510000
v -0.00103200 -0.03963400 0.03510000
v -0.00163000 -0.03877400 0.03510000
v -0.00163000 -0.03877400 0.03510000
v -0.00163000 -0.03877400 0.03510000
v -0.00163000 -0.03877400 0.03510000
v -0.00163000 -0.03877400 0.03510000
v -0.00163000 -0.03877400 0.03510000
v -0.00163000 -0.03877400 0.03510000
v 0.00021300 -0.03995400 0.03510000
v 0.00021300 -0.03995400 0.03510000
v 0.00021300 -0.03995400 0.03510000
v 0.00021300 -0.03995400 0.03510000
v 0.00021300 -0.03995400 0.03510000
v 0.00092200 -0.03951100 0.04346400
v 0.00092200 -0.03951100 0.04346400
v 0.00092200 -0.03951100 0.04346400
v 0.00092200 -0.03951100 0.04346400
v 0.00092200 -0.03951100 0.04346400
v 0.00092200 -0.03951100 0.04346400
v 0.00140100 -0.04072000 0.04468100
v 0.00140100 -0.04072000 0.04468100
v 0.00140100 -0.04072000 0.04468100
v 0.00140100 -0.04072000 0.04468100
v 0.00140100 -0.04072000 0.04468100
v 0.00140100 -0.04072000 0.04468100
v 0.00226500 -0.03977200 0.04470000
v 0.00226500 -0.03977200 0.04470000
v 0.00226500 -0.03977200 0.04470000
v 0.00226500 -0.03977200 0.04470000
v 0.00226500 -0.03977200 0.04470000
v 0.00265800 -0.03843000 0.04471000
v 0.00265800 -0.03843000 0.04471000
v 0.00265800 -0.03843000 0.04471000
v 0.00265800 -0.03843000 0.04471000
v 0.00265800 -0.03843000 0.04471000
v 0.00265800 -0.03843000 0.04471000
v 0.00154800 -0.03755000 0.04380900
v 0.00154800 -0.03755000 0.04380900
v 0.00154800 -0.03755000 0.04380900
v 0.00154800 -0.03755000 0.04380900
v 0.00154800 -0.03755000 0.04380900
v 0.00147000 -0.03614700 0.04467900
v 0.00147000 -0.03614700 0.04467900
v 0.00147000 -0.03614700 0.04467900
v 0.00147000 -0.03614700 0.04467900
v 0.00147000 -0.03614700 0.04467900
v 0.00147000 -0.03614700 0.04467900
v 0.00147000 -0.03614700 0.04467900
v -0.00006000 -0.03689300 0.04345000
v -0.00006000 -0.03689300 0.04345000
v -0.00006000 -0.03689300 0.04345000
v -0.00006000 -0.03689300 0.04345000
v -0.00006000 -0.03689300 0.04345000
v -0.00006000 -0.03689300 0.04345000
v -0.00296500 -0.03832500 0.04510000
v -0.00296500 -0.03832500 0.04510000
v -0.00296500 -0.03832500 0.04510000
v -0.00296500 -0.03832500 0.04510000
v -0.00296500 -0.03832500 0.04510000
v -0.00296500 -0.03832500 0.04510000
v -0.00086700 -0.04108400 0.04510100
v -0.00086700 -0.04108400 0.04510100
v -0.00086700 -0.04108400 0.04510100
v -0.00086700 -0.04108400 0.04510100
v -0.00086700 -0.04108400 0.04510100
v 0.00222900 -0.03994300 0.04510000
v 0.00222900 -0.03994300 0.04510000
v 0.00222900 -0.03994300 0.04510000
v 0.00222900 -0.03994300 0.04510000
v 0.00222900 -0.03994300 0.04510000
v 0.00222900 -0.03994300 0.04510000
v -0.00225100 -0.04023600 0.04510100
v -0.00225100 -0.04023600 0.04510100
v -0.00225100 -0.04023600 0.04510100
v -0.00225100 -0.04023600 0.04510100
v -0.00225100 -0.04023600 0.04510100
v -0.00225100 -0.04023600 0.04510100
v 0.00064400 -0.04108700 0.04510000
v 0.00064400 -0.04108700 0.04510000
v 0.00064400 -0.04108700 0.04510000
v 0.00064400 -0.04108700 0.04510000
v 0.00064400 -0.04108700 0.04510000
v -0.00018500 -0.03707100 0.04510000
v -0.00018500 -0.03707100 0.04510000
v -0.00018500 -0.03707100 0.04510000
v -0.00018500 -0.03707100 0.04510000
v -0.00018500 -0.03707100 0.04510000
v -0.00018500 -0.03707100 0.04510000
v -0.00143600 -0.03915600 0.04510000
v -0.00143600 -0.03915600 0.04510000
v -0.00143600 -0.03915600 0.04510000
v -0.00143600 -0.03915600 0.04510000
v -0.00143600 -0.03915600 0.04510000
v -0.00143600 -0.03915600 0.04510000
v -0.00009000 -0.03974200 0.04510000
v -0.00009000 -0.03974200 0.04510000
v -0.00009000 -0.03974200 0.04510000
v -0.00009000 -0.03974200 0.04510000
v -0.00009000 -0.03974200 0.04510000
v -0.00009000 -0.03974200 0.04510000
v 0.00116200 -0.03915600 0.04510000
v 0.00116200 -0.03915600 0.04510000
v 0.00116200 -0.03915600 0.04510000
v 0.00116200 -0.03915600 0.04510000
v 0.00116200 -0.03915600 0.04510000
v -0.00132800 -0.03771400 0.04510000
v -0.00132800 -0.03771400 0.04510000
v -0.00132800 -0.03771400 0.04510000
v -0.00132800 -0.03771400 0.04510000
v -0.00132800 -0.03771400 0.04510000
v -0.00132800 -0.03771400 0.04510000
v -0.00132800 -0.03771400 0.04510000
v -0.00132800 -0.03771400 0.04510000
v 0.00094200 -0.03840600 0.04510000
v 0.00094200 -0.03840600 0.04510000
v 0.00094200 -0.03840600 0.04510000
v 0.00094200 -0.03840600 0.04510000
v 0.00116200 -0.03765600 0.04510000
v 0.00116200 -0.03765600 0.04510000
v 0.00116200 -0.03765600 0.04510000
v 0.00116200 -0.03765600 0.04510000
v 0.00116200 -0.03765600 0.04510000
v 0.00116200 -0.03765600 0.04510000
v -0.00067700 -0.03934100 0.04510000
v -0.00067700 -0.03934100 0.04510000
v -0.00067700 -0.03934100 0.04510000
v -0.00067700 -0.03934100 0.04510000
v -0.00067700 -0.03934100 0.04510000
v -0.00067700 -0.03934100 0.04510000
v 0.00040200 -0.03747200 0.04510000
v 0.00040200 -0.03747200 0.04510000
v 0.00040200 -0.03747200 0.04510000
v 0.00040200 -0.03747200 0.04510000
v 0.00040200 -0.03747200 0.04510000
v -0.00013700 -0.03990600 0.04427000
v -0.00013700 -0.03990600 0.04427000
v -0.00013700 -0.03990600 0.04427000
v -0.00013700 -0.03990600 0.04427000
v -0.00067700 -0.03934100 0.04427000
v -0.00067700 -0.03934100 0.04427000
v -0.00067700 -0.03934100 0.04427000
v -0.00067700 -0.03934100 0.04427000
v -0.00131800 -0.03903300 0.04427000
v -0.00131800 -0.03903300 0.04427000
v -0.00131800 -0.03903300 0.04427000
v -0.00131800 -0.03903300 0.04427000
v -0.00143600 -0.03765600 0.04427000
v -0.00143600 -0.03765600 0.04427000
v -0.00143600 -0.03765600 0.04427000
v -0.00067700 -0.03747200 0.04427000
v -0.00067700 -0.03747200 0.04427000
v -0.00067700 -0.03747200 0.04427000
v -0.00067700 -0.03747200 0.04427000
v -0.00013700 -0.03690600 0.04427000
v -0.00013700 -0.03690600 0.04427000
v -0.00013700 -0.03690600 0.04427000
v -0.00013700 -0.03690600 0.04427000
v 0.00040200 -0.03747200 0.04427000
v 0.00040200 -0.03747200 0.04427000
v 0.00040200 -0.03747200 0.04427000
v 0.00040200 -0.03747200 0.04427000
v 0.00104300 -0.03778000 0.04427000
v 0.00104300 -0.03778000 0.04427000
v 0.00104300 -0.03778000 0.04427000
v 0.00104300 -0.03778000 0.04427000
v 0.00116200 -0.03915600 0.04427000
v 0.00116200 -0.03915600 0.04427000
v 0.00116200 -0.03915600 0.04427000
v 0.00116200 -0.03915600 0.04427000
v 0.00040200 -0.03934100 0.04427000
v 0.00040200 -0.03934100 0.04427000
v 0.00040200 -0.03934100 0.04427000
v 0.00040200 -0.03934100 0.04427000
v 0.03367400 0.01982700 0.05197500
v 0.03367400 0.01982700 0.05197500
v 0.03367400 0.01982700 0.05197500
v 0.03367400 0.01982700 0.05197500
v 0.03367400 0.01982700 0.05197500
v 0.03367400 0.01982700 0.05197500
v 0.03367400 0.01982700 0.05197500
v 0.03386400 0.01966400 0.04360000
v 0.03386400 0.01966400 0.04360000
v 0.03386400 0.01966400 0.04360000
v 0.03386400 0.01966400 0.04360000
v 0.03137800 0.01934400 0.04360000
v 0.03137800 0.01934400 0.04360000
v 0.03137800 0.01934400 0.04360000
v 0.03137800 0.01934400 0.04360000
v 0.03125000 0.01870000 0.05194200
v 0.03125000 0.01870000 0.05194200
v 0.03125000 0.01870000 0.05194200
v 0.03125000 0.01870000 0.05194200
v 0.03125000 0.01870000 0.05194200
v 0.03125000 0.01870000 0.05194200
v 0.03125000 0.01870000 0.05194200
v 0.03432500 0.01848600 0.04360000
v 0.03432500 0.01848600 0.04360000
v 0.03432500 0.01848600 0.04360000
v 0.03432500 0.01848600 0.04360000
v 0.03432500 0.01848600 0.04360000
v 0.03432500 0.01848600 0.04360000
v 0.03429600 0.01858100 0.05195700
v 0.03429600 0.01858100 0.05195700
v 0.03429600 0.01858100 0.05195700
v 0.03429600 0.01858100 0.05195700
v 0.03429600 0.01858100 0.05195700
v 0.03275400 0.02014300 0.04360000
v 0.03275400 0.02014300 0.04360000
v 0.03275400 0.02014300 0.04360000
v 0.03275400 0.02014300 0.04360000
v 0.03275400 0.02014300 0.04360000
v 0.03276100 0.02012200 0.05191400
v 0.03276100 0.02012200 0.05191400
v 0.03276100 0.02012200 0.05191400
v 0.03276100 0.02012200 0.05191400
v 0.03276100 0.02012200 0.05191400
v 0.03186600 0.02120700 0.05319300
v 0.03186600 0.02120700 0.05319300
v 0.03186600 0.02120700 0.05319300
v 0.03186600 0.02120700 0.05319300
v 0.03186600 0.02120700 0.05319300
v 0.03186600 0.02120700 0.05319300
v 0.03168600 0.01968300 0.05196400
v 0.03168600 0.01968300 0.05196400
v 0.03168600 0.01968300 0.05196400
v 0.03168600 0.01968300 0.05196400
v 0.03168600 0.01968300 0.05196400
v 0.03168600 0.01968300 0.05196400
v 0.03168600 0.01968300 0.05196400
v 0.03316300 0.02133700 0.05319000
v 0.03316300 0.02133700 0.05319000
v 0.03316300 0.02133700 0.05319000
v 0.03316300 0.02133700 0.05319000
v 0.03316300 0.02133700 0.05319000
v 0.03100100 0.02072000 0.05319800
v 0.03100100 0.02072000 0.05319800
v 0.03100100 0.02072000 0.05319800
v 0.03100100 0.02072000 0.05319800
v 0.03100100 0.02072000 0.05319800
v 0.03008400 0.01938800 0.05322600
v 0.03008400 0.01938800 0.05322600
v 0.03008400 0.01938800 0.05322600
v 0.03008400 0.01938800 0.05322600
v 0.03008400 0.01938800 0.05322600
v 0.03008400 0.01938800 0.05322600
v 0.03097300 0.01756400 0.05250500
v 0.03097300 0.01756400 0.05250500
v 0.03097300 0.01756400 0.05250500
v 0.03097300 0.01756400 0.05250500
v 0.03097300 0.01756400 0.05250500
v 0.03154600 0.01766200 0.05193400
v 0.03154600 0.01766200 0.05193400
v 0.03154600 0.01766200 0.05193400
v 0.03154600 0.01766200 0.05193400
v 0.03154600 0.01766200 0.05193400
v 0.03154600 0.01766200 0.05193400
v 0.03166500 0.01678500 0.05254400
v 0.03166500 0.01678500 0.05254400
v 0.03166500 0.01678500 0.05254400
v 0.03166500 0.01678500 0.05254400
v 0.03166500 0.01678500 0.05254400
v 0.03092100 0.01654300 0.05320100
v 0.03092100 0.01654300 0.05320100
v 0.03092100 0.01654300 0.05320100
v 0.03092100 0.01654300 0.05320100
v 0.03092100 0.01654300 0.05320100
v 0.03255300 0.01708400 0.05193600
v 0.03255300 0.01708400 0.05193600
v 0.03255300 0.01708400 0.05193600
v 0.03255300 0.01708400 0.05193600
v 0.03255300 0.01708400 0.05193600
v 0.03255300 0.01708400 0.05193600
v 0.03255300 0.01708400 0.05193600
v 0.03193800 0.01594700 0.05319800
v 0.03193800 0.01594700 0.05319800
v 0.03193800 0.01594700 0.05319800
v 0.03193800 0.01594700 0.05319800
v 0.03193800 0.01594700 0.05319800
v 0.03193800 0.01594700 0.05319800
v 0.03015100 0.01761000 0.05320300
v 0.03015100 0.01761000 0.05320300
v 0.03015100 0.01761000 0.05320300
v 0.03015100 0.01761000 0.05320300
v 0.03015100 0.01761000 0.05320300
v 0.03015100 0.01761000 0.05320300
v 0.03560100 0.01855800 0.05360100
v 0.03560100 0.01855800 0.05360100
v 0.03560100 0.01855800 0.05360100
v 0.03560100 0.01855800 0.05360100
v 0.03560100 0.01855800 0.05360100
v 0.03560100 0.01855800 0.05360100
v 0.03560100 0.01855800 0.05360100
v 0.03560100 0.01855800 0.05360100
v 0.03333900 0.02135800 0.05360100
v 0.03333900 0.02135800 0.05360100
v 0.03333900 0.02135800 0.05360100
v 0.03333900 0.02135800 0.05360100
v 0.03333900 0.02135800 0.05360100
v 0.03333900 0.02135800 0.05360100
v 0.02998100 0.01836100 0.05360100
v 0.02998100 0.01836100 0.05360100
v 0.02998100 0.01836100 0.05360100
v 0.02998100 0.01836100 0.05360100
v 0.02998100 0.01836100 0.05360100
v 0.02998100 0.01836100 0.05360100
v 0.03031500 0.01989300 0.05360000
v 0.03031500 0.01989300 0.05360000
v 0.03031500 0.01989300 0.05360000
v 0.03031500 0.01989300 0.05360000
v 0.03031500 0.01989300 0.05360000
v 0.03403200 0.02105400 0.05319900
v 0.03403200 0.02105400 0.05319900
v 0.03403200 0.02105400 0.05319900
v 0.03403200 0.02105400 0.05319900
v 0.03403200 0.02105400 0.05319900
v 0.03484400 0.02044300 0.05360000
v 0.03484400 0.02044300 0.05360000
v 0.03484400 0.02044300 0.05360000
v 0.03484400 0.02044300 0.05360000
v 0.03484400 0.02044300 0.05360000
v 0.03484400 0.02044300 0.05360000
v 0.03135300 0.02099200 0.05360100
v 0.03135300 0.02099200 0.05360100
v 0.03135300 0.02099200 0.05360100
v 0.03135300 0.02099200 0.05360100
v 0.03135300 0.02099200 0.05360100
v 0.03505400 0.02019100 0.05319900
v 0.03505400 0.02019100 0.05319900
v 0.03505400 0.02019100 0.05319900
v 0.03505400 0.02019100 0.05319900
v 0.03505400 0.02019100 0.05319900
v 0.03505400 0.02019100 0.05319900
v 0.03198100 0.01730400 0.04360000
v 0.03198100 0.01730400 0.04360000
v 0.03198100 0.01730400 0.04360000
v 0.03198100 0.01730400 0.04360000
v 0.03136000 0.01800200 0.04360000
v 0.03136000 0.01800200 0.04360000
v 0.03136000 0.01800200 0.04360000
v 0.03136000 0.01800200 0.04360000
v 0.03400100 0.01770000 0.05194900
v 0.03400100 0.01770000 0.05194900
v 0.03400100 0.01770000 0.05194900
v 0.03400100 0.01770000 0.05194900
v 0.03400100 0.01770000 0.05194900
v 0.03400100 0.01770000 0.05194900
v 0.03380200 0.01747900 0.04360100
v 0.03380200 0.01747900 0.04360100
v 0.03380200 0.01747900 0.04360100
v 0.03380200 0.01747900 0.04360100
v 0.03336400 0.01719600 0.05196100
v 0.03336400 0.01719600 0.05196100
v 0.03336400 0.01719600 0.05196100
v 0.03336400 0.01719600 0.05196100
v 0.03336400 0.01719600 0.05196100
v 0.03336400 0.01719600 0.05196100
v 0.03292800 0.01706700 0.04360000
v 0.03292800 0.01706700 0.04360000
v 0.03292800 0.01706700 0.04360000
v 0.03292800 0.01706700 0.04360000
v 0.03292800 0.01706700 0.04360000
v 0.03359000 0.01591400 0.05321100
v 0.03359000 0.01591400 0.05321100
v 0.03359000 0.01591400 0.05321100
v 0.03359000 0.01591400 0.05321100
v 0.03359000 0.01591400 0.05321100
v 0.03359000 0.01591400 0.05321100
v 0.03450800 0.01645700 0.05320000
v 0.03450800 0.01645700 0.05320000
v 0.03450800 0.01645700 0.05320000
v 0.03450800 0.01645700 0.05320000
v 0.03450800 0.01645700 0.05320000
v 0.03517900 0.01723800 0.05319100
v 0.03517900 0.01723800 0.05319100
v 0.03517900 0.01723800 0.05319100
v 0.03517900 0.01723800 0.05319100
v 0.03517900 0.01723800 0.05319100
v 0.03517900 0.01723800 0.05319100
v 0.03556000 0.01858500 0.05320300
v 0.03556000 0.01858500 0.05320300
v 0.03556000 0.01858500 0.05320300
v 0.03556000 0.01858500 0.05320300
v 0.03556000 0.01858500 0.05320300
v 0.03408400 0.01936900 0.05196300
v 0.03408400 0.01936900 0.05196300
v 0.03408400 0.01936900 0.05196300
v 0.03408400 0.01936900 0.05196300
v 0.03408400 0.01936900 0.05196300
v 0.03408400 0.01936900 0.05196300
v 0.03248600 0.01577000 0.05360000
v 0.03248600 0.01577000 0.05360000
v 0.03248600 0.01577000 0.05360000
v 0.03248600 0.01577000 0.05360000
v 0.03248600 0.01577000 0.05360000
v 0.03248600 0.01577000 0.05360000
v 0.03465700 0.01651200 0.05360000
v 0.03465700 0.01651200 0.05360000
v 0.03465700 0.01651200 0.05360000
v 0.03465700 0.01651200 0.05360000
v 0.03465700 0.01651200 0.05360000
v 0.03465700 0.01651200 0.05360000
v 0.03465700 0.01651200 0.05360000
v 0.03076200 0.01666800 0.05360100
v 0.03076200 0.01666800 0.05360100
v 0.03076200 0.01666800 0.05360100
v 0.03076200 0.01666800 0.05360100
v 0.03076200 0.01666800 0.05360100
v 0.03076200 0.01666800 0.05360100
v 0.03076200 0.01666800 0.05360100
v 0.03147300 0.01784400 0.05360000
v 0.03147300 0.01784400 0.05360000
v 0.03147300 0.01784400 0.05360000
v 0.03147300 0.01784400 0.05360000
v 0.03147300 0.01784400 0.05360000
v 0.03147300 0.01784400 0.05360000
v 0.03276800 0.01997100 0.05360000
v 0.03276800 0.01997100 0.05360000
v 0.03276800 0.01997100 0.05360000
v 0.03276800 0.01997100 0.05360000
v 0.03276800 0.01997100 0.05360000
v 0.03276800 0.01997100 0.05360000
v 0.03281900 0.01725800 0.05360000
v 0.03281900 0.01725800 0.05360000
v 0.03281900 0.01725800 0.05360000
v 0.03281900 0.01725800 0.05360000
v 0.03281900 0.01725800 0.05360000
v 0.03281900 0.01725800 0.05360000
v 0.03159100 0.01922000 0.05360000
v 0.03159100 0.01922000 0.05360000
v 0.03159100 0.01922000 0.05360000
v 0.03159100 0.01922000 0.05360000
v 0.03159100 0.01922000 0.05360000
v 0.03159100 0.01922000 0.05360000
v 0.03159100 0.01922000 0.05360000
v 0.03407100 0.01784400 0.05360000
v 0.03407100 0.01784400 0.05360000
v 0.03407100 0.01784400 0.05360000
v 0.03407100 0.01784400 0.05360000
v 0.03407100 0.01784400 0.05360000
v 0.03407100 0.01784400 0.05360000
v 0.03385100 0.01859300 0.05360000
v 0.03385100 0.01859300 0.05360000
v 0.03385100 0.01859300 0.05360000
v 0.03385100 0.01859300 0.05360000
v 0.03385100 0.01859300 0.05360000
v 0.03407100 0.01934400 0.05360000
v 0.03407100 0.01934400 0.05360000
v 0.03407100 0.01934400 0.05360000
v 0.03407100 0.01934400 0.05360000
v 0.03407100 0.01934400 0.05360000
v 0.03407100 0.01934400 0.05360000
v 0.03223200 0.01765900 0.05360000
v 0.03223200 0.01765900 0.05360000
v 0.03223200 0.01765900 0.05360000
v 0.03223200 0.01765900 0.05360000
v 0.03223200 0.01765900 0.05360000
v 0.03223200 0.01765900 0.05360000
v 0.03223200 0.01952800 0.05360000
v 0.03223200 0.01952800 0.05360000
v 0.03223200 0.01952800 0.05360000
v 0.03223200 0.01952800 0.05360000
v 0.03277200 0.01709300 0.05277000
v 0.03277200 0.01709300 0.05277000
v 0.03277200 0.01709300 0.05277000
v 0.03277200 0.01709300 0.05277000
v 0.03163900 0.01788500 0.05277000
v 0.03163900 0.01788500 0.05277000
v 0.03163900 0.01788500 0.05277000
v 0.03163900 0.01788500 0.05277000
v 0.03169300 0.01859300 0.05277000
v 0.03169300 0.01859300 0.05277000
v 0.03169300 0.01859300 0.05277000
v 0.03169300 0.01859300 0.05277000
v 0.03147300 0.01934400 0.05277000
v 0.03147300 0.01934400 0.05277000
v 0.03147300 0.01934400 0.05277000
v 0.03147300 0.01934400 0.05277000
v 0.03277600 0.01997100 0.05277000
v 0.03277600 0.01997100 0.05277000
v 0.03277600 0.01997100 0.05277000
v 0.03277600 0.01997100 0.05277000
v 0.03331100 0.01952800 0.05277000
v 0.03331100 0.01952800 0.05277000
v 0.03331100 0.01952800 0.05277000
v 0.03331100 0.01952800 0.05277000
v 0.03395200 0.01922000 0.05277000
v 0.03395200 0.01922000 0.05277000
v 0.03395200 0.01922000 0.05277000
v 0.03395200 0.01922000 0.05277000
v 0.03407100 0.01784400 0.05277000
v 0.03407100 0.01784400 0.05277000
v 0.03407100 0.01784400 0.05277000
v 0.03407100 0.01784400 0.05277000
v 0.03331100 0.01765900 0.05277000
v 0.03331100 0.01765900 0.05277000
v 0.03331100 0.01765900 0.05277000
v 0.03331100 0.01765900 0.05277000
vn -0.00920000 -0.98060000 0.19560000
vn 0.08020000 -0.97450000 0.20950000
vn 0.09020000 -0.96250000 0.25590000
vn -0.00060000 -0.41900000 0.90800000
vn 0.12970000 -0.82240000 0.55400000
vn 0.14800000 -0.70870000 0.68980000
vn 0.29090000 -0.86480000 0.40920000
vn 0.00410000 -0.38540000 0.92270000
vn 0.22400000 -0.66400000 0.71340000
vn 0.55280000 -0.83290000 0.02680000
vn 0.23360000 -0.73800000 0.63320000
vn 0.33910000 -0.73720000 0.58440000
vn 0.46670000 -0.68740000 0.55650000
vn 0.42920000 -0.64370000 0.63360000
vn 0.62030000 -0.71860000 0.31430000
vn 0.43190000 -0.58990000 0.68230000
vn 0.70880000 -0.66050000 0.24760000
vn 0.60330000 -0.58290000 0.54430000
vn 0.78310000 -0.57040000 0.24790000
vn 0.88140000 -0.45090000 0.14090000
vn 0.93780000 -0.34450000 0.04360000
vn 0.83860000 -0.46100000 0.29020000
vn 0.52230000 -0.43260000 0.73490000
vn 0.97080000 -0.23280000 0.05750000
vn 0.91580000 -0.24440000 0.31860000
vn 0.72970000 -0.28890000 0.61980000
vn 0.99960000 -0.02070000 0.01740000
vn 0.66860000 -0.23940000 0.70410000
vn 0.81350000 -0.11260000 0.57060000
vn 0.95520000 0.12920000 0.26610000
vn 0.95760000 0.18280000 0.22250000
vn 0.94820000 0.21820000 0.23100000
vn 0.88730000 0.17300000 0.42750000
vn 0.87930000 0.36390000 0.30710000
vn 0.86660000 0.49730000 0.04160000
vn 0.67900000 0.23010000 0.69710000
vn 0.61310000 0.23490000 0.75430000
vn 0.76330000 0.55710000 0.32720000
vn 0.71290000 0.69930000 0.05290000
vn 0.68190000 0.68240000 0.26340000
vn 0.64320000 0.68190000 0.34830000
vn 0.58400000 0.66990000 0.45840000
vn 0.40750000 0.91280000 0.02900000
vn 0.39040000 0.91990000 0.03760000
vn 0.33590000 0.94190000 0.00570000
vn 0.29340000 0.95550000 0.03010000
vn 0.25440000 0.96680000 0.02310000
vn 0.18560000 0.98220000 0.03020000
vn 0.19010000 0.92480000 0.32950000
vn 0.11540000 0.93830000 0.32590000
vn -0.00190000 0.87470000 0.48470000
vn 0.08860000 0.99590000 0.02040000
vn -0.01710000 0.66490000 0.74670000
vn 0.16570000 0.98600000 -0.01770000
vn -0.84430000 -0.16330000 0.51040000
vn 0.16570000 0.98600000 -0.01770000
vn 0.16570000 0.98600000 -0.01770000
vn -0.97590000 0.03690000 0.21500000
vn -0.99300000 0.11640000 0.01780000
vn -0.99950000 -0.03260000 0.00270000
vn -0.99510000 0.09900000 0.00220000
vn -0.99470000 0.10250000 -0.01180000
vn -0.98510000 0.16960000 -0.02710000
vn -0.97470000 0.22070000 0.03440000
vn -0.98010000 0.19870000 0.00110000
vn -0.96210000 0.27280000 -0.00020000
vn -0.96090000 0.27230000 -0.05070000
vn -0.94800000 0.31590000 0.03900000
vn -0.92980000 0.36800000 -0.00000000
vn -0.92770000 0.36760000 -0.06550000
vn -0.91220000 0.40040000 0.08690000
vn -0.85340000 0.51090000 0.10360000
vn -0.87760000 0.47940000 0.00070000
vn -0.88030000 0.46470000 -0.09540000
vn -0.37650000 0.57480000 -0.72650000
vn -0.79540000 0.59080000 0.13540000
vn -0.81710000 0.57650000 -0.00010000
vn -0.81680000 0.56280000 -0.12650000
vn -0.08060000 0.70360000 -0.70600000
vn -0.75430000 0.65650000 -0.00090000
vn -0.74740000 0.64890000 -0.14230000
vn -0.08060000 0.70360000 -0.70600000
vn -0.68780000 0.72590000 0.00070000
vn -0.63100000 0.77570000 0.00020000
vn -0.55470000 0.15410000 -0.81760000
vn -0.36850000 -0.17210000 0.91360000
vn -0.48300000 0.75480000 0.44390000
vn -0.57770000 0.81620000 0.00010000
vn -0.48250000 0.83280000 0.27130000
vn -0.52000000 0.85410000 0.00040000
vn -0.55470000 0.15410000 -0.81760000
vn -0.39350000 0.90520000 0.16070000
vn -0.46110000 0.88730000 0.00010000
vn -0.45460000 0.87220000 -0.18060000
vn -0.26770000 0.96320000 0.02240000
vn -0.39800000 0.91740000 0.00050000
vn -0.32850000 0.94450000 -0.00090000
vn -0.30510000 0.94170000 -0.14200000
vn -0.15830000 0.97880000 0.12990000
vn -0.24560000 0.96940000 0.00010000
vn -0.20610000 0.96950000 -0.13290000
vn 0.01770000 0.18810000 0.98200000
vn -0.15650000 0.98770000 0.00110000
vn -0.08050000 0.98300000 -0.16470000
vn -0.06670000 0.99780000 0.00060000
vn 0.01770000 0.18810000 0.98200000
vn 0.03790000 0.99930000 -0.00010000
vn 0.04550000 0.98700000 -0.15420000
vn 0.22660000 0.90690000 0.35530000
vn 0.20570000 0.95490000 0.21390000
vn 0.25010000 0.36280000 -0.89770000
vn 0.16710000 0.98590000 -0.00020000
vn 0.30690000 0.94140000 0.14020000
vn 0.38530000 0.89760000 0.21420000
vn 0.25010000 0.36280000 -0.89770000
vn 0.26630000 0.96390000 -0.00070000
vn 0.39500000 0.90070000 -0.18070000
vn 0.33340000 0.94280000 0.00010000
vn 0.40310000 0.91520000 -0.00020000
vn 0.47450000 0.85980000 -0.18850000
vn 0.58280000 0.76980000 0.26030000
vn 0.22970000 -0.41990000 0.87800000
vn 0.49040000 0.87150000 -0.00140000
vn -0.18210000 0.48810000 -0.85360000
vn 0.63960000 0.74470000 -0.19080000
vn 0.57240000 0.82000000 -0.00020000
vn 0.75420000 0.60880000 0.24630000
vn -0.18210000 0.48810000 -0.85360000
vn 0.63610000 0.77160000 0.00080000
vn 0.71940000 0.67790000 -0.15130000
vn 0.71220000 0.70190000 0.00060000
vn 0.81700000 0.56530000 0.11380000
vn 0.75620000 0.09190000 -0.64790000
vn 0.79910000 0.60130000 0.00220000
vn 0.49420000 0.51460000 -0.70070000
vn 0.87240000 0.48210000 0.08060000
vn 0.87090000 0.49150000 0.00060000
vn 0.78440000 -0.12100000 0.60840000
vn 0.80440000 -0.06330000 -0.59070000
vn 0.58440000 0.46430000 -0.66550000
vn 0.78440000 -0.12100000 0.60840000
vn 0.91750000 0.39770000 0.00010000
vn 0.80440000 -0.06330000 -0.59070000
vn 0.95670000 0.29120000 0.00120000
vn 0.98710000 0.15920000 0.01940000
vn 0.97990000 0.19720000 -0.03100000
vn 0.98560000 0.16930000 -0.00050000
vn 0.99380000 0.10930000 -0.01870000
vn 0.99540000 0.09520000 0.01130000
vn 0.99850000 0.05330000 0.01460000
vn 1.00000000 0.00980000 -0.00080000
vn 0.99990000 0.01440000 -0.00020000
vn 0.99990000 0.00990000 0.00120000
vn 0.99730000 0.07400000 -0.00020000
vn 0.99920000 0.03860000 -0.00920000
vn 1.00000000 -0.00140000 0.00020000
vn -0.13490000 0.92270000 -0.36120000
vn -0.07750000 0.70780000 0.70220000
vn -0.59400000 0.77070000 -0.23070000
vn -0.59400000 0.77070000 -0.23070000
vn 0.08310000 -0.01530000 0.99640000
vn -0.93530000 -0.13600000 -0.32660000
vn 0.10030000 -0.01390000 0.99490000
vn -0.70630000 0.00310000 0.70790000
vn -0.76820000 -0.59490000 -0.23670000
vn -0.36920000 -0.87650000 -0.30890000
vn -0.49750000 -0.50960000 0.70200000
vn 0.13200000 -0.92580000 -0.35410000
vn 0.00510000 -0.70370000 0.71040000
vn 0.79040000 0.61070000 -0.04930000
vn 0.92980000 -0.01320000 0.36780000
vn 0.79040000 0.61070000 -0.04930000
vn 0.07960000 0.88220000 0.46400000
vn 0.79040000 0.61070000 -0.04930000
vn -0.13490000 0.92270000 -0.36120000
vn 0.00990000 0.01380000 0.99990000
vn -0.95020000 0.05350000 0.30700000
vn 0.03420000 0.00060000 0.99940000
vn 0.00010000 0.00020000 -1.00000000
vn -0.00010000 -0.00010000 -1.00000000
vn -0.00010000 -0.00000000 -1.00000000
vn -0.00110000 0.00050000 -1.00000000
vn -0.00000000 -0.00000000 -1.00000000
vn 0.00010000 0.00020000 -1.00000000
vn -0.00020000 0.00010000 -1.00000000
vn -0.00010000 -0.00000000 -1.00000000
vn -0.00010000 -0.00000000 -1.00000000
vn 0.00010000 0.00020000 -1.00000000
vn -0.00110000 0.00050000 -1.00000000
vn 0.00010000 0.00020000 -1.00000000
vn -0.00000000 0.00010000 -1.00000000
vn 0.00010000 -0.00000000 -1.00000000
vn -0.00020000 0.00010000 -1.00000000
vn -0.00110000 0.00050000 -1.00000000
vn -0.00000000 0.00010000 -1.00000000
vn 0.00020000 0.00030000 -1.00000000
vn -0.00000000 -0.00000000 -1.00000000
vn -0.00000000 -0.00010000 -1.00000000
vn 0.00020000 -0.00000000 -1.00000000
vn 0.00010000 -0.00000000 -1.00000000
vn -0.00020000 0.00010000 -1.00000000
vn -0.00010000 -0.00000000 -1.00000000
vn -0.00010000 -0.00000000 -1.00000000
vn -0.00000000 0.00010000 -1.00000000
vn -0.00000000 -0.00010000 -1.00000000
vn 0.00020000 -0.00000000 -1.00000000
vn 0.00170000 0.00090000 -1.00000000
vn -0.00000000 -0.00010000 -1.00000000
vn -0.00010000 -0.00000000 -1.00000000
vn -0.10610000 0.99430000 -0.00510000
vn 0.00170000 0.00090000 -1.00000000
vn -0.23770000 0.97130000 -0.00320000
vn 0.83440000 0.55120000 -0.00280000
vn -0.00010000 0.00010000 -1.00000000
vn -0.00180000 -0.00190000 -1.00000000
vn -0.00000000 -0.00010000 -1.00000000
vn 0.00020000 0.00030000 -1.00000000
vn -0.00010000 0.00010000 -1.00000000
vn -0.00000000 -0.00010000 -1.00000000
vn -0.00000000 -0.00000000 -1.00000000
vn -0.00180000 -0.00190000 -1.00000000
vn -0.00010000 0.00010000 -1.00000000
vn 0.59870000 0.80100000 -0.00240000
vn -0.65300000 0.75730000 -0.00340000
vn -0.90080000 -0.43420000 0.00070000
vn -0.85390000 -0.52050000 0.00030000
vn -0.85580000 -0.19770000 -0.47800000
vn -0.03560000 -0.99940000 -0.00370000
vn 0.00320000 -0.06920000 0.99760000
vn 0.99770000 -0.06750000 0.00070000
vn 0.14150000 0.37580000 0.91580000
vn 0.98990000 -0.14170000 0.00160000
vn 0.82610000 -0.32530000 0.46010000
vn -0.93980000 -0.34160000 0.00080000
vn 0.97050000 -0.24110000 0.00220000
vn 0.57830000 0.16670000 -0.79860000
vn -0.96370000 -0.26720000 0.00150000
vn -0.46450000 0.19770000 -0.86320000
vn -0.13890000 -0.99030000 0.00110000
vn -0.98580000 -0.16780000 0.00250000
vn 0.93550000 -0.35320000 0.00230000
vn 0.89530000 -0.44550000 0.00250000
vn -0.23570000 -0.97180000 0.00080000
vn 0.83590000 -0.54890000 0.00120000
vn 0.77820000 -0.62810000 0.00030000
vn 0.56720000 -0.66520000 0.48560000
vn 0.72540000 -0.68830000 0.00190000
vn -0.33360000 -0.94270000 0.00050000
vn -0.43320000 -0.90130000 -0.00030000
vn 0.64980000 -0.76010000 0.00270000
vn 0.54420000 -0.83890000 0.00310000
vn -0.54120000 -0.84090000 0.00050000
vn 0.44100000 -0.89750000 0.00200000
vn 0.28770000 -0.90110000 0.32450000
vn -0.62850000 -0.77780000 0.00160000
vn 0.34720000 -0.93780000 0.00120000
vn 0.23450000 -0.97210000 0.00080000
vn -0.70890000 -0.70530000 0.00260000
vn -0.79310000 -0.60910000 0.00130000
vn -0.43050000 0.01780000 -0.90240000
vn 0.27390000 -0.52590000 0.80520000
vn 0.38930000 -0.55160000 0.73770000
vn 0.85270000 0.38100000 0.35740000
vn 0.28310000 -0.19640000 0.93870000
vn 0.71820000 -0.69380000 -0.05340000
vn 0.28730000 -0.54790000 0.78570000
vn 0.42120000 -0.60960000 0.67160000
vn 0.01910000 -0.13030000 0.99130000
vn -0.00120000 0.78250000 0.62260000
vn 0.00210000 -0.08850000 0.99610000
vn 0.26710000 -0.19440000 0.94390000
vn 0.82970000 0.44400000 0.33830000
vn 0.62110000 0.03470000 0.78290000
vn 0.23880000 -0.54670000 0.80250000
vn 0.54240000 -0.08080000 0.83620000
vn 0.49420000 0.51460000 -0.70070000
vn 0.06790000 -0.46380000 0.88330000
vn 0.50690000 -0.17620000 0.84380000
vn 0.33250000 -0.22480000 0.91590000
vn -0.46220000 0.25980000 0.84780000
vn 0.07100000 -0.46630000 0.88180000
vn 0.58440000 0.46430000 -0.66550000
vn 0.43220000 -0.71790000 0.54580000
vn 0.27870000 -0.26670000 0.92260000
vn 0.58440000 0.46430000 -0.66550000
vn 0.54460000 -0.16440000 0.82240000
vn 0.18920000 -0.57110000 0.79880000
vn 0.10270000 0.78050000 0.61670000
vn -0.05480000 0.98060000 -0.18820000
vn 0.35530000 -0.73810000 0.57350000
vn 0.03290000 0.03250000 0.99890000
vn 0.77600000 -0.08860000 0.62450000
vn 0.41190000 -0.27040000 0.87020000
vn 0.14140000 0.80650000 0.57410000
vn -0.46220000 0.25980000 0.84780000
vn 0.11780000 0.82480000 -0.55300000
vn 0.37480000 -0.82060000 0.43150000
vn 0.13420000 0.28720000 0.94840000
vn 0.32010000 -0.30440000 0.89720000
vn 0.09240000 0.07290000 0.99310000
vn 0.16030000 -0.35400000 0.92140000
vn 0.22660000 0.90690000 0.35530000
vn 0.24570000 -0.71610000 0.65330000
vn 0.97370000 0.03790000 0.22480000
vn 0.62840000 -0.25510000 0.73480000
vn 0.36250000 -0.85750000 0.36510000
vn 0.10750000 0.02350000 0.99390000
vn -0.00030000 -0.37460000 0.92720000
vn -0.00020000 -0.37460000 0.92720000
vn 0.00010000 -0.37460000 0.92720000
vn 0.27210000 -0.82100000 0.50180000
vn 0.88660000 -0.09300000 0.45310000
vn 0.18620000 0.22000000 0.95760000
vn -0.17350000 0.06790000 0.98250000
vn 0.99980000 0.02200000 0.00200000
vn 0.65300000 -0.30270000 0.69420000
vn 0.27220000 0.44680000 0.85220000
vn 0.13390000 -0.00810000 0.99100000
vn 0.46470000 -0.35560000 0.81100000
vn -0.17020000 0.05870000 0.98370000
vn 0.11110000 -0.12210000 0.98630000
vn 0.17600000 -0.74670000 0.64140000
vn 0.39120000 0.83390000 0.38940000
vn 0.99630000 -0.08650000 0.00040000
vn 0.11520000 -0.13250000 0.98450000
vn 0.09880000 -0.68420000 0.72260000
vn 0.53800000 -0.38230000 0.75130000
vn 0.09270000 -0.67990000 0.72740000
vn 0.42470000 0.67280000 0.60580000
vn 0.08650000 -0.20750000 0.97440000
vn 0.09000000 -0.73310000 0.67420000
vn 0.21240000 0.65620000 -0.72400000
vn 0.16210000 -0.09420000 0.98230000
vn 0.60940000 -0.40430000 0.68210000
vn 0.28680000 -0.40280000 0.86920000
vn 0.50540000 0.55830000 0.65790000
vn 0.24510000 -0.01150000 0.96940000
vn 0.42940000 0.46500000 0.77420000
vn 0.52910000 -0.43620000 0.72790000
vn 0.09660000 -0.78150000 0.61630000
vn -0.05650000 0.97840000 -0.19910000
vn 0.21140000 -0.08990000 0.97320000
vn 0.85990000 -0.39080000 0.32840000
vn 0.04640000 -0.71870000 0.69380000
vn 0.24570000 -0.05490000 0.96780000
vn 0.52500000 -0.44630000 0.72470000
vn 0.44210000 -0.45650000 0.77210000
vn -0.05650000 0.97840000 -0.19910000
vn -0.00470000 -0.63840000 0.76970000
vn -0.00930000 -0.59800000 0.80150000
vn 0.58410000 -0.49720000 0.64160000
vn 0.24760000 -0.05280000 0.96740000
vn -0.05650000 0.97840000 -0.19910000
vn 0.66290000 -0.50610000 0.55170000
vn 0.71030000 0.49130000 0.50400000
vn 0.47480000 0.13070000 0.87030000
vn 0.66430000 0.61060000 0.43110000
vn 0.93180000 -0.36280000 -0.01030000
vn 0.17770000 0.28160000 -0.94290000
vn 0.42120000 -0.52490000 0.73960000
vn 0.79980000 0.56450000 0.20440000
vn 0.31140000 -0.08740000 0.94620000
vn 0.43480000 -0.54060000 0.72020000
vn 0.51420000 -0.59010000 0.62240000
vn 0.36620000 -0.08150000 0.92700000
vn 0.17770000 0.28160000 -0.94290000
vn 0.27880000 -0.16980000 0.94520000
vn -0.39860000 -0.05820000 0.91530000
vn -0.37650000 0.57480000 -0.72650000
vn -0.50510000 -0.56240000 0.65470000
vn -0.58170000 -0.58410000 0.56610000
vn -0.11040000 -0.27240000 0.95580000
vn -0.45750000 0.09780000 0.88380000
vn -0.85580000 -0.19770000 -0.47800000
vn -0.33280000 -0.47830000 0.81270000
vn -0.66600000 0.48920000 0.56310000
vn -0.48780000 0.14070000 0.86150000
vn -0.38600000 -0.48320000 0.78580000
vn -0.11040000 -0.27240000 0.95580000
vn -0.85580000 -0.19770000 -0.47800000
vn -0.24130000 0.60890000 -0.75570000
vn -0.46450000 0.19770000 -0.86320000
vn -0.27040000 -0.07470000 0.95990000
vn -0.44370000 -0.45520000 0.77200000
vn -0.49560000 -0.44470000 0.74600000
vn -0.46070000 0.26220000 0.84790000
vn -0.46450000 0.19770000 -0.86320000
vn -0.66270000 0.65780000 0.35790000
vn -0.01660000 -0.60350000 0.79720000
vn -0.47900000 0.57160000 0.66620000
vn -0.19610000 -0.09220000 0.97620000
vn -0.73170000 -0.37730000 0.56770000
vn -0.47900000 0.57160000 0.66620000
vn -0.07530000 -0.85730000 0.50940000
vn -0.37750000 -0.39430000 0.83790000
vn -0.57100000 0.59880000 0.56160000
vn -0.07590000 -0.67380000 0.73500000
vn -0.25860000 0.05970000 0.96410000
vn -0.92500000 0.00460000 -0.37990000
vn -0.50880000 0.74350000 0.43410000
vn 0.14150000 0.37580000 0.91580000
vn -0.48820000 0.75260000 0.44200000
vn -0.55410000 -0.34500000 0.75750000
vn -0.71150000 -0.31100000 0.63010000
vn 0.10660000 -0.03740000 0.99360000
vn -0.09310000 -0.71790000 0.68990000
vn -0.31410000 0.31800000 0.89450000
vn -0.94320000 -0.14250000 0.30000000
vn -0.27930000 -0.36230000 0.88920000
vn -0.10340000 -0.66930000 0.73580000
vn -0.46170000 -0.35710000 0.81200000
vn -0.10720000 -0.67030000 0.73430000
vn -0.46210000 0.76330000 0.45150000
vn -0.32890000 0.72040000 0.61060000
vn -0.36800000 -0.33420000 0.86770000
vn -0.09670000 -0.15710000 0.98280000
vn -0.17790000 -0.76940000 0.61360000
vn -0.26520000 0.48110000 0.83560000
vn -0.17830000 0.82030000 -0.54350000
vn -0.17260000 -0.70750000 0.68530000
vn -0.24630000 -0.78000000 0.57530000
vn -0.94220000 -0.06940000 0.32780000
vn -0.34880000 -0.33590000 0.87490000
vn -0.24500000 -0.77450000 0.58330000
vn -0.39080000 -0.29070000 0.87340000
vn -0.11270000 0.03450000 0.99300000
vn -0.24990000 0.86570000 0.43370000
vn -0.21910000 0.87260000 0.43660000
vn -0.07670000 0.01130000 0.99700000
vn -0.21260000 -0.68710000 0.69480000
vn -0.17830000 0.82030000 -0.54350000
vn -0.33730000 -0.77800000 0.53010000
vn -0.05970000 -0.07340000 0.99550000
vn -0.50400000 -0.24670000 0.82770000
vn -0.00820000 0.36530000 -0.93080000
vn -0.17730000 0.84340000 0.50710000
vn -0.60780000 -0.15510000 0.77880000
vn -0.96190000 0.22240000 0.15930000
vn -0.26050000 -0.69060000 0.67470000
vn -0.55830000 -0.17310000 0.81140000
vn -0.05480000 0.98060000 -0.18820000
vn -0.05480000 0.98060000 -0.18820000
vn -0.21590000 -0.61610000 0.75750000
vn -0.08600000 0.23480000 0.96820000
vn -0.31870000 -0.68020000 0.66010000
vn -0.96190000 0.22240000 0.15930000
vn -0.28880000 -0.64620000 0.70640000
vn -0.46550000 -0.16860000 0.86880000
vn -0.00780000 -0.23610000 0.97170000
vn 0.17590000 -0.20170000 0.96350000
vn -0.69280000 0.51040000 -0.50950000
vn -0.69280000 0.51040000 -0.50950000
vn -0.29480000 -0.59550000 0.74730000
vn -0.40640000 -0.16570000 0.89860000
vn 0.17590000 -0.20170000 0.96350000
vn -0.89230000 0.45150000 0.00220000
vn -0.52610000 -0.05630000 0.84860000
vn -0.43050000 0.01780000 -0.90240000
vn -0.38130000 -0.64480000 0.66250000
vn -0.43050000 0.01780000 -0.90240000
vn -0.30100000 -0.55540000 0.77520000
vn -0.38020000 -0.08460000 0.92100000
vn -0.23070000 -0.25070000 0.94020000
vn -0.24000000 -0.21150000 0.94750000
vn -0.44140000 -0.60050000 0.66670000
vn -0.37650000 0.57480000 -0.72650000
vn -0.24420000 -0.20720000 0.94730000
vn 0.00010000 -0.37460000 0.92720000
vn 0.00020000 -0.37460000 0.92720000
vn -0.00040000 -0.37450000 0.92720000
vn -0.00040000 -0.37450000 0.92720000
vn 0.00010000 -0.37460000 0.92720000
vn -0.00030000 -0.37460000 0.92720000
vn 0.00010000 -0.37460000 0.92720000
vn 0.00020000 -0.37460000 0.92720000
vn -0.00010000 -0.37460000 0.92720000
vn -0.00000000 -0.37470000 0.92710000
vn -0.00000000 -0.37470000 0.92720000
vn -0.00000000 -0.37450000 0.92720000
vn -0.00000000 -0.37470000 0.92720000
vn -0.00000000 -0.37450000 0.92720000
vn -0.00000000 -0.37470000 0.92710000
vn -0.00000000 -0.37470000 0.92720000
vn -0.00010000 -0.37430000 0.92730000
vn 0.00030000 -0.37430000 0.92730000
vn 0.00030000 -0.37440000 0.92730000
vn 0.00040000 -0.37440000 0.92730000
vn 0.00080000 -0.37400000 0.92740000
vn 0.00080000 -0.37400000 0.92740000
vn 0.00030000 -0.37430000 0.92730000
vn -0.00020000 -0.37470000 0.92710000
vn 0.00100000 -0.37400000 0.92740000
vn 0.00030000 -0.37430000 0.92730000
vn -0.00020000 -0.37470000 0.92710000
vn 0.00150000 -0.37290000 0.92790000
vn 0.00040000 -0.37440000 0.92730000
vn 0.00150000 -0.37290000 0.92790000
vn 0.00060000 -0.37380000 0.92750000
vn 0.00030000 -0.37440000 0.92730000
vn 0.00040000 -0.37440000 0.92730000
vn 0.00040000 -0.37460000 0.92720000
vn 0.00020000 -0.37460000 0.92720000
vn 0.00020000 -0.37460000 0.92720000
vn 0.00030000 -0.37460000 0.92720000
vn 0.00040000 -0.37460000 0.92720000
vn 0.00040000 -0.37460000 0.92720000
vn 0.00020000 -0.37460000 0.92720000
vn -0.00000000 -0.37460000 0.92720000
vn 0.00070000 -0.37550000 0.92680000
vn 0.00110000 -0.37610000 0.92660000
vn -0.00000000 -0.37480000 0.92710000
vn -0.00000000 -0.37480000 0.92710000
vn 0.00110000 -0.37610000 0.92660000
vn -0.00070000 -0.37370000 0.92750000
vn 0.00130000 -0.37610000 0.92660000
vn 0.00110000 -0.37610000 0.92660000
vn 0.00070000 -0.37550000 0.92680000
vn 0.00020000 -0.37460000 0.92720000
vn -0.00010000 -0.37460000 0.92720000
vn 0.00060000 -0.37380000 0.92750000
vn 0.00150000 -0.37290000 0.92790000
vn -0.00010000 -0.37460000 0.92720000
vn -0.00000000 -0.37470000 0.92720000
vn 0.00100000 -0.37400000 0.92740000
vn 0.00070000 -0.37420000 0.92730000
vn -0.00020000 -0.37470000 0.92710000
vn 0.00010000 -0.37460000 0.92720000
vn 0.00070000 -0.37550000 0.92680000
vn 0.00130000 -0.37610000 0.92660000
vn -0.00000000 -0.37460000 0.92720000
vn -0.00010000 -0.37460000 0.92720000
vn 0.00020000 -0.37460000 0.92720000
vn -0.00010000 -0.37460000 0.92720000
vn 0.00070000 -0.37420000 0.92730000
vn 0.00100000 -0.37400000 0.92740000
vn -0.00000000 -0.37470000 0.92710000
vn -0.00000000 -0.37420000 0.92740000
vn -0.00010000 -0.37430000 0.92730000
vn 0.00060000 -0.37380000 0.92750000
vn -0.00030000 -0.37490000 0.92710000
vn -0.00070000 -0.37500000 0.92700000
vn 0.00070000 -0.37420000 0.92730000
vn -0.00010000 -0.37460000 0.92720000
vn -0.00030000 -0.37510000 0.92700000
vn -0.00030000 -0.37490000 0.92710000
vn 0.00060000 -0.37380000 0.92750000
vn -0.00010000 -0.37430000 0.92730000
vn -0.00000000 -0.37420000 0.92740000
vn 0.00010000 -0.37460000 0.92720000
vn 0.00010000 -0.37460000 0.92720000
vn 0.00130000 -0.37610000 0.92660000
vn -0.00080000 -0.37370000 0.92750000
vn -0.00000000 -0.37460000 0.92720000
vn -0.00010000 -0.37460000 0.92720000
vn -0.00020000 -0.37470000 0.92720000
vn 0.00100000 -0.37310000 0.92780000
vn -0.00030000 -0.37490000 0.92710000
vn -0.00030000 -0.37510000 0.92700000
vn -0.00070000 -0.37500000 0.92700000
vn -0.00080000 -0.37510000 0.92700000
vn -0.00010000 -0.37460000 0.92720000
vn -0.00070000 -0.37500000 0.92700000
vn -0.00080000 -0.37510000 0.92700000
vn 0.00100000 -0.37310000 0.92780000
vn -0.00030000 -0.37510000 0.92700000
vn -0.00010000 -0.37460000 0.92720000
vn -0.00020000 -0.37470000 0.92720000
vn -0.00010000 -0.37450000 0.92720000
vn -0.00000000 -0.37470000 0.92720000
vn -0.00010000 -0.37460000 0.92720000
vn -0.00000000 -0.37420000 0.92740000
vn -0.00010000 -0.37480000 0.92710000
vn 0.00010000 -0.37460000 0.92720000
vn -0.00000000 -0.37470000 0.92720000
vn -0.00010000 -0.37450000 0.92720000
vn 0.00100000 -0.37310000 0.92780000
vn 0.00110000 -0.37260000 0.92800000
vn -0.00090000 -0.37510000 0.92700000
vn -0.00080000 -0.37510000 0.92700000
vn -0.00020000 -0.37370000 0.92760000
vn 0.00010000 -0.37460000 0.92720000
vn -0.00010000 -0.37480000 0.92710000
vn 0.00060000 -0.37430000 0.92730000
vn -0.00080000 -0.37510000 0.92700000
vn -0.00090000 -0.37510000 0.92700000
vn -0.00020000 -0.37470000 0.92720000
vn -0.00000000 -0.37460000 0.92720000
vn -0.00080000 -0.37370000 0.92750000
vn -0.00030000 -0.37440000 0.92730000
vn 0.00010000 -0.37460000 0.92720000
vn 0.00120000 -0.37250000 0.92800000
vn 0.00020000 -0.37410000 0.92740000
vn 0.00030000 -0.37480000 0.92710000
vn -0.00030000 -0.37440000 0.92730000
vn -0.00080000 -0.37370000 0.92750000
vn 0.00030000 -0.37450000 0.92720000
vn -0.00020000 -0.37470000 0.92720000
vn -0.00000000 -0.37460000 0.92720000
vn -0.00090000 -0.37510000 0.92700000
vn 0.00070000 -0.37430000 0.92730000
vn 0.00060000 -0.37430000 0.92730000
vn -0.00010000 -0.37480000 0.92710000
vn 0.00040000 -0.37310000 0.92780000
vn -0.00020000 -0.37370000 0.92760000
vn -0.00040000 -0.37480000 0.92710000
vn 0.00070000 -0.37430000 0.92730000
vn 0.00060000 -0.37430000 0.92730000
vn -0.00010000 -0.37450000 0.92720000
vn -0.00000000 -0.37460000 0.92720000
vn 0.00020000 -0.37420000 0.92730000
vn 0.00020000 -0.37420000 0.92740000
vn 0.00020000 -0.37410000 0.92740000
vn -0.02960000 -0.59780000 0.80110000
vn -0.00000000 -0.37460000 0.92720000
vn -0.00010000 -0.37450000 0.92720000
vn -0.00000000 -0.37470000 0.92720000
vn 0.00050000 -0.37440000 0.92720000
vn 0.00030000 -0.37450000 0.92720000
vn -0.00000000 -0.37460000 0.92720000
vn -0.00060000 -0.37580000 0.92670000
vn 0.00020000 -0.37410000 0.92740000
vn 0.00020000 -0.37420000 0.92730000
vn 0.00030000 -0.37450000 0.92720000
vn -0.00040000 -0.37470000 0.92710000
vn -0.00040000 -0.37480000 0.92710000
vn 0.00070000 -0.37430000 0.92730000
vn 0.00030000 -0.37450000 0.92720000
vn 0.00050000 -0.37440000 0.92720000
vn -0.00040000 -0.37470000 0.92710000
vn -0.00040000 -0.37480000 0.92710000
vn 0.00020000 -0.37420000 0.92730000
vn -0.00060000 -0.37580000 0.92670000
vn -0.00080000 -0.37640000 0.92650000
vn 0.00010000 -0.37470000 0.92710000
vn -0.00030000 -0.37440000 0.92730000
vn 0.00030000 -0.37480000 0.92710000
vn 0.00040000 -0.37470000 0.92720000
vn -0.00010000 -0.37480000 0.92710000
vn 0.00040000 -0.37310000 0.92780000
vn 0.00010000 -0.37450000 0.92720000
vn -0.00010000 -0.37480000 0.92710000
vn 0.00040000 -0.37470000 0.92720000
vn 0.00030000 -0.37480000 0.92710000
vn -0.00040000 -0.37430000 0.92730000
vn 0.00010000 -0.37470000 0.92710000
vn -0.00000000 -0.37470000 0.92710000
vn -0.00000000 -0.37470000 0.92720000
vn -0.00000000 -0.37460000 0.92720000
vn -0.00100000 -0.37750000 0.92600000
vn -0.00080000 -0.37640000 0.92650000
vn -0.00060000 -0.37580000 0.92670000
vn -0.00000000 -0.37470000 0.92720000
vn 0.00030000 -0.37480000 0.92710000
vn -0.00000000 -0.37470000 0.92710000
vn -0.00010000 -0.37480000 0.92710000
vn 0.00010000 -0.37450000 0.92720000
vn 0.00030000 -0.37450000 0.92720000
vn -0.00040000 -0.37470000 0.92710000
vn -0.00040000 -0.37470000 0.92710000
vn 0.00030000 -0.37450000 0.92720000
vn 0.00010000 -0.37460000 0.92720000
vn 0.00050000 -0.37440000 0.92720000
vn 0.00030000 -0.37450000 0.92720000
vn -0.00040000 -0.37430000 0.92730000
vn 0.00010000 -0.37470000 0.92710000
vn 0.00010000 -0.37460000 0.92720000
vn 0.00030000 -0.37450000 0.92720000
vn -0.00020000 -0.37470000 0.92720000
vn -0.00070000 -0.37700000 0.92620000
vn -0.00100000 -0.37750000 0.92600000
vn -0.00070000 -0.37700000 0.92620000
vn -0.00160000 -0.37970000 0.92510000
vn -0.00100000 -0.37750000 0.92600000
vn -0.00080000 -0.37640000 0.92650000
vn 0.00010000 -0.37450000 0.92720000
vn -0.00000000 -0.37460000 0.92720000
vn 0.00010000 -0.37470000 0.92720000
vn -0.00040000 -0.37430000 0.92730000
vn -0.00000000 -0.37470000 0.92710000
vn 0.00020000 -0.37470000 0.92720000
vn 0.00030000 -0.37480000 0.92710000
vn -0.00040000 -0.37470000 0.92710000
vn 0.00100000 -0.37440000 0.92730000
vn 0.00030000 -0.37450000 0.92720000
vn -0.00040000 -0.37470000 0.92710000
vn 0.00030000 -0.37480000 0.92710000
vn -0.00020000 -0.37450000 0.92720000
vn 0.00020000 -0.37470000 0.92720000
vn 0.00010000 -0.37450000 0.92720000
vn -0.00000000 -0.37460000 0.92720000
vn -0.00020000 -0.37460000 0.92720000
vn 0.00010000 -0.37460000 0.92720000
vn -0.00020000 -0.37470000 0.92720000
vn -0.00020000 -0.37460000 0.92720000
vn -0.00020000 -0.37470000 0.92720000
vn 0.00010000 -0.37460000 0.92720000
vn -0.00160000 -0.37970000 0.92510000
vn -0.00150000 -0.37960000 0.92520000
vn -0.00070000 -0.37700000 0.92620000
vn -0.00000000 -0.37460000 0.92720000
vn 0.00010000 -0.37440000 0.92720000
vn -0.00040000 -0.37630000 0.92650000
vn -0.00160000 -0.37970000 0.92510000
vn -0.00000000 -0.37460000 0.92720000
vn 0.00010000 -0.37460000 0.92720000
vn 0.00010000 -0.37440000 0.92720000
vn -0.00040000 -0.37470000 0.92710000
vn 0.00100000 -0.37440000 0.92730000
vn -0.00040000 -0.37430000 0.92730000
vn 0.00010000 -0.37470000 0.92710000
vn 0.00010000 -0.37470000 0.92720000
vn 0.00010000 -0.37470000 0.92720000
vn 0.00010000 -0.37470000 0.92710000
vn 0.00010000 -0.37460000 0.92720000
vn -0.00020000 -0.37460000 0.92720000
vn -0.00000000 -0.37460000 0.92720000
vn 0.00110000 -0.37440000 0.92730000
vn 0.00100000 -0.37440000 0.92730000
vn -0.00020000 -0.37440000 0.92730000
vn 0.00020000 -0.37470000 0.92720000
vn -0.00020000 -0.37450000 0.92720000
vn -0.00010000 -0.37470000 0.92720000
vn -0.00000000 -0.37460000 0.92720000
vn 0.00010000 -0.37460000 0.92720000
vn 0.00010000 -0.37460000 0.92720000
vn -0.00010000 -0.37480000 0.92710000
vn 0.00010000 -0.37440000 0.92720000
vn 0.00080000 -0.37180000 0.92830000
vn -0.00010000 -0.37490000 0.92710000
vn 0.00010000 -0.37460000 0.92720000
vn -0.00010000 -0.37480000 0.92710000
vn -0.00010000 -0.37470000 0.92720000
vn 0.00010000 -0.37470000 0.92710000
vn 0.00010000 -0.37470000 0.92720000
vn 0.00140000 -0.36860000 0.92960000
vn -0.00020000 -0.37440000 0.92730000
vn -0.00020000 -0.37450000 0.92720000
vn 0.00100000 -0.37440000 0.92730000
vn 0.00110000 -0.37440000 0.92730000
vn -0.00020000 -0.37460000 0.92720000
vn 0.00110000 -0.37440000 0.92730000
vn -0.00110000 -0.39040000 0.92060000
vn -0.00010000 -0.37470000 0.92720000
vn -0.00000000 -0.37460000 0.92720000
vn 0.00050000 -0.37440000 0.92730000
vn -0.00010000 -0.37470000 0.92720000
vn -0.00000000 -0.37460000 0.92720000
vn -0.00010000 -0.37480000 0.92710000
vn -0.00010000 -0.37490000 0.92710000
vn -0.00010000 -0.37490000 0.92710000
vn -0.00010000 -0.37470000 0.92720000
vn 0.00010000 -0.37470000 0.92720000
vn -0.00010000 -0.37470000 0.92720000
vn -0.00080000 -0.37410000 0.92740000
vn -0.00020000 -0.37440000 0.92730000
vn -0.00030000 -0.37440000 0.92730000
vn 0.00060000 -0.37430000 0.92730000
vn 0.00050000 -0.37440000 0.92730000
vn -0.00000000 -0.37460000 0.92720000
vn -0.00040000 -0.37460000 0.92720000
vn -0.00020000 -0.37460000 0.92720000
vn 0.00110000 -0.37440000 0.92730000
vn 0.00060000 -0.37430000 0.92730000
vn 0.00040000 -0.37430000 0.92730000
vn 0.00050000 -0.37440000 0.92730000
vn -0.00040000 -0.37460000 0.92720000
vn -0.00020000 -0.37460000 0.92720000
vn -0.00030000 -0.37460000 0.92720000
vn 0.00010000 -0.37450000 0.92720000
vn 0.00010000 -0.37460000 0.92720000
vn -0.00010000 -0.37470000 0.92720000
vn -0.00010000 -0.37490000 0.92710000
vn 0.00010000 -0.37460000 0.92720000
vn -0.00010000 -0.37470000 0.92720000
vn -0.00010000 -0.37470000 0.92720000
vn -0.00080000 -0.37410000 0.92740000
vn -0.00020000 -0.37440000 0.92730000
vn -0.00030000 -0.37440000 0.92730000
vn -0.01130000 -0.47710000 0.87880000
vn 0.00060000 -0.37430000 0.92730000
vn 0.00040000 -0.37440000 0.92720000
vn 0.00040000 -0.37430000 0.92730000
vn -0.00040000 -0.37460000 0.92720000
vn -0.00030000 -0.37460000 0.92720000
vn 0.00040000 -0.37440000 0.92720000
vn -0.00050000 -0.37490000 0.92710000
vn 0.00040000 -0.37430000 0.92730000
vn -0.00030000 -0.37460000 0.92720000
vn -0.00080000 -0.37410000 0.92740000
vn -0.00080000 -0.37420000 0.92740000
vn -0.00000000 -0.37460000 0.92720000
vn 0.00010000 -0.37450000 0.92720000
vn 0.00010000 -0.37450000 0.92720000
vn 0.00010000 -0.37460000 0.92720000
vn -0.00090000 -0.38940000 0.92110000
vn -0.00010000 -0.37460000 0.92720000
vn -0.00020000 -0.37440000 0.92730000
vn -0.00030000 -0.37440000 0.92730000
vn 0.00030000 -0.37430000 0.92730000
vn -0.00050000 -0.37490000 0.92710000
vn -0.00050000 -0.37500000 0.92700000
vn 0.00040000 -0.37440000 0.92720000
vn -0.00050000 -0.37490000 0.92710000
vn -0.00050000 -0.37500000 0.92700000
vn 0.00030000 -0.37430000 0.92730000
vn 0.00210000 -0.37510000 0.92700000
vn -0.00050000 -0.37500000 0.92700000
vn 0.00100000 -0.37510000 0.92700000
vn -0.00000000 -0.37640000 0.92650000
vn -0.00020000 -0.37460000 0.92720000
vn -0.00030000 -0.37460000 0.92720000
vn 0.00010000 -0.37460000 0.92720000
vn -0.00000000 -0.37460000 0.92720000
vn 0.00010000 -0.37450000 0.92720000
vn -0.00000000 -0.37460000 0.92720000
vn 0.00010000 -0.37460000 0.92720000
vn 0.00030000 -0.37430000 0.92730000
vn 0.00460000 -0.37450000 0.92720000
vn -0.16030000 -0.51490000 0.84210000
vn 0.00100000 -0.37330000 0.92770000
vn 0.00010000 -0.37460000 0.92720000
vn 0.00010000 -0.37460000 0.92720000
vn 0.01990000 -0.35110000 0.93610000
vn 0.00030000 -0.37440000 0.92730000
vn 0.00080000 -0.37400000 0.92740000
vn -0.00020000 -0.37440000 0.92730000
vn -0.00010000 -0.37460000 0.92720000
vn -0.00000000 -0.37460000 0.92720000
vn -0.00000000 -0.37460000 0.92720000
vn -0.00010000 -0.37460000 0.92720000
vn -0.00010000 -0.37440000 0.92720000
vn 0.00960000 -0.61000000 0.79230000
vn 0.00010000 -0.37460000 0.92720000
vn -0.00020000 -0.37460000 0.92720000
vn 0.00100000 -0.37510000 0.92700000
vn 0.00120000 -0.37510000 0.92700000
vn 0.00110000 -0.37510000 0.92700000
vn 0.00010000 -0.37460000 0.92720000
vn 0.00080000 -0.37470000 0.92710000
vn 0.01200000 -0.56790000 0.82300000
vn 0.00120000 -0.37510000 0.92700000
vn 0.00050000 -0.37480000 0.92710000
vn 0.00100000 -0.37510000 0.92700000
vn -0.00010000 -0.37450000 0.92720000
vn -0.00000000 -0.37460000 0.92720000
vn -0.00010000 -0.37440000 0.92720000
vn -0.00010000 -0.37450000 0.92720000
vn -0.00010000 -0.37440000 0.92720000
vn -0.00000000 -0.37470000 0.92720000
vn 0.00080000 -0.37470000 0.92710000
vn 0.00010000 -0.37460000 0.92720000
vn 0.00120000 -0.37510000 0.92700000
vn 0.00050000 -0.37480000 0.92710000
vn 0.00060000 -0.37480000 0.92710000
vn -0.00000000 -0.37460000 0.92720000
vn -0.00010000 -0.37450000 0.92720000
vn -0.00000000 -0.37470000 0.92720000
vn 0.00080000 -0.37470000 0.92710000
vn -0.00010000 -0.37450000 0.92720000
vn -0.00010000 -0.37450000 0.92720000
vn -0.00040000 -0.37460000 0.92720000
vn 0.00080000 -0.37470000 0.92710000
vn 0.00030000 -0.37470000 0.92710000
vn 0.00060000 -0.37480000 0.92710000
vn 0.00050000 -0.37480000 0.92710000
vn -0.00010000 -0.37450000 0.92720000
vn -0.00030000 -0.37460000 0.92720000
vn -0.00040000 -0.37460000 0.92720000
vn 0.00010000 -0.37470000 0.92710000
vn -0.00000000 -0.37460000 0.92720000
vn -0.00000000 -0.37470000 0.92720000
vn 0.00030000 -0.37470000 0.92710000
vn 0.00020000 -0.37470000 0.92720000
vn 0.00060000 -0.37480000 0.92710000
vn 0.00010000 -0.35050000 0.93660000
vn -0.00000000 -0.37460000 0.92720000
vn -0.00020000 -0.37430000 0.92730000
vn 0.00010000 -0.37470000 0.92710000
vn 0.00010000 -0.37470000 0.92710000
vn 0.00010000 -0.37350000 0.92760000
vn -0.00040000 -0.37460000 0.92720000
vn -0.00030000 -0.37460000 0.92720000
vn -0.00030000 -0.37460000 0.92720000
vn -0.00020000 -0.37460000 0.92720000
vn 0.00020000 -0.37470000 0.92720000
vn -0.00030000 -0.37450000 0.92720000
vn 0.00030000 -0.37470000 0.92710000
vn -0.00030000 -0.37360000 0.92760000
vn -0.00040000 -0.37360000 0.92760000
vn 0.00020000 -0.37470000 0.92720000
vn -0.00030000 -0.37450000 0.92720000
vn -0.00070000 -0.37450000 0.92720000
vn 0.00010000 -0.37470000 0.92710000
vn -0.00020000 -0.37420000 0.92740000
vn -0.00020000 -0.37430000 0.92730000
vn -0.00010000 -0.37430000 0.92730000
vn -0.00020000 -0.37420000 0.92740000
vn -0.00020000 -0.37430000 0.92730000
vn -0.00040000 -0.37360000 0.92760000
vn 0.00110000 -0.37750000 0.92600000
vn -0.00020000 -0.37460000 0.92720000
vn -0.00070000 -0.37450000 0.92720000
vn -0.00030000 -0.37450000 0.92720000
vn -0.00020000 -0.37460000 0.92720000
vn -0.00070000 -0.37450000 0.92720000
vn 0.00020000 -0.37460000 0.92720000
vn -0.00040000 -0.37360000 0.92760000
vn 0.00260000 -0.38040000 0.92480000
vn 0.00110000 -0.37750000 0.92600000
vn -0.00010000 -0.37450000 0.92720000
vn -0.00020000 -0.37460000 0.92720000
vn -0.00030000 -0.37460000 0.92720000
vn -0.00020000 -0.37420000 0.92740000
vn -0.00010000 -0.37430000 0.92730000
vn -0.00020000 -0.37460000 0.92720000
vn 0.00020000 -0.37460000 0.92720000
vn -0.00010000 -0.37450000 0.92720000
vn -0.00000000 -0.37460000 0.92720000
vn -0.00010000 -0.37430000 0.92730000
vn 0.00260000 -0.38040000 0.92480000
vn 0.00050000 -0.37570000 0.92680000
vn 0.00110000 -0.37750000 0.92600000
vn -0.00030000 -0.37450000 0.92720000
vn -0.00020000 -0.37460000 0.92720000
vn 0.00020000 -0.37460000 0.92720000
vn -0.00010000 -0.37430000 0.92730000
vn 0.00010000 -0.37460000 0.92720000
vn -0.00000000 -0.37460000 0.92720000
vn 0.00260000 -0.38040000 0.92480000
vn 0.00060000 -0.37570000 0.92670000
vn 0.00050000 -0.37570000 0.92680000
vn -0.00030000 -0.37450000 0.92720000
vn -0.00040000 -0.37450000 0.92720000
vn 0.00020000 -0.37460000 0.92720000
vn 0.00020000 -0.37460000 0.92720000
vn 0.00010000 -0.37470000 0.92720000
vn 0.00010000 -0.37470000 0.92720000
vn 0.00020000 -0.37460000 0.92720000
vn 0.00020000 -0.37470000 0.92720000
vn -0.00010000 -0.37450000 0.92720000
vn 0.00010000 -0.37460000 0.92720000
vn -0.00010000 -0.37440000 0.92730000
vn -0.00000000 -0.37460000 0.92720000
vn -0.00030000 -0.37450000 0.92720000
vn -0.00040000 -0.37450000 0.92720000
vn 0.00020000 -0.37470000 0.92720000
vn -0.00000000 -0.37440000 0.92730000
vn -0.00010000 -0.37440000 0.92730000
vn 0.00010000 -0.37460000 0.92720000
vn 0.00010000 -0.37480000 0.92710000
vn 0.00060000 -0.37570000 0.92670000
vn 0.00050000 -0.37570000 0.92680000
vn 0.00010000 -0.37470000 0.92720000
vn -0.00040000 -0.37450000 0.92720000
vn 0.00020000 -0.37470000 0.92720000
vn 0.00020000 -0.37510000 0.92700000
vn 0.00010000 -0.37480000 0.92710000
vn 0.00060000 -0.37570000 0.92670000
vn -0.00000000 -0.37440000 0.92730000
vn -0.00010000 -0.37440000 0.92730000
vn -0.00010000 -0.37430000 0.92730000
vn 0.00020000 -0.37470000 0.92720000
vn 0.00010000 -0.37470000 0.92720000
vn 0.00020000 -0.37470000 0.92720000
vn -0.00030000 -0.37460000 0.92720000
vn -0.00050000 -0.37460000 0.92720000
vn 0.00020000 -0.37470000 0.92720000
vn 0.00010000 -0.37470000 0.92720000
vn -0.00000000 -0.37440000 0.92730000
vn -0.00010000 -0.37430000 0.92730000
vn 0.00010000 -0.37470000 0.92720000
vn -0.00050000 -0.37460000 0.92720000
vn -0.00040000 -0.37450000 0.92720000
vn 0.00020000 -0.37510000 0.92700000
vn -0.00000000 -0.37450000 0.92720000
vn 0.00010000 -0.37480000 0.92710000
vn -0.00010000 -0.37430000 0.92730000
vn -0.00000000 -0.37470000 0.92710000
vn -0.00070000 -0.37370000 0.92750000
vn -0.00000000 -0.37450000 0.92720000
vn 0.00020000 -0.37510000 0.92700000
vn -0.00030000 -0.37460000 0.92720000
vn 0.00020000 -0.37470000 0.92720000
vn -0.00040000 -0.37450000 0.92720000
vn -0.00040000 -0.37450000 0.92720000
vn -0.00050000 -0.37460000 0.92720000
vn 0.00030000 -0.37460000 0.92720000
vn -0.00010000 -0.37430000 0.92730000
vn 0.00010000 -0.37470000 0.92720000
vn -0.00000000 -0.37470000 0.92710000
vn -0.00000000 -0.37470000 0.92710000
vn -0.00000000 -0.37450000 0.92720000
vn 0.00010000 -0.37470000 0.92720000
vn 0.00030000 -0.37460000 0.92720000
vn -0.00040000 -0.37450000 0.92720000
vn -0.00000000 -0.37480000 0.92710000
vn -0.00000000 -0.37450000 0.92720000
vn -0.00070000 -0.37370000 0.92750000
vn 0.00030000 -0.37460000 0.92720000
vn 0.00020000 -0.37460000 0.92720000
vn 0.00010000 -0.37470000 0.92720000
vn -0.00000000 -0.37450000 0.92720000
vn -0.87560000 0.40350000 0.26540000
vn -0.83540000 0.45380000 0.31020000
vn 0.00050000 1.00000000 0.00130000
vn -0.12370000 0.02590000 0.99200000
vn 0.11150000 0.66120000 0.74190000
vn 0.00060000 0.53720000 0.84350000
vn -0.00030000 1.00000000 -0.00100000
vn -0.83470000 0.35100000 0.42440000
vn -0.85830000 0.32580000 0.39640000
vn -0.15140000 0.80890000 0.56810000
vn -0.35470000 -0.02090000 0.93470000
vn -0.41610000 -0.01700000 0.90910000
vn 0.55560000 -0.02710000 0.83100000
vn -0.77420000 0.22080000 0.59320000
vn -0.67290000 0.04360000 0.73840000
vn -0.73180000 0.04710000 0.67990000
vn -0.30050000 -0.02460000 0.95350000
vn 0.09640000 0.30120000 0.94870000
vn -0.81780000 0.20190000 0.53900000
vn 0.52560000 0.05810000 0.84880000
vn 0.16200000 -0.01380000 0.98670000
vn 0.25460000 -0.02730000 0.96670000
vn -0.18560000 0.88720000 0.42240000
vn 0.19450000 0.17450000 0.96530000
vn -0.90120000 0.34980000 0.25590000
vn 0.32300000 0.14240000 0.93560000
vn -0.54990000 0.06090000 0.83300000
vn -0.52140000 -0.02800000 0.85290000
vn -0.60910000 0.07160000 0.78990000
vn -0.89040000 0.28860000 0.35210000
vn -0.23660000 0.03060000 0.97110000
vn 0.36250000 0.10510000 0.92600000
vn 0.37860000 -0.02130000 0.92530000
vn -0.00140000 1.00000000 -0.00610000
vn -0.77720000 0.04890000 0.62730000
vn -0.25640000 0.84080000 0.47670000
vn -0.86210000 0.18040000 0.47360000
vn -0.40840000 -0.03100000 0.91230000
vn -0.47000000 -0.01450000 0.88250000
vn 0.00240000 1.00000000 0.00590000
vn -0.07610000 0.30130000 0.95050000
vn -0.66710000 -0.22660000 0.70970000
vn 0.44360000 -0.02820000 0.89580000
vn -0.91650000 0.28210000 0.28370000
vn -0.14090000 0.67720000 0.72210000
vn -0.61270000 -0.02010000 0.79000000
vn 0.99950000 0.02340000 0.02000000
vn 0.26510000 -0.00620000 0.96420000
vn 0.15830000 0.00130000 0.98740000
vn -0.93770000 0.27440000 0.21310000
vn 1.00000000 -0.00020000 0.00650000
vn -0.46820000 -0.03130000 0.88310000
vn 0.60930000 -0.02800000 0.79240000
vn -0.17660000 0.65270000 0.73680000
vn 0.99440000 0.09670000 0.04160000
vn -0.25180000 0.77220000 0.58340000
vn -0.82890000 0.04600000 0.55740000
vn -0.66580000 0.12240000 0.73600000
vn 0.98620000 0.14910000 0.07140000
vn 0.99880000 0.02480000 0.04270000
vn -0.06880000 0.20600000 0.97610000
vn -0.95170000 0.28350000 0.11760000
vn 0.50160000 -0.02960000 0.86460000
vn 0.99520000 0.06430000 0.07440000
vn -0.93310000 0.17860000 0.31220000
vn -0.90540000 0.14540000 0.39890000
vn 0.03090000 0.18450000 0.98230000
vn 0.99860000 0.00810000 0.05200000
vn -0.57630000 -0.02550000 0.81680000
vn -0.32820000 0.75950000 0.56170000
vn 0.99980000 0.00050000 -0.02180000
vn 0.98700000 0.11330000 0.11420000
vn 0.97290000 0.20440000 0.10830000
vn 0.99320000 0.02620000 0.11380000
vn 0.98620000 0.08190000 0.14420000
vn 0.33720000 -0.01800000 0.94130000
vn 0.61940000 -0.02230000 0.78480000
vn 0.00100000 1.00000000 -0.00180000
vn 0.97390000 0.16240000 0.15850000
vn -0.39250000 0.78540000 0.47860000
vn 0.78440000 -0.12100000 0.60840000
vn 0.98450000 0.04810000 0.16870000
vn 0.54680000 -0.02200000 0.83700000
vn -0.03480000 0.16050000 0.98640000
vn -0.95940000 0.23720000 0.15230000
vn 0.99120000 0.00010000 0.13260000
vn 0.95720000 0.22300000 0.18430000
vn 0.97810000 0.00940000 0.20780000
vn -0.71010000 -0.01940000 0.70380000
vn 0.97280000 0.11710000 0.19990000
vn 0.50060000 -0.03130000 0.86510000
vn 0.99830000 -0.00070000 0.05830000
vn 0.96680000 0.04510000 0.25160000
vn 0.95630000 0.10750000 0.27190000
vn 0.58180000 -0.03690000 0.81250000
vn 0.97930000 -0.00060000 0.20240000
vn 0.12790000 -0.00360000 0.99180000
vn -0.95920000 0.19790000 0.20200000
vn 0.93690000 0.27560000 0.21530000
vn -0.25030000 0.47990000 0.84080000
vn 0.90880000 0.36590000 0.20070000
vn -0.87420000 0.02680000 0.48490000
vn 0.95160000 0.13840000 0.27440000
vn 0.93500000 0.18500000 0.30270000
vn 0.88240000 0.40650000 0.23690000
vn 0.91310000 0.30760000 0.26750000
vn 0.93820000 0.04840000 0.34280000
vn 0.94470000 -0.00180000 0.32790000
vn 0.39090000 -0.03590000 0.91970000
vn 0.26610000 -0.01630000 0.96380000
vn -0.00000000 1.00000000 -0.00000000
vn 0.91770000 0.06910000 0.39130000
vn -0.95680000 0.13260000 0.25870000
vn 0.90990000 0.21260000 0.35620000
vn -0.91420000 0.05780000 0.40100000
vn 0.89020000 0.29370000 0.34820000
vn -0.45400000 0.74570000 0.48770000
vn 0.00530000 0.99980000 -0.01770000
vn -0.40890000 0.67320000 0.61610000
vn 0.08680000 0.01570000 0.99610000
vn 0.86700000 0.41870000 0.27030000
vn -0.20330000 0.20350000 0.95770000
vn -0.97400000 0.20910000 0.08690000
vn -0.17110000 -0.01430000 0.98520000
vn 0.00380000 0.99770000 0.06820000
vn 0.88580000 0.07160000 0.45860000
vn 0.87680000 0.17010000 0.44970000
vn 0.83420000 0.45770000 0.30770000
vn 0.30470000 -0.04120000 0.95150000
vn 0.85030000 0.33350000 0.40700000
vn -0.98710000 0.14060000 0.07590000
vn 0.84490000 0.04000000 0.53350000
vn -0.31610000 0.41040000 0.85540000
vn -0.97540000 0.18090000 0.12630000
vn 0.00030000 1.00000000 0.00020000
vn 0.83360000 0.19110000 0.51830000
vn -0.18210000 0.48810000 -0.85360000
vn 0.80600000 0.48930000 0.33310000
vn 0.19460000 -0.00750000 0.98090000
vn -0.78250000 -0.01080000 0.62250000
vn -0.94700000 0.05440000 0.31650000
vn -0.38830000 0.37780000 0.84050000
vn 0.63540000 -0.32350000 0.70110000
vn -0.51920000 -0.02960000 0.85410000
vn 0.98330000 0.00130000 0.18190000
vn 0.80240000 0.39230000 0.44980000
vn 0.33530000 -0.03690000 0.94140000
vn 0.76220000 0.52110000 0.38400000
vn 0.38770000 -0.03000000 0.92130000
vn 0.00050000 1.00000000 0.00050000
vn 0.79480000 0.04880000 0.60480000
vn 0.89740000 -0.00510000 0.44110000
vn -0.12450000 -0.02310000 0.99200000
vn 0.75930000 0.36910000 0.53590000
vn -0.47290000 -0.02870000 0.88070000
vn 0.33420000 -0.02820000 0.94210000
vn -0.45290000 0.46210000 0.76250000
vn -0.98790000 0.11980000 0.09900000
vn 0.77870000 0.23080000 0.58330000
vn -0.04340000 0.04360000 0.99810000
vn 0.12320000 -0.00680000 0.99240000
vn 0.00180000 1.00000000 0.00580000
vn 0.86720000 -0.00640000 0.49780000
vn 0.22970000 -0.41990000 0.87800000
vn 0.71870000 0.48110000 0.50210000
vn -0.98150000 0.09590000 0.16590000
vn 0.71310000 0.11810000 0.69100000
vn 0.73750000 0.05440000 0.67310000
vn -0.52300000 0.57660000 0.62760000
vn 0.66360000 0.60830000 0.43540000
vn 0.92540000 -0.00400000 0.37900000
vn -0.00040000 1.00000000 -0.00060000
vn -0.99570000 0.07610000 0.05190000
vn 0.69120000 0.27170000 0.66960000
vn -0.91440000 -0.00000000 0.40480000
vn 0.66260000 0.43500000 0.60960000
vn 0.12810000 -0.01050000 0.99170000
vn 0.54340000 0.74690000 0.38320000
vn 0.61610000 0.56320000 0.55070000
vn -0.26870000 0.10340000 0.95770000
vn 0.79400000 -0.01690000 0.60770000
vn -0.62140000 -0.02450000 0.78310000
vn 0.32920000 -0.02910000 0.94380000
vn -0.00100000 1.00000000 -0.00250000
vn -0.00090000 1.00000000 -0.00200000
vn -0.58490000 0.61340000 0.53080000
vn 0.75110000 0.14300000 0.64450000
vn -0.99710000 0.07610000 0.00880000
vn 0.63630000 0.06560000 0.76870000
vn 0.55790000 0.65760000 0.50620000
vn -0.36300000 0.60820000 0.70590000
vn -0.94190000 -0.00240000 0.33590000
vn 0.60900000 0.15040000 0.77880000
vn -0.07080000 0.58440000 -0.80840000
vn -0.62710000 0.67310000 0.39190000
vn 0.25190000 -0.02130000 0.96750000
vn 0.00110000 1.00000000 0.00160000
vn -0.00070000 1.00000000 0.00130000
vn -0.96840000 0.03520000 0.24670000
vn 0.49290000 0.67830000 0.54500000
vn -0.57650000 0.42660000 0.69690000
vn -0.75920000 -0.01380000 0.65080000
vn -0.32500000 0.09690000 0.94070000
vn 0.59370000 0.30340000 0.74530000
vn -0.50450000 0.34780000 0.79020000
vn 0.71900000 -0.01470000 0.69490000
vn -0.64210000 0.55700000 0.52670000
vn -0.39710000 0.14370000 0.90640000
vn 0.54970000 0.39970000 0.73350000
vn -0.99950000 0.01890000 0.02380000
vn 0.41430000 0.78520000 0.46030000
vn 0.38910000 -0.02020000 0.92100000
vn 0.47870000 0.41590000 0.77320000
vn 0.66510000 -0.02080000 0.74650000
vn 0.44140000 0.64430000 0.62460000
vn -0.68190000 0.58060000 0.44490000
vn -0.19210000 0.00040000 0.98140000
vn 0.19330000 -0.01440000 0.98100000
vn 0.25650000 -0.02600000 0.96620000
vn -0.44290000 -0.02500000 0.89620000
vn -0.01800000 -0.01170000 0.99980000
vn 0.32550000 -0.04030000 0.94470000
vn 0.64350000 -0.01890000 0.76520000
vn -0.99450000 0.04360000 0.09470000
vn 0.33950000 0.85180000 0.39900000
vn -0.98430000 0.03040000 0.17380000
vn -0.45210000 0.11920000 0.88390000
vn -0.81500000 -0.00580000 0.57950000
vn -0.54550000 -0.02160000 0.83780000
vn 0.86730000 -0.00380000 0.49790000
vn 0.49230000 0.10560000 0.86400000
vn -0.52620000 0.16830000 0.83350000
vn 0.35230000 0.66410000 0.65940000
vn 0.83640000 0.02310000 0.54770000
vn -0.08060000 0.70360000 -0.70600000
vn 0.61090000 -0.02270000 0.79140000
vn 0.25990000 0.84830000 0.46130000
vn 0.41530000 0.39240000 0.82070000
vn 0.43020000 -0.56890000 0.70090000
vn -0.00050000 1.00000000 0.00140000
vn -0.60990000 0.28770000 0.73840000
vn 0.16830000 0.83950000 0.51660000
vn 0.42940000 0.12570000 0.89430000
vn -0.76070000 -0.01510000 0.64890000
vn 0.01770000 0.18810000 0.98200000
vn -0.67280000 0.32770000 0.66330000
vn -0.00120000 1.00000000 -0.00220000
vn -0.74250000 0.51570000 0.42740000
vn -0.98210000 0.00090000 0.18840000
vn 0.00930000 0.90540000 0.42450000
vn 0.00140000 1.00000000 -0.00310000
vn 0.32620000 0.40850000 0.85250000
vn -0.78990000 -0.00900000 0.61320000
vn -0.99160000 0.00740000 0.12890000
vn 0.06140000 0.92810000 0.36720000
vn -1.00000000 -0.00270000 0.00520000
vn 0.50400000 0.50350000 0.70180000
vn -0.10540000 0.02160000 0.99420000
vn -0.99840000 0.01070000 0.05610000
vn -0.89670000 -0.00540000 0.44260000
vn 0.27280000 0.69660000 0.66360000
vn -0.74170000 0.34710000 0.57390000
vn 0.11110000 0.82150000 0.55930000
vn 0.01230000 0.75220000 0.65880000
vn -0.00080000 1.00000000 0.00300000
vn 0.00100000 1.00000000 -0.00160000
vn -0.78890000 0.42250000 0.44630000
vn -0.01000000 0.93430000 0.35620000
vn -0.00080000 1.00000000 0.00350000
vn -0.80100000 0.42150000 0.42530000
vn -1.00000000 -0.00020000 0.00650000
vn 0.23370000 0.51340000 0.82570000
vn -0.00000000 1.00000000 -0.00000000
vn -0.69420000 0.18070000 0.69670000
vn -0.99620000 0.00250000 0.08660000
vn -0.96340000 -0.00010000 0.26810000
vn -0.05830000 0.85640000 0.51300000
vn -0.98100000 -0.00160000 0.19390000
vn -0.98400000 0.00410000 0.17820000
vn -0.99130000 -0.00500000 0.13120000
vn -0.09080000 -0.00490000 0.99590000
vn 0.02040000 0.71740000 0.69630000
vn -0.99270000 0.00140000 0.12060000
vn -0.99850000 -0.00020000 0.05500000
vn 0.00090000 1.00000000 -0.00100000
vn -0.57460000 -0.02620000 -0.81800000
vn -0.39100000 0.73150000 -0.55860000
vn 0.41750000 -0.03490000 -0.90800000
vn -0.63030000 -0.02300000 -0.77600000
vn -0.39340000 0.89670000 -0.20290000
vn -0.99880000 0.04180000 -0.02570000
vn -0.99790000 0.06410000 -0.00800000
vn -0.26690000 -0.03450000 -0.96310000
vn 0.44960000 -0.03310000 -0.89260000
vn -0.38900000 -0.03460000 -0.92060000
vn -0.46330000 0.73190000 -0.49970000
vn -0.00080000 1.00000000 0.00200000
vn 0.00020000 1.00000000 -0.00080000
vn -0.00070000 1.00000000 0.00190000
vn -0.00070000 1.00000000 0.00190000
vn -0.00140000 1.00000000 0.00370000
vn -0.23410000 0.19070000 -0.95330000
vn -0.15410000 0.71120000 -0.68590000
vn -0.27190000 0.51330000 -0.81400000
vn 0.37190000 -0.06800000 -0.92580000
vn 0.00040000 1.00000000 0.00070000
vn -0.00040000 1.00000000 -0.00140000
vn -0.00070000 1.00000000 0.00190000
vn 0.00020000 1.00000000 -0.00040000
vn 0.00020000 1.00000000 -0.00080000
vn -0.00000000 1.00000000 -0.00000000
vn 0.00080000 1.00000000 -0.00160000
vn -0.36750000 0.58260000 -0.72500000
vn -0.26290000 0.74110000 -0.61770000
vn -0.02570000 0.99530000 -0.09370000
vn -0.00810000 0.99960000 -0.02750000
vn -0.97390000 0.11900000 -0.19340000
vn -0.98780000 0.09600000 -0.12300000
vn -0.94230000 -0.00680000 -0.33470000
vn -0.94130000 0.05420000 -0.33320000
vn -0.00040000 1.00000000 -0.00140000
vn -0.00030000 1.00000000 -0.00110000
vn -0.14410000 0.27190000 -0.95150000
vn -0.96780000 0.04090000 -0.24850000
vn -0.43000000 -0.03570000 -0.90210000
vn -0.00150000 1.00000000 0.00350000
vn -0.67190000 0.07950000 -0.73640000
vn -0.69870000 -0.01560000 -0.71520000
vn -0.51390000 0.73790000 -0.43750000
vn -0.00090000 1.00000000 -0.00200000
vn 0.00040000 1.00000000 0.00070000
vn -0.00080000 1.00000000 -0.00180000
vn -0.00040000 1.00000000 -0.00140000
vn -0.99390000 0.05340000 -0.09620000
vn 0.40250000 -0.04330000 -0.91440000
vn 0.02390000 0.28950000 -0.95690000
vn 0.09550000 0.27860000 -0.95570000
vn 0.13330000 0.04790000 -0.98990000
vn -0.91510000 0.06880000 -0.39730000
vn -0.87050000 0.00760000 -0.49210000
vn -0.85510000 0.01510000 -0.51820000
vn -0.98300000 0.03280000 -0.18050000
vn 0.33200000 -0.03730000 -0.94250000
vn -0.44730000 0.58430000 -0.67720000
vn 0.00280000 1.00000000 -0.00910000
vn 0.00200000 1.00000000 -0.00660000
vn -0.76040000 -0.01560000 -0.64920000
vn -0.33510000 0.32380000 -0.88480000
vn -0.99850000 0.03150000 -0.04410000
vn 0.39390000 -0.03450000 -0.91850000
vn -0.42850000 0.33710000 -0.83830000
vn 0.99960000 0.02080000 -0.02120000
vn -0.72270000 -0.02070000 -0.69090000
vn 1.00000000 -0.00140000 -0.00200000
vn -0.99200000 0.01920000 -0.12510000
vn -0.51700000 0.58910000 -0.62100000
vn -1.00000000 0.00200000 -0.00320000
vn -0.06680000 0.05000000 -0.99650000
vn -0.53890000 0.70960000 -0.45390000
vn 0.32760000 -0.02960000 -0.94430000
vn -0.00010000 1.00000000 -0.00010000
vn 0.00040000 1.00000000 0.00070000
vn -0.00090000 1.00000000 -0.00200000
vn 0.99980000 0.00820000 -0.01800000
vn 0.99610000 0.07040000 -0.05270000
vn -0.99990000 -0.00750000 0.00670000
vn -0.00080000 1.00000000 -0.00370000
vn -0.99790000 0.01210000 -0.06400000
vn -0.29980000 0.07710000 -0.95090000
vn -0.95670000 -0.00140000 -0.29100000
vn 0.99520000 0.04770000 -0.08560000
vn 0.25800000 -0.02320000 -0.96590000
vn 0.98650000 0.14600000 -0.07380000
vn -0.00010000 1.00000000 -0.00010000
vn 0.00120000 1.00000000 0.00260000
vn -0.02570000 -0.02530000 -0.99940000
vn -0.00110000 1.00000000 -0.00190000
vn 0.00120000 1.00000000 0.00260000
vn -0.83190000 0.07520000 -0.54980000
vn -0.55470000 0.15410000 -0.81760000
vn 0.96590000 0.13610000 -0.22010000
vn -0.99960000 0.00640000 -0.02830000
vn 0.20010000 -0.04370000 -0.97880000
vn -0.58630000 0.58920000 -0.55600000
vn 0.99450000 0.01840000 -0.10310000
vn 0.98700000 0.10400000 -0.12250000
vn -0.49480000 0.32440000 -0.80620000
vn 0.97560000 0.17270000 -0.13540000
vn -0.83610000 0.10270000 -0.53890000
vn 0.95990000 0.25380000 -0.11890000
vn 0.98540000 0.05750000 -0.16030000
vn 0.97610000 0.11640000 -0.18370000
vn -0.00040000 1.00000000 -0.00040000
vn -0.00040000 1.00000000 0.00030000
vn 0.96310000 0.20150000 -0.17860000
vn 0.93900000 0.31220000 -0.14420000
vn 0.00050000 1.00000000 0.00080000
vn 0.00020000 1.00000000 0.00030000
vn -0.66300000 0.62180000 -0.41680000
vn -0.36890000 0.07320000 -0.92660000
vn -0.00080000 1.00000000 0.00070000
vn 0.00020000 1.00000000 0.00030000
vn 0.00170000 1.00000000 0.00250000
vn 0.97890000 0.01200000 -0.20410000
vn 0.94690000 0.25400000 -0.19720000
vn 0.14320000 -0.16050000 -0.97660000
vn 0.96230000 0.13740000 -0.23470000
vn -0.43430000 0.07510000 -0.89760000
vn -0.00040000 1.00000000 -0.00040000
vn -0.00220000 1.00000000 -0.00260000
vn 0.96800000 0.06170000 -0.24330000
vn 0.96290000 0.01700000 -0.26910000
vn -0.63220000 0.49310000 -0.59760000
vn -0.56850000 0.33370000 -0.75190000
vn 0.70230000 -0.00540000 -0.71180000
vn 0.75640000 0.05170000 -0.65200000
vn 0.73490000 -0.00330000 -0.67810000
vn 0.64150000 -0.01680000 -0.76690000
vn 0.88710000 -0.00480000 -0.46160000
vn 0.94540000 0.11820000 -0.30360000
vn 0.85150000 -0.00780000 -0.52420000
vn 0.82900000 -0.00610000 -0.55920000
vn 0.78550000 -0.00800000 -0.61880000
vn 0.91760000 0.34930000 -0.18950000
vn 0.89310000 -0.00440000 -0.44980000
vn 0.87900000 -0.01070000 -0.47670000
vn 0.91800000 -0.01740000 -0.39620000
vn 0.70200000 -0.01560000 -0.71200000
vn 0.83080000 -0.01170000 -0.55640000
vn 0.78540000 -0.01260000 -0.61890000
vn 0.58100000 0.02330000 -0.81360000
vn 0.73610000 -0.01870000 -0.67660000
vn 0.73470000 -0.01750000 -0.67810000
vn 0.00080000 1.00000000 -0.00160000
vn 0.00060000 1.00000000 -0.00110000
vn 0.65010000 -0.02030000 -0.75960000
vn 0.94450000 0.17160000 -0.28020000
vn 0.00280000 1.00000000 -0.00910000
vn 0.00270000 1.00000000 -0.00880000
vn 0.60350000 -0.04040000 -0.79630000
vn 0.93740000 0.00110000 -0.34820000
vn 0.96280000 0.00360000 -0.27030000
vn 0.93610000 -0.00670000 -0.35150000
vn 0.95260000 0.05720000 -0.29890000
vn 0.92490000 0.26010000 -0.27740000
vn 0.00100000 1.00000000 -0.00120000
vn -0.00110000 1.00000000 0.00180000
vn 0.56630000 -0.04500000 -0.82300000
vn 0.55810000 -0.03180000 -0.82910000
vn 0.95930000 -0.01540000 -0.28180000
vn 0.00100000 1.00000000 -0.00120000
vn -0.00000000 1.00000000 -0.00000000
vn 0.50800000 0.00660000 -0.86140000
vn 0.43650000 0.05260000 -0.89820000
vn 0.50060000 -0.04650000 -0.86440000
vn 0.97790000 0.01030000 -0.20870000
vn -0.69080000 0.49130000 -0.53040000
vn 0.97710000 -0.00510000 -0.21280000
vn -0.00000000 1.00000000 -0.00000000
vn 0.00010000 1.00000000 -0.00010000
vn 0.99470000 -0.00180000 -0.10330000
vn 0.43310000 -0.08030000 -0.89780000
vn 0.99180000 -0.00000000 -0.12810000
vn 0.35020000 -0.01420000 -0.93660000
vn 0.24790000 0.00630000 -0.96880000
vn 0.24910000 -0.02970000 -0.96800000
vn 0.92800000 0.06420000 -0.36690000
vn 0.08910000 -0.01290000 -0.99590000
vn 0.75620000 0.09190000 -0.64790000
vn 0.91540000 0.14690000 -0.37480000
vn -0.73240000 0.52050000 -0.43880000
vn -0.62400000 0.30370000 -0.72000000
vn 0.89160000 0.32480000 -0.31560000
vn 0.75620000 0.09190000 -0.64790000
vn -0.50250000 0.07770000 -0.86110000
vn 0.14110000 -0.00910000 -0.98990000
vn 0.85410000 0.40860000 -0.32170000
vn 0.89020000 0.03860000 -0.45390000
vn 0.19240000 -0.01860000 -0.98110000
vn 0.00270000 1.00000000 -0.00880000
vn 0.87430000 0.17150000 -0.45410000
vn 0.02310000 0.00780000 -0.99970000
vn 0.81190000 0.49210000 -0.31410000
vn 0.85080000 0.26960000 -0.45110000
vn -0.67700000 0.33120000 -0.65730000
vn 0.08310000 -0.00250000 -0.99650000
vn 0.81840000 0.36940000 -0.44020000
vn 0.76850000 0.50430000 -0.39390000
vn 0.84260000 0.04240000 -0.53690000
vn -0.55110000 0.06280000 -0.83200000
vn 0.81660000 0.09410000 -0.56950000
vn 0.79740000 0.21220000 -0.56500000
vn -0.72820000 0.35010000 -0.58920000
vn -0.75870000 0.54730000 -0.35330000
vn -0.63340000 0.14840000 -0.75940000
vn 0.71680000 0.52830000 -0.45520000
vn 0.76010000 0.32890000 -0.56050000
vn -0.80930000 0.48960000 -0.32440000
vn -0.05450000 -0.00000000 -0.99850000
vn -0.79220000 0.40370000 -0.45770000
vn 0.66710000 0.56090000 -0.49020000
vn 0.02390000 0.00020000 -0.99970000
vn 0.71020000 0.11110000 -0.69520000
vn 0.13930000 -0.00980000 -0.99020000
vn 0.69670000 0.30290000 -0.65030000
vn 0.00270000 1.00000000 -0.00880000
vn 0.00220000 1.00000000 -0.00730000
vn 0.00280000 1.00000000 -0.00910000
vn 0.53710000 0.81980000 -0.19880000
vn -0.67670000 0.11520000 -0.72720000
vn 0.65750000 0.38130000 -0.64980000
vn 0.62600000 0.57130000 -0.53070000
vn -0.57680000 -0.00730000 -0.81690000
vn 0.55270000 0.67710000 -0.48590000
vn -0.11820000 -0.00400000 -0.99300000
vn 0.63050000 0.06430000 -0.77360000
vn -0.77110000 0.23550000 -0.59160000
vn -0.82880000 0.47830000 -0.29040000
vn 0.60270000 0.13800000 -0.78600000
vn -0.84040000 0.40720000 -0.35760000
vn -0.86290000 0.36300000 -0.35150000
vn 0.56300000 0.53870000 -0.62670000
vn 0.54110000 0.60970000 -0.57920000
vn 0.42950000 0.76240000 -0.48400000
vn 0.56290000 0.33660000 -0.75490000
vn 0.37280000 0.84530000 -0.38270000
vn -0.83430000 0.27820000 -0.47600000
vn 0.50710000 0.68340000 -0.52510000
vn -0.19360000 -0.00760000 -0.98110000
vn -0.06280000 -0.00610000 -0.99800000
vn -0.75970000 0.08900000 -0.64410000
vn -0.68760000 0.04250000 -0.72480000
vn 0.47520000 0.41290000 -0.77700000
vn 0.45990000 0.60620000 -0.64890000
vn -0.87170000 0.34310000 -0.34990000
vn 0.25010000 0.36280000 -0.89770000
vn 0.52580000 0.07300000 -0.84750000
vn 0.34860000 0.76360000 -0.54350000
vn -0.12120000 -0.01110000 -0.99260000
vn -0.89180000 0.38820000 -0.23230000
vn -0.00070000 1.00000000 0.00140000
vn 0.00050000 1.00000000 -0.00090000
vn 0.39600000 0.51360000 -0.76110000
vn -0.79380000 0.09230000 -0.60110000
vn 0.27150000 0.84960000 -0.45230000
vn 0.46000000 0.10600000 -0.88160000
vn -0.91730000 0.33790000 -0.21070000
vn -0.03430000 0.02120000 -0.99920000
vn -0.27650000 -0.02090000 -0.96080000
vn 0.12320000 0.85310000 -0.50700000
vn -0.86070000 0.21860000 -0.45970000
vn 0.01890000 0.00130000 -0.99980000
vn -0.90850000 0.27570000 -0.31420000
vn 0.38790000 0.14310000 -0.91050000
vn 0.27260000 0.68970000 -0.67080000
vn 0.19990000 0.86840000 -0.45380000
vn 0.20890000 0.66770000 -0.71450000
vn -0.92350000 0.34250000 -0.17270000
vn -0.27530000 -0.02250000 -0.96110000
vn -0.34330000 -0.02610000 -0.93890000
vn -0.18830000 -0.01620000 -0.98200000
vn 0.29970000 0.46550000 -0.83270000
vn -0.06140000 -0.01010000 -0.99810000
vn -0.89920000 0.16720000 -0.40430000
vn -0.93570000 0.26130000 -0.23700000
vn 0.01460000 0.88770000 -0.46020000
vn -0.34600000 -0.02940000 -0.93780000
vn -0.41040000 -0.02400000 -0.91160000
vn 0.11920000 0.63480000 -0.76340000
vn -0.88230000 0.08620000 -0.46280000
vn 0.28240000 0.17370000 -0.94340000
vn -0.05100000 0.90290000 -0.42690000
vn -0.95570000 0.23360000 -0.17890000
vn -0.27770000 -0.02830000 -0.96020000
vn -0.93110000 0.18450000 -0.31470000
vn -0.16550000 0.84710000 -0.50490000
vn 0.02870000 0.69820000 -0.71530000
vn -0.40110000 -0.03140000 -0.91550000
vn 0.19550000 0.30770000 -0.93120000
vn -0.96620000 0.21600000 -0.14100000
vn -0.08800000 0.79930000 -0.59440000
vn -0.46290000 -0.02790000 -0.88600000
vn -0.97080000 0.11450000 -0.21100000
vn -0.95420000 0.15300000 -0.25700000
vn -0.97810000 0.17660000 -0.11030000
vn -0.52150000 -0.02640000 -0.85280000
vn -0.34120000 -0.03080000 -0.93950000
vn -0.08690000 0.68720000 -0.72130000
vn -0.24810000 0.88350000 -0.39730000
vn 0.00020000 1.00000000 -0.00100000
vn 0.00020000 1.00000000 -0.00080000
vn -0.06830000 0.36720000 -0.92760000
vn -0.98670000 0.14960000 -0.06440000
vn -0.99480000 0.08870000 -0.04970000
vn -0.35570000 0.84560000 -0.39810000
vn -0.80010000 -0.49170000 0.34370000
vn -0.49590000 0.20720000 0.84330000
vn -0.64090000 0.34370000 0.68630000
vn -0.20950000 -0.44410000 0.87110000
vn -0.33050000 -0.47110000 0.81790000
vn -0.05860000 -0.39520000 0.91670000
vn -0.90290000 -0.42530000 0.06200000
vn -0.34430000 -0.04950000 0.93760000
vn -0.74620000 0.45770000 0.48340000
vn -0.84780000 -0.52760000 0.05320000
vn -0.80920000 -0.54380000 0.22250000
vn -0.47110000 0.61510000 -0.63220000
vn -0.23420000 -0.18250000 0.95490000
vn -0.52060000 -0.59740000 0.61000000
vn -0.15360000 -0.27560000 0.94890000
vn -0.83910000 0.54270000 0.03630000
vn -0.47110000 0.61510000 -0.63220000
vn -0.25490000 -0.48430000 0.83700000
vn -0.07090000 -0.33860000 0.93830000
vn -0.47110000 0.61510000 -0.63220000
vn -0.48560000 -0.03010000 0.87370000
vn -0.25090000 -0.51320000 0.82080000
vn -0.14710000 -0.45590000 0.87780000
vn -0.77860000 -0.62570000 0.04720000
vn -0.36920000 -0.60230000 0.70780000
vn 0.24590000 0.82960000 0.50130000
vn 0.06720000 0.22960000 0.97100000
vn -0.20210000 -0.26940000 0.94160000
vn -0.86800000 0.29370000 0.40030000
vn 0.18660000 0.85460000 0.48460000
vn 0.24590000 0.83650000 0.48970000
vn 0.03300000 -0.23970000 0.97030000
vn -0.00260000 -0.32650000 0.94520000
vn 0.04560000 0.56100000 0.82650000
vn -0.18570000 -0.51300000 0.83810000
vn -0.47520000 -0.66690000 0.57400000
vn -0.94260000 0.31980000 0.09630000
vn 0.01440000 0.26850000 0.96320000
vn 0.08280000 -0.30830000 0.94770000
vn -0.29290000 -0.26090000 0.91990000
vn -0.88990000 0.14120000 0.43380000
vn -0.90170000 0.19820000 0.38440000
vn 0.01240000 -0.13260000 0.99110000
vn -0.84950000 0.02750000 0.52690000
vn -0.16680000 -0.31130000 0.93560000
vn -0.03950000 0.27530000 0.96050000
vn -0.01310000 0.02890000 0.99950000
vn -0.60370000 -0.79610000 0.04150000
vn -0.12710000 0.99120000 0.03610000
vn -0.25430000 -0.30350000 0.91830000
vn -0.01090000 -0.26690000 0.96370000
vn 0.12300000 -0.23350000 0.96450000
vn -0.88510000 -0.04820000 0.46300000
vn -0.83340000 -0.00560000 0.55260000
vn -0.24260000 -0.65580000 0.71490000
vn -0.80950000 -0.04720000 0.58530000
vn -0.16440000 -0.32980000 0.92960000
vn -0.01190000 -0.26340000 0.96460000
vn -0.15660000 0.55550000 0.81660000
vn 0.12300000 -0.23350000 0.96450000
vn -0.24840000 0.96830000 0.02490000
vn -0.03830000 -0.43380000 0.90020000
vn -0.17880000 -0.34580000 0.92110000
vn -0.49290000 -0.86920000 0.03990000
vn -0.22150000 0.71670000 0.66130000
vn -0.05940000 -0.08800000 0.99440000
vn -0.29680000 0.73330000 0.61170000
vn -0.39080000 -0.29440000 0.87210000
vn -0.95740000 -0.04670000 0.28490000
vn -0.79360000 -0.13830000 0.59250000
vn -0.08790000 -0.13860000 0.98640000
vn -0.03900000 -0.43500000 0.89960000
vn -0.94900000 -0.08880000 0.30250000
vn -0.38660000 -0.92130000 0.04160000
vn -0.36010000 0.93290000 0.00890000
vn -0.22980000 0.15020000 0.96160000
vn -0.34890000 -0.33410000 0.87560000
vn -0.39740000 -0.34670000 0.84960000
vn -0.18420000 -0.68450000 0.70540000
vn 0.02170000 -0.42860000 0.90320000
vn -0.08520000 -0.52060000 0.84960000
vn -0.23360000 0.14280000 0.96180000
vn -0.99580000 -0.07030000 0.05830000
vn -0.23810000 0.12230000 0.96350000
vn -0.39740000 -0.34860000 0.84880000
vn -0.04780000 -0.48610000 0.87260000
vn -0.92120000 -0.21280000 0.32560000
vn -0.49380000 0.81560000 0.30170000
vn -0.40750000 0.62920000 0.66180000
vn -0.15970000 -0.75890000 0.63130000
vn -0.27560000 -0.96090000 0.02530000
vn -0.34460000 -0.37270000 0.86160000
vn -0.17930000 -0.05430000 0.98230000
vn -0.09340000 -0.17690000 0.97980000
vn -0.10040000 -0.59150000 0.80010000
vn -0.95320000 -0.23240000 0.19360000
vn -0.97830000 -0.19460000 0.07140000
vn -0.51450000 0.62430000 0.58790000
vn -0.13670000 -0.16480000 0.97680000
vn 0.00190000 -0.36830000 0.92970000
vn 0.14550000 -0.34640000 0.92670000
vn -0.03030000 -0.60180000 0.79810000
vn -0.57670000 0.55960000 0.59520000
vn -0.56160000 -0.41090000 0.71810000
vn -0.46640000 0.34070000 0.81630000
vn -0.09990000 -0.68200000 0.72450000
vn 0.14550000 -0.34640000 0.92670000
vn -0.13090000 -0.17660000 0.97550000
vn -0.58900000 0.52040000 0.61820000
vn 0.00280000 -0.36510000 0.93100000
vn -0.30500000 -0.42890000 0.85030000
vn -0.92210000 -0.31180000 0.22890000
vn -0.56220000 -0.46670000 0.68270000
vn -0.08860000 -0.26010000 0.96150000
vn -0.94120000 -0.32860000 0.07790000
vn -0.70760000 0.54460000 0.45010000
vn -0.67060000 0.74150000 0.02200000
vn -0.51540000 0.32520000 0.79280000
vn -0.51100000 -0.47210000 0.71830000
vn -0.19000000 -0.14970000 0.97030000
vn -0.09380000 -0.29460000 0.95100000
vn -0.07490000 -0.39770000 0.91440000
vn 0.20800000 -0.51570000 0.83120000
vn 0.79530000 0.05490000 0.60370000
vn 0.54620000 -0.05450000 0.83590000
vn 0.54910000 -0.04840000 0.83430000
vn 0.45180000 -0.10970000 0.88540000
vn 0.17900000 -0.51120000 0.84060000
vn 0.23390000 -0.52750000 0.81670000
vn 0.42710000 -0.58370000 0.69060000
vn -0.11580000 -0.42710000 0.89670000
vn 0.43980000 -0.57060000 0.69350000
vn -0.11580000 -0.42710000 0.89670000
vn 0.14830000 -0.46320000 0.87370000
vn 0.63040000 0.16260000 0.75910000
vn -0.03210000 -0.36040000 0.93220000
vn 0.18800000 -0.26020000 0.94710000
vn -0.03210000 -0.36040000 0.93220000
vn 0.88140000 -0.45090000 0.14090000
vn 0.61550000 0.23870000 0.75110000
vn -0.03210000 -0.36040000 0.93220000
vn -0.04310000 -0.86870000 0.49350000
vn -0.08760000 -0.96270000 0.25620000
vn 0.04200000 -0.13810000 0.98950000
vn 0.35820000 -0.09830000 0.92850000
vn 0.88140000 -0.45090000 0.14090000
vn -0.04490000 -0.41010000 0.91090000
vn -0.01730000 -0.45700000 0.88930000
vn 0.02950000 -0.82450000 0.56520000
vn 0.69000000 0.45300000 0.56450000
vn 0.27700000 -0.45550000 0.84600000
vn 0.22310000 -0.18190000 0.95770000
vn 0.23680000 -0.13200000 0.96260000
vn 0.58140000 0.35820000 0.73050000
vn -0.01880000 -0.34450000 0.93860000
vn 0.02180000 -0.58310000 0.81210000
vn 0.13630000 -0.21080000 0.96800000
vn 0.29530000 0.04500000 0.95440000
vn 0.09570000 -0.25380000 0.96250000
vn 0.07730000 -0.81240000 0.57800000
vn 0.09660000 -0.25290000 0.96270000
vn 0.04950000 -0.61600000 0.78620000
vn -0.02640000 -0.34150000 0.93950000
vn 0.00030000 -0.37920000 0.92530000
vn 0.66570000 -0.36180000 0.65270000
vn 0.38290000 0.23830000 0.89250000
vn 0.00740000 -0.40930000 0.91240000
vn 0.25080000 -0.96330000 -0.09580000
vn 0.36120000 0.32230000 0.87500000
vn 0.44900000 -0.37970000 0.80890000
vn 0.58190000 -0.37210000 0.72310000
vn 0.06410000 -0.60850000 0.79090000
vn 0.42120000 0.35460000 0.83470000
vn 0.25080000 -0.96330000 -0.09580000
vn 0.28510000 -0.38400000 0.87820000
vn 0.52430000 -0.32320000 0.78780000
vn 0.34970000 0.32260000 0.87960000
vn -0.07490000 -0.52710000 0.84650000
vn 0.28190000 -0.36330000 0.88800000
vn 0.31460000 0.47360000 0.82270000
vn 0.11990000 -0.65380000 0.74720000
vn 0.64380000 -0.27050000 0.71580000
vn -0.07490000 -0.52710000 0.84650000
vn 0.50790000 -0.27370000 0.81680000
vn 0.04020000 -0.46500000 0.88440000
vn 0.15150000 0.02440000 0.98820000
vn 0.16350000 0.04870000 0.98530000
vn 0.26930000 -0.34850000 0.89780000
vn 0.09400000 -0.53510000 0.83950000
vn 0.24110000 0.46490000 0.85190000
vn 0.08560000 -0.53460000 0.84080000
vn 0.82600000 -0.10560000 0.55370000
vn 0.16350000 0.15290000 0.97460000
vn 0.24170000 -0.32790000 0.91330000
vn 0.07120000 -0.16470000 0.98380000
vn 0.06070000 -0.46520000 0.88310000
vn 0.09270000 -0.51070000 0.85480000
vn 0.10360000 -0.51280000 0.85230000
vn 0.67930000 -0.11720000 0.72440000
vn 0.25240000 -0.30700000 0.91760000
vn 0.03080000 -0.24960000 0.96790000
vn 0.64010000 -0.76690000 0.04590000
vn 0.07380000 -0.46490000 0.88230000
vn 0.13600000 -0.35440000 0.92520000
vn 0.06420000 -0.43410000 0.89860000
vn 0.63940000 -0.11600000 0.76010000
vn 0.46950000 -0.68840000 0.55280000
vn 0.31000000 -0.24970000 0.91740000
vn 0.29940000 -0.58850000 0.75100000
vn -0.04660000 -0.32510000 0.94450000
vn 0.58750000 -0.77350000 -0.23780000
vn 0.54180000 -0.42330000 0.72610000
vn 0.02790000 -0.99960000 -0.00620000
vn -0.13080000 0.95170000 0.27790000
vn -0.25980000 0.89940000 0.35150000
vn -0.36700000 0.90350000 0.22150000
vn -0.44590000 0.79830000 0.40480000
vn -0.60930000 0.75640000 0.23800000
vn -0.70270000 0.61320000 0.36070000
vn -0.78820000 0.51890000 0.33080000
vn -0.85420000 0.40480000 0.32640000
vn -0.90380000 0.30260000 0.30280000
vn -0.93050000 0.16480000 0.32720000
vn -0.39330000 -0.30290000 0.86810000
vn -0.55720000 -0.37160000 0.74260000
vn -0.55900000 -0.42540000 0.71180000
vn -0.54440000 -0.44210000 0.71290000
vn -0.88690000 -0.46140000 0.02210000
vn -0.82440000 -0.56560000 0.01970000
vn -0.45800000 -0.69030000 0.56010000
vn -0.59190000 -0.75510000 0.28190000
vn -0.02430000 -0.41330000 0.91030000
vn -0.09600000 -0.56000000 0.82290000
vn -0.00330000 -0.37900000 0.92540000
vn 0.00010000 -0.40060000 0.91620000
vn 0.01740000 -0.00540000 0.99980000
vn -0.36920000 -0.87650000 -0.30890000
vn 0.13200000 -0.92580000 -0.35410000
vn -0.00960000 -0.01420000 0.99990000
vn 0.92980000 -0.01320000 0.36780000
vn -0.00030000 0.00010000 -1.00000000
vn 0.00050000 -0.00040000 -1.00000000
vn -0.00000000 -0.00000000 -1.00000000
vn 0.00050000 -0.00040000 -1.00000000
vn -0.00030000 0.00010000 -1.00000000
vn 0.00090000 -0.00030000 -1.00000000
vn 0.00040000 -0.00010000 -1.00000000
vn 0.00050000 -0.00040000 -1.00000000
vn -0.00000000 -0.00000000 -1.00000000
vn -0.00020000 -0.00070000 -1.00000000
vn -0.00000000 -0.00010000 -1.00000000
vn -0.00000000 -0.00000000 -1.00000000
vn -0.00010000 -0.00000000 -1.00000000
vn 0.00090000 -0.00030000 -1.00000000
vn -0.00000000 -0.00000000 -1.00000000
vn -0.00000000 -0.00000000 -1.00000000
vn -0.00180000 -0.00050000 -1.00000000
vn -0.00000000 0.00010000 -1.00000000
vn 0.00090000 -0.00030000 -1.00000000
vn 0.00040000 -0.00010000 -1.00000000
vn -0.00000000 -0.00000000 -1.00000000
vn -0.00180000 -0.00050000 -1.00000000
vn 0.97990000 -0.19950000 -0.00370000
vn -0.00000000 -0.00000000 -1.00000000
vn -0.00000000 -0.00010000 -1.00000000
vn -0.00020000 -0.00030000 -1.00000000
vn -0.00180000 -0.00050000 -1.00000000
vn -0.00070000 -0.00060000 -1.00000000
vn -0.00000000 0.00010000 -1.00000000
vn 0.99580000 -0.09160000 -0.00290000
vn -0.00000000 -0.00000000 -1.00000000
vn 0.00010000 -0.00020000 -1.00000000
vn -0.00020000 -0.00030000 -1.00000000
vn 0.00170000 0.00160000 -1.00000000
vn -0.00070000 -0.00060000 -1.00000000
vn -0.00020000 -0.00030000 -1.00000000
vn -0.00020000 0.00020000 -1.00000000
vn 0.00010000 -0.00020000 -1.00000000
vn 0.00170000 0.00160000 -1.00000000
vn -0.00000000 -0.00010000 -1.00000000
vn -0.00070000 -0.00060000 -1.00000000
vn -0.00030000 -0.00030000 -1.00000000
vn 0.00170000 0.00160000 -1.00000000
vn -0.00000000 0.00010000 -1.00000000
vn -0.00020000 0.00020000 -1.00000000
vn -0.00040000 0.00060000 -1.00000000
vn -0.00030000 -0.00030000 -1.00000000
vn -0.00040000 0.00060000 -1.00000000
vn -0.00020000 0.00020000 -1.00000000
vn -0.00040000 0.00060000 -1.00000000
vn -0.00000000 -0.00000000 -1.00000000
vn -0.00000000 -0.00010000 -1.00000000
vn 0.00010000 -0.00020000 -1.00000000
vn -0.00000000 0.00010000 -1.00000000
vn -0.00020000 -0.00070000 -1.00000000
vn -0.00030000 -0.00030000 -1.00000000
vn -0.00000000 0.00010000 -1.00000000
vn -0.00000000 -0.00010000 -1.00000000
vn -0.00020000 -0.00070000 -1.00000000
vn 0.94160000 -0.01970000 0.33610000
vn 0.59290000 -0.28980000 0.75130000
vn 0.33910000 -0.73720000 0.58440000
vn 0.26880000 0.10810000 0.95710000
vn 0.45110000 0.41190000 0.79170000
vn 0.35000000 0.45780000 0.81720000
vn 0.47070000 -0.26600000 0.84130000
vn 0.86830000 0.01050000 0.49600000
vn 0.89130000 0.08500000 0.44530000
vn 0.24100000 0.39870000 0.88480000
vn 0.00020000 -0.37680000 0.92630000
vn -0.00040000 -0.37410000 0.92740000
vn -0.00030000 -0.37150000 0.92840000
vn 0.63530000 -0.04500000 0.77090000
vn -0.09490000 -0.99500000 0.03250000
vn -0.00040000 -0.37440000 0.92730000
vn -0.00040000 -0.37410000 0.92740000
vn -0.00100000 -0.36450000 0.93120000
vn 0.00180000 -0.38030000 0.92490000
vn 0.75250000 -0.53600000 0.38280000
vn 0.17600000 -0.98440000 0.00070000
vn -0.00000000 -0.00000000 1.00000000
vn 0.32240000 -0.91970000 -0.22430000
vn 0.28560000 -0.12550000 0.95010000
vn 0.60020000 -0.47490000 0.64360000
vn 0.19720000 -0.20840000 0.95800000
vn 0.18890000 -0.14300000 0.97150000
vn -0.00000000 -0.00000000 1.00000000
vn 0.00030000 -0.37370000 0.92760000
vn 0.80440000 -0.40450000 -0.43510000
vn 0.17620000 -0.20830000 0.96210000
vn -0.00000000 -0.00000000 1.00000000
vn 0.00030000 -0.37500000 0.92700000
vn 0.33910000 -0.73720000 0.58440000
vn -0.00060000 -0.38040000 0.92480000
vn -0.46840000 -0.34090000 0.81510000
vn -0.04340000 -0.30690000 0.95080000
vn -0.38850000 0.53370000 0.75120000
vn -0.49400000 0.86900000 0.02820000
vn -0.29190000 0.05240000 0.95500000
vn -0.00000000 -0.00000000 1.00000000
vn -0.00000000 -0.00000000 1.00000000
vn -0.00000000 -0.00000000 1.00000000
vn -0.00000000 -0.00000000 1.00000000
vn -0.65810000 0.71710000 0.22960000
vn -0.31970000 -0.37270000 0.87110000
vn -0.34370000 0.10350000 0.93340000
vn -0.75080000 0.56490000 0.34240000
vn 0.00010000 -0.37840000 0.92560000
vn 0.02130000 -0.17630000 0.98410000
vn -0.00070000 -0.37350000 0.92760000
vn 0.00950000 0.54350000 0.83940000
vn -0.01060000 0.53670000 0.84370000
vn 0.00010000 -0.37500000 0.92700000
vn -0.00010000 -0.37460000 0.92720000
vn -0.03690000 -0.04660000 0.99820000
vn -0.11600000 0.09570000 0.98860000
vn -0.88980000 0.18430000 0.41750000
vn -0.06580000 -0.01080000 0.99780000
vn -0.31950000 0.89610000 0.30810000
vn -0.89580000 0.04740000 0.44200000
vn -0.36050000 0.82620000 0.43280000
vn -0.00030000 -0.37150000 0.92840000
vn 0.00020000 -0.37680000 0.92630000
vn -0.00170000 -0.37520000 0.92690000
vn -0.78180000 0.13280000 0.60920000
vn -0.00000000 -0.00000000 1.00000000
vn 0.71520000 -0.31330000 0.62470000
vn -0.00420000 -0.36200000 0.93220000
vn -0.14710000 -0.01540000 0.98900000
vn -0.99470000 0.00010000 -0.10260000
vn -0.99990000 0.00240000 -0.01160000
vn 0.75130000 0.64620000 0.13420000
vn 0.74980000 0.57640000 0.32500000
vn 0.15880000 0.98730000 -0.00020000
vn 0.02880000 0.99960000 -0.00210000
vn 0.21240000 0.65620000 -0.72400000
vn 0.21240000 0.65620000 -0.72400000
vn 0.11180000 -0.99370000 -0.00000000
vn 0.00320000 -0.06920000 0.99760000
vn -0.92860000 0.37120000 0.00200000
vn -0.96230000 0.27190000 0.00050000
vn -0.00000000 -0.00000000 1.00000000
vn -0.00000000 -0.00000000 1.00000000
vn -0.37250000 -0.31760000 0.87200000
vn -0.00000000 -0.00000000 1.00000000
vn -0.00250000 -0.37110000 0.92860000
vn 0.16590000 -0.66030000 0.73250000
vn 0.47910000 -0.87470000 -0.07300000
vn 0.45040000 -0.89230000 0.02880000
vn 0.16770000 -0.66360000 0.72900000
vn 0.47910000 -0.87470000 -0.07300000
vn 0.11630000 -0.99310000 0.01210000
vn -0.50440000 -0.83250000 0.22920000
vn -0.83190000 -0.48230000 0.27440000
vn -0.76820000 -0.59490000 -0.23670000
vn 0.00430000 -0.00670000 1.00000000
vn -0.50440000 -0.83250000 0.22920000
vn -0.05030000 -0.93770000 0.34380000
vn -0.26320000 -0.76030000 0.59390000
vn -0.25240000 -0.84270000 0.47560000
vn -0.28380000 -0.62150000 0.73020000
vn -0.65980000 -0.75150000 0.00100000
vn -0.74600000 -0.66600000 0.00130000
vn 0.17590000 -0.20170000 0.96350000
vn -0.35500000 -0.61340000 0.70550000
vn 0.50900000 0.86080000 -0.00490000
vn 0.60110000 0.67760000 0.42380000
vn -0.07080000 0.58440000 -0.80840000
vn 0.45830000 0.86520000 0.20360000
vn -0.39800000 -0.19070000 0.89730000
vn -0.69280000 0.51040000 -0.50950000
vn -0.49880000 -0.10420000 0.86050000
vn -0.99400000 -0.10660000 0.02370000
vn -0.99870000 0.01510000 0.04930000
vn -0.27310000 0.25360000 0.92790000
vn -0.37650000 -0.31530000 0.87110000
vn -0.88800000 0.45980000 0.00020000
vn -0.27320000 -0.02550000 -0.96160000
vn -0.34400000 -0.02780000 -0.93860000
vn 0.69380000 -0.67560000 0.24930000
vn 0.75030000 -0.66100000 0.00770000
vn 0.70990000 -0.66610000 0.22870000
vn -0.00000000 -0.00000000 1.00000000
vn 0.03450000 -0.35310000 0.93500000
vn -0.00000000 -0.00000000 1.00000000
vn -0.00000000 -0.00000000 1.00000000
vn 0.02590000 -0.34350000 0.93880000
vn -0.82530000 -0.56470000 0.00090000
vn -0.39850000 -0.56800000 0.72010000
vn 0.98530000 0.17110000 0.00170000
vn 0.96290000 0.26980000 0.00010000
vn 0.58980000 -0.56590000 0.57610000
vn 0.54260000 -0.48810000 0.68360000
vn 0.88650000 -0.46100000 0.03930000
vn 0.53830000 -0.55310000 0.63580000
vn 0.60530000 -0.02380000 -0.79570000
vn 0.66900000 -0.02320000 -0.74290000
vn 0.61190000 0.79090000 -0.01270000
vn 0.70200000 0.59090000 0.39740000
vn 0.22970000 -0.41990000 0.87800000
vn 0.40550000 0.83240000 0.37770000
vn 0.33700000 0.65200000 0.67920000
vn -0.00000000 -0.00000000 1.00000000
vn 0.80440000 -0.40450000 -0.43510000
vn -0.00000000 -0.00000000 1.00000000
vn -0.00000000 -0.00000000 1.00000000
vn -0.27310000 0.25360000 0.92790000
vn -0.29000000 -0.36450000 0.88490000
vn -0.00160000 -0.02270000 0.99970000
vn 0.47390000 -0.82950000 0.29550000
vn -0.05030000 -0.93770000 0.34380000
vn 0.47390000 -0.82950000 0.29550000
vn 0.83340000 -0.51080000 0.21090000
vn 0.58750000 -0.77350000 -0.23780000
vn -0.07270000 -0.86270000 0.50040000
vn 0.05410000 0.69180000 0.72000000
vn -0.11870000 -0.99290000 0.00060000
vn -0.06800000 -0.67710000 0.73280000
vn -0.98870000 0.14140000 0.04960000
vn 0.67390000 -0.23330000 -0.70100000
vn 0.67390000 -0.23330000 -0.70100000
vn 0.83600000 -0.54870000 0.00060000
vn 0.17770000 0.28160000 -0.94290000
vn -0.42750000 0.29990000 0.85280000
vn -0.25820000 0.04500000 0.96500000
vn -0.25840000 0.04550000 0.96500000
vn -0.55290000 0.62540000 0.55060000
vn -0.46170000 0.85900000 -0.22140000
vn 0.48550000 0.87430000 -0.00260000
vn 0.36570000 0.93070000 -0.00150000
vn 0.96020000 0.00020000 0.27950000
vn 0.92880000 -0.00260000 0.37050000
vn -0.98530000 0.17060000 -0.00250000
vn -0.99940000 0.03470000 -0.00620000
vn -0.12250000 0.94740000 0.29580000
vn -0.11350000 0.77590000 0.62060000
vn -0.03730000 0.06060000 0.99750000
vn -0.02400000 0.78120000 0.62380000
vn -0.26290000 0.72490000 0.63680000
vn -0.27800000 0.58380000 0.76280000
vn -0.36840000 0.85880000 0.35600000
vn -0.26080000 -0.59500000 0.76020000
vn 0.38740000 -0.02470000 -0.92160000
vn 0.32310000 -0.02690000 -0.94600000
vn 0.89580000 0.27610000 0.34840000
vn -0.00000000 -0.37310000 0.92780000
vn 0.00010000 -0.37500000 0.92700000
vn -0.00000000 -0.37660000 0.92640000
vn 0.76210000 0.24090000 0.60100000
vn 0.12490000 -0.99220000 -0.00010000
vn 0.05020000 -0.68190000 0.72980000
vn 0.00260000 -1.00000000 0.00110000
vn 0.00200000 -0.77680000 0.62980000
vn 0.05410000 0.69180000 0.72000000
vn 0.61640000 -0.63860000 0.46070000
vn 0.65130000 -0.59220000 0.47440000
vn -0.52060000 -0.02710000 -0.85340000
vn 0.00090000 1.00000000 0.00270000
vn -0.37630000 -0.31530000 0.87120000
vn -0.27310000 0.25360000 0.92790000
vn -0.00000000 -0.00000000 1.00000000
vn -0.70120000 0.40990000 0.58340000
vn -0.74200000 0.67040000 0.00140000
vn -0.77680000 0.47420000 0.41430000
vn -0.38090000 -0.08390000 0.92080000
vn -0.71530000 0.23240000 0.65910000
vn 0.45080000 0.61480000 0.64710000
vn 0.45360000 0.89120000 -0.00270000
vn -0.47900000 0.57160000 0.66620000
vn -0.13280000 -0.75260000 0.64490000
vn -0.00020000 -0.37370000 0.92760000
vn 0.00040000 -0.37310000 0.92780000
vn 0.00040000 -0.37470000 0.92720000
vn -0.16900000 -0.84120000 0.51370000
vn -0.20040000 -0.90890000 -0.36580000
vn 0.50190000 -0.02920000 -0.86440000
vn 0.44930000 -0.02670000 -0.89300000
vn -0.00000000 -0.00000000 1.00000000
vn 0.09540000 -0.28240000 0.95450000
vn -0.00000000 -0.00000000 1.00000000
vn 0.96360000 -0.00510000 -0.26740000
vn 0.97980000 -0.00390000 -0.19970000
vn 0.94930000 0.31140000 -0.04300000
vn 0.80440000 -0.06330000 -0.59070000
vn 0.57830000 0.16670000 -0.79860000
vn 0.98200000 -0.18910000 0.00060000
vn 0.57830000 0.16670000 -0.79860000
vn 0.53880000 -0.43940000 0.71880000
vn -0.00070000 1.00000000 0.00140000
vn 0.00110000 1.00000000 -0.00170000
vn 0.83490000 -0.01090000 -0.55020000
vn -0.77500000 0.04300000 0.63050000
vn -0.93810000 0.34640000 0.00330000
vn -0.00820000 0.36530000 -0.93080000
vn -0.96190000 0.22240000 0.15930000
vn 0.26680000 0.96380000 0.00020000
vn -0.83740000 -0.46120000 0.29320000
vn -0.43050000 -0.51840000 0.73880000
vn -0.30400000 0.07360000 0.94980000
vn -0.48000000 0.56540000 0.67080000
vn -0.48720000 0.57450000 0.65770000
vn -0.55450000 0.81930000 0.14600000
vn 0.23740000 -0.97130000 0.01480000
vn 0.25080000 -0.96330000 -0.09580000
vn 0.11310000 -0.84320000 0.52560000
vn 0.03940000 -0.46380000 0.88510000
vn 0.61910000 0.62580000 0.47450000
vn -0.23520000 -0.97190000 0.00030000
vn -0.10210000 -0.69530000 0.71140000
vn 0.14150000 0.37580000 0.91580000
vn -0.35620000 -0.93440000 0.00070000
vn 0.10660000 -0.03740000 0.99360000
vn -0.75050000 0.66090000 -0.00220000
vn -0.82930000 0.55880000 -0.00200000
vn -0.00010000 -0.37310000 0.92780000
vn 0.93100000 -0.28700000 0.22550000
vn 0.50810000 -0.42510000 0.74910000
vn -0.01160000 -0.34310000 0.93920000
vn 0.29180000 -0.95630000 -0.01660000
vn 0.23910000 -0.97100000 -0.00050000
vn -0.97290000 -0.22840000 0.03590000
vn -0.00030000 -0.37930000 0.92530000
vn -0.93080000 -0.36280000 0.04470000
vn 0.35910000 -0.93310000 0.01970000
vn 0.47970000 -0.87710000 0.02380000
vn -0.57180000 -0.82040000 0.00050000
vn -0.47440000 0.83050000 0.29190000
vn 0.00140000 0.02290000 0.99970000
vn 0.07960000 0.88220000 0.46400000
vn -0.47440000 0.83050000 0.29190000
vn -0.83310000 0.51080000 0.21250000
vn -0.59400000 0.77070000 -0.23070000
vn -0.99480000 -0.10180000 -0.00570000
vn -0.97340000 -0.22900000 -0.00430000
vn 0.23090000 -0.12860000 0.96440000
vn 0.64910000 0.64700000 0.40010000
vn 0.63430000 0.57590000 0.51580000
vn 0.28100000 0.05920000 0.95790000
vn -0.06550000 0.94300000 0.32640000
vn 0.01280000 0.97410000 -0.22580000
vn -0.06460000 0.93650000 0.34470000
vn 0.01430000 0.97700000 -0.21260000
vn -0.00340000 0.78240000 0.62280000
vn 0.23260000 -0.52740000 0.81720000
vn 0.24130000 -0.54960000 0.79980000
vn 0.54080000 -0.72870000 0.42010000
vn -0.89220000 0.39130000 -0.22540000
vn 0.01360000 0.00150000 0.99990000
vn 0.91820000 -0.39610000 -0.00430000
vn 0.95390000 -0.30020000 -0.00280000
vn 0.28780000 0.85130000 0.43880000
vn 0.11780000 0.82480000 -0.55300000
vn 0.11780000 0.82480000 -0.55300000
vn 0.15110000 0.81250000 0.56300000
vn 0.12580000 0.28500000 0.95020000
vn 0.55170000 -0.48780000 0.67650000
vn 0.28640000 -0.44750000 0.84710000
vn -0.83190000 -0.48230000 0.27440000
vn -0.63820000 -0.27210000 0.72020000
vn -0.93530000 -0.13600000 -0.32660000
vn 0.47910000 -0.87470000 -0.07300000
vn 0.22800000 -0.66760000 0.70870000
vn 1.00000000 0.00120000 -0.00680000
vn 0.00010000 1.00000000 -0.00010000
vn -0.00000000 1.00000000 -0.00000000
vn -0.38240000 -0.47340000 0.79350000
vn -0.30380000 0.24300000 -0.92120000
vn -0.38400000 -0.46510000 0.79770000
vn -0.30380000 0.24300000 -0.92120000
vn -0.94370000 -0.33070000 0.00100000
vn 0.87330000 -0.48720000 -0.00290000
vn 0.14970000 -0.14470000 0.97810000
vn 0.61090000 0.64570000 0.45810000
vn -0.76140000 0.64770000 0.02660000
vn -0.84500000 0.44030000 0.30360000
vn 0.75710000 -0.65340000 0.00060000
vn 0.81650000 -0.57730000 -0.00030000
vn -0.50440000 -0.83250000 0.22920000
vn -0.76820000 -0.59490000 -0.23670000
vn -0.41880000 -0.55050000 0.72220000
vn -0.19360000 -0.09160000 0.97680000
vn 0.00320000 -0.06920000 0.99760000
vn 0.61530000 -0.07610000 0.78460000
vn 0.84810000 0.11720000 0.51660000
vn 0.46660000 -0.19600000 0.86250000
vn -0.40320000 0.46990000 0.78530000
vn -0.47330000 0.27950000 0.83530000
vn -0.24130000 0.60890000 -0.75570000
vn -0.55610000 0.83110000 -0.00360000
vn -0.24130000 0.60890000 -0.75570000
vn -0.99740000 0.04420000 0.05650000
vn -0.94610000 -0.15460000 0.28460000
vn 0.35290000 -0.93540000 0.02250000
vn 0.13450000 -0.70500000 0.69640000
vn 0.43290000 0.76080000 0.48350000
vn 0.16270000 -0.08430000 0.98310000
vn -0.89170000 -0.45270000 0.00100000
vn -0.47650000 -0.54460000 0.69020000
vn -0.30380000 0.24300000 -0.92120000
vn -0.01570000 -0.00050000 0.99990000
vn 0.89290000 -0.39190000 -0.22160000
vn -0.00520000 0.01030000 0.99990000
vn 0.04980000 -0.00110000 0.99880000
vn 0.22660000 0.90690000 0.35530000
vn -0.03300000 -0.37530000 0.92630000
vn -0.00000000 -0.00000000 1.00000000
vn -0.00000000 -0.00000000 1.00000000
vn -0.49410000 -0.38290000 0.78050000
vn -0.69630000 -0.34350000 0.63020000
vn -0.69040000 -0.34550000 0.63560000
vn -0.95320000 -0.23240000 0.19360000
vn 0.06950000 -0.00050000 -0.99760000
vn -0.00090000 1.00000000 -0.00200000
vn 0.00050000 1.00000000 -0.00090000
vn 0.00050000 1.00000000 0.00080000
vn 0.00010000 1.00000000 -0.00010000
vn -0.00010000 1.00000000 -0.00010000
vn 0.00120000 1.00000000 0.00260000
vn -0.00110000 1.00000000 -0.00190000
vn -0.00040000 1.00000000 -0.00040000
vn 0.00110000 1.00000000 -0.00170000
vn -0.00070000 1.00000000 0.00140000
vn -0.00220000 1.00000000 -0.00260000
vn -0.00000000 1.00000000 -0.00000000
vn 0.00020000 1.00000000 -0.00040000
vn 0.00100000 1.00000000 -0.00120000
vn -0.00110000 1.00000000 0.00180000
vn 0.00020000 1.00000000 0.00030000
vn -0.00010000 1.00000000 -0.00030000
vn 0.44000000 -0.02540000 0.89770000
vn 0.50440000 -0.03030000 0.86290000
vn -0.28010000 -0.28040000 0.91810000
vn -0.27270000 -0.31110000 0.91040000
vn -0.05030000 -0.93770000 0.34380000
vn -0.36920000 -0.87650000 -0.30890000
vn -0.08590000 -0.68330000 0.72510000
vn -0.36320000 -0.38810000 0.84710000
vn -0.99600000 -0.08890000 -0.00970000
vn -0.56460000 -0.82540000 0.00180000
vn -0.54950000 -0.79260000 0.26420000
vn 0.66020000 -0.01940000 0.75080000
vn -0.00070000 1.00000000 -0.00220000
vn -0.00100000 1.00000000 -0.00250000
vn -0.23910000 0.05760000 0.96930000
vn -0.77120000 0.46920000 0.43020000
vn -0.30060000 -0.11070000 0.94730000
vn -0.69380000 0.40390000 0.59620000
vn -0.69030000 0.71990000 -0.07280000
vn -0.11040000 -0.27240000 0.95580000
vn -0.75440000 0.16430000 0.63550000
vn -0.35550000 -0.20520000 0.91190000
vn -0.73790000 0.03150000 0.67420000
vn -0.95020000 0.05350000 0.30700000
vn -0.83190000 -0.48230000 0.27440000
vn -0.93530000 -0.13600000 -0.32660000
vn -0.00050000 -0.37520000 0.92690000
vn -0.00040000 -0.37440000 0.92730000
vn 0.82710000 -0.56150000 0.02400000
vn -0.42090000 -0.75540000 0.50220000
vn -0.13320000 0.45830000 0.87880000
vn 0.42350000 0.82440000 0.37540000
vn 0.51120000 0.85700000 0.06480000
vn -0.23260000 -0.97260000 -0.00140000
vn -0.10210000 -0.99480000 -0.00120000
vn 0.11450000 0.99120000 -0.06680000
vn 0.11220000 0.78710000 0.60660000
vn -0.43440000 -0.90070000 -0.00010000
vn -0.33620000 -0.94180000 0.00050000
vn 0.92980000 -0.01320000 0.36780000
vn 0.63020000 0.60940000 0.48110000
vn 0.94580000 0.13410000 -0.29570000
vn -0.02940000 -0.00020000 0.99960000
vn 0.93040000 -0.36620000 0.01360000
vn 0.45980000 -0.50230000 0.73240000
vn -0.05130000 0.38260000 -0.92250000
vn 0.71330000 -0.01050000 0.70080000
vn 0.81190000 -0.03890000 0.58250000
vn 0.54750000 -0.02620000 -0.83640000
vn -0.67150000 0.74100000 -0.00490000
vn -0.75610000 0.55980000 0.33920000
vn -0.58570000 0.81050000 -0.00020000
vn -0.36850000 -0.17210000 0.91360000
vn -0.66260000 0.67430000 0.32610000
vn -0.31390000 -0.48710000 0.81500000
vn -0.28660000 -0.56130000 0.77640000
vn -0.07080000 0.58440000 -0.80840000
vn -0.93680000 -0.14410000 0.31890000
vn -0.25240000 -0.33920000 0.90620000
vn 0.00020000 0.00030000 -1.00000000
vn -0.00000000 -0.00010000 -1.00000000
vn 0.00010000 -0.00000000 -1.00000000
vn 0.00020000 -0.00000000 -1.00000000
vn 0.00170000 0.00090000 -1.00000000
vn -0.00000000 -0.00000000 -1.00000000
vn 0.77280000 0.63460000 -0.00120000
vn 0.68710000 0.35610000 0.63330000
vn -0.86250000 -0.00790000 0.50600000
vn -0.00120000 1.00000000 0.00190000
vn 0.81230000 0.25960000 0.52240000
vn 0.90910000 0.23450000 0.34430000
vn -0.42230000 -0.30770000 0.85260000
vn -0.35060000 -0.33050000 0.87630000
vn 0.18910000 0.98160000 0.02590000
vn 0.09740000 0.89990000 0.42500000
vn 0.23700000 0.72980000 0.64130000
vn 0.02920000 -0.11630000 0.99280000
vn 0.01310000 -0.22350000 0.97460000
vn 0.03260000 0.21580000 0.97590000
vn 0.90480000 0.41970000 -0.07220000
vn 0.92430000 0.37270000 0.08170000
vn 0.96380000 0.26380000 0.03800000
vn 0.96050000 -0.27710000 0.02500000
vn 0.05410000 0.69180000 0.72000000
vn 0.60430000 -0.79670000 -0.00440000
vn 0.68590000 -0.72760000 -0.00320000
vn -0.48950000 -0.02570000 0.87160000
vn -0.08010000 0.43300000 -0.89780000
vn -0.08010000 0.43300000 -0.89780000
vn 0.73560000 0.23800000 0.63420000
vn 0.82100000 0.46480000 0.33170000
vn 0.63830000 0.17440000 0.74980000
vn 0.43890000 0.03810000 0.89770000
vn -0.36850000 -0.17210000 0.91360000
vn 0.03520000 -0.13030000 0.99090000
vn 0.60940000 -0.29570000 0.73570000
vn 0.57050000 -0.28250000 0.77120000
vn 0.13200000 -0.92580000 -0.35410000
vn 0.47390000 -0.82950000 0.29550000
vn 0.26040000 -0.63980000 0.72310000
vn -0.35000000 -0.03960000 0.93590000
vn -0.23860000 -0.18530000 0.95330000
vn -0.76280000 0.43440000 0.47910000
vn 0.61310000 0.78860000 0.04700000
vn 0.57770000 0.35340000 0.73580000
vn -0.65730000 0.75360000 -0.00200000
vn -0.66720000 0.50160000 0.55070000
vn 0.80600000 0.11520000 0.58060000
vn 0.92380000 0.38280000 0.00230000
vn 0.49420000 0.51460000 -0.70070000
vn -0.08010000 0.43300000 -0.89780000
vn 0.16460000 0.81870000 0.55010000
vn -0.33720000 0.94140000 -0.00140000
vn -0.43880000 0.89860000 -0.00270000
vn 0.94960000 0.28410000 0.13280000
vn -0.46680000 0.88420000 0.01380000
vn -0.16280000 0.67970000 -0.71520000
vn -0.16280000 0.67970000 -0.71520000
vn -0.29550000 0.29580000 0.90840000
vn -0.30870000 0.55080000 0.77540000
vn 0.07960000 0.88220000 0.46400000
vn 0.34440000 0.82670000 -0.44490000
vn 0.08310000 0.68240000 0.72630000
vn -0.00570000 -0.45640000 0.88970000
vn -0.20040000 -0.90890000 -0.36580000
vn -0.01770000 -0.45160000 0.89200000
vn -0.54870000 -0.83600000 -0.00140000
vn -0.66500000 0.23830000 0.70780000
vn 0.10590000 -0.00580000 0.99440000
vn 0.41750000 -0.37440000 0.82800000
vn 0.49490000 -0.86900000 -0.00520000
vn -0.45480000 -0.24510000 0.85620000
vn -0.97580000 0.21860000 0.00870000
vn -0.48650000 -0.22100000 0.84530000
vn -0.00820000 0.36530000 -0.93080000
vn 0.00150000 -0.76840000 0.64000000
vn 0.04630000 -0.72090000 0.69150000
vn 0.00020000 1.00000000 0.00020000
vn -0.27560000 -0.07540000 0.95830000
vn -0.66450000 0.64740000 0.37330000
vn -0.81210000 -0.47660000 0.33660000
vn -0.49530000 -0.53610000 0.68360000
vn -0.79930000 -0.54950000 0.24330000
vn 0.93760000 -0.00810000 -0.34750000
vn 0.17320000 -0.35350000 0.91930000
vn 0.98750000 0.11280000 -0.11000000
vn 0.57990000 -0.30120000 0.75700000
vn -0.47720000 0.87870000 0.01490000
vn -0.56280000 0.82600000 0.03300000
vn -0.00220000 -0.37000000 0.92900000
vn 0.12970000 -0.82240000 0.55400000
vn 0.04980000 -0.85560000 0.51520000
vn 0.00010000 -0.36080000 0.93260000
vn 0.12970000 -0.82240000 0.55400000
vn 0.18370000 -0.26390000 0.94690000
vn 0.37600000 -0.14470000 0.91530000
vn -0.54920000 0.83570000 -0.00310000
vn -0.10750000 0.01790000 0.99400000
vn -0.04350000 -0.26300000 0.96380000
vn -0.28730000 0.68190000 0.67260000
vn 0.58750000 -0.77350000 -0.23780000
vn 0.85240000 -0.50030000 0.15200000
vn 0.70040000 0.71380000 -0.00180000
vn -0.00800000 0.99930000 0.03540000
vn 0.33680000 -0.69420000 0.63610000
vn 0.11790000 -0.50580000 0.85450000
vn -0.44330000 -0.19040000 0.87590000
vn -0.99700000 0.00610000 0.07760000
vn 0.33180000 -0.03400000 0.94270000
vn 0.65170000 -0.75710000 0.04530000
vn 0.33150000 -0.68770000 0.64590000
vn 0.64010000 -0.76690000 0.04590000
vn -0.98010000 -0.00030000 -0.19840000
vn -0.97820000 -0.20750000 -0.00120000
vn -0.72720000 -0.38990000 0.56490000
vn -0.89930000 -0.00390000 -0.43720000
vn -0.92840000 -0.00320000 -0.37160000
vn -0.76230000 -0.01690000 -0.64710000
vn -0.80410000 -0.00420000 -0.59450000
vn -0.35930000 0.07600000 0.93010000
vn -0.99990000 0.01450000 -0.00190000
vn -0.38890000 -0.36930000 0.84400000
vn -0.90010000 0.12270000 -0.41800000
vn 0.37060000 -0.92880000 -0.00410000
vn -0.54320000 0.42140000 0.72620000
vn -0.85220000 0.50040000 0.15310000
vn -0.68270000 0.08220000 0.72600000
vn -0.95020000 0.05350000 0.30700000
vn -0.88660000 0.37080000 -0.27640000
vn 0.00460000 -0.68460000 0.72890000
vn 0.68950000 -0.72400000 0.02130000
vn 0.00010000 -0.37580000 0.92670000
vn 0.00020000 -0.37680000 0.92630000
vn 0.86410000 0.49040000 -0.11370000
vn 0.84210000 0.47630000 -0.25300000
vn 0.10660000 -0.03740000 0.99360000
vn -0.79930000 -0.60100000 0.00020000
vn -0.73400000 -0.67910000 -0.00100000
vn -0.85570000 -0.51740000 -0.00000000
vn 0.58320000 -0.76480000 0.27370000
vn 0.46640000 -0.82580000 0.31700000
vn 0.89830000 -0.00750000 0.43930000
vn -0.00010000 1.00000000 -0.00030000
vn -0.55310000 0.44180000 0.70630000
vn 0.44970000 -0.81870000 0.35700000
vn -0.24400000 -0.32410000 0.91400000
vn -0.16280000 0.67970000 -0.71520000
vn -0.27970000 0.41110000 0.86760000
vn -0.32340000 0.94630000 -0.00020000
vn 0.68780000 -0.09290000 0.72000000
vn 0.88760000 -0.37130000 -0.27260000
vn 0.94580000 0.13410000 -0.29570000
vn -0.35480000 -0.02800000 0.93450000
vn 0.00100000 1.00000000 -0.00160000
vn -0.00460000 0.00510000 1.00000000
vn 0.34440000 0.82670000 -0.44490000
vn 0.63020000 0.60940000 0.48110000
vn 0.00170000 -0.36830000 0.92970000
vn 0.17670000 -0.20780000 0.96210000
vn 0.64860000 0.54040000 0.53600000
vn 0.80440000 -0.40450000 -0.43510000
vn -0.54200000 0.81420000 0.20810000
vn -0.99990000 0.01270000 -0.00410000
vn -0.99990000 -0.01080000 0.00300000
vn -0.26720000 0.63570000 0.72420000
vn -0.13490000 0.92270000 -0.36120000
vn -0.47440000 0.83050000 0.29190000
vn -0.28360000 0.63640000 0.71730000
vn -0.35890000 0.87280000 0.33070000
vn 0.23730000 -0.01320000 0.97130000
vn 0.64010000 -0.76690000 0.04590000
vn 0.37510000 -0.69050000 0.61850000
vn 0.17570000 -0.55050000 0.81610000
vn -0.46220000 0.25980000 0.84780000
vn 0.41870000 0.54710000 0.72480000
vn 0.34440000 0.82670000 -0.44490000
vn 0.63020000 0.60940000 0.48110000
vn -0.60400000 -0.01870000 -0.79670000
vn -0.72010000 -0.00350000 -0.69390000
vn -0.74010000 -0.63430000 0.22350000
vn -0.69870000 -0.71450000 0.03700000
vn -0.50280000 -0.44700000 0.73990000
vn 0.94730000 0.15490000 0.28060000
vn 0.24250000 -0.97020000 -0.00090000
vn -0.93110000 -0.00210000 0.36470000
vn 0.00010000 1.00000000 -0.00010000
vn -0.18000000 -0.98280000 0.04060000
vn -0.20040000 -0.90890000 -0.36580000
vn 0.88840000 0.13600000 0.43850000
vn 0.32630000 -0.25780000 0.90940000
vn 0.00050000 1.00000000 0.00080000
vn -0.00110000 1.00000000 -0.00190000
vn -0.90350000 0.42770000 0.02790000
vn -0.95010000 0.31080000 0.02680000
vn 0.07840000 -0.00150000 0.99690000
vn 0.04500000 0.01020000 0.99890000
vn -0.22190000 -0.67270000 0.70590000
vn -0.07610000 0.00420000 0.99710000
vn 0.70340000 0.12650000 0.69940000
vn -0.83230000 0.26070000 0.48910000
vn -0.00000000 -0.37310000 0.92780000
vn 0.00010000 -0.37270000 0.92800000
vn 0.00010000 -0.37500000 0.92700000
vn -0.06960000 0.94880000 0.30800000
vn -0.02430000 -0.12650000 0.99170000
vn -0.12010000 0.85300000 0.50800000
vn 0.25380000 -0.49040000 0.83370000
vn 0.28200000 -0.46130000 0.84130000
vn -0.00000000 -0.00010000 -1.00000000
vn -0.00000000 0.00010000 -1.00000000
vn -0.00010000 -0.00000000 -1.00000000
vn 0.00010000 0.00020000 -1.00000000
vn -0.00180000 -0.00190000 -1.00000000
vn -0.35050000 -0.37300000 0.85910000
vn -0.29210000 -0.01880000 0.95620000
vn -0.17660000 0.00230000 0.98430000
vn -0.00360000 -0.24220000 0.97020000
vn 0.22920000 -0.15720000 0.96060000
vn -0.18920000 -0.98140000 0.03250000
vn -0.00100000 -0.38100000 0.92460000
vn -0.42010000 0.76510000 0.48790000
vn -0.39200000 0.39740000 0.82970000
vn -0.00540000 -0.36840000 0.92960000
vn -0.90440000 -0.42660000 -0.00030000
vn 0.15730000 0.53730000 0.82860000
vn 0.06830000 0.84230000 0.53470000
vn -0.65640000 -0.75440000 -0.00330000
vn 0.57100000 -0.18330000 0.80020000
vn 0.12970000 -0.35700000 0.92510000
vn -0.19220000 0.93060000 0.31150000
vn -0.00610000 -0.35570000 0.93460000
vn -0.99980000 0.02040000 0.00810000
vn -0.21340000 -0.91000000 0.35550000
vn -0.68800000 0.11620000 0.71630000
vn -0.83220000 0.55450000 0.00550000
vn 0.00020000 1.00000000 -0.00060000
vn 0.00100000 1.00000000 -0.00160000
vn -0.62130000 -0.00790000 0.78360000
vn 0.28520000 -0.18950000 0.93960000
vn 0.79050000 0.44550000 0.42020000
vn 0.00110000 1.00000000 -0.00170000
vn -0.00110000 1.00000000 0.00180000
vn 0.44980000 0.13330000 0.88310000
vn 0.58990000 0.73750000 -0.32880000
vn 0.22590000 -0.01740000 -0.97400000
vn 0.14130000 -0.01180000 -0.98990000
vn -0.75140000 -0.65980000 0.00880000
vn -0.06920000 -0.42340000 0.90330000
vn -0.81440000 -0.21750000 0.53800000
vn -0.00010000 -0.00010000 -1.00000000
vn -0.00000000 -0.00000000 -1.00000000
vn -0.00010000 0.00010000 -1.00000000
vn 0.89970000 -0.43660000 0.00090000
vn 0.40170000 -0.50460000 0.76420000
vn -0.05130000 0.38260000 -0.92250000
vn 0.42700000 -0.54830000 0.71910000
vn -0.31440000 0.88060000 0.35450000
vn -0.46690000 -0.53300000 0.70560000
vn -0.34470000 -0.53000000 0.77480000
vn 0.00020000 1.00000000 -0.00040000
vn -0.00000000 1.00000000 -0.00000000
vn 0.00050000 1.00000000 -0.00090000
vn -0.00000000 1.00000000 -0.00000000
vn 0.00080000 1.00000000 -0.00160000
vn 0.91420000 -0.00750000 0.40510000
vn 0.25590000 -0.33370000 0.90730000
vn -0.11240000 -0.12820000 0.98540000
vn 0.75760000 -0.65270000 -0.00160000
vn 0.67390000 -0.23330000 -0.70100000
vn 0.00050000 -0.36140000 0.93240000
vn -0.70190000 0.25300000 0.66580000
vn -0.49690000 -0.01260000 0.86770000
vn 0.86760000 -0.39040000 0.30790000
vn 0.95020000 -0.31160000 0.00120000
vn -0.05130000 0.38260000 -0.92250000
vn 0.98000000 0.10390000 0.17000000
vn 0.65080000 0.66940000 0.35830000
vn -0.47070000 -0.88230000 0.00080000
vn 0.00030000 1.00000000 0.00160000
vn -0.00100000 1.00000000 -0.00250000
vn -0.10570000 -0.15910000 0.98160000
vn 0.82380000 0.56680000 0.00480000
vn -0.00130000 -0.38090000 0.92460000
vn -0.00090000 -0.37650000 0.92640000
vn 0.05380000 0.99520000 0.08180000
vn 0.01950000 0.78340000 0.62130000
vn 0.04030000 0.14840000 0.98810000
vn 0.99910000 0.04130000 -0.00270000
vn 0.00010000 -0.00000000 -1.00000000
vn -0.00000000 -0.00000000 -1.00000000
vn 0.24890000 -0.31580000 0.91560000
vn -0.00020000 1.00000000 0.00020000
vn 0.00260000 -0.37520000 0.92690000
vn 0.63740000 -0.76970000 0.03490000
vn 0.01110000 -0.39310000 0.91940000
vn 0.53510000 -0.84450000 -0.02420000
vn 0.78830000 0.60170000 -0.12830000
vn 0.65780000 -0.43690000 0.61350000
vn -0.95320000 -0.23240000 0.19360000
vn -0.81400000 0.42670000 0.39410000
vn -0.00140000 1.00000000 -0.00150000
vn -0.00220000 1.00000000 -0.00260000
vn 0.98830000 0.14540000 0.04620000
vn -0.00010000 -1.00000000 -0.00060000
vn 0.01350000 -0.99930000 0.03500000
vn -0.98450000 0.16930000 0.04670000
vn 0.87600000 0.48230000 0.00760000
vn 0.62340000 0.02330000 0.78150000
vn 0.53760000 -0.07170000 0.84010000
vn -0.00000000 0.99970000 0.02390000
vn 0.19630000 -0.67470000 0.71150000
vn -0.04910000 0.02500000 0.99850000
vn 0.05100000 -0.03910000 0.99790000
vn 0.39610000 -0.14370000 0.90690000
vn 0.14750000 -0.31560000 0.93730000
vn -0.11580000 -0.42710000 0.89670000
vn -0.08200000 -0.00630000 -0.99660000
vn -0.49000000 -0.37760000 0.78570000
vn 0.14550000 -0.34640000 0.92670000
vn 0.82010000 0.45820000 0.34280000
vn 0.79930000 0.59960000 0.03960000
vn -0.57850000 -0.40130000 0.71020000
vn -0.00070000 -0.37940000 0.92520000
vn 0.80800000 0.27320000 0.52200000
vn -0.09230000 -0.00680000 0.99570000
vn -0.05210000 0.02140000 0.99840000
vn 0.09140000 0.98200000 0.16540000
vn 0.59760000 -0.80170000 0.01560000
vn -0.68110000 0.61090000 0.40370000
vn 0.01820000 0.97150000 0.23650000
vn 0.99610000 0.00470000 0.08830000
vn -0.21660000 0.95540000 0.20080000
vn 0.99470000 -0.09460000 0.04020000
vn 0.99810000 0.01870000 0.05900000
vn -0.00060000 -0.37740000 0.92610000
vn 0.68300000 -0.32090000 0.65620000
vn -0.73470000 -0.01090000 0.67830000
vn 0.26850000 -0.14570000 0.95220000
vn 0.01500000 -0.37030000 0.92880000
vn -0.00000000 -0.37310000 0.92780000
vn -0.00000000 -0.37050000 0.92880000
vn 0.29850000 0.91260000 0.27950000
vn -0.94280000 -0.33330000 -0.00110000
vn 0.68590000 0.44500000 0.57580000
vn -0.39050000 -0.16140000 0.90630000
vn -0.06900000 -0.33990000 0.93790000
vn 0.36700000 -0.34020000 0.86580000
vn 0.63690000 -0.25240000 0.72850000
vn -0.17980000 -0.01040000 -0.98370000
vn -0.00010000 -0.00010000 -1.00000000
vn 0.00010000 0.00020000 -1.00000000
vn 0.00040000 -0.00010000 -1.00000000
vn -0.00000000 -0.00000000 -1.00000000
vn -0.00030000 0.00010000 -1.00000000
vn -0.07210000 -0.00560000 0.99740000
vn -0.20190000 0.33110000 0.92170000
vn -0.17830000 0.82030000 -0.54350000
vn 0.45760000 0.88890000 0.02410000
vn 0.09430000 -0.00260000 0.99550000
vn 0.22410000 0.67430000 0.70360000
vn 0.11470000 -0.99340000 -0.00280000
vn -0.55670000 0.80360000 -0.21020000
vn -0.63260000 0.69350000 -0.34480000
vn -0.56620000 -0.46410000 0.68120000
vn 0.00120000 -0.07670000 0.99710000
vn 0.00020000 1.00000000 -0.00040000
vn 0.15780000 0.55100000 0.81950000
vn 0.30570000 0.41300000 0.85790000
vn 0.16230000 0.97400000 -0.15830000
vn 0.29400000 0.94000000 -0.17320000
vn 0.15730000 0.23460000 0.95930000
vn -0.00000000 -0.00010000 -1.00000000
vn -0.00010000 0.00010000 -1.00000000
vn 0.24420000 -0.79610000 0.55360000
vn -0.66190000 0.73040000 -0.16820000
vn -0.34580000 -0.93810000 0.02000000
vn -0.26620000 -0.96330000 0.03330000
vn 0.63420000 0.27850000 0.72130000
vn 0.94580000 0.13410000 -0.29570000
vn 0.77520000 -0.01180000 0.63160000
vn 0.88820000 0.45940000 0.00100000
vn 0.09830000 -0.77550000 0.62370000
vn -0.06800000 -0.00640000 0.99770000
vn 0.04590000 0.00890000 0.99890000
vn 0.52460000 0.33270000 0.78360000
vn -0.45200000 -0.89160000 0.02800000
vn 0.13110000 -0.21660000 0.96740000
vn -0.00000000 -0.00000000 1.00000000
vn 0.62280000 -0.71250000 0.32320000
vn -0.70620000 0.55920000 0.43430000
vn -0.36140000 0.03870000 0.93160000
vn 0.23780000 -0.97120000 0.01140000
vn 0.30160000 0.90100000 0.31170000
vn 0.23910000 0.26200000 0.93500000
vn 0.82190000 -0.43160000 0.37180000
vn 0.74550000 -0.38730000 0.54240000
vn -0.00000000 0.00010000 -1.00000000
vn -0.00000000 -0.00000000 -1.00000000
vn -0.00000000 -0.00010000 -1.00000000
vn 0.24860000 0.90400000 -0.34770000
vn -0.00040000 -0.37440000 0.92730000
vn -0.00040000 -0.37410000 0.92740000
vn -0.00040000 -0.37420000 0.92740000
vn -0.70190000 0.62560000 0.34060000
vn 0.92770000 0.37330000 0.00080000
vn -0.00040000 -0.37410000 0.92740000
vn -0.00030000 -0.37150000 0.92840000
vn -0.00210000 -0.37460000 0.92720000
vn -0.22110000 -0.63700000 0.73850000
vn 0.23890000 0.08000000 0.96770000
vn -0.07490000 -0.52710000 0.84650000
vn -0.32020000 -0.63910000 0.69930000
vn 0.12300000 -0.23350000 0.96450000
vn -0.03950000 0.26380000 0.96380000
vn -0.00000000 -0.00000000 -1.00000000
vn 0.91550000 0.40190000 0.01930000
vn -0.00000000 -0.00010000 -1.00000000
vn 0.00010000 0.00020000 -1.00000000
vn 0.99590000 0.08860000 -0.01830000
vn 0.48560000 0.87410000 -0.01340000
vn 0.48560000 0.87410000 -0.01340000
vn 0.33570000 0.94200000 0.00380000
vn 0.91550000 0.40190000 0.01930000
vn 0.23580000 0.67230000 -0.70170000
vn 0.53590000 0.21180000 -0.81730000
vn 0.57790000 0.45280000 -0.67900000
vn 0.48560000 0.87410000 -0.01340000
vn 0.00010000 0.00020000 -1.00000000
vn 0.33570000 0.94200000 0.00380000
vn -0.16050000 0.98700000 -0.00270000
vn -0.20170000 0.97940000 -0.00660000
vn -0.77460000 0.63240000 -0.00730000
vn -0.00020000 -0.00000000 -1.00000000
vn -0.99560000 0.09270000 -0.00950000
vn -0.95930000 0.28210000 0.00770000
vn -0.44460000 0.54270000 -0.71260000
vn -0.63450000 0.77290000 0.00760000
vn -0.65950000 0.17620000 -0.73070000
vn -0.77460000 0.63240000 -0.00730000
vn -0.95930000 0.28210000 0.00770000
vn -0.64210000 0.33450000 -0.68980000
vn 0.99590000 0.08860000 -0.01830000
vn 0.53590000 0.21180000 -0.81730000
vn 0.91550000 0.40190000 0.01930000
vn 0.69010000 -0.19710000 -0.69630000
vn 0.69120000 0.14840000 -0.70730000
vn 0.62120000 -0.27670000 -0.73320000
vn 0.90700000 -0.42080000 0.01370000
vn -0.00020000 -0.00000000 -1.00000000
vn -0.00000000 -0.00010000 -1.00000000
vn -0.77460000 0.63240000 -0.00730000
vn -0.20170000 0.97940000 -0.00660000
vn -0.63450000 0.77290000 0.00760000
vn 0.00010000 0.00020000 -1.00000000
vn -0.00000000 0.00010000 -1.00000000
vn 0.90700000 -0.42080000 0.01370000
vn -0.00000000 -0.00000000 -1.00000000
vn 0.99590000 0.08860000 -0.01830000
vn 0.67060000 -0.74160000 -0.01760000
vn -0.44460000 0.54270000 -0.71260000
vn -0.20170000 0.97940000 -0.00660000
vn -0.11860000 0.69280000 -0.71130000
vn -0.63450000 0.77290000 0.00760000
vn -0.16050000 0.98700000 -0.00270000
vn -0.42810000 0.57040000 -0.70100000
vn -0.42810000 0.57040000 -0.70100000
vn -0.07820000 0.99240000 -0.09500000
vn -0.57830000 0.80940000 0.10240000
vn -0.05910000 0.72450000 -0.68680000
vn -0.11860000 0.69280000 -0.71130000
vn -0.60880000 0.79310000 -0.01920000
vn 0.25900000 0.64820000 -0.71600000
vn -0.07820000 0.99240000 -0.09500000
vn -0.05910000 0.72450000 -0.68680000
vn 0.01310000 0.97700000 0.21300000
vn 0.37190000 0.89790000 -0.23550000
vn -0.44460000 0.54270000 -0.71260000
vn -0.87580000 0.47590000 -0.08010000
vn -0.60880000 0.79310000 -0.01920000
vn -0.42810000 0.57040000 -0.70100000
vn -0.64210000 0.33450000 -0.68980000
vn -0.91290000 -0.05730000 -0.40420000
vn -0.74700000 -0.04050000 -0.66360000
vn -0.87580000 0.47590000 -0.08010000
vn -0.89510000 0.36150000 0.26090000
vn -0.65950000 0.17620000 -0.73070000
vn -0.64210000 0.33450000 -0.68980000
vn -0.95930000 0.28210000 0.00770000
vn -0.99560000 0.09270000 -0.00950000
vn -0.94290000 -0.33290000 0.00190000
vn -0.65950000 0.17620000 -0.73070000
vn -0.64980000 -0.22500000 -0.72600000
vn -0.74700000 -0.04050000 -0.66360000
vn -0.82040000 -0.57170000 -0.00980000
vn -0.73340000 -0.67980000 0.00170000
vn -0.94290000 -0.33290000 0.00190000
vn -0.64980000 -0.22500000 -0.72600000
vn -0.53150000 -0.49000000 -0.69090000
vn -0.53740000 -0.46550000 -0.70320000
vn -0.73340000 -0.67980000 0.00170000
vn -0.29330000 -0.95600000 -0.01010000
vn -0.24950000 -0.96840000 -0.00360000
vn -0.21910000 -0.65990000 -0.71870000
vn -0.53150000 -0.49000000 -0.69090000
vn -0.64980000 -0.22500000 -0.72600000
vn -0.53740000 -0.46550000 -0.70320000
vn -0.53150000 -0.49000000 -0.69090000
vn -0.87150000 -0.32540000 0.36700000
vn -0.72840000 -0.61750000 -0.29700000
vn -0.91290000 -0.05730000 -0.40420000
vn -0.74700000 -0.04050000 -0.66360000
vn -0.21910000 -0.65990000 -0.71870000
vn -0.15180000 -0.71760000 -0.67970000
vn -0.19560000 -0.93950000 -0.28120000
vn -0.48760000 -0.79590000 0.35890000
vn -0.72840000 -0.61750000 -0.29700000
vn -0.53740000 -0.46550000 -0.70320000
vn -0.29330000 -0.95600000 -0.01010000
vn 0.37770000 -0.92580000 0.01700000
vn -0.21910000 -0.65990000 -0.71870000
vn -0.15180000 -0.71760000 -0.67970000
vn 0.23130000 -0.66460000 -0.71050000
vn 0.26440000 -0.63040000 -0.72990000
vn 0.32970000 -0.92020000 -0.21120000
vn -0.00230000 -0.97750000 0.21110000
vn -0.19560000 -0.93950000 -0.28120000
vn 0.23130000 -0.66460000 -0.71050000
vn -0.15180000 -0.71760000 -0.67970000
vn 0.89390000 0.40320000 0.19590000
vn 0.94510000 -0.20150000 0.25720000
vn 0.94700000 0.25120000 -0.20000000
vn -0.00000000 -0.00000000 1.00000000
vn -0.00000000 -0.00010000 1.00000000
vn 0.01310000 0.97700000 0.21300000
vn 0.59090000 0.78130000 0.20130000
vn -0.00000000 -0.00010000 1.00000000
vn -0.00000000 -0.00000000 1.00000000
vn 0.37190000 0.89790000 -0.23550000
vn -0.00010000 -0.00000000 1.00000000
vn -0.57830000 0.80940000 0.10240000
vn -0.89510000 0.36150000 0.26090000
vn -0.87580000 0.47590000 -0.08010000
vn -0.60880000 0.79310000 -0.01920000
vn -0.00020000 -0.00020000 1.00000000
vn -0.00000000 -0.00000000 1.00000000
vn -0.00000000 -0.00010000 1.00000000
vn 0.89390000 0.40320000 0.19590000
vn 0.59090000 0.78130000 0.20130000
vn 0.74440000 0.64640000 -0.16740000
vn -0.00010000 -0.00000000 1.00000000
vn 0.00010000 -0.00000000 1.00000000
vn -0.07820000 0.99240000 -0.09500000
vn -0.00000000 -0.00000000 1.00000000
vn -0.57830000 0.80940000 0.10240000
vn 0.01310000 0.97700000 0.21300000
vn -0.00000000 -0.00010000 1.00000000
vn 0.94700000 0.25120000 -0.20000000
vn 0.74440000 0.64640000 -0.16740000
vn 0.89390000 0.40320000 0.19590000
vn 0.54610000 0.46290000 -0.69820000
vn 0.70210000 0.18120000 -0.68860000
vn -0.24950000 -0.96840000 -0.00360000
vn -0.82040000 -0.57170000 -0.00980000
vn -0.00000000 0.00010000 -1.00000000
vn -0.00000000 -0.00000000 -1.00000000
vn -0.73340000 -0.67980000 0.00170000
vn -0.99560000 0.09270000 -0.00950000
vn -0.94290000 -0.33290000 0.00190000
vn -0.00000000 -0.00010000 -1.00000000
vn -0.00000000 0.00010000 -1.00000000
vn -0.00020000 -0.00000000 -1.00000000
vn -0.00000000 -0.00000000 -1.00000000
vn -0.82040000 -0.57170000 -0.00980000
vn 0.67060000 -0.74160000 -0.01760000
vn -0.24950000 -0.96840000 -0.00360000
vn -0.29330000 -0.95600000 -0.01010000
vn 0.37770000 -0.92580000 0.01700000
vn -0.00000000 -0.00000000 -1.00000000
vn 0.37770000 -0.92580000 0.01700000
vn 0.26440000 -0.63040000 -0.72990000
vn 0.54190000 -0.48010000 -0.68980000
vn 0.90700000 -0.42080000 0.01370000
vn 0.67060000 -0.74160000 -0.01760000
vn 0.62120000 -0.27670000 -0.73320000
vn 0.26440000 -0.63040000 -0.72990000
vn 0.55320000 -0.76620000 0.32700000
vn 0.72380000 -0.65570000 -0.21490000
vn 0.32970000 -0.92020000 -0.21120000
vn 0.23130000 -0.66460000 -0.71050000
vn 0.54190000 -0.48010000 -0.68980000
vn 0.62120000 -0.27670000 -0.73320000
vn 0.69010000 -0.19710000 -0.69630000
vn 0.72380000 -0.65570000 -0.21490000
vn 0.54190000 -0.48010000 -0.68980000
vn 0.95930000 -0.28050000 -0.03350000
vn 0.69120000 0.14840000 -0.70730000
vn 0.69010000 -0.19710000 -0.69630000
vn 0.70210000 0.18120000 -0.68860000
vn 0.95930000 -0.28050000 -0.03350000
vn 0.94510000 -0.20150000 0.25720000
vn 0.94700000 0.25120000 -0.20000000
vn 0.57790000 0.45280000 -0.67900000
vn 0.53590000 0.21180000 -0.81730000
vn 0.70210000 0.18120000 -0.68860000
vn 0.54610000 0.46290000 -0.69820000
vn 0.69120000 0.14840000 -0.70730000
vn 0.25900000 0.64820000 -0.71600000
vn 0.37190000 0.89790000 -0.23550000
vn 0.23580000 0.67230000 -0.70170000
vn 0.54610000 0.46290000 -0.69820000
vn 0.57790000 0.45280000 -0.67900000
vn 0.74440000 0.64640000 -0.16740000
vn 0.59090000 0.78130000 0.20130000
vn -0.16050000 0.98700000 -0.00270000
vn -0.05910000 0.72450000 -0.68680000
vn -0.11860000 0.69280000 -0.71130000
vn 0.25900000 0.64820000 -0.71600000
vn 0.33570000 0.94200000 0.00380000
vn 0.23580000 0.67230000 -0.70170000
vn -0.91290000 -0.05730000 -0.40420000
vn -0.00000000 0.00050000 1.00000000
vn -0.00030000 -0.00000000 1.00000000
vn -0.00020000 -0.00020000 1.00000000
vn -0.89510000 0.36150000 0.26090000
vn -0.87150000 -0.32540000 0.36700000
vn -0.19560000 -0.93950000 -0.28120000
vn 0.00030000 0.00010000 1.00000000
vn 0.00020000 0.00010000 1.00000000
vn -0.00230000 -0.97750000 0.21110000
vn -0.48760000 -0.79590000 0.35890000
vn -0.00000000 -0.00010000 1.00000000
vn -0.00000000 -0.00000000 1.00000000
vn 0.55320000 -0.76620000 0.32700000
vn 0.94510000 -0.20150000 0.25720000
vn 0.95930000 -0.28050000 -0.03350000
vn 0.72380000 -0.65570000 -0.21490000
vn -0.87150000 -0.32540000 0.36700000
vn 0.00030000 0.00010000 1.00000000
vn -0.72840000 -0.61750000 -0.29700000
vn 0.00010000 0.00040000 1.00000000
vn -0.48760000 -0.79590000 0.35890000
vn -0.00000000 0.00050000 1.00000000
vn 0.55320000 -0.76620000 0.32700000
vn -0.00230000 -0.97750000 0.21110000
vn 0.00020000 0.00010000 1.00000000
vn 0.32970000 -0.92020000 -0.21120000
vn -0.00000000 -0.00000000 1.00000000
vn 0.00010000 -0.00000000 1.00000000
vn -0.55350000 -0.81030000 -0.19230000
vn -0.00010000 -0.00000000 1.00000000
vn 0.48630000 -0.86420000 0.12940000
vn 0.72030000 -0.68720000 -0.09480000
vn -0.00000000 -0.00010000 1.00000000
vn -0.00000000 0.00050000 1.00000000
vn 0.00010000 0.00040000 1.00000000
vn 0.98870000 -0.07410000 0.13030000
vn -0.00030000 -0.00000000 1.00000000
vn 0.42510000 0.88450000 0.19230000
vn 0.23620000 0.97170000 -0.00000000
vn -0.41670000 0.89040000 0.18320000
vn -0.00000000 -0.00010000 1.00000000
vn -0.00000000 -0.00000000 1.00000000
vn 0.55350000 0.81040000 -0.19230000
vn -0.72030000 0.68720000 -0.09490000
vn 0.00020000 0.00010000 1.00000000
vn -0.00000000 -0.00010000 1.00000000
vn -0.95960000 -0.28150000 -0.00000000
vn -0.00000000 -0.00000000 1.00000000
vn -0.23620000 0.97170000 -0.00000000
vn -0.41670000 0.89040000 0.18320000
vn 0.23480000 -0.96710000 -0.09810000
vn -0.00030000 -0.00000000 1.00000000
vn -0.00020000 -0.00020000 1.00000000
vn -0.00000000 -0.00000000 1.00000000
vn 0.98870000 -0.07410000 0.13030000
vn 0.48630000 -0.86420000 0.12940000
vn 0.98880000 0.08520000 -0.12280000
vn 0.00010000 -0.00000000 1.00000000
vn -0.95960000 -0.28150000 -0.00000000
vn -0.95530000 0.28020000 0.09480000
vn -0.00000000 -0.00000000 1.00000000
vn -0.97940000 -0.08440000 -0.18330000
vn -0.00000000 -0.00000000 1.00000000
vn -0.00000000 -0.00010000 1.00000000
vn -0.23590000 -0.97180000 -0.00000000
vn -0.00010000 -0.00000000 1.00000000
vn -0.42480000 -0.88460000 0.19220000
vn -0.95530000 0.28020000 0.09480000
vn 0.00020000 0.00010000 1.00000000
vn 0.00010000 0.00040000 1.00000000
vn 0.72350000 0.69030000 -0.00000000
vn 0.55350000 0.81040000 -0.19230000
vn 0.00030000 0.00010000 1.00000000
vn 0.23620000 0.97170000 -0.00000000
vn -0.72350000 -0.69030000 -0.00000000
vn -0.00000000 -0.00000000 1.00000000
vn -0.55350000 -0.81030000 -0.19230000
vn -0.00010000 -0.00000000 1.00000000
vn -0.23590000 -0.97180000 -0.00000000
vn -0.00000000 -0.00000000 1.00000000
vn 0.55350000 0.81040000 -0.19230000
vn -0.72030000 0.68720000 -0.09490000
vn 0.72350000 0.69030000 -0.00000000
vn 0.23620000 0.97170000 -0.00000000
vn -0.00000000 -0.00000000 1.00000000
vn 0.72350000 0.69030000 -0.00000000
vn 0.42510000 0.88450000 0.19230000
vn 0.98880000 0.08520000 -0.12280000
vn -0.00000000 -0.00000000 1.00000000
vn 0.42510000 0.88450000 0.19230000
vn 0.98870000 -0.07410000 0.13030000
vn 0.98880000 0.08520000 -0.12280000
vn 0.23480000 -0.96710000 -0.09810000
vn -0.00000000 -0.00000000 1.00000000
vn -0.00000000 -0.00000000 1.00000000
vn 0.23480000 -0.96710000 -0.09810000
vn 0.72030000 -0.68720000 -0.09480000
vn 0.48630000 -0.86420000 0.12940000
vn 0.72030000 -0.68720000 -0.09480000
vn -0.00000000 -0.00000000 1.00000000
vn -0.55350000 -0.81030000 -0.19230000
vn -0.72350000 -0.69030000 -0.00000000
vn -0.00000000 -0.00000000 1.00000000
vn -0.72350000 -0.69030000 -0.00000000
vn -0.42480000 -0.88460000 0.19220000
vn -0.23590000 -0.97180000 -0.00000000
vn -0.97940000 -0.08440000 -0.18330000
vn -0.42480000 -0.88460000 0.19220000
vn -0.95530000 0.28020000 0.09480000
vn -0.00000000 -0.00000000 1.00000000
vn -0.00000000 -0.00000000 1.00000000
vn -0.23620000 0.97170000 -0.00000000
vn -0.97940000 -0.08440000 -0.18330000
vn -0.95960000 -0.28150000 -0.00000000
vn -0.41670000 0.89040000 0.18320000
vn -0.23620000 0.97170000 -0.00000000
vn -0.00000000 -0.00000000 1.00000000
vn -0.72030000 0.68720000 -0.09490000
vn 0.51010000 0.47570000 -0.71660000
vn 0.39630000 0.91810000 -0.00890000
vn 0.22110000 0.65550000 -0.72210000
vn 0.25960000 0.65700000 -0.70780000
vn 0.30700000 0.95170000 0.00220000
vn 0.46690000 0.55240000 -0.69060000
vn 0.74510000 0.66690000 0.00390000
vn 0.74510000 0.66690000 0.00390000
vn -0.00000000 -0.00000000 -1.00000000
vn 0.39630000 0.91810000 -0.00890000
vn 0.93100000 0.36490000 -0.01170000
vn -0.50190000 0.86480000 -0.01660000
vn -0.91440000 0.40450000 0.01720000
vn -0.99980000 0.01340000 -0.01430000
vn -0.00000000 -0.00000000 -1.00000000
vn -0.67730000 -0.18740000 -0.71140000
vn -0.74510000 -0.01890000 -0.66660000
vn -0.99980000 0.01340000 -0.01430000
vn -0.62470000 0.29240000 -0.72410000
vn -0.91440000 0.40450000 0.01720000
vn -0.96170000 -0.27400000 0.01030000
vn -0.63880000 -0.21100000 -0.73990000
vn 0.00040000 -0.00040000 -1.00000000
vn 0.94840000 -0.31710000 0.00700000
vn 0.93100000 0.36490000 -0.01170000
vn 0.96580000 0.25920000 0.00050000
vn 0.88720000 -0.46120000 -0.00900000
vn -0.00000000 -0.00000000 -1.00000000
vn 0.94840000 -0.31710000 0.00700000
vn 0.68960000 -0.18890000 -0.69920000
vn 0.66680000 -0.21670000 -0.71310000
vn 0.68860000 0.19070000 -0.69960000
vn 0.96580000 0.25920000 0.00050000
vn -0.37770000 0.92590000 0.00270000
vn -0.50190000 0.86480000 -0.01660000
vn 0.39630000 0.91810000 -0.00890000
vn -0.00000000 -0.00000000 -1.00000000
vn 0.30700000 0.95170000 0.00220000
vn -0.28730000 0.62170000 -0.72860000
vn -0.07530000 0.73370000 -0.67530000
vn 0.25960000 0.65700000 -0.70780000
vn 0.30700000 0.95170000 0.00220000
vn -0.37770000 0.92590000 0.00270000
vn -0.07530000 0.73370000 -0.67530000
vn -0.48530000 0.86010000 -0.15690000
vn -0.09970000 0.99500000 -0.00760000
vn -0.17400000 0.94420000 0.27970000
vn -0.28730000 0.62170000 -0.72860000
vn -0.34900000 0.61300000 -0.70880000
vn -0.91440000 0.40450000 0.01720000
vn -0.61080000 0.40590000 -0.67990000
vn -0.28730000 0.62170000 -0.72860000
vn -0.34900000 0.61300000 -0.70880000
vn -0.62470000 0.29240000 -0.72410000
vn -0.50190000 0.86480000 -0.01660000
vn -0.37770000 0.92590000 0.00270000
vn -0.07530000 0.73370000 -0.67530000
vn 0.30610000 0.93520000 -0.17810000
vn 0.25960000 0.65700000 -0.70780000
vn 0.22110000 0.65550000 -0.72210000
vn -0.09970000 0.99500000 -0.00760000
vn -0.48530000 0.86010000 -0.15690000
vn -0.34900000 0.61300000 -0.70880000
vn -0.71670000 0.67670000 0.16890000
vn -0.80150000 0.54650000 -0.24280000
vn -0.61080000 0.40590000 -0.67990000
vn -0.93930000 -0.03050000 -0.34170000
vn -0.61080000 0.40590000 -0.67990000
vn -0.74510000 -0.01890000 -0.66660000
vn -0.80150000 0.54650000 -0.24280000
vn -0.62470000 0.29240000 -0.72410000
vn -0.93160000 0.20320000 0.30130000
vn -0.67730000 -0.18740000 -0.71140000
vn -0.49190000 -0.47270000 -0.73110000
vn -0.63880000 -0.21100000 -0.73990000
vn -0.55480000 -0.52430000 -0.64600000
vn -0.59750000 -0.43030000 -0.67670000
vn -0.49760000 -0.86730000 0.01130000
vn -0.32530000 -0.56900000 -0.75520000
vn -0.55480000 -0.52430000 -0.64600000
vn -0.67730000 -0.18740000 -0.71140000
vn -0.74750000 -0.66410000 -0.01040000
vn -0.96170000 -0.27400000 0.01030000
vn -0.49190000 -0.47270000 -0.73110000
vn -0.27120000 -0.64540000 -0.71400000
vn -0.37900000 -0.64280000 -0.66570000
vn -0.55480000 -0.52430000 -0.64600000
vn -0.32530000 -0.56900000 -0.75520000
vn -0.59750000 -0.43030000 -0.67670000
vn -0.80290000 -0.57970000 -0.13870000
vn -0.49190000 -0.47270000 -0.73110000
vn -0.37900000 -0.64280000 -0.66570000
vn -0.50480000 -0.86050000 0.06780000
vn -0.32530000 -0.56900000 -0.75520000
vn -0.49760000 -0.86730000 0.01130000
vn -0.00960000 -0.74030000 -0.67220000
vn -0.27120000 -0.64540000 -0.71400000
vn 0.13590000 -0.99070000 0.00820000
vn -0.24230000 -0.97020000 -0.00890000
vn 0.11610000 -0.68260000 -0.72150000
vn -0.44910000 -0.86230000 0.23390000
vn -0.27120000 -0.64540000 -0.71400000
vn -0.37900000 -0.64280000 -0.66570000
vn -0.00960000 -0.74030000 -0.67220000
vn -0.50480000 -0.86050000 0.06780000
vn -0.01550000 -0.92340000 -0.38350000
vn -0.93930000 -0.03050000 -0.34170000
vn -0.59750000 -0.43030000 -0.67670000
vn -0.84210000 -0.38850000 0.37420000
vn -0.80290000 -0.57970000 -0.13870000
vn -0.63880000 -0.21100000 -0.73990000
vn -0.74510000 -0.01890000 -0.66660000
vn -0.00030000 0.00040000 1.00000000
vn -0.00040000 -0.00010000 1.00000000
vn -0.00040000 0.00010000 1.00000000
vn 0.95600000 -0.26930000 -0.11630000
vn 0.83830000 -0.38720000 0.38380000
vn -0.00030000 -0.00030000 1.00000000
vn 0.95100000 0.29940000 -0.07670000
vn 0.90000000 0.36120000 0.24390000
vn 0.50360000 0.82900000 0.24320000
vn -0.17400000 0.94420000 0.27970000
vn -0.09970000 0.99500000 -0.00760000
vn 0.30610000 0.93520000 -0.17810000
vn 0.00010000 -0.00020000 1.00000000
vn -0.00000000 -0.00010000 1.00000000
vn -0.93930000 -0.03050000 -0.34170000
vn 0.00020000 -0.00010000 1.00000000
vn -0.84210000 -0.38850000 0.37420000
vn -0.00000000 0.00050000 1.00000000
vn -0.93160000 0.20320000 0.30130000
vn 0.00030000 -0.00000000 1.00000000
vn -0.00000000 0.00050000 1.00000000
vn -0.00030000 -0.00010000 1.00000000
vn -0.71670000 0.67670000 0.16890000
vn -0.93160000 0.20320000 0.30130000
vn -0.80150000 0.54650000 -0.24280000
vn 0.63890000 0.75620000 -0.14160000
vn 0.46690000 0.55240000 -0.69060000
vn 0.22110000 0.65550000 -0.72210000
vn 0.50360000 0.82900000 0.24320000
vn 0.30610000 0.93520000 -0.17810000
vn 0.00010000 0.00010000 1.00000000
vn 0.00010000 -0.00020000 1.00000000
vn -0.00030000 0.00040000 1.00000000
vn 0.63890000 0.75620000 -0.14160000
vn 0.50360000 0.82900000 0.24320000
vn 0.90000000 0.36120000 0.24390000
vn -0.48530000 0.86010000 -0.15690000
vn -0.00030000 -0.00010000 1.00000000
vn -0.17400000 0.94420000 0.27970000
vn -0.71670000 0.67670000 0.16890000
vn -0.00000000 -0.00010000 1.00000000
vn 0.51010000 0.47570000 -0.71660000
vn 0.46690000 0.55240000 -0.69060000
vn 0.63890000 0.75620000 -0.14160000
vn 0.90000000 0.36120000 0.24390000
vn 0.95100000 0.29940000 -0.07670000
vn 0.69270000 0.21690000 -0.68790000
vn -0.74750000 -0.66410000 -0.01040000
vn -0.49760000 -0.86730000 0.01130000
vn -0.24230000 -0.97020000 -0.00890000
vn -0.00000000 -0.00000000 -1.00000000
vn -0.99980000 0.01340000 -0.01430000
vn -0.00000000 -0.00000000 -1.00000000
vn -0.74750000 -0.66410000 -0.01040000
vn -0.96170000 -0.27400000 0.01030000
vn 0.88720000 -0.46120000 -0.00900000
vn 0.66680000 -0.21670000 -0.71310000
vn 0.54320000 -0.47540000 -0.69210000
vn 0.94840000 -0.31710000 0.00700000
vn 0.42230000 -0.55190000 -0.71910000
vn 0.61990000 -0.78460000 0.00590000
vn 0.88720000 -0.46120000 -0.00900000
vn 0.42630000 -0.90450000 -0.00830000
vn 0.00040000 -0.00040000 -1.00000000
vn 0.61990000 -0.78460000 0.00590000
vn 0.61990000 -0.78460000 0.00590000
vn 0.11610000 -0.68260000 -0.72150000
vn 0.42230000 -0.55190000 -0.71910000
vn 0.42630000 -0.90450000 -0.00830000
vn 0.13590000 -0.99070000 0.00820000
vn 0.35820000 -0.61840000 -0.69950000
vn 0.00040000 -0.00040000 -1.00000000
vn 0.13590000 -0.99070000 0.00820000
vn 0.42630000 -0.90450000 -0.00830000
vn -0.00000000 -0.00000000 -1.00000000
vn -0.24230000 -0.97020000 -0.00890000
vn -0.01550000 -0.92340000 -0.38350000
vn 0.11610000 -0.68260000 -0.72150000
vn -0.00960000 -0.74030000 -0.67220000
vn 0.50760000 -0.85870000 -0.07070000
vn 0.35820000 -0.61840000 -0.69950000
vn 0.28110000 -0.82280000 0.49400000
vn 0.35820000 -0.61840000 -0.69950000
vn 0.74370000 -0.64160000 -0.18780000
vn 0.42230000 -0.55190000 -0.71910000
vn 0.50760000 -0.85870000 -0.07070000
vn 0.54320000 -0.47540000 -0.69210000
vn 0.74370000 -0.64160000 -0.18780000
vn 0.95600000 -0.26930000 -0.11630000
vn 0.66680000 -0.21670000 -0.71310000
vn 0.68960000 -0.18890000 -0.69920000
vn 0.83830000 -0.38720000 0.38380000
vn 0.54320000 -0.47540000 -0.69210000
vn 0.95100000 0.29940000 -0.07670000
vn 0.69270000 0.21690000 -0.68790000
vn 0.68860000 0.19070000 -0.69960000
vn 0.68960000 -0.18890000 -0.69920000
vn 0.95600000 -0.26930000 -0.11630000
vn 0.51010000 0.47570000 -0.71660000
vn 0.68860000 0.19070000 -0.69960000
vn 0.93100000 0.36490000 -0.01170000
vn 0.96580000 0.25920000 0.00050000
vn 0.69270000 0.21690000 -0.68790000
vn 0.74510000 0.66690000 0.00390000
vn -0.00010000 -0.00010000 1.00000000
vn -0.44910000 -0.86230000 0.23390000
vn -0.01550000 -0.92340000 -0.38350000
vn 0.00010000 -0.00010000 1.00000000
vn 0.28110000 -0.82280000 0.49400000
vn -0.00000000 -0.00010000 1.00000000
vn 0.28110000 -0.82280000 0.49400000
vn -0.00030000 -0.00030000 1.00000000
vn 0.83830000 -0.38720000 0.38380000
vn 0.50760000 -0.85870000 -0.07070000
vn 0.00010000 -0.00010000 1.00000000
vn -0.00000000 -0.00010000 1.00000000
vn 0.74370000 -0.64160000 -0.18780000
vn -0.80290000 -0.57970000 -0.13870000
vn -0.50480000 -0.86050000 0.06780000
vn 0.00010000 -0.00010000 1.00000000
vn -0.00000000 -0.00000000 1.00000000
vn 0.00020000 -0.00010000 1.00000000
vn -0.44910000 -0.86230000 0.23390000
vn -0.84210000 -0.38850000 0.37420000
vn 0.00020000 -0.00010000 1.00000000
vn -0.00000000 -0.00000000 1.00000000
vn 0.00030000 -0.00000000 1.00000000
vn 0.23510000 0.96730000 0.09490000
vn 0.97850000 -0.07430000 0.19220000
vn 0.97940000 -0.08440000 0.18340000
vn -0.63750000 -0.77050000 -0.00600000
vn 0.00010000 0.00010000 1.00000000
vn 0.00010000 -0.00020000 1.00000000
vn -0.42580000 -0.88400000 0.19320000
vn -0.00000000 -0.00010000 1.00000000
vn 0.63740000 -0.77050000 0.00600000
vn 0.55350000 0.81030000 -0.19240000
vn -0.41670000 0.89040000 0.18330000
vn 0.00010000 -0.00010000 1.00000000
vn -0.00000000 -0.00010000 1.00000000
vn -0.72030000 0.68710000 -0.09480000
vn -0.00010000 -0.00010000 1.00000000
vn -0.00000000 0.00050000 1.00000000
vn 0.42500000 -0.88450000 -0.19230000
vn -0.00030000 -0.00010000 1.00000000
vn -0.00000000 -0.00010000 1.00000000
vn 0.00030000 -0.00000000 1.00000000
vn 0.95530000 0.28020000 -0.09480000
vn 0.97940000 -0.08440000 0.18340000
vn -0.41670000 0.89040000 0.18330000
vn -0.00030000 -0.00030000 1.00000000
vn -0.00040000 -0.00010000 1.00000000
vn 0.00010000 -0.00010000 1.00000000
vn -0.95960000 -0.28150000 -0.00000000
vn -0.23620000 0.97170000 -0.00000000
vn -0.95960000 -0.28150000 -0.00000000
vn -0.00040000 0.00010000 1.00000000
vn -0.97940000 -0.08440000 -0.18340000
vn -0.00040000 -0.00010000 1.00000000
vn -0.95530000 0.28020000 0.09480000
vn -0.00040000 0.00010000 1.00000000
vn -0.42500000 -0.88450000 0.19240000
vn -0.42580000 -0.88400000 0.19320000
vn -0.95530000 0.28020000 0.09480000
vn -0.00030000 0.00040000 1.00000000
vn 0.00010000 0.00010000 1.00000000
vn -0.00010000 -0.00010000 1.00000000
vn 0.23510000 0.96730000 0.09490000
vn 0.55350000 0.81030000 -0.19240000
vn -0.00000000 -0.00000000 1.00000000
vn 0.56290000 0.80590000 -0.18330000
vn 0.00010000 -0.00010000 1.00000000
vn -0.00000000 -0.00010000 1.00000000
vn 0.63740000 -0.77050000 0.00600000
vn 0.42500000 -0.88450000 -0.19230000
vn 0.42570000 -0.88400000 -0.19310000
vn -0.00000000 -0.00000000 1.00000000
vn 0.56290000 0.80590000 -0.18330000
vn 0.55350000 0.81030000 -0.19240000
vn -0.72030000 0.68710000 -0.09480000
vn -0.00000000 -0.00000000 1.00000000
vn 0.56290000 0.80590000 -0.18330000
vn 0.23510000 0.96730000 0.09490000
vn 0.97850000 -0.07430000 0.19220000
vn 0.95530000 0.28020000 -0.09480000
vn 0.97850000 -0.07430000 0.19220000
vn -0.00000000 -0.00000000 1.00000000
vn 0.97940000 -0.08440000 0.18340000
vn -0.00000000 -0.00000000 1.00000000
vn 0.42570000 -0.88400000 -0.19310000
vn 0.95530000 0.28020000 -0.09480000
vn 0.42500000 -0.88450000 -0.19230000
vn -0.63750000 -0.77050000 -0.00600000
vn 0.42570000 -0.88400000 -0.19310000
vn 0.63740000 -0.77050000 0.00600000
vn -0.00000000 -0.00000000 1.00000000
vn -0.00000000 -0.00000000 1.00000000
vn -0.42580000 -0.88400000 0.19320000
vn -0.42500000 -0.88450000 0.19240000
vn -0.63750000 -0.77050000 -0.00600000
vn -0.97940000 -0.08440000 -0.18340000
vn -0.95530000 0.28020000 0.09480000
vn -0.42500000 -0.88450000 0.19240000
vn -0.00000000 -0.00000000 1.00000000
vn -0.97940000 -0.08440000 -0.18340000
vn -0.23620000 0.97170000 -0.00000000
vn -0.95960000 -0.28150000 -0.00000000
vn -0.00000000 -0.00000000 1.00000000
vn -0.23620000 0.97170000 -0.00000000
vn -0.00000000 -0.00000000 1.00000000
vn -0.41670000 0.89040000 0.18330000
vn -0.72030000 0.68710000 -0.09480000
f 2631//2631 1//1 3//3
f 1//1 1989//1989 3//3
f 1989//1989 2140//2140 2718//2718
f 3//3 1989//1989 2718//2718
f 2718//2718 2140//2140 2161//2161
f 2140//2140 2230//2230 2161//2161
f 2230//2230 1986//1986 2162//2162
f 2161//2161 2230//2230 2162//2162
f 2162//2162 1986//1986 10//10
f 2654//2654 2162//2162 10//10
f 2457//2457 2654//2654 2436//2436
f 2654//2654 10//10 2436//2436
f 2457//2457 2436//2436 2018//2018
f 15//15 2457//2457 2018//2018
f 15//15 2018//2018 17//17
f 2018//2018 2295//2295 17//17
f 19//19 17//17 2295//2295
f 22//22 19//19 2031//2031
f 19//19 2295//2295 2031//2031
f 2031//2031 21//21 22//22
f 2349//2349 22//22 21//21
f 21//21 24//24 2349//2349
f 25//25 2349//2349 24//24
f 24//24 2659//2659 25//25
f 27//27 25//25 2659//2659
f 2659//2659 2660//2660 27//27
f 1897//1897 27//27 2660//2660
f 2660//2660 2629//2629 1897//1897
f 30//30 1897//1897 2629//2629
f 2629//2629 31//31 30//30
f 33//33 30//30 31//31
f 33//33 31//31 32//32
f 32//32 2337//2337 33//33
f 34//34 33//33 2337//2337
f 2337//2337 35//35 34//34
f 2608//2608 34//34 35//35
f 35//35 2647//2647 2608//2608
f 38//38 2608//2608 2647//2647
f 2647//2647 39//39 38//38
f 40//40 38//38 39//39
f 39//39 2370//2370 40//40
f 42//42 40//40 2370//2370
f 2370//2370 2299//2299 42//42
f 2684//2684 42//42 2299//2299
f 2299//2299 43//43 2684//2684
f 2684//2684 43//43 44//44
f 44//44 43//43 45//45
f 43//43 46//46 45//45
f 45//45 46//46 47//47
f 47//47 46//46 2340//2340
f 47//47 2340//2340 48//48
f 51//51 50//50 52//52
f 2430//2430 51//51 52//52
f 2340//2340 52//52 50//50
f 48//48 2340//2340 50//50
f 1190//1190 2558//2558 2447//2447
f 2489//2489 2447//2447 2558//2558
f 56//56 54//54 57//57
f 58//58 1190//1190 2447//2447
f 59//59 1190//1190 58//58
f 60//60 2489//2489 1294//1294
f 60//60 2447//2447 2489//2489
f 2399//2399 59//59 58//58
f 61//61 1294//1294 62//62
f 61//61 60//60 1294//1294
f 61//61 62//62 63//63
f 2130//2130 64//64 2399//2399
f 65//65 61//61 63//63
f 66//66 65//65 63//63
f 66//66 63//63 67//67
f 456//456 68//68 2130//2130
f 69//69 66//66 67//67
f 69//69 67//67 70//70
f 2561//2561 71//71 456//456
f 72//72 71//71 2561//2561
f 73//73 69//69 70//70
f 74//74 73//73 70//70
f 2100//2100 72//72 2561//2561
f 76//76 72//72 2100//2100
f 77//77 73//73 74//74
f 78//78 77//77 74//74
f 2372//2372 76//76 2100//2100
f 2316//2316 76//76 2372//2372
f 80//80 77//77 78//78
f 81//81 80//80 78//78
f 2318//2318 2316//2316 2372//2372
f 2318//2318 2372//2372 2226//2226
f 83//83 80//80 81//81
f 84//84 83//83 81//81
f 2701//2701 84//84 81//81
f 2488//2488 2226//2226 2382//2382
f 2488//2488 2318//2318 2226//2226
f 88//88 84//84 2701//2701
f 89//89 2488//2488 2382//2382
f 90//90 2701//2701 2688//2688
f 90//90 88//88 2701//2701
f 2475//2475 92//92 89//89
f 2475//2475 89//89 2382//2382
f 93//93 90//90 2688//2688
f 94//94 93//93 2688//2688
f 2658//2658 95//95 2475//2475
f 96//96 93//93 94//94
f 1292//1292 96//96 94//94
f 97//97 96//96 1292//1292
f 98//98 97//97 1292//1292
f 2072//2072 99//99 2658//2658
f 100//100 97//97 98//98
f 101//101 100//100 98//98
f 2178//2178 2176//2176 2072//2072
f 103//103 100//100 101//101
f 104//104 103//103 101//101
f 105//105 103//103 104//104
f 107//107 105//105 104//104
f 108//108 107//107 104//104
f 2188//2188 110//110 2302//2302
f 2695//2695 107//107 108//108
f 112//112 107//107 2695//2695
f 323//323 113//113 2188//2188
f 323//323 114//114 113//113
f 2696//2696 112//112 2695//2695
f 116//116 112//112 2696//2696
f 2105//2105 2006//2006 323//323
f 117//117 116//116 2696//2696
f 118//118 116//116 117//117
f 119//119 117//117 120//120
f 119//119 118//118 117//117
f 121//121 2003//2003 2105//2105
f 123//123 120//120 1511//1511
f 123//123 119//119 120//120
f 357//357 2035//2035 121//121
f 125//125 123//123 1511//1511
f 126//126 123//123 125//125
f 127//127 1969//1969 357//357
f 129//129 126//126 125//125
f 130//130 129//129 125//125
f 131//131 129//129 130//130
f 272//272 132//132 127//127
f 2623//2623 131//131 130//130
f 134//134 131//131 2623//2623
f 2633//2633 136//136 272//272
f 2460//2460 134//134 2623//2623
f 137//137 134//134 2460//2460
f 2375//2375 2347//2347 2633//2633
f 2346//2346 137//137 2460//2460
f 2509//2509 2348//2348 2375//2375
f 142//142 2346//2346 2120//2120
f 142//142 137//137 2346//2346
f 144//144 142//142 2120//2120
f 304//304 145//145 2509//2509
f 144//144 2120//2120 146//146
f 147//147 144//144 146//146
f 148//148 147//147 146//146
f 315//315 149//149 304//304
f 150//150 149//149 315//315
f 153//153 150//150 315//315
f 151//151 152//152 153//153
f 151//151 153//153 315//315
f 154//154 148//148 155//155
f 154//154 147//147 148//148
f 156//156 151//151 315//315
f 156//156 155//155 151//151
f 156//156 154//154 155//155
f 149//149 145//145 304//304
f 145//145 2348//2348 2509//2509
f 2348//2348 2347//2347 2375//2375
f 2347//2347 136//136 2633//2633
f 136//136 132//132 272//272
f 132//132 1969//1969 127//127
f 1969//1969 2035//2035 357//357
f 2035//2035 2003//2003 121//121
f 2003//2003 2006//2006 2105//2105
f 2006//2006 114//114 323//323
f 113//113 110//110 2188//2188
f 110//110 2653//2653 2302//2302
f 2653//2653 2177//2177 2179//2179
f 2176//2176 99//99 2072//2072
f 99//99 95//95 2658//2658
f 95//95 92//92 2475//2475
f 71//71 68//68 456//456
f 68//68 64//64 2130//2130
f 64//64 59//59 2399//2399
f 2491//2491 2389//2389 158//158
f 2491//2491 158//158 1193//1193
f 2451//2451 2491//2491 1193//1193
f 2451//2451 1193//1193 2470//2470
f 2453//2453 2451//2451 2394//2394
f 2451//2451 2470//2470 2394//2394
f 2453//2453 2394//2394 164//164
f 2196//2196 2453//2453 1044//1044
f 2453//2453 164//164 1044//1044
f 2217//2217 2196//2196 167//167
f 2196//2196 1044//1044 167//167
f 2273//2273 2217//2217 2523//2523
f 2217//2217 167//167 2523//2523
f 2273//2273 2523//2523 169//169
f 2308//2308 2478//2478 2705//2705
f 2483//2483 2307//2307 2503//2503
f 170//170 172//172 174//174
f 2482//2482 2502//2502 2388//2388
f 2166//2166 173//173 2387//2387
f 175//175 157//157 2492//2492
f 2167//2167 2164//2164 2493//2493
f 2169//2169 159//159 160//160
f 2184//2184 2168//2168 2452//2452
f 2184//2184 2452//2452 2455//2455
f 2290//2290 177//177 2454//2454
f 119//119 123//123 2066//2066
f 77//77 80//80 2151//2151
f 118//118 119//119 2067//2067
f 73//73 2151//2151 2014//2014
f 73//73 77//77 2151//2151
f 116//116 2067//2067 2133//2133
f 116//116 118//118 2067//2067
f 73//73 2014//2014 1977//1977
f 154//154 156//156 2614//2614
f 112//112 2133//2133 1971//1971
f 147//147 2614//2614 2027//2027
f 112//112 116//116 2133//2133
f 69//69 73//73 1977//1977
f 147//147 154//154 2614//2614
f 69//69 1977//1977 1978//1978
f 66//66 1978//1978 2070//2070
f 107//107 1971//1971 1972//1972
f 66//66 69//69 1978//1978
f 107//107 112//112 1971//1971
f 144//144 2027//2027 2028//2028
f 144//144 147//147 2027//2027
f 65//65 66//66 2070//2070
f 144//144 2028//2028 2731//2731
f 61//61 2070//2070 2071//2071
f 61//61 65//65 2070//2070
f 105//105 1972//1972 210//210
f 105//105 107//107 1972//1972
f 142//142 144//144 2731//2731
f 60//60 61//61 2071//2071
f 103//103 105//105 210//210
f 137//137 2731//2731 2707//2707
f 137//137 142//142 2731//2731
f 103//103 210//210 212//212
f 137//137 2707//2707 213//213
f 100//100 103//103 212//212
f 134//134 137//137 213//213
f 97//97 100//100 212//212
f 97//97 212//212 2379//2379
f 134//134 213//213 2332//2332
f 96//96 97//97 2379//2379
f 96//96 2379//2379 2380//2380
f 131//131 2332//2332 2429//2429
f 131//131 134//134 2332//2332
f 93//93 96//96 2380//2380
f 90//90 93//93 2380//2380
f 90//90 2380//2380 2423//2423
f 129//129 2429//2429 223//223
f 129//129 131//131 2429//2429
f 88//88 90//90 2423//2423
f 88//88 2423//2423 224//224
f 126//126 129//129 223//223
f 84//84 88//88 224//224
f 123//123 223//223 2066//2066
f 83//83 224//224 2150//2150
f 123//123 126//126 223//223
f 83//83 84//84 224//224
f 80//80 83//83 2150//2150
f 80//80 2150//2150 2151//2151
f 119//119 2066//2066 2067//2067
f 225//225 226//226 2234//2234
f 225//225 2234//2234 2207//2207
f 228//228 1975//1975 2089//2089
f 230//230 156//156 315//315
f 228//228 2089//2089 2054//2054
f 230//230 315//315 324//324
f 232//232 324//324 2123//2123
f 232//232 230//230 324//324
f 234//234 225//225 2207//2207
f 235//235 232//232 2123//2123
f 235//235 2123//2123 2600//2600
f 237//237 234//234 2207//2207
f 237//237 2207//2207 2440//2440
f 239//239 228//228 2054//2054
f 240//240 237//237 2440//2440
f 241//241 235//235 2600//2600
f 241//241 2600//2600 2579//2579
f 242//242 241//241 2579//2579
f 240//240 2440//2440 2275//2275
f 243//243 2054//2054 2145//2145
f 60//60 240//240 2275//2275
f 244//244 2579//2579 2059//2059
f 60//60 2275//2275 2447//2447
f 244//244 242//242 2579//2579
f 243//243 239//239 2054//2054
f 243//243 2145//2145 2148//2148
f 245//245 2059//2059 2594//2594
f 245//245 244//244 2059//2059
f 247//247 2594//2594 2466//2466
f 247//247 245//245 2594//2594
f 248//248 243//243 2148//2148
f 249//249 2148//2148 2604//2604
f 249//249 248//248 2148//2148
f 250//250 247//247 2466//2466
f 250//250 2466//2466 2467//2467
f 251//251 250//250 2467//2467
f 252//252 2604//2604 2163//2163
f 252//252 249//249 2604//2604
f 251//251 2467//2467 306//306
f 253//253 251//251 306//306
f 253//253 306//306 254//254
f 255//255 2163//2163 1999//1999
f 256//256 253//253 254//254
f 255//255 252//252 2163//2163
f 257//257 254//254 2157//2157
f 258//258 1999//1999 2000//2000
f 258//258 255//255 1999//1999
f 257//257 256//256 254//254
f 259//259 2000//2000 2025//2025
f 259//259 258//258 2000//2000
f 1975//1975 2157//2157 2087//2087
f 1975//1975 257//257 2157//2157
f 1975//1975 2087//2087 2089//2089
f 226//226 2025//2025 2234//2234
f 226//226 259//259 2025//2025
f 2565//2565 271//271 264//264
f 2057//2057 2595//2595 2058//2058
f 2181//2181 266//266 267//267
f 268//268 2691//2691 270//270
f 2181//2181 261//261 266//266
f 272//272 2566//2566 263//263
f 273//273 2565//2565 264//264
f 246//246 261//261 2181//2181
f 2181//2181 267//267 274//274
f 2634//2634 2565//2565 273//273
f 2633//2633 272//272 263//263
f 2635//2635 273//273 275//275
f 2181//2181 274//274 2182//2182
f 2635//2635 2634//2634 273//273
f 276//276 2376//2376 135//135
f 2220//2220 275//275 279//279
f 2466//2466 2594//2594 265//265
f 2466//2466 265//265 2183//2183
f 2220//2220 2635//2635 275//275
f 2374//2374 2635//2635 2220//2220
f 2499//2499 277//277 281//281
f 2220//2220 279//279 284//284
f 278//278 2706//2706 286//286
f 283//283 2466//2466 2183//2183
f 2499//2499 281//281 287//287
f 2221//2221 2374//2374 2220//2220
f 2613//2613 2691//2691 268//268
f 285//285 140//140 282//282
f 286//286 2222//2222 278//278
f 2612//2612 2180//2180 269//269
f 280//280 295//295 2500//2500
f 290//290 2499//2499 287//287
f 2611//2611 2653//2653 2179//2179
f 2613//2613 268//268 291//291
f 292//292 2222//2222 286//286
f 2509//2509 2222//2222 292//292
f 292//292 286//286 293//293
f 2639//2639 2613//2613 291//291
f 2467//2467 2499//2499 290//290
f 2303//2303 288//288 294//294
f 2302//2302 2653//2653 2611//2611
f 2639//2639 291//291 298//298
f 2592//2592 293//293 299//299
f 2639//2639 298//298 300//300
f 297//297 2467//2467 290//290
f 2592//2592 292//292 293//293
f 304//304 2509//2509 292//292
f 304//304 292//292 2591//2591
f 2592//2592 299//299 305//305
f 2191//2191 2303//2303 294//294
f 306//306 297//297 303//303
f 2190//2190 2189//2189 296//296
f 307//307 2639//2639 300//300
f 306//306 2467//2467 297//297
f 2592//2592 305//305 2674//2674
f 307//307 2192//2192 2639//2639
f 306//306 303//303 311//311
f 109//109 302//302 2241//2241
f 307//307 300//300 313//313
f 312//312 304//304 2591//2591
f 2411//2411 301//301 2673//2673
f 2188//2188 307//307 317//317
f 315//315 304//304 2412//2412
f 316//316 2411//2411 2673//2673
f 2413//2413 2411//2411 316//316
f 254//254 311//311 2700//2700
f 317//317 313//313 318//318
f 254//254 306//306 311//311
f 317//317 307//307 313//313
f 323//323 2188//2188 317//317
f 317//317 318//318 321//321
f 2155//2155 314//314 320//320
f 2396//2396 316//316 319//319
f 254//254 2700//2700 322//322
f 325//325 317//317 321//321
f 2396//2396 2413//2413 316//316
f 2155//2155 320//320 326//326
f 2396//2396 319//319 327//327
f 323//323 317//317 2232//2232
f 2233//2233 325//325 321//321
f 2233//2233 321//321 330//330
f 2157//2157 254//254 2156//2156
f 328//328 2155//2155 326//326
f 328//328 326//326 331//331
f 329//329 323//323 2232//2232
f 2104//2104 323//323 329//329
f 2233//2233 330//330 333//333
f 334//334 327//327 335//335
f 2209//2209 2233//2233 333//333
f 2209//2209 333//333 337//337
f 334//334 2396//2396 327//327
f 338//338 329//329 336//336
f 233//233 2396//2396 334//334
f 339//339 334//334 335//335
f 340//340 328//328 331//331
f 338//338 2104//2104 329//329
f 2088//2088 328//328 340//340
f 1974//1974 1973//1973 332//332
f 342//342 2209//2209 337//337
f 2088//2088 340//340 344//344
f 2210//2210 338//338 336//336
f 2125//2125 334//334 339//339
f 121//121 338//338 2210//2210
f 342//342 337//337 345//345
f 2124//2124 236//236 2122//2122
f 2125//2125 233//233 334//334
f 347//347 339//339 346//346
f 347//347 2125//2125 339//339
f 2599//2599 343//343 2310//2310
f 2403//2403 2088//2088 344//344
f 2402//2402 349//349 350//350
f 347//347 346//346 351//351
f 352//352 342//342 345//345
f 2402//2402 350//350 2090//2090
f 341//341 353//353 348//348
f 357//357 121//121 2210//2210
f 357//357 2210//2210 2711//2711
f 2569//2569 2711//2711 356//356
f 357//357 2711//2711 2569//2569
f 2311//2311 347//347 351//351
f 2312//2312 2581//2581 2601//2601
f 358//358 2599//2599 2310//2310
f 2580//2580 354//354 360//360
f 2580//2580 351//351 354//354
f 2580//2580 2311//2311 351//351
f 2570//2570 127//127 357//357
f 2664//2664 356//356 362//362
f 2664//2664 2569//2569 356//356
f 363//363 2580//2580 360//360
f 127//127 355//355 361//361
f 2664//2664 362//362 365//365
f 2582//2582 2580//2580 363//363
f 366//366 2060//2060 359//359
f 364//364 2582//2582 363//363
f 261//261 2582//2582 364//364
f 262//262 2582//2582 261//261
f 271//271 365//365 367//367
f 261//261 364//364 266//266
f 271//271 2664//2664 365//365
f 272//272 361//361 2566//2566
f 272//272 127//127 361//361
f 271//271 367//367 264//264
f 2283//2283 2102//2102 368//368
f 2235//2235 371//371 370//370
f 2235//2235 2026//2026 371//371
f 2099//2099 2101//2101 2282//2282
f 2283//2283 368//368 373//373
f 2321//2321 370//370 375//375
f 2321//2321 2235//2235 370//370
f 2099//2099 2282//2282 2284//2284
f 377//377 2283//2283 373//373
f 2405//2405 2283//2283 377//377
f 2203//2203 2321//2321 375//375
f 2203//2203 375//375 378//378
f 2286//2286 372//372 379//379
f 2372//2372 2100//2100 2285//2285
f 2204//2204 2206//2206 2236//2236
f 380//380 227//227 374//374
f 2205//2205 2203//2203 378//378
f 2405//2405 377//377 383//383
f 2205//2205 378//378 384//384
f 2406//2406 2373//2373 376//376
f 2205//2205 384//384 385//385
f 386//386 2405//2405 383//383
f 2508//2508 2205//2205 385//385
f 2224//2224 2405//2405 386//386
f 2225//2225 2227//2227 381//381
f 388//388 2373//2373 2406//2406
f 350//350 349//349 389//389
f 387//387 238//238 382//382
f 2061//2061 386//386 391//391
f 392//392 2508//2508 385//385
f 2061//2061 391//391 2218//2218
f 2091//2091 2053//2053 2350//2350
f 2441//2441 2508//2508 392//392
f 394//394 350//350 389//389
f 2061//2061 2224//2224 386//386
f 396//396 2224//2224 2061//2061
f 2052//2052 350//350 394//394
f 2274//2274 392//392 395//395
f 2106//2106 390//390 393//393
f 2063//2063 2062//2062 398//398
f 2055//2055 394//394 397//397
f 2064//2064 396//396 2061//2061
f 2274//2274 2441//2441 392//392
f 2065//2065 2382//2382 2226//2226
f 399//399 2275//2275 2440//2440
f 2274//2274 395//395 403//403
f 2281//2281 2063//2063 398//398
f 2055//2055 2052//2052 394//394
f 231//231 2147//2147 401//401
f 2146//2146 397//397 406//406
f 2146//2146 2055//2055 397//397
f 87//87 400//400 402//402
f 2281//2281 398//398 407//407
f 2146//2146 406//406 410//410
f 409//409 2274//2274 403//403
f 409//409 403//403 411//411
f 412//412 2146//2146 410//410
f 409//409 2448//2448 2274//2274
f 2385//2385 2281//2281 407//407
f 2448//2448 404//404 2274//2274
f 2384//2384 2473//2473 2383//2383
f 413//413 87//87 402//402
f 2449//2449 2447//2447 2275//2275
f 409//409 411//411 415//415
f 2593//2593 407//407 416//416
f 55//55 408//408 2324//2324
f 405//405 2149//2149 2462//2462
f 417//417 412//412 410//410
f 2385//2385 407//407 2593//2593
f 2607//2607 2593//2593 416//416
f 418//418 2386//2386 414//414
f 420//420 412//412 417//417
f 2325//2325 409//409 415//415
f 2325//2325 415//415 423//423
f 420//420 417//417 421//421
f 420//420 421//421 424//424
f 2474//2474 2386//2386 418//418
f 58//58 55//55 2324//2324
f 58//58 2324//2324 422//422
f 2325//2325 423//423 425//425
f 2682//2682 2474//2474 418//418
f 430//430 420//420 424//424
f 2683//2683 431//431 419//419
f 2651//2651 2682//2682 418//418
f 2651//2651 418//418 426//426
f 2651//2651 426//426 429//429
f 2658//2658 427//427 428//428
f 430//430 424//424 432//432
f 2651//2651 429//429 433//433
f 434//434 2325//2325 425//425
f 2398//2398 2325//2325 434//434
f 2399//2399 58//58 422//422
f 2543//2543 2651//2651 433//433
f 2398//2398 434//434 437//437
f 443//443 432//432 439//439
f 440//440 2398//2398 437//437
f 2072//2072 428//428 436//436
f 2072//2072 2658//2658 428//428
f 443//443 430//430 432//432
f 2074//2074 2543//2543 433//433
f 2074//2074 433//433 444//444
f 2400//2400 2398//2398 440//440
f 443//443 439//439 445//445
f 2401//2401 2131//2131 435//435
f 2433//2433 2400//2400 440//440
f 2132//2132 438//438 446//446
f 2072//2072 436//436 2073//2073
f 2433//2433 440//440 448//448
f 449//449 270//270 2691//2691
f 449//449 2074//2074 444//444
f 1998//1998 445//445 447//447
f 1998//1998 443//443 445//445
f 2074//2074 449//449 2691//2691
f 2129//2129 2433//2433 2007//2007
f 2075//2075 269//269 2180//2180
f 1998//1998 447//447 453//453
f 442//442 289//289 441//441
f 2007//2007 448//448 454//454
f 2007//2007 2433//2433 448//448
f 2079//2079 1998//1998 453//453
f 451//451 2008//2008 452//452
f 2009//2009 2007//2007 454//454
f 2009//2009 454//454 457//457
f 450//450 2001//2001 455//455
f 2002//2002 2079//2079 453//453
f 2002//2002 453//453 459//459
f 2322//2322 2002//2002 459//459
f 2322//2322 459//459 461//461
f 2353//2353 457//457 463//463
f 2353//2353 463//463 464//464
f 2353//2353 2009//2009 457//457
f 2560//2560 2009//2009 2353//2353
f 460//460 260//260 458//458
f 465//465 2322//2322 461//461
f 2026//2026 2322//2322 465//465
f 2353//2353 464//464 467//467
f 2026//2026 465//465 371//371
f 2377//2377 2354//2354 2355//2355
f 2102//2102 462//462 368//368
f 2103//2103 2560//2560 2353//2353
f 369//369 75//75 466//466
f 468//468 472//472 474//474
f 478//478 480//480 483//483
f 485//485 490//490 493//493
f 487//487 496//496 500//500
f 501//501 505//505 506//506
f 510//510 513//513 516//516
f 469//469 475//475 518//518
f 497//497 495//495 521//521
f 519//519 476//476 522//522
f 494//494 491//491 526//526
f 509//509 517//517 528//528
f 502//502 507//507 532//532
f 492//492 524//524 535//535
f 477//477 482//482 536//536
f 498//498 520//520 539//539
f 534//534 525//525 542//542
f 539//539 520//520 546//546
f 538//538 484//484 547//547
f 529//529 515//515 551//551
f 530//530 508//508 553//553
f 540//540 545//545 557//557
f 533//533 543//543 561//561
f 559//559 541//541 562//562
f 558//558 544//544 565//565
f 531//531 554//554 566//566
f 519//519 522//522 570//570
f 537//537 548//548 571//571
f 569//569 523//523 574//574
f 556//556 564//564 576//576
f 560//560 563//563 579//579
f 573//573 549//549 581//581
f 579//579 563//563 584//584
f 567//567 555//555 586//586
f 577//577 564//564 330//330
f 527//527 550//550 590//590
f 577//577 330//330 591//591
f 588//588 552//552 595//595
f 567//567 586//586 597//597
f 578//578 585//585 599//599
f 572//572 582//582 602//602
f 601//601 583//583 607//607
f 568//568 575//575 608//608
f 591//591 330//330 611//611
f 604//604 580//580 2108//2108
f 608//608 575//575 615//615
f 598//598 587//587 619//619
f 592//592 612//612 621//621
f 600//600 606//606 626//626
f 596//596 618//618 627//627
f 625//625 605//605 630//630
f 622//622 610//610 631//631
f 589//589 594//594 635//635
f 2110//2110 637//637 642//642
f 636//636 593//593 643//643
f 603//603 2109//2109 639//639
f 609//609 614//614 648//648
f 620//620 632//632 651//651
f 647//647 616//616 652//652
f 641//641 638//638 655//655
f 657//657 623//623 660//660
f 624//624 629//629 659//659
f 628//628 617//617 662//662
f 634//634 645//645 665//665
f 627//627 663//663 667//667
f 670//670 649//649 673//673
f 640//640 656//656 675//675
f 650//650 633//633 674//674
f 664//664 644//644 678//678
f 646//646 654//654 679//679
f 682//682 658//658 685//685
f 657//657 660//660 684//684
f 681//681 653//653 686//686
f 675//675 656//656 689//689
f 666//666 661//661 692//692
f 668//668 693//693 695//695
f 669//669 671//671 699//699
f 676//676 690//690 700//700
f 697//697 672//672 703//703
f 700//700 690//690 704//704
f 682//682 685//685 707//707
f 664//664 678//678 709//709
f 711//711 677//677 712//712
f 694//694 691//691 715//715
f 683//683 708//708 718//718
f 680//680 688//688 720//720
f 696//696 714//714 724//724
f 701//701 706//706 727//727
f 698//698 702//702 728//728
f 725//725 705//705 730//730
f 710//710 713//713 733//733
f 728//728 702//702 735//735
f 721//721 687//687 737//737
f 718//718 708//708 738//738
f 717//717 739//739 741//741
f 728//728 735//735 742//742
f 723//723 716//716 744//744
f 746//746 722//722 743//743
f 726//726 731//731 748//748
f 749//749 729//729 750//750
f 711//711 734//734 752//752
f 719//719 736//736 755//755
f 747//747 744//744 759//759
f 741//741 739//739 762//762
f 765//765 745//745 758//758
f 740//740 761//761 767//767
f 751//751 771//771 774//774
f 753//753 732//732 775//775
f 749//749 750//750 772//772
f 755//755 736//736 777//777
f 779//779 742//742 268//268
f 763//763 757//757 780//780
f 766//766 760//760 783//783
f 787//787 764//764 782//782
f 768//768 784//784 788//788
f 754//754 776//776 789//789
f 769//769 792//792 793//793
f 779//779 268//268 795//795
f 773//773 770//770 794//794
f 756//756 778//778 798//798
f 785//785 781//781 802//802
f 803//803 786//786 800//800
f 807//807 804//804 801//801
f 790//790 776//776 463//463
f 790//790 463//463 808//808
f 795//795 268//268 809//809
f 788//788 784//784 811//811
f 791//791 813//813 815//815
f 793//793 792//792 814//814
f 805//805 799//799 817//817
f 788//788 811//811 308//308
f 819//819 806//806 818//818
f 812//812 821//821 822//822
f 816//816 812//812 822//822
f 822//822 820//820 823//823
f 819//819 818//818 823//823
f 820//820 819//819 823//823
f 488//488 825//825 489//489
f 499//499 824//824 486//486
f 797//797 777//777 826//826
f 796//796 827//827 830//830
f 795//795 809//809 832//832
f 832//832 809//809 449//449
f 309//309 810//810 834//834
f 808//808 463//463 837//837
f 310//310 833//833 838//838
f 832//832 449//449 840//840
f 808//808 835//835 843//843
f 829//829 828//828 845//845
f 831//831 846//846 848//848
f 838//838 833//833 851//851
f 841//841 836//836 852//852
f 847//847 844//844 856//856
f 839//839 850//850 858//858
f 858//858 850//850 862//862
f 842//842 853//853 865//865
f 859//859 860//860 866//866
f 849//849 857//857 871//871
f 864//864 854//854 874//874
f 870//870 855//855 876//876
f 869//869 878//878 879//879
f 875//875 433//433 880//880
f 868//868 861//861 881//881
f 867//867 882//882 883//883
f 863//863 872//872 887//887
f 875//875 880//880 888//888
f 885//885 873//873 890//890
f 879//879 878//878 893//893
f 895//895 877//877 898//898
f 875//875 888//888 899//899
f 886//886 891//891 903//903
f 902//902 892//892 905//905
f 899//899 889//889 907//907
f 883//883 882//882 912//912
f 894//894 897//897 913//913
f 884//884 911//911 915//915
f 914//914 896//896 919//919
f 900//900 909//909 922//922
f 901//901 904//904 924//924
f 914//914 919//919 926//926
f 920//920 908//908 929//929
f 925//925 906//906 934//934
f 935//935 916//916 938//938
f 917//917 910//910 940//940
f 928//928 918//918 943//943
f 923//923 932//932 944//944
f 927//927 941//941 949//949
f 921//921 931//931 952//952
f 945//945 933//933 954//954
f 951//951 930//930 958//958
f 948//948 942//942 960//960
f 936//936 937//937 963//963
f 962//962 939//939 964//964
f 946//946 955//955 967//967
f 947//947 959//959 969//969
f 968//968 953//953 971//971
f 950//950 957//957 976//976
f 970//970 961//961 977//977
f 974//974 956//956 981//981
f 962//962 964//964 983//983
f 982//982 965//965 473//473
f 966//966 972//972 986//986
f 970//970 977//977 988//988
f 990//990 978//978 991//991
f 985//985 973//973 995//995
f 975//975 980//980 997//997
f 987//987 994//994 999//999
f 989//989 993//993 1001//1001
f 998//998 979//979 514//514
f 984//984 471//471 470//470
f 996//996 512//512 511//511
f 1002//1002 992//992 481//481
f 999//999 994//994 504//504
f 1000//1000 503//503 502//502
f 1002//1002 481//481 479//479
f 1007//1007 1020//1020 1008//1008
f 1003//1003 1010//1010 1011//1011
f 1016//1016 1017//1017 1018//1018
f 1007//1007 1274//1274 1020//1020
f 1221//1221 1024//1024 1023//1023
f 71//71 72//72 1027//1027
f 1274//1274 1254//1254 1026//1026
f 1254//1254 1028//1028 1026//1026
f 1029//1029 1030//1030 1031//1031
f 1024//1024 2435//2435 2496//2496
f 1284//1284 1007//1007 1008//1008
f 1182//1182 1219//1219 1033//1033
f 1003//1003 1011//1011 1032//1032
f 1245//1245 1035//1035 1034//1034
f 1179//1179 1023//1023 2395//2395
f 1016//1016 1018//1018 1037//1037
f 1021//1021 1016//1016 1037//1037
f 72//72 1003//1003 1027//1027
f 99//99 1025//1025 1038//1038
f 2583//2583 99//99 1038//1038
f 1011//1011 1010//1010 1039//1039
f 1010//1010 1021//1021 1039//1039
f 1279//1279 1284//1284 1008//1008
f 1014//1014 1013//1013 1040//1040
f 1216//1216 2313//2313 2278//2278
f 2395//2395 1023//1023 2685//2685
f 1225//1225 1216//1216 1238//1238
f 1182//1182 1033//1033 1019//1019
f 1027//1027 1003//1003 1046//1046
f 1008//1008 1043//1043 1047//1047
f 1279//1279 1008//1008 1047//1047
f 1032//1032 1011//1011 1039//1039
f 1017//1017 1031//1031 1048//1048
f 1274//1274 1026//1026 1020//1020
f 153//153 152//152 1049//1049
f 1024//1024 2496//2496 1023//1023
f 1028//1028 1034//1034 1050//1050
f 1023//1023 2496//2496 1051//1051
f 1023//1023 1051//1051 2685//2685
f 1003//1003 1032//1032 1046//1046
f 1049//1049 152//152 1053//1053
f 1027//1027 1046//1046 1052//1052
f 1014//1014 1040//1040 1054//1054
f 1041//1041 1014//1014 1054//1054
f 1238//1238 1216//1216 1055//1055
f 1025//1025 1012//1012 1056//1056
f 1026//1026 1028//1028 1050//1050
f 71//71 1027//1027 1052//1052
f 150//150 153//153 1049//1049
f 145//145 149//149 1057//1057
f 1038//1038 1025//1025 1058//1058
f 149//149 150//150 1057//1057
f 1021//1021 1037//1037 1059//1059
f 1039//1039 1021//1021 1059//1059
f 1216//1216 2278//2278 1055//1055
f 1279//1279 1047//1047 1012//1012
f 1017//1017 1048//1048 1060//1060
f 1018//1018 1017//1017 1060//1060
f 1006//1006 1063//1063 1219//1219
f 1049//1049 1053//1053 1062//1062
f 145//145 1057//1057 1061//1061
f 150//150 1049//1049 1057//1057
f 1025//1025 1056//1056 1058//1058
f 68//68 71//71 1064//1064
f 1022//1022 1015//1015 1065//1065
f 1057//1057 1049//1049 1066//1066
f 1006//1006 1283//1283 1063//1063
f 1062//1062 1053//1053 1070//1070
f 1049//1049 1062//1062 1066//1066
f 1053//1053 1366//1366 1070//1070
f 71//71 1052//1052 1064//1064
f 1057//1057 1066//1066 1061//1061
f 1032//1032 1039//1039 1068//1068
f 1046//1046 1032//1032 1068//1068
f 145//145 1061//1061 2348//2348
f 1031//1031 1030//1030 1071//1071
f 1008//1008 1020//1020 1069//1069
f 2583//2583 1038//1038 1072//1072
f 1238//1238 1055//1055 1015//1015
f 1061//1061 1066//1066 1074//1074
f 2348//2348 1061//1061 1075//1075
f 1062//1062 1070//1070 1076//1076
f 1066//1066 1062//1062 1076//1076
f 1041//1041 1054//1054 1030//1030
f 1038//1038 1058//1058 1072//1072
f 1074//1074 1066//1066 1077//1077
f 1034//1034 1035//1035 1078//1078
f 1012//1012 1047//1047 1056//1056
f 1066//1066 1076//1076 1077//1077
f 1055//1055 2278//2278 1079//1079
f 1013//1013 1019//1019 2479//2479
f 1061//1061 1074//1074 1081//1081
f 1075//1075 1061//1061 1081//1081
f 1070//1070 1094//1094 1076//1076
f 138//138 141//141 1083//1083
f 92//92 2583//2583 1082//1082
f 1077//1077 1076//1076 1084//1084
f 1046//1046 1068//1068 1067//1067
f 1015//1015 1055//1055 1085//1085
f 1052//1052 1046//1046 1067//1067
f 1043//1043 1008//1008 1086//1086
f 1064//1064 1052//1052 1087//1087
f 2348//2348 1075//1075 2381//2381
f 1076//1076 1094//1094 1088//1088
f 2381//2381 1075//1075 1089//1089
f 1084//1084 1076//1076 1090//1090
f 1018//1018 1060//1060 1091//1091
f 1081//1081 1074//1074 1092//1092
f 1074//1074 1077//1077 1092//1092
f 1022//1022 1065//1065 1045//1045
f 1075//1075 1081//1081 1089//1089
f 1366//1366 1073//1073 1094//1094
f 1070//1070 1366//1366 1094//1094
f 2583//2583 1072//1072 1082//1082
f 1092//1092 1077//1077 1095//1095
f 1077//1077 1084//1084 1095//1095
f 1076//1076 1088//1088 1090//1090
f 2381//2381 1089//1089 2347//2347
f 1092//1092 1095//1095 1096//1096
f 1079//1079 2278//2278 1097//1097
f 1081//1081 1092//1092 1089//1089
f 1084//1084 1090//1090 1095//1095
f 1087//1087 1052//1052 1100//1100
f 2347//2347 1089//1089 1101//1101
f 1065//1065 1015//1015 1093//1093
f 1008//1008 1069//1069 1086//1086
f 1052//1052 1067//1067 1100//1100
f 1058//1058 1056//1056 1102//1102
f 1031//1031 1071//1071 1048//1048
f 136//136 2347//2347 1103//1103
f 1090//1090 1098//1098 1095//1095
f 1089//1089 1092//1092 1105//1105
f 1092//1092 1096//1096 1105//1105
f 1068//1068 1039//1039 1104//1104
f 1039//1039 1059//1059 1104//1104
f 1015//1015 1085//1085 1093//1093
f 2347//2347 1101//1101 1103//1103
f 1101//1101 1089//1089 1106//1106
f 136//136 1103//1103 1107//1107
f 1103//1103 1101//1101 1108//1108
f 1055//1055 1079//1079 1085//1085
f 1013//1013 2479//2479 1040//1040
f 1105//1105 1096//1096 1109//1109
f 1056//1056 1047//1047 1043//1043
f 1035//1035 1045//1045 1111//1111
f 1089//1089 1105//1105 1106//1106
f 1034//1034 1078//1078 1050//1050
f 1050//1050 1078//1078 1112//1112
f 1094//1094 1073//1073 2200//2200
f 1101//1101 1106//1106 1108//1108
f 1103//1103 1108//1108 1107//1107
f 1096//1096 1095//1095 1109//1109
f 1090//1090 1088//1088 1098//1098
f 1105//1105 1109//1109 1114//1114
f 1106//1106 1105//1105 1114//1114
f 1100//1100 1067//1067 1115//1115
f 1108//1108 1106//1106 1116//1116
f 1059//1059 1037//1037 1204//1204
f 1037//1037 1018//1018 1204//1204
f 1065//1065 1093//1093 1045//1045
f 1067//1067 1068//1068 1117//1117
f 1058//1058 1102//1102 1072//1072
f 1107//1107 1108//1108 1118//1118
f 92//92 1082//1082 1119//1119
f 1095//1095 1110//1110 1109//1109
f 1117//1117 1068//1068 1104//1104
f 136//136 1107//1107 132//132
f 1079//1079 1097//1097 1085//1085
f 1019//1019 1033//1033 2541//2541
f 1082//1082 1072//1072 1121//1121
f 68//68 1064//1064 64//64
f 1020//1020 1026//1026 1122//1122
f 1106//1106 1114//1114 1116//1116
f 1026//1026 1099//1099 1122//1122
f 132//132 1107//1107 1123//1123
f 1063//1063 1283//1283 1126//1126
f 1108//1108 1116//1116 1118//1118
f 1056//1056 1043//1043 1124//1124
f 64//64 1064//1064 1125//1125
f 1219//1219 1063//1063 1126//1126
f 1124//1124 1043//1043 1006//1006
f 1051//1051 1163//1163 2521//2521
f 2685//2685 1051//1051 2521//2521
f 1116//1116 1114//1114 1128//1128
f 1118//1118 1116//1116 1129//1129
f 1067//1067 1117//1117 1115//1115
f 132//132 1123//1123 1130//1130
f 1035//1035 1111//1111 1131//1131
f 1078//1078 1035//1035 1131//1131
f 1107//1107 1118//1118 1132//1132
f 1123//1123 1107//1107 1132//1132
f 1069//1069 1020//1020 1122//1122
f 1116//1116 1128//1128 1129//1129
f 1019//1019 2541//2541 2479//2479
f 1118//1118 1129//1129 1132//1132
f 59//59 64//64 1133//1133
f 64//64 1125//1125 1133//1133
f 1123//1123 1132//1132 1130//1130
f 1082//1082 1121//1121 1119//1119
f 1129//1129 1128//1128 1134//1134
f 1072//1072 1102//1102 1135//1135
f 2710//2710 2685//2685 2521//2521
f 1064//1064 1087//1087 1136//1136
f 1125//1125 1064//1064 1136//1136
f 132//132 1130//1130 1969//1969
f 92//92 1119//1119 89//89
f 1132//1132 1129//1129 1138//1138
f 1056//1056 1124//1124 1102//1102
f 1969//1969 1130//1130 1140//1140
f 1969//1969 1140//1140 1970//1970
f 1026//1026 1050//1050 1141//1141
f 1059//1059 1204//1204 1142//1142
f 1115//1115 1117//1117 1143//1143
f 1121//1121 1072//1072 1144//1144
f 1139//1139 128//128 124//124
f 1030//1030 1054//1054 1146//1146
f 1094//1094 2200//2200 2657//2657
f 1130//1130 1132//1132 1148//1148
f 1140//1140 1130//1130 1148//1148
f 1094//1094 2657//2657 1088//1088
f 1050//1050 1112//1112 1141//1141
f 1131//1131 1111//1111 1149//1149
f 1970//1970 1140//1140 1150//1150
f 1140//1140 1148//1148 1150//1150
f 1219//1219 1126//1126 1033//1033
f 1095//1095 1098//1098 2068//2068
f 1111//1111 1045//1045 1151//1151
f 1051//1051 2496//2496 1163//1163
f 1138//1138 1129//1129 1153//1153
f 1087//1087 1100//1100 1136//1136
f 1129//1129 1134//1134 1153//1153
f 1126//1126 1283//1283 1155//1155
f 1114//1114 1109//1109 1154//1154
f 1283//1283 2524//2524 1155//1155
f 1078//1078 1131//1131 1112//1112
f 1150//1150 1148//1148 1156//1156
f 1132//1132 1138//1138 1148//1148
f 1128//1128 1114//1114 1154//1154
f 1095//1095 2068//2068 1110//1110
f 1054//1054 1040//1040 1157//1157
f 1111//1111 1151//1151 1158//1158
f 1119//1119 1121//1121 1159//1159
f 1121//1121 1144//1144 1159//1159
f 1098//1098 1088//1088 1147//1147
f 2657//2657 1147//1147 1088//1088
f 1026//1026 1141//1141 1099//1099
f 1085//1085 1097//1097 1093//1093
f 1072//1072 1135//1135 1144//1144
f 1125//1125 1136//1136 1160//1160
f 1133//1133 1125//1125 1160//1160
f 1148//1148 1138//1138 1161//1161
f 1045//1045 1093//1093 2267//2267
f 1970//1970 1150//1150 2036//2036
f 1149//1149 1111//1111 1158//1158
f 1128//1128 1154//1154 1165//1165
f 1030//1030 1146//1146 1071//1071
f 1138//1138 1153//1153 1161//1161
f 1086//1086 1069//1069 1162//1162
f 122//122 2037//2037 1166//1166
f 1149//1149 1158//1158 1112//1112
f 1160//1160 1136//1136 1168//1168
f 1136//1136 1100//1100 1168//1168
f 1148//1148 1161//1161 1156//1156
f 2036//2036 1150//1150 1167//1167
f 1098//1098 1147//1147 2068//2068
f 1150//1150 1156//1156 1167//1167
f 1134//1134 1128//1128 1236//1236
f 1128//1128 1165//1165 1236//1236
f 1169//1169 1161//1161 1170//1170
f 1161//1161 1153//1153 1170//1170
f 2603//2603 2036//2036 1172//1172
f 1156//1156 1161//1161 1169//1169
f 1043//1043 1086//1086 1162//1162
f 2036//2036 1167//1167 1172//1172
f 1131//1131 1149//1149 1112//1112
f 1109//1109 1110//1110 1173//1173
f 1173//1173 1110//1110 2069//2069
f 59//59 1133//1133 1175//1175
f 1119//1119 1159//1159 1171//1171
f 89//89 1119//1119 1171//1171
f 1045//1045 2267//2267 1151//1151
f 1167//1167 1156//1156 1176//1176
f 1143//1143 1117//1117 1177//1177
f 1172//1172 1167//1167 1178//1178
f 2603//2603 1172//1172 2004//2004
f 1100//1100 1115//1115 1168//1168
f 1133//1133 1160//1160 1175//1175
f 1099//1099 1141//1141 1179//1179
f 2323//2323 2005//2005 1196//1196
f 2004//2004 1172//1172 1181//1181
f 1135//1135 1102//1102 1182//1182
f 1102//1102 1124//1124 1182//1182
f 1134//1134 1236//1236 1183//1183
f 1153//1153 1134//1134 1183//1183
f 1048//1048 1071//1071 1184//1184
f 1156//1156 1169//1169 1176//1176
f 1109//1109 1173//1173 1154//1154
f 1158//1158 1151//1151 1185//1185
f 1173//1173 2069//2069 1154//1154
f 1172//1172 1178//1178 1181//1181
f 1054//1054 1157//1157 1146//1146
f 1097//1097 2268//2268 1093//1093
f 2488//2488 89//89 1188//1188
f 1043//1043 1162//1162 1006//1006
f 1167//1167 1176//1176 1178//1178
f 1170//1170 1153//1153 1189//1189
f 1153//1153 1183//1183 1189//1189
f 89//89 1171//1171 1188//1188
f 1176//1176 1169//1169 1191//1191
f 1180//1180 2004//2004 1192//1192
f 1143//1143 1177//1177 1194//1194
f 1178//1178 1176//1176 1195//1195
f 2319//2319 86//86 2360//2360
f 1112//1112 1158//1158 1198//1198
f 2004//2004 1181//1181 1192//1192
f 1126//1126 1155//1155 2542//2542
f 1122//1122 2240//2240 1069//1069
f 1117//1117 1104//1104 2334//2334
f 1154//1154 2069//2069 2468//2468
f 1104//1104 1059//1059 2334//2334
f 1115//1115 1143//1143 1201//1201
f 1168//1168 1115//1115 1201//1201
f 1110//1110 2068//2068 2069//2069
f 1040//1040 2479//2479 1222//1222
f 2006//2006 1180//1180 1202//1202
f 1180//1180 1192//1192 1202//1202
f 1165//1165 1154//1154 2468//2468
f 1188//1188 1171//1171 1203//1203
f 1018//1018 1091//1091 1204//1204
f 1135//1135 1182//1182 1205//1205
f 1178//1178 1195//1195 1206//1206
f 1144//1144 1135//1135 1205//1205
f 1181//1181 1178//1178 1206//1206
f 1171//1171 1159//1159 1207//1207
f 1048//1048 1184//1184 1060//1060
f 59//59 1175//1175 1190//1190
f 1157//1157 1040//1040 1222//1222
f 1176//1176 1191//1191 1195//1195
f 1099//1099 1179//1179 1122//1122
f 1158//1158 1185//1185 1198//1198
f 1190//1190 1175//1175 2558//2558
f 2239//2239 1069//1069 2240//2240
f 1170//1170 1189//1189 1208//1208
f 1197//1197 2488//2488 1209//1209
f 1144//1144 1205//1205 1210//1210
f 1159//1159 1144//1144 1210//1210
f 1093//1093 2268//2268 2267//2267
f 1192//1192 1181//1181 1211//1211
f 2558//2558 1175//1175 1212//1212
f 2488//2488 1188//1188 1209//1209
f 114//114 2006//2006 1213//1213
f 2006//2006 1202//1202 1213//1213
f 1159//1159 1210//1210 1207//1207
f 114//114 1227//1227 113//113
f 1202//1202 1192//1192 1215//1215
f 1162//1162 1069//1069 2239//2239
f 1170//1170 1208//1208 1216//1216
f 1192//1192 1211//1211 1215//1215
f 1151//1151 2267//2267 1214//1214
f 1213//1213 1202//1202 1217//1217
f 1197//1197 1209//1209 1218//1218
f 2320//2320 1197//1197 1218//1218
f 1124//1124 1006//1006 1219//1219
f 1181//1181 1206//1206 1211//1211
f 1071//1071 1146//1146 1231//1231
f 1141//1141 1112//1112 1220//1220
f 1198//1198 1185//1185 1221//1221
f 1206//1206 1195//1195 1022//1022
f 1185//1185 1151//1151 1224//1224
f 1171//1171 1207//1207 1203//1203
f 1191//1191 1169//1169 1225//1225
f 1170//1170 1216//1216 1225//1225
f 1169//1169 1170//1170 1225//1225
f 1175//1175 1160//1160 1226//1226
f 1126//1126 2542//2542 1033//1033
f 2239//2239 1223//1223 1162//1162
f 1188//1188 1203//1203 1209//1209
f 1168//1168 1201//1201 1228//1228
f 114//114 1213//1213 1227//1227
f 1207//1207 1210//1210 1229//1229
f 1059//1059 1142//1142 1230//1230
f 1146//1146 1157//1157 1231//1231
f 1165//1165 2468//2468 1232//1232
f 1202//1202 1215//1215 1217//1217
f 1141//1141 1220//1220 1179//1179
f 1151//1151 1214//1214 1224//1224
f 1112//1112 1198//1198 1220//1220
f 1143//1143 1194//1194 1201//1201
f 1157//1157 1222//1222 1231//1231
f 1213//1213 1217//1217 1227//1227
f 1206//1206 1022//1022 1233//1233
f 1211//1211 1206//1206 1233//1233
f 1203//1203 1207//1207 1234//1234
f 1207//1207 1229//1229 1234//1234
f 1227//1227 1217//1217 1235//1235
f 1237//1237 82//82 79//79
f 1160//1160 1168//1168 1226//1226
f 1165//1165 1232//1232 1236//1236
f 1211//1211 1233//1233 1215//1215
f 1191//1191 1225//1225 1238//1238
f 113//113 1227//1227 1239//1239
f 110//110 113//113 1239//1239
f 1124//1124 1219//1219 1182//1182
f 1217//1217 1240//1240 1235//1235
f 1217//1217 1215//1215 1240//1240
f 1184//1184 1071//1071 2564//2564
f 1071//1071 1231//1231 2564//2564
f 1122//1122 1179//1179 161//161
f 1203//1203 1234//1234 1243//1243
f 1209//1209 1203//1203 1243//1243
f 110//110 1239//1239 1244//1244
f 2320//2320 1218//1218 2730//2730
f 2541//2541 1033//1033 2542//2542
f 1162//1162 1223//1223 2709//2709
f 1175//1175 1226//1226 1212//1212
f 1198//1198 1221//1221 1220//1220
f 1215//1215 1233//1233 1245//1245
f 1204//1204 1091//1091 1246//1246
f 1168//1168 1228//1228 1226//1226
f 1185//1185 1224//1224 1221//1221
f 1122//1122 161//161 2240//2240
f 1218//1218 1209//1209 1248//1248
f 2730//2730 1218//1218 1250//1250
f 1228//1228 1201//1201 1251//1251
f 1195//1195 1191//1191 1015//1015
f 1191//1191 1238//1238 1015//1015
f 1022//1022 1195//1195 1015//1015
f 1227//1227 1235//1235 1239//1239
f 1184//1184 2564//2564 1060//1060
f 1059//1059 1230//1230 2334//2334
f 2710//2710 2521//2521 2522//2522
f 102//102 106//106 1247//1247
f 1091//1091 1060//1060 2663//2663
f 2564//2564 2663//2663 1060//1060
f 110//110 1244//1244 2653//2653
f 1235//1235 1240//1240 1254//1254
f 2730//2730 1250//1250 2317//2317
f 1232//1232 2314//2314 1236//1236
f 1209//1209 1243//1243 1248//1248
f 1142//1142 1204//1204 1255//1255
f 1226//1226 1228//1228 1256//1256
f 1162//1162 2709//2709 1006//1006
f 1221//1221 1224//1224 1024//1024
f 1240//1240 1215//1215 1034//1034
f 1215//1215 1245//1245 1034//1034
f 2653//2653 1244//1244 1257//1257
f 2653//2653 1257//1257 2656//2656
f 2267//2267 2435//2435 1214//1214
f 1243//1243 1234//1234 1029//1029
f 2524//2524 2652//2652 1260//1260
f 161//161 1179//1179 163//163
f 1155//1155 2524//2524 1260//1260
f 1212//1212 1226//1226 1261//1261
f 1240//1240 1034//1034 1028//1028
f 1226//1226 1256//1256 1261//1261
f 1142//1142 1255//1255 1230//1230
f 1117//1117 2334//2334 1262//1262
f 1091//1091 2663//2663 1246//1246
f 1239//1239 1235//1235 1263//1263
f 1218//1218 1248//1248 1264//1264
f 1250//1250 1218//1218 1264//1264
f 1258//1258 1212//1212 1261//1261
f 1257//1257 1244//1244 1265//1265
f 1228//1228 1251//1251 1256//1256
f 1212//1212 1258//1258 2490//2490
f 2558//2558 1212//1212 2490//2490
f 1204//1204 1246//1246 1255//1255
f 1210//1210 1205//1205 1013//1013
f 1229//1229 1210//1210 1013//1013
f 1239//1239 1263//1263 1244//1244
f 76//76 2317//2317 1269//1269
f 1257//1257 1265//1265 1266//1266
f 1155//1155 1260//1260 2542//2542
f 2681//2681 2542//2542 1260//1260
f 1248//1248 1243//1243 1031//1031
f 1243//1243 1029//1029 1031//1031
f 1214//1214 2435//2435 1224//1224
f 1236//1236 2314//2314 1183//1183
f 1260//1260 2652//2652 2681//2681
f 1235//1235 1254//1254 1263//1263
f 1254//1254 1240//1240 1028//1028
f 2317//2317 1250//1250 1272//1272
f 1269//1269 2317//2317 1272//1272
f 2681//2681 2652//2652 2638//2638
f 1255//1255 1246//1246 1230//1230
f 1258//1258 1261//1261 1273//1273
f 1244//1244 1263//1263 1274//1274
f 1117//1117 1262//1262 2511//2511
f 1279//1279 2656//2656 1257//1257
f 1177//1177 1117//1117 2511//2511
f 1264//1264 1248//1248 1276//1276
f 1246//1246 2663//2663 1230//1230
f 1229//1229 1013//1013 1014//1014
f 1234//1234 1229//1229 1014//1014
f 1177//1177 2511//2511 1194//1194
f 1279//1279 1257//1257 1266//1266
f 1250//1250 1264//1264 1272//1272
f 1263//1263 1254//1254 1274//1274
f 1256//1256 1251//1251 1277//1277
f 76//76 1269//1269 1004//1004
f 1269//1269 1272//1272 1004//1004
f 1261//1261 1256//1256 1277//1277
f 1245//1245 1233//1233 1045//1045
f 1248//1248 1031//1031 1276//1276
f 1233//1233 1022//1022 1045//1045
f 1205//1205 1182//1182 1019//1019
f 1201//1201 1194//1194 1278//1278
f 2176//2176 2656//2656 1279//1279
f 1183//1183 2314//2314 1189//1189
f 2176//2176 1279//1279 1012//1012
f 1201//1201 1278//1278 1251//1251
f 1261//1261 1277//1277 1273//1273
f 1251//1251 1278//1278 1280//1280
f 2314//2314 2313//2313 1189//1189
f 1004//1004 1272//1272 1010//1010
f 1234//1234 1014//1014 1041//1041
f 1024//1024 1224//1224 2435//2435
f 1280//1280 1278//1278 1281//1281
f 1029//1029 1234//1234 1041//1041
f 1251//1251 1280//1280 1282//1282
f 1277//1277 1251//1251 1282//1282
f 1244//1244 1274//1274 1007//1007
f 1265//1265 1244//1244 1007//1007
f 163//163 1179//1179 2395//2395
f 1276//1276 1031//1031 1017//1017
f 1194//1194 2511//2511 1278//1278
f 1280//1280 1281//1281 1282//1282
f 1264//1264 1276//1276 1016//1016
f 1272//1272 1264//1264 1016//1016
f 1266//1266 1265//1265 1284//1284
f 1205//1205 1019//1019 1013//1013
f 1265//1265 1007//1007 1284//1284
f 76//76 1004//1004 72//72
f 1282//1282 1281//1281 1285//1285
f 2709//2709 1283//1283 1006//1006
f 2176//2176 1012//1012 1025//1025
f 1282//1282 1285//1285 1286//1286
f 99//99 2176//2176 1025//1025
f 1277//1277 1282//1282 1286//1286
f 1208//1208 1189//1189 2313//2313
f 1285//1285 1281//1281 2434//2434
f 1245//1245 1045//1045 1035//1035
f 72//72 1004//1004 1003//1003
f 1286//1286 1285//1285 2434//2434
f 1277//1277 1286//1286 1273//1273
f 1273//1273 1286//1286 1968//1968
f 1276//1276 1017//1017 1016//1016
f 1286//1286 2434//2434 1968//1968
f 1216//1216 1208//1208 2313//2313
f 1010//1010 1272//1272 1021//1021
f 1272//1272 1016//1016 1021//1021
f 1179//1179 1220//1220 1023//1023
f 1029//1029 1041//1041 1030//1030
f 1279//1279 1266//1266 1284//1284
f 1220//1220 1221//1221 1023//1023
f 1004//1004 1010//1010 1003//1003
f 1293//1293 1596//1596 1294//1294
f 1298//1298 1597//1597 1292//1292
f 2315//2315 2033//2033 1451//1451
f 1304//1304 1305//1305 1306//1306
f 1304//1304 1325//1325 1305//1305
f 2504//2504 2094//2094 1588//1588
f 2504//2504 1588//1588 1288//1288
f 1315//1315 1316//1316 1289//1289
f 2015//2015 1295//1295 2016//2016
f 1291//1291 2504//2504 1288//1288
f 2489//2489 1293//1293 1294//1294
f 2113//2113 1451//1451 1457//1457
f 1298//1298 1289//1289 1597//1597
f 1329//1329 1291//1291 1512//1512
f 1329//1329 1512//1512 1330//1330
f 2015//2015 1563//1563 1295//1295
f 1331//1331 1292//1292 94//94
f 1315//1315 1306//1306 1316//1316
f 2643//2643 1554//1554 1565//1565
f 1336//1336 1320//1320 1596//1596
f 1337//1337 1296//1296 1290//1290
f 1338//1338 1340//1340 1339//1339
f 1341//1341 1342//1342 1343//1343
f 1344//1344 1326//1326 1319//1319
f 1344//1344 1319//1319 1320//1320
f 1331//1331 1298//1298 1292//1292
f 1584//1584 1327//1327 1297//1297
f 2094//2094 1327//1327 1584//1584
f 2113//2113 2315//2315 1451//1451
f 2114//2114 2113//2113 1457//1457
f 2114//2114 1457//1457 1296//1296
f 1346//1346 1315//1315 1289//1289
f 1350//1350 1306//1306 1315//1315
f 1351//1351 1596//1596 1293//1293
f 1307//1307 1337//1337 1290//1290
f 1327//1327 2016//2016 1297//1297
f 1346//1346 1289//1289 1298//1298
f 1352//1352 2114//2114 1296//1296
f 1336//1336 1344//1344 1320//1320
f 1353//1353 1315//1315 1346//1346
f 1354//1354 151//151 155//155
f 1355//1355 1329//1329 1330//1330
f 1356//1356 151//151 1354//1354
f 1351//1351 1336//1336 1596//1596
f 1541//1541 2643//2643 1565//1565
f 1322//1322 2442//2442 1341//1341
f 2688//2688 1331//1331 94//94
f 1357//1357 1344//1344 1336//1336
f 1356//1356 152//152 151//151
f 1358//1358 1346//1346 1298//1298
f 1358//1358 1298//1298 1331//1331
f 1329//1329 2504//2504 1291//1291
f 1359//1359 1293//1293 2489//2489
f 1359//1359 1351//1351 1293//1293
f 1360//1360 1338//1338 1594//1594
f 1367//1367 155//155 148//148
f 1356//1356 1053//1053 152//152
f 1361//1361 1331//1331 2688//2688
f 1378//1378 1554//1554 2643//2643
f 1362//1362 1337//1337 1307//1307
f 2505//2505 1329//1329 1355//1355
f 1349//1349 1355//1355 1330//1330
f 1367//1367 1354//1354 155//155
f 1350//1350 1304//1304 1306//1306
f 1329//1329 2505//2505 2504//2504
f 1356//1356 1366//1366 1053//1053
f 2675//2675 1541//1541 1563//1563
f 1337//1337 1352//1352 1296//1296
f 1370//1370 1336//1336 1351//1351
f 1362//1362 1307//1307 1345//1345
f 1370//1370 1357//1357 1336//1336
f 2675//2675 1563//1563 2015//2015
f 1359//1359 2489//2489 2490//2490
f 1368//1368 1359//1359 2490//2490
f 146//146 1367//1367 148//148
f 1370//1370 1351//1351 1359//1359
f 1353//1353 1350//1350 1315//1315
f 1372//1372 1321//1321 1326//1326
f 1372//1372 1322//1322 1321//1321
f 1373//1373 1354//1354 1367//1367
f 1375//1375 1367//1367 146//146
f 2444//2444 1355//1355 1349//1349
f 1361//1361 1358//1358 1331//1331
f 1384//1384 1359//1359 1368//1368
f 2445//2445 1381//1381 1343//1343
f 1366//1366 1356//1356 1354//1354
f 2445//2445 1349//1349 1381//1381
f 1383//1383 146//146 2120//2120
f 1386//1386 1361//1361 2688//2688
f 1373//1373 1366//1366 1354//1354
f 1378//1378 2249//2249 1554//1554
f 2444//2444 2505//2505 1355//1355
f 1383//1383 1375//1375 146//146
f 1371//1371 1304//1304 1350//1350
f 1325//1325 1360//1360 1594//1594
f 1368//1368 2490//2490 1258//1258
f 2675//2675 2643//2643 1541//1541
f 2689//2689 1386//1386 2688//2688
f 1386//1386 1358//1358 1361//1361
f 1387//1387 1366//1366 1373//1373
f 1388//1388 1367//1367 1375//1375
f 1384//1384 1370//1370 1359//1359
f 1353//1353 1371//1371 1350//1350
f 1389//1389 1346//1346 1358//1358
f 1273//1273 1368//1368 1258//1258
f 1273//1273 1384//1384 1368//1368
f 1390//1390 1375//1375 1383//1383
f 1388//1388 1373//1373 1367//1367
f 2445//2445 2444//2444 1349//1349
f 1391//1391 2445//2445 1343//1343
f 1362//1362 1352//1352 1337//1337
f 1273//1273 1370//1370 1384//1384
f 1392//1392 1383//1383 2120//2120
f 1389//1389 1353//1353 1346//1346
f 1393//1393 1373//1373 1388//1388
f 1393//1393 1387//1387 1373//1373
f 1390//1390 1388//1388 1375//1375
f 1374//1374 1362//1362 1345//1345
f 1342//1342 1391//1391 1343//1343
f 1386//1386 1389//1389 1358//1358
f 1392//1392 1390//1390 1383//1383
f 1391//1391 1342//1342 2445//2445
f 1394//1394 1393//1393 1388//1388
f 1394//1394 1388//1388 1390//1390
f 1967//1967 1344//1344 1357//1357
f 1397//1397 1390//1390 1392//1392
f 2442//2442 1342//1342 1341//1341
f 2121//2121 143//143 139//139
f 1401//1401 1386//1386 2689//2689
f 85//85 1382//1382 91//91
f 1398//1398 1392//1392 2120//2120
f 1402//1402 1371//1371 1353//1353
f 1967//1967 1357//1357 1370//1370
f 1968//1968 1967//1967 1370//1370
f 1968//1968 1370//1370 1273//1273
f 1397//1397 1394//1394 1390//1390
f 2443//2443 2442//2442 1322//1322
f 1406//1406 1387//1387 1393//1393
f 1407//1407 1392//1392 1398//1398
f 1372//1372 2443//2443 1322//1322
f 1409//1409 1394//1394 1397//1397
f 1410//1410 1353//1353 1389//1389
f 1407//1407 1397//1397 1392//1392
f 1413//1413 1393//1393 1394//1394
f 2439//2439 1372//1372 1326//1326
f 2439//2439 1326//1326 1344//1344
f 1414//1414 1393//1393 1413//1413
f 1414//1414 1406//1406 1393//1393
f 1967//1967 2439//2439 1344//1344
f 1415//1415 1386//1386 1401//1401
f 1416//1416 1389//1389 1386//1386
f 1417//1417 1418//1418 1505//1505
f 1417//1417 1420//1420 1419//1419
f 1417//1417 1419//1419 1418//1418
f 1417//1417 1505//1505 1420//1420
f 1409//1409 1413//1413 1394//1394
f 1401//1401 2689//2689 2701//2701
f 1424//1424 1423//1423 1421//1421
f 1427//1427 1428//1428 1429//1429
f 1427//1427 1421//1421 1423//1423
f 1426//1426 1398//1398 2346//2346
f 1426//1426 1407//1407 1398//1398
f 1425//1425 1423//1423 1424//1424
f 1425//1425 1419//1419 1430//1430
f 1431//1431 1428//1428 1427//1427
f 1431//1431 1423//1423 1425//1425
f 1431//1431 1427//1427 1423//1423
f 1432//1432 1431//1431 1425//1425
f 1420//1420 1430//1430 1419//1419
f 1434//1434 1432//1432 1425//1425
f 1434//1434 1425//1425 1430//1430
f 1434//1434 1435//1435 1432//1432
f 1434//1434 2034//2034 1435//1435
f 1438//1438 2034//2034 1434//1434
f 1439//1439 1397//1397 1407//1407
f 1438//1438 1434//1434 1430//1430
f 2080//2080 2114//2114 1352//1352
f 1438//1438 1430//1430 1420//1420
f 1438//1438 1442//1442 2034//2034
f 1439//1439 1409//1409 1397//1397
f 1443//1443 1422//1422 1421//1421
f 1445//1445 1443//1443 1421//1421
f 1446//1446 1413//1413 1409//1409
f 1445//1445 1421//1421 1427//1427
f 1447//1447 1407//1407 1426//1426
f 2410//2410 1427//1427 1429//1429
f 2410//2410 1445//1445 1427//1427
f 1450//1450 1438//1438 1420//1420
f 1451//1451 1442//1442 1438//1438
f 1451//1451 1438//1438 1450//1450
f 1444//1444 1443//1443 1445//1445
f 1452//1452 1445//1445 2410//2410
f 1452//1452 2410//2410 2118//2118
f 1387//1387 1073//1073 1366//1366
f 1455//1455 1420//1420 1433//1433
f 1455//1455 1450//1450 1420//1420
f 1416//1416 1386//1386 1415//1415
f 1457//1457 1451//1451 1450//1450
f 1410//1410 1402//1402 1353//1353
f 1459//1459 1415//1415 1401//1401
f 1460//1460 1444//1444 1445//1445
f 1460//1460 1445//1445 1452//1452
f 2119//2119 1452//1452 2118//2118
f 2119//2119 1460//1460 1452//1452
f 1464//1464 1457//1457 1450//1450
f 1464//1464 1450//1450 1455//1455
f 1464//1464 1290//1290 1296//1296
f 1464//1464 1296//1296 1457//1457
f 1447//1447 1439//1439 1407//1407
f 1446//1446 1414//1414 1413//1413
f 1464//1464 1307//1307 1290//1290
f 1465//1465 1073//1073 1387//1387
f 1465//1465 2200//2200 1073//1073
f 1465//1465 1458//1458 1444//1444
f 1465//1465 1444//1444 1460//1460
f 1465//1465 1387//1387 1458//1458
f 1463//1463 1460//1460 2119//2119
f 1463//1463 1465//1465 1460//1460
f 1463//1463 2200//2200 1465//1465
f 1466//1466 1455//1455 1456//1456
f 1466//1466 1464//1464 1455//1455
f 1345//1345 1307//1307 1464//1464
f 1345//1345 1464//1464 1466//1466
f 1468//1468 1408//1408 1385//1385
f 1469//1469 1409//1409 1439//1439
f 1468//1468 1467//1467 1340//1340
f 1469//1469 1446//1446 1409//1409
f 1468//1468 1470//1470 1408//1408
f 1468//1468 1385//1385 1374//1374
f 1468//1468 1340//1340 1470//1470
f 1468//1468 1345//1345 1466//1466
f 1468//1468 1466//1466 1467//1467
f 1468//1468 1374//1374 1345//1345
f 2460//2460 1426//1426 2346//2346
f 1443//1443 1414//1414 1446//1446
f 1472//1472 1469//1469 1439//1439
f 1472//1472 1439//1439 1447//1447
f 1473//1473 1459//1459 1401//1401
f 1474//1474 1416//1416 1415//1415
f 1475//1475 1426//1426 2460//2460
f 1458//1458 1387//1387 1406//1406
f 1475//1475 1447//1447 1426//1426
f 1476//1476 1471//1471 133//133
f 1477//1477 1389//1389 1416//1416
f 1477//1477 1410//1410 1389//1389
f 1362//1362 2080//2080 1352//1352
f 1469//1469 1443//1443 1446//1446
f 1473//1473 1401//1401 2701//2701
f 1478//1478 1385//1385 1408//1408
f 1479//1479 1475//1475 2460//2460
f 1479//1479 2460//2460 2461//2461
f 1480//1480 1469//1469 1472//1472
f 1459//1459 1474//1474 1415//1415
f 1481//1481 1374//1374 1385//1385
f 1444//1444 1458//1458 1406//1406
f 1444//1444 1406//1406 1414//1414
f 2081//2081 2080//2080 1362//1362
f 1483//1483 1472//1472 1447//1447
f 1483//1483 1447//1447 1475//1475
f 1477//1477 1416//1416 1474//1474
f 1470//1470 1478//1478 1408//1408
f 1484//1484 1340//1340 1338//1338
f 1484//1484 1470//1470 1340//1340
f 1485//1485 1479//1479 2461//2461
f 1485//1485 2461//2461 2623//2623
f 1486//1486 1475//1475 1479//1479
f 1443//1443 1444//1444 1414//1414
f 1478//1478 1481//1481 1385//1385
f 1487//1487 1474//1474 1459//1459
f 1488//1488 1478//1478 1470//1470
f 1489//1489 1479//1479 1485//1485
f 1486//1486 1483//1483 1475//1475
f 1490//1490 1489//1489 1485//1485
f 1491//1491 1472//1472 1483//1483
f 1491//1491 1480//1480 1472//1472
f 1489//1489 1486//1486 1479//1479
f 1492//1492 1477//1477 1474//1474
f 1422//1422 1469//1469 1480//1480
f 1422//1422 1443//1443 1469//1469
f 1493//1493 1483//1483 1486//1486
f 130//130 1485//1485 2623//2623
f 1494//1494 1486//1486 1489//1489
f 1495//1495 1459//1459 1473//1473
f 1496//1496 1473//1473 2701//2701
f 1496//1496 2701//2701 81//81
f 1490//1490 1485//1485 130//130
f 1493//1493 1491//1491 1483//1483
f 1374//1374 2081//2081 1362//1362
f 1497//1497 1492//1492 1474//1474
f 1497//1497 1474//1474 1487//1487
f 1494//1494 1493//1493 1486//1486
f 1421//1421 1422//1422 1480//1480
f 1498//1498 130//130 125//125
f 1484//1484 1488//1488 1470//1470
f 1498//1498 1490//1490 130//130
f 1418//1418 1493//1493 1494//1494
f 1499//1499 1494//1494 1489//1489
f 1499//1499 1489//1489 1490//1490
f 1495//1495 1487//1487 1459//1459
f 1500//1500 1496//1496 81//81
f 1501//1501 1338//1338 1360//1360
f 1501//1501 1484//1484 1338//1338
f 1502//1502 1473//1473 1496//1496
f 1503//1503 1498//1498 125//125
f 1502//1502 1495//1495 1473//1473
f 1504//1504 1488//1488 1484//1484
f 1505//1505 1418//1418 1494//1494
f 1505//1505 1494//1494 1499//1499
f 1506//1506 1481//1481 1478//1478
f 1507//1507 1490//1490 1498//1498
f 1507//1507 1499//1499 1490//1490
f 2571//2571 2081//2081 1374//1374
f 1424//1424 1421//1421 1480//1480
f 1424//1424 1480//1480 1491//1491
f 1512//1512 1487//1487 1495//1495
f 1512//1512 1497//1497 1487//1487
f 1511//1511 1503//1503 125//125
f 1507//1507 1505//1505 1499//1499
f 1481//1481 2571//2571 1374//1374
f 1513//1513 1507//1507 1498//1498
f 1513//1513 1498//1498 1503//1503
f 1502//1502 1496//1496 1500//1500
f 1514//1514 1503//1503 1511//1511
f 78//78 1500//1500 81//81
f 1425//1425 1491//1491 1493//1493
f 1425//1425 1424//1424 1491//1491
f 1515//1515 1492//1492 1497//1497
f 1488//1488 1506//1506 1478//1478
f 1516//1516 1514//1514 1511//1511
f 1517//1517 1360//1360 1325//1325
f 1517//1517 1501//1501 1360//1360
f 1518//1518 1505//1505 1507//1507
f 1519//1519 1495//1495 1502//1502
f 1521//1521 1507//1507 1513//1513
f 1520//1520 1500//1500 78//78
f 1530//1530 1511//1511 120//120
f 1522//1522 1500//1500 1520//1520
f 1522//1522 1502//1502 1500//1500
f 1419//1419 1425//1425 1493//1493
f 1419//1419 1493//1493 1418//1418
f 1523//1523 78//78 74//74
f 1524//1524 1514//1514 1516//1516
f 1521//1521 1518//1518 1507//1507
f 1512//1512 1515//1515 1497//1497
f 1530//1530 1516//1516 1511//1511
f 1526//1526 120//120 117//117
f 1501//1501 1504//1504 1484//1484
f 1524//1524 1516//1516 1525//1525
f 1519//1519 1512//1512 1495//1495
f 1527//1527 1503//1503 1514//1514
f 1527//1527 1513//1513 1503//1503
f 1529//1529 1502//1502 1522//1522
f 1525//1525 1516//1516 1530//1530
f 1523//1523 1520//1520 78//78
f 1526//1526 1530//1530 120//120
f 1517//1517 1325//1325 1304//1304
f 1528//1528 1526//1526 117//117
f 1530//1530 1524//1524 1525//1525
f 1531//1531 1517//1517 1304//1304
f 1532//1532 1504//1504 1501//1501
f 1527//1527 1514//1514 1524//1524
f 1527//1527 1521//1521 1513//1513
f 1529//1529 1519//1519 1502//1502
f 1534//1534 1512//1512 1519//1519
f 1534//1534 1519//1519 1533//1533
f 1535//1535 1524//1524 1530//1530
f 1537//1537 1522//1522 1520//1520
f 1537//1537 1520//1520 1523//1523
f 1538//1538 115//115 111//111
f 1539//1539 1521//1521 1527//1527
f 2696//2696 1528//1528 117//117
f 1536//1536 1530//1530 1526//1526
f 1536//1536 1535//1535 1530//1530
f 1529//1529 1533//1533 1519//1519
f 1540//1540 1528//1528 2696//2696
f 1537//1537 1529//1529 1522//1522
f 1535//1535 1527//1527 1524//1524
f 1541//1541 1501//1501 1517//1517
f 1542//1542 1523//1523 74//74
f 1506//1506 2571//2571 1481//1481
f 1541//1541 1532//1532 1501//1501
f 2726//2726 1540//1540 2696//2696
f 1545//1545 1536//1536 1526//1526
f 1546//1546 1533//1533 1529//1529
f 1547//1547 1540//1540 2726//2726
f 1548//1548 1539//1539 1527//1527
f 1420//1420 1505//1505 1518//1518
f 1542//1542 1537//1537 1523//1523
f 1549//1549 1542//1542 74//74
f 1540//1540 1526//1526 1528//1528
f 1551//1551 1531//1531 1304//1304
f 1551//1551 1304//1304 1371//1371
f 1548//1548 1527//1527 1535//1535
f 1552//1552 2695//2695 108//108
f 1553//1553 1529//1529 1537//1537
f 1553//1553 1546//1546 1529//1529
f 1531//1531 1541//1541 1517//1517
f 1558//1558 2726//2726 2695//2695
f 1554//1554 1488//1488 1504//1504
f 1554//1554 1504//1504 1550//1550
f 1550//1550 1504//1504 1532//1532
f 1558//1558 1547//1547 2726//2726
f 1555//1555 1537//1537 1542//1542
f 1556//1556 1548//1548 1535//1535
f 1433//1433 1518//1518 1521//1521
f 1433//1433 1420//1420 1518//1518
f 1540//1540 1545//1545 1526//1526
f 1561//1561 1531//1531 1551//1551
f 1557//1557 1540//1540 1547//1547
f 1381//1381 1546//1546 1553//1553
f 1545//1545 1535//1535 1536//1536
f 1560//1560 74//74 70//70
f 1559//1559 1547//1547 1558//1558
f 1560//1560 1549//1549 74//74
f 1541//1541 1550//1550 1532//1532
f 1552//1552 1558//1558 2695//2695
f 1562//1562 1551//1551 1371//1371
f 1562//1562 1371//1371 1402//1402
f 1563//1563 1541//1541 1531//1531
f 1431//1431 2128//2128 1428//1428
f 1555//1555 1542//1542 1549//1549
f 1556//1556 1535//1535 1545//1545
f 1559//1559 1557//1557 1547//1547
f 1564//1564 1545//1545 1540//1540
f 1557//1557 1564//1564 1540//1540
f 1566//1566 1537//1537 1555//1555
f 1566//1566 1553//1553 1537//1537
f 1562//1562 1561//1561 1551//1551
f 1455//1455 1433//1433 1521//1521
f 1455//1455 1521//1521 1539//1539
f 1567//1567 1549//1549 1560//1560
f 1567//1567 1555//1555 1549//1549
f 1564//1564 1556//1556 1545//1545
f 1568//1568 1552//1552 108//108
f 1569//1569 1561//1561 1562//1562
f 1552//1552 1559//1559 1558//1558
f 1570//1570 1562//1562 1402//1402
f 1570//1570 1402//1402 1410//1410
f 1455//1455 1539//1539 1548//1548
f 1432//1432 2128//2128 1431//1431
f 1571//1571 1559//1559 1552//1552
f 1572//1572 1553//1553 1566//1566
f 1572//1572 1381//1381 1553//1553
f 1559//1559 1564//1564 1557//1557
f 1330//1330 1512//1512 1534//1534
f 1541//1541 1565//1565 1550//1550
f 1573//1573 1556//1556 1564//1564
f 1575//1575 1560//1560 70//70
f 1576//1576 1531//1531 1561//1561
f 1570//1570 1410//1410 1477//1477
f 1456//1456 1455//1455 1548//1548
f 1565//1565 1554//1554 1550//1550
f 1577//1577 1566//1566 1555//1555
f 1577//1577 1555//1555 1567//1567
f 1578//1578 104//104 101//101
f 1343//1343 1381//1381 1572//1572
f 1330//1330 1533//1533 1546//1546
f 1330//1330 1534//1534 1533//1533
f 1568//1568 1571//1571 1552//1552
f 1576//1576 1563//1563 1531//1531
f 1574//1574 108//108 104//104
f 1574//1574 1568//1568 108//108
f 1579//1579 1571//1571 1568//1568
f 1580//1580 1569//1569 1562//1562
f 1580//1580 1562//1562 1570//1570
f 1581//1581 1573//1573 1564//1564
f 1581//1581 1564//1564 1559//1559
f 1575//1575 1567//1567 1560//1560
f 1466//1466 1456//1456 1548//1548
f 1578//1578 1574//1574 104//104
f 1582//1582 70//70 67//67
f 1571//1571 1581//1581 1559//1559
f 1583//1583 1568//1568 1574//1574
f 1584//1584 1570//1570 1477//1477
f 1584//1584 1477//1477 1492//1492
f 1583//1583 1579//1579 1568//1568
f 1582//1582 1575//1575 70//70
f 1466//1466 1548//1548 1556//1556
f 1585//1585 67//67 63//63
f 1569//1569 1576//1576 1561//1561
f 1585//1585 1582//1582 67//67
f 1586//1586 1567//1567 1575//1575
f 1586//1586 1577//1577 1567//1567
f 1349//1349 1330//1330 1546//1546
f 1341//1341 1566//1566 1577//1577
f 1587//1587 1582//1582 1585//1585
f 1305//1305 1574//1574 1578//1578
f 1588//1588 1584//1584 1492//1492
f 1338//1338 1571//1571 1579//1579
f 1305//1305 1583//1583 1574//1574
f 1584//1584 1580//1580 1570//1570
f 1339//1339 1581//1581 1571//1571
f 1590//1590 1579//1579 1583//1583
f 1591//1591 1578//1578 101//101
f 1588//1588 1492//1492 1515//1515
f 1295//1295 1563//1563 1576//1576
f 1341//1341 1572//1572 1566//1566
f 1341//1341 1343//1343 1572//1572
f 2572//2572 2571//2571 1506//1506
f 1594//1594 1579//1579 1590//1590
f 1594//1594 1590//1590 1305//1305
f 1580//1580 1589//1589 1569//1569
f 1591//1591 1305//1305 1578//1578
f 1595//1595 1585//1585 63//63
f 1305//1305 1590//1590 1583//1583
f 1381//1381 1349//1349 1546//1546
f 1467//1467 1556//1556 1573//1573
f 1467//1467 1466//1466 1556//1556
f 1322//1322 1341//1341 1577//1577
f 1322//1322 1577//1577 1586//1586
f 1595//1595 1587//1587 1585//1585
f 1589//1589 1576//1576 1569//1569
f 1338//1338 1339//1339 1571//1571
f 1297//1297 1589//1589 1580//1580
f 1319//1319 1586//1586 1575//1575
f 1319//1319 1575//1575 1582//1582
f 1316//1316 1305//1305 1591//1591
f 1467//1467 1573//1573 1581//1581
f 1589//1589 1295//1295 1576//1576
f 1288//1288 1588//1588 1515//1515
f 1594//1594 1338//1338 1579//1579
f 1488//1488 2572//2572 1506//1506
f 2033//2033 2034//2034 1442//1442
f 98//98 1591//1591 101//101
f 1596//1596 63//63 62//62
f 1597//1597 1591//1591 98//98
f 1319//1319 1582//1582 1587//1587
f 1596//1596 1595//1595 63//63
f 1320//1320 1587//1587 1595//1595
f 1306//1306 1305//1305 1316//1316
f 1597//1597 98//98 1292//1292
f 2094//2094 1584//1584 1588//1588
f 1340//1340 1467//1467 1581//1581
f 1451//1451 2033//2033 1442//1442
f 1326//1326 1586//1586 1319//1319
f 1326//1326 1322//1322 1586//1586
f 2016//2016 1295//1295 1589//1589
f 2016//2016 1589//1589 1297//1297
f 1340//1340 1581//1581 1339//1339
f 1291//1291 1288//1288 1515//1515
f 1291//1291 1515//1515 1512//1512
f 1325//1325 1594//1594 1305//1305
f 1584//1584 1297//1297 1580//1580
f 2249//2249 2572//2572 1488//1488
f 1554//1554 2249//2249 1488//1488
f 1289//1289 1591//1591 1597//1597
f 1289//1289 1316//1316 1591//1591
f 1294//1294 1596//1596 62//62
f 1321//1321 1322//1322 1326//1326
f 1320//1320 1319//1319 1587//1587
f 1596//1596 1320//1320 1595//1595
f 1716//1716 1602//1602 1601//1601
f 1598//1598 1716//1716 2134//2134
f 1601//1601 1602//1602 1603//1603
f 2716//2716 1713//1713 1600//1600
f 2367//2367 2717//2717 1605//1605
f 2408//2408 2407//2407 2584//2584
f 1606//1606 1600//1600 2369//2369
f 2407//2407 1598//1598 2584//2584
f 1598//1598 2135//2135 2584//2584
f 2367//2367 1605//1605 2368//2368
f 2409//2409 1608//1608 1611//1611
f 1610//1610 1612//1612 2368//2368
f 1605//1605 1610//1610 2368//2368
f 2212//2212 1606//1606 2597//2597
f 1606//1606 2369//2369 2597//2597
f 2584//2584 2135//2135 2585//2585
f 2585//2585 2135//2135 1615//1615
f 1612//1612 1616//1616 2368//2368
f 1618//1618 2598//2598 2671//2671
f 2585//2585 1615//1615 1619//1619
f 2287//2287 2212//2212 2597//2597
f 2409//2409 1611//1611 2506//2506
f 1614//1614 1609//1609 1617//1617
f 2506//2506 1611//1611 1622//1622
f 2368//2368 1616//1616 2672//2672
f 2585//2585 1619//1619 1622//1622
f 1619//1619 1620//1620 1622//1622
f 49//49 2342//2342 2378//2378
f 2341//2341 49//49 2378//2378
f 2378//2378 2342//2342 1627//1627
f 2212//2212 2287//2287 1626//1626
f 2344//2344 2343//2343 2361//2361
f 1629//1629 1630//1630 2361//2361
f 1626//1626 2287//2287 2289//2289
f 2341//2341 2378//2378 1631//1631
f 1618//1618 2671//2671 2288//2288
f 1620//1620 1632//1632 1622//1622
f 2288//2288 2671//2671 1625//1625
f 1624//1624 2345//2345 1631//1631
f 2506//2506 1622//1622 1633//1633
f 2361//2361 1630//1630 2344//2344
f 1633//1633 1622//1622 819//819
f 1622//1622 1632//1632 819//819
f 2341//2341 1631//1631 53//53
f 1632//1632 1636//1636 819//819
f 1625//1625 1637//1637 2288//2288
f 1631//1631 2345//2345 1635//1635
f 53//53 1631//1631 1635//1635
f 1638//1638 1626//1626 1639//1639
f 1626//1626 2289//2289 1639//1639
f 2345//2345 1640//1640 1635//1635
f 1639//1639 1634//1634 1641//1641
f 2288//2288 1637//1637 2269//2269
f 2269//2269 1637//1637 1642//1642
f 53//53 1635//1635 1643//1643
f 1638//1638 1639//1639 1641//1641
f 1640//1640 1644//1644 1635//1635
f 2297//2297 53//53 1643//1643
f 1642//1642 1647//1647 2269//2269
f 1633//1633 819//819 2296//2296
f 2297//2297 1643//1643 2740//2740
f 2296//2296 819//819 2738//2738
f 1643//1643 1635//1635 1644//1644
f 1650//1650 1638//1638 1651//1651
f 1638//1638 1641//1641 1651//1651
f 1651//1651 1641//1641 1653//1653
f 2269//2269 1647//1647 2270//2270
f 2297//2297 2740//2740 1656//1656
f 1647//1647 1654//1654 2270//2270
f 1643//1643 1644//1644 2740//2740
f 1650//1650 1651//1651 1653//1653
f 1649//1649 1657//1657 2739//2739
f 2296//2296 2738//2738 1652//1652
f 2297//2297 1656//1656 2076//2076
f 1654//1654 1660//1660 2270//2270
f 2296//2296 1652//1652 1996//1996
f 2076//2076 1656//1656 1662//1662
f 1656//1656 2740//2740 1662//1662
f 1655//1655 1663//1663 2424//2424
f 1648//1648 1655//1655 2424//2424
f 1660//1660 1665//1665 2270//2270
f 1666//1666 1650//1650 1667//1667
f 2076//2076 1662//1662 1664//1664
f 1650//1650 1653//1653 1667//1667
f 2424//2424 1663//1663 1668//1668
f 2270//2270 1665//1665 2338//2338
f 1996//1996 1652//1652 2735//2735
f 1666//1666 1667//1667 1670//1670
f 2077//2077 2076//2076 2494//2494
f 2076//2076 1664//1664 2494//2494
f 2339//2339 2338//2338 1665//1665
f 1664//1664 1662//1662 2426//2426
f 1996//1996 2735//2735 1676//1676
f 2494//2494 1664//1664 2426//2426
f 1997//1997 1996//1996 1676//1676
f 2424//2424 1668//1668 2425//2425
f 2425//2425 1668//1668 1677//1677
f 2078//2078 2495//2495 2547//2547
f 1665//1665 1674//1674 2339//2339
f 2229//2229 1666//1666 2575//2575
f 1666//1666 1670//1670 2575//2575
f 1673//1673 1681//1681 1679//1679
f 1674//1674 1682//1682 1675//1675
f 2339//2339 1674//1674 1675//1675
f 1678//1678 1683//1683 1676//1676
f 1669//1669 1678//1678 1676//1676
f 1659//1659 1669//1669 1676//1676
f 2229//2229 2575//2575 1684//1684
f 1997//1997 1676//1676 1687//1687
f 1685//1685 2078//2078 1686//1686
f 2078//2078 2547//2547 1686//1686
f 1682//1682 1689//1689 2540//2540
f 1675//1675 1682//1682 2540//2540
f 2559//2559 1997//1997 1687//1687
f 1679//1679 1681//1681 1690//1690
f 1686//1686 2547//2547 2548//2548
f 1687//1687 1676//1676 1692//1692
f 1692//1692 1676//1676 1683//1683
f 2229//2229 1684//1684 2246//2246
f 2247//2247 2229//2229 2246//2246
f 1686//1686 2548//2548 1695//1695
f 2540//2540 2644//2644 2245//2245
f 1691//1691 1696//1696 1690//1690
f 1681//1681 1691//1691 1690//1690
f 1685//1685 1686//1686 1695//1695
f 2540//2540 1689//1689 2644//2644
f 2559//2559 1687//1687 2111//2111
f 1685//1685 1695//1695 1700//1700
f 2248//2248 1693//1693 2625//2625
f 1700//1700 1695//1695 1702//1702
f 1703//1703 2559//2559 2111//2111
f 1695//1695 2548//2548 1702//1702
f 1690//1690 1696//1696 1702//1702
f 1696//1696 1705//1705 1702//1702
f 2111//2111 1687//1687 2107//2107
f 2245//2245 2644//2644 1701//1701
f 1692//1692 1697//1697 2107//2107
f 1687//1687 1692//1692 2107//2107
f 1697//1697 1707//1707 2107//2107
f 1704//1704 2645//2645 1698//1698
f 1700//1700 1702//1702 1706//1706
f 1709//1709 1694//1694 1710//1710
f 1694//1694 1701//1701 1710//1710
f 1701//1701 2644//2644 1708//1708
f 1709//1709 1710//1710 2690//2690
f 1706//1706 1702//1702 2717//2717
f 1702//1702 1705//1705 2717//2717
f 2717//2717 1705//1705 1711//1711
f 2655//2655 1700//1700 1715//1715
f 1700//1700 1706//1706 1715//1715
f 1710//1710 1701//1701 1708//1708
f 1715//1715 1706//1706 2717//2717
f 2690//2690 1710//1710 1716//1716
f 1711//1711 1717//1717 2717//2717
f 2655//2655 1715//1715 2716//2716
f 1599//1599 1715//1715 2717//2717
f 1716//1716 1710//1710 1602//1602
f 2407//2407 2690//2690 1716//1716
f 1717//1717 1718//1718 2717//2717
f 2407//2407 1716//1716 1598//1598
f 1718//1718 1605//1605 2717//2717
f 1606//1606 2655//2655 1600//1600
f 2655//2655 2716//2716 1600//1600
f 1723//1723 2640//2640 1722//1722
f 1723//1723 1722//1722 2336//2336
f 2336//2336 1722//1722 2650//2650
f 1720//1720 1725//1725 1726//1726
f 1722//1722 2640//2640 1724//1724
f 2017//2017 2715//2715 2019//2019
f 1720//1720 1726//1726 1727//1727
f 18//18 16//16 1727//1727
f 1727//1727 1726//1726 1729//1729
f 2642//2642 1728//1728 1730//1730
f 1724//1724 2640//2640 2422//2422
f 1726//1726 1731//1731 1729//1729
f 2356//2356 2336//2336 2650//2650
f 1727//1727 1729//1729 18//18
f 2336//2336 2356//2356 2646//2646
f 1729//1729 1731//1731 2533//2533
f 1732//1732 1724//1724 2422//2422
f 2029//2029 18//18 2032//2032
f 18//18 1729//1729 2032//2032
f 2646//2646 2356//2356 2357//2357
f 2032//2032 1729//1729 2533//2533
f 1733//1733 1735//1735 1738//1738
f 2514//2514 2112//2112 2391//2391
f 1699//1699 613//613 2390//2390
f 1740//1740 2513//2513 1739//1739
f 1732//1732 2422//2422 2358//2358
f 2421//2421 1734//1734 2359//2359
f 613//613 1741//1741 2390//2390
f 1734//1734 1742//1742 2359//2359
f 2533//2533 2534//2534 2032//2032
f 2670//2670 37//37 1737//1737
f 2721//2721 2030//2030 2193//2193
f 2392//2392 1745//1745 2456//2456
f 1740//1740 1739//1739 1//1
f 20//20 1736//1736 1743//1743
f 2359//2359 1742//1742 2544//2544
f 1//1 1739//1739 1746//1746
f 2032//2032 2534//2534 2194//2194
f 2534//2534 1748//1748 2194//2194
f 1737//1737 1747//1747 2670//2670
f 1744//1744 1749//1749 1742//1742
f 1742//1742 1749//1749 2544//2544
f 1749//1749 1750//1750 2544//2544
f 1748//1748 1752//1752 2194//2194
f 2670//2670 1747//1747 1751//1751
f 1745//1745 1753//1753 2456//2456
f 2544//2544 1750//1750 2172//2172
f 1750//1750 1754//1754 2172//2172
f 2670//2670 1751//1751 2371//2371
f 41//41 2173//2173 2144//2144
f 1//1 1746//1746 2//2
f 2144//2144 2173//2173 2174//2174
f 2//2 1746//1746 1757//1757
f 1752//1752 1760//1760 2194//2194
f 1756//1756 2172//2172 1758//1758
f 2172//2172 1754//1754 1758//1758
f 2722//2722 2721//2721 2624//2624
f 2456//2456 1753//1753 1759//1759
f 1753//1753 1761//1761 1759//1759
f 2721//2721 2193//2193 2624//2624
f 2456//2456 1759//1759 1757//1757
f 41//41 2144//2144 1763//1763
f 1770//1770 41//41 1763//1763
f 1757//1757 1759//1759 2708//2708
f 1755//1755 2175//2175 1763//1763
f 2722//2722 2624//2624 1762//1762
f 2//2 1757//1757 2708//2708
f 2142//2142 2//2 2708//2708
f 1763//1763 2175//2175 1766//1766
f 26//26 2722//2722 1768//1768
f 2708//2708 1759//1759 1769//1769
f 1759//1759 1764//1764 1769//1769
f 2722//2722 1762//1762 1768//1768
f 2141//2141 1765//1765 1771//1771
f 1768//1768 1762//1762 1767//1767
f 1770//1770 1763//1763 1766//1766
f 26//26 1768//1768 1964//1964
f 2231//2231 2708//2708 1769//1769
f 1768//1768 1767//1767 1964//1964
f 26//26 1964//1964 1773//1773
f 2298//2298 1770//1770 1774//1774
f 7//7 6//6 2231//2231
f 1770//1770 1766//1766 1774//1774
f 1774//1774 1766//1766 2736//2736
f 2298//2298 1774//1774 2038//2038
f 1773//1773 1772//1772 1776//1776
f 26//26 1773//1773 28//28
f 1777//1777 1774//1774 2736//2736
f 1773//1773 1776//1776 1779//1779
f 2231//2231 1769//1769 1778//1778
f 7//7 2231//2231 1778//1778
f 1773//1773 1779//1779 28//28
f 1780//1780 2737//2737 1775//1775
f 2298//2298 2038//2038 2039//2039
f 2719//2719 2298//2298 2039//2039
f 29//29 28//28 1781//1781
f 1777//1777 2736//2736 1784//1784
f 28//28 1779//1779 1781//1781
f 1984//1984 7//7 1987//1987
f 1784//1784 2736//2736 1783//1783
f 7//7 1778//1778 1987//1987
f 1779//1779 1785//1785 1781//1781
f 2719//2719 2039//2039 2668//2668
f 1782//1782 1788//1788 1786//1786
f 2143//2143 1782//1782 1786//1786
f 29//29 1781//1781 1789//1789
f 1785//1785 1791//1791 2617//2617
f 1781//1781 1785//1785 2617//2617
f 1787//1787 1784//1784 1790//1790
f 1784//1784 1783//1783 1790//1790
f 1783//1783 1792//1792 1790//1790
f 1788//1788 1793//1793 1786//1786
f 1985//1985 1988//1988 2198//2198
f 49//49 2719//2719 2342//2342
f 2719//2719 2668//2668 2342//2342
f 1787//1787 1790//1790 1623//1623
f 1793//1793 1794//1794 1786//1786
f 2471//2471 9//9 2199//2199
f 1791//1791 1797//1797 2617//2617
f 31//31 29//29 1796//1796
f 1628//1628 1623//1623 1790//1790
f 29//29 1789//1789 2554//2554
f 1629//1629 2361//2361 1790//1790
f 1792//1792 1798//1798 1790//1790
f 1796//1796 29//29 2554//2554
f 1798//1798 1629//1629 1790//1790
f 1786//1786 1794//1794 1795//1795
f 2471//2471 2199//2199 2431//2431
f 2432//2432 1795//1795 1800//1800
f 1795//1795 1794//1794 1800//1800
f 31//31 1796//1796 2515//2515
f 32//32 31//31 2515//2515
f 1800//1800 1802//1802 2432//2432
f 2471//2471 2431//2431 2437//2437
f 2438//2438 1799//1799 2497//2497
f 1801//1801 1805//1805 2516//2516
f 2555//2555 1801//1801 2516//2516
f 1796//1796 2554//2554 1803//1803
f 2498//2498 2432//2432 1806//1806
f 2432//2432 1802//1802 1806//1806
f 1802//1802 1807//1807 1806//1806
f 2516//2516 1805//1805 2641//2641
f 32//32 2515//2515 2337//2337
f 2337//2337 2515//2515 1721//1721
f 1805//1805 1719//1719 2641//2641
f 13//13 1804//1804 2017//2017
f 2017//2017 1804//1804 2715//2715
f 2498//2498 1806//1806 1720//1720
f 1720//1720 1806//1806 1725//1725
f 2366//2366 2273//2273 169//169
f 2366//2366 169//169 2637//2637
f 1809//1809 2366//2366 1241//1241
f 2366//2366 2637//2637 1241//1241
f 1809//1809 1241//1241 1145//1145
f 2476//2476 1809//1809 1145//1145
f 2476//2476 1145//1145 2525//2525
f 2704//2704 2476//2476 2525//2525
f 2501//2501 2704//2704 1259//1259
f 2704//2704 2525//2525 1259//1259
f 2389//2389 2501//2501 2686//2686
f 2501//2501 1259//1259 2686//2686
f 2389//2389 2686//2686 158//158
f 2636//2636 2279//2279 1042//1042
f 1249//1249 2636//2636 1005//1005
f 2636//2636 1042//1042 1005//1005
f 1448//1448 2263//2263 1453//1453
f 1482//1482 1508//1508 1441//1441
f 1509//1509 1592//1592 1348//1348
f 1440//1440 1510//1510 1347//1347
f 1454//1454 2261//2261 1461//1461
f 1348//1348 1592//1592 1328//1328
f 2563//2563 2480//2480 1268//1268
f 2480//2480 1080//1080 1267//1267
f 1080//1080 1120//1120 1267//1267
f 1593//1593 1312//1312 1300//1300
f 1328//1328 1592//1592 1299//1299
f 1462//1462 2253//2253 2201//2201
f 1301//1301 1310//1310 1302//1302
f 1303//1303 1311//1311 1437//1437
f 1436//1436 1314//1314 2590//2590
f 2266//2266 1396//1396 2636//2636
f 1396//1396 1403//1403 2636//2636
f 1403//1403 1287//1287 2636//2636
f 1287//1287 2618//2618 2636//2636
f 2618//2618 2512//2512 2636//2636
f 2512//2512 1275//1275 2636//2636
f 1311//1311 2262//2262 2586//2586
f 1275//1275 2692//2692 2636//2636
f 2692//2692 1200//1200 2636//2636
f 1200//1200 2335//2335 2636//2636
f 2335//2335 1253//1253 2636//2636
f 1253//1253 1242//1242 2636//2636
f 2589//2589 1313//1313 2587//2587
f 1242//1242 2562//2562 2636//2636
f 1267//1267 1271//1271 2636//2636
f 1271//1271 1270//1270 2636//2636
f 2562//2562 1267//1267 2636//2636
f 2202//2202 2266//2266 2636//2636
f 2202//2202 2636//2636 1113//1113
f 1318//1318 2095//2095 1369//1369
f 1317//1317 1318//1318 1369//1369
f 1113//1113 2636//2636 1137//1137
f 2588//2588 2251//2251 1544//1544
f 1369//1369 2095//2095 1334//1334
f 2636//2636 1252//1252 1127//1127
f 1137//1137 2636//2636 2404//2404
f 2636//2636 1127//1127 2605//2605
f 1308//1308 1364//1364 1333//1333
f 1323//1323 1309//1309 1335//1335
f 2095//2095 1324//1324 1334//1334
f 1543//1543 2259//2259 2126//2126
f 2404//2404 2636//2636 1152//1152
f 1400//1400 1404//1404 2265//2265
f 2517//2517 1399//1399 2252//2252
f 1379//1379 2518//2518 2256//2256
f 1377//1377 1380//1380 2255//2255
f 1363//1363 1376//1376 2254//2254
f 1152//1152 2636//2636 1174//1174
f 1332//1332 1365//1365 2250//2250
f 2605//2605 1036//1036 1009//1009
f 1411//1411 1395//1395 2257//2257
f 1174//1174 2636//2636 1199//1199
f 2628//2628 1412//1412 2260//2260
f 1405//1405 2627//2627 2266//2266
f 2127//2127 2258//2258 2567//2567
f 2605//2605 1009//1009 1164//1164
f 1199//1199 2636//2636 2469//2469
f 2605//2605 1164//1164 1187//1187
f 2469//2469 2636//2636 1249//1249
f 2636//2636 2605//2605 2279//2279
f 2606//2606 1186//1186 2280//2280
f 2568//2568 2264//2264 1449//1449
f 1976//1976 229//229 2219//2219
f 51//51 2430//2430 1811//1811
f 2430//2430 1646//1646 1811//1811
f 1813//1813 1812//1812 1658//1658
f 1811//1811 1646//1646 1812//1812
f 1646//1646 1658//1658 1812//1812
f 1658//1658 1672//1672 1813//1813
f 1813//1813 1672//1672 1814//1814
f 1672//1672 2414//2414 1814//1814
f 1935//1935 1814//1814 2414//2414
f 2414//2414 2415//2415 1935//1935
f 1815//1815 1935//1935 2415//2415
f 2415//2415 1714//1714 1815//1815
f 1816//1816 1815//1815 1714//1714
f 1714//1714 2211//2211 1816//1816
f 1817//1817 1816//1816 2211//2211
f 2211//2211 1613//1613 1817//1817
f 1818//1818 1817//1817 1613//1613
f 1613//1613 2519//2519 1818//1818
f 1818//1818 2519//2519 1819//1819
f 2519//2519 2520//2520 1819//1819
f 1819//1819 2520//2520 1820//1820
f 2520//2520 2632//2632 1820//1820
f 2056//2056 1820//1820 2632//2632
f 2632//2632 2228//2228 2056//2056
f 2011//2011 2056//2056 2228//2228
f 2011//2011 2228//2228 1680//1680
f 2010//2010 2011//2011 1680//1680
f 1680//1680 1694//1694 2010//2010
f 2158//2158 2010//2010 1694//1694
f 1694//1694 1709//1709 2158//2158
f 2158//2158 1709//1709 1712//1712
f 2160//2160 2158//2158 1712//1712
f 1712//1712 1604//1604 2160//2160
f 1825//1825 2160//2160 1604//1604
f 1604//1604 1607//1607 1825//1825
f 1826//1826 1825//1825 1607//1607
f 1607//1607 1621//1621 1826//1826
f 2573//2573 1826//1826 1621//1621
f 1621//1621 2507//2507 2573//2573
f 1828//1828 2573//2573 2507//2507
f 2507//2507 1645//1645 1828//1828
f 2276//2276 1828//1828 1645//1645
f 1645//1645 1661//1661 2276//2276
f 2712//2712 2276//2276 1661//1661
f 1661//1661 1671//1671 2712//2712
f 2702//2702 2712//2712 1671//1671
f 1671//1671 1688//1688 2702//2702
f 2703//2703 2702//2702 1688//1688
f 2545//2545 2703//2703 2513//2513
f 2703//2703 1688//1688 2513//2513
f 1911//1911 2545//2545 2513//2513
f 2513//2513 1740//1740 1911//1911
f 1//1 2631//2631 1740//1740
f 1740//1740 2631//2631 1911//1911
f 2292//2292 162//162 2197//2197
f 1991//1991 2291//2291 2195//2195
f 1992//1992 165//165 2216//2216
f 1994//1994 1990//1990 2215//2215
f 1834//1834 166//166 2272//2272
f 2048//2048 1995//1995 2271//2271
f 1835//1835 168//168 2364//2364
f 2049//2049 2047//2047 2365//2365
f 2051//2051 1808//1808 2427//2427
f 2238//2238 2050//2050 2428//2428
f 2238//2238 2428//2428 2477//2477
f 2306//2306 1837//1837 171//171
f 244//244 245//245 2213//2213
f 244//244 2214//2214 2208//2208
f 243//243 248//248 2300//2300
f 242//242 244//244 2208//2208
f 60//60 2071//2071 2170//2170
f 242//242 2208//2208 2186//2186
f 239//239 2300//2300 2301//2301
f 239//239 243//243 2300//2300
f 240//240 2170//2170 2171//2171
f 240//240 60//60 2170//2170
f 241//241 2186//2186 2187//2187
f 241//241 242//242 2186//2186
f 228//228 239//239 2301//2301
f 1810//1810 2301//2301 2630//2630
f 235//235 241//241 2187//2187
f 1810//1810 228//228 2301//2301
f 237//237 2171//2171 2669//2669
f 237//237 240//240 2171//2171
f 235//235 2187//2187 1860//1860
f 1810//1810 2630//2630 2687//2687
f 234//234 2669//2669 2550//2550
f 234//234 237//237 2669//2669
f 232//232 1860//1860 1867//1867
f 232//232 235//235 1860//1860
f 1975//1975 1810//1810 2687//2687
f 230//230 232//232 1867//1867
f 225//225 234//234 2550//2550
f 257//257 1975//1975 2687//2687
f 156//156 1867//1867 2614//2614
f 156//156 230//230 1867//1867
f 257//257 2687//2687 2510//2510
f 225//225 2550//2550 2465//2465
f 226//226 2465//2465 2463//2463
f 226//226 225//225 2465//2465
f 256//256 257//257 2510//2510
f 256//256 2510//2510 2450//2450
f 259//259 226//226 2463//2463
f 259//259 2463//2463 2464//2464
f 253//253 256//256 2450//2450
f 258//258 2464//2464 2553//2553
f 253//253 2450//2450 2397//2397
f 258//258 259//259 2464//2464
f 251//251 253//253 2397//2397
f 255//255 2553//2553 2393//2393
f 255//255 258//258 2553//2553
f 251//251 2397//2397 2351//2351
f 250//250 251//251 2351//2351
f 252//252 255//255 2393//2393
f 250//250 2351//2351 2352//2352
f 249//249 2393//2393 2304//2304
f 247//247 250//250 2352//2352
f 249//249 252//252 2393//2393
f 247//247 2352//2352 2213//2213
f 249//249 2304//2304 2305//2305
f 245//245 247//247 2213//2213
f 248//248 2305//2305 2300//2300
f 244//244 2213//2213 2214//2214
f 248//248 249//249 2305//2305
f 2620//2620 2654//2654 2457//2457
f 1900//1900 1901//1901 42//42
f 1902//1902 1901//1901 1900//1900
f 2602//2602 1897//1897 30//30
f 1903//1903 2363//2363 1897//1897
f 2665//2665 2363//2363 1903//1903
f 2458//2458 2621//2621 2619//2619
f 1902//1902 1900//1900 2694//2694
f 1904//1904 2602//2602 30//30
f 1905//1905 30//30 33//33
f 1905//1905 1904//1904 30//30
f 2720//2720 1902//1902 2694//2694
f 1906//1906 1902//1902 2720//2720
f 2092//2092 15//15 17//17
f 2092//2092 14//14 15//15
f 2082//2082 33//33 34//34
f 1910//1910 1905//1905 33//33
f 2093//2093 17//17 19//19
f 2697//2697 2693//2693 2551//2551
f 2697//2697 1906//1906 2720//2720
f 2093//2093 2092//2092 17//17
f 1906//1906 2697//2697 2551//2551
f 36//36 2082//2082 34//34
f 2086//2086 2082//2082 36//36
f 1916//1916 19//19 22//22
f 1916//1916 2093//2093 19//19
f 2416//2416 2546//2546 4//4
f 2418//2418 2631//2631 3//3
f 1917//1917 3//3 2718//2718
f 23//23 1916//1916 22//22
f 1921//1921 1916//1916 23//23
f 2333//2333 2086//2086 36//36
f 2333//2333 36//36 38//38
f 2420//2420 2417//2417 5//5
f 1919//1919 2718//2718 2161//2161
f 1922//1922 2021//2021 1915//1915
f 1922//1922 1915//1915 1920//1920
f 2485//2485 1922//1922 1920//1920
f 2117//2117 2022//2022 2115//2115
f 2116//2116 1922//1922 2485//2485
f 2153//2153 2349//2349 25//25
f 2154//2154 1921//1921 23//23
f 2486//2486 38//38 40//40
f 2486//2486 2333//2333 38//38
f 2040//2040 2023//2023 2020//2020
f 2041//2041 2487//2487 1926//1926
f 2043//2043 2714//2714 1928//1928
f 2042//2042 1918//1918 1924//1924
f 1927//1927 2116//2116 2485//2485
f 2362//2362 2153//2153 25//25
f 2662//2662 2153//2153 2362//2362
f 42//42 2486//2486 40//40
f 2621//2621 8//8 11//11
f 2622//2622 2162//2162 2654//2654
f 1901//1901 2486//2486 42//42
f 2484//2484 2713//2713 1923//1923
f 2484//2484 2024//2024 2713//2713
f 2363//2363 27//27 1897//1897
f 1898//1898 2662//2662 2362//2362
f 1899//1899 1930//1930 12//12
f 2137//2137 1934//1934 2223//2223
f 2138//2138 2137//2137 2223//2223
f 2139//2139 1935//1935 1815//1815
f 2045//2045 1942//1942 2242//2242
f 2096//2096 1821//1821 2013//2013
f 2097//2097 2012//2012 2044//2044
f 1939//1939 1937//1937 2244//2244
f 2098//2098 2243//2243 1980//1980
f 2096//2096 1981//1981 1821//1821
f 1941//1941 2139//2139 1815//1815
f 1829//1829 1831//1831 1931//1931
f 1942//1942 1932//1932 1822//1822
f 1942//1942 2045//2045 1932//1932
f 2446//2446 2136//2136 1936//1936
f 1943//1943 2136//2136 2446//2446
f 2609//2609 1965//1965 1933//1933
f 1941//1941 1815//1815 1816//1816
f 1831//1831 1829//1829 1830//1830
f 1944//1944 2446//2446 1816//1816
f 1944//1944 1943//1943 2446//2446
f 1944//1944 1816//1816 1817//1817
f 2648//2648 1822//1822 1823//1823
f 2648//2648 1942//1942 1822//1822
f 2552//2552 2693//2693 50//50
f 2552//2552 2551//2551 2693//2693
f 1946//1946 2596//2596 1914//1914
f 2626//2626 1944//1944 1817//1817
f 2552//2552 50//50 51//51
f 1824//1824 2648//2648 1823//1823
f 2626//2626 1817//1817 1818//1818
f 1948//1948 2552//2552 51//51
f 2530//2530 51//51 1811//1811
f 2526//2526 2626//2626 1818//1818
f 1949//1949 1948//1948 51//51
f 2526//2526 1818//1818 1819//1819
f 2532//2532 2530//2530 1811//1811
f 1955//1955 2596//2596 2531//2531
f 1955//1955 2531//2531 1952//1952
f 2556//2556 2532//2532 1811//1811
f 2556//2556 1811//1811 1812//1812
f 1954//1954 2526//2526 1819//1819
f 1955//1955 1952//1952 1953//1953
f 1954//1954 1819//1819 1820//1820
f 1956//1956 1812//1812 1813//1813
f 1956//1956 2556//2556 1812//1812
f 2557//2557 1955//1955 1953//1953
f 1957//1957 1954//1954 1820//1820
f 1958//1958 1956//1956 1813//1813
f 1961//1961 2734//2734 2574//2574
f 1957//1957 1820//1820 2056//2056
f 1966//1966 1965//1965 2557//2557
f 1814//1814 1958//1958 1813//1813
f 2277//2277 1827//1827 1828//1828
f 1934//1934 1958//1958 1814//1814
f 2277//2277 1828//1828 2276//2276
f 2472//2472 1983//1983 2549//2549
f 2472//2472 2549//2549 1821//1821
f 1979//1979 1938//1938 1982//1982
f 1940//1940 1963//1963 1962//1962
f 1981//1981 2472//2472 1821//1821
f 2223//2223 1934//1934 1814//1814
f 2237//2237 2046//2046 1836//1836
f 1993//1993 2046//2046 2237//2237
f 2481//2481 2237//2237 2309//2309
f 2481//2481 1993//1993 2237//2237
f 2481//2481 1833//1833 1993//1993
f 2185//2185 1833//1833 2481//2481
f 2185//2185 178//178 1833//1833
f 2165//2165 2185//2185 2481//2481
f 176//176 2185//2185 2165//2165
f 219//219 2698//2698 2725//2725
f 2679//2679 2577//2577 2616//2616
f 194//194 189//189 182//182
f 209//209 203//203 186//186
f 203//203 202//202 186//186
f 1850//1850 209//209 186//186
f 1880//1880 1876//1876 1871//1871
f 201//201 193//193 185//185
f 2577//2577 220//220 197//197
f 220//220 2724//2724 197//197
f 2723//2723 204//204 195//195
f 192//192 2615//2615 200//200
f 1884//1884 1879//1879 1893//1893
f 1878//1878 1872//1872 1865//1865
f 1873//1873 1870//1870 1863//1863
f 1894//1894 1881//1881 1891//1891
f 1877//1877 1862//1862 1889//1889
f 1866//1866 1855//1855 1891//1891
f 1848//1848 1895//1895 1889//1889
f 1852//1852 1846//1846 1888//1888
f 1853//1853 1849//1849 1888//1888
f 1861//1861 1852//1852 1888//1888
f 1868//1868 1861//1861 1888//1888
f 1849//1849 183//183 1888//1888
f 1875//1875 1869//1869 1890//1890
f 1882//1882 1874//1874 1886//1886
f 1885//1885 1883//1883 1887//1887
f 206//206 199//199 2329//2329
f 211//211 207//207 2330//2330
f 1896//1896 1892//1892 1847//1847
f 1888//1888 183//183 1840//1840
f 2616//2616 2577//2577 2331//2331
f 2577//2577 197//197 2331//2331
f 200//200 2615//2615 2328//2328
f 208//208 205//205 2327//2327
f 1864//1864 1859//1859 1854//1854
f 187//187 181//181 2537//2537
f 195//195 191//191 2536//2536
f 190//190 188//188 2538//2538
f 2326//2326 196//196 217//217
f 198//198 2535//2535 216//216
f 2578//2578 222//222 218//218
f 215//215 2539//2539 221//221
f 1841//1841 1839//1839 1845//1845
f 1851//1851 1843//1843 1856//1856
f 1858//1858 1852//1852 1861//1861
f 218//218 214//214 2699//2699
f 1857//1857 1844//1844 2678//2678
f 1840//1840 183//183 2679//2679
f 184//184 179//179 2677//2677
f 180//180 2576//2576 2676//2676
f 1842//1842 1838//1838 2680//2680
f 1951//1951 2085//2085 1915//1915
f 1950//1950 2529//2529 2084//2084
f 1965//1965 2484//2484 2661//2661
f 1960//1960 2459//2459 1907//1907
f 1961//1961 1931//1931 2458//2458
f 1947//1947 1915//1915 2021//2021
f 1947//1947 1951//1951 1915//1915
f 2733//2733 1959//1959 1909//1909
f 2609//2609 2024//2024 2484//2484
f 2609//2609 2484//2484 1965//1965
f 2610//2610 1947//1947 2021//2021
f 2610//2610 2021//2021 2024//2024
f 2610//2610 2024//2024 2609//2609
f 2732//2732 1908//1908 1913//1913
f 2728//2728 2732//2732 1913//1913
f 2727//2727 1912//1912 2294//2294
f 2159//2159 2729//2729 2293//2293
f 2159//2159 2293//2293 2152//2152
f 1945//1945 2159//2159 2152//2152
f 1945//1945 2152//2152 1925//1925
f 2546//2546 2416//2416 2419//2419
f 1942//1942 1945//1945 1925//1925
f 1942//1942 1925//1925 1929//1929
f 1832//1832 2546//2546 2419//2419
f 2242//2242 1942//1942 1929//1929
f 2242//2242 1929//1929 2363//2363
f 1831//1831 2419//2419 8//8
f 1831//1831 1832//1832 2419//2419
f 1983//1983 2242//2242 2363//2363
f 1983//1983 2363//2363 2665//2665
f 1831//1831 8//8 2621//2621
f 1955//1955 1914//1914 2596//2596
f 2549//2549 1983//1983 2665//2665
f 2549//2549 2665//2665 2667//2667
f 1931//1931 1831//1831 2621//2621
f 2557//2557 2649//2649 1914//1914
f 2557//2557 1914//1914 1955//1955
f 2527//2527 2666//2666 2083//2083
f 2528//2528 2549//2549 2667//2667
f 1931//1931 2621//2621 2458//2458
f 1965//1965 2661//2661 2649//2649
f 1965//1965 2649//2649 2557//2557
f 2746//2746 2753//2753 2747//2747
f 2760//2760 2893//2893 2815//2815
f 2761//2761 2814//2814 2766//2766
f 2742//2742 2749//2749 2770//2770
f 2777//2777 2758//2758 2765//2765
f 2784//2784 2745//2745 2768//2768
f 2779//2779 2763//2763 2789//2789
f 2757//2757 2778//2778 2787//2787
f 2756//2756 2790//2790 2940//2940
f 2755//2755 2944//2944 2748//2748
f 2791//2791 2806//2806 2792//2792
f 2762//2762 2803//2803 2786//2786
f 2812//2812 2764//2764 2817//2817
f 2767//2767 2813//2813 2807//2807
f 2823//2823 2831//2831 2818//2818
f 2825//2825 2843//2843 2832//2832
f 2830//2830 2833//2833 2824//2824
f 2838//2838 2829//2829 2846//2846
f 2854//2854 2839//2839 2847//2847
f 2942//2942 2788//2788 2796//2796
f 2941//2941 2795//2795 2800//2800
f 2819//2819 2837//2837 2809//2809
f 2927//2927 2883//2883 2857//2857
f 2801//2801 2881//2881 2860//2860
f 2799//2799 2793//2793 2878//2878
f 2811//2811 2950//2950 2867//2867
f 2804//2804 2810//2810 2868//2868
f 2934//2934 2802//2802 2864//2864
f 2939//2939 2861//2861 2874//2874
f 2797//2797 2805//2805 2869//2869
f 2794//2794 2866//2866 2880//2880
f 2884//2884 2938//2938 2875//2875
f 2885//2885 2873//2873 2855//2855
f 2888//2888 2901//2901 2828//2828
f 2892//2892 2826//2826 2821//2821
f 2899//2899 2889//2889 2820//2820
f 2782//2782 2774//2774 2908//2908
f 2894//2894 2822//2822 2816//2816
f 2900//2900 2785//2785 2909//2909
f 2903//2903 2905//2905 2845//2845
f 2902//2902 2844//2844 2827//2827
f 2904//2904 2891//2891 2783//2783
f 2890//2890 2896//2896 2781//2781
f 2895//2895 2776//2776 2743//2743
f 2783//2783 2898//2898 2741//2741
f 2780//2780 2754//2754 2744//2744
f 2897//2897 2759//2759 2775//2775
f 2853//2853 2848//2848 2915//2915
f 2917//2917 2910//2910 2773//2773
f 2920//2920 2916//2916 2907//2907
f 2923//2923 2918//2918 2771//2771
f 2932//2932 2922//2922 2772//2772
f 2937//2937 2928//2928 2752//2752
f 2936//2936 2886//2886 2931//2931
f 2945//2945 2935//2935 2750//2750
f 2798//2798 2933//2933 2943//2943
f 2911//2911 2849//2849 2906//2906
f 2929//2929 2769//2769 2751//2751
f 2930//2930 2887//2887 2924//2924
f 2808//2808 2836//2836 2946//2946
f 2851//2851 2970//2970 2955//2955
f 2926//2926 2856//2856 2960//2960
f 2921//2921 2925//2925 2961//2961
f 2840//2840 2852//2852 2952//2952
f 2841//2841 2956//2956 2967//2967
f 2913//2913 2919//2919 2962//2962
f 2912//2912 2959//2959 2969//2969
f 2835//2835 2842//2842 2965//2965
f 2834//2834 2963//2963 2951//2951
f 2850//2850 2914//2914 2972//2972
f 2954//2954 2971//2971 2991//2991
f 2957//2957 2992//2992 2987//2987
f 2983//2983 2998//2998 2948//2948
f 2973//2973 2958//2958 2988//2988
f 2979//2979 2862//2862 2882//2882
f 2994//2994 2858//2858 3007//3007
f 2859//2859 2872//2872 3010//3010
f 3007//3007 2858//2858 3009//3009
f 2954//2954 2991//2991 3015//3015
f 2964//2964 2953//2953 3019//3019
f 2949//2949 2999//2999 2870//2870
f 3004//3004 2974//2974 2877//2877
f 3012//3012 2876//2876 2865//2865
f 3000//3000 2879//2879 2871//2871
f 2966//2966 3016//3016 2981//2981
f 3022//3022 3009//3009 2863//2863
f 2958//2958 2858//2858 2994//2994
f 3024//3024 2865//2865 2976//2976
f 2968//2968 2980//2980 2947//2947
f 3017//3017 3029//3029 3032//3032
f 3018//3018 2989//2989 3027//3027
f 2984//2984 3033//3033 3036//3036
f 2985//2985 3020//3020 3030//3030
f 3001//3001 2982//2982 3037//3037
f 3003//3003 3034//3034 3038//3038
f 2997//2997 3039//3039 3042//3042
f 2977//2977 3002//3002 3044//3044
f 2978//2978 3043//3043 3045//3045
f 3021//3021 3048//3048 3050//3050
f 3023//3023 2975//2975 3047//3047
f 3013//3013 3051//3051 3054//3054
f 3011//3011 3025//3025 3052//3052
f 3006//3006 3014//3014 3055//3055
f 3008//3008 3053//3053 3059//3059
f 2993//2993 3005//3005 3060//3060
f 2995//2995 3058//3058 3062//3062
f 2986//2986 2996//2996 3061//3061
f 2990//2990 3064//3064 3028//3028
f 3063//3063 3031//3031 3026//3026
f 3063//3063 3035//3035 3031//3031
f 3041//3041 3040//3040 3035//3035
f 3041//3041 3035//3035 3063//3063
f 3056//3056 3063//3063 3057//3057
f 3049//3049 3041//3041 3063//3063
f 3049//3049 3063//3063 3056//3056
f 3046//3046 3041//3041 3049//3049
f 3102//3102 3106//3106 3069//3069
f 3074//3074 3100//3100 3066//3066
f 3072//3072 3071//3071 3280//3280
f 3077//3077 3084//3084 3114//3114
f 3089//3089 3075//3075 3277//3277
f 3090//3090 3278//3278 3097//3097
f 3099//3099 3076//3076 3119//3119
f 3098//3098 3120//3120 3107//3107
f 3116//3116 3112//3112 3103//3103
f 3108//3108 3121//3121 3104//3104
f 3117//3117 3127//3127 3113//3113
f 3083//3083 3135//3135 3118//3118
f 3145//3145 3137//3137 3080//3080
f 3139//3139 3175//3175 3086//3086
f 3151//3151 3140//3140 3144//3144
f 3148//3148 3155//3155 3138//3138
f 3168//3168 3160//3160 3255//3255
f 3166//3166 3149//3149 3161//3161
f 3115//3115 3132//3132 3130//3130
f 3081//3081 3176//3176 3133//3133
f 3141//3141 3153//3153 3172//3172
f 3152//3152 3143//3143 3158//3158
f 3150//3150 3167//3167 3156//3156
f 3270//3270 3222//3222 3183//3183
f 3111//3111 3215//3215 3186//3186
f 3125//3125 3110//3110 3187//3187
f 3136//3136 3195//3195 3200//3200
f 3206//3206 3122//3122 3188//3188
f 3205//3205 3185//3185 3211//3211
f 3128//3128 3199//3199 3216//3216
f 3129//3129 3134//3134 3201//3201
f 3220//3220 3202//3202 3210//3210
f 3109//3109 3126//3126 3213//3213
f 3221//3221 3212//3212 3184//3184
f 3225//3225 3159//3159 3142//3142
f 3230//3230 3224//3224 3146//3146
f 3088//3088 3093//3093 3235//3235
f 3231//3231 3147//3147 3085//3085
f 3238//3238 3091//3091 3232//3232
f 3078//3078 3228//3228 3082//3082
f 3241//3241 3237//3237 3242//3242
f 3250//3250 3239//3239 3245//3245
f 3249//3249 3246//3246 3162//3162
f 3226//3226 3252//3252 3163//3163
f 3227//3227 3229//3229 3079//3079
f 3251//3251 3227//3227 3079//3079
f 3240//3240 3248//3248 3087//3087
f 3251//3251 3079//3079 3092//3092
f 3079//3079 3101//3101 3092//3092
f 3092//3092 3101//3101 3073//3073
f 3164//3164 3243//3243 3254//3254
f 3261//3261 3244//3244 3236//3236
f 3257//3257 3247//3247 3259//3259
f 3269//3269 3263//3263 3234//3234
f 3273//3273 3267//3267 3094//3094
f 3272//3272 3096//3096 3276//3276
f 3279//3279 3223//3223 3271//3271
f 3065//3065 3218//3218 3275//3275
f 3070//3070 3203//3203 3219//3219
f 3067//3067 3124//3124 3204//3204
f 3123//3123 3068//3068 3105//3105
f 3095//3095 3266//3266 3233//3233
f 3131//3131 3171//3171 3191//3191
f 3170//3170 3253//3253 3283//3283
f 3265//3265 3274//3274 3180//3180
f 3268//3268 3181//3181 3289//3289
f 3165//3165 3282//3282 3299//3299
f 3157//3157 3169//3169 3295//3295
f 3260//3260 3264//3264 3293//3293
f 3174//3174 3154//3154 3294//3294
f 3256//3256 3262//3262 3290//3290
f 3173//3173 3300//3300 3193//3193
f 3258//3258 3287//3287 3285//3285
f 3286//3286 3292//3292 3316//3316
f 3303//3303 3323//3323 3196//3196
f 3291//3291 3329//3329 3315//3315
f 3328//3328 3178//3178 3335//3335
f 3333//3333 3179//3179 3337//3337
f 3177//3177 3209//3209 3341//3341
f 3311//3311 3190//3190 3217//3217
f 3194//3194 3319//3319 3197//3197
f 3281//3281 3318//3318 3343//3343
f 3296//3296 3284//3284 3348//3348
f 3349//3349 3311//3311 3217//3217
f 3322//3322 3349//3349 3217//3217
f 3297//3297 3346//3346 3302//3302
f 3198//3198 3321//3321 3214//3214
f 3308//3308 3342//3342 3207//3207
f 3309//3309 3208//3208 3189//3189
f 3298//3298 3301//3301 3192//3192
f 3288//3288 3182//3182 3327//3327
f 3347//3347 3354//3354 3358//3358
f 3345//3345 3313//3313 3355//3355
f 3304//3304 3344//3344 3359//3359
f 3305//3305 3360//3360 3362//3362
f 3325//3325 3306//3306 3364//3364
f 3324//3324 3361//3361 3367//3367
f 3352//3352 3366//3366 3370//3370
f 3351//3351 3320//3320 3368//3368
f 3312//3312 3350//3350 3371//3371
f 3307//3307 3369//3369 3376//3376
f 3338//3338 3375//3375 3379//3379
f 3339//3339 3310//3310 3374//3374
f 3336//3336 3340//3340 3378//3378
f 3334//3334 3377//3377 3381//3381
f 3330//3330 3332//3332 3383//3383
f 3331//3331 3382//3382 3385//3385
f 3314//3314 3326//3326 3387//3387
f 3317//3317 3388//3388 3356//3356
f 3386//3386 3357//3357 3353//3353
f 3386//3386 3363//3363 3357//3357
f 3372//3372 3365//3365 3363//3363
f 3380//3380 3386//3386 3384//3384
f 3373//3373 3372//3372 3363//3363
f 3373//3373 3363//3363 3386//3386
f 3373//3373 3386//3386 3380//3380

