mtllib material.mtl
usemtl UR20_DIFF_8bit_2K_png.005
v -0.00020600 0.07164900 0.02468000
v -0.00888700 0.07164900 0.02547700
v -0.01730100 0.07164900 0.02775500
v -0.02519500 0.07164900 0.03145200
v -0.03231400 0.07164900 0.03648300
v -0.03846200 0.07164900 0.04266300
v -0.03846200 0.07164900 0.04266300
v -0.04345000 0.07164900 0.04981200
v -0.04710000 0.07164900 0.05772800
v -0.04933400 0.07164900 0.06615400
v -0.05007900 0.07164900 0.07484100
v -0.04928100 0.07164900 0.08351300
v -0.04310500 0.07164900 0.09971400
v -0.03828700 0.07164900 0.10693400
v -0.03208600 0.07164900 0.11309800
v -0.03208600 0.07164900 0.11309800
v -0.02495300 0.07164900 0.11807900
v -0.01702600 0.07164900 0.12173500
v 0.00008500 0.07164900 0.12465200
v 0.00875000 0.07164900 0.12391700
v 0.01718300 0.07164900 0.12163400
v 0.02505200 0.07164900 0.11793400
v 0.03220000 0.07164900 0.11289900
v 0.04331700 0.07164900 0.09959200
v 0.04697500 0.07164900 0.09166000
v 0.04920700 0.07164900 0.08323900
v 0.04994600 0.07164900 0.07455800
v 0.04915300 0.07164900 0.06586300
v 0.04318900 0.07164900 0.04957900
v 0.03814000 0.07164900 0.04244200
v 0.03814000 0.07164900 0.04244200
v 0.03197200 0.07164900 0.03630000
v 0.02482000 0.07164900 0.03130900
v 0.01690500 0.07164900 0.02766000
v 0.00847900 0.07164900 0.02542500
v -0.04699900 0.07164900 0.09194800
v -0.00860600 0.07164900 0.12396700
v 0.03819000 0.07164900 0.10661800
v 0.03819000 0.07164900 0.10661800
v 0.04670300 0.07164900 0.05751600
v 0.04258100 -0.04236700 0.06493000
v 0.03481900 -0.02562300 0.10637300
v -0.00786000 -0.01969900 0.12102700
v -0.04295200 -0.03061300 0.09400600
v 0.00772800 -0.05331200 0.03783200
v 0.01541400 -0.05255000 0.03971700
v 0.02262800 -0.05130100 0.04280800
v 0.02915900 -0.04960400 0.04700900
v 0.03477600 -0.04750300 0.05220800
v 0.03943100 -0.04508500 0.05818800
v 0.04489800 -0.03951700 0.07196800
v 0.04554000 -0.03655200 0.07930800
v 0.04487900 -0.03359000 0.08664100
v 0.04283500 -0.03071800 0.09375200
v 0.03956000 -0.02800400 0.10046300
v 0.02940000 -0.02345100 0.11173500
v 0.02284300 -0.02176100 0.11592200
v 0.01566200 -0.02049700 0.11905200
v 0.00798500 -0.01970300 0.12101600
v 0.00007300 -0.01947100 0.12159400
v -0.01554200 -0.02045400 0.11915800
v -0.02275900 -0.02171100 0.11604700
v -0.02926900 -0.02341100 0.11184000
v -0.03498000 -0.02548500 0.10670100
v -0.03931200 -0.02797800 0.10054600
v -0.04494500 -0.03349600 0.08687500
v -0.04567900 -0.03645500 0.07955000
v -0.04500700 -0.03941800 0.07221700
v -0.04297000 -0.04229300 0.06510300
v -0.03963100 -0.04499000 0.05842400
v -0.03508800 -0.04743100 0.05238400
v -0.02948200 -0.04954000 0.04716600
v -0.02298200 -0.05125300 0.04292800
v -0.01578600 -0.05251700 0.03979900
v -0.00811200 -0.05329500 0.03787400
v -0.00019400 -0.05356200 0.03721200
v 0.00849400 0.05479400 0.02534000
v -0.00020800 0.05539700 0.02461100
v -0.00890200 0.05479500 0.02539300
v -0.00020500 -0.05166500 0.03186500
v -0.04323700 -0.04226900 0.05508800
v -0.04983400 -0.03293800 0.07812900
v -0.04983400 -0.03293800 0.07812900
v -0.04907100 -0.02968800 0.08611800
v -0.03818200 -0.02088700 0.10772000
v -0.03818200 -0.02088700 0.10772000
v -0.03200600 -0.01860300 0.11342500
v -0.01699800 -0.01535300 0.12143200
v 0.00873800 -0.01452900 0.12345900
v 0.04316900 -0.02362800 0.10092300
v 0.04316900 -0.02362800 0.10092300
v 0.04899000 -0.02977900 0.08585900
v 0.04970700 -0.03304200 0.07787200
v 0.03183800 -0.04733200 0.04262700
v 0.03183800 -0.04733200 0.04262700
v 0.02471100 -0.04919200 0.03803200
v 0.01684700 -0.05055400 0.03463200
v 0.00845100 -0.05138400 0.03255300
v -0.04681700 -0.02651300 0.09388400
v 0.03818800 -0.02106400 0.10754500
v 0.03818800 -0.02106400 0.10754500
v 0.04662300 -0.03946600 0.06214900
v 0.04662300 -0.03946600 0.06214900
v 0.02998400 -0.02306300 0.11230200
v 0.02998400 -0.02306300 0.11230200
v 0.02331100 -0.02135600 0.11663200
v 0.02331100 -0.02135600 0.11663200
v -0.04017200 -0.02777000 0.10099800
v -0.04017200 -0.02777000 0.10099800
v -0.04374500 -0.03033900 0.09422200
v -0.04374500 -0.03033900 0.09422200
v -0.04039500 -0.04504800 0.05797600
v -0.04039500 -0.04504800 0.05797600
v -0.03577200 -0.04754900 0.05181700
v -0.03577200 -0.04754900 0.05181700
v -0.03006600 -0.04971200 0.04649800
v -0.02343700 -0.05146200 0.04217600
v -0.01609800 -0.05275700 0.03898400
v -0.00827200 -0.05355800 0.03702000
v -0.00019500 -0.05383900 0.03634100
v 0.01598900 -0.02006500 0.11982400
v 0.01598900 -0.02006500 0.11982400
v 0.00788200 -0.05357800 0.03697600
v 0.00814400 -0.01924600 0.12180900
v 0.00814400 -0.01924600 0.12180900
v 0.01572100 -0.05279200 0.03890000
v 0.04016800 -0.04510600 0.05774700
v 0.04349900 -0.04245900 0.06460500
v 0.00007400 -0.01903400 0.12247100
v 0.00007400 -0.01903400 0.12247100
v 0.02307700 -0.05151100 0.04205400
v 0.04572900 -0.03942800 0.07176300
v 0.04572900 -0.03942800 0.07176300
v 0.04643200 -0.03643800 0.07926600
v 0.04643200 -0.03643800 0.07926600
v -0.00801600 -0.01925100 0.12184600
v -0.00801600 -0.01925100 0.12184600
v -0.01585700 -0.02001500 0.11991800
v -0.01585700 -0.02001500 0.11991800
v 0.02973600 -0.04977100 0.04634000
v 0.03546400 -0.04763900 0.05163100
v -0.02322500 -0.02130200 0.11674800
v -0.02322500 -0.02130200 0.11674800
v -0.02986400 -0.02303900 0.11246100
v -0.02986400 -0.02303900 0.11246100
v -0.04582700 -0.03332300 0.08696800
v -0.04582700 -0.03332300 0.08696800
v -0.04656500 -0.03633500 0.07950300
v -0.04656500 -0.03633500 0.07950300
v -0.03565600 -0.02512900 0.10715600
v -0.03565600 -0.02512900 0.10715600
v -0.03565600 -0.02512900 0.10715600
v 0.04575500 -0.03341200 0.08673000
v 0.04575500 -0.03341200 0.08673000
v 0.04367900 -0.03048600 0.09398000
v 0.04367900 -0.03048600 0.09398000
v 0.04367900 -0.03048600 0.09398000
v -0.04587600 -0.03935600 0.07203200
v -0.04587600 -0.03935600 0.07203200
v 0.04030300 -0.02768900 0.10080700
v 0.04030300 -0.02768900 0.10080700
v 0.03559600 -0.02534600 0.10695700
v 0.03559600 -0.02534600 0.10695700
v -0.04379700 -0.04228900 0.06478200
v -0.04379700 -0.04228900 0.06478200
v -0.04097000 -0.04448500 0.05739200
v 0.02365300 -0.02044600 0.11689600
v -0.03628300 -0.04702700 0.05114600
v -0.03628300 -0.04702700 0.05114600
v 0.01622400 -0.01913500 0.12013400
v 0.00799500 -0.05313700 0.03609900
v -0.03048700 -0.04921400 0.04575500
v 0.00826300 -0.01830100 0.12214000
v 0.01594600 -0.05234700 0.03804600
v -0.02377100 -0.05099900 0.04136800
v 0.02340700 -0.05104900 0.04124300
v -0.01632700 -0.05231100 0.03813200
v -0.01608800 -0.01908400 0.12022900
v 0.03015500 -0.04927600 0.04559300
v -0.00838900 -0.05311800 0.03614300
v -0.00019800 -0.05340700 0.03545200
v -0.02356400 -0.02039100 0.11701300
v 0.03597500 -0.04711600 0.05096100
v -0.03029300 -0.02215100 0.11265500
v -0.03617700 -0.02427800 0.10727400
v -0.03617700 -0.02427800 0.10727400
v -0.04077200 -0.02694400 0.10103800
v 0.04638900 -0.03878800 0.07137500
v 0.04638900 -0.03878800 0.07137500
v -0.04437700 -0.02956300 0.09415600
v 0.04709300 -0.03574800 0.07898000
v -0.04649000 -0.03259200 0.08679900
v 0.04641600 -0.03268200 0.08656100
v 0.04074100 -0.04454400 0.05715900
v 0.04412400 -0.04186200 0.06411500
v -0.04722600 -0.03564200 0.07922500
v 0.04431100 -0.02971100 0.09391000
v 0.04431100 -0.02971100 0.09391000
v 0.04088600 -0.02687000 0.10083400
v -0.04653400 -0.03871800 0.07164400
v -0.04442400 -0.04168900 0.06429400
v 0.03611500 -0.02449600 0.10707700
v 0.03041600 -0.02217300 0.11249100
v 0.00007600 -0.01808700 0.12281700
v -0.00813200 -0.01830500 0.12217600
v -0.04285100 -0.04266100 0.05548700
v 0.02476000 -0.01747300 0.11774100
v -0.03794500 -0.04532200 0.04895700
v -0.03794500 -0.04532200 0.04895700
v 0.01698400 -0.01609800 0.12112900
v 0.00836300 -0.05171300 0.03323200
v -0.03188200 -0.04761000 0.04332000
v 0.00865400 -0.01522700 0.12324100
v 0.01667900 -0.05088500 0.03526800
v -0.02485100 -0.04947600 0.03873700
v 0.02447800 -0.04952800 0.03860900
v -0.01706900 -0.05084900 0.03535900
v -0.01683800 -0.01604600 0.12123000
v 0.03154100 -0.04767400 0.04315100
v -0.00877000 -0.05169800 0.03327400
v -0.02466000 -0.01741500 0.11786200
v 0.03762300 -0.04541200 0.04876200
v -0.03170600 -0.01926100 0.11330400
v -0.03785600 -0.02148800 0.10766800
v -0.03785600 -0.02148800 0.10766800
v 0.04852800 -0.03669400 0.07010800
v 0.04852800 -0.03669400 0.07010800
v -0.04643500 -0.02703100 0.09394200
v 0.04927500 -0.03351000 0.07806200
v -0.04863900 -0.03020400 0.08624100
v 0.04856400 -0.03029400 0.08598800
v 0.04262200 -0.04272600 0.05524700
v -0.04940900 -0.03339800 0.07831800
v 0.04637400 -0.02718700 0.09368300
v 0.04637400 -0.02718700 0.09368300
v 0.04279400 -0.02420900 0.10092900
v 0.04279400 -0.02420900 0.10092900
v -0.04867300 -0.03661400 0.07038900
v 0.03780200 -0.02172000 0.10746400
v 0.00008300 -0.01500000 0.12394100
v -0.00020300 -0.05199500 0.03255700
v -0.04267000 -0.02428900 0.10114600
v 0.04615900 -0.03991500 0.06251600
v -0.04646900 -0.03973300 0.06270400
v 0.03184200 -0.01928500 0.11313500
v -0.00851000 -0.01522800 0.12327100
v -0.04687600 -0.03933800 0.06238000
v -0.04687600 -0.03933800 0.06238000
v -0.00859300 -0.01452500 0.12350000
v 0.00008400 -0.01427900 0.12417500
v 0.03212600 -0.01865300 0.11324200
v -0.04910800 -0.03615700 0.07012100
v -0.04910800 -0.03615700 0.07012100
v 0.04678500 -0.02663500 0.09362000
v 0.04298500 -0.04235000 0.05486300
v 0.04298500 -0.04235000 0.05486300
v 0.04891900 -0.03627400 0.06985900
v 0.04891900 -0.03627400 0.06985900
v 0.04891900 -0.03627400 0.06985900
v -0.04310500 -0.02366600 0.10116500
v 0.03797400 -0.04504600 0.04829500
v 0.03797400 -0.04504600 0.04829500
v -0.02489600 -0.01673900 0.11803100
v -0.00886100 -0.05137400 0.03259900
v -0.01724300 -0.05050800 0.03470900
v -0.02509300 -0.04913800 0.03814900
v -0.03217900 -0.04727100 0.04279800
v -0.03217900 -0.04727100 0.04279800
v 0.01715100 -0.01540500 0.12133500
v -0.03829200 -0.04495900 0.04849700
v -0.03829200 -0.04495900 0.04849700
v 0.02499900 -0.01679600 0.11790900
v -0.05035600 -0.00005800 0.06529000
v -0.00006000 0.05002900 0.01330000
v 0.04915300 0.00908800 0.03243900
v -0.01002900 0.04902600 0.01330000
v 0.04585000 0.01999800 0.02872800
v -0.01955800 0.04607400 0.01330000
v -0.02825100 0.04132800 0.01330000
v 0.04116000 0.02847300 0.02641200
v -0.03577100 0.03503100 0.01330000
v 0.03468200 0.03610700 0.02414800
v 0.03468200 0.03610700 0.02414800
v -0.04186500 0.02745400 0.01330000
v -0.04186500 0.02745400 0.01330000
v 0.02696600 0.04219500 0.02233500
v -0.04892200 -0.01041600 0.03800800
v -0.04635300 0.01892000 0.01330000
v 0.04048300 -0.02948000 0.03129300
v -0.04911700 0.00972900 0.01330000
v -0.04071600 -0.02943200 0.03138900
v -0.05007000 0.00019300 0.01330000
v 0.04538000 -0.02088600 0.03411300
v -0.04647100 -0.01864400 0.01330000
v -0.04556900 -0.02078700 0.03420900
v -0.04199100 -0.02725100 0.01330000
v 0.04875100 -0.01060500 0.03789200
v -0.03587600 -0.03489800 0.01330000
v -0.02690200 -0.04285000 0.02739300
v -0.02690200 -0.04285000 0.02739300
v -0.02831500 -0.04125600 0.01330000
v -0.02831500 -0.04125600 0.01330000
v 0.02670100 -0.04265600 0.02738700
v -0.01958400 -0.04603700 0.01330000
v -0.03410900 -0.03717300 0.02889000
v 0.00009900 -0.05111700 0.02967700
v -0.00005000 -0.05000300 0.01330000
v 0.01847100 -0.04681300 0.02630900
v 0.00990900 -0.04899900 0.01330000
v 0.00945100 -0.04941800 0.02567400
v 0.01942800 -0.04605200 0.01330000
v -0.00944600 -0.04954700 0.02567000
v 0.02810200 -0.04132400 0.01330000
v -0.01856400 -0.04704800 0.02631000
v 0.03562700 -0.03502700 0.01330000
v 0.03562700 -0.03502700 0.01330000
v 0.03389600 -0.03703900 0.02882400
v 0.03389600 -0.03703900 0.02882400
v 0.04622200 -0.01892700 0.01330000
v -0.05007200 0.00005700 0.03497200
v 0.04898200 -0.00974400 0.01330000
v 0.00940800 0.04922200 0.02016600
v 0.04994900 -0.00022100 0.01330000
v 0.04994900 -0.00020200 0.03484700
v 0.04907000 0.00933100 0.01330000
v 0.01854800 0.04653100 0.02098400
v -0.04125600 0.02851900 0.02660000
v -0.04125600 0.02851900 0.02660000
v 0.04188900 0.02723800 0.01330000
v -0.02712400 0.04218900 0.02246500
v 0.03577600 0.03488900 0.01330000
v 0.03577600 0.03488900 0.01330000
v -0.03480000 0.03611800 0.02431200
v 0.02821500 0.04125300 0.01330000
v -0.04925800 0.00920900 0.03265100
v 0.01948200 0.04603800 0.01330000
v -0.01872400 0.04651800 0.02107700
v 0.00992100 0.04901000 0.01330000
v -0.00961900 0.04920000 0.02021200
v -0.04918800 -0.00935900 0.01330000
v -0.00011300 0.05011900 0.01990100
v -0.01002600 -0.04900200 0.01330000
v 0.00002300 -0.05034500 0.02547800
v 0.04172700 -0.02745500 0.01330000
v -0.04623900 0.01940900 0.02944300
v 0.04636600 0.01861500 0.01330000
v 0.03310400 -0.04088000 0.03683900
v 0.03310400 -0.04088000 0.03683900
v -0.01751000 -0.04901000 0.03132100
v 0.04079200 -0.03302700 0.04231400
v -0.00878500 -0.05064900 0.03005300
v -0.04954900 -0.01169300 0.05721400
v 0.04598300 -0.02381900 0.04877400
v -0.04635900 -0.02395000 0.04866300
v 0.04927400 -0.01169500 0.05722100
v 0.00893700 -0.05044700 0.03011200
v -0.04127400 -0.03323100 0.04217300
v 0.01757900 -0.04862400 0.03143600
v -0.03339700 -0.04131500 0.03659900
v 0.02570900 -0.04548400 0.03366200
v -0.02585700 -0.04590500 0.03345600
v -0.02585700 -0.04590500 0.03345600
v 0.05020000 -0.00005800 0.06529100
v 0.04569300 0.02466000 0.04794400
v -0.04992100 0.00900400 0.05896200
v 0.03307900 0.04202300 0.03534000
v 0.03307900 0.04202300 0.03534000
v -0.04081700 0.03336700 0.04165000
v -0.02547300 0.04853500 0.03100700
v -0.02547300 0.04853500 0.03100700
v -0.03347800 0.04175400 0.03556200
v -0.03347800 0.04175400 0.03556200
v -0.03347800 0.04175400 0.03556200
v 0.04048000 0.03363200 0.04141700
v 0.04975100 0.00934500 0.05871400
v 0.02509900 0.04874100 0.03085900
v 0.02509900 0.04874100 0.03085900
v -0.04689400 0.02212100 0.04978600
v 0.01698800 0.05250100 0.02744200
v -0.01737700 0.05249500 0.02756200
v 0.00008300 0.00998100 0.12451200
v 0.03843700 0.00700300 0.10724100
v 0.03843700 0.00700300 0.10724100
v 0.04344300 0.00584300 0.10030100
v 0.04708400 0.00452600 0.09259800
v -0.05027400 0.00174400 0.07630900
v 0.04927000 0.00313100 0.08443000
v -0.04926000 0.00317500 0.08468100
v 0.05020700 0.00169700 0.07603900
v -0.04700000 0.00457500 0.09283600
v -0.03831700 0.00706000 0.10735100
v -0.03205400 0.00807000 0.11324700
v -0.03205400 0.00807000 0.11324700
v -0.02488200 0.00889300 0.11798100
v -0.01698700 0.00950400 0.12152400
v 0.00875700 0.00986800 0.12378300
v 0.01718900 0.00948300 0.12155900
v 0.02505700 0.00887000 0.11797500
v -0.00859700 0.00987000 0.12374400
v 0.03224600 0.00804800 0.11314900
v -0.04333800 0.00586200 0.10048800
v -0.04917400 -0.03574600 0.07007700
v -0.00859700 -0.01404000 0.12353200
v 0.03214900 -0.01817000 0.11326800
v -0.04316800 -0.02316500 0.10118400
v -0.03223600 -0.04694600 0.04245600
v -0.03223600 -0.04694600 0.04245600
v -0.02514600 -0.04886400 0.03776700
v -0.02514600 -0.04886400 0.03776700
v -0.01727100 -0.05031000 0.03428100
v -0.00884800 -0.05122600 0.03212100
v -0.03839900 -0.04457700 0.04827200
v 0.00008400 -0.01379000 0.12421400
v 0.04683200 -0.02616900 0.09363000
v 0.04899200 -0.03585200 0.06981100
v -0.02491000 -0.01625500 0.11805800
v 0.01716100 -0.01491900 0.12136800
v 0.02501500 -0.01631000 0.11793800
v 0.03806700 -0.04466000 0.04809500
v 0.04306500 -0.04196200 0.05472800
v -0.04697200 -0.03890600 0.06228600
v -0.00014000 -0.05153400 0.03139000
v -0.04334000 -0.04188200 0.05492900
v 0.00853700 -0.05118400 0.03211900
v 0.03823400 -0.02056700 0.10757300
v 0.03823400 -0.02056700 0.10757300
v 0.04320100 -0.02317700 0.10094600
v -0.04989500 -0.03248200 0.07811800
v 0.04904600 -0.02933200 0.08586300
v -0.04912300 -0.02922800 0.08611500
v 0.04977400 -0.03258800 0.07785700
v -0.04686300 -0.02604300 0.09388800
v -0.03821100 -0.02041000 0.10774300
v -0.03821100 -0.02041000 0.10774300
v -0.03202900 -0.01812500 0.11345500
v -0.03202900 -0.01812500 0.11345500
v -0.01700700 -0.01487100 0.12145900
v 0.00874200 -0.01404300 0.12349200
v 0.01692800 -0.05029300 0.03424200
v 0.02477600 -0.04887700 0.03769600
v 0.03188900 -0.04699200 0.04232900
v 0.03188900 -0.04699200 0.04232900
v 0.04673500 -0.03902000 0.06204900
v -0.03232300 0.05903200 0.03647300
v 0.00848100 0.05903200 0.02541500
v -0.03847000 0.05903200 0.04265500
v -0.03847000 0.05903200 0.04265500
v -0.00020600 0.05903200 0.02468000
v 0.03815400 0.05903200 0.04243000
v 0.03815400 0.05903200 0.04243000
v -0.00888700 0.05903200 0.02547500
v 0.03198000 0.05903200 0.03629100
v 0.02481900 0.05903200 0.03131000
v -0.04718000 0.05903500 0.05795700
v 0.00008700 0.05903300 0.12471200
v 0.03830100 0.05903300 0.10678700
v 0.03830100 0.05903300 0.10678700
v 0.04326600 0.05903300 0.09967200
v 0.04692300 0.05903400 0.09180100
v -0.05007300 0.05903500 0.07508900
v 0.04302800 0.05903700 0.04932500
v 0.04917900 0.05903400 0.08343800
v -0.04925000 0.05903400 0.08371100
v 0.04995500 0.05903500 0.07480800
v -0.04696000 0.05903400 0.09208700
v -0.03826100 0.05903300 0.10698700
v -0.03207900 0.05903200 0.11312500
v -0.03207900 0.05903200 0.11312500
v -0.02495100 0.05903200 0.11807900
v -0.01703200 0.05903200 0.12173200
v 0.00875600 0.05903300 0.12391800
v 0.01719200 0.05903200 0.12164400
v 0.02505100 0.05903200 0.11793800
v -0.02518900 0.05903200 0.03146100
v -0.04932300 0.05903500 0.06604400
v 0.04696700 0.05903500 0.05768200
v -0.04350800 0.05903300 0.04991100
v -0.00861400 0.05903300 0.12397700
v 0.03219100 0.05903300 0.11292300
v -0.04324600 0.05903200 0.09991100
v -0.01730400 0.05903200 0.02774400
v 0.01690500 0.05903200 0.02766000
v 0.04914400 0.05903400 0.06580000
v 0.04994400 -0.00012600 0.05006600
v 0.04528600 -0.02226800 0.04157400
v -0.00016800 0.05118900 0.02335100
v -0.00016800 0.05118900 0.02335100
v -0.04557100 -0.02231500 0.04157400
v -0.04635200 0.02017000 0.04030400
v 0.00006200 -0.05068100 0.02758300
v -0.00934700 0.05037400 0.02401800
v -0.00934700 0.05037400 0.02401800
v -0.01811100 0.04786900 0.02566500
v -0.01811100 0.04786900 0.02566500
v -0.04950500 0.00886200 0.04605600
v -0.03411500 0.03776400 0.03125100
v -0.03411500 0.03776400 0.03125100
v -0.02627700 0.04379200 0.02813100
v -0.02627700 0.04379200 0.02813100
v 0.00903000 0.05037200 0.02395700
v 0.00903000 0.05037200 0.02395700
v -0.04094700 0.02997400 0.03527500
v -0.04094700 0.02997400 0.03527500
v 0.01782800 0.04786300 0.02556300
v 0.01782800 0.04786300 0.02556300
v -0.05007500 -0.00000600 0.05013400
v 0.03329300 -0.03876800 0.03300900
v 0.03329300 -0.03876800 0.03300900
v -0.01804400 -0.04796100 0.02883400
v -0.00912400 -0.05007200 0.02786000
v 0.00918700 -0.04986000 0.02790500
v 0.01798400 -0.04758400 0.02893600
v -0.03358800 -0.03909700 0.03289700
v 0.02612600 -0.04389900 0.03063600
v -0.02635000 -0.04427400 0.03050200
v -0.02635000 -0.04427400 0.03050200
v 0.04877800 -0.01113300 0.04760000
v -0.04069600 -0.03120600 0.03698300
v 0.04028000 -0.03109600 0.03701600
v -0.04897600 -0.01105300 0.04765100
v 0.02597600 0.04384500 0.02800700
v 0.02597600 0.04384500 0.02800700
v 0.02597600 0.04384500 0.02800700
v 0.03383100 0.03784100 0.03108600
v 0.03383100 0.03784100 0.03108600
v 0.04066100 0.03008200 0.03504300
v 0.04554100 0.02162600 0.03914500
v 0.04936100 0.00896700 0.04583700
v -0.05005900 -0.01792000 0.06765800
v -0.03271100 -0.04405500 0.03953600
v -0.02545000 -0.04734600 0.03561700
v -0.02545000 -0.04734600 0.03561700
v -0.01738500 -0.04962200 0.03279000
v -0.00881600 -0.05094000 0.03108600
v -0.03974300 -0.03888100 0.04517100
v 0.00008500 -0.00190400 0.12440400
v 0.04711900 -0.01082500 0.09318100
v -0.02491300 -0.00368200 0.11804800
v 0.01719300 -0.00271900 0.12151900
v 0.02506700 -0.00372000 0.11801400
v 0.03925100 -0.03876700 0.04521400
v 0.04432900 -0.03284400 0.05174000
v -0.04839000 -0.02533500 0.05967100
v -0.00002200 -0.05132000 0.03053300
v -0.04478800 -0.03293600 0.05169900
v 0.00873400 -0.05079300 0.03111500
v 0.03842100 -0.00678000 0.10748500
v 0.03842100 -0.00678000 0.10748500
v 0.04343900 -0.00867200 0.10069700
v -0.05030900 -0.01537900 0.07722100
v 0.04934600 -0.01310400 0.08518300
v -0.04934800 -0.01303100 0.08542900
v 0.05022000 -0.01545700 0.07695200
v -0.04706300 -0.01074100 0.09341600
v -0.03834500 -0.00667900 0.10762200
v -0.03209000 -0.00502800 0.11341300
v -0.03209000 -0.00502800 0.11341300
v -0.01699800 -0.00268400 0.12149600
v 0.00875800 -0.00208900 0.12369100
v 0.01722900 -0.04940500 0.03285900
v 0.02517900 -0.04707800 0.03571100
v 0.03236500 -0.04381700 0.03965200
v 0.03236500 -0.04381700 0.03965200
v 0.04800600 -0.02536100 0.05960000
v -0.00859800 -0.00208500 0.12364300
v 0.03225300 -0.00506400 0.11328200
v -0.04335500 -0.00864500 0.10089800
v 0.04980700 -0.01797200 0.06752700
v -0.02521700 0.05373200 0.03141400
v 0.04746700 0.03414300 0.05810100
v -0.04387200 0.04019700 0.04993100
v -0.00861200 0.03445100 0.12389900
v 0.03214500 0.03353900 0.11295200
v -0.04310700 0.03244400 0.10008900
v 0.01691700 0.05575500 0.02762700
v -0.03240300 0.05013600 0.03638000
v -0.03240300 0.05013600 0.03638000
v 0.00848100 0.05691200 0.02541300
v -0.03864600 0.04571700 0.04250800
v -0.03864600 0.04571700 0.04250800
v -0.00020600 0.05721300 0.02467100
v 0.03833400 0.04587000 0.04229100
v 0.03833400 0.04587000 0.04229100
v -0.00888900 0.05691200 0.02546500
v 0.03206700 0.05027200 0.03619300
v 0.03206700 0.05027200 0.03619300
v 0.02484100 0.05383500 0.03127400
v -0.04766300 0.03395700 0.05835900
v 0.00008600 0.03450600 0.12466000
v 0.03822900 0.03301600 0.10689200
v 0.03822900 0.03301600 0.10689200
v 0.04314800 0.03243400 0.09987000
v 0.04675900 0.03177900 0.09210900
v -0.05003000 0.03038900 0.07569300
v 0.04307600 0.04140200 0.04879200
v 0.04902200 0.03108200 0.08389700
v -0.04909800 0.03110500 0.08416500
v 0.04991300 0.03036400 0.07541600
v -0.04676900 0.03180700 0.09238500
v -0.03815900 0.03304500 0.10705800
v -0.03201200 0.03355200 0.11311900
v -0.03201200 0.03355200 0.11311900
v -0.02490900 0.03396400 0.11801700
v -0.01702100 0.03426800 0.12166200
v 0.00876100 0.03445000 0.12387600
v 0.01718800 0.03425800 0.12159300
v 0.02503600 0.03395100 0.11792400
v -0.04947000 0.02947700 0.06572300
v -0.01731000 0.05575500 0.02773000
v 0.04933200 0.02948000 0.06559500
v -0.00020600 0.08268300 0.02468000
v -0.00020600 0.08268300 0.02468000
v -0.00020600 0.08268300 0.02468000
v -0.00888700 0.08268300 0.02547700
v -0.00888700 0.08268300 0.02547700
v -0.00888700 0.08268300 0.02547700
v -0.01730100 0.08268300 0.02775500
v -0.02519500 0.08268300 0.03145200
v -0.02519500 0.08268300 0.03145200
v -0.02519500 0.08268300 0.03145200
v -0.03231400 0.08268300 0.03648300
v -0.03231400 0.08268300 0.03648300
v -0.03231400 0.08268300 0.03648300
v -0.03846200 0.08268300 0.04266300
v -0.03846200 0.08268300 0.04266300
v -0.04345000 0.08268300 0.04981200
v -0.04710000 0.08268300 0.05772800
v -0.04710000 0.08268300 0.05772800
v -0.04933400 0.08268300 0.06615400
v -0.05007900 0.08268300 0.07484100
v -0.04928100 0.08268300 0.08351300
v -0.04310500 0.08268300 0.09971400
v -0.03828700 0.08268300 0.10693400
v -0.03828700 0.08268300 0.10693400
v -0.03208600 0.08268300 0.11309800
v -0.03208600 0.08268300 0.11309800
v -0.02495300 0.08268300 0.11807900
v -0.02495300 0.08268300 0.11807900
v -0.02495300 0.08268300 0.11807900
v -0.01702600 0.08268300 0.12173500
v -0.01702600 0.08268300 0.12173500
v -0.01702600 0.08268300 0.12173500
v 0.00008500 0.08268300 0.12465200
v 0.00008500 0.08268300 0.12465200
v 0.00875000 0.08268300 0.12391700
v 0.00875000 0.08268300 0.12391700
v 0.00875000 0.08268300 0.12391700
v 0.01718300 0.08268300 0.12163400
v 0.01718300 0.08268300 0.12163400
v 0.02505200 0.08268300 0.11793400
v 0.02505200 0.08268300 0.11793400
v 0.03220000 0.08268300 0.11289900
v 0.04331700 0.08268300 0.09959200
v 0.04697500 0.08268300 0.09166000
v 0.04697500 0.08268300 0.09166000
v 0.04920700 0.08268300 0.08323900
v 0.04994600 0.08268300 0.07455800
v 0.04915300 0.08268300 0.06586300
v 0.04318900 0.08268300 0.04957900
v 0.03814000 0.08268300 0.04244200
v 0.03814000 0.08268300 0.04244200
v 0.03814000 0.08268300 0.04244200
v 0.03197200 0.08268300 0.03630000
v 0.03197200 0.08268300 0.03630000
v 0.02482000 0.08268300 0.03130900
v 0.02482000 0.08268300 0.03130900
v 0.01690500 0.08268300 0.02766000
v 0.01690500 0.08268300 0.02766000
v 0.00847900 0.08268300 0.02542500
v 0.00847900 0.08268300 0.02542500
v 0.00847900 0.08268300 0.02542500
v -0.04699900 0.08268300 0.09194800
v -0.00860600 0.08268300 0.12396700
v -0.00860600 0.08268300 0.12396700
v 0.03819000 0.08268300 0.10661800
v 0.04670300 0.08268300 0.05751600
v -0.00020600 0.08268300 0.02483400
v -0.00020600 0.08268300 0.02483400
v -0.00886000 0.08268300 0.02562900
v -0.00886000 0.08268300 0.02562900
v -0.00886000 0.08268300 0.02562900
v -0.01724700 0.08268300 0.02790000
v -0.01724700 0.08268300 0.02790000
v -0.02511800 0.08268300 0.03158600
v -0.02511800 0.08268300 0.03158600
v -0.03221500 0.08268300 0.03660100
v -0.03221500 0.08268300 0.03660100
v -0.03221500 0.08268300 0.03660100
v -0.03834300 0.08268300 0.04276100
v -0.03834300 0.08268300 0.04276100
v -0.03834300 0.08268300 0.04276100
v -0.04331600 0.08268300 0.04988900
v -0.04695500 0.08268300 0.05778000
v -0.04695500 0.08268300 0.05778000
v -0.04918300 0.08268300 0.06618000
v -0.04992500 0.08268300 0.07484000
v -0.04912900 0.08268300 0.08348600
v -0.04297300 0.08268300 0.09963700
v -0.03816900 0.08268300 0.10683500
v -0.03816900 0.08268300 0.10683500
v -0.03198700 0.08268300 0.11298000
v -0.03198700 0.08268300 0.11298000
v -0.03198700 0.08268300 0.11298000
v -0.02487600 0.08268300 0.11794500
v -0.02487600 0.08268300 0.11794500
v -0.02487600 0.08268300 0.11794500
v -0.01697400 0.08268300 0.12159000
v -0.01697400 0.08268300 0.12159000
v 0.00008400 0.08268300 0.12449800
v 0.00008400 0.08268300 0.12449800
v 0.00872300 0.08268300 0.12376500
v 0.00872300 0.08268300 0.12376500
v 0.01713000 0.08268300 0.12149000
v 0.01713000 0.08268300 0.12149000
v 0.01713000 0.08268300 0.12149000
v 0.02497500 0.08268300 0.11780100
v 0.02497500 0.08268300 0.11780100
v 0.03210000 0.08268300 0.11278100
v 0.03210000 0.08268300 0.11278100
v 0.04318400 0.08268300 0.09951500
v 0.04683000 0.08268300 0.09160800
v 0.04683000 0.08268300 0.09160800
v 0.04905600 0.08268300 0.08321200
v 0.04979200 0.08268300 0.07455800
v 0.04900200 0.08268300 0.06589000
v 0.04305600 0.08268300 0.04965600
v 0.03802300 0.08268300 0.04254100
v 0.03802300 0.08268300 0.04254100
v 0.03187400 0.08268300 0.03641800
v 0.03187400 0.08268300 0.03641800
v 0.03187400 0.08268300 0.03641800
v 0.02474300 0.08268300 0.03144300
v 0.01685200 0.08268300 0.02780500
v 0.01685200 0.08268300 0.02780500
v 0.00845300 0.08268300 0.02557700
v 0.00845300 0.08268300 0.02557700
v -0.04685500 0.08268300 0.09189500
v -0.00857900 0.08268300 0.12381500
v -0.00857900 0.08268300 0.12381500
v -0.00857900 0.08268300 0.12381500
v 0.03807200 0.08268300 0.10651900
v 0.04656000 0.08268300 0.05756900
v -0.01702600 0.08176300 0.12173500
v -0.02495300 0.08176300 0.11807900
v -0.01730100 0.08176300 0.02775500
v -0.00888700 0.08176300 0.02547700
v 0.02482000 0.08176300 0.03130900
v 0.03197200 0.08176300 0.03630000
v -0.00860600 0.08176300 0.12396700
v -0.02519500 0.08176300 0.03145200
v 0.01690500 0.08176300 0.02766000
v 0.00875000 0.08176300 0.12391700
v 0.00008500 0.08176300 0.12465200
v -0.03231400 0.08176300 0.03648300
v 0.00847900 0.08176300 0.02542500
v 0.01718300 0.08176300 0.12163400
v -0.03846200 0.08176300 0.04266300
v -0.03846200 0.08176300 0.04266300
v -0.00020600 0.08176300 0.02468000
v 0.02505200 0.08176300 0.11793400
v -0.04345000 0.08176300 0.04981200
v -0.04310500 0.08176300 0.09971400
v -0.04699900 0.08176300 0.09194800
v 0.03220000 0.08176300 0.11289900
v -0.04710000 0.08176300 0.05772800
v 0.03819000 0.08176300 0.10661800
v 0.03819000 0.08176300 0.10661800
v -0.04933400 0.08176300 0.06615400
v 0.04331700 0.08176300 0.09959200
v 0.04697500 0.08176300 0.09166000
v -0.05007900 0.08176300 0.07484100
v 0.04318900 0.08176300 0.04957900
v 0.04670300 0.08176300 0.05751600
v 0.04920700 0.08176300 0.08323900
v -0.04928100 0.08176300 0.08351300
v 0.04994600 0.08176300 0.07455800
v 0.04915300 0.08176300 0.06586300
v -0.03828700 0.08176300 0.10693400
v -0.03208600 0.08176300 0.11309800
v -0.03208600 0.08176300 0.11309800
v 0.03814000 0.08176300 0.04244200
v 0.03814000 0.08176300 0.04244200
v -0.00020600 0.08268300 0.02483400
v -0.00020600 0.08268300 0.02483400
v -0.00886000 0.08268300 0.02562900
v -0.01724700 0.08268300 0.02790000
v -0.02511800 0.08268300 0.03158600
v -0.03221500 0.08268300 0.03660100
v -0.03834300 0.08268300 0.04276100
v -0.04331600 0.08268300 0.04988900
v -0.04695500 0.08268300 0.05778000
v -0.04918300 0.08268300 0.06618000
v -0.04992500 0.08268300 0.07484000
v -0.04992500 0.08268300 0.07484000
v -0.04912900 0.08268300 0.08348600
v -0.04297300 0.08268300 0.09963700
v -0.03816900 0.08268300 0.10683500
v -0.03198700 0.08268300 0.11298000
v -0.02487600 0.08268300 0.11794500
v -0.01697400 0.08268300 0.12159000
v 0.00008400 0.08268300 0.12449800
v 0.00008400 0.08268300 0.12449800
v 0.00872300 0.08268300 0.12376500
v 0.01713000 0.08268300 0.12149000
v 0.02497500 0.08268300 0.11780100
v 0.03210000 0.08268300 0.11278100
v 0.04318400 0.08268300 0.09951500
v 0.04683000 0.08268300 0.09160800
v 0.04905600 0.08268300 0.08321200
v 0.04979200 0.08268300 0.07455800
v 0.04979200 0.08268300 0.07455800
v 0.04900200 0.08268300 0.06589000
v 0.04305600 0.08268300 0.04965600
v 0.03802300 0.08268300 0.04254100
v 0.03187400 0.08268300 0.03641800
v 0.02474300 0.08268300 0.03144300
v 0.01685200 0.08268300 0.02780500
v 0.00845300 0.08268300 0.02557700
v -0.04685500 0.08268300 0.09189500
v -0.00857900 0.08268300 0.12381500
v 0.03807200 0.08268300 0.10651900
v 0.04656000 0.08268300 0.05756900
v -0.00020600 0.08288300 0.02483400
v -0.00020600 0.08288300 0.02483400
v -0.00020600 0.08288300 0.02483400
v -0.00886000 0.08288300 0.02562900
v -0.00886000 0.08288300 0.02562900
v -0.00886000 0.08288300 0.02562900
v -0.01724700 0.08288300 0.02790000
v -0.01724700 0.08288300 0.02790000
v -0.02511800 0.08288300 0.03158600
v -0.02511800 0.08288300 0.03158600
v -0.02511800 0.08288300 0.03158600
v -0.02511800 0.08288300 0.03158600
v -0.03221500 0.08288300 0.03660100
v -0.03221500 0.08288300 0.03660100
v -0.03221500 0.08288300 0.03660100
v -0.03221500 0.08288300 0.03660100
v -0.03834300 0.08288300 0.04276100
v -0.03834300 0.08288300 0.04276100
v -0.04331600 0.08288300 0.04988900
v -0.04331600 0.08288300 0.04988900
v -0.04695500 0.08288300 0.05778000
v -0.04695500 0.08288300 0.05778000
v -0.04918300 0.08288300 0.06618000
v -0.04918300 0.08288300 0.06618000
v -0.04992500 0.08288300 0.07484000
v -0.04992500 0.08288300 0.07484000
v -0.04992500 0.08288300 0.07484000
v -0.04912900 0.08288300 0.08348600
v -0.04912900 0.08288300 0.08348600
v -0.04297300 0.08288300 0.09963700
v -0.04297300 0.08288300 0.09963700
v -0.03816900 0.08288300 0.10683500
v -0.03816900 0.08288300 0.10683500
v -0.03816900 0.08288300 0.10683500
v -0.03816900 0.08288300 0.10683500
v -0.03198700 0.08288300 0.11298000
v -0.03198700 0.08288300 0.11298000
v -0.03198700 0.08288300 0.11298000
v -0.02487600 0.08288300 0.11794500
v -0.02487600 0.08288300 0.11794500
v -0.02487600 0.08288300 0.11794500
v -0.02487600 0.08288300 0.11794500
v -0.01697400 0.08288300 0.12159000
v -0.01697400 0.08288300 0.12159000
v -0.01697400 0.08288300 0.12159000
v 0.00008400 0.08288300 0.12449800
v 0.00008400 0.08288300 0.12449800
v 0.00008400 0.08288300 0.12449800
v 0.00008400 0.08288300 0.12449800
v 0.00008400 0.08288300 0.12449800
v 0.00872300 0.08288300 0.12376500
v 0.00872300 0.08288300 0.12376500
v 0.00872300 0.08288300 0.12376500
v 0.00872300 0.08288300 0.12376500
v 0.01713000 0.08288300 0.12149000
v 0.01713000 0.08288300 0.12149000
v 0.01713000 0.08288300 0.12149000
v 0.01713000 0.08288300 0.12149000
v 0.02497500 0.08288300 0.11780100
v 0.02497500 0.08288300 0.11780100
v 0.02497500 0.08288300 0.11780100
v 0.02497500 0.08288300 0.11780100
v 0.03210000 0.08288300 0.11278100
v 0.03210000 0.08288300 0.11278100
v 0.03210000 0.08288300 0.11278100
v 0.03210000 0.08288300 0.11278100
v 0.04318400 0.08288300 0.09951500
v 0.04318400 0.08288300 0.09951500
v 0.04683000 0.08288300 0.09160800
v 0.04683000 0.08288300 0.09160800
v 0.04905600 0.08288300 0.08321200
v 0.04905600 0.08288300 0.08321200
v 0.04979200 0.08288300 0.07455800
v 0.04979200 0.08288300 0.07455800
v 0.04979200 0.08288300 0.07455800
v 0.04900200 0.08288300 0.06589000
v 0.04900200 0.08288300 0.06589000
v 0.04305600 0.08288300 0.04965600
v 0.04305600 0.08288300 0.04965600
v 0.03802300 0.08288300 0.04254100
v 0.03802300 0.08288300 0.04254100
v 0.03802300 0.08288300 0.04254100
v 0.03187400 0.08288300 0.03641800
v 0.03187400 0.08288300 0.03641800
v 0.03187400 0.08288300 0.03641800
v 0.03187400 0.08288300 0.03641800
v 0.02474300 0.08288300 0.03144300
v 0.02474300 0.08288300 0.03144300
v 0.02474300 0.08288300 0.03144300
v 0.01685200 0.08288300 0.02780500
v 0.01685200 0.08288300 0.02780500
v 0.01685200 0.08288300 0.02780500
v 0.00845300 0.08288300 0.02557700
v 0.00845300 0.08288300 0.02557700
v 0.00845300 0.08288300 0.02557700
v -0.04685500 0.08288300 0.09189500
v -0.04685500 0.08288300 0.09189500
v -0.00857900 0.08288300 0.12381500
v -0.00857900 0.08288300 0.12381500
v -0.00857900 0.08288300 0.12381500
v 0.03807200 0.08288300 0.10651900
v 0.03807200 0.08288300 0.10651900
v 0.03807200 0.08288300 0.10651900
v 0.04656000 0.08288300 0.05756900
v 0.04656000 0.08288300 0.05756900
v -0.00020600 0.08288300 0.02468400
v -0.00020600 0.08288300 0.02468400
v -0.00020600 0.08288300 0.02468400
v -0.00020600 0.08288300 0.02468400
v -0.00888600 0.08288300 0.02548100
v -0.00888600 0.08288300 0.02548100
v -0.00888600 0.08288300 0.02548100
v -0.01730000 0.08288300 0.02775800
v -0.01730000 0.08288300 0.02775800
v -0.01730000 0.08288300 0.02775800
v -0.02519300 0.08288300 0.03145500
v -0.02519300 0.08288300 0.03145500
v -0.02519300 0.08288300 0.03145500
v -0.03231200 0.08288300 0.03648600
v -0.03231200 0.08288300 0.03648600
v -0.03231200 0.08288300 0.03648600
v -0.03231200 0.08288300 0.03648600
v -0.03845900 0.08288300 0.04266500
v -0.03845900 0.08288300 0.04266500
v -0.03845900 0.08288300 0.04266500
v -0.04344700 0.08288300 0.04981400
v -0.04344700 0.08288300 0.04981400
v -0.04709600 0.08288300 0.05772900
v -0.04709600 0.08288300 0.05772900
v -0.04933100 0.08288300 0.06615400
v -0.04933100 0.08288300 0.06615400
v -0.05007600 0.08288300 0.07484100
v -0.05007600 0.08288300 0.07484100
v -0.05007600 0.08288300 0.07484100
v -0.04927700 0.08288300 0.08351300
v -0.04927700 0.08288300 0.08351300
v -0.04310200 0.08288300 0.09971200
v -0.04310200 0.08288300 0.09971200
v -0.03828400 0.08288300 0.10693200
v -0.03828400 0.08288300 0.10693200
v -0.03828400 0.08288300 0.10693200
v -0.03208400 0.08288300 0.11309600
v -0.03208400 0.08288300 0.11309600
v -0.03208400 0.08288300 0.11309600
v -0.02495100 0.08288300 0.11807500
v -0.02495100 0.08288300 0.11807500
v -0.02495100 0.08288300 0.11807500
v -0.02495100 0.08288300 0.11807500
v -0.01702500 0.08288300 0.12173100
v -0.01702500 0.08288300 0.12173100
v -0.01702500 0.08288300 0.12173100
v -0.01702500 0.08288300 0.12173100
v 0.00008500 0.08288300 0.12464800
v 0.00008500 0.08288300 0.12464800
v 0.00008500 0.08288300 0.12464800
v 0.00008500 0.08288300 0.12464800
v 0.00008500 0.08288300 0.12464800
v 0.00875000 0.08288300 0.12391300
v 0.00875000 0.08288300 0.12391300
v 0.00875000 0.08288300 0.12391300
v 0.01718200 0.08288300 0.12163100
v 0.01718200 0.08288300 0.12163100
v 0.01718200 0.08288300 0.12163100
v 0.01718200 0.08288300 0.12163100
v 0.02505000 0.08288300 0.11793100
v 0.02505000 0.08288300 0.11793100
v 0.02505000 0.08288300 0.11793100
v 0.02505000 0.08288300 0.11793100
v 0.03219700 0.08288300 0.11289600
v 0.03219700 0.08288300 0.11289600
v 0.03219700 0.08288300 0.11289600
v 0.03219700 0.08288300 0.11289600
v 0.04331400 0.08288300 0.09959000
v 0.04331400 0.08288300 0.09959000
v 0.04697200 0.08288300 0.09165900
v 0.04697200 0.08288300 0.09165900
v 0.04920400 0.08288300 0.08323800
v 0.04920400 0.08288300 0.08323800
v 0.04994200 0.08288300 0.07455800
v 0.04994200 0.08288300 0.07455800
v 0.04994200 0.08288300 0.07455800
v 0.04915000 0.08288300 0.06586300
v 0.04915000 0.08288300 0.06586300
v 0.04318600 0.08288300 0.04958100
v 0.04318600 0.08288300 0.04958100
v 0.03813800 0.08288300 0.04244400
v 0.03813800 0.08288300 0.04244400
v 0.03197000 0.08288300 0.03630200
v 0.03197000 0.08288300 0.03630200
v 0.03197000 0.08288300 0.03630200
v 0.02481800 0.08288300 0.03131200
v 0.02481800 0.08288300 0.03131200
v 0.02481800 0.08288300 0.03131200
v 0.02481800 0.08288300 0.03131200
v 0.01690400 0.08288300 0.02766300
v 0.01690400 0.08288300 0.02766300
v 0.01690400 0.08288300 0.02766300
v 0.00847900 0.08288300 0.02542900
v 0.00847900 0.08288300 0.02542900
v 0.00847900 0.08288300 0.02542900
v 0.00847900 0.08288300 0.02542900
v -0.04699600 0.08288300 0.09194700
v -0.04699600 0.08288300 0.09194700
v -0.00860500 0.08288300 0.12396400
v -0.00860500 0.08288300 0.12396400
v -0.00860500 0.08288300 0.12396400
v 0.03818800 0.08288300 0.10661500
v 0.03818800 0.08288300 0.10661500
v 0.03818800 0.08288300 0.10661500
v 0.04670000 0.08288300 0.05751700
v 0.04670000 0.08288300 0.05751700
v -0.00020600 0.08438300 0.02468400
v -0.00020600 0.08438300 0.02468400
v -0.00888600 0.08438300 0.02548100
v -0.01730000 0.08438300 0.02775800
v -0.02519300 0.08438300 0.03145500
v -0.03231200 0.08438300 0.03648600
v -0.03845900 0.08438300 0.04266500
v -0.04344700 0.08438300 0.04981400
v -0.04709600 0.08438300 0.05772900
v -0.04933100 0.08438300 0.06615400
v -0.05007600 0.08438300 0.07484100
v -0.05007600 0.08438300 0.07484100
v -0.04927700 0.08438300 0.08351300
v -0.04310200 0.08438300 0.09971200
v -0.03828400 0.08438300 0.10693200
v -0.03208400 0.08438300 0.11309600
v -0.02495100 0.08438300 0.11807500
v -0.01702500 0.08438300 0.12173100
v 0.00008500 0.08438300 0.12464800
v 0.00008500 0.08438300 0.12464800
v 0.00875000 0.08438300 0.12391300
v 0.01718200 0.08438300 0.12163100
v 0.02505000 0.08438300 0.11793100
v 0.03219700 0.08438300 0.11289600
v 0.04331400 0.08438300 0.09959000
v 0.04697200 0.08438300 0.09165900
v 0.04920400 0.08438300 0.08323800
v 0.04994200 0.08438300 0.07455800
v 0.04994200 0.08438300 0.07455800
v 0.04915000 0.08438300 0.06586300
v 0.04318600 0.08438300 0.04958100
v 0.03813800 0.08438300 0.04244400
v 0.03197000 0.08438300 0.03630200
v 0.02481800 0.08438300 0.03131200
v 0.01690400 0.08438300 0.02766300
v 0.00847900 0.08438300 0.02542900
v -0.04699600 0.08438300 0.09194700
v -0.00860500 0.08438300 0.12396400
v 0.03818800 0.08438300 0.10661500
v 0.04670000 0.08438300 0.05751700
v 0.00009600 0.04998900 -0.00000000
v -0.00987300 0.04904000 0.00000000
v -0.01940600 0.04610800 0.00000000
v -0.02811000 0.04138700 -0.00000000
v -0.02811000 0.04138700 -0.00000000
v -0.03565700 0.03511100 -0.00000000
v -0.04180200 0.02751700 -0.00000000
v -0.04630300 0.01896800 0.00000000
v -0.04907900 0.00976700 -0.00000000
v -0.05004900 0.00017100 -0.00000000
v -0.04642400 -0.01865500 0.00000100
v -0.04194400 -0.02729000 -0.00000000
v -0.04194400 -0.02729000 -0.00000000
v -0.03578400 -0.03495700 -0.00000000
v -0.02820000 -0.04130500 -0.00000000
v -0.01944900 -0.04607000 -0.00000000
v 0.00009500 -0.05000600 -0.00000000
v 0.01004900 -0.04897500 -0.00000000
v 0.01954600 -0.04600200 0.00000000
v 0.02820000 -0.04125900 -0.00000000
v 0.02820000 -0.04125900 -0.00000000
v 0.03569300 -0.03498200 0.00000100
v 0.04626000 -0.01889000 -0.00000000
v 0.04901400 -0.00973800 0.00000100
v 0.04998100 -0.00018300 -0.00000000
v 0.04909300 0.00932900 -0.00000000
v 0.04195200 0.02719400 -0.00000000
v 0.04195200 0.02719400 -0.00000000
v 0.03585900 0.03482800 -0.00000000
v 0.02832600 0.04119300 -0.00000000
v 0.01961700 0.04599300 -0.00000000
v 0.01007100 0.04898800 -0.00000000
v -0.04914500 -0.00939300 0.00000100
v -0.00988000 -0.04900700 -0.00000000
v 0.04179900 -0.02740300 0.00000100
v 0.04640900 0.01855100 0.00000100
v -0.00003000 0.05003000 0.01330000
v -0.00999900 0.04902700 0.01330000
v -0.01952800 0.04607400 0.01330000
v -0.02822100 0.04132900 0.01330000
v -0.02822100 0.04132900 0.01330000
v -0.03574100 0.03503100 0.01330000
v -0.04183500 0.02745500 0.01330000
v -0.04632300 0.01892100 0.01330000
v -0.04908800 0.00973000 0.01330000
v -0.05004000 0.00019300 0.01330000
v -0.04644100 -0.01864300 0.01330000
v -0.04196100 -0.02725100 0.01330000
v -0.04196100 -0.02725100 0.01330000
v -0.03584600 -0.03489700 0.01330000
v -0.02828600 -0.04125600 0.01330000
v -0.01955400 -0.04603700 0.01330000
v -0.00002000 -0.05000300 0.01330000
v 0.00993900 -0.04899800 0.01330000
v 0.01945800 -0.04605100 0.01330000
v 0.02813200 -0.04132300 0.01330000
v 0.02813200 -0.04132300 0.01330000
v 0.03565700 -0.03502700 0.01330000
v 0.04625200 -0.01892700 0.01330000
v 0.04901200 -0.00974300 0.01330000
v 0.04997900 -0.00022000 0.01330000
v 0.04910000 0.00933200 0.01330000
v 0.04191900 0.02723800 0.01330000
v 0.04191900 0.02723800 0.01330000
v 0.03580600 0.03489000 0.01330000
v 0.02824500 0.04125400 0.01330000
v 0.01951200 0.04603900 0.01330000
v 0.00995100 0.04901000 0.01330000
v -0.04915800 -0.00935800 0.01330000
v -0.00999600 -0.04900200 0.01330000
v 0.04175700 -0.02745500 0.01330000
v 0.04639600 0.01861600 0.01330000
v -0.00017600 0.08268400 0.02468000
v -0.00017600 0.08268400 0.02468000
v -0.00885700 0.08268400 0.02547700
v -0.01727100 0.08268400 0.02775500
v -0.02516500 0.08268400 0.03145300
v -0.03228400 0.08268400 0.03648400
v -0.03843200 0.08268400 0.04266300
v -0.04342000 0.08268400 0.04981200
v -0.04707000 0.08268400 0.05772800
v -0.04930400 0.08268400 0.06615400
v -0.05004900 0.08268400 0.07484100
v -0.05004900 0.08268400 0.07484100
v -0.04925100 0.08268400 0.08351300
v -0.04307500 0.08268400 0.09971400
v -0.03825700 0.08268400 0.10693500
v -0.03205600 0.08268400 0.11309800
v -0.02492300 0.08268400 0.11807900
v -0.01699600 0.08268400 0.12173500
v 0.00011500 0.08268400 0.12465200
v 0.00011500 0.08268400 0.12465200
v 0.00878000 0.08268400 0.12391700
v 0.01721300 0.08268400 0.12163400
v 0.02508200 0.08268400 0.11793400
v 0.03223000 0.08268400 0.11289900
v 0.04334700 0.08268400 0.09959200
v 0.04700500 0.08268400 0.09166000
v 0.04923800 0.08268400 0.08323900
v 0.04997600 0.08268400 0.07455800
v 0.04997600 0.08268400 0.07455800
v 0.04918300 0.08268400 0.06586300
v 0.04321900 0.08268400 0.04957900
v 0.03817000 0.08268400 0.04244200
v 0.03200200 0.08268400 0.03630000
v 0.02485000 0.08268400 0.03130900
v 0.01693500 0.08268400 0.02766000
v 0.00850900 0.08268400 0.02542600
v -0.04697000 0.08268400 0.09194800
v -0.00857600 0.08268400 0.12396700
v 0.03822000 0.08268400 0.10661800
v 0.04673300 0.08268400 0.05751600
v -0.01699600 0.08176400 0.12173500
v -0.02492300 0.08176400 0.11807900
v -0.01727100 0.08176400 0.02775500
v -0.00885700 0.08176400 0.02547700
v 0.02485000 0.08176400 0.03130900
v 0.03200200 0.08176400 0.03630000
v -0.00857600 0.08176400 0.12396700
v -0.02516500 0.08176400 0.03145300
v 0.01693500 0.08176400 0.02766000
v 0.00878000 0.08176400 0.12391700
v 0.00011500 0.08176400 0.12465200
v 0.00011500 0.08176400 0.12465200
v -0.03228400 0.08176400 0.03648400
v 0.00850900 0.08176400 0.02542600
v 0.01721300 0.08176400 0.12163400
v -0.03843200 0.08176400 0.04266300
v -0.00017600 0.08176400 0.02468000
v -0.00017600 0.08176400 0.02468000
v 0.02508200 0.08176400 0.11793400
v -0.04342000 0.08176400 0.04981200
v -0.04307500 0.08176400 0.09971400
v -0.04697000 0.08176400 0.09194800
v 0.03223000 0.08176400 0.11289900
v -0.04707000 0.08176400 0.05772800
v 0.03822000 0.08176400 0.10661800
v -0.04930400 0.08176400 0.06615400
v 0.04334700 0.08176400 0.09959200
v 0.04700500 0.08176400 0.09166000
v -0.05004900 0.08176400 0.07484100
v -0.05004900 0.08176400 0.07484100
v 0.04321900 0.08176400 0.04957900
v 0.04673300 0.08176400 0.05751600
v 0.04923800 0.08176400 0.08323900
v -0.04925100 0.08176400 0.08351300
v 0.04997600 0.08176400 0.07455800
v 0.04997600 0.08176400 0.07455800
v 0.04918300 0.08176400 0.06586300
v -0.03825700 0.08176400 0.10693500
v -0.03205600 0.08176400 0.11309800
v 0.03817000 0.08176400 0.04244200
vn -0.00310000 0.00010000 -1.00000000
vn -0.17700000 0.00010000 -0.98420000
vn -0.34390000 0.00040000 -0.93900000
vn -0.50280000 -0.00010000 -0.86440000
vn -0.64520000 0.00020000 -0.76400000
vn -0.82010000 0.00040000 -0.57220000
vn -0.70900000 0.00050000 -0.70520000
vn -0.86770000 -0.00010000 -0.49710000
vn -0.94070000 -0.00010000 -0.33930000
vn -0.98530000 -0.00000000 -0.17100000
vn -1.00000000 -0.00060000 0.00290000
vn -0.98420000 -0.00010000 0.17690000
vn -0.86340000 0.00610000 0.50460000
vn -0.77230000 0.00040000 0.63520000
vn -0.70500000 0.00050000 0.70920000
vn -0.57210000 0.00030000 0.82020000
vn -0.49760000 -0.00000000 0.86740000
vn -0.33900000 0.00010000 0.94080000
vn 0.00360000 0.00170000 1.00000000
vn 0.17350000 0.00020000 0.98480000
vn 0.34480000 0.00040000 0.93870000
vn 0.50250000 0.00030000 0.86460000
vn 0.65140000 0.00280000 0.75880000
vn 0.86220000 0.00020000 0.50660000
vn 0.94080000 0.00040000 0.33890000
vn 0.98520000 0.00080000 0.17120000
vn 1.00000000 0.00040000 -0.00350000
vn 0.98280000 0.00260000 -0.18480000
vn 0.87010000 -0.00060000 -0.49300000
vn 0.81640000 0.00070000 -0.57750000
vn 0.70560000 0.00070000 -0.70860000
vn 0.64130000 0.00050000 -0.76730000
vn 0.49730000 0.00010000 -0.86760000
vn 0.33880000 -0.00000000 -0.94090000
vn 0.17170000 0.00030000 -0.98520000
vn -0.93520000 0.00280000 0.35420000
vn -0.16860000 0.00100000 0.98570000
vn 0.81020000 0.00300000 0.58620000
vn 0.72360000 0.00780000 0.69020000
vn 0.93800000 0.00490000 -0.34660000
vn 0.01900000 -0.93100000 0.36450000
vn 0.01980000 -0.92270000 0.38490000
vn -0.01130000 -0.90320000 0.42900000
vn -0.10120000 -0.90990000 0.40230000
vn 0.00750000 -0.94220000 0.33490000
vn 0.01640000 -0.94290000 0.33270000
vn 0.02580000 -0.94270000 0.33270000
vn 0.03620000 -0.94180000 0.33410000
vn 0.04020000 -0.93880000 0.34220000
vn 0.08040000 -0.93960000 0.33260000
vn 0.09770000 -0.92770000 0.36030000
vn 0.07280000 -0.92520000 0.37240000
vn 0.07660000 -0.91930000 0.38610000
vn 0.07180000 -0.91490000 0.39720000
vn 0.08680000 -0.90280000 0.42120000
vn 0.05340000 -0.89780000 0.43710000
vn 0.03250000 -0.90520000 0.42360000
vn 0.02160000 -0.90340000 0.42830000
vn 0.01210000 -0.89780000 0.44020000
vn 0.00180000 -0.91050000 0.41360000
vn -0.02390000 -0.90070000 0.43390000
vn -0.03280000 -0.90360000 0.42710000
vn -0.04030000 -0.90690000 0.41940000
vn -0.07620000 -0.90000000 0.42910000
vn -0.01080000 -0.92290000 0.38490000
vn -0.07360000 -0.91910000 0.38710000
vn -0.07650000 -0.92440000 0.37360000
vn -0.07420000 -0.92940000 0.36160000
vn -0.06940000 -0.93400000 0.35040000
vn -0.05970000 -0.93770000 0.34220000
vn -0.04740000 -0.94000000 0.33780000
vn -0.03480000 -0.94110000 0.33640000
vn -0.02580000 -0.94260000 0.33310000
vn -0.01670000 -0.94300000 0.33230000
vn -0.00810000 -0.94270000 0.33370000
vn -0.00040000 -0.94160000 0.33670000
vn 0.18470000 0.16920000 -0.96810000
vn -0.00530000 0.15840000 -0.98740000
vn -0.18530000 0.17280000 -0.96740000
vn -0.00400000 -0.93780000 -0.34720000
vn -0.77750000 -0.57700000 -0.25000000
vn -0.99080000 -0.13060000 0.03490000
vn -0.76030000 -0.60160000 0.24510000
vn -0.89520000 -0.33310000 0.29620000
vn -0.73030000 -0.22730000 0.64420000
vn -0.61180000 -0.23330000 0.75580000
vn -0.55860000 -0.22270000 0.79900000
vn -0.29230000 -0.18970000 0.93730000
vn 0.15100000 -0.18700000 0.97070000
vn 0.81360000 -0.20850000 0.54280000
vn 0.64240000 -0.41070000 0.64700000
vn 0.89540000 -0.33640000 0.29160000
vn 0.91240000 -0.38440000 0.14090000
vn 0.67430000 -0.53910000 -0.50470000
vn 0.50460000 -0.77170000 -0.38700000
vn 0.41930000 -0.78080000 -0.46320000
vn 0.26870000 -0.85310000 -0.44730000
vn 0.12800000 -0.90480000 -0.40610000
vn -0.84900000 -0.29030000 0.44160000
vn 0.77420000 -0.10700000 0.62380000
vn 0.61240000 -0.33270000 0.71720000
vn 0.92070000 -0.29020000 -0.26110000
vn 0.70050000 -0.71360000 0.01040000
vn 0.48310000 -0.40010000 0.77880000
vn 0.09960000 -0.86720000 0.48790000
vn 0.37240000 -0.38410000 0.84490000
vn 0.06050000 -0.88350000 0.46450000
vn -0.63580000 -0.49030000 0.59600000
vn -0.02170000 -0.91880000 0.39410000
vn -0.69630000 -0.52570000 0.48870000
vn -0.18740000 -0.88650000 0.42310000
vn -0.64650000 -0.75720000 -0.09330000
vn -0.11200000 -0.94330000 0.31250000
vn -0.61070000 -0.77920000 -0.14120000
vn -0.25940000 -0.95820000 0.12100000
vn -0.30440000 -0.95250000 -0.00360000
vn -0.23370000 -0.97150000 -0.04010000
vn -0.15960000 -0.98470000 -0.06990000
vn -0.08200000 -0.99260000 -0.08960000
vn -0.00180000 -0.99590000 -0.09060000
vn 0.25560000 -0.36260000 0.89620000
vn 0.04090000 -0.87890000 0.47520000
vn 0.07970000 -0.99280000 -0.08980000
vn 0.13170000 -0.34300000 0.93010000
vn 0.02260000 -0.86940000 0.49350000
vn 0.15710000 -0.98510000 -0.07060000
vn 0.43210000 -0.89680000 0.09530000
vn 0.41060000 -0.89100000 0.19370000
vn 0.00260000 -0.34340000 0.93920000
vn 0.00320000 -0.89430000 0.44750000
vn 0.23120000 -0.97200000 -0.04150000
vn 0.73820000 -0.64760000 0.18880000
vn 0.39220000 -0.88270000 0.25900000
vn 0.74870000 -0.61510000 0.24720000
vn 0.13570000 -0.91950000 0.36880000
vn -0.12840000 -0.34170000 0.93100000
vn -0.02170000 -0.87820000 0.47780000
vn -0.25150000 -0.36160000 0.89780000
vn -0.04510000 -0.87340000 0.48490000
vn 0.30320000 -0.95290000 -0.00580000
vn 0.35670000 -0.93280000 0.05210000
vn -0.36820000 -0.38350000 0.84700000
vn -0.06170000 -0.87950000 0.47190000
vn -0.47880000 -0.40210000 0.78040000
vn -0.07770000 -0.88510000 0.45880000
vn -0.72840000 -0.57440000 0.37350000
vn -0.13700000 -0.90790000 0.39620000
vn -0.74880000 -0.61400000 0.24960000
vn -0.14390000 -0.91740000 0.37100000
vn -0.60900000 -0.46190000 0.64480000
vn -0.52390000 -0.42240000 0.73970000
vn -0.13460000 -0.87260000 0.46950000
vn 0.72990000 -0.57570000 0.36850000
vn 0.14420000 -0.90760000 0.39430000
vn 0.71850000 -0.54860000 0.42760000
vn 0.67510000 -0.50280000 0.53980000
vn 0.13660000 -0.89910000 0.41600000
vn -0.73000000 -0.67010000 0.13490000
vn -0.13980000 -0.92680000 0.34850000
vn 0.64630000 -0.47980000 0.59340000
vn 0.15480000 -0.87750000 0.45400000
vn 0.57010000 -0.44510000 0.69060000
vn 0.03730000 -0.91820000 0.39430000
vn -0.69820000 -0.71570000 0.01740000
vn -0.13070000 -0.93580000 0.32740000
vn -0.64540000 -0.75830000 -0.09190000
vn 0.37310000 -0.38220000 0.84540000
vn -0.61100000 -0.77890000 -0.14150000
vn -0.52740000 -0.81650000 -0.23500000
vn 0.25580000 -0.36030000 0.89710000
vn 0.12800000 -0.89370000 -0.43000000
vn -0.48090000 -0.83150000 -0.27820000
vn 0.13200000 -0.34590000 0.92890000
vn 0.25190000 -0.88300000 -0.39600000
vn -0.37320000 -0.86210000 -0.34300000
vn 0.36950000 -0.86280000 -0.34510000
vn -0.25590000 -0.88230000 -0.39500000
vn -0.25190000 -0.36020000 0.89820000
vn 0.47720000 -0.83310000 -0.27980000
vn -0.13190000 -0.89410000 -0.42810000
vn -0.00220000 -0.89920000 -0.43760000
vn -0.36960000 -0.38080000 0.84760000
vn 0.56820000 -0.80000000 -0.19270000
vn -0.47730000 -0.40490000 0.77990000
vn -0.60940000 -0.46050000 0.64540000
vn -0.52430000 -0.42200000 0.73960000
vn -0.63890000 -0.48630000 0.59610000
vn 0.74050000 -0.64510000 0.18860000
vn 0.71690000 -0.69360000 0.07030000
vn -0.69680000 -0.52550000 0.48820000
vn 0.74550000 -0.61870000 0.24770000
vn -0.73020000 -0.57270000 0.37260000
vn 0.73160000 -0.57360000 0.36850000
vn 0.64320000 -0.75980000 -0.09490000
vn 0.69670000 -0.71720000 0.01370000
vn -0.74560000 -0.61710000 0.25150000
vn 0.71900000 -0.54840000 0.42700000
vn 0.67500000 -0.50270000 0.54000000
vn 0.64530000 -0.48170000 0.59290000
vn -0.73150000 -0.66870000 0.13330000
vn -0.69840000 -0.71550000 0.01730000
vn 0.57040000 -0.44410000 0.69090000
vn 0.48100000 -0.40510000 0.77750000
vn 0.00220000 -0.34280000 0.93940000
vn -0.12790000 -0.34410000 0.93020000
vn -0.64960000 -0.75410000 -0.09650000
vn 0.38000000 -0.36340000 0.85060000
vn -0.61400000 -0.77600000 -0.14450000
vn -0.52910000 -0.81440000 -0.23850000
vn 0.26000000 -0.34490000 0.90190000
vn 0.12690000 -0.89690000 -0.42350000
vn -0.47830000 -0.83470000 -0.27280000
vn 0.13400000 -0.32870000 0.93490000
vn 0.25190000 -0.88330000 -0.39530000
vn -0.37310000 -0.86180000 -0.34370000
vn 0.37110000 -0.86080000 -0.34840000
vn -0.25600000 -0.88210000 -0.39540000
vn -0.25680000 -0.34120000 0.90420000
vn 0.47530000 -0.83510000 -0.27710000
vn -0.13130000 -0.89780000 -0.42040000
vn -0.37630000 -0.36260000 0.85260000
vn 0.56940000 -0.79860000 -0.19470000
vn -0.48530000 -0.38790000 0.78350000
vn -0.62780000 -0.43120000 0.64800000
vn -0.54070000 -0.39280000 0.74390000
vn 0.75590000 -0.62910000 0.18100000
vn 0.73210000 -0.67850000 0.06130000
vn -0.71410000 -0.50450000 0.48540000
vn 0.75200000 -0.61220000 0.24450000
vn -0.74340000 -0.55800000 0.36890000
vn 0.74770000 -0.55530000 0.36420000
vn 0.64920000 -0.75390000 -0.10080000
vn -0.75190000 -0.61040000 0.24910000
vn 0.72630000 -0.50780000 0.46330000
vn 0.67470000 -0.50300000 0.54020000
vn 0.71040000 -0.45340000 0.53840000
vn 0.64490000 -0.45720000 0.61250000
vn -0.74370000 -0.65650000 0.12600000
vn 0.57650000 -0.43500000 0.69170000
vn 0.00180000 -0.32480000 0.94580000
vn -0.00170000 -0.90100000 -0.43380000
vn -0.64540000 -0.47630000 0.59720000
vn 0.69860000 -0.71540000 0.01210000
vn -0.70080000 -0.71320000 0.01640000
vn 0.49090000 -0.38370000 0.78220000
vn -0.12890000 -0.33270000 0.93420000
vn -0.92700000 -0.26160000 -0.26870000
vn -0.70270000 -0.71130000 0.01500000
vn -0.14570000 -0.19080000 0.97080000
vn 0.00200000 -0.19260000 0.98130000
vn 0.56580000 -0.21310000 0.79660000
vn -0.97620000 -0.17220000 -0.13170000
vn -0.75300000 -0.64690000 0.12040000
vn 0.84880000 -0.29680000 0.43770000
vn 0.85280000 -0.31910000 -0.41340000
vn 0.65590000 -0.74710000 -0.10780000
vn 0.76830000 -0.61590000 0.17420000
vn 0.97440000 -0.18270000 -0.13120000
vn 0.74520000 -0.66470000 0.05320000
vn -0.75490000 -0.29990000 0.58320000
vn 0.74500000 -0.43860000 -0.50260000
vn 0.57070000 -0.79730000 -0.19630000
vn -0.43080000 -0.20320000 0.87930000
vn -0.12770000 -0.92630000 -0.35460000
vn -0.26240000 -0.88160000 -0.39240000
vn -0.40900000 -0.81150000 -0.41720000
vn -0.66100000 -0.59360000 -0.45900000
vn -0.49870000 -0.78800000 -0.36110000
vn 0.29510000 -0.20020000 0.93430000
vn -0.71560000 -0.59040000 -0.37330000
vn -0.53050000 -0.81280000 -0.24060000
vn 0.43470000 -0.20670000 0.87660000
vn -0.99980000 0.00110000 -0.02180000
vn 0.00230000 0.99990000 -0.01450000
vn 0.98280000 0.18450000 -0.00520000
vn -0.20290000 0.97910000 -0.01260000
vn 0.92430000 0.38140000 -0.01490000
vn -0.39350000 0.91930000 -0.00730000
vn -0.56710000 0.82360000 -0.00270000
vn 0.82850000 0.55920000 -0.02990000
vn -0.71580000 0.69830000 -0.00020000
vn 0.76540000 0.64280000 -0.03220000
vn 0.63280000 0.77190000 -0.06130000
vn -0.88500000 0.46550000 0.00330000
vn -0.77230000 0.63520000 -0.00430000
vn 0.55340000 0.82950000 -0.07620000
vn -0.98000000 -0.19880000 -0.01150000
vn -0.92520000 0.37950000 -0.00180000
vn 0.82800000 -0.55750000 -0.05980000
vn -0.98100000 0.19400000 -0.00090000
vn -0.83350000 -0.54520000 -0.08960000
vn -1.00000000 0.00410000 -0.00010000
vn 0.91960000 -0.39200000 -0.02510000
vn -0.92870000 -0.37070000 0.00700000
vn -0.92430000 -0.37910000 -0.04460000
vn -0.84020000 -0.54230000 -0.00110000
vn 0.97790000 -0.20890000 -0.00430000
vn -0.72070000 -0.69310000 -0.01480000
vn -0.63400000 -0.76080000 -0.13840000
vn -0.45220000 -0.87670000 -0.16440000
vn -0.64340000 -0.76520000 -0.02200000
vn -0.46990000 -0.88180000 -0.04030000
vn 0.54970000 -0.82690000 -0.11840000
vn -0.39060000 -0.91990000 -0.03460000
vn -0.71030000 -0.69270000 -0.12520000
vn 0.01360000 -0.97500000 -0.22170000
vn -0.00010000 -0.99960000 -0.02800000
vn 0.37410000 -0.92030000 -0.11430000
vn 0.19770000 -0.97980000 -0.02940000
vn 0.18950000 -0.97680000 -0.09980000
vn 0.38900000 -0.92070000 -0.03180000
vn -0.18290000 -0.97580000 -0.12020000
vn 0.56490000 -0.82460000 -0.02870000
vn -0.37240000 -0.91670000 -0.14500000
vn 0.77090000 -0.63690000 -0.01170000
vn 0.64150000 -0.76660000 -0.02780000
vn 0.76360000 -0.64120000 -0.07590000
vn 0.63000000 -0.76840000 -0.11230000
vn 0.92640000 -0.37660000 -0.00300000
vn -1.00000000 -0.00830000 0.00060000
vn 0.98080000 -0.19480000 0.00030000
vn 0.20050000 0.96980000 -0.13900000
vn 1.00000000 -0.00470000 -0.00000000
vn 0.99990000 -0.01310000 0.00090000
vn 0.98250000 0.18640000 -0.00080000
vn 0.38900000 0.91500000 -0.10710000
vn -0.88170000 0.47120000 -0.02390000
vn -0.76780000 0.63890000 -0.04890000
vn 0.83920000 0.54380000 -0.01060000
vn -0.55830000 0.82550000 -0.08250000
vn 0.77320000 0.63410000 -0.00720000
vn 0.64380000 0.76490000 -0.02090000
vn -0.70620000 0.70590000 -0.05530000
vn 0.56240000 0.82680000 -0.01200000
vn -0.98360000 0.18000000 -0.00840000
vn 0.39850000 0.91710000 -0.01030000
vn -0.39000000 0.91350000 -0.11560000
vn 0.19880000 0.97990000 -0.01750000
vn -0.20130000 0.96860000 -0.14560000
vn -0.98160000 -0.19080000 0.00440000
vn -0.00100000 0.98780000 -0.15570000
vn -0.19940000 -0.97950000 -0.03050000
vn 0.00510000 -0.99550000 -0.09460000
vn 0.83710000 -0.54700000 -0.01020000
vn -0.92580000 0.37740000 -0.02060000
vn 0.92960000 0.36860000 -0.00460000
vn 0.77850000 -0.54520000 -0.31110000
vn 0.59970000 -0.68540000 -0.41300000
vn -0.31400000 -0.89000000 -0.33050000
vn 0.86330000 -0.42340000 -0.27470000
vn -0.14140000 -0.95610000 -0.25660000
vn -0.99430000 -0.09360000 -0.05180000
vn 0.95550000 -0.24960000 -0.15720000
vn -0.95560000 -0.25170000 -0.15310000
vn 0.99110000 -0.09650000 -0.09220000
vn 0.16400000 -0.95070000 -0.26320000
vn -0.86230000 -0.42580000 -0.27430000
vn 0.33770000 -0.87630000 -0.34360000
vn -0.69510000 -0.61880000 -0.36590000
vn 0.51930000 -0.76490000 -0.38130000
vn -0.60070000 -0.71990000 -0.34780000
vn -0.39880000 -0.81800000 -0.41460000
vn 0.99970000 -0.00850000 -0.02220000
vn 0.95300000 0.20600000 -0.22190000
vn -0.99590000 0.08940000 -0.01130000
vn 0.74840000 0.38060000 -0.54310000
vn 0.58890000 0.13650000 -0.79660000
vn -0.87380000 0.31730000 -0.36860000
vn -0.54870000 0.25420000 -0.79640000
vn -0.65790000 0.51540000 -0.54910000
vn -0.78510000 0.30660000 -0.53810000
vn -0.58330000 0.15270000 -0.79780000
vn -0.71390000 0.56340000 -0.41580000
vn 0.86360000 0.31730000 -0.39180000
vn 0.99550000 0.07060000 -0.06290000
vn 0.69450000 0.45100000 -0.56060000
vn 0.52460000 0.24250000 -0.81610000
vn -0.96620000 0.22280000 -0.12990000
vn 0.36140000 0.23050000 -0.90350000
vn -0.38340000 0.23730000 -0.89260000
vn -0.00230000 -0.00740000 1.00000000
vn 0.81100000 0.01400000 0.58480000
vn 0.69280000 0.01100000 0.72100000
vn 0.86230000 0.01610000 0.50610000
vn 0.93970000 0.01680000 0.34160000
vn -0.99830000 0.01270000 0.05740000
vn 0.98310000 0.01270000 0.18250000
vn -0.98140000 0.01180000 0.19160000
vn 0.99870000 0.00350000 0.05070000
vn -0.93690000 0.01380000 0.34940000
vn -0.75070000 0.01350000 0.66050000
vn -0.68810000 0.01100000 0.72560000
vn -0.54980000 0.00670000 0.83530000
vn -0.48190000 0.00230000 0.87620000
vn -0.33330000 -0.00400000 0.94280000
vn 0.16960000 -0.00540000 0.98550000
vn 0.33550000 -0.00170000 0.94210000
vn 0.48760000 0.00280000 0.87310000
vn -0.17230000 -0.00730000 0.98500000
vn 0.62720000 0.00780000 0.77880000
vn -0.85920000 0.01470000 0.51150000
vn -0.98370000 -0.12080000 -0.13300000
vn -0.15780000 -0.03620000 0.98680000
vn 0.61040000 -0.03820000 0.79120000
vn -0.83680000 -0.06040000 0.54420000
vn -0.64820000 -0.58210000 -0.49100000
vn -0.52580000 -0.66070000 -0.53570000
vn -0.55060000 -0.69740000 -0.45880000
vn -0.40500000 -0.77130000 -0.49100000
vn -0.27420000 -0.87810000 -0.39220000
vn -0.12440000 -0.95040000 -0.28490000
vn -0.75910000 -0.44670000 -0.47360000
vn 0.00130000 -0.04630000 0.99890000
vn 0.92390000 -0.05340000 0.37880000
vn 0.98410000 -0.12850000 -0.12290000
vn -0.46560000 -0.03030000 0.88450000
vn 0.31850000 -0.04250000 0.94700000
vn 0.46970000 -0.03770000 0.88200000
vn 0.76240000 -0.40640000 -0.50360000
vn 0.86780000 -0.27560000 -0.41340000
vn -0.94130000 -0.19890000 -0.27280000
vn 0.00010000 -0.96670000 -0.25600000
vn -0.86650000 -0.31690000 -0.38560000
vn 0.14000000 -0.92000000 -0.36610000
vn 0.79000000 -0.04740000 0.61130000
vn 0.66910000 -0.06240000 0.74060000
vn 0.84230000 -0.04640000 0.53700000
vn -0.99570000 -0.08260000 0.04260000
vn 0.97570000 -0.06710000 0.20880000
vn -0.97540000 -0.05800000 0.21250000
vn 0.99590000 -0.08460000 0.03190000
vn -0.92280000 -0.04540000 0.38250000
vn -0.76070000 -0.02150000 0.64870000
vn -0.66140000 -0.07550000 0.74630000
vn -0.67880000 -0.00040000 0.73430000
vn -0.57310000 -0.05450000 0.81760000
vn -0.31510000 -0.02960000 0.94860000
vn 0.16160000 -0.04190000 0.98600000
vn 0.29370000 -0.82320000 -0.48580000
vn 0.46450000 -0.69020000 -0.55490000
vn 0.70190000 -0.50370000 -0.50360000
vn 0.54150000 -0.59470000 -0.59430000
vn 0.93510000 -0.21560000 -0.28140000
vn -0.64420000 0.00710000 -0.76480000
vn 0.17100000 0.00130000 -0.98530000
vn -0.82110000 0.00850000 -0.57070000
vn -0.70850000 0.00820000 -0.70570000
vn -0.00330000 0.00230000 -1.00000000
vn 0.81650000 0.00930000 -0.57720000
vn 0.70510000 0.00910000 -0.70900000
vn -0.17650000 0.00260000 -0.98430000
vn 0.64030000 0.00810000 -0.76800000
vn 0.49610000 0.00490000 -0.86830000
vn -0.94170000 0.00530000 -0.33630000
vn 0.00400000 0.00080000 1.00000000
vn 0.81990000 0.00770000 0.57240000
vn 0.71150000 0.00370000 0.70260000
vn 0.86570000 0.00210000 0.50050000
vn 0.93960000 -0.00090000 0.34210000
vn -1.00000000 -0.00140000 0.00660000
vn 0.86480000 0.01040000 -0.50200000
vn 0.98440000 -0.00050000 0.17590000
vn -0.98360000 -0.00120000 0.18010000
vn 1.00000000 0.00120000 0.00100000
vn -0.93770000 -0.00070000 0.34740000
vn -0.76540000 0.00240000 0.64360000
vn -0.70470000 -0.00030000 0.70950000
vn -0.57040000 -0.00070000 0.82140000
vn -0.49690000 -0.00120000 0.86780000
vn -0.33950000 -0.00150000 0.94060000
vn 0.17580000 -0.00010000 0.98440000
vn 0.34470000 -0.00040000 0.93870000
vn 0.50230000 -0.00000000 0.86470000
vn -0.50240000 0.00470000 -0.86460000
vn -0.98570000 0.00190000 -0.16860000
vn 0.93830000 0.01230000 -0.34570000
vn -0.86960000 0.00730000 -0.49370000
vn -0.17170000 -0.00110000 0.98520000
vn 0.64410000 0.00050000 0.76490000
vn -0.86240000 0.00570000 0.50620000
vn -0.34450000 0.00250000 -0.93880000
vn 0.33960000 0.00530000 -0.94060000
vn 0.98470000 0.00510000 -0.17400000
vn 0.99970000 -0.02210000 -0.01240000
vn 0.93240000 -0.34640000 -0.10310000
vn -0.00650000 0.28990000 -0.95700000
vn -0.00450000 0.95560000 -0.29470000
vn -0.93650000 -0.32810000 -0.12380000
vn -0.93880000 0.33540000 -0.07910000
vn 0.00990000 -0.98280000 -0.18420000
vn -0.19040000 0.30910000 -0.93180000
vn -0.20180000 0.94080000 -0.27240000
vn -0.39140000 0.39090000 -0.83310000
vn -0.39350000 0.89550000 -0.20800000
vn -0.98980000 0.13950000 -0.03050000
vn -0.78620000 0.50710000 -0.35310000
vn -0.71730000 0.66390000 -0.21140000
vn -0.50790000 0.47230000 -0.72040000
vn -0.60840000 0.71360000 -0.34730000
vn 0.21400000 0.32760000 -0.92030000
vn 0.20440000 0.94230000 -0.26530000
vn -0.86990000 0.46350000 -0.16850000
vn -0.76930000 0.63390000 -0.07900000
vn 0.37900000 0.40570000 -0.83170000
vn 0.38600000 0.89980000 -0.20340000
vn -0.99970000 -0.01880000 -0.01430000
vn 0.77440000 -0.59570000 -0.21330000
vn 0.62340000 -0.72980000 -0.28060000
vn -0.34480000 -0.89650000 -0.27820000
vn -0.16320000 -0.96180000 -0.21970000
vn 0.17260000 -0.96300000 -0.20690000
vn 0.35510000 -0.89840000 -0.25830000
vn -0.70010000 -0.65580000 -0.28260000
vn 0.53360000 -0.79890000 -0.27750000
vn -0.62290000 -0.73340000 -0.27250000
vn -0.42640000 -0.84030000 -0.33490000
vn 0.98210000 -0.18500000 -0.03550000
vn -0.84130000 -0.49630000 -0.21420000
vn 0.84090000 -0.50890000 -0.18410000
vn -0.98640000 -0.15770000 -0.04660000
vn 0.49810000 0.46970000 -0.72890000
vn 0.68240000 0.49500000 -0.53790000
vn 0.55560000 0.81940000 -0.14140000
vn 0.76240000 0.58550000 -0.27560000
vn 0.63150000 0.76700000 -0.11380000
vn 0.84370000 0.51750000 -0.14270000
vn 0.93270000 0.35310000 -0.07360000
vn 0.98620000 0.16360000 -0.02340000
vn -0.99440000 -0.04350000 -0.09650000
vn -0.65670000 -0.60100000 -0.45550000
vn -0.57020000 -0.71040000 -0.41270000
vn -0.37690000 -0.79630000 -0.47310000
vn -0.29690000 -0.88150000 -0.36710000
vn -0.13420000 -0.95290000 -0.27220000
vn -0.80890000 -0.42020000 -0.41130000
vn -0.00270000 -0.01250000 0.99990000
vn 0.93520000 0.00380000 0.35420000
vn -0.47350000 0.00380000 0.88080000
vn 0.32840000 -0.00760000 0.94450000
vn 0.48010000 -0.00260000 0.87720000
vn 0.80850000 -0.39930000 -0.43230000
vn 0.91150000 -0.25040000 -0.32630000
vn -0.97180000 -0.12870000 -0.19770000
vn 0.00510000 -0.97130000 -0.23780000
vn -0.91440000 -0.26000000 -0.31040000
vn 0.15520000 -0.93620000 -0.31530000
vn 0.80390000 0.00350000 0.59470000
vn 0.68590000 0.00160000 0.72770000
vn 0.85530000 0.00410000 0.51810000
vn -0.99870000 -0.01050000 0.04980000
vn 0.98250000 -0.00010000 0.18620000
vn -0.98060000 0.00360000 0.19620000
vn 0.99940000 -0.01390000 0.03210000
vn -0.93320000 0.00800000 0.35930000
vn -0.74520000 0.00740000 0.66680000
vn -0.68150000 0.00760000 0.73180000
vn -0.54340000 0.00570000 0.83950000
vn -0.32470000 -0.00200000 0.94580000
vn 0.16540000 -0.01170000 0.98620000
vn 0.31540000 -0.84500000 -0.43200000
vn 0.49070000 -0.71780000 -0.49390000
vn 0.75190000 -0.50070000 -0.42900000
vn 0.56250000 -0.62180000 -0.54490000
vn 0.96360000 -0.12420000 -0.23680000
vn -0.16760000 -0.00880000 0.98580000
vn 0.62030000 0.00080000 0.78440000
vn -0.85370000 0.00810000 0.52080000
vn 0.99590000 -0.05300000 -0.07360000
vn -0.50720000 0.04760000 -0.86050000
vn 0.95850000 0.06520000 -0.27740000
vn -0.89730000 0.08330000 -0.43360000
vn -0.17280000 -0.00460000 0.98490000
vn 0.64130000 0.00530000 0.76730000
vn -0.86240000 0.00610000 0.50620000
vn 0.34090000 0.03730000 -0.93940000
vn -0.74650000 0.15880000 -0.64610000
vn -0.63410000 0.06160000 -0.77080000
vn 0.16980000 0.01890000 -0.98530000
vn -0.80290000 0.11010000 -0.58590000
vn -0.70650000 0.01720000 -0.70750000
vn -0.00310000 0.01860000 -0.99980000
vn 0.79880000 0.11600000 -0.59030000
vn 0.70390000 0.01610000 -0.71010000
vn -0.17750000 0.01930000 -0.98390000
vn 0.73830000 0.16820000 -0.65310000
vn 0.63890000 0.06840000 -0.76620000
vn 0.50080000 0.05490000 -0.86380000
vn -0.95460000 0.04090000 -0.29500000
vn 0.00120000 -0.00390000 1.00000000
vn 0.81860000 0.00850000 0.57430000
vn 0.70630000 0.00780000 0.70790000
vn 0.86640000 0.00890000 0.49920000
vn 0.93890000 0.00720000 0.34400000
vn -0.99970000 0.00520000 0.02540000
vn 0.88450000 0.09120000 -0.45750000
vn 0.98270000 0.00490000 0.18530000
vn -0.98170000 0.00490000 0.19020000
vn 0.99970000 0.00790000 0.02450000
vn -0.93620000 0.00600000 0.35140000
vn -0.76120000 0.00400000 0.64850000
vn -0.70250000 0.00170000 0.71170000
vn -0.56590000 -0.00100000 0.82450000
vn -0.49490000 -0.00290000 0.86890000
vn -0.33930000 -0.00440000 0.94070000
vn 0.17610000 -0.00230000 0.98440000
vn 0.34320000 -0.00090000 0.93930000
vn 0.49960000 0.00170000 0.86630000
vn -0.99030000 0.01770000 -0.13790000
vn -0.34650000 0.02900000 -0.93760000
vn 0.99130000 0.03510000 -0.12660000
vn -0.00000000 1.00000000 -0.00000000
vn -0.00000000 1.00000000 0.00010000
vn -0.00000000 1.00000000 -0.00010000
vn -0.00000000 1.00000000 -0.00010000
vn -0.00000000 1.00000000 -0.00000000
vn -0.00000000 1.00000000 -0.00000000
vn -0.00000000 1.00000000 -0.00000000
vn -0.00000000 1.00000000 -0.00000000
vn -0.00000000 1.00000000 0.00010000
vn -0.00000000 1.00000000 -0.00000000
vn -0.00000000 1.00000000 -0.00000000
vn -0.00000000 1.00000000 -0.00000000
vn -0.00000000 1.00000000 -0.00000000
vn -0.00000000 1.00000000 -0.00000000
vn -0.00000000 1.00000000 -0.00000000
vn -0.00000000 1.00000000 -0.00000000
vn -0.00000000 1.00000000 -0.00000000
vn -0.00000000 1.00000000 -0.00000000
vn -0.00000000 1.00000000 -0.00000000
vn -0.00000000 1.00000000 -0.00000000
vn -0.00000000 1.00000000 -0.00000000
vn -0.00000000 1.00000000 -0.00000000
vn -0.00000000 1.00000000 -0.00000000
vn -0.00000000 1.00000000 -0.00000000
vn -0.00000000 1.00000000 -0.00000000
vn -0.00000000 1.00000000 -0.00000000
vn -0.00000000 1.00000000 -0.00000000
vn -0.00000000 1.00000000 -0.00000000
vn -0.00000000 1.00000000 -0.00000000
vn -0.00000000 1.00000000 -0.00000000
vn -0.00000000 1.00000000 -0.00010000
vn -0.00000000 1.00000000 -0.00000000
vn -0.00000000 1.00000000 -0.00000000
vn -0.00000000 1.00000000 -0.00000000
vn -0.00000000 1.00000000 -0.00010000
vn -0.00000000 1.00000000 -0.00000000
vn -0.00000000 1.00000000 -0.00000000
vn -0.00000000 1.00000000 -0.00000000
vn -0.00000000 1.00000000 -0.00010000
vn -0.00000000 1.00000000 -0.00000000
vn -0.00000000 1.00000000 -0.00000000
vn -0.00000000 1.00000000 -0.00000000
vn -0.00000000 1.00000000 -0.00000000
vn -0.00000000 1.00000000 -0.00000000
vn -0.00000000 1.00000000 -0.00000000
vn -0.00000000 1.00000000 -0.00000000
vn -0.00000000 1.00000000 -0.00000000
vn -0.00000000 1.00000000 -0.00000000
vn -0.00000000 1.00000000 -0.00000000
vn -0.00000000 1.00000000 -0.00000000
vn -0.00000000 1.00000000 -0.00010000
vn -0.00000000 1.00000000 -0.00000000
vn -0.00000000 1.00000000 -0.00000000
vn -0.00000000 1.00000000 -0.00000000
vn -0.00000000 1.00000000 -0.00000000
vn -0.00000000 1.00000000 -0.00000000
vn -0.00000000 1.00000000 -0.00000000
vn -0.00000000 1.00000000 -0.00000000
vn -0.00000000 1.00000000 -0.00000000
vn -0.00000000 1.00000000 -0.00000000
vn -0.00000000 1.00000000 0.00010000
vn -0.00000000 1.00000000 -0.00000000
vn -0.00000000 1.00000000 -0.00010000
vn -0.00000000 1.00000000 -0.00000000
vn -0.00000000 1.00000000 -0.00000000
vn -0.00000000 1.00000000 -0.00000000
vn -0.00000000 1.00000000 0.00010000
vn -0.00000000 1.00000000 -0.00000000
vn -0.00000000 1.00000000 -0.00010000
vn -0.00000000 1.00000000 -0.00000000
vn -0.00000000 1.00000000 -0.00000000
vn -0.00000000 1.00000000 -0.00000000
vn -0.00000000 1.00000000 -0.00000000
vn -0.00000000 1.00000000 -0.00000000
vn -0.00000000 1.00000000 0.00010000
vn -0.00000000 1.00000000 -0.00000000
vn -0.00000000 1.00000000 0.00010000
vn -0.00000000 1.00000000 -0.00000000
vn -0.00000000 1.00000000 -0.00000000
vn -0.00000000 1.00000000 -0.00000000
vn -0.00000000 1.00000000 -0.00000000
vn -0.00000000 1.00000000 -0.00000000
vn -0.00000000 1.00000000 -0.00000000
vn -0.00000000 1.00000000 -0.00000000
vn -0.00000000 1.00000000 -0.00000000
vn -0.00000000 1.00000000 -0.00000000
vn -0.00000000 1.00000000 -0.00000000
vn -0.00000000 1.00000000 -0.00000000
vn -0.00000000 1.00000000 -0.00000000
vn -0.00000000 1.00000000 -0.00000000
vn -0.00000000 1.00000000 -0.00000000
vn -0.00000000 1.00000000 -0.00000000
vn -0.00000000 1.00000000 -0.00000000
vn -0.00000000 1.00000000 -0.00000000
vn -0.00000000 1.00000000 -0.00000000
vn -0.00000000 1.00000000 -0.00000000
vn -0.00000000 1.00000000 -0.00000000
vn -0.00000000 1.00000000 -0.00000000
vn -0.00000000 1.00000000 -0.00000000
vn -0.00000000 1.00000000 -0.00000000
vn -0.00000000 1.00000000 -0.00000000
vn -0.00000000 1.00000000 -0.00000000
vn -0.00000000 1.00000000 -0.00000000
vn -0.00000000 1.00000000 -0.00010000
vn -0.00000000 1.00000000 -0.00000000
vn -0.00000000 1.00000000 -0.00000000
vn -0.00000000 1.00000000 -0.00000000
vn -0.00000000 1.00000000 -0.00000000
vn -0.00000000 1.00000000 -0.00000000
vn -0.00000000 1.00000000 -0.00000000
vn -0.00000000 1.00000000 -0.00000000
vn -0.00000000 1.00000000 -0.00000000
vn -0.00000000 1.00000000 -0.00000000
vn -0.00000000 1.00000000 -0.00000000
vn -0.00000000 1.00000000 -0.00000000
vn -0.00000000 1.00000000 -0.00000000
vn -0.00000000 1.00000000 -0.00000000
vn -0.00000000 1.00000000 -0.00010000
vn -0.00000000 1.00000000 -0.00000000
vn -0.00000000 1.00000000 -0.00000000
vn -0.00000000 1.00000000 -0.00010000
vn -0.00000000 1.00000000 -0.00000000
vn -0.00000000 1.00000000 -0.00000000
vn -0.00000000 1.00000000 -0.00000000
vn -0.00000000 1.00000000 -0.00000000
vn -0.00000000 1.00000000 -0.00000000
vn -0.00000000 1.00000000 -0.00000000
vn -0.00000000 1.00000000 -0.00000000
vn -0.00000000 1.00000000 -0.00010000
vn -0.00000000 1.00000000 -0.00000000
vn -0.00000000 1.00000000 -0.00000000
vn -0.00000000 1.00000000 -0.00000000
vn -0.33880000 -0.00000000 0.94080000
vn -0.49760000 -0.00000000 0.86740000
vn -0.34400000 -0.00000000 -0.93900000
vn -0.17700000 -0.00000000 -0.98420000
vn 0.49740000 -0.00000000 -0.86750000
vn 0.64140000 -0.00000000 -0.76720000
vn -0.16810000 -0.00000000 0.98580000
vn -0.50260000 -0.00000000 -0.86450000
vn 0.33880000 -0.00000000 -0.94090000
vn 0.17360000 -0.00000000 0.98480000
vn 0.00300000 -0.00000000 1.00000000
vn -0.64540000 -0.00000000 -0.76380000
vn 0.17150000 -0.00000000 -0.98520000
vn 0.34470000 -0.00000000 0.93870000
vn -0.82010000 -0.00000000 -0.57220000
vn -0.70890000 -0.00000000 -0.70530000
vn -0.00300000 -0.00000000 -1.00000000
vn 0.50260000 -0.00000000 0.86450000
vn -0.86750000 -0.00000000 -0.49740000
vn -0.86450000 -0.00000000 0.50260000
vn -0.93430000 -0.00000000 0.35650000
vn 0.65290000 -0.00000000 0.75740000
vn -0.94090000 -0.00000000 -0.33880000
vn 0.80780000 -0.00000000 0.58940000
vn 0.72360000 -0.00000000 0.69020000
vn -0.98520000 -0.00000000 -0.17150000
vn 0.86220000 -0.00000000 0.50660000
vn 0.94090000 -0.00000000 0.33880000
vn -1.00000000 -0.00000000 0.00310000
vn 0.86970000 -0.00000000 -0.49360000
vn 0.93900000 -0.00000000 -0.34400000
vn 0.98520000 -0.00000000 0.17120000
vn -0.98420000 -0.00000000 0.17700000
vn 1.00000000 -0.00000000 -0.00300000
vn 0.98230000 -0.00000000 -0.18710000
vn -0.77230000 -0.00000000 0.63530000
vn -0.70500000 -0.00000000 0.70920000
vn -0.57240000 -0.00000000 0.81990000
vn 0.81640000 -0.00000000 -0.57750000
vn 0.70560000 -0.00000000 -0.70860000
vn -0.09150000 -0.00000000 -0.99580000
vn 0.08540000 -0.00000000 -0.99630000
vn -0.17700000 -0.00000000 -0.98420000
vn -0.34400000 -0.00000000 -0.93900000
vn -0.50260000 -0.00000000 -0.86450000
vn -0.64540000 -0.00000000 -0.76380000
vn -0.76740000 -0.00000000 -0.64110000
vn -0.86750000 -0.00000000 -0.49740000
vn -0.94090000 -0.00000000 -0.33880000
vn -0.98520000 -0.00000000 -0.17150000
vn -0.99630000 -0.00000000 -0.08540000
vn -0.99580000 -0.00000000 0.09170000
vn -0.98420000 -0.00000000 0.17700000
vn -0.86450000 -0.00000000 0.50260000
vn -0.77220000 -0.00000000 0.63530000
vn -0.64110000 -0.00000000 0.76740000
vn -0.49760000 -0.00000000 0.86740000
vn -0.33880000 -0.00000000 0.94090000
vn 0.08450000 -0.00000000 0.99640000
vn -0.07850000 -0.00000000 0.99690000
vn 0.17360000 -0.00000000 0.98480000
vn 0.34470000 -0.00000000 0.93870000
vn 0.50260000 -0.00000000 0.86450000
vn 0.65290000 -0.00000000 0.75740000
vn 0.86220000 -0.00000000 0.50660000
vn 0.94090000 -0.00000000 0.33880000
vn 0.98520000 -0.00000000 0.17120000
vn 0.99590000 -0.00000000 -0.09070000
vn 0.99640000 -0.00000000 0.08470000
vn 0.98240000 -0.00000000 -0.18710000
vn 0.86970000 -0.00000000 -0.49360000
vn 0.76380000 -0.00000000 -0.64540000
vn 0.64140000 -0.00000000 -0.76720000
vn 0.49740000 -0.00000000 -0.86750000
vn 0.33880000 -0.00000000 -0.94090000
vn 0.17150000 -0.00000000 -0.98520000
vn -0.93430000 -0.00000000 0.35650000
vn -0.16810000 -0.00000000 0.98580000
vn 0.76740000 -0.00000000 0.64120000
vn 0.93900000 -0.00000000 -0.34400000
vn -0.00000000 -1.00000000 -0.00000000
vn -0.09150000 -0.00000000 -0.99580000
vn 0.08540000 -0.00000000 -0.99630000
vn -0.00000000 -1.00000000 -0.00000000
vn -0.00000000 -1.00000000 -0.00000000
vn -0.17700000 -0.00000000 -0.98420000
vn -0.00000000 -1.00000000 -0.00000000
vn -0.34400000 -0.00000000 -0.93900000
vn -0.00000000 -1.00000000 0.00010000
vn -0.00000000 -1.00000000 -0.00010000
vn -0.00000000 -1.00000000 -0.00000000
vn -0.50260000 -0.00000000 -0.86450000
vn -0.00000000 -1.00000000 -0.00000000
vn -0.00000000 -1.00000000 0.00010000
vn -0.00000000 -1.00000000 -0.00000000
vn -0.64540000 -0.00000000 -0.76380000
vn -0.00000000 -1.00000000 -0.00000000
vn -0.76740000 -0.00000000 -0.64110000
vn -0.00000000 -1.00000000 -0.00000000
vn -0.86750000 -0.00000000 -0.49740000
vn -0.00000000 -1.00000000 -0.00000000
vn -0.94090000 -0.00000000 -0.33880000
vn -0.00000000 -1.00000000 -0.00000000
vn -0.98520000 -0.00000000 -0.17150000
vn -0.00000000 -1.00000000 -0.00000000
vn -0.99630000 -0.00000000 -0.08540000
vn -0.99580000 -0.00000000 0.09170000
vn -0.00000000 -1.00000000 -0.00000000
vn -0.98420000 -0.00000000 0.17700000
vn -0.00000000 -1.00000000 -0.00000000
vn -0.86450000 -0.00000000 0.50260000
vn -0.00000000 -1.00000000 -0.00000000
vn -0.00000000 -1.00000000 -0.00000000
vn -0.00000000 -1.00000000 -0.00010000
vn -0.77220000 -0.00000000 0.63530000
vn -0.00000000 -1.00000000 0.00010000
vn -0.00000000 -1.00000000 -0.00000000
vn -0.64110000 -0.00000000 0.76740000
vn -0.00000000 -1.00000000 -0.00000000
vn -0.00000000 -1.00000000 -0.00010000
vn -0.00000000 -1.00000000 0.00010000
vn -0.49760000 -0.00000000 0.86740000
vn -0.00000000 -1.00000000 -0.00000000
vn -0.00000000 -1.00000000 -0.00000000
vn -0.33880000 -0.00000000 0.94090000
vn -0.00000000 -1.00000000 -0.00000000
vn -0.00000000 -1.00000000 -0.00000000
vn -0.00000000 -1.00000000 -0.00010000
vn 0.08450000 -0.00000000 0.99640000
vn -0.07850000 -0.00000000 0.99690000
vn -0.00000000 -1.00000000 -0.00000000
vn -0.00000000 -1.00000000 -0.00000000
vn -0.00000000 -1.00000000 -0.00000000
vn 0.17360000 -0.00000000 0.98480000
vn -0.00000000 -1.00000000 0.00010000
vn -0.00000000 -1.00000000 -0.00010000
vn -0.00000000 -1.00000000 -0.00000000
vn 0.34470000 -0.00000000 0.93870000
vn -0.00000000 -1.00000000 0.00010000
vn -0.00000000 -1.00000000 -0.00010000
vn -0.00000000 -1.00000000 -0.00000000
vn 0.50260000 -0.00000000 0.86450000
vn -0.00000000 -1.00000000 -0.00000000
vn -0.00000000 -1.00000000 -0.00000000
vn -0.00000000 -1.00000000 -0.00000000
vn 0.65290000 -0.00000000 0.75740000
vn -0.00000000 -1.00000000 -0.00000000
vn 0.86220000 -0.00000000 0.50660000
vn -0.00000000 -1.00000000 -0.00000000
vn 0.94090000 -0.00000000 0.33880000
vn -0.00000000 -1.00000000 -0.00000000
vn 0.98520000 -0.00000000 0.17120000
vn -0.00000000 -1.00000000 -0.00000000
vn 0.99590000 -0.00000000 -0.09070000
vn 0.99640000 -0.00000000 0.08470000
vn -0.00000000 -1.00000000 -0.00000000
vn 0.98240000 -0.00000000 -0.18710000
vn -0.00000000 -1.00000000 -0.00000000
vn 0.86970000 -0.00000000 -0.49360000
vn -0.00000000 -1.00000000 -0.00000000
vn -0.00000000 -1.00000000 -0.00000000
vn 0.76380000 -0.00000000 -0.64540000
vn -0.00000000 -1.00000000 -0.00000000
vn -0.00000000 -1.00000000 -0.00010000
vn -0.00000000 -1.00000000 -0.00000000
vn 0.64140000 -0.00000000 -0.76720000
vn -0.00000000 -1.00000000 -0.00000000
vn -0.00000000 -1.00000000 -0.00010000
vn 0.49740000 -0.00000000 -0.86750000
vn -0.00000000 -1.00000000 -0.00000000
vn -0.00000000 -1.00000000 -0.00010000
vn 0.33880000 -0.00000000 -0.94090000
vn -0.00000000 -1.00000000 -0.00000000
vn -0.00000000 -1.00000000 -0.00000000
vn 0.17150000 -0.00000000 -0.98520000
vn -0.00000000 -1.00000000 -0.00000000
vn -0.93430000 -0.00000000 0.35650000
vn -0.00000000 -1.00000000 -0.00010000
vn -0.00000000 -1.00000000 -0.00000000
vn -0.16810000 -0.00000000 0.98580000
vn -0.00000000 -1.00000000 -0.00000000
vn -0.00000000 -1.00000000 -0.00000000
vn 0.76740000 -0.00000000 0.64120000
vn -0.00000000 -1.00000000 -0.00000000
vn 0.93900000 -0.00000000 -0.34400000
vn -0.00000000 -1.00000000 -0.00000000
vn -0.00000000 -1.00000000 -0.00000000
vn -0.09150000 -0.00000000 -0.99580000
vn 0.08550000 -0.00000000 -0.99630000
vn -0.00000000 -1.00000000 -0.00000000
vn -0.00000000 -1.00000000 -0.00000000
vn -0.17700000 -0.00000000 -0.98420000
vn -0.00000000 -1.00000000 -0.00000000
vn -0.00000000 -1.00000000 -0.00000000
vn -0.34400000 -0.00000000 -0.93900000
vn -0.00000000 -1.00000000 -0.00010000
vn -0.00000000 -1.00000000 -0.00000000
vn -0.50260000 -0.00000000 -0.86450000
vn -0.00000000 -1.00000000 0.00010000
vn -0.00000000 -1.00000000 -0.00000000
vn -0.00000000 -1.00000000 -0.00010000
vn -0.64540000 -0.00000000 -0.76380000
vn -0.00000000 -1.00000000 -0.00000000
vn -0.00000000 -1.00000000 -0.00000000
vn -0.76740000 -0.00000000 -0.64120000
vn -0.00000000 -1.00000000 -0.00000000
vn -0.86750000 -0.00000000 -0.49740000
vn -0.00000000 -1.00000000 -0.00000000
vn -0.94090000 -0.00000000 -0.33880000
vn -0.00000000 -1.00000000 -0.00000000
vn -0.98520000 -0.00000000 -0.17150000
vn -0.00000000 -1.00000000 -0.00000000
vn -0.99630000 -0.00000000 -0.08540000
vn -0.99580000 -0.00000000 0.09160000
vn -0.00000000 -1.00000000 -0.00000000
vn -0.98420000 -0.00000000 0.17700000
vn -0.00000000 -1.00000000 -0.00000000
vn -0.86450000 -0.00000000 0.50260000
vn -0.00000000 -1.00000000 -0.00000000
vn -0.00000000 -1.00000000 -0.00010000
vn -0.77220000 -0.00000000 0.63530000
vn -0.00000000 -1.00000000 -0.00010000
vn -0.00000000 -1.00000000 -0.00000000
vn -0.64110000 -0.00000000 0.76750000
vn -0.00000000 -1.00000000 0.00010000
vn -0.00000000 -1.00000000 -0.00000000
vn -0.00000000 -1.00000000 -0.00010000
vn -0.49760000 -0.00000000 0.86740000
vn -0.00000000 -1.00000000 -0.00010000
vn -0.00000000 -1.00000000 -0.00000000
vn -0.00000000 -1.00000000 -0.00000000
vn -0.33880000 -0.00000000 0.94080000
vn -0.00000000 -1.00000000 -0.00000000
vn -0.00000000 -1.00000000 -0.00000000
vn -0.00000000 -1.00000000 -0.00010000
vn -0.07850000 -0.00000000 0.99690000
vn 0.08450000 -0.00000000 0.99640000
vn -0.00000000 -1.00000000 -0.00000000
vn -0.00000000 -1.00000000 -0.00000000
vn 0.17360000 -0.00000000 0.98480000
vn -0.00000000 -1.00000000 0.00010000
vn -0.00000000 -1.00000000 -0.00000000
vn -0.00000000 -1.00000000 -0.00000000
vn 0.34470000 -0.00000000 0.93870000
vn -0.00000000 -1.00000000 0.00010000
vn -0.00000000 -1.00000000 -0.00010000
vn -0.00000000 -1.00000000 0.00010000
vn 0.50260000 -0.00000000 0.86450000
vn -0.00000000 -1.00000000 -0.00000000
vn -0.00000000 -1.00000000 0.00010000
vn -0.00000000 -1.00000000 -0.00000000
vn 0.65290000 -0.00000000 0.75740000
vn -0.00000000 -1.00000000 -0.00000000
vn 0.86220000 -0.00000000 0.50660000
vn -0.00000000 -1.00000000 -0.00000000
vn 0.94090000 -0.00000000 0.33880000
vn -0.00000000 -1.00000000 -0.00000000
vn 0.98520000 -0.00000000 0.17110000
vn -0.00000000 -1.00000000 -0.00000000
vn 0.99590000 -0.00000000 -0.09070000
vn 0.99640000 -0.00000000 0.08470000
vn -0.00000000 -1.00000000 -0.00000000
vn 0.98230000 -0.00000000 -0.18710000
vn -0.00000000 -1.00000000 -0.00000000
vn 0.86970000 -0.00000000 -0.49360000
vn -0.00000000 -1.00000000 -0.00000000
vn 0.76380000 -0.00000000 -0.64540000
vn -0.00000000 -1.00000000 -0.00000000
vn -0.00000000 -1.00000000 -0.00000000
vn 0.64130000 -0.00000000 -0.76730000
vn -0.00000000 -1.00000000 -0.00000000
vn -0.00000000 -1.00000000 -0.00010000
vn -0.00000000 -1.00000000 -0.00000000
vn 0.49740000 -0.00000000 -0.86750000
vn -0.00000000 -1.00000000 -0.00010000
vn -0.00000000 -1.00000000 -0.00000000
vn 0.33880000 -0.00000000 -0.94090000
vn -0.00000000 -1.00000000 -0.00010000
vn -0.00000000 -1.00000000 -0.00000000
vn -0.00000000 -1.00000000 -0.00000000
vn 0.17160000 -0.00000000 -0.98520000
vn -0.00000000 -1.00000000 -0.00000000
vn -0.93430000 -0.00000000 0.35650000
vn -0.00000000 -1.00000000 -0.00000000
vn -0.00000000 -1.00000000 -0.00000000
vn -0.16810000 -0.00000000 0.98580000
vn -0.00000000 -1.00000000 -0.00000000
vn -0.00000000 -1.00000000 -0.00000000
vn 0.76740000 -0.00000000 0.64120000
vn -0.00000000 -1.00000000 -0.00000000
vn 0.93900000 -0.00000000 -0.34400000
vn -0.09150000 -0.00000000 -0.99580000
vn 0.08550000 -0.00000000 -0.99630000
vn -0.17700000 -0.00000000 -0.98420000
vn -0.34400000 -0.00000000 -0.93900000
vn -0.50260000 -0.00000000 -0.86450000
vn -0.64540000 -0.00000000 -0.76380000
vn -0.76740000 -0.00000000 -0.64120000
vn -0.86750000 -0.00000000 -0.49740000
vn -0.94090000 -0.00000000 -0.33880000
vn -0.98520000 -0.00000000 -0.17150000
vn -0.99630000 -0.00000000 -0.08540000
vn -0.99580000 -0.00000000 0.09160000
vn -0.98420000 -0.00000000 0.17700000
vn -0.86450000 -0.00000000 0.50260000
vn -0.77220000 -0.00000000 0.63530000
vn -0.64110000 -0.00000000 0.76750000
vn -0.49760000 -0.00000000 0.86740000
vn -0.33880000 -0.00000000 0.94080000
vn -0.07850000 -0.00000000 0.99690000
vn 0.08450000 -0.00000000 0.99640000
vn 0.17360000 -0.00000000 0.98480000
vn 0.34470000 -0.00000000 0.93870000
vn 0.50260000 -0.00000000 0.86450000
vn 0.65290000 -0.00000000 0.75740000
vn 0.86220000 -0.00000000 0.50660000
vn 0.94090000 -0.00000000 0.33880000
vn 0.98520000 -0.00000000 0.17110000
vn 0.99590000 -0.00000000 -0.09070000
vn 0.99640000 -0.00000000 0.08470000
vn 0.98230000 -0.00000000 -0.18710000
vn 0.86970000 -0.00000000 -0.49360000
vn 0.76380000 -0.00000000 -0.64540000
vn 0.64130000 -0.00000000 -0.76730000
vn 0.49740000 -0.00000000 -0.86750000
vn 0.33880000 -0.00000000 -0.94090000
vn 0.17160000 -0.00000000 -0.98520000
vn -0.93430000 -0.00000000 0.35650000
vn -0.16810000 -0.00000000 0.98580000
vn 0.76740000 -0.00000000 0.64120000
vn 0.93900000 -0.00000000 -0.34400000
vn 0.00210000 1.00000000 -0.00190000
vn -0.19520000 0.98080000 -0.00040000
vn -0.38730000 0.92200000 -0.00060000
vn -0.47680000 0.87900000 -0.00010000
vn -0.64050000 0.76800000 -0.00050000
vn -0.71190000 0.70230000 0.00040000
vn -0.83500000 0.55030000 0.00060000
vn -0.92530000 0.37920000 0.00010000
vn -0.98070000 0.19550000 0.00020000
vn -1.00000000 0.00360000 0.00020000
vn -0.92770000 -0.37320000 -0.00060000
vn -0.88760000 -0.46060000 0.00020000
vn -0.78020000 -0.62560000 -0.00020000
vn -0.71420000 -0.69990000 -0.00070000
vn -0.56280000 -0.82660000 -0.00110000
vn -0.38780000 -0.92170000 -0.00140000
vn 0.00170000 -1.00000000 -0.00030000
vn 0.20180000 -0.97940000 -0.00070000
vn 0.39160000 -0.92010000 -0.00130000
vn 0.48060000 -0.87690000 -0.00180000
vn 0.64200000 -0.76670000 -0.00060000
vn 0.71400000 -0.70010000 -0.00040000
vn 0.92600000 -0.37760000 -0.00040000
vn 0.98070000 -0.19540000 -0.00000000
vn 1.00000000 -0.00400000 -0.00010000
vn 0.98230000 0.18710000 -0.00050000
vn 0.78140000 0.62400000 -0.00000000
vn 0.88830000 0.45930000 -0.00050000
vn 0.71690000 0.69720000 -0.00000000
vn 0.56680000 0.82380000 0.00020000
vn 0.39300000 0.91950000 0.00050000
vn 0.20160000 0.97950000 -0.00020000
vn -0.98200000 -0.18880000 -0.00070000
vn -0.19700000 -0.98040000 -0.00140000
vn 0.83610000 -0.54850000 -0.00000000
vn 0.92890000 0.37030000 -0.00090000
vn -0.00020000 1.00000000 -0.00270000
vn -0.19850000 0.98010000 -0.00210000
vn -0.38960000 0.92100000 -0.00170000
vn -0.47820000 0.87830000 -0.00130000
vn -0.64200000 0.76670000 -0.00200000
vn -0.71400000 0.70020000 -0.00110000
vn -0.83590000 0.54890000 -0.00020000
vn -0.92570000 0.37840000 -0.00020000
vn -0.98090000 0.19460000 -0.00030000
vn -1.00000000 0.00410000 0.00040000
vn -0.92780000 -0.37320000 -0.00060000
vn -0.88730000 -0.46120000 -0.00030000
vn -0.78100000 -0.62450000 0.00080000
vn -0.71580000 -0.69840000 0.00030000
vn -0.56470000 -0.82530000 -0.00010000
vn -0.39030000 -0.92070000 -0.00030000
vn -0.00030000 -1.00000000 0.00030000
vn 0.19910000 -0.98000000 0.00050000
vn 0.38920000 -0.92110000 -0.00010000
vn 0.47940000 -0.87760000 -0.00080000
vn 0.64180000 -0.76690000 -0.00040000
vn 0.71350000 -0.70060000 -0.00030000
vn 0.92560000 -0.37850000 -0.00000000
vn 0.98070000 -0.19540000 -0.00000000
vn 1.00000000 -0.00480000 0.00020000
vn 0.98240000 0.18680000 -0.00020000
vn 0.78130000 0.62420000 -0.00010000
vn 0.88750000 0.46080000 0.00070000
vn 0.71590000 0.69820000 -0.00050000
vn 0.56490000 0.82510000 -0.00080000
vn 0.39050000 0.92060000 -0.00070000
vn 0.20020000 0.97980000 -0.00040000
vn -0.98230000 -0.18750000 -0.00000000
vn -0.19900000 -0.98000000 -0.00070000
vn 0.83540000 -0.54970000 0.00050000
vn 0.92830000 0.37170000 -0.00030000
vn 0.08550000 -0.00000000 -0.99630000
vn -0.09140000 -0.00000000 -0.99580000
vn -0.17700000 -0.00000000 -0.98420000
vn -0.34400000 -0.00000000 -0.93900000
vn -0.50260000 -0.00000000 -0.86450000
vn -0.64540000 -0.00000000 -0.76380000
vn -0.76740000 -0.00000000 -0.64120000
vn -0.86750000 -0.00000000 -0.49740000
vn -0.94090000 -0.00000000 -0.33880000
vn -0.98520000 -0.00000000 -0.17160000
vn -0.99580000 -0.00000000 0.09170000
vn -0.99630000 -0.00000000 -0.08550000
vn -0.98420000 -0.00000000 0.17700000
vn -0.86450000 -0.00000000 0.50260000
vn -0.77230000 -0.00000000 0.63530000
vn -0.64110000 -0.00000000 0.76740000
vn -0.49760000 -0.00000000 0.86740000
vn -0.33880000 -0.00000000 0.94080000
vn -0.07850000 -0.00000000 0.99690000
vn 0.08450000 -0.00000000 0.99640000
vn 0.17360000 -0.00000000 0.98480000
vn 0.34470000 -0.00000000 0.93870000
vn 0.50260000 -0.00000000 0.86450000
vn 0.65290000 -0.00000000 0.75740000
vn 0.86220000 -0.00000000 0.50660000
vn 0.94090000 -0.00000000 0.33880000
vn 0.98520000 -0.00000000 0.17120000
vn 0.99590000 -0.00000000 -0.09070000
vn 0.99640000 -0.00000000 0.08470000
vn 0.98230000 -0.00000000 -0.18710000
vn 0.86970000 -0.00000000 -0.49360000
vn 0.76380000 -0.00000000 -0.64540000
vn 0.64140000 -0.00000000 -0.76720000
vn 0.49740000 -0.00000000 -0.86750000
vn 0.33880000 -0.00000000 -0.94090000
vn 0.17150000 -0.00000000 -0.98520000
vn -0.93430000 -0.00000000 0.35650000
vn -0.16810000 -0.00000000 0.98580000
vn 0.76740000 -0.00000000 0.64120000
vn 0.93900000 -0.00000000 -0.34400000
vn -0.33880000 -0.00000000 0.94080000
vn -0.49760000 -0.00000000 0.86740000
vn -0.34400000 -0.00000000 -0.93900000
vn -0.17700000 -0.00000000 -0.98420000
vn 0.49740000 -0.00000000 -0.86750000
vn 0.64140000 -0.00000000 -0.76720000
vn -0.16810000 -0.00000000 0.98580000
vn -0.50260000 -0.00000000 -0.86450000
vn 0.33880000 -0.00000000 -0.94090000
vn 0.17360000 -0.00000000 0.98480000
vn -0.07850000 -0.00000000 0.99690000
vn 0.08450000 -0.00000000 0.99640000
vn -0.64540000 -0.00000000 -0.76380000
vn 0.17150000 -0.00000000 -0.98520000
vn 0.34470000 -0.00000000 0.93870000
vn -0.76740000 -0.00000000 -0.64120000
vn 0.08550000 -0.00000000 -0.99630000
vn -0.09140000 -0.00000000 -0.99580000
vn 0.50260000 -0.00000000 0.86450000
vn -0.86750000 -0.00000000 -0.49740000
vn -0.86450000 -0.00000000 0.50260000
vn -0.93430000 -0.00000000 0.35650000
vn 0.65290000 -0.00000000 0.75740000
vn -0.94090000 -0.00000000 -0.33880000
vn 0.76740000 -0.00000000 0.64120000
vn -0.98520000 -0.00000000 -0.17160000
vn 0.86220000 -0.00000000 0.50660000
vn 0.94090000 -0.00000000 0.33880000
vn -0.99580000 -0.00000000 0.09170000
vn -0.99630000 -0.00000000 -0.08550000
vn 0.86970000 -0.00000000 -0.49360000
vn 0.93900000 -0.00000000 -0.34400000
vn 0.98520000 -0.00000000 0.17120000
vn -0.98420000 -0.00000000 0.17700000
vn 0.99590000 -0.00000000 -0.09070000
vn 0.99640000 -0.00000000 0.08470000
vn 0.98230000 -0.00000000 -0.18710000
vn -0.77230000 -0.00000000 0.63530000
vn -0.64110000 -0.00000000 0.76740000
vn 0.76380000 -0.00000000 -0.64540000
vt 0.38234100 0.73525000
vt 0.38237700 0.72862000
vt 0.38248100 0.72219100
vt 0.38265100 0.71615500
vt 0.38288300 0.71070900
vt 0.02393600 0.85899400
vt 0.38316800 0.70600200
vt 0.02928700 0.85984700
vt 0.03525100 0.86047600
vt 0.04163400 0.86086900
vt 0.04824800 0.86101200
vt 0.05488500 0.86089500
vt 0.06738200 0.85988800
vt 0.07299500 0.85909200
vt 0.07783200 0.85806200
vt 0.78331800 0.84504200
vt 0.77823700 0.84425000
vt 0.77246500 0.84353500
vt 0.75966800 0.84243000
vt 0.75303800 0.84206400
vt 0.74648000 0.84184600
vt 0.74025400 0.84178000
vt 0.73448600 0.84186700
vt 0.31074500 0.87932200
vt 0.31680400 0.87917600
vt 0.32323500 0.87908800
vt 0.32986400 0.87906100
vt 0.33650200 0.87909700
vt 0.34893200 0.87934400
vt 0.35437900 0.87955200
vt 0.38316800 0.76449100
vt 0.38288300 0.75979500
vt 0.38265100 0.75434500
vt 0.38248100 0.74830900
vt 0.38237700 0.74188000
vt 0.06137100 0.86052800
vt 0.76622200 0.84292100
vt 0.30537800 0.87952800
vt 0.72951200 0.84212100
vt 0.34287400 0.87919900
vt 0.83341700 0.83374300
vt 0.83872300 0.80224600
vt 0.87105400 0.79114200
vt 0.89821600 0.81171000
vt 0.86039900 0.85437000
vt 0.85451000 0.85293100
vt 0.84896200 0.85057600
vt 0.84391900 0.84737700
vt 0.83955800 0.84342000
vt 0.83592000 0.83887100
vt 0.83154700 0.82839100
vt 0.83094800 0.82281100
vt 0.83134300 0.81723700
vt 0.83279700 0.81183400
vt 0.83519500 0.80673500
vt 0.84277600 0.79817500
vt 0.84771500 0.79499700
vt 0.85314500 0.79262400
vt 0.85897100 0.79113700
vt 0.86499600 0.79070400
vt 0.87694000 0.79256900
vt 0.88249000 0.79493900
vt 0.88751700 0.79814200
vt 0.89194800 0.80205300
vt 0.89534400 0.80673500
vt 0.89984200 0.81713200
vt 0.90051100 0.82270100
vt 0.90010600 0.82827500
vt 0.89865800 0.83368100
vt 0.89621000 0.83875500
vt 0.89283600 0.84334300
vt 0.88863800 0.84730500
vt 0.88374400 0.85052100
vt 0.87830200 0.85289400
vt 0.87247800 0.85435000
vt 0.86645000 0.85484700
vt 0.36952700 0.74189200
vt 0.36995100 0.73524900
vt 0.36952800 0.72860900
vt 0.86638500 0.85894600
vt 0.03300300 0.77497600
vt 0.05047400 0.78308200
vt 0.05047400 0.78308200
vt 0.05659700 0.78539000
vt 0.07334100 0.79015600
vt 0.78369900 0.91585300
vt 0.77949000 0.91331700
vt 0.76877100 0.90940800
vt 0.74939900 0.90732900
vt 0.30975800 0.80668200
vt 0.72134700 0.91448500
vt 0.32126500 0.80176100
vt 0.32736500 0.79924600
vt 0.35427100 0.78908800
vt 0.84178800 0.85073900
vt 0.84729200 0.85423800
vt 0.85334000 0.85682900
vt 0.85977300 0.85841600
vt 0.06258100 0.78739100
vt 0.30469800 0.80883700
vt 0.72568400 0.91221000
vt 0.33937100 0.79447900
vt 0.83022500 0.83588700
vt 0.73215200 0.91371300
vt 0.84231600 0.79774500
vt 0.73758400 0.91237200
vt 0.84734300 0.79445800
vt 0.06814900 0.78535100
vt 0.89599100 0.80639300
vt 0.06289400 0.78402500
vt 0.89881100 0.81154800
vt 0.03526000 0.77243500
vt 0.89679500 0.83909700
vt 0.03065100 0.76978200
vt 0.89336100 0.84377500
vt 0.88908900 0.84781400
vt 0.88409800 0.85109300
vt 0.87854900 0.85351400
vt 0.87261000 0.85500100
vt 0.86646000 0.85551000
vt 0.74341400 0.91147800
vt 0.85288000 0.79203700
vt 0.86029100 0.85502100
vt 0.74954000 0.91107300
vt 0.85883200 0.79053500
vt 0.85428400 0.85355200
vt 0.83535800 0.83920700
vt 0.83272100 0.83398900
vt 0.75572200 0.91125600
vt 0.86497900 0.79003800
vt 0.84862700 0.85114900
vt 0.33203000 0.79454100
vt 0.83090900 0.82854800
vt 0.32630000 0.79678900
vt 0.83026300 0.82284300
vt 0.76181500 0.91187600
vt 0.87115700 0.79052000
vt 0.76760600 0.91301300
vt 0.87716400 0.79199200
vt 0.84348500 0.84788600
vt 0.83903800 0.84385900
vt 0.77293300 0.91463100
vt 0.88283000 0.79440700
vt 0.77761200 0.91665200
vt 0.88795700 0.79767200
vt 0.05730500 0.78213900
vt 0.90050800 0.81706300
vt 0.05158300 0.78000400
vt 0.90118100 0.82273900
vt 0.07295300 0.78657100
vt 0.78156400 0.91898800
vt 0.89245100 0.80170900
vt 0.32060000 0.79912200
vt 0.83066900 0.81717000
vt 0.31506200 0.80143500
vt 0.72020200 0.92025900
vt 0.83214500 0.81166100
vt 0.04588700 0.77762300
vt 0.90076700 0.82841700
vt 0.72334400 0.91771100
vt 0.83461600 0.80647400
vt 0.72743300 0.91563200
vt 0.83812100 0.80180200
vt 0.04039000 0.77507500
vt 0.89928900 0.83392600
vt 0.03480300 0.77294900
vt 0.73738000 0.91164300
vt 0.03012900 0.77025500
vt 0.89373100 0.84429300
vt 0.74329600 0.91073500
vt 0.86018800 0.85569400
vt 0.88939100 0.84838600
vt 0.74951200 0.91032300
vt 0.85409500 0.85420800
vt 0.88433500 0.85171500
vt 0.84835700 0.85177100
vt 0.87870600 0.85416900
vt 0.76784200 0.91229300
vt 0.84314600 0.84845900
vt 0.87268200 0.85567400
vt 0.86644500 0.85619300
vt 0.77324700 0.91393600
vt 0.83862900 0.84437400
vt 0.77798800 0.91598400
vt 0.07303400 0.78729300
vt 0.78200300 0.91835900
vt 0.06816900 0.78606700
vt 0.33232700 0.79500200
vt 0.83038200 0.82884900
vt 0.06283300 0.78471000
vt 0.32651900 0.79728900
vt 0.05716400 0.78279400
vt 0.32072900 0.79965100
vt 0.83490000 0.83965900
vt 0.83222200 0.83436800
vt 0.05135900 0.78063100
vt 0.31511500 0.80200000
vt 0.71975000 0.91964800
vt 0.72293800 0.91706000
vt 0.04557800 0.77820800
vt 0.04000600 0.77562600
vt 0.72708300 0.91495100
vt 0.73187400 0.91300100
vt 0.75578400 0.91050900
vt 0.76196400 0.91113700
vt 0.03331400 0.77462100
vt 0.73672200 0.90926400
vt 0.02842800 0.77180000
vt 0.89493300 0.84597900
vt 0.74291300 0.90831200
vt 0.85985200 0.85789500
vt 0.89039400 0.85025900
vt 0.74941800 0.90788000
vt 0.85348000 0.85634000
vt 0.88510000 0.85373700
vt 0.84748300 0.85379400
vt 0.87921600 0.85629900
vt 0.76860700 0.90994200
vt 0.84202900 0.85033600
vt 0.87291800 0.85787700
vt 0.77426100 0.91166300
vt 0.83730700 0.84606600
vt 0.77922600 0.91381000
vt 0.07330700 0.78965400
vt 0.78342200 0.91629600
vt 0.33329500 0.79651300
vt 0.82867100 0.82983200
vt 0.06263200 0.78694100
vt 0.32722000 0.79890700
vt 0.05669900 0.78493300
vt 0.32116700 0.80138500
vt 0.83339700 0.84113300
vt 0.05062700 0.78266800
vt 0.31528900 0.80384100
vt 0.71827400 0.91765500
vt 0.30975300 0.80625400
vt 0.72160800 0.91494300
vt 0.04458200 0.78013300
vt 0.72594500 0.91273300
vt 0.75598400 0.90807300
vt 0.86639600 0.85841500
vt 0.06821900 0.78836500
vt 0.83059600 0.83560400
vt 0.03875400 0.77742400
vt 0.73095600 0.91068800
vt 0.76245500 0.90873200
vt 0.03849900 0.77778600
vt 0.03849900 0.77778600
vt 0.76256300 0.90818300
vt 0.75603000 0.90750700
vt 0.73077400 0.91018600
vt 0.04436900 0.78054600
vt 0.04436900 0.78054600
vt 0.31533800 0.80424500
vt 0.34493300 0.79243000
vt 0.83310500 0.84142900
vt 0.33348400 0.79681700
vt 0.33348400 0.79681700
vt 0.82835600 0.83002500
vt 0.06822600 0.78890200
vt 0.34994600 0.79058100
vt 0.83702600 0.84642600
vt 0.77448100 0.91114900
vt 0.87297500 0.85839500
vt 0.87933600 0.85679800
vt 0.88527100 0.85418900
vt 0.02384500 0.76936600
vt 0.89060700 0.85066000
vt 0.74283000 0.90776000
vt 0.02807000 0.77212800
vt 0.89518400 0.84633300
vt 0.73658000 0.90872400
vt 0.04075500 0.80763300
vt 0.94467100 0.54282900
vt 0.36204200 0.83140700
vt 0.94467200 0.55044100
vt 0.36487100 0.83986100
vt 0.94472200 0.55771700
vt 0.94481700 0.56435600
vt 0.36663400 0.84651400
vt 0.94495300 0.57009900
vt 0.36835600 0.85259900
vt 0.93681200 0.51628000
vt 0.00133100 0.82659200
vt 0.94512400 0.57475300
vt 0.93803000 0.52217400
vt 0.01993400 0.79962200
vt 0.00121100 0.82099100
vt 0.36292500 0.80235200
vt 0.00112700 0.81461000
vt 0.01500400 0.78406600
vt 0.00108000 0.80766800
vt 0.36077200 0.80870600
vt 0.00110500 0.79303300
vt 0.01707700 0.79132700
vt 0.00117700 0.78586900
vt 0.35788500 0.81640700
vt 0.00128500 0.77914500
vt 0.01221200 0.77174100
vt 0.88641000 0.86245400
vt 0.00142900 0.77313800
vt 0.88742300 0.87322900
vt 0.84552400 0.86241700
vt 0.88094400 0.87318300
vt 0.01321600 0.77718400
vt 0.86613100 0.86062100
vt 0.86619600 0.87313400
vt 0.85195600 0.86321200
vt 0.85856300 0.87313400
vt 0.85893300 0.86368300
vt 0.85119300 0.87315100
vt 0.87335000 0.86370100
vt 0.84440000 0.87318300
vt 0.88020900 0.86324000
vt 0.37666200 0.79832700
vt 0.83842500 0.87322900
vt 0.36480800 0.79685800
vt 0.83982600 0.86136100
vt 0.37666300 0.81017200
vt 0.01762200 0.80761000
vt 0.37666200 0.81706200
vt 0.93947300 0.53558400
vt 0.37666000 0.82428400
vt 0.36020700 0.82429100
vt 0.37665600 0.83160300
vt 0.93893500 0.52860400
vt 0.01149700 0.82730900
vt 0.93494900 0.57425700
vt 0.37664600 0.84554800
vt 0.93780500 0.56347400
vt 0.37664000 0.85163000
vt 0.94512400 0.51546900
vt 0.93652500 0.56933200
vt 0.94495100 0.52124100
vt 0.01589200 0.81428500
vt 0.94481400 0.52790900
vt 0.93877800 0.55706300
vt 0.94471900 0.53520800
vt 0.93939400 0.55011200
vt 0.00107300 0.80040600
vt 0.93963100 0.54285400
vt 0.87376600 0.87315000
vt 0.86615800 0.86383300
vt 0.37666300 0.80385200
vt 0.01353700 0.82136800
vt 0.37665100 0.83879100
vt 0.35868900 0.79395800
vt 0.84057800 0.85521100
vt 0.87948100 0.85939700
vt 0.35451100 0.79963200
vt 0.87288800 0.86034500
vt 0.03457600 0.79881500
vt 0.34957800 0.80644000
vt 0.02808300 0.78913300
vt 0.34312600 0.81554700
vt 0.85936600 0.86028700
vt 0.02321300 0.78135200
vt 0.85270700 0.85928400
vt 0.01910400 0.77399500
vt 0.84638900 0.85760500
vt 0.01685200 0.76930200
vt 0.88573100 0.85780000
vt 0.33696200 0.82438000
vt 0.35019700 0.84341600
vt 0.03596000 0.81429600
vt 0.35980800 0.85717100
vt 0.36025900 0.76064200
vt 0.02300700 0.83087600
vt 0.36501400 0.71594400
vt 0.93113500 0.56219200
vt 0.01854000 0.83587500
vt 0.36005600 0.70982300
vt 0.92780500 0.56829500
vt 0.35517400 0.85047100
vt 0.34198000 0.83157000
vt 0.36322200 0.86261900
vt 0.36517100 0.75455800
vt 0.02905600 0.82353800
vt 0.36787700 0.74837300
vt 0.36787400 0.72213300
vt 0.75707100 0.88911600
vt 0.30492200 0.83022700
vt 0.72665300 0.89098100
vt 0.31022400 0.82914200
vt 0.31610800 0.82799200
vt 0.04917100 0.80898300
vt 0.32234600 0.82684300
vt 0.05558700 0.80989500
vt 0.32875500 0.82571400
vt 0.06186400 0.81057400
vt 0.07313400 0.81099300
vt 0.07777000 0.81070300
vt 0.78063400 0.89314700
vt 0.77554200 0.89175200
vt 0.76981200 0.89058600
vt 0.75043100 0.88883500
vt 0.74386100 0.88890300
vt 0.73761800 0.88929000
vt 0.76360600 0.88969800
vt 0.73179700 0.88997900
vt 0.06778600 0.81093100
vt 0.04433500 0.78086300
vt 0.76258900 0.90781300
vt 0.73077900 0.90981700
vt 0.06824000 0.78928500
vt 0.02358300 0.76961700
vt 0.89063800 0.85092400
vt 0.02015000 0.76698700
vt 0.88530200 0.85448200
vt 0.87935000 0.85712600
vt 0.87295900 0.85876000
vt 0.02789700 0.77243000
vt 0.75605200 0.90713300
vt 0.31533000 0.80459800
vt 0.33352100 0.79713600
vt 0.77451400 0.91078000
vt 0.74284500 0.90739000
vt 0.73659000 0.90835400
vt 0.35009800 0.79087100
vt 0.34503500 0.79272300
vt 0.03842700 0.77812400
vt 0.86633000 0.85930900
vt 0.03288100 0.77528200
vt 0.85970000 0.85874900
vt 0.30467700 0.80921400
vt 0.72567200 0.91182900
vt 0.30974000 0.80702400
vt 0.05046600 0.78343100
vt 0.32126300 0.80210000
vt 0.05659500 0.78574100
vt 0.32737700 0.79959000
vt 0.06258500 0.78774900
vt 0.07335900 0.79051700
vt 0.78374200 0.91549100
vt 0.07785700 0.79119000
vt 0.77953000 0.91295400
vt 0.76879900 0.90904100
vt 0.74941800 0.90695800
vt 0.85326700 0.85712800
vt 0.84723000 0.85449700
vt 0.35449800 0.78934600
vt 0.84173700 0.85096900
vt 0.33944700 0.79481500
vt 0.37326700 0.71070200
vt 0.37276100 0.74188200
vt 0.02389600 0.84959900
vt 0.37355200 0.70599500
vt 0.37272600 0.73525000
vt 0.35439100 0.86993200
vt 0.37355200 0.76450200
vt 0.37276100 0.72862000
vt 0.37326700 0.75980100
vt 0.37303600 0.75434400
vt 0.03538900 0.85109600
vt 0.75914100 0.85197300
vt 0.30525200 0.86990400
vt 0.72890900 0.85164900
vt 0.31068800 0.86970500
vt 0.31670000 0.86956000
vt 0.04840400 0.85161700
vt 0.34912900 0.86973500
vt 0.32308600 0.86947100
vt 0.05500200 0.85149500
vt 0.32967700 0.86944400
vt 0.06144300 0.85112600
vt 0.07300100 0.84969200
vt 0.07781700 0.84866400
vt 0.78278400 0.85458800
vt 0.77770600 0.85379900
vt 0.77194000 0.85308500
vt 0.75250400 0.85161200
vt 0.74594400 0.85139300
vt 0.73972600 0.85132800
vt 0.37303600 0.71615900
vt 0.04151600 0.85147200
vt 0.34275200 0.86957100
vt 0.02932600 0.85046100
vt 0.76569900 0.85246900
vt 0.73396500 0.85141400
vt 0.06749400 0.85051600
vt 0.37286500 0.72218800
vt 0.37286500 0.74830800
vt 0.33655400 0.86947900
vt 0.34858600 0.82434400
vt 0.35507400 0.80765400
vt 0.36668600 0.73528200
vt 0.93697200 0.54288800
vt 0.02269400 0.79020400
vt 0.02182600 0.82197500
vt 0.86614200 0.86222300
vt 0.36609500 0.72827200
vt 0.93646200 0.54989500
vt 0.36426100 0.72157700
vt 0.93524500 0.55658300
vt 0.02611700 0.81409500
vt 0.01522500 0.83300300
vt 0.93119100 0.56879200
vt 0.36126600 0.71533600
vt 0.93344400 0.56281400
vt 0.36609300 0.74230400
vt 0.93655100 0.53586400
vt 0.01812900 0.82835800
vt 0.92829400 0.57400100
vt 0.36425600 0.74901800
vt 0.93540700 0.52914300
vt 0.02919400 0.80759400
vt 0.36161300 0.79556300
vt 0.84035300 0.85815200
vt 0.87984800 0.86130500
vt 0.87312500 0.86202400
vt 0.85915200 0.86197700
vt 0.85235800 0.86120100
vt 0.01628000 0.77567200
vt 0.84601100 0.85992700
vt 0.01459200 0.77059400
vt 0.88604400 0.86006900
vt 0.35047200 0.81600000
vt 0.01927000 0.78275200
vt 0.35855500 0.80112600
vt 0.02729100 0.79917600
vt 0.36130800 0.75523400
vt 0.36540200 0.85885100
vt 0.93365900 0.52291600
vt 0.36305800 0.85395400
vt 0.93147400 0.51691200
vt 0.36004200 0.84775900
vt 0.35691600 0.84111200
vt 0.35181200 0.83130200
vt 0.04251900 0.79428400
vt 0.02135200 0.77184500
vt 0.01850600 0.76816500
vt 0.88547600 0.85613700
vt 0.87941000 0.85827000
vt 0.87292300 0.85955300
vt 0.02551800 0.77689200
vt 0.75656400 0.89812000
vt 0.31566800 0.81628600
vt 0.77504300 0.90126500
vt 0.74334200 0.89814100
vt 0.73708400 0.89881500
vt 0.35229700 0.79531700
vt 0.34731600 0.79962500
vt 0.03643800 0.78846400
vt 0.86623100 0.85996600
vt 0.03040900 0.78218200
vt 0.85953400 0.85951800
vt 0.30474000 0.81971800
vt 0.72610300 0.90139300
vt 0.30992600 0.81807500
vt 0.04981900 0.79623800
vt 0.32177700 0.81446000
vt 0.05611200 0.79784100
vt 0.32806300 0.81263400
vt 0.06226300 0.79917800
vt 0.07330200 0.80076600
vt 0.07786000 0.80095500
vt 0.78012300 0.90304800
vt 0.76930700 0.89981400
vt 0.74992200 0.89789200
vt 0.85300400 0.85819200
vt 0.84685500 0.85602700
vt 0.35654100 0.79174800
vt 0.84125400 0.85303900
vt 0.34131400 0.80517800
vt 0.76309800 0.89875500
vt 0.73125100 0.89989100
vt 0.06805800 0.80013000
vt 0.33526000 0.81073600
vt 0.36899300 0.71613800
vt 0.34244000 0.85057100
vt 0.02928200 0.83649300
vt 0.76466000 0.87108100
vt 0.73293100 0.87070900
vt 0.06756000 0.83069000
vt 0.37036600 0.74831800
vt 0.01921100 0.84194000
vt 0.36648200 0.71064100
vt 0.37114400 0.74188200
vt 0.02374200 0.83971100
vt 0.36339700 0.70586100
vt 0.37133800 0.73525000
vt 0.35450200 0.85988800
vt 0.36351300 0.76464000
vt 0.37114400 0.72861900
vt 0.35915300 0.86350100
vt 0.36658500 0.75986800
vt 0.36907300 0.75436100
vt 0.03561600 0.83250000
vt 0.75810900 0.87054000
vt 0.30518000 0.85007000
vt 0.72787900 0.87133400
vt 0.31054500 0.84942900
vt 0.31647300 0.84878600
vt 0.04878600 0.83027500
vt 0.34954200 0.85628700
vt 0.32274500 0.84816500
vt 0.05527400 0.83066900
vt 0.32922100 0.84758400
vt 0.06159900 0.83081600
vt 0.07298600 0.83031900
vt 0.07774400 0.82967500
vt 0.78166300 0.87387000
vt 0.77661800 0.87277500
vt 0.77088700 0.87183300
vt 0.75146600 0.87022100
vt 0.74490400 0.87014900
vt 0.73868300 0.87031300
vt 0.04118600 0.82948200
vt 0.37036600 0.72218400
vt 0.33672000 0.84693700
vt 0.31479400 0.96514100
vt 0.31479400 0.96514100
vt 0.31479400 0.96514100
vt 0.31586100 0.97125300
vt 0.31586100 0.97125300
vt 0.31586100 0.97125300
vt 0.31586100 0.97745600
vt 0.31478900 0.98356700
vt 0.35373800 0.97058400
vt 0.35373800 0.97058400
vt 0.35160700 0.97641000
vt 0.35160700 0.97641000
vt 0.35160700 0.97641000
vt 0.34850600 0.98178200
vt 0.34850600 0.98178200
vt 0.34452400 0.98653700
vt 0.07566300 0.97437500
vt 0.33976700 0.99051500
vt 0.07029300 0.97747600
vt 0.06446600 0.97960200
vt 0.05836300 0.98066500
vt 0.04609000 0.97943200
vt 0.04023600 0.97746300
vt 0.04023600 0.97746300
vt 0.03485100 0.97434800
vt 0.03485100 0.97434800
vt 0.03010500 0.97037300
vt 0.03010500 0.97037300
vt 0.03010500 0.97037300
vt 0.02612100 0.96560600
vt 0.02612100 0.96560600
vt 0.02612100 0.96560600
vt 0.02093700 0.95439300
vt 0.12713800 0.99272300
vt 0.12603200 0.98663300
vt 0.12603200 0.98663300
vt 0.12603200 0.98663300
vt 0.12603200 0.98041500
vt 0.12603200 0.98041500
vt 0.12711000 0.97432100
vt 0.12711000 0.97432100
vt 0.12923900 0.96847500
vt 0.13631000 0.95836400
vt 0.14107700 0.95437800
vt 0.19782900 0.98160000
vt 0.20319600 0.97850100
vt 0.20902000 0.97638100
vt 0.21513800 0.97531000
vt 0.22742800 0.97638200
vt 0.23326800 0.97852500
vt 0.23326800 0.97852500
vt 0.23326800 0.97852500
vt 0.23863200 0.98162100
vt 0.23863200 0.98162100
vt 0.24338900 0.98560800
vt 0.24338900 0.98560800
vt 0.24736600 0.99036800
vt 0.24736600 0.99036800
vt 0.25046600 0.99574100
vt 0.31266800 0.95931200
vt 0.31266800 0.95931200
vt 0.05214700 0.98066400
vt 0.02302200 0.96023600
vt 0.02302200 0.96023600
vt 0.13243800 0.96319200
vt 0.22132500 0.97544200
vt 0.31468900 0.96516900
vt 0.31468900 0.96516900
vt 0.31575100 0.97126200
vt 0.31575100 0.97126200
vt 0.31575100 0.97126200
vt 0.31575100 0.97744700
vt 0.31575100 0.97744700
vt 0.31468300 0.98353900
vt 0.35363200 0.97055600
vt 0.35150700 0.97636400
vt 0.35150700 0.97636400
vt 0.35150700 0.97636400
vt 0.34841600 0.98171900
vt 0.34841600 0.98171900
vt 0.34841600 0.98171900
vt 0.34444700 0.98645900
vt 0.07560100 0.97428600
vt 0.33970400 0.99042600
vt 0.07024700 0.97737700
vt 0.06443800 0.97949600
vt 0.05835300 0.98055600
vt 0.04611800 0.97932700
vt 0.04028200 0.97736400
vt 0.04028200 0.97736400
vt 0.03491300 0.97425900
vt 0.03491300 0.97425900
vt 0.03491300 0.97425900
vt 0.03018300 0.97029500
vt 0.03018300 0.97029500
vt 0.03018300 0.97029500
vt 0.02621100 0.96554400
vt 0.02621100 0.96554400
vt 0.02104300 0.95436400
vt 0.12724400 0.99269400
vt 0.12614100 0.98662300
vt 0.12614100 0.98662300
vt 0.12614100 0.98042400
vt 0.12614100 0.98042400
vt 0.12614100 0.98042400
vt 0.12721600 0.97434900
vt 0.12721600 0.97434900
vt 0.12933800 0.96852100
vt 0.12933800 0.96852100
vt 0.13638700 0.95844200
vt 0.14114000 0.95446700
vt 0.19789100 0.98169000
vt 0.20324200 0.97860100
vt 0.20904800 0.97648700
vt 0.21514800 0.97541900
vt 0.22740000 0.97648800
vt 0.23322100 0.97862400
vt 0.23322100 0.97862400
vt 0.23856900 0.98171100
vt 0.23856900 0.98171100
vt 0.23856900 0.98171100
vt 0.24331100 0.98568500
vt 0.24727600 0.99043100
vt 0.24727600 0.99043100
vt 0.25036700 0.99578800
vt 0.31256900 0.95935800
vt 0.05215600 0.98055500
vt 0.02312200 0.96019000
vt 0.02312200 0.96019000
vt 0.02312200 0.96019000
vt 0.13252800 0.96325500
vt 0.22131500 0.97555100
vt 0.77289000 0.83588000
vt 0.77866200 0.83659500
vt 0.39019000 0.72219100
vt 0.39008600 0.72862000
vt 0.39036000 0.75434400
vt 0.39059200 0.75979500
vt 0.76664600 0.83526600
vt 0.39036000 0.71615500
vt 0.39019000 0.74830900
vt 0.75346300 0.83440900
vt 0.76009300 0.83477400
vt 0.39059200 0.71070900
vt 0.39008500 0.74188000
vt 0.74690500 0.83419000
vt 0.02396400 0.86652700
vt 0.39087700 0.70600200
vt 0.39005000 0.73525000
vt 0.74067900 0.83412400
vt 0.02931500 0.86738000
vt 0.06741000 0.86742100
vt 0.06139900 0.86806100
vt 0.73491100 0.83421200
vt 0.03527900 0.86801000
vt 0.30537400 0.88724000
vt 0.72993700 0.83446600
vt 0.04166200 0.86840200
vt 0.31074200 0.88703400
vt 0.31680100 0.88688800
vt 0.04827700 0.86854500
vt 0.34892900 0.88705600
vt 0.34287100 0.88691100
vt 0.32323200 0.88680100
vt 0.05491300 0.86842800
vt 0.32986000 0.88677400
vt 0.33649900 0.88680900
vt 0.07302300 0.86662500
vt 0.07786000 0.86559500
vt 0.78374200 0.83738600
vt 0.35437500 0.88726400
vt 0.39087700 0.76449100
vt 0.21338700 0.94382100
vt 0.92670400 0.94261200
vt 0.21338700 0.93873200
vt 0.21338700 0.93298600
vt 0.21338700 0.92675400
vt 0.21338700 0.92021700
vt 0.21338700 0.91358200
vt 0.21338700 0.90704600
vt 0.21338700 0.90081400
vt 0.21338700 0.89506700
vt 0.21338700 0.88997800
vt 0.93258800 0.99642400
vt 0.93258800 0.99133700
vt 0.93258800 0.97930800
vt 0.93258800 0.97283100
vt 0.93258800 0.96617600
vt 0.93258800 0.95965300
vt 0.93258800 0.95341200
vt 0.92900200 0.99641300
vt 0.93258800 0.94261200
vt 0.92900200 0.99136500
vt 0.92900200 0.98560700
vt 0.92900200 0.97938600
vt 0.92900200 0.97283200
vt 0.92900200 0.95968200
vt 0.92900200 0.95343800
vt 0.92900200 0.94769400
vt 0.92670400 0.99645300
vt 0.92900200 0.94261200
vt 0.92670400 0.99135800
vt 0.92670400 0.97939700
vt 0.92670400 0.97284100
vt 0.92670400 0.96621500
vt 0.92670400 0.95967600
vt 0.92670400 0.95344600
vt 0.92670400 0.94769900
vt 0.93258800 0.98557800
vt 0.93258800 0.94767000
vt 0.92900200 0.96622700
vt 0.92670400 0.98555500
vt 0.12856300 0.97437900
vt 0.21354000 0.94382100
vt 0.92685700 0.94261200
vt 0.12753600 0.98026300
vt 0.12753600 0.98026300
vt 0.21354000 0.93873200
vt 0.12753600 0.98623500
vt 0.21354000 0.93298600
vt 0.02236700 0.95378700
vt 0.02236700 0.95378700
vt 0.12856800 0.99211700
vt 0.21354000 0.92675400
vt 0.02442000 0.95939600
vt 0.02442000 0.95939600
vt 0.02442000 0.95939600
vt 0.21354000 0.92021700
vt 0.02740600 0.96456700
vt 0.21354000 0.91358200
vt 0.03124100 0.96914600
vt 0.21354000 0.90704600
vt 0.03582200 0.97297700
vt 0.21354000 0.90081400
vt 0.04099400 0.97596300
vt 0.21354000 0.89506700
vt 0.04660500 0.97801000
vt 0.21354000 0.88997800
vt 0.93274100 0.99642400
vt 0.05248300 0.97903500
vt 0.93274100 0.99133700
vt 0.06430300 0.97785100
vt 0.93274100 0.97930800
vt 0.06994000 0.97595700
vt 0.33404400 0.99209700
vt 0.33404400 0.99209700
vt 0.93274100 0.97283100
vt 0.33923000 0.98910000
vt 0.33923000 0.98910000
vt 0.93274100 0.96617600
vt 0.34380000 0.98527400
vt 0.34380000 0.98527400
vt 0.34380000 0.98527400
vt 0.93274100 0.95965300
vt 0.34763700 0.98068700
vt 0.34763700 0.98068700
vt 0.93274100 0.95341200
vt 0.31368100 0.98287600
vt 0.31368100 0.98287600
vt 0.35262900 0.96989300
vt 0.92915500 0.99641300
vt 0.93274100 0.94261200
vt 0.31474600 0.97701400
vt 0.31474600 0.97701400
vt 0.31474600 0.97701400
vt 0.92915500 0.99136500
vt 0.31474600 0.97102900
vt 0.31474600 0.97102900
vt 0.31474600 0.97102900
vt 0.92915500 0.98560700
vt 0.31370800 0.96516300
vt 0.31370800 0.96516300
vt 0.31370800 0.96516300
vt 0.92915500 0.97938600
vt 0.24945600 0.99596400
vt 0.24945600 0.99596400
vt 0.31165700 0.95953400
vt 0.92915500 0.97283200
vt 0.24264600 0.98623000
vt 0.92915500 0.95968200
vt 0.23805500 0.98239100
vt 0.92915500 0.95343800
vt 0.23288600 0.97940700
vt 0.92915500 0.94769400
vt 0.22727700 0.97736500
vt 0.92685700 0.99645300
vt 0.92915500 0.94261200
vt 0.22138500 0.97633200
vt 0.92685700 0.99135800
vt 0.20954900 0.97736100
vt 0.92685700 0.97939700
vt 0.20392600 0.97942200
vt 0.20392600 0.97942200
vt 0.92685700 0.97284100
vt 0.19875900 0.98240200
vt 0.19875900 0.98240200
vt 0.19875900 0.98240200
vt 0.92685700 0.96621500
vt 0.13742700 0.95901600
vt 0.19417900 0.98623800
vt 0.92685700 0.95967600
vt 0.13359700 0.96359700
vt 0.13359700 0.96359700
vt 0.92685700 0.95344600
vt 0.13061100 0.96876900
vt 0.13061100 0.96876900
vt 0.92685700 0.94769900
vt 0.05847000 0.97903600
vt 0.93274100 0.98557800
vt 0.35062100 0.97551800
vt 0.35062100 0.97551800
vt 0.93274100 0.94767000
vt 0.24637400 0.99087800
vt 0.24637400 0.99087800
vt 0.92915500 0.96622700
vt 0.21542700 0.97645800
vt 0.92685700 0.98555500
vt 0.12846300 0.97435300
vt 0.12846300 0.97435300
vt 0.89711400 0.99661800
vt 0.90040500 0.94261200
vt 0.12743300 0.98025400
vt 0.12743300 0.98025400
vt 0.89711400 0.99151300
vt 0.12743300 0.98624400
vt 0.12743300 0.98624400
vt 0.89711400 0.98575000
vt 0.02226700 0.95381400
vt 0.12846800 0.99214400
vt 0.89711400 0.97949900
vt 0.02432600 0.95943900
vt 0.02432600 0.95943900
vt 0.02432600 0.95943900
vt 0.89711400 0.97294200
vt 0.02732100 0.96462700
vt 0.02732100 0.96462700
vt 0.89711400 0.96628700
vt 0.03116700 0.96921900
vt 0.89711400 0.95973100
vt 0.03576300 0.97306100
vt 0.89711400 0.95348100
vt 0.04095000 0.97605600
vt 0.89711400 0.94771600
vt 0.04657900 0.97811000
vt 0.89711400 0.94261200
vt 0.90369600 0.99658600
vt 0.05247400 0.97913800
vt 0.90369600 0.99148500
vt 0.06432900 0.97795000
vt 0.90369600 0.97941800
vt 0.06998400 0.97605100
vt 0.33408700 0.99219100
vt 0.90369600 0.97292300
vt 0.33928900 0.98918400
vt 0.33928900 0.98918400
vt 0.90369600 0.96624700
vt 0.34387300 0.98534700
vt 0.34387300 0.98534700
vt 0.34387300 0.98534700
vt 0.90369600 0.95970400
vt 0.34772200 0.98074600
vt 0.34772200 0.98074600
vt 0.34772200 0.98074600
vt 0.90369600 0.95344500
vt 0.31378100 0.98290300
vt 0.35272900 0.96992000
vt 0.35272900 0.96992000
vt 0.90369600 0.94261200
vt 0.90698700 0.99657500
vt 0.31484900 0.97702300
vt 0.31484900 0.97702300
vt 0.90698700 0.99151300
vt 0.31484900 0.97102000
vt 0.31484900 0.97102000
vt 0.31484900 0.97102000
vt 0.90698700 0.98573700
vt 0.31380800 0.96513600
vt 0.31380800 0.96513600
vt 0.31380800 0.96513600
vt 0.90698700 0.97949700
vt 0.24955000 0.99592000
vt 0.31175100 0.95949100
vt 0.31175100 0.95949100
vt 0.90698700 0.97292400
vt 0.24271900 0.98615600
vt 0.90698700 0.95973400
vt 0.23811500 0.98230600
vt 0.90698700 0.95347100
vt 0.23293000 0.97931300
vt 0.90698700 0.94770900
vt 0.22730400 0.97726500
vt 0.90040500 0.99661500
vt 0.90698700 0.94261200
vt 0.22139400 0.97622900
vt 0.90040500 0.99150500
vt 0.20952200 0.97726100
vt 0.90040500 0.97950800
vt 0.20388200 0.97932900
vt 0.90040500 0.97293200
vt 0.19870000 0.98231700
vt 0.19870000 0.98231700
vt 0.90040500 0.96628700
vt 0.13735400 0.95894300
vt 0.19410600 0.98616500
vt 0.19410600 0.98616500
vt 0.90040500 0.95972800
vt 0.13351200 0.96353800
vt 0.13351200 0.96353800
vt 0.90040500 0.95347800
vt 0.13051700 0.96872500
vt 0.13051700 0.96872500
vt 0.13051700 0.96872500
vt 0.90040500 0.94771500
vt 0.05847900 0.97913900
vt 0.90369600 0.98570800
vt 0.35071500 0.97556100
vt 0.35071500 0.97556100
vt 0.90369600 0.94768500
vt 0.24645900 0.99081900
vt 0.24645900 0.99081900
vt 0.90698700 0.96629800
vt 0.21541800 0.97635500
vt 0.90040500 0.98568400
vt 0.89826000 0.99661800
vt 0.90155100 0.94261200
vt 0.89826000 0.99151300
vt 0.89826000 0.98575000
vt 0.89826000 0.97949900
vt 0.89826000 0.97294200
vt 0.89826000 0.96628700
vt 0.89826000 0.95973100
vt 0.89826000 0.95348100
vt 0.89826000 0.94771600
vt 0.89826000 0.94261200
vt 0.90484200 0.99658600
vt 0.90484200 0.99148500
vt 0.90484200 0.97941800
vt 0.90484200 0.97292300
vt 0.90484200 0.96624700
vt 0.90484200 0.95970400
vt 0.90484200 0.95344500
vt 0.90484200 0.94261200
vt 0.90813300 0.99657500
vt 0.90813300 0.99151300
vt 0.90813300 0.98573700
vt 0.90813300 0.97949700
vt 0.90813300 0.97292400
vt 0.90813300 0.95973400
vt 0.90813300 0.95347100
vt 0.90813300 0.94770900
vt 0.90155100 0.99661500
vt 0.90813300 0.94261200
vt 0.90155100 0.99150500
vt 0.90155100 0.97950800
vt 0.90155100 0.97293200
vt 0.90155100 0.96628700
vt 0.90155100 0.95972800
vt 0.90155100 0.95347800
vt 0.90155100 0.94771500
vt 0.90484200 0.98570800
vt 0.90484200 0.94768500
vt 0.90813300 0.96629800
vt 0.90155100 0.98568400
vt 0.43869200 0.97272100
vt 0.43869300 0.98022400
vt 0.43869400 0.98724400
vt 0.43869700 0.99349900
vt 0.99423300 0.93189500
vt 0.99423300 0.93748400
vt 0.99423200 0.94391000
vt 0.99423200 0.95087300
vt 0.99423200 0.95813400
vt 0.99423200 0.96549000
vt 0.99423200 0.97930000
vt 0.99423300 0.98531800
vt 0.99423500 0.87539100
vt 0.99423400 0.88065800
vt 0.99423300 0.88690700
vt 0.99423200 0.89392000
vt 0.99423200 0.90906900
vt 0.99423300 0.91655200
vt 0.99423400 0.92353900
vt 0.99423500 0.92974900
vt 0.99469400 0.12715100
vt 0.99469300 0.13273900
vt 0.99469400 0.14608800
vt 0.99469300 0.15331000
vt 0.99469400 0.16063500
vt 0.99469400 0.16771700
vt 0.43869700 0.93919100
vt 0.99469400 0.18039800
vt 0.43869500 0.94439900
vt 0.43869300 0.95060500
vt 0.43869200 0.95758700
vt 0.43869100 0.96506700
vt 0.99423200 0.97261200
vt 0.99423200 0.90141500
vt 0.99469300 0.13915400
vt 0.99469300 0.17437600
vt 0.42853700 0.97282100
vt 0.42853800 0.98031900
vt 0.42853900 0.98733400
vt 0.42854200 0.99357900
vt 0.98407800 0.93195200
vt 0.98407700 0.93755400
vt 0.98407700 0.94396100
vt 0.98407700 0.95091100
vt 0.98407700 0.95816300
vt 0.98407700 0.96547300
vt 0.98407700 0.97929300
vt 0.98407800 0.98529000
vt 0.98408000 0.87537500
vt 0.98407900 0.88060600
vt 0.98407800 0.88683800
vt 0.98407700 0.89383800
vt 0.98407700 0.90898200
vt 0.98407800 0.91647100
vt 0.98407900 0.92347600
vt 0.98408000 0.92970300
vt 0.98453900 0.12709500
vt 0.98453900 0.13270200
vt 0.98453800 0.14605900
vt 0.98453800 0.15330600
vt 0.98453800 0.16060700
vt 0.98453800 0.16771900
vt 0.42854200 0.93921900
vt 0.98453900 0.18042800
vt 0.42853900 0.94444500
vt 0.42853800 0.95067200
vt 0.42853700 0.95767100
vt 0.42853600 0.96516000
vt 0.98407700 0.97258700
vt 0.98407700 0.90132600
vt 0.98453800 0.13911100
vt 0.98453900 0.17442400
vt 0.91098100 0.94261200
vt 0.94592000 0.94261200
vt 0.94592000 0.94771700
vt 0.94592000 0.95348000
vt 0.94592000 0.95973300
vt 0.94592000 0.96628900
vt 0.94592000 0.97294500
vt 0.94592000 0.97950100
vt 0.94592000 0.98575200
vt 0.94592000 0.99151700
vt 0.91382800 0.99659000
vt 0.94592000 0.99662100
vt 0.91382800 0.99148800
vt 0.91382800 0.97942100
vt 0.91382800 0.97292500
vt 0.91382800 0.96624900
vt 0.91382800 0.95970500
vt 0.91382800 0.95344600
vt 0.91382800 0.94261200
vt 0.94377500 0.99657900
vt 0.94377400 0.99151600
vt 0.94377400 0.98574000
vt 0.94377400 0.97950000
vt 0.94377400 0.97292500
vt 0.94377400 0.95973500
vt 0.94377400 0.95347100
vt 0.94377500 0.94771000
vt 0.91098100 0.99661900
vt 0.94377500 0.94261200
vt 0.91098100 0.99150800
vt 0.91098100 0.97951100
vt 0.91098100 0.97293400
vt 0.91098100 0.96628800
vt 0.91098100 0.95972900
vt 0.91098100 0.95347900
vt 0.91098100 0.94771500
vt 0.91382800 0.98571100
vt 0.91382800 0.94768500
vt 0.94377400 0.96629900
vt 0.91098100 0.98568700
vt 0.91312600 0.95344600
vt 0.91312600 0.95970500
vt 0.94662200 0.95348000
vt 0.94662200 0.94771700
vt 0.91027800 0.95972900
vt 0.91027800 0.96628800
vt 0.91312600 0.94768500
vt 0.94662200 0.95973300
vt 0.91027800 0.95347900
vt 0.94307200 0.99151600
vt 0.91312600 0.94261200
vt 0.94307200 0.99657900
vt 0.94662200 0.96628900
vt 0.91027800 0.94771500
vt 0.94307200 0.98574000
vt 0.94662200 0.97294500
vt 0.91027800 0.94261200
vt 0.94662200 0.94261200
vt 0.94307200 0.97950000
vt 0.94662200 0.97950100
vt 0.91312600 0.97942100
vt 0.91312600 0.98571100
vt 0.94307200 0.97292500
vt 0.94662200 0.98575200
vt 0.94307200 0.96629900
vt 0.94662200 0.99151700
vt 0.94307200 0.95973500
vt 0.94307200 0.95347100
vt 0.91312600 0.99659000
vt 0.94662200 0.99662100
vt 0.91027800 0.97951100
vt 0.91027800 0.98568700
vt 0.94307200 0.94771000
vt 0.91312600 0.99148800
vt 0.91027800 0.99661900
vt 0.94307200 0.94261200
vt 0.91027800 0.99150800
vt 0.91312600 0.97292500
vt 0.91312600 0.96624900
vt 0.91027800 0.97293400
f 181/181/181 171/171/171 123/123/123
f 181/181/181 123/123/123 120/120/120
f 65/65/65 72/72/72 41/41/41
f 603/603/603 394/394/394 395/395/395
f 603/603/603 395/395/395 604/604/604
f 587/587/587 586/586/586 367/367/367
f 587/587/587 367/367/367 377/377/377
f 602/602/602 393/393/393 394/394/394
f 602/602/602 394/394/394 603/603/603
f 585/585/585 582/582/582 374/374/374
f 585/585/585 374/374/374 366/366/366
f 600/600/600 391/391/391 392/392/392
f 600/600/600 392/392/392 601/601/601
f 446/446/446 477/477/477 8/8/8
f 446/446/446 8/8/8 6/6/6
f 610/610/610 363/363/363 375/375/375
f 610/610/610 375/375/375 570/570/570
f 574/574/574 401/401/401 391/391/391
f 574/574/574 391/391/391 600/600/600
f 598/598/598 389/389/389 363/363/363
f 598/598/598 363/363/363 610/610/610
f 597/597/597 388/388/388 390/390/390
f 597/597/597 390/390/390 599/599/599
f 596/596/596 387/387/387 389/389/389
f 596/596/596 389/389/389 598/598/598
f 594/594/594 386/386/386 388/388/388
f 594/594/594 388/388/388 597/597/597
f 593/593/593 385/385/385 387/387/387
f 593/593/593 387/387/387 596/596/596
f 570/570/570 375/375/375 364/364/364
f 570/570/570 364/364/364 595/595/595
f 608/608/608 273/273/273 386/386/386
f 608/608/608 386/386/386 594/594/594
f 592/592/592 384/384/384 385/385/385
f 592/592/592 385/385/385 593/593/593
f 590/590/590 382/382/382 384/384/384
f 590/590/590 384/384/384 592/592/592
f 588/588/588 365/365/365 273/273/273
f 588/588/588 273/273/273 608/608/608
f 573/573/573 400/400/400 383/383/383
f 573/573/573 383/383/383 591/591/591
f 572/572/572 399/399/399 381/381/381
f 572/572/572 381/381/381 589/589/589
f 571/571/571 378/378/378 365/365/365
f 571/571/571 365/365/365 588/588/588
f 607/607/607 398/398/398 400/400/400
f 607/607/607 400/400/400 573/573/573
f 599/599/599 390/390/390 401/401/401
f 599/599/599 401/401/401 574/574/574
f 606/606/606 397/397/397 398/398/398
f 606/606/606 398/398/398 607/607/607
f 605/605/605 396/396/396 397/397/397
f 605/605/605 397/397/397 606/606/606
f 579/579/579 576/576/576 371/371/371
f 579/579/579 371/371/371 368/368/368
f 589/589/589 381/381/381 396/396/396
f 589/589/589 396/396/396 605/605/605
f 577/577/577 569/569/569 369/369/369
f 577/577/577 369/369/369 372/372/372
f 595/595/595 364/364/364 374/374/374
f 595/595/595 374/374/374 582/582/582
f 204/204/204 205/205/205 136/136/136
f 204/204/204 136/136/136 129/129/129
f 199/199/199 202/202/202 162/162/162
f 199/199/199 162/162/162 160/160/160
f 182/182/182 184/184/184 144/144/144
f 182/182/182 144/144/144 142/142/142
f 169/169/169 172/172/172 116/116/116
f 169/169/169 116/116/116 115/115/115
f 200/200/200 201/201/201 164/164/164
f 200/200/200 164/164/164 158/158/158
f 183/183/183 194/194/194 127/127/127
f 183/183/183 127/127/127 141/141/141
f 170/170/170 173/173/173 124/124/124
f 170/170/170 124/124/124 121/121/121
f 202/202/202 203/203/203 104/104/104
f 202/202/202 104/104/104 162/162/162
f 184/184/184 186/186/186 151/151/151
f 184/184/184 151/151/151 144/144/144
f 171/171/171 174/174/174 126/126/126
f 171/171/171 126/126/126 123/123/123
f 195/195/195 189/189/189 133/133/133
f 195/195/195 133/133/133 128/128/128
f 172/172/172 175/175/175 117/117/117
f 172/172/172 117/117/117 116/116/116
f 185/185/185 187/187/187 108/108/108
f 185/185/185 108/108/108 150/150/150
f 173/173/173 204/204/204 129/129/129
f 173/173/173 129/129/129 124/124/124
f 188/188/188 191/191/191 134/134/134
f 188/188/188 134/134/134 132/132/132
f 174/174/174 176/176/176 131/131/131
f 174/174/174 131/131/131 126/126/126
f 190/190/190 192/192/192 146/146/146
f 190/190/190 146/146/146 110/110/110
f 175/175/175 177/177/177 118/118/118
f 175/175/175 118/118/118 117/117/117
f 191/191/191 193/193/193 153/153/153
f 191/191/191 153/153/153 134/134/134
f 205/205/205 178/178/178 138/138/138
f 205/205/205 138/138/138 136/136/136
f 201/201/201 166/166/166 112/112/112
f 201/201/201 112/112/112 164/164/164
f 192/192/192 196/196/196 148/148/148
f 192/192/192 148/148/148 146/146/146
f 176/176/176 179/179/179 140/140/140
f 176/176/176 140/140/140 131/131/131
f 203/203/203 167/167/167 106/106/106
f 203/203/203 106/106/106 104/104/104
f 193/193/193 197/197/197 155/155/155
f 193/193/193 155/155/155 153/153/153
f 177/177/177 180/180/180 119/119/119
f 177/177/177 119/119/119 118/118/118
f 187/187/187 190/190/190 110/110/110
f 187/187/187 110/110/110 108/108/108
f 194/194/194 195/195/195 128/128/128
f 194/194/194 128/128/128 127/127/127
f 178/178/178 182/182/182 142/142/142
f 178/178/178 142/142/142 138/138/138
f 166/166/166 168/168/168 114/114/114
f 166/166/166 114/114/114 112/112/112
f 196/196/196 200/200/200 158/158/158
f 196/196/196 158/158/158 148/148/148
f 179/179/179 183/183/183 141/141/141
f 179/179/179 141/141/141 140/140/140
f 167/167/167 170/170/170 121/121/121
f 167/167/167 121/121/121 106/106/106
f 198/198/198 199/199/199 160/160/160
f 198/198/198 160/160/160 156/156/156
f 180/180/180 181/181/181 120/120/120
f 180/180/180 120/120/120 119/119/119
f 57/57/57 56/56/56 105/105/105
f 57/57/57 105/105/105 107/107/107
f 44/44/44 65/65/65 109/109/109
f 44/44/44 109/109/109 111/111/111
f 71/71/71 70/70/70 113/113/113
f 71/71/71 113/113/113 115/115/115
f 73/73/73 72/72/72 116/116/116
f 73/73/73 116/116/116 117/117/117
f 74/74/74 73/73/73 117/117/117
f 74/74/74 117/117/117 118/118/118
f 76/76/76 75/75/75 119/119/119
f 76/76/76 119/119/119 120/120/120
f 58/58/58 57/57/57 107/107/107
f 58/58/58 107/107/107 122/122/122
f 45/45/45 76/76/76 120/120/120
f 45/45/45 120/120/120 123/123/123
f 72/72/72 71/71/71 115/115/115
f 72/72/72 115/115/115 116/116/116
f 59/59/59 58/58/58 122/122/122
f 59/59/59 122/122/122 125/125/125
f 46/46/46 45/45/45 123/123/123
f 46/46/46 123/123/123 126/126/126
f 41/41/41 50/50/50 127/127/127
f 41/41/41 127/127/127 128/128/128
f 60/60/60 59/59/59 125/125/125
f 60/60/60 125/125/125 130/130/130
f 47/47/47 46/46/46 126/126/126
f 47/47/47 126/126/126 131/131/131
f 52/52/52 51/51/51 133/133/133
f 52/52/52 133/133/133 135/135/135
f 61/61/61 43/43/43 137/137/137
f 61/61/61 137/137/137 139/139/139
f 48/48/48 47/47/47 131/131/131
f 48/48/48 131/131/131 140/140/140
f 75/75/75 74/74/74 118/118/118
f 75/75/75 118/118/118 119/119/119
f 49/49/49 48/48/48 140/140/140
f 49/49/49 140/140/140 141/141/141
f 62/62/62 61/61/61 139/139/139
f 62/62/62 139/139/139 143/143/143
f 63/63/63 62/62/62 143/143/143
f 63/63/63 143/143/143 145/145/145
f 50/50/50 49/49/49 141/141/141
f 50/50/50 141/141/141 127/127/127
f 67/67/67 66/66/66 147/147/147
f 67/67/67 147/147/147 149/149/149
f 64/64/64 63/63/63 145/145/145
f 64/64/64 145/145/145 152/152/152
f 51/51/51 41/41/41 128/128/128
f 51/51/51 128/128/128 133/133/133
f 65/65/65 64/64/64 152/152/152
f 65/65/65 152/152/152 109/109/109
f 66/66/66 44/44/44 111/111/111
f 66/66/66 111/111/111 147/147/147
f 53/53/53 52/52/52 135/135/135
f 53/53/53 135/135/135 154/154/154
f 54/54/54 53/53/53 154/154/154
f 54/54/54 154/154/154 157/157/157
f 68/68/68 67/67/67 149/149/149
f 68/68/68 149/149/149 159/159/159
f 55/55/55 54/54/54 157/157/157
f 55/55/55 157/157/157 161/161/161
f 42/42/42 55/55/55 161/161/161
f 42/42/42 161/161/161 163/163/163
f 69/69/69 68/68/68 159/159/159
f 69/69/69 159/159/159 165/165/165
f 56/56/56 42/42/42 163/163/163
f 56/56/56 163/163/163 105/105/105
f 43/43/43 60/60/60 130/130/130
f 43/43/43 130/130/130 137/137/137
f 70/70/70 69/69/69 165/165/165
f 70/70/70 165/165/165 113/113/113
f 220/220/220 241/241/241 181/181/181
f 220/220/220 181/181/181 180/180/180
f 235/235/235 237/237/237 199/199/199
f 235/235/235 199/199/199 198/198/198
f 207/207/207 210/210/210 170/170/170
f 207/207/207 170/170/170 167/167/167
f 219/219/219 222/222/222 183/183/183
f 219/219/219 183/183/183 179/179/179
f 233/233/233 238/238/238 200/200/200
f 233/233/233 200/200/200 196/196/196
f 206/206/206 208/208/208 168/168/168
f 206/206/206 168/168/168 166/166/166
f 218/218/218 221/221/221 182/182/182
f 218/218/218 182/182/182 178/178/178
f 232/232/232 243/243/243 195/195/195
f 232/232/232 195/195/195 194/194/194
f 242/242/242 228/228/228 190/190/190
f 242/242/242 190/190/190 187/187/187
f 217/217/217 220/220/220 180/180/180
f 217/217/217 180/180/180 177/177/177
f 231/231/231 234/234/234 197/197/197
f 231/231/231 197/197/197 193/193/193
f 245/245/245 207/207/207 167/167/167
f 245/245/245 167/167/167 203/203/203
f 216/216/216 219/219/219 179/179/179
f 216/216/216 179/179/179 176/176/176
f 230/230/230 233/233/233 196/196/196
f 230/230/230 196/196/196 192/192/192
f 244/244/244 206/206/206 166/166/166
f 244/244/244 166/166/166 201/201/201
f 246/246/246 218/218/218 178/178/178
f 246/246/246 178/178/178 205/205/205
f 229/229/229 231/231/231 193/193/193
f 229/229/229 193/193/193 191/191/191
f 215/215/215 217/217/217 177/177/177
f 215/215/215 177/177/177 175/175/175
f 228/228/228 230/230/230 192/192/192
f 228/228/228 192/192/192 190/190/190
f 214/214/214 216/216/216 176/176/176
f 214/214/214 176/176/176 174/174/174
f 226/226/226 229/229/229 191/191/191
f 226/226/226 191/191/191 188/188/188
f 213/213/213 240/240/240 204/204/204
f 213/213/213 204/204/204 173/173/173
f 224/224/224 242/242/242 187/187/187
f 224/224/224 187/187/187 185/185/185
f 212/212/212 215/215/215 175/175/175
f 212/212/212 175/175/175 172/172/172
f 243/243/243 227/227/227 189/189/189
f 243/243/243 189/189/189 195/195/195
f 211/211/211 214/214/214 174/174/174
f 211/211/211 174/174/174 171/171/171
f 223/223/223 225/225/225 186/186/186
f 223/223/223 186/186/186 184/184/184
f 239/239/239 245/245/245 203/203/203
f 239/239/239 203/203/203 202/202/202
f 210/210/210 213/213/213 173/173/173
f 210/210/210 173/173/173 170/170/170
f 222/222/222 232/232/232 194/194/194
f 222/222/222 194/194/194 183/183/183
f 238/238/238 244/244/244 201/201/201
f 238/238/238 201/201/201 200/200/200
f 209/209/209 212/212/212 172/172/172
f 209/209/209 172/172/172 169/169/169
f 221/221/221 223/223/223 184/184/184
f 221/221/221 184/184/184 182/182/182
f 237/237/237 239/239/239 202/202/202
f 237/237/237 202/202/202 199/199/199
f 240/240/240 246/246/246 205/205/205
f 240/240/240 205/205/205 204/204/204
f 241/241/241 211/211/211 171/171/171
f 241/241/241 171/171/171 181/181/181
f 80/80/80 98/98/98 211/211/211
f 80/80/80 211/211/211 241/241/241
f 250/250/250 249/249/249 246/246/246
f 250/250/250 246/246/246 240/240/240
f 91/91/91 101/101/101 239/239/239
f 91/91/91 239/239/239 237/237/237
f 263/263/263 87/87/87 223/223/223
f 263/263/263 223/223/223 221/221/221
f 271/271/271 268/268/268 212/212/212
f 271/271/271 212/212/212 209/209/209
f 253/253/253 248/248/248 244/244/244
f 253/253/253 244/244/244 238/238/238
f 262/262/262 256/256/256 232/232/232
f 262/262/262 232/232/232 222/222/222
f 269/269/269 89/89/89 213/213/213
f 269/269/269 213/213/213 210/210/210
f 101/101/101 251/251/251 245/245/245
f 101/101/101 245/245/245 239/239/239
f 87/87/87 86/86/86 225/225/225
f 87/87/87 225/225/225 223/223/223
f 98/98/98 97/97/97 214/214/214
f 98/98/98 214/214/214 211/211/211
f 103/103/103 259/259/259 227/227/227
f 103/103/103 227/227/227 243/243/243
f 268/268/268 266/266/266 215/215/215
f 268/268/268 215/215/215 212/212/212
f 85/85/85 260/260/260 242/242/242
f 85/85/85 242/242/242 224/224/224
f 89/89/89 250/250/250 240/240/240
f 89/89/89 240/240/240 213/213/213
f 257/257/257 93/93/93 229/229/229
f 257/257/257 229/229/229 226/226/226
f 97/97/97 96/96/96 216/216/216
f 97/97/97 216/216/216 214/214/214
f 99/99/99 84/84/84 230/230/230
f 99/99/99 230/230/230 228/228/228
f 266/266/266 265/265/265 217/217/217
f 266/266/266 217/217/217 215/215/215
f 93/93/93 92/92/92 231/231/231
f 93/93/93 231/231/231 229/229/229
f 249/249/249 88/88/88 218/218/218
f 249/249/249 218/218/218 246/246/246
f 248/248/248 81/81/81 206/206/206
f 248/248/248 206/206/206 244/244/244
f 84/84/84 83/83/83 233/233/233
f 84/84/84 233/233/233 230/230/230
f 96/96/96 95/95/95 219/219/219
f 96/96/96 219/219/219 216/216/216
f 251/251/251 272/272/272 207/207/207
f 251/251/251 207/207/207 245/245/245
f 92/92/92 254/254/254 234/234/234
f 92/92/92 234/234/234 231/231/231
f 265/265/265 264/264/264 220/220/220
f 265/265/265 220/220/220 217/217/217
f 260/260/260 99/99/99 228/228/228
f 260/260/260 228/228/228 242/242/242
f 256/256/256 103/103/103 243/243/243
f 256/256/256 243/243/243 232/232/232
f 88/88/88 263/263/263 221/221/221
f 88/88/88 221/221/221 218/218/218
f 81/81/81 270/270/270 208/208/208
f 81/81/81 208/208/208 206/206/206
f 83/83/83 253/253/253 238/238/238
f 83/83/83 238/238/238 233/233/233
f 95/95/95 262/262/262 222/222/222
f 95/95/95 222/222/222 219/219/219
f 272/272/272 269/269/269 210/210/210
f 272/272/272 210/210/210 207/207/207
f 254/254/254 90/90/90 236/236/236
f 254/254/254 236/236/236 234/234/234
f 264/264/264 80/80/80 241/241/241
f 264/264/264 241/241/241 220/220/220
f 413/413/413 250/250/250 89/89/89
f 413/413/413 89/89/89 438/438/438
f 437/437/437 88/88/88 249/249/249
f 437/437/437 249/249/249 403/403/403
f 416/416/416 263/263/263 88/88/88
f 416/416/416 88/88/88 437/437/437
f 436/436/436 87/87/87 263/263/263
f 436/436/436 263/263/263 416/416/416
f 434/434/434 86/86/86 87/87/87
f 434/434/434 87/87/87 436/436/436
f 405/405/405 260/260/260 85/85/85
f 405/405/405 85/85/85 433/433/433
f 431/431/431 93/93/93 258/258/258
f 431/431/431 258/258/258 415/415/415
f 430/430/430 84/84/84 99/99/99
f 430/430/430 99/99/99 432/432/432
f 429/429/429 92/92/92 93/93/93
f 429/429/429 93/93/93 431/431/431
f 428/428/428 82/82/82 84/84/84
f 428/428/428 84/84/84 430/430/430
f 414/414/414 254/254/254 92/92/92
f 414/414/414 92/92/92 429/429/429
f 402/402/402 252/252/252 82/82/82
f 402/402/402 82/82/82 428/428/428
f 427/427/427 90/90/90 254/254/254
f 427/427/427 254/254/254 414/414/414
f 425/425/425 100/100/100 90/90/90
f 425/425/425 90/90/90 427/427/427
f 404/404/404 251/251/251 101/101/101
f 404/404/404 101/101/101 426/426/426
f 403/403/403 249/249/249 250/250/250
f 403/403/403 250/250/250 413/413/413
f 418/418/418 272/272/272 251/251/251
f 418/418/418 251/251/251 404/404/404
f 432/432/432 99/99/99 260/260/260
f 432/432/432 260/260/260 405/405/405
f 417/417/417 269/269/269 272/272/272
f 417/417/417 272/272/272 418/418/418
f 438/438/438 89/89/89 269/269/269
f 438/438/438 269/269/269 417/417/417
f 489/489/489 378/378/378 368/368/368
f 489/489/489 368/368/368 502/502/502
f 528/528/528 375/375/375 363/363/363
f 528/528/528 363/363/363 484/484/484
f 517/517/517 484/484/484 363/363/363
f 517/517/517 363/363/363 355/355/355
f 510/510/510 490/490/490 306/306/306
f 510/510/510 306/306/306 351/351/351
f 516/516/516 509/509/509 349/349/349
f 516/516/516 349/349/349 362/362/362
f 343/343/343 307/307/307 309/309/309
f 343/343/343 309/309/309 310/310/310
f 509/509/509 510/510/510 351/351/351
f 509/509/509 351/351/351 349/349/349
f 511/511/511 512/512/512 358/358/358
f 511/511/511 358/358/358 356/356/356
f 507/507/507 519/519/519 350/350/350
f 507/507/507 350/350/350 347/347/347
f 485/485/485 517/517/517 355/355/355
f 485/485/485 355/355/355 353/353/353
f 520/520/520 352/352/352 273/273/273
f 520/520/520 273/273/273 506/506/506
f 513/513/513 515/515/515 361/361/361
f 513/513/513 361/361/361 359/359/359
f 514/514/514 508/508/508 348/348/348
f 514/514/514 348/348/348 360/360/360
f 518/518/518 513/513/513 359/359/359
f 518/518/518 359/359/359 357/357/357
f 493/493/493 380/380/380 79/79/79
f 493/493/493 79/79/79 491/491/491
f 498/498/498 369/369/369 380/380/380
f 498/498/498 380/380/380 493/493/493
f 497/497/497 373/373/373 370/370/370
f 497/497/497 370/370/370 499/499/499
f 502/502/502 368/368/368 371/371/371
f 502/502/502 371/371/371 496/496/496
f 526/526/526 374/374/374 364/364/364
f 526/526/526 364/364/364 527/527/527
f 495/495/495 365/365/365 378/378/378
f 495/495/495 378/378/378 489/489/489
f 288/288/288 345/345/345 327/327/327
f 288/288/288 327/327/327 284/284/284
f 495/495/495 506/506/506 273/273/273
f 495/495/495 273/273/273 365/365/365
f 302/302/302 304/304/304 314/314/314
f 302/302/302 314/314/314 300/300/300
f 319/319/319 321/321/321 297/297/297
f 319/319/319 297/297/297 293/293/293
f 340/340/340 287/287/287 320/320/320
f 340/340/340 320/320/320 292/292/292
f 298/298/298 301/301/301 299/299/299
f 298/298/298 299/299/299 305/305/305
f 313/313/313 316/316/316 318/318/318
f 313/313/313 318/318/318 303/303/303
f 296/296/296 298/298/298 305/305/305
f 296/296/296 305/305/305 291/291/291
f 488/488/488 518/518/518 357/357/357
f 488/488/488 357/357/357 354/354/354
f 278/278/278 337/337/337 339/339/339
f 278/278/278 339/339/339 276/276/276
f 279/279/279 330/330/330 337/337/337
f 279/279/279 337/337/337 278/278/278
f 281/281/281 333/333/333 330/330/330
f 281/281/281 330/330/330 279/279/279
f 285/285/285 328/328/328 333/333/333
f 285/285/285 333/333/333 281/281/281
f 342/342/342 307/307/307 343/343/343
f 342/342/342 343/343/343 312/312/312
f 290/290/290 335/335/335 345/345/345
f 290/290/290 345/345/345 288/288/288
f 512/512/512 514/514/514 360/360/360
f 512/512/512 360/360/360 358/358/358
f 527/527/527 364/364/364 375/375/375
f 527/527/527 375/375/375 528/528/528
f 524/524/524 366/366/366 374/374/374
f 524/524/524 374/374/374 526/526/526
f 326/326/326 286/286/286 334/334/334
f 326/326/326 334/334/334 336/336/336
f 522/522/522 376/376/376 366/366/366
f 522/522/522 366/366/366 524/524/524
f 341/341/341 322/322/322 338/338/338
f 341/341/341 338/338/338 274/274/274
f 500/500/500 77/77/77 379/379/379
f 500/500/500 379/379/379 504/504/504
f 520/520/520 488/488/488 354/354/354
f 520/520/520 354/354/354 352/352/352
f 338/338/338 322/322/322 326/326/326
f 338/338/338 326/326/326 336/336/336
f 519/519/519 485/485/485 353/353/353
f 519/519/519 353/353/353 350/350/350
f 490/490/490 343/343/343 310/310/310
f 490/490/490 310/310/310 511/511/511
f 309/309/309 311/311/311 308/308/308
f 309/309/309 308/308/308 310/310/310
f 340/340/340 294/294/294 295/295/295
f 340/340/340 295/295/295 287/287/287
f 315/315/315 344/344/344 289/289/289
f 315/315/315 289/289/289 317/317/317
f 487/487/487 501/501/501 322/322/322
f 487/487/487 322/322/322 341/341/341
f 304/304/304 342/342/342 312/312/312
f 304/304/304 312/312/312 314/314/314
f 534/534/534 533/533/533 349/349/349
f 534/534/534 349/349/349 351/351/351
f 533/533/533 532/532/532 362/362/362
f 533/533/533 362/362/362 349/349/349
f 422/422/422 424/424/424 98/98/98
f 422/422/422 98/98/98 80/80/80
f 581/581/581 578/578/578 77/77/77
f 581/581/581 77/77/77 78/78/78
f 535/535/535 545/545/545 354/354/354
f 535/535/535 354/354/354 357/357/357
f 578/578/578 575/575/575 379/379/379
f 578/578/578 379/379/379 77/77/77
f 422/422/422 80/80/80 264/264/264
f 422/422/422 264/264/264 411/411/411
f 584/584/584 581/581/581 78/78/78
f 584/584/584 78/78/78 79/79/79
f 609/609/609 584/584/584 79/79/79
f 609/609/609 79/79/79 380/380/380
f 569/569/569 609/609/609 380/380/380
f 569/569/569 380/380/380 369/369/369
f 575/575/575 587/587/587 377/377/377
f 575/575/575 377/377/377 379/379/379
f 531/531/531 530/530/530 359/359/359
f 531/531/531 359/359/359 361/361/361
f 530/530/530 535/535/535 357/357/357
f 530/530/530 357/357/357 359/359/359
f 546/546/546 356/356/356 358/358/358
f 546/546/546 358/358/358 560/560/560
f 560/560/560 358/358/358 360/360/360
f 560/560/560 360/360/360 561/561/561
f 561/561/561 360/360/360 348/348/348
f 561/561/561 348/348/348 563/563/563
f 562/562/562 347/347/347 350/350/350
f 562/562/562 350/350/350 541/541/541
f 541/541/541 350/350/350 353/353/353
f 541/541/541 353/353/353 542/542/542
f 402/402/402 421/421/421 247/247/247
f 402/402/402 247/247/247 252/252/252
f 542/542/542 353/353/353 355/355/355
f 542/542/542 355/355/355 564/564/564
f 492/492/492 487/487/487 341/341/341
f 492/492/492 341/341/341 339/339/339
f 334/334/334 286/286/286 283/283/283
f 334/334/334 283/283/283 332/332/332
f 331/331/331 282/282/282 280/280/280
f 331/331/331 280/280/280 329/329/329
f 346/346/346 277/277/277 275/275/275
f 346/346/346 275/275/275 325/325/325
f 311/311/311 313/313/313 303/303/303
f 311/311/311 303/303/303 308/308/308
f 344/344/344 319/319/319 293/293/293
f 344/344/344 293/293/293 289/289/289
f 294/294/294 296/296/296 291/291/291
f 294/294/294 291/291/291 295/295/295
f 290/290/290 292/292/292 320/320/320
f 290/290/290 320/320/320 335/335/335
f 339/339/339 341/341/341 274/274/274
f 339/339/339 274/274/274 276/276/276
f 258/258/258 102/102/102 443/443/443
f 258/258/258 443/443/443 415/415/415
f 545/545/545 543/543/543 352/352/352
f 545/545/545 352/352/352 354/354/354
f 81/81/81 247/247/247 421/421/421
f 81/81/81 421/421/421 423/423/423
f 255/255/255 420/420/420 443/443/443
f 255/255/255 443/443/443 102/102/102
f 261/261/261 419/419/419 420/420/420
f 261/261/261 420/420/420 255/255/255
f 94/94/94 441/441/441 419/419/419
f 94/94/94 419/419/419 261/261/261
f 96/96/96 440/440/440 442/442/442
f 96/96/96 442/442/442 95/95/95
f 97/97/97 439/439/439 440/440/440
f 97/97/97 440/440/440 96/96/96
f 98/98/98 424/424/424 439/439/439
f 98/98/98 439/439/439 97/97/97
f 568/568/568 564/564/564 355/355/355
f 568/568/568 355/355/355 363/363/363
f 267/267/267 270/270/270 412/412/412
f 267/267/267 412/412/412 406/406/406
f 529/529/529 543/543/543 421/421/421
f 529/529/529 421/421/421 402/402/402
f 266/266/266 268/268/268 407/407/407
f 266/266/266 407/407/407 409/409/409
f 270/270/270 81/81/81 423/423/423
f 270/270/270 423/423/423 412/412/412
f 265/265/265 266/266/266 409/409/409
f 265/265/265 409/409/409 410/410/410
f 264/264/264 265/265/265 410/410/410
f 264/264/264 410/410/410 411/411/411
f 544/544/544 422/422/422 411/411/411
f 544/544/544 411/411/411 534/534/534
f 544/544/544 546/546/546 424/424/424
f 544/544/544 424/424/424 422/422/422
f 559/559/559 438/438/438 417/417/417
f 559/559/559 417/417/417 539/539/539
f 539/539/539 417/417/417 418/418/418
f 539/539/539 418/418/418 540/540/540
f 554/554/554 432/432/432 405/405/405
f 554/554/554 405/405/405 567/567/567
f 540/540/540 418/418/418 404/404/404
f 540/540/540 404/404/404 566/566/566
f 565/565/565 403/403/403 413/413/413
f 565/565/565 413/413/413 536/536/536
f 566/566/566 404/404/404 426/426/426
f 566/566/566 426/426/426 548/548/548
f 547/547/547 425/425/425 427/427/427
f 547/547/547 427/427/427 549/549/549
f 549/549/549 427/427/427 414/414/414
f 549/549/549 414/414/414 537/537/537
f 529/529/529 402/402/402 428/428/428
f 529/529/529 428/428/428 550/550/550
f 537/537/537 414/414/414 429/429/429
f 537/537/537 429/429/429 551/551/551
f 550/550/550 428/428/428 430/430/430
f 550/550/550 430/430/430 552/552/552
f 551/551/551 429/429/429 431/431/431
f 551/551/551 431/431/431 553/553/553
f 552/552/552 430/430/430 432/432/432
f 552/552/552 432/432/432 554/554/554
f 553/553/553 431/431/431 415/415/415
f 553/553/553 415/415/415 568/568/568
f 567/567/567 405/405/405 433/433/433
f 567/567/567 433/433/433 555/555/555
f 555/555/555 433/433/433 435/435/435
f 555/555/555 435/435/435 556/556/556
f 557/557/557 436/436/436 416/416/416
f 557/557/557 416/416/416 538/538/538
f 538/538/538 416/416/416 437/437/437
f 538/538/538 437/437/437 558/558/558
f 505/505/505 523/523/523 286/286/286
f 505/505/505 286/286/286 326/326/326
f 325/325/325 275/275/275 324/324/324
f 325/325/325 324/324/324 323/323/323
f 321/321/321 323/323/323 324/324/324
f 321/321/321 324/324/324 297/297/297
f 604/604/604 395/395/395 399/399/399
f 604/604/604 399/399/399 572/572/572
f 329/329/329 280/280/280 277/277/277
f 329/329/329 277/277/277 346/346/346
f 18/18/18 470/470/470 478/478/478
f 18/18/18 478/478/478 37/37/37
f 34/34/34 33/33/33 453/453/453
f 34/34/34 453/453/453 482/482/482
f 4/4/4 3/3/3 481/481/481
f 4/4/4 481/481/481 474/474/474
f 3/3/3 2/2/2 451/451/451
f 3/3/3 451/451/451 481/481/481
f 2/2/2 1/1/1 448/448/448
f 2/2/2 448/448/448 451/451/451
f 35/35/35 34/34/34 482/482/482
f 35/35/35 482/482/482 445/445/445
f 1/1/1 35/35/35 445/445/445
f 1/1/1 445/445/445 448/448/448
f 29/29/29 461/461/461 449/449/449
f 29/29/29 449/449/449 30/30/30
f 5/5/5 4/4/4 474/474/474
f 5/5/5 474/474/474 444/444/444
f 19/19/19 455/455/455 471/471/471
f 19/19/19 471/471/471 20/20/20
f 7/7/7 5/5/5 444/444/444
f 7/7/7 444/444/444 447/447/447
f 20/20/20 471/471/471 472/472/472
f 20/20/20 472/472/472 21/21/21
f 21/21/21 472/472/472 473/473/473
f 21/21/21 473/473/473 22/22/22
f 36/36/36 465/465/465 480/480/480
f 36/36/36 480/480/480 13/13/13
f 22/22/22 473/473/473 479/479/479
f 22/22/22 479/479/479 23/23/23
f 8/8/8 477/477/477 454/454/454
f 8/8/8 454/454/454 9/9/9
f 37/37/37 478/478/478 455/455/455
f 37/37/37 455/455/455 19/19/19
f 23/23/23 479/479/479 457/457/457
f 23/23/23 457/457/457 39/39/39
f 9/9/9 454/454/454 475/475/475
f 9/9/9 475/475/475 10/10/10
f 38/38/38 456/456/456 458/458/458
f 38/38/38 458/458/458 24/24/24
f 24/24/24 458/458/458 459/459/459
f 24/24/24 459/459/459 25/25/25
f 10/10/10 475/475/475 460/460/460
f 10/10/10 460/460/460 11/11/11
f 40/40/40 476/476/476 461/461/461
f 40/40/40 461/461/461 29/29/29
f 25/25/25 459/459/459 462/462/462
f 25/25/25 462/462/462 26/26/26
f 11/11/11 460/460/460 463/463/463
f 11/11/11 463/463/463 12/12/12
f 26/26/26 462/462/462 464/464/464
f 26/26/26 464/464/464 27/27/27
f 12/12/12 463/463/463 465/465/465
f 12/12/12 465/465/465 36/36/36
f 27/27/27 464/464/464 483/483/483
f 27/27/27 483/483/483 28/28/28
f 13/13/13 480/480/480 466/466/466
f 13/13/13 466/466/466 14/14/14
f 28/28/28 483/483/483 476/476/476
f 28/28/28 476/476/476 40/40/40
f 579/579/579 571/571/571 477/477/477
f 579/579/579 477/477/477 446/446/446
f 14/14/14 466/466/466 467/467/467
f 14/14/14 467/467/467 15/15/15
f 32/32/32 31/31/31 450/450/450
f 32/32/32 450/450/450 452/452/452
f 16/16/16 468/468/468 469/469/469
f 16/16/16 469/469/469 17/17/17
f 33/33/33 32/32/32 452/452/452
f 33/33/33 452/452/452 453/453/453
f 17/17/17 469/469/469 470/470/470
f 17/17/17 470/470/470 18/18/18
f 379/379/379 377/377/377 521/521/521
f 379/379/379 521/521/521 504/504/504
f 79/79/79 78/78/78 486/486/486
f 79/79/79 486/486/486 491/491/491
f 78/78/78 77/77/77 500/500/500
f 78/78/78 500/500/500 486/486/486
f 306/306/306 490/490/490 511/511/511
f 306/306/306 511/511/511 356/356/356
f 289/289/289 293/293/293 485/485/485
f 289/289/289 485/485/485 519/519/519
f 287/287/287 295/295/295 488/488/488
f 287/287/287 488/488/488 520/520/520
f 322/322/322 501/501/501 505/505/505
f 322/322/322 505/505/505 326/326/326
f 286/286/286 523/523/523 525/525/525
f 286/286/286 525/525/525 283/283/283
f 282/282/282 524/524/524 526/526/526
f 282/282/282 526/526/526 280/280/280
f 277/277/277 527/527/527 528/528/528
f 277/277/277 528/528/528 275/275/275
f 308/308/308 303/303/303 514/514/514
f 308/308/308 514/514/514 512/512/512
f 295/295/295 291/291/291 518/518/518
f 295/295/295 518/518/518 488/488/488
f 335/335/335 320/320/320 506/506/506
f 335/335/335 506/506/506 495/495/495
f 335/335/335 495/495/495 489/489/489
f 335/335/335 489/489/489 345/345/345
f 280/280/280 526/526/526 527/527/527
f 280/280/280 527/527/527 277/277/277
f 328/328/328 503/503/503 497/497/497
f 328/328/328 497/497/497 333/333/333
f 333/333/333 497/497/497 499/499/499
f 333/333/333 499/499/499 330/330/330
f 330/330/330 499/499/499 494/494/494
f 330/330/330 494/494/494 337/337/337
f 337/337/337 494/494/494 492/492/492
f 337/337/337 492/492/492 339/339/339
f 291/291/291 305/305/305 513/513/513
f 291/291/291 513/513/513 518/518/518
f 303/303/303 318/318/318 508/508/508
f 303/303/303 508/508/508 514/514/514
f 305/305/305 299/299/299 515/515/515
f 305/305/305 515/515/515 513/513/513
f 287/287/287 520/520/520 506/506/506
f 287/287/287 506/506/506 320/320/320
f 293/293/293 297/297/297 517/517/517
f 293/293/293 517/517/517 485/485/485
f 317/317/317 289/289/289 519/519/519
f 317/317/317 519/519/519 507/507/507
f 310/310/310 308/308/308 512/512/512
f 310/310/310 512/512/512 511/511/511
f 314/314/314 312/312/312 510/510/510
f 314/314/314 510/510/510 509/509/509
f 300/300/300 314/314/314 509/509/509
f 300/300/300 509/509/509 516/516/516
f 312/312/312 343/343/343 490/490/490
f 312/312/312 490/490/490 510/510/510
f 297/297/297 324/324/324 484/484/484
f 297/297/297 484/484/484 517/517/517
f 275/275/275 528/528/528 484/484/484
f 275/275/275 484/484/484 324/324/324
f 345/345/345 489/489/489 502/502/502
f 345/345/345 502/502/502 327/327/327
f 558/558/558 437/437/437 403/403/403
f 558/558/558 403/403/403 565/565/565
f 536/536/536 413/413/413 438/438/438
f 536/536/536 438/438/438 559/559/559
f 381/381/381 536/536/536 559/559/559
f 381/381/381 559/559/559 396/396/396
f 395/395/395 558/558/558 565/565/565
f 395/395/395 565/565/565 399/399/399
f 394/394/394 538/538/538 558/558/558
f 394/394/394 558/558/558 395/395/395
f 393/393/393 557/557/557 538/538/538
f 393/393/393 538/538/538 394/394/394
f 391/391/391 555/555/555 556/556/556
f 391/391/391 556/556/556 392/392/392
f 401/401/401 567/567/567 555/555/555
f 401/401/401 555/555/555 391/391/391
f 389/389/389 553/553/553 568/568/568
f 389/389/389 568/568/568 363/363/363
f 388/388/388 552/552/552 554/554/554
f 388/388/388 554/554/554 390/390/390
f 387/387/387 551/551/551 553/553/553
f 387/387/387 553/553/553 389/389/389
f 386/386/386 550/550/550 552/552/552
f 386/386/386 552/552/552 388/388/388
f 385/385/385 537/537/537 551/551/551
f 385/385/385 551/551/551 387/387/387
f 273/273/273 529/529/529 550/550/550
f 273/273/273 550/550/550 386/386/386
f 384/384/384 549/549/549 537/537/537
f 384/384/384 537/537/537 385/385/385
f 382/382/382 547/547/547 549/549/549
f 382/382/382 549/549/549 384/384/384
f 400/400/400 566/566/566 548/548/548
f 400/400/400 548/548/548 383/383/383
f 399/399/399 565/565/565 536/536/536
f 399/399/399 536/536/536 381/381/381
f 398/398/398 540/540/540 566/566/566
f 398/398/398 566/566/566 400/400/400
f 390/390/390 554/554/554 567/567/567
f 390/390/390 567/567/567 401/401/401
f 397/397/397 539/539/539 540/540/540
f 397/397/397 540/540/540 398/398/398
f 396/396/396 559/559/559 539/539/539
f 396/396/396 539/539/539 397/397/397
f 306/306/306 356/356/356 546/546/546
f 306/306/306 546/546/546 544/544/544
f 306/306/306 544/544/544 534/534/534
f 306/306/306 534/534/534 351/351/351
f 273/273/273 352/352/352 543/543/543
f 273/273/273 543/543/543 529/529/529
f 415/415/415 443/443/443 564/564/564
f 415/415/415 564/564/564 568/568/568
f 423/423/423 421/421/421 543/543/543
f 423/423/423 543/543/543 545/545/545
f 420/420/420 542/542/542 564/564/564
f 420/420/420 564/564/564 443/443/443
f 419/419/419 541/541/541 542/542/542
f 419/419/419 542/542/542 420/420/420
f 441/441/441 562/562/562 541/541/541
f 441/441/441 541/541/541 419/419/419
f 440/440/440 561/561/561 563/563/563
f 440/440/440 563/563/563 442/442/442
f 439/439/439 560/560/560 561/561/561
f 439/439/439 561/561/561 440/440/440
f 424/424/424 546/546/546 560/560/560
f 424/424/424 560/560/560 439/439/439
f 406/406/406 412/412/412 535/535/535
f 406/406/406 535/535/535 530/530/530
f 408/408/408 406/406/406 530/530/530
f 408/408/408 530/530/530 531/531/531
f 412/412/412 423/423/423 545/545/545
f 412/412/412 545/545/545 535/535/535
f 410/410/410 409/409/409 532/532/532
f 410/410/410 532/532/532 533/533/533
f 411/411/411 410/410/410 533/533/533
f 411/411/411 533/533/533 534/534/534
f 368/368/368 378/378/378 571/571/571
f 368/368/368 571/571/571 579/579/579
f 470/470/470 604/604/604 572/572/572
f 470/470/470 572/572/572 478/478/478
f 482/482/482 453/453/453 587/587/587
f 482/482/482 587/587/587 575/575/575
f 474/474/474 481/481/481 609/609/609
f 474/474/474 609/609/609 569/569/569
f 481/481/481 451/451/451 584/584/584
f 481/481/481 584/584/584 609/609/609
f 451/451/451 448/448/448 581/581/581
f 451/451/451 581/581/581 584/584/584
f 445/445/445 482/482/482 575/575/575
f 445/445/445 575/575/575 578/578/578
f 448/448/448 445/445/445 578/578/578
f 448/448/448 578/578/578 581/581/581
f 461/461/461 595/595/595 582/582/582
f 461/461/461 582/582/582 449/449/449
f 444/444/444 474/474/474 569/569/569
f 444/444/444 569/569/569 577/577/577
f 455/455/455 589/589/589 605/605/605
f 455/455/455 605/605/605 471/471/471
f 447/447/447 444/444/444 577/577/577
f 447/447/447 577/577/577 580/580/580
f 471/471/471 605/605/605 606/606/606
f 471/471/471 606/606/606 472/472/472
f 472/472/472 606/606/606 607/607/607
f 472/472/472 607/607/607 473/473/473
f 465/465/465 599/599/599 574/574/574
f 465/465/465 574/574/574 480/480/480
f 473/473/473 607/607/607 573/573/573
f 473/473/473 573/573/573 479/479/479
f 477/477/477 571/571/571 588/588/588
f 477/477/477 588/588/588 454/454/454
f 478/478/478 572/572/572 589/589/589
f 478/478/478 589/589/589 455/455/455
f 479/479/479 573/573/573 591/591/591
f 479/479/479 591/591/591 457/457/457
f 454/454/454 588/588/588 608/608/608
f 454/454/454 608/608/608 475/475/475
f 456/456/456 590/590/590 592/592/592
f 456/456/456 592/592/592 458/458/458
f 458/458/458 592/592/592 593/593/593
f 458/458/458 593/593/593 459/459/459
f 475/475/475 608/608/608 594/594/594
f 475/475/475 594/594/594 460/460/460
f 476/476/476 570/570/570 595/595/595
f 476/476/476 595/595/595 461/461/461
f 459/459/459 593/593/593 596/596/596
f 459/459/459 596/596/596 462/462/462
f 460/460/460 594/594/594 597/597/597
f 460/460/460 597/597/597 463/463/463
f 462/462/462 596/596/596 598/598/598
f 462/462/462 598/598/598 464/464/464
f 463/463/463 597/597/597 599/599/599
f 463/463/463 599/599/599 465/465/465
f 464/464/464 598/598/598 610/610/610
f 464/464/464 610/610/610 483/483/483
f 480/480/480 574/574/574 600/600/600
f 480/480/480 600/600/600 466/466/466
f 483/483/483 610/610/610 570/570/570
f 483/483/483 570/570/570 476/476/476
f 466/466/466 600/600/600 601/601/601
f 466/466/466 601/601/601 467/467/467
f 452/452/452 450/450/450 583/583/583
f 452/452/452 583/583/583 586/586/586
f 468/468/468 602/602/602 603/603/603
f 468/468/468 603/603/603 469/469/469
f 453/453/453 452/452/452 586/586/586
f 453/453/453 586/586/586 587/587/587
f 469/469/469 603/603/603 604/604/604
f 469/469/469 604/604/604 470/470/470
f 650/650/650 652/652/652 718/718/718
f 651/651/651 719/719/719 717/717/717
f 626/626/626 628/628/628 694/694/694
f 626/626/626 694/694/694 692/692/692
f 674/674/674 643/643/643 709/709/709
f 674/674/674 709/709/709 740/740/740
f 652/652/652 675/675/675 741/741/741
f 652/652/652 741/741/741 718/718/718
f 627/627/627 629/629/629 695/695/695
f 627/627/627 695/695/695 693/693/693
f 675/675/675 653/653/653 720/720/720
f 675/675/675 720/720/720 741/741/741
f 653/653/653 654/654/654 721/721/721
f 653/653/653 721/721/721 720/720/720
f 629/629/629 630/630/630 696/696/696
f 629/629/629 696/696/696 695/695/695
f 676/676/676 659/659/659 726/726/726
f 676/676/676 726/726/726 742/742/742
f 655/655/655 656/656/656 723/723/723
f 655/655/655 723/723/723 722/722/722
f 630/630/630 631/631/631 697/697/697
f 630/630/630 697/697/697 696/696/696
f 656/656/656 657/657/657 724/724/724
f 656/656/656 724/724/724 723/723/723
f 631/631/631 672/672/672 737/737/737
f 631/631/631 737/737/737 697/697/697
f 657/657/657 658/658/658 725/725/725
f 657/657/657 725/725/725 724/724/724
f 632/632/632 634/634/634 700/700/700
f 632/632/632 700/700/700 698/698/698
f 658/658/658 676/676/676 742/742/742
f 658/658/658 742/742/742 725/725/725
f 634/634/634 635/635/635 702/702/702
f 633/633/633 701/701/701 699/699/699
f 659/659/659 662/662/662 727/727/727
f 659/659/659 727/727/727 726/726/726
f 635/635/635 638/638/638 704/704/704
f 636/636/636 705/705/705 703/703/703
f 613/613/613 614/614/614 679/679/679
f 611/611/611 680/680/680 678/678/678
f 660/660/660 663/663/663 729/729/729
f 661/661/661 731/731/731 728/728/728
f 639/639/639 642/642/642 708/708/708
f 637/637/637 707/707/707 706/706/706
f 615/615/615 617/617/617 682/682/682
f 616/616/616 683/683/683 681/681/681
f 664/664/664 665/665/665 732/732/732
f 664/664/664 732/732/732 730/730/730
f 641/641/641 673/673/673 739/739/739
f 640/640/640 738/738/738 707/707/707
f 617/617/617 618/618/618 684/684/684
f 617/617/617 684/684/684 682/682/682
f 666/666/666 668/668/668 734/734/734
f 665/665/665 733/733/733 732/732/732
f 644/644/644 646/646/646 711/711/711
f 644/644/644 711/711/711 710/710/710
f 620/620/620 622/622/622 688/688/688
f 619/619/619 687/687/687 685/685/685
f 667/667/667 669/669/669 735/735/735
f 667/667/667 735/735/735 733/733/733
f 645/645/645 649/649/649 714/714/714
f 647/647/647 715/715/715 712/712/712
f 623/623/623 625/625/625 691/691/691
f 621/621/621 689/689/689 686/686/686
f 671/671/671 612/612/612 677/677/677
f 670/670/670 678/678/678 736/736/736
f 648/648/648 650/650/650 716/716/716
f 648/648/648 716/716/716 713/713/713
f 624/624/624 626/626/626 692/692/692
f 624/624/624 692/692/692 690/690/690
f 672/672/672 632/632/632 698/698/698
f 672/672/672 698/698/698 737/737/737
f 74/74/74 75/75/75 41/41/41
f 75/75/75 76/76/76 41/41/41
f 76/76/76 45/45/45 41/41/41
f 45/45/45 46/46/46 41/41/41
f 46/46/46 47/47/47 41/41/41
f 47/47/47 48/48/48 41/41/41
f 48/48/48 49/49/49 41/41/41
f 49/49/49 50/50/50 41/41/41
f 41/41/41 51/51/51 52/52/52
f 53/53/53 41/41/41 52/52/52
f 53/53/53 54/54/54 42/42/42
f 54/54/54 55/55/55 42/42/42
f 42/42/42 56/56/56 57/57/57
f 53/53/53 42/42/42 41/41/41
f 57/57/57 58/58/58 42/42/42
f 58/58/58 59/59/59 60/60/60
f 60/60/60 43/43/43 61/61/61
f 61/61/61 62/62/62 60/60/60
f 62/62/62 63/63/63 65/65/65
f 60/60/60 62/62/62 65/65/65
f 63/63/63 64/64/64 65/65/65
f 65/65/65 44/44/44 66/66/66
f 66/66/66 67/67/67 65/65/65
f 67/67/67 68/68/68 65/65/65
f 68/68/68 69/69/69 65/65/65
f 69/69/69 70/70/70 65/65/65
f 70/70/70 71/71/71 65/65/65
f 71/71/71 72/72/72 65/65/65
f 72/72/72 73/73/73 41/41/41
f 73/73/73 74/74/74 41/41/41
f 41/41/41 42/42/42 65/65/65
f 58/58/58 60/60/60 42/42/42
f 60/60/60 65/65/65 42/42/42
f 31/31/31 32/32/32 748/748/748
f 31/31/31 748/748/748 782/782/782
f 1/1/1 2/2/2 746/746/746
f 1/1/1 746/746/746 759/759/759
f 16/16/16 17/17/17 744/744/744
f 16/16/16 744/744/744 780/780/780
f 29/29/29 30/30/30 781/781/781
f 29/29/29 781/781/781 772/772/772
f 14/14/14 15/15/15 779/779/779
f 14/14/14 779/779/779 778/778/778
f 28/28/28 40/40/40 773/773/773
f 28/28/28 773/773/773 777/777/777
f 13/13/13 14/14/14 778/778/778
f 13/13/13 778/778/778 762/762/762
f 27/27/27 28/28/28 777/777/777
f 27/27/27 777/777/777 776/776/776
f 12/12/12 36/36/36 763/763/763
f 12/12/12 763/763/763 775/775/775
f 26/26/26 27/27/27 776/776/776
f 26/26/26 776/776/776 774/774/774
f 11/11/11 12/12/12 775/775/775
f 11/11/11 775/775/775 771/771/771
f 25/25/25 26/26/26 774/774/774
f 25/25/25 774/774/774 770/770/770
f 40/40/40 29/29/29 772/772/772
f 40/40/40 772/772/772 773/773/773
f 10/10/10 11/11/11 771/771/771
f 10/10/10 771/771/771 768/768/768
f 24/24/24 25/25/25 770/770/770
f 24/24/24 770/770/770 769/769/769
f 38/38/38 24/24/24 769/769/769
f 38/38/38 769/769/769 766/766/766
f 9/9/9 10/10/10 768/768/768
f 9/9/9 768/768/768 765/765/765
f 23/23/23 39/39/39 767/767/767
f 23/23/23 767/767/767 764/764/764
f 37/37/37 19/19/19 753/753/753
f 37/37/37 753/753/753 749/749/749
f 8/8/8 9/9/9 765/765/765
f 8/8/8 765/765/765 761/761/761
f 22/22/22 23/23/23 764/764/764
f 22/22/22 764/764/764 760/760/760
f 36/36/36 13/13/13 762/762/762
f 36/36/36 762/762/762 763/763/763
f 6/6/6 8/8/8 761/761/761
f 6/6/6 761/761/761 757/757/757
f 21/21/21 22/22/22 760/760/760
f 21/21/21 760/760/760 756/756/756
f 35/35/35 1/1/1 759/759/759
f 35/35/35 759/759/759 755/755/755
f 5/5/5 7/7/7 758/758/758
f 5/5/5 758/758/758 754/754/754
f 20/20/20 21/21/21 756/756/756
f 20/20/20 756/756/756 752/752/752
f 34/34/34 35/35/35 755/755/755
f 34/34/34 755/755/755 751/751/751
f 4/4/4 5/5/5 754/754/754
f 4/4/4 754/754/754 750/750/750
f 19/19/19 20/20/20 752/752/752
f 19/19/19 752/752/752 753/753/753
f 33/33/33 34/34/34 751/751/751
f 33/33/33 751/751/751 747/747/747
f 3/3/3 4/4/4 750/750/750
f 3/3/3 750/750/750 745/745/745
f 18/18/18 37/37/37 749/749/749
f 18/18/18 749/749/749 743/743/743
f 32/32/32 33/33/33 747/747/747
f 32/32/32 747/747/747 748/748/748
f 2/2/2 3/3/3 745/745/745
f 2/2/2 745/745/745 746/746/746
f 17/17/17 18/18/18 743/743/743
f 17/17/17 743/743/743 744/744/744
f 799/799/799 800/800/800 867/867/867
f 799/799/799 867/867/867 864/864/864
f 847/847/847 850/850/850 957/957/957
f 847/847/847 957/957/957 954/954/954
f 785/785/785 786/786/786 830/830/830
f 785/785/785 830/830/830 828/828/828
f 815/815/815 816/816/816 911/911/911
f 815/815/815 911/911/911 908/908/908
f 800/800/800 820/820/820 922/922/922
f 800/800/800 922/922/922 867/867/867
f 786/786/786 787/787/787 834/834/834
f 786/786/786 834/834/834 830/830/830
f 816/816/816 817/817/817 914/914/914
f 816/816/816 914/914/914 911/911/911
f 801/801/801 803/803/803 876/876/876
f 801/801/801 876/876/876 871/871/871
f 787/787/787 788/788/788 838/838/838
f 787/787/787 838/838/838 834/834/834
f 817/817/817 818/818/818 917/917/917
f 817/817/817 917/917/917 914/914/914
f 803/803/803 804/804/804 880/880/880
f 803/803/803 880/880/880 876/876/876
f 788/788/788 789/789/789 840/840/840
f 788/788/788 840/840/840 838/838/838
f 818/818/818 784/784/784 825/825/825
f 818/818/818 825/825/825 917/917/917
f 804/804/804 805/805/805 884/884/884
f 804/804/804 884/884/884 880/880/880
f 789/789/789 790/790/790 842/842/842
f 789/789/789 842/842/842 840/840/840
f 819/819/819 796/796/796 853/853/853
f 819/819/819 853/853/853 919/919/919
f 805/805/805 806/806/806 888/888/888
f 805/805/805 888/888/888 884/884/884
f 790/790/790 791/791/791 844/844/844
f 790/790/790 844/844/844 842/842/842
f 820/820/820 802/802/802 872/872/872
f 820/820/820 872/872/872 922/922/922
f 806/806/806 821/821/821 925/925/925
f 806/806/806 925/925/925 888/888/888
f 791/791/791 792/792/792 846/846/846
f 791/791/791 846/846/846 844/844/844
f 821/821/821 807/807/807 890/890/890
f 821/821/821 890/890/890 925/925/925
f 807/807/807 808/808/808 892/892/892
f 807/807/807 892/892/892 890/890/890
f 792/792/792 793/793/793 848/848/848
f 792/792/792 848/848/848 846/846/846
f 822/822/822 813/813/813 901/901/901
f 822/822/822 901/901/901 927/927/927
f 808/808/808 809/809/809 894/894/894
f 808/808/808 894/894/894 892/892/892
f 794/794/794 795/795/795 851/851/851
f 794/794/794 851/851/851 849/849/849
f 809/809/809 811/811/811 897/897/897
f 809/809/809 897/897/897 894/894/894
f 795/795/795 819/819/819 919/919/919
f 795/795/795 919/919/919 851/851/851
f 810/810/810 812/812/812 899/899/899
f 810/810/810 899/899/899 896/896/896
f 796/796/796 797/797/797 857/857/857
f 796/796/796 857/857/857 853/853/853
f 812/812/812 822/822/822 927/927/927
f 812/812/812 927/927/927 899/899/899
f 797/797/797 798/798/798 860/860/860
f 797/797/797 860/860/860 857/857/857
f 813/813/813 814/814/814 904/904/904
f 813/813/813 904/904/904 901/901/901
f 798/798/798 799/799/799 864/864/864
f 798/798/798 864/864/864 860/860/860
f 783/783/783 785/785/785 828/828/828
f 783/783/783 828/828/828 824/824/824
f 814/814/814 815/815/815 908/908/908
f 814/814/814 908/908/908 904/904/904
f 944/944/944 947/947/947 1040/1040/1040
f 944/944/944 1040/1040/1040 1039/1039/1039
f 893/893/893 895/895/895 1001/1001/1001
f 893/893/893 1001/1001/1001 999/999/999
f 850/850/850 918/918/918 1024/1024/1024
f 850/850/850 1024/1024/1024 957/957/957
f 895/895/895 898/898/898 1004/1004/1004
f 895/895/895 1004/1004/1004 1001/1001/1001
f 852/852/852 854/854/854 961/961/961
f 852/852/852 961/961/961 959/959/959
f 898/898/898 926/926/926 1032/1032/1032
f 898/898/898 1032/1032/1032 1004/1004/1004
f 855/855/855 859/859/859 965/965/965
f 856/856/856 964/964/964 962/962/962
f 900/900/900 902/902/902 1008/1008/1008
f 900/900/900 1008/1008/1008 1006/1006/1006
f 858/858/858 863/863/863 967/967/967
f 859/859/859 968/968/968 965/965/965
f 823/823/823 827/827/827 933/933/933
f 823/823/823 933/933/933 928/928/928
f 903/903/903 907/907/907 1011/1011/1011
f 902/902/902 1010/1010/1010 1008/1008/1008
f 861/861/861 865/865/865 972/972/972
f 862/862/862 971/971/971 969/969/969
f 827/827/827 829/829/829 936/936/936
f 826/826/826 935/935/935 932/932/932
f 906/906/906 910/910/910 1014/1014/1014
f 905/905/905 1015/1015/1015 1010/1010/1010
f 865/865/865 921/921/921 1026/1026/1026
f 866/866/866 1027/1027/1027 973/973/973
f 829/829/829 833/833/833 939/939/939
f 829/829/829 939/939/939 936/936/936
f 909/909/909 912/912/912 1018/1018/1018
f 909/909/909 1018/1018/1018 1013/1013/1013
f 868/868/868 873/873/873 980/980/980
f 869/869/869 981/981/981 975/975/975
f 831/831/831 836/836/836 941/941/941
f 832/832/832 943/943/943 938/938/938
f 912/912/912 915/915/915 1021/1021/1021
f 913/913/913 1020/1020/1020 1017/1017/1017
f 875/875/875 879/879/879 985/985/985
f 874/874/874 984/984/984 981/981/981
f 835/835/835 839/839/839 945/945/945
f 837/837/837 946/946/946 942/942/942
f 915/915/915 823/823/823 928/928/928
f 916/916/916 929/929/929 1022/1022/1022
f 878/878/878 882/882/882 988/988/988
f 877/877/877 987/987/987 983/983/983
f 839/839/839 841/841/841 948/948/948
f 839/839/839 948/948/948 945/945/945
f 918/918/918 852/852/852 959/959/959
f 918/918/918 959/959/959 1024/1024/1024
f 883/883/883 887/887/887 993/993/993
f 881/881/881 992/992/992 989/989/989
f 841/841/841 843/843/843 950/950/950
f 841/841/841 950/950/950 948/948/948
f 920/920/920 870/870/870 977/977/977
f 921/921/921 976/976/976 1026/1026/1026
f 885/885/885 923/923/923 1029/1029/1029
f 886/886/886 1030/1030/1030 991/991/991
f 843/843/843 845/845/845 952/952/952
f 843/843/843 952/952/952 950/950/950
f 924/924/924 889/889/889 995/995/995
f 924/924/924 995/995/995 1030/1030/1030
f 889/889/889 891/891/891 997/997/997
f 889/889/889 997/997/997 995/995/995
f 845/845/845 847/847/847 954/954/954
f 845/845/845 954/954/954 952/952/952
f 926/926/926 900/900/900 1006/1006/1006
f 926/926/926 1006/1006/1006 1032/1032/1032
f 891/891/891 893/893/893 999/999/999
f 891/891/891 999/999/999 997/997/997
f 1023/1023/1023 931/931/931 1035/1035/1035
f 1023/1023/1023 1035/1035/1035 1069/1069/1069
f 986/986/986 990/990/990 1056/1056/1056
f 986/986/986 1056/1056/1056 1055/1055/1055
f 947/947/947 949/949/949 1041/1041/1041
f 947/947/947 1041/1041/1041 1040/1040/1040
f 1025/1025/1025 960/960/960 1047/1047/1047
f 1025/1025/1025 1047/1047/1047 1070/1070/1070
f 990/990/990 994/994/994 1057/1057/1057
f 990/990/990 1057/1057/1057 1056/1056/1056
f 949/949/949 951/951/951 1042/1042/1042
f 949/949/949 1042/1042/1042 1041/1041/1041
f 1028/1028/1028 978/978/978 1052/1052/1052
f 1028/1028/1028 1052/1052/1052 1071/1071/1071
f 994/994/994 1031/1031/1031 1072/1072/1072
f 994/994/994 1072/1072/1072 1057/1057/1057
f 951/951/951 953/953/953 1043/1043/1043
f 951/951/951 1043/1043/1043 1042/1042/1042
f 1031/1031/1031 996/996/996 1058/1058/1058
f 1031/1031/1031 1058/1058/1058 1072/1072/1072
f 996/996/996 998/998/998 1059/1059/1059
f 996/996/996 1059/1059/1059 1058/1058/1058
f 953/953/953 955/955/955 1044/1044/1044
f 953/953/953 1044/1044/1044 1043/1043/1043
f 1033/1033/1033 1007/1007/1007 1064/1064/1064
f 1033/1033/1033 1064/1064/1064 1073/1073/1073
f 998/998/998 1000/1000/1000 1060/1060/1060
f 998/998/998 1060/1060/1060 1059/1059/1059
f 956/956/956 958/958/958 1046/1046/1046
f 956/956/956 1046/1046/1046 1045/1045/1045
f 1000/1000/1000 1003/1003/1003 1062/1062/1062
f 1000/1000/1000 1062/1062/1062 1060/1060/1060
f 958/958/958 1025/1025/1025 1070/1070/1070
f 958/958/958 1070/1070/1070 1046/1046/1046
f 1002/1002/1002 1005/1005/1005 1063/1063/1063
f 1002/1002/1002 1063/1063/1063 1061/1061/1061
f 960/960/960 963/963/963 1048/1048/1048
f 960/960/960 1048/1048/1048 1047/1047/1047
f 1005/1005/1005 1033/1033/1033 1073/1073/1073
f 1005/1005/1005 1073/1073/1073 1063/1063/1063
f 963/963/963 966/966/966 1049/1049/1049
f 963/963/963 1049/1049/1049 1048/1048/1048
f 1007/1007/1007 1009/1009/1009 1065/1065/1065
f 1007/1007/1007 1065/1065/1065 1064/1064/1064
f 966/966/966 970/970/970 1050/1050/1050
f 966/966/966 1050/1050/1050 1049/1049/1049
f 930/930/930 934/934/934 1036/1036/1036
f 930/930/930 1036/1036/1036 1034/1034/1034
f 1009/1009/1009 1012/1012/1012 1066/1066/1066
f 1009/1009/1009 1066/1066/1066 1065/1065/1065
f 970/970/970 974/974/974 1051/1051/1051
f 970/970/970 1051/1051/1051 1050/1050/1050
f 934/934/934 937/937/937 1037/1037/1037
f 934/934/934 1037/1037/1037 1036/1036/1036
f 1012/1012/1012 1016/1016/1016 1067/1067/1067
f 1012/1012/1012 1067/1067/1067 1066/1066/1066
f 974/974/974 1028/1028/1028 1071/1071/1071
f 974/974/974 1071/1071/1071 1051/1051/1051
f 937/937/937 940/940/940 1038/1038/1038
f 937/937/937 1038/1038/1038 1037/1037/1037
f 1016/1016/1016 1019/1019/1019 1068/1068/1068
f 1016/1016/1016 1068/1068/1068 1067/1067/1067
f 979/979/979 982/982/982 1054/1054/1054
f 979/979/979 1054/1054/1054 1053/1053/1053
f 940/940/940 944/944/944 1039/1039/1039
f 940/940/940 1039/1039/1039 1038/1038/1038
f 1019/1019/1019 1023/1023/1023 1069/1069/1069
f 1019/1019/1019 1069/1069/1069 1068/1068/1068
f 982/982/982 986/986/986 1055/1055/1055
f 982/982/982 1055/1055/1055 1054/1054/1054
f 1074/1074/1074 1075/1075/1075 1111/1111/1111
f 1074/1074/1074 1111/1111/1111 1110/1110/1110
f 1084/1084/1084 1085/1085/1085 1121/1121/1121
f 1084/1084/1084 1121/1121/1121 1120/1120/1120
f 1090/1090/1090 1091/1091/1091 1127/1127/1127
f 1090/1090/1090 1127/1127/1127 1126/1126/1126
f 1096/1096/1096 1097/1097/1097 1133/1133/1133
f 1096/1096/1096 1133/1133/1133 1132/1132/1132
f 1087/1087/1087 1088/1088/1088 1124/1124/1124
f 1087/1087/1087 1124/1124/1124 1123/1123/1123
f 1105/1105/1105 1074/1074/1074 1110/1110/1110
f 1105/1105/1105 1110/1110/1110 1141/1141/1141
f 1100/1100/1100 1102/1102/1102 1138/1138/1138
f 1100/1100/1100 1138/1138/1138 1136/1136/1136
f 1088/1088/1088 1089/1089/1089 1125/1125/1125
f 1088/1088/1088 1125/1125/1125 1124/1124/1124
f 1075/1075/1075 1076/1076/1076 1112/1112/1112
f 1075/1075/1075 1112/1112/1112 1111/1111/1111
f 1102/1102/1102 1103/1103/1103 1139/1139/1139
f 1102/1102/1102 1139/1139/1139 1138/1138/1138
f 1089/1089/1089 1107/1107/1107 1143/1143/1143
f 1089/1089/1089 1143/1143/1143 1125/1125/1125
f 1076/1076/1076 1077/1077/1077 1113/1113/1113
f 1076/1076/1076 1113/1113/1113 1112/1112/1112
f 1103/1103/1103 1104/1104/1104 1140/1140/1140
f 1103/1103/1103 1140/1140/1140 1139/1139/1139
f 1107/1107/1107 1090/1090/1090 1126/1126/1126
f 1107/1107/1107 1126/1126/1126 1143/1143/1143
f 1078/1078/1078 1079/1079/1079 1115/1115/1115
f 1078/1078/1078 1115/1115/1115 1114/1114/1114
f 1104/1104/1104 1105/1105/1105 1141/1141/1141
f 1104/1104/1104 1141/1141/1141 1140/1140/1140
f 1091/1091/1091 1092/1092/1092 1128/1128/1128
f 1091/1091/1091 1128/1128/1128 1127/1127/1127
f 1079/1079/1079 1080/1080/1080 1116/1116/1116
f 1079/1079/1079 1116/1116/1116 1115/1115/1115
f 1092/1092/1092 1093/1093/1093 1129/1129/1129
f 1092/1092/1092 1129/1129/1129 1128/1128/1128
f 1101/1101/1101 1137/1137/1137 1145/1145/1145
f 1101/1101/1101 1145/1145/1145 1109/1109/1109
f 1094/1094/1094 1095/1095/1095 1131/1131/1131
f 1094/1094/1094 1131/1131/1131 1130/1130/1130
f 1095/1095/1095 1108/1108/1108 1144/1144/1144
f 1095/1095/1095 1144/1144/1144 1131/1131/1131
f 1081/1081/1081 1082/1082/1082 1118/1118/1118
f 1081/1081/1081 1118/1118/1118 1117/1117/1117
f 1108/1108/1108 1096/1096/1096 1132/1132/1132
f 1108/1108/1108 1132/1132/1132 1144/1144/1144
f 1082/1082/1082 1083/1083/1083 1119/1119/1119
f 1082/1082/1082 1119/1119/1119 1118/1118/1118
f 1097/1097/1097 1098/1098/1098 1134/1134/1134
f 1097/1097/1097 1134/1134/1134 1133/1133/1133
f 1098/1098/1098 1099/1099/1099 1135/1135/1135
f 1098/1098/1098 1135/1135/1135 1134/1134/1134
f 1106/1106/1106 1084/1084/1084 1120/1120/1120
f 1106/1106/1106 1120/1120/1120 1142/1142/1142
f 1099/1099/1099 1109/1109/1109 1145/1145/1145
f 1099/1099/1099 1145/1145/1145 1135/1135/1135
f 1086/1086/1086 1087/1087/1087 1123/1123/1123
f 1086/1086/1086 1123/1123/1123 1122/1122/1122
f 1080/1080/1080 1081/1081/1081 1117/1117/1117
f 1080/1080/1080 1117/1117/1117 1116/1116/1116
f 1083/1083/1083 1106/1106/1106 1142/1142/1142
f 1083/1083/1083 1142/1142/1142 1119/1119/1119
f 1187/1187/1187 1186/1186/1186 1163/1163/1163
f 1187/1187/1187 1163/1163/1163 1162/1162/1162
f 1189/1189/1189 1188/1188/1188 1149/1149/1149
f 1189/1189/1189 1149/1149/1149 1148/1148/1148
f 1191/1191/1191 1190/1190/1190 1179/1179/1179
f 1191/1191/1191 1179/1179/1179 1178/1178/1178
f 1186/1186/1186 1192/1192/1192 1183/1183/1183
f 1186/1186/1186 1183/1183/1183 1163/1163/1163
f 1188/1188/1188 1193/1193/1193 1150/1150/1150
f 1188/1188/1188 1150/1150/1150 1149/1149/1149
f 1190/1190/1190 1194/1194/1194 1180/1180/1180
f 1190/1190/1190 1180/1180/1180 1179/1179/1179
f 1197/1197/1197 1195/1195/1195 1166/1166/1166
f 1197/1197/1197 1166/1166/1166 1165/1165/1165
f 1193/1193/1193 1198/1198/1198 1151/1151/1151
f 1193/1193/1193 1151/1151/1151 1150/1150/1150
f 1194/1194/1194 1199/1199/1199 1181/1181/1181
f 1194/1194/1194 1181/1181/1181 1180/1180/1180
f 1195/1195/1195 1200/1200/1200 1167/1167/1167
f 1195/1195/1195 1167/1167/1167 1166/1166/1166
f 1198/1198/1198 1201/1201/1201 1152/1152/1152
f 1198/1198/1198 1152/1152/1152 1151/1151/1151
f 1199/1199/1199 1202/1202/1202 1146/1146/1146
f 1199/1199/1199 1146/1146/1146 1181/1181/1181
f 1200/1200/1200 1204/1204/1204 1168/1168/1168
f 1200/1200/1200 1168/1168/1168 1167/1167/1167
f 1201/1201/1201 1205/1205/1205 1153/1153/1153
f 1201/1201/1201 1153/1153/1153 1152/1152/1152
f 1207/1207/1207 1206/1206/1206 1159/1159/1159
f 1207/1207/1207 1159/1159/1159 1182/1182/1182
f 1204/1204/1204 1208/1208/1208 1169/1169/1169
f 1204/1204/1204 1169/1169/1169 1168/1168/1168
f 1205/1205/1205 1209/1209/1209 1154/1154/1154
f 1205/1205/1205 1154/1154/1154 1153/1153/1153
f 1192/1192/1192 1196/1196/1196 1164/1164/1164
f 1192/1192/1192 1164/1164/1164 1183/1183/1183
f 1208/1208/1208 1210/1210/1210 1184/1184/1184
f 1208/1208/1208 1184/1184/1184 1169/1169/1169
f 1209/1209/1209 1211/1211/1211 1155/1155/1155
f 1209/1209/1209 1155/1155/1155 1154/1154/1154
f 1210/1210/1210 1212/1212/1212 1170/1170/1170
f 1210/1210/1210 1170/1170/1170 1184/1184/1184
f 1212/1212/1212 1213/1213/1213 1171/1171/1171
f 1212/1212/1212 1171/1171/1171 1170/1170/1170
f 1211/1211/1211 1215/1215/1215 1157/1157/1157
f 1211/1211/1211 1157/1157/1157 1155/1155/1155
f 1217/1217/1217 1216/1216/1216 1176/1176/1176
f 1217/1217/1217 1176/1176/1176 1185/1185/1185
f 1213/1213/1213 1218/1218/1218 1172/1172/1172
f 1213/1213/1213 1172/1172/1172 1171/1171/1171
f 1214/1214/1214 1219/1219/1219 1158/1158/1158
f 1214/1214/1214 1158/1158/1158 1156/1156/1156
f 1218/1218/1218 1221/1221/1221 1174/1174/1174
f 1218/1218/1218 1174/1174/1174 1172/1172/1172
f 1219/1219/1219 1207/1207/1207 1182/1182/1182
f 1219/1219/1219 1182/1182/1182 1158/1158/1158
f 1220/1220/1220 1222/1222/1222 1175/1175/1175
f 1220/1220/1220 1175/1175/1175 1173/1173/1173
f 1206/1206/1206 1223/1223/1223 1160/1160/1160
f 1206/1206/1206 1160/1160/1160 1159/1159/1159
f 1222/1222/1222 1217/1217/1217 1185/1185/1185
f 1222/1222/1222 1185/1185/1185 1175/1175/1175
f 1223/1223/1223 1224/1224/1224 1161/1161/1161
f 1223/1223/1223 1161/1161/1161 1160/1160/1160
f 1216/1216/1216 1225/1225/1225 1177/1177/1177
f 1216/1216/1216 1177/1177/1177 1176/1176/1176
f 1224/1224/1224 1187/1187/1187 1162/1162/1162
f 1224/1224/1224 1162/1162/1162 1161/1161/1161
f 1203/1203/1203 1189/1189/1189 1148/1148/1148
f 1203/1203/1203 1148/1148/1148 1147/1147/1147
f 1225/1225/1225 1191/1191/1191 1178/1178/1178
f 1225/1225/1225 1178/1178/1178 1177/1177/1177

